"Add It Up Math Game",,,,,,,,,,,,,,,"Mathematics",,,,,"http://www.kidsnumbers.com/add_it_up.php",,,,,"Mathematics Game",,,,,,,,,,"1-8",,,,,,,,,,,,,,,
"Math Invaders Game",,,,,,,,,,,,,,,"Mathematics",,,,,"http://www.kidsnumbers.com/math-invaders-gamer.php",,,,,"Mathematics Game",,,,,,,,,,"1-8",,,,,,,,,,,,,,,
"Lake Mathatobie Addition Game",,,,,,,,,,,,,,,"Mathematics",,,,,"http://www.kidsnumbers.com/addition-mathatobie.php",,,,,"Mathematics Game",,,,,,,,,,"1-8",,,,,,,,,,,,,,,
"Sunny Bunny Addition Game ",,,,,,,,,,,,,,,"Mathematics",,,,,"http://www.kidsnumbers.com/sunny-bunny-addition.php",,,,,"Mathematics Game",,,,,,,,,,"1-8",,,,,,,,,,,,,,,
"Turbo Skid Addition Game ",,,,,,,,,,,,,,,"Mathematics",,,,,"http://www.kidsnumbers.com/addition-turbo-skid.php",,,,,"Mathematics Game",,,,,,,,,,"1-8",,,,,,,,,,,,,,,
"Math Frog Addition Game ",,,,,,,,,,,,,,,"Mathematics",,,,,"http://www.kidsnumbers.com/math-frog-addition.php",,,,,"Mathematics Game",,,,,,,,,,"1-8",,,,,,,,,,,,,,,
"Moon Math Addition Game ",,,,,,,,,,,,,,,"Mathematics",,,,,"http://www.kidsnumbers.com/addition-moon-math.php",,,,,"Mathematics Game",,,,,,,,,,"1-8",,,,,,,,,,,,,,,
"Magic Math Matrix ",,,,,,,,,,,,,,,"Mathematics",,,,,"http://www.kidsnumbers.com/math_magic.php",,,,,"Mathematics Game",,,,,,,,,,"1-8",,,,,,,,,,,,,,,
"Addition Flash Cards",,,,,,,,,,,,,,,"Mathematics",,,,,"http://www.kidsnumbers.com/addition_regular.php",,,,,"Mathematics Game",,,,,,,,,,"1-8",,,,,,,,,,,,,,,
"Addition Hidden Number",,,,,,,,,,,,,,,"Mathematics",,,,,"http://www.kidsnumbers.com/addition_missing_number.php",,,,,"Mathematics Game",,,,,,,,,,"1-8",,,,,,,,,,,,,,,
"Timed Addition",,,,,,,,,,,,,,,"Mathematics",,,,,"http://www.kidsnumbers.com/addition_timed.php",,,,,"Mathematics Game",,,,,,,,,,"1-8",,,,,,,,,,,,,,,
"Mathematics Activities",,,,,,,,,,,,,,,"Mathematics",,,,,"http://www.ixl.com/math/pre-k",,,,,"Mathematics Activities",,,,,,,,,,"1-8",,,,,,,,,,,,,,,
"Mathematics Activities",,,,,,,,,,,,,,,"Mathematics",,,,,"http://www.ixl.com/math/kindergarten",,,,,"Mathematics Activities",,,,,,,,,,"1-8",,,,,,,,,,,,,,,
"Mathematics Activities",,,,,,,,,,,,,,,"Mathematics",,,,,"http://www.ixl.com/math/grade-1",,,,,"Mathematics Activities",,,,,,,,,,"1-8",,,,,,,,,,,,,,,
"Mathematics Activities",,,,,,,,,,,,,,,"Mathematics",,,,,"http://www.ixl.com/math/grade-2",,,,,"Mathematics Activities",,,,,,,,,,"1-8",,,,,,,,,,,,,,,
"Mathematics Activities",,,,,,,,,,,,,,,"Mathematics",,,,,"http://www.ixl.com/math/grade-3",,,,,"Mathematics Activities",,,,,,,,,,"1-8",,,,,,,,,,,,,,,
"Mathematics Activities",,,,,,,,,,,,,,,"Mathematics",,,,,"http://www.ixl.com/math/grade-4",,,,,"Mathematics Activities",,,,,,,,,,"1-8",,,,,,,,,,,,,,,
"Mathematics Activities",,,,,,,,,,,,,,,"Mathematics",,,,,"http://www.ixl.com/math/grade-5",,,,,"Mathematics Activities",,,,,,,,,,"1-8",,,,,,,,,,,,,,,
"Mathematics Activities",,,,,,,,,,,,,,,"Mathematics",,,,,"http://www.ixl.com/math/grade-6",,,,,"Mathematics Activities",,,,,,,,,,"1-8",,,,,,,,,,,,,,,
"Mathematics Activities",,,,,,,,,,,,,,,"Mathematics",,,,,"http://www.ixl.com/math/grade-7",,,,,"Mathematics Activities",,,,,,,,,,"1-8",,,,,,,,,,,,,,,
"Mathematics Activities",,,,,,,,,,,,,,,"Mathematics",,,,,"http://www.ixl.com/math/grade-8",,,,,"Mathematics Activities",,,,,,,,,,"1-8",,,,,,,,,,,,,,,
"What Tree is it?",,,,,,,,,,,,,,,"Science",,,,,"http://oplin.org/tree/",,,,,"Science, Trees, Leaf, Fruit, ",,,,,,,,,,"1-8",,,,,,,,,,,,,,,
"Glossary of Marine Biology",,,,,,,,,,,,,,,"Biology",,,,,"http://life.bio.sunysb.edu/marinebio/glossary.html",,,,,"Biology, Glossary of Biology, Marine Biology",,,,,,,,,,"1-8",,,,,,,,,,,,,,,
"How Products Are Made  : Air Bag",,,,,,,,,,,,,,,"How Products Are Made ",,,,,"http://www.madehow.com/Volume-1/Air-Bag.html",,,,,"Air Bag",,,,,,,,,,"5-12","An air bag is an inflatable cushion designed to protect automobile occupants from serious injury in the case of a collision. The air bag is part of an inflatable restraint system, also known as an air cushion restraint system (ACRS) or an air bag supplemental restraint system (SRS), because the air bag is designed to supplement the protection offered by seat belts.",,,,,,,,,,,,,,
"How Products Are Made  : Aluminum Foil",,,,,,,,,,,,,,,"How Products Are Made ",,,,,"http://www.madehow.com/Volume-1/Aluminum-Foil.html",,,,,"Aluminum Foil",,,,,,,,,,"5-12","Aluminum foil is made from an aluminum alloy which contains between 92 and 99 percent aluminum. Usually between 0.00017 and 0.0059 inches thick, foil is produced in many widths and strengths for literally hundreds of applications.",,,,,,,,,,,,,,
"How Products Are Made  : Artificial Limb",,,,,,,,,,,,,,,"How Products Are Made ",,,,,"http://www.madehow.com/Volume-1/Artificial-Limb.html",,,,,"Artificial Limb",,,,,,,,,,"5-12","Artificial arms and legs, or prostheses, are intended to restore a degree of normal function to amputees. Mechanical devices that allow amputees to walk again or continue to use two hands have probably been in use since ancient times, the most notable one being the simple peg leg. ",,,,,,,,,,,,,,
"How Products Are Made  : Aspirin",,,,,,,,,,,,,,,"How Products Are Made ",,,,,"http://www.madehow.com/Volume-1/Aspirin.html",,,,,"Aspirin",,,,,,,,,,"5-12","Aspirin is one of the safest and least expensive pain relievers on the marketplace. While other pain relievers were discovered and manufactured before aspirin, they only gained acceptance as over-the-counter drugs in Europe and the United States after aspirin's success at the turn of the twentieth century.",,,,,,,,,,,,,,
"How Products Are Made  : Automobile",,,,,,,,,,,,,,,"How Products Are Made ",,,,,"http://www.madehow.com/Volume-1/Automobile.html",,,,,"Automobile",,,,,,,,,,"5-12","In 1908 Henry Ford began production of the Model T automobile. Based on his original Model A design first manufactured in 1903, the Model T took five years to develop.",,,,,,,,,,,,,,
"How Products Are Made  : Automobile Windshield",,,,,,,,,,,,,,,"How Products Are Made ",,,,,"http://www.madehow.com/Volume-1/Automobile-Windshield.html",,,,,"Automobile Windshield",,,,,,,,,,"5-12","Glass is a versatile material with hundreds of applications, including windshields. Glass has a long history and was first made more than 7,000 years ago in Egypt, as early as 3,000 B.C.",,,,,,,,,,,,,,
"How Products Are Made  : Baking Soda",,,,,,,,,,,,,,,"How Products Are Made ",,,,,"http://www.madehow.com/Volume-1/Baking-Soda.html",,,,,"Baking Soda",,,,,,,,,,"5-12","Baking soda is a white crystalline powder (NaHCO3) better known to chemists as sodium bicarbonate, bicarbonate of soda, sodium hydrogen carbonate, or sodium acid carbonate. It is classified as an acid salt, formed by combining an acid (carbonic) and a base (sodium hydroxide), and it reacts with other chemicals as a mild alkali. ",,,,,,,,,,,,,,
"How Products Are Made  : Ball Bearing",,,,,,,,,,,,,,,"How Products Are Made ",,,,,"http://www.madehow.com/Volume-1/Ball-Bearing.html",,,,,"Ball Bearing",,,,,,,,,,"5-12","Ever since man began to need to move things, he has used round rollers to make the job easier. Probably the first rollers were sticks or logs, which were a big improvement over dragging things across the ground, but still pretty hard work. ",,,,,,,,,,,,,,
"How Products Are Made  : Bar Code Scanner",,,,,,,,,,,,,,,"How Products Are Made ",,,,,"http://www.madehow.com/Volume-1/Bar-Code-Scanner.html",,,,,"Bar Code Scanner",,,,,,,,,,"5-12","Many different types of bar code scanning machines exist, but they all work on the same fundamental principles. They all use the intensity of light reflected from a series of black and white stripes to tell a computer what code it is seeing.",,,,,,,,,,,,,,
"How Products Are Made  : Baseball",,,,,,,,,,,,,,,"How Products Are Made ",,,,,"http://www.madehow.com/Volume-1/Baseball.html",,,,,"Baseball",,,,,,,,,,"5-12","The baseball traces its origin to the game of the same name. Modern baseball evolved from the English game of ""rounders"" in the first half of the 19th century.",,,,,,,,,,,,,,
"How Products Are Made  : Baseball Glove",,,,,,,,,,,,,,,"How Products Are Made ",,,,,"http://www.madehow.com/Volume-1/Baseball-Glove.html",,,,,"Baseball Glove",,,,,,,,,,"5-12","Wearing a glove to protect one's catching hand was not considered a manly thing to do in the years following the Civil War, when the game of baseball spread through the country with the speed of a cavalry charge. It's uncertain who was the first to wear a baseball glove; nominees include Charles G. ",,,,,,,,,,,,,,
"How Products Are Made  : Battery",,,,,,,,,,,,,,,"How Products Are Made ",,,,,"http://www.madehow.com/Volume-1/Battery.html",,,,,"Battery",,,,,,,,,,"5-12","Benjamin Franklin's famous experiment to attract electricity by flying a kite in a lightning storm was only one of many late eighteenth- and early nineteenth-century experiments conducted to learn about electricity. The first battery was constructed in 1800 by Italian Alessandro Volta. ",,,,,,,,,,,,,,
"How Products Are Made  : Bicycle Shorts",,,,,,,,,,,,,,,"How Products Are Made ",,,,,"http://www.madehow.com/Volume-1/Bicycle-Shorts.html",,,,,"Bicycle Shorts",,,,,,,,,,"5-12","Bicycle shorts are form-fitting shorts designed specifically for the cyclist. A close inspection reveals that they differ significantly from typical jogging or beach shorts. ",,,,,,,,,,,,,,
"How Products Are Made  : Blood Pressure Monitor",,,,,,,,,,,,,,,"How Products Are Made ",,,,,"http://www.madehow.com/Volume-1/Blood-Pressure-Monitor.html",,,,,"Blood Pressure Monitor",,,,,,,,,,"5-12","Blood pressure is the pressure that the blood exerts against the walls of the arteries as it passes through them. Pulse refers to the periodic ejection of blood from the heart's left ventricle into the aorta. ",,,,,,,,,,,,,,
"How Products Are Made  : Blue Jeans",,,,,,,,,,,,,,,"How Products Are Made ",,,,,"http://www.madehow.com/Volume-1/Blue-Jeans.html",,,,,"Blue Jeans",,,,,,,,,,"5-12","Blue jeans are casual pants made from denim, noted for their strength and comfort. They have been worn by sailors and California gold miners as sturdy work pants, by the young as a statement of their generation, and by the fashionable, who are conscious of the prestige conveyed by designer names.",,,,,,,,,,,,,,
"How Products Are Made  : Book",,,,,,,,,,,,,,,"How Products Are Made ",,,,,"http://www.madehow.com/Volume-1/Book.html",,,,,"Book",,,,,,,,,,"5-12","A book can be broadly defined as a written document of at least 49 text pages that communicates thoughts, ideas, or information. Throughout the ages, books have changed dramatically, assuming a number of different forms.",,,,,,,,,,,,,,
"How Products Are Made  : Brick",,,,,,,,,,,,,,,"How Products Are Made ",,,,,"http://www.madehow.com/Volume-1/Brick.html",,,,,"Brick",,,,,,,,,,"5-12","The term brick refers to small units of building material, often made from fired clay and secured with mortar, a bonding agent comprising of cement, sand, and water. Long a popular material, brick retains heat, with-stands corrosion, and resists fire. ",,,,,,,,,,,,,,
"How Products Are Made  : Bulletproof Vest",,,,,,,,,,,,,,,"How Products Are Made ",,,,,"http://www.madehow.com/Volume-1/Bulletproof-Vest.html",,,,,"Bulletproof Vest",,,,,,,,,,"5-12","Bulletproof vests are modern light armor specifically designed to protect the wearer's vital organs from injury caused by firearm projectiles. To many protective armor manufacturers and wearers, the term ""bulletproof vest"" is a misnomer.",,,,,,,,,,,,,,
"How Products Are Made  : Candle",,,,,,,,,,,,,,,"How Products Are Made ",,,,,"http://www.madehow.com/Volume-1/Candle.html",,,,,"Candle",,,,,,,,,,"5-12","One of the earliest forms of portable illumination, candles have served vital functions for humankind throughout history, a fact chronicled through the discovery of candles or candle-like objects in virtually every society. Historians believe the original candle may have been invented by primitive men who dipped dried branches in animal fat, thus producing a slow-burning and reliable source of light.",,,,,,,,,,,,,,
"How Products Are Made  : Carbon Paper",,,,,,,,,,,,,,,"How Products Are Made ",,,,,"http://www.madehow.com/Volume-1/Carbon-Paper.html",,,,,"Carbon Paper",,,,,,,,,,"5-12","Carbon paper is an inexpensive reprographic device used to make a single copy concurrently with the original, as in credit card transaction receipts, legal documents, manuscripts, letters, and other simple forms.",,,,,,,,,,,,,,
"How Products Are Made  : Cellophane Tape",,,,,,,,,,,,,,,"How Products Are Made ",,,,,"http://www.madehow.com/Volume-1/Cellophane-Tape.html",,,,,"Cellophane Tape",,,,,,,,,,"5-12","Cellophane tape consists of a backing to which an adhesive substance is affixed for the purpose of joining materials with a surface bond. Usually, a film of cellulose (a man-made textile fiber produced from plant matter) provides the backing for adherends made from chemically treated petroleum byproducts that create the tape's stickiness.",,,,,,,,,,,,,,
"How Products Are Made  : Ceramic Tile",,,,,,,,,,,,,,,"How Products Are Made ",,,,,"http://www.madehow.com/Volume-1/Ceramic-Tile.html",,,,,"Ceramic Tile",,,,,,,,,,"5-12","Wall and floor tile used for interior and exterior decoration belongs to a class of ceramics known as whitewares. The production of tile dates back to ancient times and peoples, including the Egyptians, the Babylonians, and the Assyrians. ",,,,,,,,,,,,,,
"How Products Are Made  : Chalk",,,,,,,,,,,,,,,"How Products Are Made ",,,,,"http://www.madehow.com/Volume-1/Chalk.html",,,,,"Chalk",,,,,,,,,,"5-12","Chalk used in school classrooms comes in slender sticks approximately .35 of an inch (nine millimeters) in diameter and 3.15 inches (80 millimeters) long. Lessons are often presented to entire classes on chalk-boards (or blackboards, as they were originally called) using sticks of chalk because this method has proven cheap and easy.",,,,,,,,,,,,,,
"How Products Are Made  : Cheese",,,,,,,,,,,,,,,"How Products Are Made ",,,,,"http://www.madehow.com/Volume-1/Cheese.html",,,,,"Cheese",,,,,,,,,,"5-12","Cheese is a fermented food derived from the milk of various mammals. Since humans began to domesticate milk-producing animals around 10,000 B.C., they have known about the propensity of milk to separate into curds and whey.",,,,,,,,,,,,,,
"How Products Are Made  : Chewing Gum",,,,,,,,,,,,,,,"How Products Are Made ",,,,,"http://www.madehow.com/Volume-1/Chewing-Gum.html",,,,,"Chewing Gum",,,,,,,,,,"5-12","Chewing gum is a sweetened, flavored confection composed primarily of latex, both natural and artificial. Organic latex, a milky white fluid produced by a variety of seed plants, is best known as the principle component of rubber.",,,,,,,,,,,,,,
"How Products Are Made  : Chocolate",,,,,,,,,,,,,,,"How Products Are Made ",,,,,"http://www.madehow.com/Volume-1/Chocolate.html",,,,,"Chocolate",,,,,,,,,,"5-12","Chocolate, in all of its varied forms (candy bars, cocoa, cakes, cookies, coating for other candies and fruits) is probably America's favorite confection. With an annual per capita consumption of around 14 pounds (6 kilograms) per person, chocolate is as ubiquitous as a non-essential food can be.",,,,,,,,,,,,,,
"How Products Are Made  : Coffee",,,,,,,,,,,,,,,"How Products Are Made ",,,,,"http://www.madehow.com/Volume-1/Coffee.html",,,,,"Coffee",,,,,,,,,,"5-12","Coffee is a beverage made by grinding roasted coffee beans and allowing hot water to flow through them. Dark, flavorful, and aromatic, the resulting liquid is usually served hot, when its full flavor can best be appreciated.",,,,,,,,,,,,,,
"How Products Are Made  : Combination Lock",,,,,,,,,,,,,,,"How Products Are Made ",,,,,"http://www.madehow.com/Volume-1/Combination-Lock.html",,,,,"Combination Lock",,,,,,,,,,"5-12","The combination lock is one opened not by a key but by the alignment of its interior parts in a definite position. The most common types have an internal mechanism consisting of a series of three or four interconnected rings or discs that are attached to and turned by a central shaft.",,,,,,,,,,,,,,
"How Products Are Made  : Combine",,,,,,,,,,,,,,,"How Products Are Made ",,,,,"http://www.madehow.com/Volume-1/Combine.html",,,,,"Combine",,,,,,,,,,"5-12","A combine is a large, self-propelled agricultural machine used to harvest grain crops such as wheat, corn, soybeans, milo, rape-seed, and rice. As its name suggests, the combine performs two, and sometimes more, basic functions of harvesting: first it reaps (cuts) the crop, and then it threshes it, separating the kernels of grain from the seed coverings and other debris(chaff).",,,,,,,,,,,,,,
"How Products Are Made  : Compact Disc",,,,,,,,,,,,,,,"How Products Are Made ",,,,,"http://www.madehow.com/Volume-1/Compact-Disc.html",,,,,"Compact Disc",,,,,,,,,,"5-12","Ever since the invention of the phonograph in 1876, music has been a popular source of home entertainment. In recent years, the compact disc has become the playback medium of choice for recorded music.",,,,,,,,,,,,,,
"How Products Are Made  : Compact Disc Player",,,,,,,,,,,,,,,"How Products Are Made ",,,,,"http://www.madehow.com/Volume-1/Compact-Disc-Player.html",,,,,"Compact Disc Player",,,,,,,,,,"5-12","A compact disc, also popularly known simply as a CD, is an optical storage medium with digital data recorded on its surface. A compact disc player is a device that reads the recorded data by means of an optical beam and accurately reproduces the original information (music, pictures, or data).",,,,,,,,,,,,,,
"How Products Are Made  : Concrete",,,,,,,,,,,,,,,"How Products Are Made ",,,,,"http://www.madehow.com/Volume-1/Concrete.html",,,,,"Concrete",,,,,,,,,,"5-12","Concrete is a hardened building material created by combining a chemically inert mineral aggregate (usually sand, gravel, or crushed stone), a binder (natural or synthetic cement), chemical additives, and water. Although people commonly use the word ""cement"" as a synonym for concrete, the terms in fact denote different substances: cement, which encompasses a wide variety of fine-ground powders that harden when mixed with water, represents only one of several components in modern concrete.",,,,,,,,,,,,,,
"How Products Are Made  : Cooking Oil",,,,,,,,,,,,,,,"How Products Are Made ",,,,,"http://www.madehow.com/Volume-1/Cooking-Oil.html",,,,,"Cooking Oil",,,,,,,,,,"5-12","Cooking oil consists of edible vegetable oils derived from olives, peanuts, and safflowers, to name just a few of the many plants that are used. Liquid at room temperature, cooking oils are sometimes added during the preparation of processed foods.",,,,,,,,,,,,,,
"How Products Are Made  : Corrugated Cardboard",,,,,,,,,,,,,,,"How Products Are Made ",,,,,"http://www.madehow.com/Volume-1/Corrugated-Cardboard.html",,,,,"Corrugated Cardboard",,,,,,,,,,"5-12","Most items at your favorite supermarket, discount store, or shopping mall were safely delivered in boxes made of corrugated cardboard, and many are displayed in the same boxes, which were manufactured so they could be opened and used for this purpose. Other items may arrive in their own corrugated or uncorrugated paperboard boxes.",,,,,,,,,,,,,,
"How Products Are Made  : Cutlery",,,,,,,,,,,,,,,"How Products Are Made ",,,,,"http://www.madehow.com/Volume-1/Cutlery.html",,,,,"Cutlery",,,,,,,,,,"5-12","Eating or serving with utensils made of silver, silver-plated metals or stainless steel is relatively recent. Silver needed to be discovered in sufficient quantities, the smelting processes necessary to hand-craft silver needed to be refined, and in Northern Europe it took several centuries before the more civilized Latin table manners replaced the cruder Anglo-Saxon ones.",,,,,,,,,,,,,,
"How Products Are Made  : Expanded Polystyrene Foam (EPF)",,,,,,,,,,,,,,,"How Products Are Made ",,,,,"http://www.madehow.com/Volume-1/Expanded-Polystyrene-Foam-EPF.html",,,,,"Expanded Polystyrene Foam (EPF)",,,,,,,,,,"5-12","Expanded polystyrene foam (EPF) is a plastic material that has special properties due to its structure. Composed of individual cells of low density polystyrene, EPF is extraordinarily light and can support many times its own weight in water.",,,,,,,,,,,,,,
"How Products Are Made  : Eyeglass Lens",,,,,,,,,,,,,,,"How Products Are Made ",,,,,"http://www.madehow.com/Volume-1/Eyeglass-Lens.html",,,,,"Eyeglass Lens",,,,,,,,,,"5-12","Eyeglass lenses are glass or plastic optical items that fit inside eyewear frames to enhance and/or correct the wearer's vision. The magnifying glass, invented in the early 1200s, was the first optical lens used for enhancing vision.",,,,,,,,,,,,,,
"How Products Are Made  : File Cabinet",,,,,,,,,,,,,,,"How Products Are Made ",,,,,"http://www.madehow.com/Volume-1/File-Cabinet.html",,,,,"File Cabinet",,,,,,,,,,"5-12","A file cabinet is a piece of office furniture characterized by drawers that hold papers in vertically placed folders. While such cabinets are mainly used to store documents, they also facilitate organizing, removing, and using such documents.",,,,,,,,,,,,,,
"How Products Are Made  : Fire Extinguisher",,,,,,,,,,,,,,,"How Products Are Made ",,,,,"http://www.madehow.com/Volume-1/Fire-Extinguisher.html",,,,,"Fire Extinguisher",,,,,,,,,,"5-12","The hand-held fire extinguisher is simply a pressure vessel from which is expelled a material (or agent) to put out a fire. The agent acts upon the chemistry of the fire by removing one or more of the three elements necessary to maintain fire—commonly referred to as the fire triangle.",,,,,,,,,,,,,,
"How Products Are Made  : Floppy Disk",,,,,,,,,,,,,,,"How Products Are Made ",,,,,"http://www.madehow.com/Volume-1/Floppy-Disk.html",,,,,"Floppy Disk",,,,,,,,,,"5-12","A floppy disk is a portable computer storage device that permits easy handling of data. Commonly used with personal computers, notebook computers, and word processors, such disks consist of flat, circular plates made of metal or plastic and coated with iron oxide.",,,,,,,,,,,,,,
"How Products Are Made  : Gold",,,,,,,,,,,,,,,"How Products Are Made ",,,,,"http://www.madehow.com/Volume-1/Gold.html",,,,,"Gold",,,,,,,,,,"5-12","Gold, recognizable by its yellowish cast, is one of the oldest metals used by humans. As far back as the Neolithic period, humans have collected gold from stream beds, and the actual mining of gold can be traced as far back as 3500 B.C., when early Egyptians (the Sumerian culture of Mesopotamia) used mined gold to craft elaborate jewelry, religious artifacts, and utensils such as goblets.",,,,,,,,,,,,,,
"How Products Are Made  : Golf Cart",,,,,,,,,,,,,,,"How Products Are Made ",,,,,"http://www.madehow.com/Volume-1/Golf-Cart.html",,,,,"Golf Cart",,,,,,,,,,"5-12","A golf cart is an electric or gas-powered vehicle used to transport golfers and their equipment around the course during play. Designed to meet golfers' needs, the carts offer a number of specialized safety and comfort features.",,,,,,,,,,,,,,
"How Products Are Made  : Grinding Wheel",,,,,,,,,,,,,,,"How Products Are Made ",,,,,"http://www.madehow.com/Volume-1/Grinding-Wheel.html",,,,,"Grinding Wheel",,,,,,,,,,"5-12","Grinding wheels are made of natural or synthetic abrasive minerals bonded together in a matrix to form a wheel. While such tools may be familiar to those with home workshops, the general public may not be aware of them because most have been developed and used by the manufacturing industry.",,,,,,,,,,,,,,
"How Products Are Made  : Guitar",,,,,,,,,,,,,,,"How Products Are Made ",,,,,"http://www.madehow.com/Volume-1/Guitar.html",,,,,"Guitar",,,,,,,,,,"5-12","A member of the family of musical instruments called chordophones, the guitar is a stringed instrument with which sound is produced by ""plucking"" a series of strings running along the instrument's body. While the strings are plucked with one hand, they are simultaneously fingered with the other hand against frets, which are metal strips located on the instrument's neck.",,,,,,,,,,,,,,
"How Products Are Made  : Helicopter",,,,,,,,,,,,,,,"How Products Are Made ",,,,,"http://www.madehow.com/Volume-1/Helicopter.html",,,,,"Helicopter",,,,,,,,,,"5-12","Helicopters are classified as rotary wing aircraft, and their rotary wing is commonly referred to as the main rotor or simply the rotor. Unlike the more common fixed wing aircraft such as a sport biplane or an airliner, the helicopter is capable of direct vertical take-off and landing; it can also hover in a fixed position.",,,,,,,,,,,,,,
"How Products Are Made  : Jet Engine",,,,,,,,,,,,,,,"How Products Are Made ",,,,,"http://www.madehow.com/Volume-1/Jet-Engine.html",,,,,"Jet Engine",,,,,,,,,,"5-12","The jet engine is the power plant of today's jet aircraft, producing not only the thrust that propels the aircraft but also the power that fuels many of the aircraft's other systems.",,,,,,,,,,,,,,
"How Products Are Made  : Laboratory Incubator",,,,,,,,,,,,,,,"How Products Are Made ",,,,,"http://www.madehow.com/Volume-1/Laboratory-Incubator.html",,,,,"Laboratory Incubator",,,,,,,,,,"5-12","An incubator comprises a transparent chamber and the equipment that regulates its temperature, humidity, and ventilation. For years, the principle uses for the controlled environment provided by incubators included hatching poultry eggs and caring for premature or sick infants, but a new and important application has recently emerged, namely, the cultivation and manipulation of microorganisms for medical treatment and research.",,,,,,,,,,,,,,
"How Products Are Made  : Laser Guided Missile",,,,,,,,,,,,,,,"How Products Are Made ",,,,,"http://www.madehow.com/Volume-1/Laser-Guided-Missile.html",,,,,"Laser Guided Missile",,,,,,,,,,"5-12","Missiles differ from rockets by virtue of a guidance system that steers them towards a pre-selected target. Unguided, or free-flight, rockets proved to be useful yet frequently inaccurate weapons when fired from aircraft during the World War II.",,,,,,,,,,,,,,
"How Products Are Made  : Laundry Detergent",,,,,,,,,,,,,,,"How Products Are Made ",,,,,"http://www.madehow.com/Volume-1/Laundry-Detergent.html",,,,,"Laundry Detergent",,,,,,,,,,"5-12","The first soaps were manufactured in ancient times through a variety of methods, most commonly by boiling fats and ashes. Archeologists excavating sites in ancient Babylon have found evidence indicating that such soaps were used as far back as 2800 B.C.",,,,,,,,,,,,,,
"How Products Are Made  : Lawn Mower",,,,,,,,,,,,,,,"How Products Are Made ",,,,,"http://www.madehow.com/Volume-1/Lawn-Mower.html",,,,,"Lawn Mower",,,,,,,,,,"5-12","The lawn mower is a mechanical device that literally shaves the surface of the grass by using a rapidly rotating blade or blades.",,,,,,,,,,,,,,
"How Products Are Made  : Light Bulb",,,,,,,,,,,,,,,"How Products Are Made ",,,,,"http://www.madehow.com/Volume-1/Light-Bulb.html",,,,,"Light Bulb",,,,,,,,,,"5-12","From the earliest periods of history until the beginning of the 19th century, fire was man's primary source of light. This light was produced through different means—torches, candles, oil and gas lamps.",,,,,,,,,,,,,,
"How Products Are Made  : Light-Emitting Diode (LED)",,,,,,,,,,,,,,,"How Products Are Made ",,,,,"http://www.madehow.com/Volume-1/Light-Emitting-Diode-LED.html",,,,,"Light-Emitting Diode (LED)",,,,,,,,,,"5-12","Light-emitting diodes (LEDs)—small colored lights available in any electronics store—are ubiquitous in modern society. They are the indicator lights on our stereos, automobile dashboards, and microwave ovens.",,,,,,,,,,,,,,
"How Products Are Made  : Lipstick",,,,,,,,,,,,,,,"How Products Are Made ",,,,,"http://www.madehow.com/Volume-1/Lipstick.html",,,,,"Lipstick",,,,,,,,,,"5-12","Cosmetics can be traced back to ancient civilizations. In particular, the use of lip color was prevalent among the Sumerians, Egyptians, Syrians, Babylonians, Persians, and Greeks.",,,,,,,,,,,,,,
"How Products Are Made  : Liquid Crystal Display (LCD)",,,,,,,,,,,,,,,"How Products Are Made ",,,,,"http://www.madehow.com/Volume-1/Liquid-Crystal-Display-LCD.html",,,,,"Liquid Crystal Display (LCD)",,,,,,,,,,"5-12","Liquid crystal displays (LCDs) consist of liquid crystals that are activated by electric current. They are used most frequently to display one or more lines of alpha-numeric information in a variety of devices: fax machines, laptop computer screens, answering machine call counters, scientific instruments, portable compact disc players, clocks, and so forth.",,,,,,,,,,,,,,
"How Products Are Made  : Lubricating Oil",,,,,,,,,,,,,,,"How Products Are Made ",,,,,"http://www.madehow.com/Volume-1/Lubricating-Oil.html",,,,,"Lubricating Oil",,,,,,,,,,"5-12","Since the Roman era, many liquids, including water, have been used as lubricants to minimize the friction, heat, and wear between mechanical parts in contact with each other. Today, lubricating oil, or lube oil, is the most commonly used lubricant because of its wide range of possible applications.",,,,,,,,,,,,,,
"How Products Are Made  : Mattress",,,,,,,,,,,,,,,"How Products Are Made ",,,,,"http://www.madehow.com/Volume-1/Mattress.html",,,,,"Mattress",,,,,,,,,,"5-12","From the available evidence, it seems fairly certain that the concept of the mattress originated during prehistoric times. By lying on piles of leaves, straw, and animal skins, early humans were able to sleep more comfortably and more soundly than they could have on hard surfaces.",,,,,,,,,,,,,,
"How Products Are Made  : Microwave Oven",,,,,,,,,,,,,,,"How Products Are Made ",,,,,"http://www.madehow.com/Volume-1/Microwave-Oven.html",,,,,"Microwave Oven",,,,,,,,,,"5-12","Microwaves are actually a segment of the electromagnetic wave spectrum, which comprises forms of energy that move through space, generated by the interaction of electric and magnetic fields. The spectrum is commonly broken into subgroups determined by the different wavelengths (or frequencies) and emission, transmission, and absorption behaviors of various types of waves.",,,,,,,,,,,,,,
"How Products Are Made  : Mirror",,,,,,,,,,,,,,,"How Products Are Made ",,,,,"http://www.madehow.com/Volume-1/Mirror.html",,,,,"Mirror",,,,,,,,,,"5-12","From the earliest recorded history, humans have been fascinated by reflections. Narcissus was supposedly bewitched by his own reflection in a pool of water, and magic powers are ascribed to mirrors in fairy tales.",,,,,,,,,,,,,,
"How Products Are Made  : Nail Polish",,,,,,,,,,,,,,,"How Products Are Made ",,,,,"http://www.madehow.com/Volume-1/Nail-Polish.html",,,,,"Nail Polish",,,,,,,,,,"5-12","Unlike many other cosmetics that have a history of hundreds or even thousands of years, nail polish (or lacquer, or enamel) is almost completely an invention of twentieth century technology. Nail coverings were not unknown in ancient times—the upper classes of ancient Egypt probably used henna to dye both hair and fingernails—but essentially, its composition, manufacture and handling reflect developments in modern chemical technology.",,,,,,,,,,,,,,
"How Products Are Made  : Necktie",,,,,,,,,,,,,,,"How Products Are Made ",,,,,"http://www.madehow.com/Volume-1/Necktie.html",,,,,"Necktie",,,,,,,,,,"5-12","Neckwear dates back 30,000 years when primitive peoples adorned their chests with beads and bangles. Throughout the ages, people continued to wear wood, metal, pearls, feathers, glass, or cloth around their necks.",,,,,,,,,,,,,,
"How Products Are Made  : Optical Fiber",,,,,,,,,,,,,,,"How Products Are Made ",,,,,"http://www.madehow.com/Volume-1/Optical-Fiber.html",,,,,"Optical Fiber",,,,,,,,,,"5-12","An optical fiber is a single, hair-fine filament drawn from molten silica glass. These fibers are replacing metal wire as the transmission medium in high-speed, high-capacity communications systems that convert information into light, which is then transmitted via fiber optic cable.",,,,,,,,,,,,,,
"How Products Are Made  : Paint",,,,,,,,,,,,,,,"How Products Are Made ",,,,,"http://www.madehow.com/Volume-1/Paint.html",,,,,"Paint",,,,,,,,,,"5-12","Paint is a term used to describe a number of substances that consist of a pigment suspended in a liquid or paste vehicle such as oil or water. With a brush, a roller, or a spray gun, paint is applied in a thin coat to various surfaces such as wood, metal, or stone.",,,,,,,,,,,,,,
"How Products Are Made  : Pantyhose",,,,,,,,,,,,,,,"How Products Are Made ",,,,,"http://www.madehow.com/Volume-1/Pantyhose.html",,,,,"Pantyhose",,,,,,,,,,"5-12","Pantyhose are a form of sheer women's hosiery that extend from the waist to the toes. The terms hosiery and stocking derive from the Anglo-Saxon words hosa, meaning ""tight-legged trouser,"" and stoka, meaning ""stump"" When the upper part of a trouser leg was cut off, the remaining stoka became ""stocking,"" and hosa became ""hosiery."" For centuries, sheer stockings and hose were worn as separate leg and foot coverings.",,,,,,,,,,,,,,
"How Products Are Made  : Peanut Butter",,,,,,,,,,,,,,,"How Products Are Made ",,,,,"http://www.madehow.com/Volume-1/Peanut-Butter.html",,,,,"Peanut Butter",,,,,,,,,,"5-12","Wild peanuts originated in Bolivia and northeastern Argentina. The cultivated species, Arachis hypogaea, was grown by Indians in pre-Columbian times.",,,,,,,,,,,,,,
"How Products Are Made  : Pencil",,,,,,,,,,,,,,,"How Products Are Made ",,,,,"http://www.madehow.com/Volume-1/Pencil.html",,,,,"Pencil",,,,,,,,,,"5-12","One of the oldest and most widely used writing utensils, the pencil originated in pre-historic times when chalky rocks and charred sticks were used to draw on surfaces as varied as animal hides and cave walls. The Greeks and Romans used flat pieces of lead to draw faint lines on papyrus, but it was not until the late 1400s that the earliest direct ancestor of today's pencil was developed.",,,,,,,,,,,,,,
"How Products Are Made  : Pesticide",,,,,,,,,,,,,,,"How Products Are Made ",,,,,"http://www.madehow.com/Volume-1/Pesticide.html",,,,,"Pesticide",,,,,,,,,,"5-12","The word ""pesticide"" is a broad term that refers to any device, method, or chemical that kills plants or animals that compete for humanity's food supply or are otherwise undesirable. Pesticides include insecticides, fungicides, herbicides, nematocides (used to kill nematodes, elongated cylindrical worms), and rodenticides.",,,,,,,,,,,,,,
"How Products Are Made  : Porcelain",,,,,,,,,,,,,,,"How Products Are Made ",,,,,"http://www.madehow.com/Volume-1/Porcelain.html",,,,,"Porcelain",,,,,,,,,,"5-12","The term porcelain refers to a wide range of ceramic products that have been baked at high temperatures to achieve vitreous, or glassy, qualities such as translucence and low porosity. Among the most familiar porcelain goods are table and decorative china, chemical ware, dental crowns, and electrical insulators.",,,,,,,,,,,,,,
"How Products Are Made  : Postage Stamp",,,,,,,,,,,,,,,"How Products Are Made ",,,,,"http://www.madehow.com/Volume-1/Postage-Stamp.html",,,,,"Postage Stamp",,,,,,,,,,"5-12","The postage stamp is a relatively modern invention, first proposed in 1837 when Sir Rowland Hill, an English teacher and tax reformer, published a seminal pamphlet entitled Post Office Reform: Its Importance and Practicability. Among other reforms, Hill's treatise advocated that the English cease basing postal rates on the distance a letter traveled and collecting fees upon delivery.",,,,,,,,,,,,,,
"How Products Are Made  : Pressure Gauge",,,,,,,,,,,,,,,"How Products Are Made ",,,,,"http://www.madehow.com/Volume-1/Pressure-Gauge.html",,,,,"Pressure Gauge",,,,,,,,,,"5-12","Many of the processes in the modern world involve the measurement and control of pressurized liquid and gas systems. This monitoring reflects certain performance criteria that must be controlled to produce the desirable results of the process and insure its safe operation.",,,,,,,,,,,,,,
"How Products Are Made  : Rayon",,,,,,,,,,,,,,,"How Products Are Made ",,,,,"http://www.madehow.com/Volume-1/Rayon.html",,,,,"Rayon",,,,,,,,,,"5-12","For centuries humankind has relied upon various plants and animals to provide the raw materials for fabrics and clothing. Silkworms, sheep, beaver, buffalo deer, and even palm leaves are just some of the natural resources that have been used to meet these needs.",,,,,,,,,,,,,,
"How Products Are Made  : Refrigerator",,,,,,,,,,,,,,,"How Products Are Made ",,,,,"http://www.madehow.com/Volume-1/Refrigerator.html",,,,,"Refrigerator",,,,,,,,,,"5-12","Prior to the development of artificial refrigeration techniques during the 1800s, people utilized a variety of means to chill and preserve foodstuffs. For centuries, ice served as the principal refrigerant.",,,,,,,,,,,,,,
"How Products Are Made  : Revolver",,,,,,,,,,,,,,,"How Products Are Made ",,,,,"http://www.madehow.com/Volume-1/Revolver.html",,,,,"Revolver",,,,,,,,,,"5-12","The term ""handgun"" refers to any small firearm intended for use with one hand only. Currently, the two most important types of handguns are revolvers and automatic pistols.",,,,,,,,,,,,,,
"How Products Are Made  : Rubber Band",,,,,,,,,,,,,,,"How Products Are Made ",,,,,"http://www.madehow.com/Volume-1/Rubber-Band.html",,,,,"Rubber Band",,,,,,,,,,"5-12","Rubber bands are one of the most convenient products of the twentieth century, used by numerous individuals and industries for a wide variety of purposes. The largest consumer of rubber bands in the world is the U.S.",,,,,,,,,,,,,,
"How Products Are Made  : Running Shoe",,,,,,,,,,,,,,,"How Products Are Made ",,,,,"http://www.madehow.com/Volume-1/Running-Shoe.html",,,,,"Running Shoe",,,,,,,,,,"5-12","While most footwear protects and supports the foot, the running shoe goes beyond what one would expect of the ordinary shoe. Its advantages have been the subject of intense scrutiny in recent years, a focus that results from an increasingly health- and leisure-conscious population in general, and from the popularity of running in particular.",,,,,,,,,,,,,,
"How Products Are Made  : Saddle",,,,,,,,,,,,,,,"How Products Are Made ",,,,,"http://www.madehow.com/Volume-1/Saddle.html",,,,,"Saddle",,,,,,,,,,"5-12","A saddle is a seat for the rider of an animal, usually a horse. A well-made saddle gives the horse rider the necessary support, security, and control over the animal.",,,,,,,,,,,,,,
"How Products Are Made  : Salsa",,,,,,,,,,,,,,,"How Products Are Made ",,,,,"http://www.madehow.com/Volume-1/Salsa.html",,,,,"Salsa",,,,,,,,,,"5-12","Salsa is the Spanish word for sauce, and in Mexico it refers to sauces that are used as an ingredient for a variety of dishes and as a condiment. Most salsas are especially spicy, due to the prominence of hot chili peppers in their ingredients.",,,,,,,,,,,,,,
"How Products Are Made  : Sandpaper",,,,,,,,,,,,,,,"How Products Are Made ",,,,,"http://www.madehow.com/Volume-1/Sandpaper.html",,,,,"Sandpaper",,,,,,,,,,"5-12","Although the most familiar types of coated abrasives are probably the individual sheets of sandpaper with which home woodworkers prepare furniture or crafts for painting, the trade term ""coated abrasives"" actually encompasses a much wider array of products for both individual and industrial use. While these products assume many forms, all are essentially a single layer of abrasive grit attached to a flexible backing.",,,,,,,,,,,,,,
"How Products Are Made  : Satellite Dish",,,,,,,,,,,,,,,"How Products Are Made ",,,,,"http://www.madehow.com/Volume-1/Satellite-Dish.html",,,,,"Satellite Dish",,,,,,,,,,"5-12","A satellite dish is a parabolic television antenna that receives signals from communication satellites in orbit around the earth. Its sole function is to provide the television viewer with a wider variety of channels.",,,,,,,,,,,,,,
"How Products Are Made  : Screwdriver",,,,,,,,,,,,,,,"How Products Are Made ",,,,,"http://www.madehow.com/Volume-1/Screwdriver.html",,,,,"Screwdriver",,,,,,,,,,"5-12","It would be very difficult to find an American household that did not have at least one screwdriver. Perhaps the most ubiquitous of hand tools, the screwdriver has a long genealogy, the result of a complicated manufacturing process.",,,,,,,,,,,,,,
"How Products Are Made  : Seismograph",,,,,,,,,,,,,,,"How Products Are Made ",,,,,"http://www.madehow.com/Volume-1/Seismograph.html",,,,,"Seismograph",,,,,,,,,,"5-12","Seismographs are instruments designed to detect and measure vibrations within the earth, and the records they produce are known as seismograms. Like the many other terms beginning with this prefix, these words derive from the Greek seismos, meaning ""shock"" or ""earthquake."" Although certain types of seismographs are used for underground surveying, the devices are best known for studying earthquakes.",,,,,,,,,,,,,,
"How Products Are Made  : Shaving Cream",,,,,,,,,,,,,,,"How Products Are Made ",,,,,"http://www.madehow.com/Volume-1/Shaving-Cream.html",,,,,"Shaving Cream",,,,,,,,,,"5-12","Shaving cream is a substance applied to the skin to facilitate removal of hair. Shaving cream softens and moistens the skin and the hair, thus making shaving more comfortable and contributing to smoother skin.",,,,,,,,,,,,,,
"How Products Are Made  : Soda Bottle",,,,,,,,,,,,,,,"How Products Are Made ",,,,,"http://www.madehow.com/Volume-1/Soda-Bottle.html",,,,,"Soda Bottle",,,,,,,,,,"5-12","The soda bottle so common today is made of polyethylene terephthalate (PET), a strong yet lightweight plastic. PET is used to make many products, such as polyester fabric, cable wraps, films, transformer insulation, generator parts, and packaging.",,,,,,,,,,,,,,
"How Products Are Made  : Solar Cell",,,,,,,,,,,,,,,"How Products Are Made ",,,,,"http://www.madehow.com/Volume-1/Solar-Cell.html",,,,,"Solar Cell",,,,,,,,,,"5-12","Photovoltaic solar cells are thin silicon disks that convert sunlight into electricity. These disks act as energy sources for a wide variety of uses, including: calculators and other small devices; telecommunications; rooftop panels on individual houses; and for lighting, pumping, and medical refrigeration for villages in developing countries.",,,,,,,,,,,,,,
"How Products Are Made  : Spark Plug",,,,,,,,,,,,,,,"How Products Are Made ",,,,,"http://www.madehow.com/Volume-1/Spark-Plug.html",,,,,"Spark Plug",,,,,,,,,,"5-12","The purpose of a spark plug is to provide a place for an electric spark that is hot enough to ignite the air/fuel mixture inside the combustion chamber of an internal combustion engine. This is done by a high voltage current arcing across a gap on the spark plug.",,,,,,,,,,,,,,
"How Products Are Made  : Stainless Steel",,,,,,,,,,,,,,,"How Products Are Made ",,,,,"http://www.madehow.com/Volume-1/Stainless-Steel.html",,,,,"Stainless Steel",,,,,,,,,,"5-12","Stainless steel is an iron-containing alloy—a substance made up of two or more chemical elements—used in a wide range of applications. It has excellent resistance to stain or rust due to its chromium content, usually from 12 to 20 percent of the alloy.",,,,,,,,,,,,,,
"How Products Are Made  : Stapler",,,,,,,,,,,,,,,"How Products Are Made ",,,,,"http://www.madehow.com/Volume-1/Stapler.html",,,,,"Stapler",,,,,,,,,,"5-12","There are virtually as many types of staplers as there are uses for them. Staplers are produced for use in: the manufacture of furniture; medical fields; carpet tacking; electrical wire and insulation installation; picture frame manufacture and, of course, in the home or office.",,,,,,,,,,,,,,
"How Products Are Made  : Stethoscope",,,,,,,,,,,,,,,"How Products Are Made ",,,,,"http://www.madehow.com/Volume-1/Stethoscope.html",,,,,"Stethoscope",,,,,,,,,,"5-12","A stethoscope is a medical instrument used to listen to sounds produced in the body, especially those that emanate from the heart and lungs. Most modern stethoscopes are binaural; that is, the instrument is intended for use with both ears.",,,,,,,,,,,,,,
"How Products Are Made  : Sugar",,,,,,,,,,,,,,,"How Products Are Made ",,,,,"http://www.madehow.com/Volume-1/Sugar.html",,,,,"Sugar",,,,,,,,,,"5-12","Before the birth of Jesus of Nazareth, sugarcane (from which sugar is made) was harvested on the shores of the Bay of Bengal; it spread to the surrounding territories of Malaysia, Indonesia, Indochina, and southern China. The Arabic people introduced ""sugar"" (at that point a sticky paste, semi-crystallized and believed to have medicinal value) to the Western world by bringing both the reed and knowledge for its cultivation to Sicily and then Spain in the eighth and ninth centuries.",,,,,,,,,,,,,,
"How Products Are Made  : Super Glue",,,,,,,,,,,,,,,"How Products Are Made ",,,,,"http://www.madehow.com/Volume-1/Super-Glue.html",,,,,"Super Glue",,,,,,,,,,"5-12","Glue is a gelatinous adhesive substance used to form a surface attachment between discrete materials. Currently, there are five basic types of glue.",,,,,,,,,,,,,,
"How Products Are Made  : Thermometer",,,,,,,,,,,,,,,"How Products Are Made ",,,,,"http://www.madehow.com/Volume-1/Thermometer.html",,,,,"Thermometer",,,,,,,,,,"5-12","A thermometer is a device used to measure temperature. The thermoscope, developed by Galileo around 1592, was the first instrument used to measure temperature qualitatively.",,,,,,,,,,,,,,
"How Products Are Made  : Tire",,,,,,,,,,,,,,,"How Products Are Made ",,,,,"http://www.madehow.com/Volume-1/Tire.html",,,,,"Tire",,,,,,,,,,"5-12","A tire is a strong, flexible rubber casing attached to the rim of a wheel. Tires provide a gripping surface for traction and serve as a cushion for the wheels of a moving vehicle.",,,,,,,,,,,,,,
"How Products Are Made  : Tortilla Chip",,,,,,,,,,,,,,,"How Products Are Made ",,,,,"http://www.madehow.com/Volume-1/Tortilla-Chip.html",,,,,"Tortilla Chip",,,,,,,,,,"5-12","The Spaniards first brought the word tortilla(from torta, ""cake"") to Mexico; the Mexicans, in turn, used it to describe their flat corn and flour cakes. The bread staple of the Mexican diet, all tortillas were originally made from the pulp of ground corn, the native grain of the New World.",,,,,,,,,,,,,,
"How Products Are Made  : Trumpet",,,,,,,,,,,,,,,"How Products Are Made ",,,,,"http://www.madehow.com/Volume-1/Umbrella.html",,,,,"Trumpet",,,,,,,,,,"5-12","A trumpet is a brass wind instrument noted for its powerful tone sounded by lip vibration against its cup-shaped mouthpiece. A trumpet consists of a cylindrical tube, shaped in a primary oblong loop that flares into a bell.",,,,,,,,,,,,,,
"How Products Are Made  : Umbrella",,,,,,,,,,,,,,,"How Products Are Made ",,,,,"http://www.madehow.com/Volume-1/Umbrella.html",,,,,"Umbrella",,,,,,,,,,"5-12","The umbrella as we know it today is primarily a device to keep people dry in rain or snow. Its original purpose was to shade a person from the sun (umbra is Latin for ""shade""), a function that is still reflected in the word ""parasol,"" (derived from the French parare,"" to shield"" and sol, ""sun"") a smaller-sized umbrella used primarily by women.",,,,,,,,,,,,,,
"How Products Are Made  : Washing Machine",,,,,,,,,,,,,,,"How Products Are Made ",,,,,"http://www.madehow.com/Volume-1/Washing-Machine.html",,,,,"Washing Machine",,,,,,,,,,"5-12","Mechanical washing machines appeared in the early 1800s, although they were all hand-powered. Early models cleaned clothes by rubbing them, while later models cleaned clothes by moving them through water.",,,,,,,,,,,,,,
"How Products Are Made  : Watch",,,,,,,,,,,,,,,"How Products Are Made ",,,,,"http://www.madehow.com/Volume-1/Watch.html",,,,,"Watch",,,,,,,,,,"5-12","The oldest means of determining time is by observing the location of the sun in the sky. When the sun is directly overhead, the time is roughly 12:00 noon.",,,,,,,,,,,,,,
"How Products Are Made  : Wind Turbine",,,,,,,,,,,,,,,"How Products Are Made ",,,,,"http://www.madehow.com/Volume-1/Wind-Turbine.html",,,,,"Wind Turbine",,,,,,,,,,"5-12","A wind turbine is a machine that converts the wind's kinetic energy into rotary mechanical energy, which is then used to do work. In more advanced models, the rotational energy is converted into electricity, the most versatile form of energy, by using a generator.",,,,,,,,,,,,,,
"How Products Are Made  : Wine",,,,,,,,,,,,,,,"How Products Are Made ",,,,,"http://www.madehow.com/Volume-1/Wine.html",,,,,"Wine",,,,,,,,,,"5-12","Wine is an alcoholic beverage produced through the partial or total fermentation of grapes. Other fruits and plants, such as berries, apples, cherries, dandelions, elder-berries, palm, and rice can also be fermented.",,,,,,,,,,,,,,
"How Products Are Made  : Wool",,,,,,,,,,,,,,,"How Products Are Made ",,,,,"http://www.madehow.com/Volume-1/Wool.html",,,,,"Wool",,,,,,,,,,"5-12","As with many discoveries of early man, anthropologists believe the use of wool came out of the challenge to survive. In seeking means of protection and warmth, humans in the Neolithic Age wore animal pelts as clothing.",,,,,,,,,,,,,,
"How Products Are Made  : Zipper",,,,,,,,,,,,,,,"How Products Are Made ",,,,,"http://www.madehow.com/Volume-1/Zipper.html",,,,,"Zipper",,,,,,,,,,"5-12","Fasteners have come a long way since the early bone or horn pins and bone splinters. Many devices were designed later that were more efficient; such fasteners included buckles, laces, safety pins, and buttons.",,,,,,,,,,,,,,
"How Products Are Made  : Zirconium",,,,,,,,,,,,,,,"How Products Are Made ",,,,,"http://www.madehow.com/Volume-1/Zirconium.html",,,,,"Zirconium",,,,,,,,,,"5-12","Zirconium, symbol Zr on the Periodic Table, is a metal most often found in and extracted from the silicate mineral zirconium silicate and the oxide mineral baddeleyite. In its various compound forms, the grayish-white zirconium is the nineteenth most plentiful element in the earth's crust, where it is far more abundant than copper and lead.",,,,,,,,,,,,,,
"How Products Are Made : Acrylic Plastic",,,,,,,,,,,,,,,"How Products Are Made ",,,,,"http://www.madehow.com/Volume-2/Acrylic-Plastic.html",,,,,"Acrylic Plastic",,,,,,,,,,"5-12","Acrylic plastic refers to a family of synthetic, or man-made, plastic materials containing one or more derivatives of acrylic acid. The most common acrylic plastic is polymethyl methacrylate (PMMA), which is sold under the brand names of Plexiglas, Lucite, Perspex, and Crystallite.",,,,,,,,,,,,,,
"How Products Are Made : Aluminum Beverage Can",,,,,,,,,,,,,,,"How Products Are Made ",,,,,"http://www.madehow.com/Volume-2/Aluminum-Beverage-Can.html",,,,,"Aluminum Beverage Can",,,,,,,,,,"5-12","Ninety-five percent of all beer and soft drink cans in the United States are made of aluminum. American can makers produce about 100 billion aluminum beverage cans a year, equivalent to one can per American per day.",,,,,,,,,,,,,,
"How Products Are Made : Ammunition",,,,,,,,,,,,,,,"How Products Are Made ",,,,,"http://www.madehow.com/Volume-2/Ammunition.html",,,,,"Ammunition",,,,,,,,,,"5-12","Small arms ammunition, or cartridges, are used in a variety of firearms ranging from pistols to rifles and shotguns to heavier automatic weapons sometimes called machine guns. The term ""bullet"" is commonly used to describe the cartridge, when in fact, it actually only refers to the projectile.",,,,,,,,,,,,,,
"How Products Are Made : Antilock Brake System",,,,,,,,,,,,,,,"How Products Are Made ",,,,,"http://www.madehow.com/Volume-2/Antilock-Brake-System.html",,,,,"Antilock Brake System",,,,,,,,,,"5-12","Stopping safely is one of the most important functions a motor vehicle can perform. Failure of the brake system will almost invariably result in property damage, personal injury, or even death.",,,,,,,,,,,,,,
"How Products Are Made : Asphalt Cement",,,,,,,,,,,,,,,"How Products Are Made ",,,,,"http://www.madehow.com/Volume-2/Asphalt-Cement.html",,,,,"Asphalt Cement",,,,,,,,,,"5-12","Asphalt is a heavy, dark brown to black mineral substance, one of several mixtures of hydrocarbons called bitumens. Asphalt is a strong, versatile weather and chemical-resistant binding material which adapts itself to a variety of uses.",,,,,,,,,,,,,,
"How Products Are Made : Balloon",,,,,,,,,,,,,,,"How Products Are Made ",,,,,"http://www.madehow.com/Volume-2/Balloon.html",,,,,"Balloon",,,,,,,,,,"5-12","A balloon is an air-tight bag made out of a light material that can be inflated with air or gas. Toy balloons are available in all kinds of shapes, sizes, and colors to delight children and adults at birthday parties and other festive occasions.",,,,,,,,,,,,,,
"How Products Are Made : Barbed Wire",,,,,,,,,,,,,,,"How Products Are Made ",,,,,"http://www.madehow.com/Volume-2/Barbed-Wire.html",,,,,"Barbed Wire",,,,,,,,,,"5-12","Barbed wire is a fencing material consisting of a metal cable with regularly spaced sharp projections. The cable usually consists of two wires twisted around each other to add strength and to allow the cable to expand and contract with temperature changes without breaking.",,,,,,,,,,,,,,
"How Products Are Made : Baseball Bat",,,,,,,,,,,,,,,"How Products Are Made ",,,,,"http://www.madehow.com/Volume-2/Baseball-Bat.html",,,,,"Baseball Bat",,,,,,,,,,"5-12","When the game of baseball was first played, sticks were used to hit the ball. By the time the game had been officially organized as a team sport, the players either whittled their own bats or bought them from a wood turner.",,,,,,,,,,,,,,
"How Products Are Made : Bathtub",,,,,,,,,,,,,,,"How Products Are Made ",,,,,"http://www.madehow.com/Volume-2/Bathtub.html",,,,,"Bathtub",,,,,,,,,,"5-12","Though humans have bathed since prehistoric times, baths served a primarily religious, social, or pleasurable function far more often than a hygienic one. The Greeks had bathrooms, complete with water supply and drainage, as early as 1700 B.C.",,,,,,,,,,,,,,
"How Products Are Made : Beeper",,,,,,,,,,,,,,,"How Products Are Made ",,,,,"http://www.madehow.com/Volume-2/Beeper.html",,,,,"Beeper",,,,,,,,,,"5-12","A pager, or beeper, is a small, battery-powered device that alerts the person carrying it when someone is trying to reach them by telephone. The beeper utilizes electronic components sensitive to an FM radio signal and will beep or otherwise sound, flash, or vibrate to alert its carrier.",,,,,,,,,,,,,,
"How Products Are Made : Beer",,,,,,,,,,,,,,,"How Products Are Made ",,,,,"http://www.madehow.com/Volume-2/Beer.html",,,,,"Beer",,,,,,,,,,"5-12","The family of beverages generally referred to as ""beer"" has been brewed for centuries. Beers are obtained by the yeast fermentation of malted cereal grains, to which hops and water have been added.",,,,,,,,,,,,,,
"How Products Are Made : Bell",,,,,,,,,,,,,,,"How Products Are Made ",,,,,"http://www.madehow.com/Volume-2/Bell.html",,,,,"Bell",,,,,,,,,,"5-12","Since prehistoric times bells have been used to herald significant events. Bells call the faithful to worship and toll the time.",,,,,,,,,,,,,,
"How Products Are Made : Bicycle",,,,,,,,,,,,,,,"How Products Are Made ",,,,,"http://www.madehow.com/Volume-2/Bicycle.html",,,,,"Bicycle",,,,,,,,,,"5-12","Bicycles are one of the world's most popular modes of transportation, with some 800 million bicycles outnumbering cars by two to one. Bicycles are also the most energy-efficient vehicle—a cyclist burns about 35 calories per mile (22 calories per km), while an automobile burns 1,860 calories per mile (1,156 calories per km).",,,,,,,,,,,,,,
"How Products Are Made : Bleach",,,,,,,,,,,,,,,"How Products Are Made ",,,,,"http://www.madehow.com/Volume-2/Bleach.html",,,,,"Bleach",,,,,,,,,,"5-12","Bleach is a chemical compound derived from natural sources used to whiten fabrics. Bleach works by the process of oxidation, or the alteration of a compound by the introduction of oxygen molecules.",,,,,,,,,,,,,,
"How Products Are Made : Bread",,,,,,,,,,,,,,,"How Products Are Made ",,,,,"http://www.madehow.com/Volume-2/Bread.html",,,,,"Bread",,,,,,,,,,"5-12","Wheat and barley were two of the earliest plants to be cultivated, and primitive people living as early as 5000 B.C. are known to have eaten these grains.",,,,,,,,,,,,,,
"How Products Are Made : Bungee Cord",,,,,,,,,,,,,,,"How Products Are Made ",,,,,"http://www.madehow.com/Volume-2/Bungee-Cord.html",,,,,"Bungee Cord",,,,,,,,,,"5-12","Bungee cord is made of one or more strands of an elastic material, usually rubber, bound together by a fabric covering. It is commonly used as a tie-down for luggage or equipment carried on the outside of a vehicle.",,,,,,,,,,,,,,
"How Products Are Made : Business Jet",,,,,,,,,,,,,,,"How Products Are Made ",,,,,"http://www.madehow.com/Volume-2/Business-Jet.html",,,,,"Business Jet",,,,,,,,,,"5-12","Business jet aircraft (also known as ""biz-jets"") typically carry 5-15 passengers and are primarily used as transportation by business executives and government officials.",,,,,,,,,,,,,,
"How Products Are Made : Butter and Margarine",,,,,,,,,,,,,,,"How Products Are Made ",,,,,"http://www.madehow.com/Volume-2/Butter-and-Margarine.html",,,,,"Butter and Margarine",,,,,,,,,,"5-12","Butter is a soft, yellow-hued, edible emulsion of butterfat, water, air, and sometimes salt. It is made from the churning of cream and is used as a spread as well as an important ingredient in cooking and baking.",,,,,,,,,,,,,,
"How Products Are Made : Button",,,,,,,,,,,,,,,"How Products Are Made ",,,,,"http://www.madehow.com/Volume-2/Button.html",,,,,"Button",,,,,,,,,,"5-12","The earliest buttons date to prehistoric times, and in spite of millennia of change in fashion and manufacturing techniques, the button has endured as the most common fabric fastener. Though buttons were used for thousands of years, the buttonhole was not invented until sometime in the 13th century.",,,,,,,,,,,,,,
"How Products Are Made : Camera Lens",,,,,,,,,,,,,,,"How Products Are Made ",,,,,"http://www.madehow.com/Volume-2/Camera-Lens.html",,,,,"Camera Lens",,,,,,,,,,"5-12","The camera lens is an invention that attempts to duplicate the operation of the human eye. Just like the eye, the lens sees an image, focuses it, and transmits its colors, sharpness, and brightness through the camera to the photographic film, which, like our memory, records the image for processing and future use.",,,,,,,,,,,,,,
"How Products Are Made : Carpet",,,,,,,,,,,,,,,"How Products Are Made ",,,,,"http://www.madehow.com/Volume-2/Carpet.html",,,,,"Carpet",,,,,,,,,,"5-12","Carpet is a textile floor covering that is distinguished from the more general term ""rug"" by being fixed to the floor surface and extending wall to wall. The earliest peoples covered the floors of their dwellings with animal skins, grass, or, later, woven reed mats.",,,,,,,,,,,,,,
"How Products Are Made : Cat Litter",,,,,,,,,,,,,,,"How Products Are Made ",,,,,"http://www.madehow.com/Volume-2/Cat-Litter.html",,,,,"Cat Litter",,,,,,,,,,"5-12","H. Edward Lowe is considered the father of the cat litter industry.",,,,,,,,,,,,,,
"How Products Are Made : Cathode-Ray Tube",,,,,,,,,,,,,,,"How Products Are Made ",,,,,"http://www.madehow.com/Volume-2/Cathode-Ray-Tube.html",,,,,"Cathode-Ray Tube",,,,,,,,,,"5-12","A cathode-ray tube, often called a CRT, is an electronic display device in which a beam of electrons can be focused on a phosphorescent viewing screen and rapidly varied in position and intensity to produce an image. Probably the best-known application of a cathode-ray tube is as the picture tube in a television.",,,,,,,,,,,,,,
"How Products Are Made : Chalkboard",,,,,,,,,,,,,,,"How Products Are Made ",,,,,"http://www.madehow.com/Volume-2/Chalkboard.html",,,,,"Chalkboard",,,,,,,,,,"5-12","The chalkboard is a flat, vertical writing surface on which anything can be inscribed by means of a piece of chalk. The device is generally used for educational purposes, but it can also be found in the workplace, the home, and restaurants.",,,,,,,,,,,,,,
"How Products Are Made : Cigarette",,,,,,,,,,,,,,,"How Products Are Made ",,,,,"http://www.madehow.com/Volume-2/Cigarette.html",,,,,"Cigarette",,,,,,,,,,"5-12","Tobacco smoking is a practice which has changed little since American natives first stuffed the tobacco they cultivated in the hills of what is today modern Mexico into hollow reeds. As the practice spread through the Americas, different cultures wrapped their tobacco in vegetable leaves or corn husks, or put it in pipes for smoking.",,,,,,,,,,,,,,
"How Products Are Made : CNC Machine Tool",,,,,,,,,,,,,,,"How Products Are Made ",,,,,"http://www.madehow.com/Volume-2/CNC-Machine-Tool.html",,,,,"CNC Machine Tool",,,,,,,,,,"5-12","CNC or ""computer numerical controlled"" machines are sophisticated metalworking tools that can create complicated parts required by modern technology. Growing rapidly with the advances in computers, CNCs can be found performing work as lathes, milling machines, laser cutters, abrasive jet cutters, punch presses, press brakes, and other industrial tools.",,,,,,,,,,,,,,
"How Products Are Made : Coin",,,,,,,,,,,,,,,"How Products Are Made ",,,,,"http://www.madehow.com/Volume-2/Coin.html",,,,,"Coin",,,,,,,,,,"5-12","Human civilizations have long used metals as a medium for exchange. In addition to their long-lasting properties, metals lend themselves easily to melting and casting.",,,,,,,,,,,,,,
"How Products Are Made : Condom",,,,,,,,,,,,,,,"How Products Are Made ",,,,,"http://www.madehow.com/Volume-2/Condom.html",,,,,"Condom",,,,,,,,,,"5-12","Condoms are thin sheaths worn by men during sexual intercourse to prevent pregnancy and venereal infections. According to the 1995 National Survey of Family Growth, conducted by the National Center for Health Statistics in Hyattsville, Maryland, male condoms or prophylactics are the third most popular form of birth control—preceded only by female sterilization (29.5%) and birth control pills (28.5%)—with usage at 17.7%.",,,,,,,,,,,,,,
"How Products Are Made : Contact Lens",,,,,,,,,,,,,,,"How Products Are Made ",,,,,"http://www.madehow.com/Volume-2/Contact-Lens.html",,,,,"Contact Lens",,,,,,,,,,"5-12","The contact lens is a device worn in the eye to correct vision, although some people wear colored contact lens to enhance or change their eye color. The thin plastic lens floats on a film of tears directly over the cornea.",,,,,,,,,,,,,,
"How Products Are Made : Cowboy Boots",,,,,,,,,,,,,,,"How Products Are Made ",,,,,"http://www.madehow.com/Volume-2/Cowboy-Boots.html",,,,,"Cowboy Boots",,,,,,,,,,"5-12","Traditional cowboy boots have narrow toes, high heels that slope under the foot, and leather tops that reach halfway up the shins. Designed for men who spent virtually their entire day in the saddle, cowboy boots are notoriously uncomfortable to walk in, and though adjustments have been made over the years, the boots remain unsuited for almost any work a cowboy or a rancher has to do on foot.",,,,,,,,,,,,,,
"How Products Are Made : Crayon",,,,,,,,,,,,,,,"How Products Are Made ",,,,,"http://www.madehow.com/Volume-2/Crayon.html",,,,,"Crayon",,,,,,,,,,"5-12","The earliest form of recorded communication is graphic art, beginning with drawings scratched on the walls of caves by prehistoric peoples. Cave dwellers had limited drawing tools, perhaps only pieces of carbon left over from a cooking fire.",,,,,,,,,,,,,,
"How Products Are Made : Decorative Plastic Laminate",,,,,,,,,,,,,,,"How Products Are Made ",,,,,"http://www.madehow.com/Volume-2/Decorative-Plastic-Laminate.html",,,,,"Decorative Plastic Laminate",,,,,,,,,,"5-12","Decorative plastic laminate is a durable flat sheeting material used in home and industrial furnishings. It is most familiar under the Formica brand name.",,,,,,,,,,,,,,
"How Products Are Made : Dental Floss",,,,,,,,,,,,,,,"How Products Are Made ",,,,,"http://www.madehow.com/Volume-2/Dental-Floss.html",,,,,"Dental Floss",,,,,,,,,,"5-12","Dental floss is a thin filament used to remove debris caught between teeth and between teeth and gums. In 1994, Americans used more than 2.5 million miles of dental floss, the equivalent of circling the earth more than 100 times.",,,,,,,,,,,,,,
"How Products Are Made : Diamond",,,,,,,,,,,,,,,"How Products Are Made ",,,,,"http://www.madehow.com/Volume-2/Diamond.html",,,,,"Diamond",,,,,,,,,,"5-12","The diamond is the hardest natural substance known. It is found in a type of igneous rock known as kimberlite.",,,,,,,,,,,,,,
"How Products Are Made : Drywall",,,,,,,,,,,,,,,"How Products Are Made ",,,,,"http://www.madehow.com/Volume-2/Drywall.html",,,,,"Drywall",,,,,,,,,,"5-12","Drywall is a construction material consisting of thin panels of gypsum board. The board is composed of a layer of gypsum rock sandwiched between two layers of special paper.",,,,,,,,,,,,,,
"How Products Are Made : Dynamite",,,,,,,,,,,,,,,"How Products Are Made ",,,,,"http://www.madehow.com/Volume-2/Dynamite.html",,,,,"Dynamite",,,,,,,,,,"5-12","Dynamite is a commercial explosive used mainly for demolition and mining. Invented in 1866 by Alfred Bernhard Nobel (1833-1896), it is more accurately described as the packaging of nitroglycerin, a highly poisonous explosive liquid, or other volatile compounds such as sensitized ammonium nitrate.",,,,,,,,,,,,,,
"How Products Are Made : Elevator",,,,,,,,,,,,,,,"How Products Are Made ",,,,,"http://www.madehow.com/Volume-2/Elevator.html",,,,,"Elevator",,,,,,,,,,"5-12","An elevator is a platform, either open or enclosed, used for lifting people or freight to upper floors within a building. Elevators are a standard part of any tall commercial or residential building.",,,,,,,,,,,,,,
"How Products Are Made : Fat Substitute",,,,,,,,,,,,,,,"How Products Are Made ",,,,,"http://www.madehow.com/Volume-2/Fat-Substitute.html",,,,,"Fat Substitute",,,,,,,,,,"5-12","Fat. No one likes it; no one wants it.",,,,,,,,,,,,,,
"How Products Are Made : Fiberglass",,,,,,,,,,,,,,,"How Products Are Made ",,,,,"http://www.madehow.com/Volume-2/Fiberglass.html",,,,,"Fiberglass",,,,,,,,,,"5-12","Fiberglass refers to a group of products made from individual glass fibers combined into a variety of forms. Glass fibers can be divided into two major groups according to their geometry: continuous fibers used in yarns and textiles, and the discontinuous (short) fibers used as batts, blankets, or boards for insulation and filtration.",,,,,,,,,,,,,,
"How Products Are Made : Fire Engine",,,,,,,,,,,,,,,"How Products Are Made ",,,,,"http://www.madehow.com/Volume-2/Fire-Engine.html",,,,,"Fire Engine",,,,,,,,,,"5-12","The term ""fire truck"" is commonly used as a generic expression to describe a fire-fighting vehicle. Technically, a ""fire truck"" is a vehicle equipped with ladders and is used mainly to gain access to elevated portions of a structure or to provide a means of applying an elevated stream of water.",,,,,,,,,,,,,,
"How Products Are Made : Fireworks",,,,,,,,,,,,,,,"How Products Are Made ",,,,,"http://www.madehow.com/Volume-2/Fireworks.html",,,,,"Fireworks",,,,,,,,,,"5-12","A firework is a device that uses combustion or explosion to produce a visual or auditory effect. Modern pyrotechnics also includes devices similar to fireworks, such as flares, matches, and even solid-fuel rocket boosters used in spaceflight.",,,,,,,,,,,,,,
"How Products Are Made : Fortune Cookie",,,,,,,,,,,,,,,"How Products Are Made ",,,,,"http://www.madehow.com/Volume-2/Fireworks.html",,,,,"Fortune Cookie",,,,,,,,,,"5-12","A fortune cookie is a crescent-shaped, hollow cookie with a paper inside imprinted with a short saying or ""fortune."" Fortune cookies are often presented with the bill at the end of a meal in Chinese restaurants. Each diner selects a cookie and breaks it open to read the advice or prediction inside.",,,,,,,,,,,,,,
"How Products Are Made : Freeze-Dried Food",,,,,,,,,,,,,,,"How Products Are Made ",,,,,"http://www.madehow.com/Volume-2/Freeze-Dried-Food.html",,,,,"Freeze-Dried Food",,,,,,,,,,"5-12","Freeze drying is a relatively recent method of preserving food. It involves freezing the food, then removing almost all the moisture in a vacuum chamber, and finally sealing the food in an airtight container.",,,,,,,,,,,,,,
"How Products Are Made : Frozen Yogurt",,,,,,,,,,,,,,,"How Products Are Made ",,,,,"http://www.madehow.com/Volume-2/Frozen-Yogurt.html",,,,,"Frozen Yogurt",,,,,,,,,,"5-12","Frozen yogurt is a refreshing, tangy dessert that combines the flavors and textures of ice cream and sherbet. Frozen yogurt is a relative new-comer in the dessert market.",,,,,,,,,,,,,,
"How Products Are Made : Gasoline",,,,,,,,,,,,,,,"How Products Are Made ",,,,,"http://www.madehow.com/Volume-2/Gasoline.html",,,,,"Gasoline",,,,,,,,,,"5-12","Gasoline is a volatile, flammable liquid obtained from the refinement of petroleum, or crude oil. It was originally discarded as a byproduct of kerosene production, but its ability to vaporize at low temperatures made it a useful fuel for many machines.",,,,,,,,,,,,,,
"How Products Are Made : Hay Baler",,,,,,,,,,,,,,,"How Products Are Made ",,,,,"http://www.madehow.com/Volume-2/Hay-Baler.html",,,,,"Hay Baler",,,,,,,,,,"5-12","The term ""hay baler"" refers to a particular piece of agricultural equipment used to harvest hay. Hay includes grasses and other plants called legumes.",,,,,,,,,,,,,,
"How Products Are Made : Hearing Aid",,,,,,,,,,,,,,,"How Products Are Made ",,,,,"http://www.madehow.com/Volume-2/Hearing-Aid.html",,,,,"Hearing Aid",,,,,,,,,,"5-12","The hearing aid is an instrument that amplifies sounds, particularly speech, for people with hearing impairments. It may be worn comfortably behind the ear, in the outer ear, within the ear canal, in the frames of eyeglasses, or against the body or in the clothing.",,,,,,,,,,,,,,
"How Products Are Made : Hunting Knife",,,,,,,,,,,,,,,"How Products Are Made ",,,,,"http://www.madehow.com/Volume-2/Hunting-Knife.html",,,,,"Hunting Knife",,,,,,,,,,"5-12","The hunting knife is an ancient tool that has survived essentially unchanged to the present day. Belonging to the generation of tools or weapons after stones and clubs, the hunting knife gave early hunters the ability to butcher animals for meat and skins.",,,,,,,,,,,,,,
"How Products Are Made : Ice Skates",,,,,,,,,,,,,,,"How Products Are Made ",,,,,"http://www.madehow.com/Volume-2/Ice-Skates.html",,,,,"Ice Skates",,,,,,,,,,"5-12","Ice skating, in one form or another, has existed for thousands of years. Evidence suggests that as long ago as 1000 B.C.",,,,,,,,,,,,,,
"How Products Are Made : Industrial Robot",,,,,,,,,,,,,,,"How Products Are Made ",,,,,"http://www.madehow.com/Volume-2/Industrial-Robot.html",,,,,"Industrial Robot",,,,,,,,,,"5-12","In-line skates were developed in the mid-1980s, but the basic concept of rolling wheels attached to a boot is much older. Earlier roller skates had wheels of wood, plastic, or steel, arranged in pairs.",,,,,,,,,,,,,,
"How Products Are Made : In-Line Skates",,,,,,,,,,,,,,,"How Products Are Made ",,,,,"http://www.madehow.com/Volume-2/In-Line-Skates.html",,,,,"In-Line Skates",,,,,,,,,,"5-12","Industrial robots are mechanical devices which, to a certain degree, replicate human motions. They are used whenever there is a need to reduce the danger to a human, provide more strength or accuracy than a human, or when continuous operation is required.",,,,,,,,,,,,,,
"How Products Are Made : Integrated Circuit",,,,,,,,,,,,,,,"How Products Are Made ",,,,,"http://www.madehow.com/Volume-2/Industrial-Robot.html",,,,,"Integrated Circuit",,,,,,,,,,"5-12","An integrated circuit, commonly referred to as an IC, is a microscopic array of electronic circuits and components that has been diffused or implanted onto the surface of a single crystal, or chip, of semiconducting material such as silicon. It is called an integrated circuit because the components, circuits, and base material are all made together, or integrated, out of a single piece of silicon, as opposed to a discrete circuit in which the components are made separately from different materials and assembled later.",,,,,,,,,,,,,,
"How Products Are Made : Iron",,,,,,,,,,,,,,,"How Products Are Made ",,,,,"http://www.madehow.com/Volume-2/Iron.html",,,,,"Iron",,,,,,,,,,"5-12","Iron is one of the most common elements on earth. Nearly every construction of man contains at least a little iron.",,,,,,,,,,,,,,
"How Products Are Made : Jelly Bean",,,,,,,,,,,,,,,"How Products Are Made ",,,,,"http://www.madehow.com/Volume-2/Jelly-Bean.html",,,,,"Jelly Bean",,,,,,,,,,"5-12","The jelly bean is a semi-soft candy, shaped like a bean and generally fruit flavored. Long considered a traditional Easter candy, jelly beans are also produced in seasonal colors for other holidays such as Halloween and Independence Day.",,,,,,,,,,,,,,
"How Products Are Made : Kayak",,,,,,,,,,,,,,,"How Products Are Made ",,,,,"http://www.madehow.com/Volume-2/Kayak.html",,,,,"Kayak",,,,,,,,,,"5-12","Kayaks have become an increasingly popular means of enjoying sporting and leisure boating activities. Kayaks resemble canoes in that both are long, narrow, lightweight paddle boats which are pointed at both ends.",,,,,,,,,,,,,,
"How Products Are Made : Ketchup",,,,,,,,,,,,,,,"How Products Are Made ",,,,,"http://www.madehow.com/Volume-2/Ketchup.html",,,,,"Ketchup",,,,,,,,,,"5-12","Ketchup, a tangy, seasoned tomato sauce, is one of America's favorite condiments. Although ketchup, also spelled catsup, is used primarily as a relish for hamburgers, hot dogs, and french fries, it is also a common ingredient for sauces, meatloaf, beans, and stews.",,,,,,,,,,,,,,
"How Products Are Made : Lead",,,,,,,,,,,,,,,"How Products Are Made ",,,,,"http://www.madehow.com/Volume-2/Lead.html",,,,,"Lead",,,,,,,,,,"5-12","Lead is a dense, soft, low-melting metal. It is an important component of batteries, and about 75% of the world's lead production is consumed by the battery industry.",,,,,,,,,,,,,,
"How Products Are Made : Leather Jacket",,,,,,,,,,,,,,,"How Products Are Made ",,,,,"http://www.madehow.com/Volume-2/Leather-Jacket.html",,,,,"Leather Jacket",,,,,,,,,,"5-12","Leather, a material made from tanned animal hides, has been used as clothing since the earliest days of human existence. Prehistoric people wrapped animal skins around their bodies for warmth and to absorb the magical powers that they believed the skins imparted to them.",,,,,,,,,,,,,,
"How Products Are Made : Life Vest",,,,,,,,,,,,,,,"How Products Are Made ",,,,,"http://www.madehow.com/Volume-2/Life-Vest.html",,,,,"Life Vest",,,,,,,,,,"5-12","Recreational and professional activities bring people in contact with water everyday. Safety on and near the water is an issue for the weekend sail boater as well as for military and rescue personnel.",,,,,,,,,,,,,,
"How Products Are Made : Magnet",,,,,,,,,,,,,,,"How Products Are Made ",,,,,"http://www.madehow.com/Volume-2/Magnet.html",,,,,"Magnet",,,,,,,,,,"5-12","A magnet is a material that can exert a noticeable force on other materials without actually contacting them. This force is known as a magnetic force and may either attract or repel.",,,,,,,,,,,,,,
"How Products Are Made : Marbles",,,,,,,,,,,,,,,"How Products Are Made ",,,,,"http://www.madehow.com/Volume-2/Marbles.html",,,,,"Marbles",,,,,,,,,,"5-12","Marbles are small, round, spherical objects made from glass or stone and most commonly used in children's games. They are usually less than an inch (2.54 cm) in diameter and often brightly colored or otherwise decorated.",,,,,,,,,,,,,,
"How Products Are Made : Milking Machine",,,,,,,,,,,,,,,"How Products Are Made ",,,,,"http://www.madehow.com/Volume-2/Milking-Machine.html",,,,,"Milking Machine",,,,,,,,,,"5-12","The milking machine is a nearly automatic machine installation for milking cows. It is not a single unit, but rather an assembly of components designed to handle as many as 200 cows an hour.",,,,,,,,,,,,,,
"How Products Are Made : Nail",,,,,,,,,,,,,,,"How Products Are Made ",,,,,"http://www.madehow.com/Volume-2/Nail.html",,,,,"Nail",,,,,,,,,,"5-12","A nail consists of a metal rod or shank, pointed at one end and usually having a formed head at the other, that can be hammered into pieces of wood or other materials to fasten them together. A nail is usually made of steel, although it can be made of aluminum, brass, or many other metals.",,,,,,,,,,,,,,
"How Products Are Made : Neon Sign",,,,,,,,,,,,,,,"How Products Are Made ",,,,,"http://www.madehow.com/Volume-2/Neon-Sign.html",,,,,"Neon Sign",,,,,,,,,,"5-12","A neon sign is a lighting display made of glass tubes that have been filled with a gas and bent into the shape of letters or decorative designs. When a high-voltage electrical current is passed through the gas, the tubes emit light.",,,,,,,,,,,,,,
"How Products Are Made : Newspaper",,,,,,,,,,,,,,,"How Products Are Made ",,,,,"http://www.madehow.com/Volume-2/Newspaper.html",,,,,"Newspaper",,,,,,,,,,"5-12","A newspaper is a printed periodical whose purpose is to deliver news and other information in an up-to-date, factual manner. Newspapers appear most commonly in daily editions, but may also be issued twice a day or weekly.",,,,,,,,,,,,,,
"How Products Are Made : Paddle",,,,,,,,,,,,,,,"How Products Are Made ",,,,,"http://www.madehow.com/Volume-2/Paddle.html",,,,,"Paddle",,,,,,,,,,"5-12","A paddle is an implement for manually moving and guiding a small boat. A paddle consists of a shaft with a broad flat surface, called a blade, on one or both ends.",,,,,,,,,,,,,,
"How Products Are Made : Paper",,,,,,,,,,,,,,,"How Products Are Made ",,,,,"http://www.madehow.com/Volume-2/Paper.html",,,,,"Paper",,,,,,,,,,"5-12","Formed from wood pulp or plant fiber, paper is chiefly used for written communication. The earliest paper was papyrus, made from reeds by the ancient Egyptians.",,,,,,,,,,,,,,
"How Products Are Made : Pasta",,,,,,,,,,,,,,,"How Products Are Made ",,,,,"http://www.madehow.com/Volume-2/Pasta.html",,,,,"Pasta",,,,,,,,,,"5-12","Pasta is a universally enjoyed food, and almost every country serves a type of noodle. In China, it is mein; Japan, udon; Poland, pierogi; Germany, spaetzle.",,,,,,,,,,,,,,
"How Products Are Made : Perfume",,,,,,,,,,,,,,,"How Products Are Made ",,,,,"http://www.madehow.com/Volume-2/Perfume.html",,,,,"Perfume",,,,,,,,,,"5-12","Since the beginning of recorded history, humans have attempted to mask or enhance their own odor by using perfume, which emulates nature's pleasant smells. Many natural and man-made materials have been used to make perfume to apply to the skin and clothing, to put in cleaners and cosmetics, or to scent the air.",,,,,,,,,,,,,,
"How Products Are Made : Pet Food",,,,,,,,,,,,,,,"How Products Are Made ",,,,,"http://www.madehow.com/Volume-2/Pet-Food.html",,,,,"Pet Food",,,,,,,,,,"5-12",,,,,,,,,,,,,,,
"How Products Are Made : Photographic Film",,,,,,,,,,,,,,,"How Products Are Made ",,,,,"http://www.madehow.com/Volume-2/Photographic-Film.html",,,,,"Photographic Film",,,,,,,,,,"5-12","Photographic film is a chemically reactive material that records a fixed or still image when the film is exposed to light. Typically, film is placed in a camera, and light from the image being photographed is allowed to enter and is focused and sometimes made larger or smaller by the camera lens.",,,,,,,,,,,,,,
"How Products Are Made : Plastic Wrap",,,,,,,,,,,,,,,"How Products Are Made ",,,,,"http://www.madehow.com/Volume-2/Plastic-Wrap.html",,,,,"Plastic Wrap",,,,,,,,,,"5-12","Plastic wrap is a form of food packaging consisting of a thin film of flexible, transparent polymer that clings to itself and to food containers to form a tight seal. The plastic keeps the food fresh by protecting it from air and by preventing dry foods from absorbing moisture and wet foods from losing moisture.",,,,,,,,,,,,,,
"How Products Are Made : Player Piano",,,,,,,,,,,,,,,"How Products Are Made ",,,,,"http://www.madehow.com/Volume-2/Player-Piano.html",,,,,"Player Piano",,,,,,,,,,"5-12","The player piano begins as a standard, or non-player, acoustic piano. It contains a keyboard, and, when the keys are struck, felt hammers strike tuned metal strings to create musical tones.",,,,,,,,,,,,,,
"How Products Are Made : Polyester",,,,,,,,,,,,,,,"How Products Are Made ",,,,,"http://www.madehow.com/Volume-2/Polyester.html",,,,,"Polyester",,,,,,,,,,"5-12","Polyester is a synthetic fiber derived from coal, air, water, and petroleum. Developed in a 20th-century laboratory, polyester fibers are formed from a chemical reaction between an acid and alcohol.",,,,,,,,,,,,,,
"How Products Are Made : Printed Circuit Board",,,,,,,,,,,,,,,"How Products Are Made ",,,,,"http://www.madehow.com/Volume-2/Printed-Circuit-Board.html",,,,,"Printed Circuit Board",,,,,,,,,,"5-12","A printed circuit board, or PCB, is a self-contained module of interconnected electronic components found in devices ranging from common beepers, or pagers, and radios to sophisticated radar and computer systems. The circuits are formed by a thin layer of conducting material deposited, or ""printed,"" on the surface of an insulating board known as the substrate.",,,,,,,,,,,,,,
"How Products Are Made : Road Sign",,,,,,,,,,,,,,,"How Products Are Made ",,,,,"http://www.madehow.com/Volume-2/Road-Sign.html",,,,,"Road Sign",,,,,,,,,,"5-12","Road signs use shapes, colors, words, and symbols to communicate a message to drivers. Without such signs, the movement of traffic would be disorderly and unpredictable.",,,,,,,,,,,,,,
"How Products Are Made : Rope",,,,,,,,,,,,,,,"How Products Are Made ",,,,,"http://www.madehow.com/Volume-2/Rope.html",,,,,"Rope",,,,,,,,,,"5-12","A rope is a bundle of flexible fibers twisted or braided together to increase its overall length and tensile strength. The use of ropes for hunting, carrying, lifting, and climbing dates back to prehistoric times.",,,,,,,,,,,,,,
"How Products Are Made : Rough Terrain Forklift",,,,,,,,,,,,,,,"How Products Are Made ",,,,,"http://www.madehow.com/Volume-2/Rough-Terrain-Forklift.html",,,,,"Rough Terrain Forklift",,,,,,,,,,"5-12","A forklift is a mobile machine that uses two prongs, or forks, to lift and place loads into positions which are ordinarily difficult to reach. Forklifts generally fall into two categories: industrial and rough terrain.",,,,,,,,,,,,,,
"How Products Are Made : Safety Pin",,,,,,,,,,,,,,,"How Products Are Made ",,,,,"http://www.madehow.com/Volume-2/Safety-Pin.html",,,,,"Safety Pin",,,,,,,,,,"5-12","A coiled piece of steel wire, sharpened at one end with a catch plate at the other, the modern safety pin is a device that can be traced back to New York City in about 1825. An indebted inventor named Walter Hunt sought a way to repay a $15 debt.",,,,,,,,,,,,,,
"How Products Are Made : Salt",,,,,,,,,,,,,,,"How Products Are Made ",,,,,"http://www.madehow.com/Volume-2/Salt.html",,,,,"Salt",,,,,,,,,,"5-12","Salt is the common name for the substance sodium chloride (NaCI), which occurs in the form of transparent cubic crystals. Although salt is most familiar as a food supplement, less than 5% of the salt produced in the United States is used for that purpose.",,,,,,,,,,,,,,
"How Products Are Made : Self-Adhesive Note",,,,,,,,,,,,,,,"How Products Are Made ",,,,,"http://www.madehow.com/Volume-2/Self-Adhesive-Note.html",,,,,"Self-Adhesive Note",,,,,,,,,,"5-12","Self-adhesive notes, also called ""sticky notes,"" are partially adhesive, detachable note papers that have revolutionized memo making. Throughout the country, it seems almost every surface in an office is amenable to the little yellow notes: they're stuck to desks, computers, files, folders, and rolodexes.",,,,,,,,,,,,,,
"How Products Are Made : Silk",,,,,,,,,,,,,,,"How Products Are Made ",,,,,"http://www.madehow.com/Volume-2/Silk.html",,,,,"Silk",,,,,,,,,,"5-12","Silk has set the standard in luxury fabrics for several millennia. The origins of silk date back to Ancient China.",,,,,,,,,,,,,,
"How Products Are Made : Ski",,,,,,,,,,,,,,,"How Products Are Made ",,,,,"http://www.madehow.com/Volume-2/Ski.html",,,,,"Ski",,,,,,,,,,"5-12","Although skiing is a popular sport today, the first skis were used as a quick and efficient means of transportation rather than for recreation. It is believed that skis originated in the Scandinavian nations about 5,000 years ago.",,,,,,,,,,,,,,
"How Products Are Made : Smoke Detector",,,,,,,,,,,,,,,"How Products Are Made ",,,,,"http://www.madehow.com/Volume-2/Smoke-Detector.html",,,,,"Smoke Detector",,,,,,,,,,"5-12","A smoke detector is a device that senses the presence of smoke in a building and warns the occupants, enabling them to escape a fire before succumbing to smoke inhalation or burns. Equipping a home with at least one smoke detector cuts in half the chances that the residents will die in a fire.",,,,,,,,,,,,,,
"How Products Are Made : Soap",,,,,,,,,,,,,,,"How Products Are Made ",,,,,"http://www.madehow.com/Volume-2/Soap.html",,,,,"Soap",,,,,,,,,,"5-12","Soap is a combination of animal fat or plant oil and caustic soda. When dissolved in water, it breaks dirt away from surfaces.",,,,,,,,,,,,,,
"How Products Are Made : Soft Drink",,,,,,,,,,,,,,,"How Products Are Made ",,,,,"http://www.madehow.com/Volume-2/Soft-Drink.html",,,,,"Soft Drink",,,,,,,,,,"5-12","Soft drinks are enormously popular beverages consisting primarily of carbonated water, sugar, and flavorings. Nearly 200 nations enjoy the sweet, sparkling soda with an annual consumption of more than 34 billion gallons.",,,,,,,,,,,,,,
"How Products Are Made : Stained Glass",,,,,,,,,,,,,,,"How Products Are Made ",,,,,"http://www.madehow.com/Volume-2/Stained-Glass.html",,,,,"Stained Glass",,,,,,,,,,"5-12","The technology for making glass dates back at least 5,000 years, and some form of stained glass was used in European Christian churches by the third or fourth century A.D. The art of stained glass flowered in the 12th century with the rise of the Gothic cathedral.",,,,,,,,,,,,,,
"How Products Are Made : Sunscreen",,,,,,,,,,,,,,,"How Products Are Made ",,,,,"http://www.madehow.com/Volume-2/Sunscreen.html",,,,,"Sunscreen",,,,,,,,,,"5-12","The image of a healthy person today does not necessarily include a deep, dark tan. Research has linked exposure to the sun's ultraviolet rays to skin cancer, premature wrinkles, and other skin problems.",,,,,,,,,,,,,,
"How Products Are Made : Surfboard",,,,,,,,,,,,,,,"How Products Are Made ",,,,,"http://www.madehow.com/Volume-2/Surfboard.html",,,,,"Surfboard",,,,,,,,,,"5-12","A surfboard is used in the sport of surfing. A typical surfboard is about 18-24 inches (46-61 cm) wide, 72-120 inches (183-305 cm) long, and several inches thick.",,,,,,,,,,,,,,
"How Products Are Made : Tea bag",,,,,,,,,,,,,,,"How Products Are Made ",,,,,"http://www.madehow.com/Volume-2/Tea-bag.html",,,,,"Tea bag",,,,,,,,,,"5-12","Tea has existed as a beverage since 2000 B.C. The brewing, serving, and drinking of tea are time-honored rituals throughout the world.",,,,,,,,,,,,,,
"How Products Are Made : Telescope",,,,,,,,,,,,,,,"How Products Are Made ",,,,,"http://www.madehow.com/Volume-2/Telescope.html",,,,,"Telescope",,,,,,,,,,"5-12","A telescope is a device used to form images of distant objects. The most familiar kind of telescope is an optical telescope, which uses a series of lenses or a curved mirror to focus visible light.",,,,,,,,,,,,,,
"How Products Are Made : Tofu",,,,,,,,,,,,,,,"How Products Are Made ",,,,,"http://www.madehow.com/Volume-2/Tofu.html",,,,,"Tofu",,,,,,,,,,"5-12","Tofu is a highly versatile and nutritious food that is made from soybean curds. Although the word ""tofu"" is Japanese, the food seems to have originated in ancient China, where the Mandarin term is ""doufu."" The creation of tofu is generally attributed to the ruler Liu An of Huai-nan during the second century B.C.",,,,,,,,,,,,,,
"How Products Are Made : Toothbrush",,,,,,,,,,,,,,,"How Products Are Made ",,,,,"http://www.madehow.com/Volume-2/Toothbrush.html",,,,,"Toothbrush",,,,,,,,,,"5-12","A toothbrush is a dental instrument used for cleaning teeth, ideally in conjunction with toothpaste or mouthwash. The toothbrush consists of a plastic handle and nylon bristles attached to the head of the brush.",,,,,,,,,,,,,,
"How Products Are Made : Traffic Signal",,,,,,,,,,,,,,,"How Products Are Made ",,,,,"http://www.madehow.com/Volume-2/Traffic-Signal.html",,,,,"Traffic Signal",,,,,,,,,,"5-12","A traffic signal, or stoplight as it is also known, controls vehicle traffic passing through the intersection of two or more roadways by giving a visual indication to drivers when to proceed, when to slow, and when to stop. In some cases, traffic signals also indicate to drivers when they may make a turn.",,,,,,,,,,,,,,
"How Products Are Made : T-Shirt",,,,,,,,,,,,,,,"How Products Are Made ",,,,,"http://www.madehow.com/Volume-2/T-Shirt.html",,,,,"T-Shirt",,,,,,,,,,"5-12","T-shirts are durable, versatile garments with mass appeal that may be worn as outerwear or underwear. Since their creation in 1920, T-shirts have evolved into a two-billion dollar market.",,,,,,,,,,,,,,
"How Products Are Made : Vaccine",,,,,,,,,,,,,,,"How Products Are Made ",,,,,"http://www.madehow.com/Volume-2/Vaccine.html",,,,,"Vaccine",,,,,,,,,,"5-12","The development of vaccines to protect against viral disease is one of the hallmarks of modern medicine. The first vaccine was produced by Edward Jenner in 1796 in an attempt to provide protection against smallpox.",,,,,,,,,,,,,,
"How Products Are Made : Violin",,,,,,,,,,,,,,,"How Products Are Made ",,,,,"http://www.madehow.com/Volume-2/Violin.html",,,,,"Violin",,,,,,,,,,"5-12","The violin is the most modern embodiment of stringed musical instruments played with a bow. Like the guitar and other plucked string instruments, bowed instruments date from antiquity.",,,,,,,,,,,,,,
"How Products Are Made : Violin Bow",,,,,,,,,,,,,,,"How Products Are Made ",,,,,"http://www.madehow.com/Volume-2/Violin-Bow.html",,,,,"Violin Bow",,,,,,,,,,"5-12","Several types of stringed musical instruments, among them the violin, the viola, and cello, cannot be successfully played without a bow, and are therefore referred to as ""bowed stringed instruments."" Because they are almost always heard while being bowed, the bow is considered an integral part of their tone production, contributing its own individual character and timbre. The use of different bows on the same instrument will produce correspondingly different tonality as a result.",,,,,,,,,,,,,,
"How Products Are Made : Whiskey",,,,,,,,,,,,,,,"How Products Are Made ",,,,,"http://www.madehow.com/Volume-2/Whiskey.html",,,,,"Whiskey",,,,,,,,,,"5-12","Whiskey (usually spelled whisky in Canada and Scotland) is a spirit produced from fermented grain and aged in wood. A spirit is any alcoholic beverage in which the alcohol content has been increased by distillation.",,,,,,,,,,,,,,
"How Products Are Made : Zinc",,,,,,,,,,,,,,,"How Products Are Made ",,,,,"http://www.madehow.com/Volume-2/Zinc.html",,,,,"Zinc",,,,,,,,,,"5-12","Zinc is an elemental metal. It is listed on the Periodic Table as ""Zn,"" with an atomic number of 30 and an atomic weight of 65.37, and it melts at 788°F (420°C).",,,,,,,,,,,,,,
" : ",,,,,,,,,,,,,,,"How Products Are Made ",,,,,"http://www.madehow.com/Volume-3/Accordion.html",,,,,"Accordion",,,,,,,,,,"5-12","The accordion is a portable, freely vibrating reed instrument. It consists of a keyboard and bass casing that are connected by a collapsible bellows.",,,,,,,,,,,,,,
" : ",,,,,,,,,,,,,,,"How Products Are Made ",,,,,"http://www.madehow.com/Volume-3/Acrylic-Fingernail.html",,,,,"Acrylic Fingernail",,,,,,,,,,"5-12","Acrylic nails are used to artificially enhance the appearance of natural fingernails. The term ""acrylic nail"" covers a range of product types, including press-on nails, nail tips, and sculpted nails.",,,,,,,,,,,,,,
" : ",,,,,,,,,,,,,,,"How Products Are Made ",,,,,"http://www.madehow.com/Volume-3/Air-Conditioner.html",,,,,"Air Conditioner",,,,,,,,,,"5-12","Residential and commercial space-cooling demands are increasing steadily throughout the world as what once was considered a luxury is now seemingly a necessity. Air-conditioning manufacturers have played a big part in making units more affordable by increasing their efficiency and improving components and technology.",,,,,,,,,,,,,,
" : ",,,,,,,,,,,,,,,"How Products Are Made ",,,,,"http://www.madehow.com/Volume-3/Airship.html",,,,,"Airship",,,,,,,,,,"5-12","An airship is a large lighter-than-air gas balloon that can be navigated by using engine-driven propellers. There are three types of airships: rigid (has an internal metal frame to maintain the envelope's shape); semi-rigid (rigid keels run the length of the envelope to maintain its shape); and non-rigid (internal pressure of the lifting gas, usually helium, maintains the envelope's shape).",,,,,,,,,,,,,,
" : ",,,,,,,,,,,,,,,"How Products Are Made ",,,,,"http://www.madehow.com/Volume-3/Animation.html",,,,,"Animation",,,,,,,,,,"5-12","Animation is a series of still drawings that, when viewed in rapid succession, gives the impression of a moving picture. The word animation derives from the Latin words anima meaning life, and animare meaning to breathe life into.",,,,,,,,,,,,,,
" : ",,,,,,,,,,,,,,,"How Products Are Made ",,,,,"http://www.madehow.com/Volume-3/Antishoplifting-Tag.html",,,,,"Antishoplifting Tag",,,,,,,,,,"5-12","Ronald Assas' frustration with shoplifters came to a head the day he watched a man slip two bottles of wine under his shirt and run out of an Akron, Ohio, supermarket. Assas, the store manager, sprinted out the door in pursuit of the thief.",,,,,,,,,,,,,,
" : ",,,,,,,,,,,,,,,"How Products Are Made ",,,,,"http://www.madehow.com/Volume-3/Artificial-Eye.html",,,,,"Artificial Eye",,,,,,,,,,"5-12","An artificial eye is a replacement for a natural eye lost because of injury or disease. Although the replacement cannot provide sight, it fills the cavity of the eye socket and serves as a cosmetic enhancement.",,,,,,,,,,,,,,
" : ",,,,,,,,,,,,,,,"How Products Are Made ",,,,,"http://www.madehow.com/Volume-3/Artificial-Skin.html",,,,,"Artificial Skin",,,,,,,,,,"5-12","Skin, the human body's largest organ, protects the body from disease and physical damage, and helps to regulate body temperature. It is composed of two major layers, the epidermis and the dermis.",,,,,,,,,,,,,,
" : ",,,,,,,,,,,,,,,"How Products Are Made ",,,,,"http://www.madehow.com/Volume-3/Aspartame.html",,,,,"Aspartame",,,,,,,,,,"5-12","Aspartame is an artificial sweetener used in reduced calorie foods. It is derived primarily from two naturally occurring amino acids chemically combined and designated by the chemical name N-L-aaspartyl-L-phenylalanine-l-methyl ester (APM).",,,,,,,,,,,,,,
" : ",,,,,,,,,,,,,,,"How Products Are Made ",,,,,"http://www.madehow.com/Volume-3/Asphalt-Paver.html",,,,,"Asphalt Paver",,,,,,,,,,"5-12","An asphalt paver is a machine used to distribute, shape, and partially compact a layer of asphalt on the surface of a roadway, parking lot, or other area. It is sometimes called an asphalt-paving machine.",,,,,,,,,,,,,,
" : ",,,,,,,,,,,,,,,"How Products Are Made ",,,,,"http://www.madehow.com/Volume-3/Automatic-Drip-Coffee-Maker.html",,,,,"Automatic Drip Coffee Maker",,,,,,,,,,"5-12","Coffee was first cultivated in Ethiopia in the sixth century A.D. The coffee berries were consumed whole, or a wine was made out of the fermented fruits.",,,,,,,,,,,,,,
" : ",,,,,,,,,,,,,,,"How Products Are Made ",,,,,"http://www.madehow.com/Volume-3/Ballpoint-Pen.html",,,,,"Ballpoint Pen",,,,,,,,,,"5-12","A ballpoint pen is a writing instrument which features a tip that is automatically refreshed with ink. It consists of a precisely formed metal ball seated in a socket below a reservoir of ink.",,,,,,,,,,,,,,
" : ",,,,,,,,,,,,,,,"How Products Are Made ",,,,,"http://www.madehow.com/Volume-3/Black-Box.html",,,,,"Black Box",,,,,,,,,,"5-12","Black box is a generic term used to describe the computerized flight data recorders carried by modern commercial aircraft. The Flight Data Recorder (FDR) is a miniaturized computer system which tracks a variety of data regarding the flight of the plane, such as airspeed, position, and altitude.",,,,,,,,,,,,,,
" : ",,,,,,,,,,,,,,,"How Products Are Made ",,,,,"http://www.madehow.com/Volume-3/Bulldozer.html",,,,,"Bulldozer",,,,,,,,,,"5-12","Popularized in the 1920s and used heavily ever since, the bulldozer, commonly termed a dozer, is a clear offspring of the crawler tractor. Used in conjunction with other earthmoving vehicles, the bulldozer is a powerful and necessary tool utilized in almost every construction site in the world.",,,,,,,,,,,,,,
" : ",,,,,,,,,,,,,,,"How Products Are Made ",,,,,"http://www.madehow.com/Volume-3/Camera.html",,,,,"Camera",,,,,,,,,,"5-12","Photography has staked its claim as America's favorite hobby, and today, cameras are available in sizes and shapes to suit the needs of every kind of photographer and budget. Much like Henry Ford wanted a Model T in every driveway, George Eastman thought every consumer should be able to afford a camera.",,,,,,,,,,,,,,
" : ",,,,,,,,,,,,,,,"How Products Are Made ",,,,,"http://www.madehow.com/Volume-3/CAT-Scanner.html",,,,,"CAT Scanner",,,,,,,,,,"5-12","A computed tomography (CT) or computerized axial tomography (CAT) scanner is a medical imaging tool that provides clear pictures of the internal structures of the body. Utilizing a beam of x rays and a radiation detector, it supplies data to a computer, which then constructs a three-dimensional image.",,,,,,,,,,,,,,
" : ",,,,,,,,,,,,,,,"How Products Are Made ",,,,,"http://www.madehow.com/Volume-3/Cereal.html",,,,,"Cereal",,,,,,,,,,"5-12","Breakfast cereal is a processed food manufactured from grain and intended to be eaten as a main course served with milk during the morning meal. Some breakfast cereals require brief cooking, but these hot cereals are less popular than cold, ready-to-eat cereals.",,,,,,,,,,,,,,
" : ",,,,,,,,,,,,,,,"How Products Are Made ",,,,,"http://www.madehow.com/Volume-3/Champagne.html",,,,,"Champagne",,,,,,,,,,"5-12","Champagne is the ultimate celebratory drink. It is used to toast newlyweds, applaud achievements, and acknowledge milestones.",,,,,,,,,,,,,,
" : ",,,,,,,,,,,,,,,"How Products Are Made ",,,,,"http://www.madehow.com/Volume-3/Cigar.html",,,,,"Cigar",,,,,,,,,,"5-12","A cigar is a tobacco leaf wrapped around a tobacco leaf filling. Bigger than a cigarette, and taking longer to smoke, the cigar is considered by aficionados to be the finest way to enjoy tobacco.",,,,,,,,,,,,,,
" : ",,,,,,,,,,,,,,,"How Products Are Made ",,,,,"http://www.madehow.com/Volume-3/Clarinet.html",,,,,"Clarinet",,,,,,,,,,"5-12","The clarinet is a woodwind instrument played with a single reed. Clarinets come in many different sizes, with different pitch ranges.",,,,,,,,,,,,,,
" : ",,,,,,,,,,,,,,,"How Products Are Made ",,,,,"http://www.madehow.com/Volume-3/Clarinet.html",,,,,"Concrete Block",,,,,,,,,,"5-12","A concrete block is primarily used as a building material in the construction of walls. It is sometimes called a concrete masonry unit (CMU).",,,,,,,,,,,,,,
" : ",,,,,,,,,,,,,,,"How Products Are Made ",,,,,"http://www.madehow.com/Volume-3/Cultured-Pearl.html",,,,,"Cultured Pearl",,,,,,,,,,"5-12","Thanks to its rarity and beauty, the pearl is as prized as a precious gem, but it is not formed by geologic processes like precious and semi-precious stones. Instead, the pearl is a product of some species of oysters and other shell-fish, formally called bivalve mollusks.",,,,,,,,,,,,,,
" : ",,,,,,,,,,,,,,,"How Products Are Made ",,,,,"http://www.madehow.com/Volume-3/Dental-Drill.html",,,,,"Dental Drill",,,,,,,,,,"5-12","The dental drill is a tool used by dentists to bore through tooth enamel as well as to clean and remove plaque from the tooth's surface. It is composed primarily of a handpiece, an air turbine, and a tungsten carbide drill bit.",,,,,,,,,,,,,,
" : ",,,,,,,,,,,,,,,"How Products Are Made ",,,,,"http://www.madehow.com/Volume-3/Denture.html",,,,,"Denture",,,,,,,,,,"5-12","Dentures, or false teeth, are fixed or removable replacements for teeth. Tooth replacement becomes necessary when the tooth and its roots have been irreparably damaged, and the tooth has been lost or must be removed.",,,,,,,,,,,,,,
" : ",,,,,,,,,,,,,,,"How Products Are Made ",,,,,"http://www.madehow.com/Volume-3/Disposable-Diaper.html",,,,,"Disposable Diaper",,,,,,,,,,"5-12","A disposable diaper consists of an absorbent pad sandwiched between two sheets of nonwoven fabric. The pad is specially designed to absorb and retain body fluids, and the nonwoven fabric gives the diaper a comfortable shape and helps prevent leakage.",,,,,,,,,,,,,,
" : ",,,,,,,,,,,,,,,"How Products Are Made ",,,,,"http://www.madehow.com/Volume-3/EKG-Machine.html",,,,,"EKG Machine",,,,,,,,,,"5-12","An electrocardiogram (EKG or ECG) is a device which graphically records the electrical activity of the muscles of the heart. It is used to identify normal and abnormal heartbeats.",,,,,,,,,,,,,,
" : ",,,,,,,,,,,,,,,"How Products Are Made ",,,,,"http://www.madehow.com/Volume-3/Escalator.html",,,,,"Escalator",,,,,,,,,,"5-12","An escalator is a power-driven, continuous moving stairway designed to transport passengers up and down short vertical distances. Escalators are used around the world to move pedestrian traffic in places where elevators would be impractical.",,,,,,,,,,,,,,
" : ",,,,,,,,,,,,,,,"How Products Are Made ",,,,,"http://www.madehow.com/Volume-3/Fake-Fur.html",,,,,"Fake Fur",,,,,,,,,,"5-12","Fake fur is a type of textile fabric fashioned to simulate genuine animal fur. It is known as a pile fabric and is typically made from polymeric fibers that are processed, dyed, and cut to match a specific fur texture and color.",,,,,,,,,,,,,,
" : ",,,,,,,,,,,,,,,"How Products Are Made ",,,,,"http://www.madehow.com/Volume-3/Fertilizer.html",,,,,"Fertilizer",,,,,,,,,,"5-12","Fertilizer is a substance added to soil to improve plants' growth and yield. First used by ancient farmers, fertilizer technology developed significantly as the chemical needs of growing plants were discovered.",,,,,,,,,,,,,,
" : ",,,,,,,,,,,,,,,"How Products Are Made ",,,,,"http://www.madehow.com/Volume-3/Fiberboard.html",,,,,"Fiberboard",,,,,,,,,,"5-12","Composite forest products, or engineered wood, refer to materials made of wood that are glued together. In the United States, roughly 21 million tons (21.3 million metric tons) of composite wood are produced annually.",,,,,,,,,,,,,,
" : ",,,,,,,,,,,,,,,"How Products Are Made ",,,,,"http://www.madehow.com/Volume-3/Flavored-Coffee-Bean.html",,,,,"Flavored Coffee Bean",,,,,,,,,,"5-12","Flavored coffee beans are coated with flavor compounds to supplement coffee beans' natural taste. In addition, these flavors help extend the shelf life of coffee by disguising changes in flavor due to decaffeination, oxidation, or aging processes.",,,,,,,,,,,,,,
" : ",,,,,,,,,,,,,,,"How Products Are Made ",,,,,"http://www.madehow.com/Volume-3/Flour.html",,,,,"Flour",,,,,,,,,,"5-12","Flour is a finely ground powder prepared from grain or other starchy plant foods and used in baking. Although flour can be made from a wide variety of plants, the vast majority is made from wheat.",,,,,,,,,,,,,,
" : ",,,,,,,,,,,,,,,"How Products Are Made ",,,,,"http://www.madehow.com/Volume-3/Football.html",,,,,"Football",,,,,,,,,,"5-12","Although the game of football as we know it today supposedly dates back to the nineteenth century, there is some evidence to support that the ancient Greeks played a version of football they called harpaston. This game apparently took place on a rectangular field with goal lines on both ends.",,,,,,,,,,,,,,
" : ",,,,,,,,,,,,,,,"How Products Are Made ",,,,,"http://www.madehow.com/Volume-3/Football-Helmet.html",,,,,"Football Helmet",,,,,,,,,,"5-12","Amateur and professional football players alike wear protective gear to reduce the likelihood of sustaining injury while playing the game of football. The football helmet with its chin strap, face mask, and optional mouth guard is one example of protective gear.",,,,,,,,,,,,,,
" : ",,,,,,,,,,,,,,,"How Products Are Made ",,,,,"http://www.madehow.com/Volume-3/Garbage-Truck.html",,,,,"Garbage Truck",,,,,,,,,,"5-12","You can call it garbage, trash, refuse, or solid waste. It's all the same thing, and getting rid of it has been a problem since the beginning of civilization.",,,,,,,,,,,,,,
" : ",,,,,,,,,,,,,,,"How Products Are Made ",,,,,"http://www.madehow.com/Volume-3/Gas-Mask.html",,,,,"Gas Mask",,,,,,,,,,"5-12","A gas mask is a device designed to protect the wearer from noxious vapors, dust, and other pollutants. Masks may be designed to carry their own internal supply of fresh air, or they may be outfitted with a filter to screen out harmful contaminants.",,,,,,,,,,,,,,
" : ",,,,,,,,,,,,,,,"How Products Are Made ",,,,,"http://www.madehow.com/Volume-3/Golf-Ball.html",,,,,"Golf Ball",,,,,,,,,,"5-12","Golf, a game of Scottish origin, is one of the most popular sports in the world. In the United States alone more than 24 million people play golf, including over 8,000 professional players.",,,,,,,,,,,,,,
" : ",,,,,,,,,,,,,,,"How Products Are Made ",,,,,"http://www.madehow.com/Volume-3/Graham-Cracker.html",,,,,"Graham Cracker",,,,,,,,,,"5-12","Graham crackers and related animal crackers are whole wheat crackers made with a special type of flour. They are slightly sweetened with sugar and honey and are sold in a variety of sizes and shapes.",,,,,,,,,,,,,,
" : ",,,,,,,,,,,,,,,"How Products Are Made ",,,,,"http://www.madehow.com/Volume-3/Gummy-Candy.html",,,,,"Gummy Candy",,,,,,,,,,"5-12","Gummy candy is a unique candy composed of gelatin, sweeteners, flavorings, and colorings. Because of its nature it can be molded into literally thousands of shapes, making it one of the most versatile confection products ever.",,,,,,,,,,,,,,
" : ",,,,,,,,,,,,,,,"How Products Are Made ",,,,,"http://www.madehow.com/Volume-3/Hair-Dye.html",,,,,"Hair Dye",,,,,,,,,,"5-12","Hair dye is one of the oldest known beauty preparations, and was used by ancient cultures in many parts of the world. Records of ancient Egyptians, Greeks, Hebrews, Persians, Chinese, and early Hindu peoples all mention the use of hair colorings.",,,,,,,,,,,,,,
" : ",,,,,,,,,,,,,,,"How Products Are Made ",,,,,"http://www.madehow.com/Volume-3/Harmonica.html",,,,,"Harmonica",,,,,,,,,,"5-12","The harmonica, or mouth organ, is a hand-held rectangular musical instrument. As the musician inhales and exhales into evenly spaced air channels, the metal reeds within produce musical tones.",,,,,,,,,,,,,,
" : ",,,,,,,,,,,,,,,"How Products Are Made ",,,,,"http://www.madehow.com/Volume-3/Harp.html",,,,,"Harp",,,,,,,,,,"5-12","A harp is a musical instrument consisting of a triangular frame open on both sides which contains a series of strings of varying lengths that are played by plucking. The length of the string determines how high or low a sound it makes.",,,,,,,,,,,,,,
" : ",,,,,,,,,,,,,,,"How Products Are Made ",,,,,"http://www.madehow.com/Volume-3/Heat-Pump.html",,,,,"Heat Pump",,,,,,,,,,"5-12","As a result of society's increasing concern for ecological and environmental issues, the demand for more efficient ways to utilize heat and energy is rising. The heat pump industry uses technological advances such as year-round space heating to displace heat energy to a more useful location and purpose.",,,,,,,,,,,,,,
" : ",,,,,,,,,,,,,,,"How Products Are Made ",,,,,"http://www.madehow.com/Volume-3/Heavy-Duty-Truck.html",,,,,"Heavy-Duty Truck",,,,,,,,,,"5-12","Trucks are divided into light-duty, medium-duty, and heavy-duty classifications depending on their weight. Heavy-duty trucks have a gross vehicle weight of 33,000 lb (15,000 kg) or more (i.e.",,,,,,,,,,,,,,
" : ",,,,,,,,,,,,,,,"How Products Are Made ",,,,,"http://www.madehow.com/Volume-3/Hologram.html",,,,,"Hologram",,,,,,,,,,"5-12","A hologram is a flat surface that, under proper illumination, appears to contain a three-dimensional image. A hologram may also project a three-dimensional image into the air—a lifelike image that can be photographed although it cannot be touched.",,,,,,,,,,,,,,
" : ",,,,,,,,,,,,,,,"How Products Are Made ",,,,,"http://www.madehow.com/Volume-3/Hot-Air-Balloon.html",,,,,"Hot Air Balloon",,,,,,,,,,"5-12","A hot air balloon is a nonporous envelope of thin material filled with a lifting gas that is capable of lifting a suspended payload into the atmosphere. Balloons rise because of the displacement of air, applying the principle that the total upward buoyant force is equal to the weight of the air displaced.",,,,,,,,,,,,,,
" : ",,,,,,,,,,,,,,,"How Products Are Made ",,,,,"http://www.madehow.com/Volume-3/Ice-Cream.html",,,,,"Ice Cream",,,,,,,,,,"5-12","Our love affair with ice cream is centuries old. The ancient Greeks, Romans, and Jews were known to chill wines and juices.",,,,,,,,,,,,,,
" : ",,,,,,,,,,,,,,,"How Products Are Made ",,,,,"http://www.madehow.com/Volume-3/Imitation-Crab-Meat.html",,,,,"Imitation Crab Meat",,,,,,,,,,"5-12","Imitation crab meat is a seafood product made by blending processed fish, known as surimi, with various texturizing ingredients, flavorants, and colorants. First invented in the mid 1970s, imitation crab meat has become a popular food in the United States, with annual sales of over $250 million.",,,,,,,,,,,,,,
" : ",,,,,,,,,,,,,,,"How Products Are Made ",,,,,"http://www.madehow.com/Volume-3/Instant-Coffee.html",,,,,"Instant Coffee",,,,,,,,,,"5-12","Instant (or soluble) coffee has been widely used for decades because of its convenience. During the height of its popularity in the 1970s, nearly a third of the roasted coffee imported into the United States was converted into an instant product, resulting in annual sales of more than 200 million pounds.",,,,,,,,,,,,,,
" : ",,,,,,,,,,,,,,,"How Products Are Made ",,,,,"http://www.madehow.com/Volume-3/Iron-On-Decal.html",,,,,"Iron-On Decal",,,,,,,,,,"5-12","An iron-on decal is an image printed on special paper that allows it to be transferred to fabric by applying heat and pressure. Iron-ons are one of the four primary types of decals; the other three types are slide off, varnish, and pressure sensitive.",,,,,,,,,,,,,,
" : ",,,,,,,,,,,,,,,"How Products Are Made ",,,,,"http://www.madehow.com/Volume-3/Latex.html",,,,,"Latex",,,,,,,,,,"5-12","A latex is a colloidal suspension of very small polymer particles in water and is used to make rubber.",,,,,,,,,,,,,,
" : ",,,,,,,,,,,,,,,"How Products Are Made ",,,,,"http://www.madehow.com/Volume-3/Lumber.html",,,,,"Lumber",,,,,,,,,,"5-12","Lumber is a generic term that applies to various lengths of wood used as construction materials. Pieces of lumber are cut lengthwise from the trunks of trees and are characterized by having generally rectangular or square cross sections, as opposed to poles or pilings, which have round cross sections.",,,,,,,,,,,,,,
" : ",,,,,,,,,,,,,,,"How Products Are Made ",,,,,"http://www.madehow.com/Volume-3/M-M-Candy.html",,,,,"M & M® Candy",,,,,,,,,,"5-12","M&Ms® chocolate candies have two possible origins. Some sources say that M&Ms® were invented in the 1930s, based on a suggestion by soldiers fighting in the Spanish Civil War.",,,,,,,,,,,,,,
" : ",,,,,,,,,,,,,,,"How Products Are Made ",,,,,"http://www.madehow.com/Volume-3/Magnetic-Resonance-Imaging-MRI.html",,,,,"Magnetic Resonance Imaging (MRI)",,,,,,,,,,"5-12","Magnetic resonance imaging (MRI) is a medical device that uses a magnetic field and the natural resonance of atoms in the body to obtain images of human tissues. The basic device was first developed in 1945, and the technology has steadily improved since.",,,,,,,,,,,,,,
" : ",,,,,,,,,,,,,,,"How Products Are Made ",,,,,"http://www.madehow.com/Volume-3/Maple-Syrup.html",,,,,"Maple Syrup",,,,,,,,,,"5-12","The Algonquin Indians called it sinzibukwud, meaning drawn from wood. It was the Algonquins and the other Native American tribes of the northeastern United States and southeast Canada who first showed French and British settlers how to draw the sap of Acer saccharum, the sugar maple, and reduce it into a sweet, thick liquid known today as maple syrup.",,,,,,,,,,,,,,
" : ",,,,,,,,,,,,,,,"How Products Are Made ",,,,,"http://www.madehow.com/Volume-3/Marker.html",,,,,"Marker",,,,,,,,,,"5-12","Markers, or felt-tip pens, serve a variety of functions. Children use them to make bright, colorful drawings.",,,,,,,,,,,,,,
" : ",,,,,,,,,,,,,,,"How Products Are Made ",,,,,"http://www.madehow.com/Volume-3/Marshmallow.html",,,,,"Marshmallow",,,,,,,,,,"5-12","Marshmallows are one of the earliest confections known to humankind. Today's marshmallows come in many forms, from solid (soft pillows dropped in cocoa or roasted on a stick) to semi-liquid (covered in chocolate or formed into chicks for Easter) to the creme-like (used as a base in other candies or as an ice cream topping).",,,,,,,,,,,,,,
" : ",,,,,,,,,,,,,,,"How Products Are Made ",,,,,"http://www.madehow.com/Volume-3/Mascara.html",,,,,"Mascara",,,,,,,,,,"5-12","Mascara is a cosmetic applied to the eyelashes to make the lashes thicker, longer, and darker. It is one of the most ancient cosmetics known, having been used in Egypt possibly as early as 4000 B.C.",,,,,,,,,,,,,,
" : ",,,,,,,,,,,,,,,"How Products Are Made ",,,,,"http://www.madehow.com/Volume-3/Match.html",,,,,"Match",,,,,,,,,,"5-12","A match is a small stick of wood or strip of cardboard with a solidified mixture of flammable chemicals deposited on one end. When that end is struck on a rough surface, the friction generates enough heat to ignite the chemicals and produce a small flame.",,,,,,,,,,,,,,
" : ",,,,,,,,,,,,,,,"How Products Are Made ",,,,,"http://www.madehow.com/Volume-3/Microscope.html",,,,,"Microscope",,,,,,,,,,"5-12","A microscope is an instrument used to produce enlarged images of small objects. The most common kind of microscope is an optical microscope, which uses lenses to form images from visible light.",,,,,,,,,,,,,,
" : ",,,,,,,,,,,,,,,"How Products Are Made ",,,,,"http://www.madehow.com/Volume-3/Mosquito-Repellent.html",,,,,"Mosquito Repellent",,,,,,,,,,"5-12","Mosquito repellents are substances that are designed to make surfaces unpleasant or unattractive to mosquitos. They typically contain an active ingredient that repels mosquitos as well as secondary ingredients, which aid in delivery and cosmetic appeal.",,,,,,,,,,,,,,
" : ",,,,,,,,,,,,,,,"How Products Are Made ",,,,,"http://www.madehow.com/Volume-3/Nicotine-Patch.html",,,,,"Nicotine Patch",,,,,,,,,,"5-12","A nicotine patch is a device designed to deliver nicotine through the skin and into the blood stream. It is used to help prevent the craving for nicotine that smokers experience when attempting to quit.",,,,,,,,,,,,,,
" : ",,,,,,,,,,,,,,,"How Products Are Made ",,,,,"http://www.madehow.com/Volume-3/Olive-Oil.html",,,,,"Olive Oil",,,,,,,,,,"5-12","The olive and the tree on which it grows have been revered since ancient times. Archaeological digs have unearthed evidence that olive trees existed on the island of Crete in 3500 B.C.",,,,,,,,,,,,,,
" : ",,,,,,,,,,,,,,,"How Products Are Made ",,,,,"http://www.madehow.com/Volume-3/Pacemaker.html",,,,,"Pacemaker",,,,,,,,,,"5-12","The pacemaker is an electronic biomedical device that can regulate the human heartbeat when its natural regulating mechanisms break down. It is a small box surgically implanted in the chest cavity and has electrodes that are in direct contact with the heart.",,,,,,,,,,,,,,
" : ",,,,,,,,,,,,,,,"How Products Are Made ",,,,,"http://www.madehow.com/Volume-3/Paper-Currency.html",,,,,"Paper Currency",,,,,,,,,,"5-12","The existence of money as a means of buying or selling goods and services dates back to at least 3000 B.C., when the Sumerians began using metal coins in place of bartering with barley. The use of paper money began in China during the seventh century, but its uncertain value, as opposed to the more universally accepted value of gold or silver coins, led to widespread inflation and state bankruptcy.",,,,,,,,,,,,,,
" : ",,,,,,,,,,,,,,,"How Products Are Made ",,,,,"http://www.madehow.com/Volume-3/Piano.html",,,,,"Piano",,,,,,,,,,"5-12","The piano may be the best known and loved of all musical instruments. It also has the broadest range of any instrument, so music for all other instruments can be composed on it.",,,,,,,,,,,,,,
" : ",,,,,,,,,,,,,,,"How Products Are Made ",,,,,"http://www.madehow.com/Volume-3/Portable-Toilet.html",,,,,"Portable Toilet",,,,,,,,,,"5-12","The portable toilet is a lightweight, transportable, efficient and more sanitary variation of a common facility for the elimination of human waste that existed before the advent of indoor plumbing—the outhouse. Before indoor plumbing allowed for the development of a system for transporting human waste from a receptacle to a sewer system through a series of pipes and other plumbing apparatus, humans often attended to their need to eliminate waste in an isolated stall located outside of living and working quarters, if they elected to use any type of structure at all.",,,,,,,,,,,,,,
" : ",,,,,,,,,,,,,,,"How Products Are Made ",,,,,"http://www.madehow.com/Volume-3/Potato-Chip.html",,,,,"Potato Chip",,,,,,,,,,"5-12","Potato chips are thin slices of potato, fried quickly in oil and then salted.",,,,,,,,,,,,,,
" : ",,,,,,,,,,,,,,,"How Products Are Made ",,,,,"http://www.madehow.com/Volume-3/Propane.html",,,,,"Propane",,,,,,,,,,"5-12","Propane is a naturally occurring gas composed of three carbon atoms and eight hydrogen atoms. It is created along with a variety of other hydrocarbons (such as crude oil, butane, and gasoline) by the decomposition and reaction of organic matter over long periods of time.",,,,,,,,,,,,,,
" : ",,,,,,,,,,,,,,,"How Products Are Made ",,,,,"http://www.madehow.com/Volume-3/Rammed-Earth-Construction.html",,,,,"Rammed Earth Construction",,,,,,,,,,"5-12","Rammed earth is essentially manmade sedimentary rock. Rather than being compressed for thousands of years under deep layers of soil, it is formed in minutes by mechanically compacting properly prepared dirt.",,,,,,,,,,,,,,
" : ",,,,,,,,,,,,,,,"How Products Are Made ",,,,,"http://www.madehow.com/Volume-3/Recliner.html",,,,,"Recliner",,,,,,,,,,"5-12","A reclining chair is an upholstered chair with a metal mechanism activated by the user so that the back is pushed out and a foot rest rises up to accommodate the user's lower legs. Most recliners are armchairs, meaning they include arms.",,,,,,,,,,,,,,
" : ",,,,,,,,,,,,,,,"How Products Are Made ",,,,,"http://www.madehow.com/Volume-3/Ribbon.html",,,,,"Ribbon",,,,,,,,,,"5-12","Ribbons are useful and decorative fabrics that are almost infinite in their variety, texture, and color. Modern ribbons are manufactured from every kind of fabric, from velvet and satin to synthetics like nylon and rayon.",,,,,,,,,,,,,,
" : ",,,,,,,,,,,,,,,"How Products Are Made ",,,,,"http://www.madehow.com/Volume-3/Sand.html",,,,,"Sand",,,,,,,,,,"5-12","Sand is a loose, fragmented, naturally-occurring material consisting of very small particles of decomposed rocks, corals, or shells. Sand is used to provide bulk, strength, and other properties to construction materials like asphalt and concrete.",,,,,,,,,,,,,,
" : ",,,,,,,,,,,,,,,"How Products Are Made ",,,,,"http://www.madehow.com/Volume-3/Saw.html",,,,,"Saw",,,,,,,,,,"5-12","A saw is a hand tool with a toothed blade used to cut hard materials such as wood or bone. They are among the oldest known tools.",,,,,,,,,,,,,,
" : ",,,,,,,,,,,,,,,"How Products Are Made ",,,,,"http://www.madehow.com/Volume-3/Scissors.html",,,,,"Scissors",,,,,,,,,,"5-12","Scissors are cutting instruments consisting of a pair of metal blades connected in such a way that the blades meet and cut materials placed between them when the handles are brought together. The word shears is used to describe larger instruments of the same kind.",,,,,,,,,,,,,,
" : ",,,,,,,,,,,,,,,"How Products Are Made ",,,,,"http://www.madehow.com/Volume-3/Scratch-and-Sniff.html",,,,,"Scratch and Sniff",,,,,,,,,,"5-12","Scratch 'N Sniff™ is the trade name for a special kind of perfume or scent saturated printing in which the scent is enclosed in minute capsules, which can be broken open by friction. Individual beads of scented oil too small to be seen with the naked eye are encapsulated in plastic or gelatin, and with specialized printing techniques, the beads are printed on paper.",,,,,,,,,,,,,,
" : ",,,,,,,,,,,,,,,"How Products Are Made ",,,,,"http://www.madehow.com/Volume-3/Screw.html",,,,,"Screw",,,,,,,,,,"5-12","Screws are part of a family of threaded fasteners that includes bolts and studs as well as specialized screws like carpenter's wood screws and the automotive cap screw. The threads (or grooves) can run right handed or left, tapered, straight, or parallel.",,,,,,,,,,,,,,
" : ",,,,,,,,,,,,,,,"How Products Are Made ",,,,,"http://www.madehow.com/Volume-3/Sewing-Machine.html",,,,,"Sewing Machine",,,,,,,,,,"5-12","Before 1900, women spent many of their daylight hours sewing clothes for themselves and their families by hand. Women also formed the majority of the labor force that sewed clothes in factories and wove fabrics in mills.",,,,,,,,,,,,,,
" : ",,,,,,,,,,,,,,,"How Products Are Made ",,,,,"http://www.madehow.com/Volume-3/Shampoo.html",,,,,"Shampoo",,,,,,,,,,"5-12","Shampoos are cleaning formulations used for a wide range of applications, including personal care, pet use, and carpets. Most are manufactured in roughly the same manner.",,,,,,,,,,,,,,
" : ",,,,,,,,,,,,,,,"How Products Are Made ",,,,,"http://www.madehow.com/Volume-3/Shingle.html",,,,,"Shingle",,,,,,,,,,"5-12","Roofing shingles are made from several types of materials. Wood shingles are sawed from red cedar or pine.",,,,,,,,,,,,,,
" : ",,,,,,,,,,,,,,,"How Products Are Made ",,,,,"http://www.madehow.com/Volume-3/Silver.html",,,,,"Silver",,,,,,,,,,"5-12","Silver was one of the earliest metals known to humans, and it has been considered a precious metal since ancient times. Silver has been used as a form of currency by more people throughout history than any other metal, even gold.",,,,,,,,,,,,,,
" : ",,,,,,,,,,,,,,,"How Products Are Made ",,,,,"http://www.madehow.com/Volume-3/Slinky-Toy.html",,,,,"Slinky Toy",,,,,,,,,,"5-12","The Slinky toy is a coil of wire or plastic that has the ability to ""walk"" on its own, usually down a flight of stairs.",,,,,,,,,,,,,,
" : ",,,,,,,,,,,,,,,"How Products Are Made ",,,,,"http://www.madehow.com/Volume-3/Sofa.html",,,,,"Sofa",,,,,,,,,,"5-12","Sometimes called a couch or a davenport, a sofa is a long upholstered seat with both arms and a back. Today, it is a common luxury that indicates humans' progression away from the nomadic ""pack and evacuate"" lifestyle of our recent past.",,,,,,,,,,,,,,
" : ",,,,,,,,,,,,,,,"How Products Are Made ",,,,,"http://www.madehow.com/Volume-3/Solar-Heating-System.html",,,,,"Solar Heating System",,,,,,,,,,"5-12","In just one second, the Sun gives off 13 million times the energy that is generated by all the electricity consumed in one year in the United States. Only one millionth of the Sun's energy reaches Earth, but this scant amount would be more than sufficient to meet the energy requirements of our entire planet.",,,,,,,,,,,,,,
" : ",,,,,,,,,,,,,,,"How Products Are Made ",,,,,"http://www.madehow.com/Volume-3/Soy-Sauce.html",,,,,"Soy Sauce",,,,,,,,,,"5-12","Soy sauce is one of the world's oldest condiments and has been used in China for more than 2,500 years. It is made from fermenting a mixture of mashed soybeans, salt, and enzymes.",,,,,,,,,,,,,,
" : ",,,,,,,,,,,,,,,"How Products Are Made ",,,,,"http://www.madehow.com/Volume-3/Stetson-Hat.html",,,,,"Stetson Hat",,,,,,,,,,"5-12","The Stetson hat, named after its inventor, John B. Stetson, is synonymous with the more generic cowboy hat.",,,,,,,,,,,,,,
" : ",,,,,,,,,,,,,,,"How Products Are Made ",,,,,"http://www.madehow.com/Volume-3/Sunglasses.html",,,,,"Sunglasses",,,,,,,,,,"5-12","Sunglasses are eyewear designed to help protect the eyes from excessive sunlight. Eyes are extremely light sensitive and can be easily damaged by overexposure to radiation in the visible and nonvisible spectra.",,,,,,,,,,,,,,
" : ",,,,,,,,,,,,,,,"How Products Are Made ",,,,,"http://www.madehow.com/Volume-3/Surge-Suppressor.html",,,,,"Surge Suppressor",,,,,,,,,,"5-12","Power line disturbances occur on an average of four times a day, according to studies by the Institute of Electrical and Electronic Engineers (IEEE). These disturbances—increases in current that can damage electronic devices plugged into outlets—may be caused by lightning or other weather-related incidents; traffic accidents affecting power lines; the use of electrical products such as motors, compressors, and fluorescent lights; high-powered electrical equipment and voltage fluctuations initiated by a power company; and high-frequency noise.",,,,,,,,,,,,,,
" : ",,,,,,,,,,,,,,,"How Products Are Made ",,,,,"http://www.madehow.com/Volume-3/Syringe.html",,,,,"Syringe",,,,,,,,,,"5-12","The hypodermic syringe, also known as the hypodermic needle, is a device used by medical professionals to transfer liquids into or out of the body. It is made up of a hollow needle, which is attached to a tube and a plunger.",,,,,,,,,,,,,,
" : ",,,,,,,,,,,,,,,"How Products Are Made ",,,,,"http://www.madehow.com/Volume-3/Teddy-Bear.html",,,,,"Teddy Bear",,,,,,,,,,"5-12","Most people born in this century have probably encountered teddy bears during their lives, for the teddy bear was developed around the turn of the century. Toy bears developed out of admiration for real bears.",,,,,,,,,,,,,,
" : ",,,,,,,,,,,,,,,"How Products Are Made ",,,,,"http://www.madehow.com/Volume-3/Television.html",,,,,"Television",,,,,,,,,,"5-12","Among the technical developments that have come to dominate our lives, television is surely one of the top ten. In the United States, more than 98% of households own at least one television set and 61% receive cable television.",,,,,,,,,,,,,,
" : ",,,,,,,,,,,,,,,"How Products Are Made ",,,,,"http://www.madehow.com/Volume-3/Tennis-Racket.html",,,,,"Tennis Racket",,,,,,,,,,"5-12","The game of tennis dates back officially to 1873, when the first book of rules was published by Major Walter Clopton Wingfield of north Wales. But tennis has antecedents in ball games played with the hand that evolved in Europe before the Renaissance.",,,,,,,,,,,,,,
" : ",,,,,,,,,,,,,,,"How Products Are Made ",,,,,"http://www.madehow.com/Volume-3/Tissue-with-Lotion.html",,,,,"Tissue with Lotion",,,,,,,,,,"5-12","Facial tissues belong to a class of paper products used extensively for personal hygiene in modern society. Other products of this type include paper towels, napkins, and sanitary (or toilet) tissue.",,,,,,,,,,,,,,
" : ",,,,,,,,,,,,,,,"How Products Are Made ",,,,,"http://www.madehow.com/Volume-3/Toothpaste.html",,,,,"Toothpaste",,,,,,,,,,"5-12","Toothpaste has a history that stretches back nearly 4,000 years. Until the mid-nineteenth century, abrasives used to clean teeth did not resemble modern toothpastes.",,,,,,,,,,,,,,
" : ",,,,,,,,,,,,,,,"How Products Are Made ",,,,,"http://www.madehow.com/Volume-3/Trampoline.html",,,,,"Trampoline",,,,,,,,,,"5-12","A trampoline is an elevated, essentially buoyant webbed bed or canvas sheet supported by springs or elastic shock cords. It is surrounded by a metal frame and used as a springboard for tumbling.",,,,,,,,,,,,,,
" : ",,,,,,,,,,,,,,,"How Products Are Made ",,,,,"http://www.madehow.com/Volume-3/Vitamin.html",,,,,"Vitamin",,,,,,,,,,"5-12","Vitamins are organic compounds that are necessary in small amounts in animal and human diets to sustain life and health. The absence of certain vitamins can cause disease, poor growth, and a variety of syndromes.",,,,,,,,,,,,,,
" : ",,,,,,,,,,,,,,,"How Products Are Made ",,,,,"http://www.madehow.com/Volume-3/Wallpaper.html",,,,,"Wallpaper",,,,,,,,,,"5-12","Wallpaper is a nonwoven (paper) or woven (fabric) backing, decoratively printed for application to walls of a residence or business. Wallpaper is not considered essential to the decoration of a structure; however, it has become a primary method by which to impart style, atmosphere, or color into a room.",,,,,,,,,,,,,,
" : ",,,,,,,,,,,,,,,"How Products Are Made ",,,,,"http://www.madehow.com/Volume-3/Wig.html",,,,,"Wig",,,,,,,,,,"5-12","Wigs are worn for either prosthetic, cosmetic, or convenience reasons. People who have lost all or part of their own hair due to illness or natural baldness can disguise the condition.",,,,,,,,,,,,,,
" : ",,,,,,,,,,,,,,,"How Products Are Made ",,,,,"http://www.madehow.com/Volume-3/Yarn.html",,,,,"Yarn",,,,,,,,,,"5-12","Yarn consists of several strands of material twisted together. Each strand is, in turn, made of fibers, all shorter than the piece of yarn that they form.",,,,,,,,,,,,,,
" : ",,,,,,,,,,,,,,,"How Products Are Made ",,,,,"http://www.madehow.com/Volume-3/Yo-yo.html",,,,,"Yo-yo",,,,,,,,,,"5-12","A yo-yo is a toy that has two disks connected together and sandwiching a long string. Traditionally made of wood, the disks are now commonly made of plastic.",,,,,,,,,,,,,,
" : ",,,,,,,,,,,,,,,"How Products Are Made ",,,,,"http://www.madehow.com/Volume-4/Acetylene.html",,,,,"Acetylene",,,,,,,,,,"5-12","Acetylene is a colorless, combustible gas with a distinctive odor. When acetylene is liquefied, compressed, heated, or mixed with air, it becomes highly explosive.",,,,,,,,,,,,,,
" : ",,,,,,,,,,,,,,,"How Products Are Made ",,,,,"http://www.madehow.com/Volume-4/Acetylene.html",,,,,"Antibacterial Soap",,,,,,,,,,"5-12","An antibacterial soap is a cleansing product designed to kill germs on the hands or body. These soaps are made in either liquid or bar form by blending detergent additives with ingredients, which have antimicrobial properties.",,,,,,,,,,,,,,
" : ",,,,,,,,,,,,,,,"How Products Are Made ",,,,,"http://www.madehow.com/Volume-4/Antibiotic.html",,,,,"Antibiotic",,,,,,,,,,"5-12","Antibiotics are chemical substances that can inhibit the growth of, and even destroy, harmful microorganisms. They are derived from special microorganisms or other living systems, and are produced on an industrial scale using a fermentation process.",,,,,,,,,,,,,,
" : ",,,,,,,,,,,,,,,"How Products Are Made ",,,,,"http://www.madehow.com/Volume-4/Armored-Truck.html",,,,,"Armored Truck",,,,,,,,,,"5-12","An armored truck is a vehicle designed to securely transport currency and other valuables.",,,,,,,,,,,,,,
" : ",,,,,,,,,,,,,,,"How Products Are Made ",,,,,"http://www.madehow.com/Volume-4/Artificial-Snow.html",,,,,"Artificial Snow",,,,,,,,,,"5-12","Artificial snow is small particles of ice that are used to increase the amount of snow available for winter sports such as skiing or snow boarding. It is produced by a machine that uses a high-pressure pump to spray a mist of water into the cold air.",,,,,,,,,,,,,,
" : ",,,,,,,,,,,,,,,"How Products Are Made ",,,,,"http://www.madehow.com/Volume-4/Asbestos.html",,,,,"Asbestos",,,,,,,,,,"5-12","Asbestos is a general name that applies to several types of fibrous silicate minerals. Historically, asbestos is best known for its resistance to flame and its ability to be woven into cloth.",,,,,,,,,,,,,,
" : ",,,,,,,,,,,,,,,"How Products Are Made ",,,,,"http://www.madehow.com/Volume-4/Baby-Formula.html",,,,,"Baby Formula",,,,,,,,,,"5-12","Baby formula is a synthetic version of mothers' milk and belongs to a class of materials known as dairy substitutes. Dairy substitutes have been used since the early nineteenth century for products like oleomargarine and filled cheese.",,,,,,,,,,,,,,
" : ",,,,,,,,,,,,,,,"How Products Are Made ",,,,,"http://www.madehow.com/Volume-4/Baby-Stroller.html",,,,,"Baby Stroller",,,,,,,,,,"5-12","Babies have needed to be carried for as long as parents have needed to go places, and different cultures have devised ingenious methods to ease the burden of bearing the weight of a small child on long, or even short, walks. Many Native Americans used a cradleboard, a highly decorated board covered in cloth in which the baby could be secured, typically by laces running across the cloth.",,,,,,,,,,,,,,
" : ",,,,,,,,,,,,,,,"How Products Are Made ",,,,,"http://www.madehow.com/Volume-4/Bagel.html",,,,,"Bagel",,,,,,,,,,"5-12","The bagel is a dense ring of bread, often rather bland, raised with yeast and containing almost no fat. In fact, the average bagel is about 4 oz (113.4 g) and 200 calories and contains no cholesterol (unless it is an egg bagel) and no fat (unless it is a specialty bagel such as cheese).",,,,,,,,,,,,,,
" : ",,,,,,,,,,,,,,,"How Products Are Made ",,,,,"http://www.madehow.com/Volume-4/Baseball-Cap.html",,,,,"Baseball Cap",,,,,,,,,,"5-12","A baseball cap is a soft hat that consists of a soft fabric crown sewn of several sections of fabric and a visor that protects the eyes from the sun. Some special order caps are made to fit the wearer in specific sizes, but most of the mass-produced models have a plastic extender in the center back that can be make bigger or smaller according to the wearer's needs.",,,,,,,,,,,,,,
" : ",,,,,,,,,,,,,,,"How Products Are Made ",,,,,"http://www.madehow.com/Volume-4/Basket.html",,,,,"Basket",,,,,,,,,,"5-12","The basket is one of humankind's oldest art forms, and it is certainly an ethnic and cultural icon filled with myth and motif, religion and symbolism, and decoration as well as usefulness. Basketry, in fact, encompasses a wide range of objects from nearly rigid, box-like carriers to mesh sacks.",,,,,,,,,,,,,,
" : ",,,,,,,,,,,,,,,"How Products Are Made ",,,,,"http://www.madehow.com/Volume-4/Bath-Towel.html",,,,,"Bath Towel",,,,,,,,,,"5-12","Bath towels are woven pieces of fabric either cotton or cotton-polyester that are used to absorb moisture on the body after bathing. Bath towels are often sold in a set with face towels and wash cloths and are always the largest of the three towels.",,,,,,,,,,,,,,
" : ",,,,,,,,,,,,,,,"How Products Are Made ",,,,,"http://www.madehow.com/Volume-4/Beef-Jerky.html",,,,,"Beef Jerky",,,,,,,,,,"5-12","Beef jerky is a type of snack food that is made by marinating beef in a curing solution and drying it. Meat treated in this way has a long shelf life and a unique flavor.",,,,,,,,,,,,,,
" : ",,,,,,,,,,,,,,,"How Products Are Made ",,,,,"http://www.madehow.com/Volume-4/Birth-Control-Pill.html",,,,,"Birth Control Pill",,,,,,,,,,"5-12","Oral contraceptives, or birth control pills, have been used by more than 60 million women worldwide, and are considered by many to be the most socially significant medical advance of the twentieth century. The birth control pill is a tablet taken daily by a woman to prevent pregnancy.",,,,,,,,,,,,,,
" : ",,,,,,,,,,,,,,,"How Products Are Made ",,,,,"http://www.madehow.com/Volume-4/Bowling-Ball.html",,,,,"Bowling Ball",,,,,,,,,,"5-12","Sixty-five million people fling heavy balls down bowling lanes in the United States each year at speeds up to 20 miles an hour. Other than the finger holes and eye-catching colors, the balls look simple—deceptively so.",,,,,,,,,,,,,,
" : ",,,,,,,,,,,,,,,"How Products Are Made ",,,,,"http://www.madehow.com/Volume-4/Bowling-Pin.html",,,,,"Bowling Pin",,,,,,,,,,"5-12","The first recorded reference to a game in which a ball is thrown at pins dates from 300 A.D. The reference comes from Germany where the game was part of a religious ceremony practiced by monks.",,,,,,,,,,,,,,
" : ",,,,,,,,,,,,,,,"How Products Are Made ",,,,,"http://www.madehow.com/Volume-4/Braille-Publication.html",,,,,"Braille Publication",,,,,,,,,,"5-12","Braille is a tactile writing system used by the blind that was invented by Louis Braille in France in 1824. It gradually spread beyond France, and it is now in widespread use across the globe.",,,,,,,,,,,,,,
" : ",,,,,,,,,,,,,,,"How Products Are Made ",,,,,"http://www.madehow.com/Volume-4/Carbon-Fiber.html",,,,,"Carbon Fiber",,,,,,,,,,"5-12","A carbon fiber is a long, thin strand of material about 0.0002-0.0004 in (0.005-0.010 mm) in diameter and composed mostly of carbon atoms. The carbon atoms are bonded together in microscopic crystals that are more or less aligned parallel to the long axis of the fiber.",,,,,,,,,,,,,,
" : ",,,,,,,,,,,,,,,"How Products Are Made ",,,,,"http://www.madehow.com/Volume-4/Carbon-Monoxide-Detector.html",,,,,"Carbon Monoxide Detector",,,,,,,,,,"5-12","A carbon monoxide detector is an electronic device that senses the presence of carbon monoxide (CO) in a building and sounds an alarm to warn the occupants to escape. Carbon monoxide is an odorless, poisonous gas, which can be generated by gas furnaces and water heaters, ranges, space heaters, or wood stoves if they are malfunctioning or not vented properly.",,,,,,,,,,,,,,
" : ",,,,,,,,,,,,,,,"How Products Are Made ",,,,,"http://www.madehow.com/Volume-4/Carousel.html",,,,,"Carousel",,,,,,,,,,"5-12","The precursors to the carousel may be as much as 1,500 years old when baskets lashed to a center pole were used to spin riders around in a circle in ancient Byzantium. During the twelfth century in Turkey and Arabia, men and their horses played a game in which delicate balls filled with perfumed water were tossed between riders.",,,,,,,,,,,,,,
" : ",,,,,,,,,,,,,,,"How Products Are Made ",,,,,"http://www.madehow.com/Volume-4/Cast-Iron-Stove.html",,,,,"Cast Iron Stove",,,,,,,,,,"5-12","A cast iron stove is a device, built from a material consisting of iron mixed with carbon, in which a solid fuel such as wood or coal is burned to produce heat for warmth or cooking. The stove usually consists of a grate, which holds the fuel, a hollow interior in which the fuel burns, flues through which hot air flows, and baffles to slow down the flow of hot air, allowing the stove to produce more heat.",,,,,,,,,,,,,,
" : ",,,,,,,,,,,,,,,"How Products Are Made ",,,,,"http://www.madehow.com/Volume-4/Change-Machine.html",,,,,"Change Machine",,,,,,,,,,"5-12","A change machine is a device used to exchange one form of money for another, typically paper currency for coins. Sensors in the machine detect the type of bill that is fed into it and relay this information to a micro-processor.",,,,,,,,,,,,,,
" : ",,,,,,,,,,,,,,,"How Products Are Made ",,,,,"http://www.madehow.com/Volume-4/Charcoal-Briquette.html",,,,,"Charcoal Briquette",,,,,,,,,,"5-12","Charcoal is a desirable fuel because it produces a hot, long-lasting, virtually smokeless fire. Combined with other materials and formed into uniform chunks called briquettes, it is popularly used for outdoor cooking in the United States.",,,,,,,,,,,,,,
" : ",,,,,,,,,,,,,,,"How Products Are Made ",,,,,"http://www.madehow.com/Volume-4/Children-s-Clothing.html",,,,,"Children's Clothing",,,,,,,,,,"5-12","Children's clothes are a relatively recent invention. From the rudimentary beginnings of clothing all the way to the nineteenth century, children wore miniature versions of adult costumes.",,,,,,,,,,,,,,
" : ",,,,,,,,,,,,,,,"How Products Are Made ",,,,,"http://www.madehow.com/Volume-4/Chopsticks.html",,,,,"Chopsticks",,,,,,,,,,"5-12","Chopsticks are a pair of sticks, usually wooden, used for eating Asian food. They originated in China sometime during the Shang dynasty (1766-1122 B.C.).",,,,,,,,,,,,,,
" : ",,,,,,,,,,,,,,,"How Products Are Made ",,,,,"http://www.madehow.com/Volume-4/Cider.html",,,,,"Cider",,,,,,,,,,"5-12","Cider is a natural, liquid beverage that is obtained from the pressing of a finely ground fruit such as apples. Under the proper conditions, it undergoes a natural fermentation process, which yields an alcoholic juice.",,,,,,,,,,,,,,
" : ",,,,,,,,,,,,,,,"How Products Are Made ",,,,,"http://www.madehow.com/Volume-4/Clothing-Pattern.html",,,,,"Clothing Pattern",,,,,,,,,,"5-12","Clothing patterns are used to sew stylish garments that fit well. Individual pattern pieces are used to cut fabric pieces, which are then assembled and sewn to create a wearable garment.",,,,,,,,,,,,,,
" : ",,,,,,,,,,,,,,,"How Products Are Made ",,,,,"http://www.madehow.com/Volume-4/Coffin.html",,,,,"Coffin",,,,,,,,,,"5-12","Coffins, or funeral caskets, are containers in which the dead are buried. Burial practices differ markedly across cultures and through history, but many peoples have used wooden, stone, or metal boxes for burial.",,,,,,,,,,,,,,
" : ",,,,,,,,,,,,,,,"How Products Are Made ",,,,,"http://www.madehow.com/Volume-4/Compass.html",,,,,"Compass",,,,,,,,,,"5-12","A compass is a device used to determine direction on the surface of the earth. The most familiar type of compass is the magnetic compass, which relies on the fact that a magnetic object tends to align itself with Earth's magnetic field.",,,,,,,,,,,,,,
" : ",,,,,,,,,,,,,,,"How Products Are Made ",,,,,"http://www.madehow.com/Volume-4/Concrete-Beam-Bridge.html",,,,,"Concrete Beam Bridge",,,,,,,,,,"5-12","Nearly 590,000 roadway bridges span waterways, dryland depressions, other roads, and railroads throughout the United States. The most dramatic bridges use complex systems like arches, cables, or triangle-filled trusses to carry the roadway between majestic columns or towers.",,,,,,,,,,,,,,
" : ",,,,,,,,,,,,,,,"How Products Are Made ",,,,,"http://www.madehow.com/Volume-4/Copper.html",,,,,"Copper",,,,,,,,,,"5-12","Copper is one of the basic chemical elements. In its nearly pure state, copper is a reddish-orange metal known for its high thermal and electrical conductivity.",,,,,,,,,,,,,,
" : ",,,,,,,,,,,,,,,"How Products Are Made ",,,,,"http://www.madehow.com/Volume-4/Corn-Syrup.html",,,,,"Corn Syrup",,,,,,,,,,"5-12","Corn syrup is one of several natural sweeteners derived from corn starch. It is used in a wide variety of food products including cookies, crackers, catsups, cereals, flavored yogurts, ice cream, preserved meats, canned fruits and vegetables, soups, beers, and many others.",,,,,,,,,,,,,,
" : ",,,,,,,,,,,,,,,"How Products Are Made ",,,,,"http://www.madehow.com/Volume-4/Correction-Fluid.html",,,,,"Correction Fluid",,,,,,,,,,"5-12","Correction fluid is a liquid product designed to cover mistakes made while typing, hand writing, or photocopying markings on paper. Typically, it is applied to paper using a brush.",,,,,,,,,,,,,,
" : ",,,,,,,,,,,,,,,"How Products Are Made ",,,,,"http://www.madehow.com/Volume-4/Cotton-Candy.html",,,,,"Cotton Candy",,,,,,,,,,"5-12","Cotton candy is a light and fluffy sugar confectionery which resembles cotton wool. It is made by melting a sugar composition and spinning it into fine strands.",,,,,,,,,,,,,,
" : ",,,,,,,,,,,,,,,"How Products Are Made ",,,,,"http://www.madehow.com/Volume-4/Cotton-Swab.html",,,,,"Cotton Swab",,,,,,,,,,"5-12","A cotton swab is a short spindle with one or both ends coated with an absorbent cotton padding. Such swabs have long been used for various cosmetic and personal hygiene tasks, particularly for cleaning the ear.",,,,,,,,,,,,,,
" : ",,,,,,,,,,,,,,,"How Products Are Made ",,,,,"http://www.madehow.com/Volume-4/Credit-Card.html",,,,,"Credit Card",,,,,,,,,,"5-12","A credit card allows consumers to purchase products or services without cash and to pay for them at a later date. To qualify for this type of credit, the consumer must open an account with a bank or company, which sponsors a card.",,,,,,,,,,,,,,
" : ",,,,,,,,,,,,,,,"How Products Are Made ",,,,,"http://www.madehow.com/Volume-4/Cushioning-Laminate.html",,,,,"Cushioning Laminate",,,,,,,,,,"5-12","Bubble wrap is the trademarked name for a packing material consisting of two plastic sheets laminated together in a way that traps air bubbles in small, uniform pockets. This plastic sheet assembly is used as a flexible cushion to protect fragile objects during storage or shipping.",,,,,,,,,,,,,,
" : ",,,,,,,,,,,,,,,"How Products Are Made ",,,,,"http://www.madehow.com/Volume-4/Dental-Crown.html",,,,,"Dental Crown",,,,,,,,,,"5-12","A dental crown is a cap-like restoration used to cover a damaged tooth. Crowns can give support to misshapen or badly broken teeth and permanently replace missing teeth to complete a smile or improve a bite pattern.",,,,,,,,,,,,,,
" : ",,,,,,,,,,,,,,,"How Products Are Made ",,,,,"http://www.madehow.com/Volume-4/Dice.html",,,,,"Dice",,,,,,,,,,"5-12","Dice are implements used for generating random numbers in a variety of social and gambling games. Known since antiquity, dice have been called the oldest gaming instruments.",,,,,,,,,,,,,,
" : ",,,,,,,,,,,,,,,"How Products Are Made ",,,,,"http://www.madehow.com/Volume-4/Drinking-Straw.html",,,,,"Drinking Straw",,,,,,,,,,"5-12","A straw is a prepared tube used to suck a beverage out of a container. Historians theorize the first straws were cut from dried wheat shafts and they were named accordingly.",,,,,,,,,,,,,,
" : ",,,,,,,,,,,,,,,"How Products Are Made ",,,,,"http://www.madehow.com/Volume-4/Drum.html",,,,,"Drum",,,,,,,,,,"5-12","A drum is a musical instrument which produces sound by the vibration of a stretched membrane. The membrane, which is known as the head, covers one or both ends of a hollow body known as the shell.",,,,,,,,,,,,,,
" : ",,,,,,,,,,,,,,,"How Products Are Made ",,,,,"http://www.madehow.com/Volume-4/Dulcimer.html",,,,,"Dulcimer",,,,,,,,,,"5-12","The origin of the dulcimer is as elusive as its haunting sound. Two types of instrument stake claim to the name—both have different shapes, different methods of being played, and diverse origins.",,,,,,,,,,,,,,
" : ",,,,,,,,,,,,,,,"How Products Are Made ",,,,,"http://www.madehow.com/Volume-4/DVD-Player.html",,,,,"DVD Player",,,,,,,,,,"5-12","Digital video disk or digital versatile disk (DVD) is a type of optical data storage medium capable of holding up to 17 giga-bytes (GB) of information. First introduced during the mid-1990s, they were developed as an improved form of compact disk (CD) technology.",,,,,,,,,,,,,,
" : ",,,,,,,,,,,,,,,"How Products Are Made ",,,,,"http://www.madehow.com/Volume-4/Fire-Hose.html",,,,,"Fire Hose",,,,,,,,,,"5-12","The term fire hose refers to several different types of hose specifically designed for use in fighting fires. The most common one consists of one or more outer layers of woven fabric with an inner layer of rubber.",,,,,,,,,,,,,,
" : ",,,,,,,,,,,,,,,"How Products Are Made ",,,,,"http://www.madehow.com/Volume-4/Fire-Hydrant.html",,,,,"Fire Hydrant",,,,,,,,,,"5-12","A fire hydrant is an above-ground connection that provides access to a water supply for the purpose of fighting fires. The water supply may be pressurized, as in the case of hydrants connected to water mains buried in the street, or unpressurized, as in the case of hydrants connected to nearby ponds or cisterns.",,,,,,,,,,,,,,
" : ",,,,,,,,,,,,,,,"How Products Are Made ",,,,,"http://www.madehow.com/Volume-4/Flea-Collar.html",,,,,"Flea Collar",,,,,,,,,,"5-12","A flea collar is a device used to protect dogs and cats from fleas and ticks. The collar is a plastic strip made by mixing an insecticide with plastic resins and molding the mixture into a thin strip.",,,,,,,,,,,,,,
" : ",,,,,,,,,,,,,,,"How Products Are Made ",,,,,"http://www.madehow.com/Volume-4/Fruitcake.html",,,,,"Fruitcake",,,,,,,,,,"5-12","The fruitcake bears the brunt of many holiday jokes in forums as varied as the Sunday funny pages and boxes of greeting cards. One entrepreneur manufactures fruitcakes—and sells them for use as doorstops.",,,,,,,,,,,,,,
" : ",,,,,,,,,,,,,,,"How Products Are Made ",,,,,"http://www.madehow.com/Volume-4/Furniture-Polish.html",,,,,"Furniture Polish",,,,,,,,,,"5-12","Furniture polishes are pastes, creams, or lotions used to clean, protect, and shine wooden furniture. These products were originally made from natural waxes, which were hard to apply and tended to leave a heavy buildup over time.",,,,,,,,,,,,,,
" : ",,,,,,,,,,,,,,,"How Products Are Made ",,,,,"http://www.madehow.com/Volume-4/Gasoline-Pump.html",,,,,"Gasoline Pump",,,,,,,,,,"5-12","A gasoline pump is used to dispense gasoline into motor vehicles. The gasoline pump evolved from a simple mechanism into a more elaborate, specialized one as automobiles grew popular.",,,,,,,,,,,,,,
" : ",,,,,,,,,,,,,,,"How Products Are Made ",,,,,"http://www.madehow.com/Volume-4/Globe.html",,,,,"Globe",,,,,,,,,,"5-12","Globes fall into two broad categories: terrestrial and celestial. Terrestrial globes are spherical maps of the world, and celestial globes use the earth as an imaginary center of the universe to map the stars in spherical form.",,,,,,,,,,,,,,
" : ",,,,,,,,,,,,,,,"How Products Are Made ",,,,,"http://www.madehow.com/Volume-4/Golf-Club.html",,,,,"Golf Club",,,,,,,,,,"5-12","A golf club is used to strike the ball in the game of golf. It has a long shaft with a grip on one end and a weighted head on the other end.",,,,,,,,,,,,,,
" : ",,,,,,,,,,,,,,,"How Products Are Made ",,,,,"http://www.madehow.com/Volume-4/Hair-Remover.html",,,,,"Hair Remover",,,,,,,,,,"5-12","Hair removers, or depilatories, are products designed to chemically or physically remove undesirable hair from areas on the body. Hair removers are made by mixing together the appropriate raw materials in large stainless steel tanks and then filling them into individual packages.",,,,,,,,,,,,,,
" : ",,,,,,,,,,,,,,,"How Products Are Made ",,,,,"http://www.madehow.com/Volume-4/Hammer.html",,,,,"Hammer",,,,,,,,,,"5-12","A hammer is a handheld tool used to strike another object. It consists of a handle to which is attached a heavy head, usually made of metal, with one or more striking surfaces.",,,,,,,,,,,,,,
" : ",,,,,,,,,,,,,,,"How Products Are Made ",,,,,"http://www.madehow.com/Volume-4/Helium.html",,,,,"Helium",,,,,,,,,,"5-12","Helium is one of the basic chemical elements. In its natural state, helium is a colorless gas known for its low density and low chemical reactivity.",,,,,,,,,,,,,,
" : ",,,,,,,,,,,,,,,"How Products Are Made ",,,,,"http://www.madehow.com/Volume-4/Hockey-Stick.html",,,,,"Hockey Stick",,,,,,,,,,"5-12","The origin of the game of hockey is a hazy and contentious issue. Various forms of field hockey were played in Scotland, Ireland, and France as early as the sixteenth century.",,,,,,,,,,,,,,
" : ",,,,,,,,,,,,,,,"How Products Are Made ",,,,,"http://www.madehow.com/Volume-4/Home-Pregnancy-Test.html",,,,,"Home Pregnancy Test",,,,,,,,,,"5-12","A home pregnancy test is a self-diagnostic tool that allows women to quickly and easily determine if they are pregnant. These tests measure Human chorionic gonadotrophin (hCG), a hormone that is secreted in urine during pregnancy.",,,,,,,,,,,,,,
" : ",,,,,,,,,,,,,,,"How Products Are Made ",,,,,"http://www.madehow.com/Volume-4/Hot-Dog.html",,,,,"Hot Dog",,,,,,,,,,"5-12","Hot dogs are a processed meat product made by mixing chopped meat with various curing ingredients, flavorants, and colorants. The meat is then stuffed in casings, cooked, removed from the casing, and put in the final package.",,,,,,,,,,,,,,
" : ",,,,,,,,,,,,,,,"How Products Are Made ",,,,,"http://www.madehow.com/Volume-4/Instant-Lottery-Ticket.html",,,,,"Instant Lottery Ticket",,,,,,,,,,"5-12","During the last few decades, lottery tickets have become an increasingly popular form of legal gambling in the United States. One popular game is the instant win, or scratch off lottery which features tickets that have the winning (or losing) numbers concealed on the game card itself.",,,,,,,,,,,,,,
" : ",,,,,,,,,,,,,,,"How Products Are Made ",,,,,"http://www.madehow.com/Volume-4/Insulated-Bottle.html",,,,,"Insulated Bottle",,,,,,,,,,"5-12","Since the invention of the insulated bottle, there has never been a question of how to keep hot liquids hot and cold liquids cold. The bigger question has been how does it do that?",,,,,,,,,,,,,,
" : ",,,,,,,,,,,,,,,"How Products Are Made ",,,,,"http://www.madehow.com/Volume-4/Jigsaw-Puzzle.html",,,,,"Jigsaw Puzzle",,,,,,,,,,"5-12","A jigsaw puzzle is a picture, which is adhered to a thin and stiff background, like wood or cardboard, and then cut into multiple pieces. The pieces are assembled by the user to reform the original picture.",,,,,,,,,,,,,,
" : ",,,,,,,,,,,,,,,"How Products Are Made ",,,,,"http://www.madehow.com/Volume-4/Kazoo.html",,,,,"Kazoo",,,,,,,,,,"5-12","A kazoo is a type of instrument known as a mirliton, which uses a resonating membrane to amplify sound. It belongs in the percussion family of instruments and can be made in a number of ways.",,,,,,,,,,,,,,
" : ",,,,,,,,,,,,,,,"How Products Are Made ",,,,,"http://www.madehow.com/Volume-4/Kite.html",,,,,"Kite",,,,,,,,,,"5-12","A kite is an unpowered, heavier-than-air flying device held to the earth by a line. The kite flies because wind resistance causes the air pressure under the kite to be greater than the air pressure above the kite, making the kite rise.",,,,,,,,,,,,,,
" : ",,,,,,,,,,,,,,,"How Products Are Made ",,,,,"http://www.madehow.com/Volume-4/Krypton.html",,,,,"Krypton",,,,,,,,,,"5-12","Krypton is chemical element number 36 on the periodic table of the elements. It belongs to the group of elements known as the noble gases.",,,,,,,,,,,,,,
" : ",,,,,,,,,,,,,,,"How Products Are Made ",,,,,"http://www.madehow.com/Volume-4/Lace-Curtain.html",,,,,"Lace Curtain",,,,,,,,,,"5-12","The word lace is derived from the Latin word lacques, meaning loop or snare. The term lace extends to any openwork fabric that is created by looping, twisting, or knotting of threads either by hand or machine.",,,,,,,,,,,,,,
" : ",,,,,,,,,,,,,,,"How Products Are Made ",,,,,"http://www.madehow.com/Volume-4/Lava-Lamp.html",,,,,"Lava Lamp",,,,,,,,,,"5-12","A lava lamp is a decorative tube-shaped light fixture containing a colored, oily fluid that flows up and down throughout the lamp chamber in a manner reminiscent of molten lava. As the fluid rises and sinks in the lamp chamber it changes shape and breaks into globules of various sizes, giving a psychedelic effect of constantly shifting patterns.",,,,,,,,,,,,,,
" : ",,,,,,,,,,,,,,,"How Products Are Made ",,,,,"http://www.madehow.com/Volume-4/Lead-Crystal.html",,,,,"Lead Crystal",,,,,,,,,,"5-12","Ordinary glass has been made for thousands of years and was a product of most ancient cultures. The ancients also began using crystal in its native form of rock crystal for beads, figurines, and dishes.",,,,,,,,,,,,,,
" : ",,,,,,,,,,,,,,,"How Products Are Made ",,,,,"http://www.madehow.com/Volume-4/Licorice.html",,,,,"Licorice",,,,,,,,,,"5-12","Licorice is a glossy, gelled candy with a semi-firm consistency that is flavored with licorice root extract. Typically, it is a moderately sweet candy, and is available in a variety of flavors such as black licorice, strawberry, cherry and chocolate.",,,,,,,,,,,,,,
" : ",,,,,,,,,,,,,,,"How Products Are Made ",,,,,"http://www.madehow.com/Volume-4/Linen.html",,,,,"Linen",,,,,,,,,,"5-12","Linen yarn is spun from the long fibers found just behind the bark in the multi-layer stem of the flax plant (Linum usitatissimum). In order to retrieve the fibers from the plant, the woody stem and the inner pith (called pectin), which holds the fibers together in a clump, must be rotted away.",,,,,,,,,,,,,,
" : ",,,,,,,,,,,,,,,"How Products Are Made ",,,,,"http://www.madehow.com/Volume-4/Mercury.html",,,,,"Mercury",,,,,,,,,,"5-12","Mercury is one of the basic chemical elements. It is a heavy, silvery metal that is liquid at normal temperatures.",,,,,,,,,,,,,,
" : ",,,,,,,,,,,,,,,"How Products Are Made ",,,,,"http://www.madehow.com/Volume-4/Milk.html",,,,,"Milk",,,,,,,,,,"5-12","Milk is a nutritive beverage obtained from various animals and consumed by humans. Most milk is obtained from dairy cows, although milk from goats, water buffalo, and reindeer is also used in various parts of the world.",,,,,,,,,,,,,,
" : ",,,,,,,,,,,,,,,"How Products Are Made ",,,,,"http://www.madehow.com/Volume-4/Milk-Carton.html",,,,,"Milk Carton",,,,,,,,,,"5-12","Milk cartons are water tight paper containers used for packaging milk for retail distribution. One of the most common supermarket items, and found in nearly every home, the milk carton is nonetheless a precision product, manufactured according to exacting standards.",,,,,,,,,,,,,,
" : ",,,,,,,,,,,,,,,"How Products Are Made ",,,,,"http://www.madehow.com/Volume-4/Model-Train.html",,,,,"Model Train",,,,,,,,,,"5-12","""Dear Dad: One thing I want this Christmas more than anything is a Lionel Electric Train.… You ought to see the way they run! Like a million dollars.",,,,,,,,,,,,,,
" : ",,,,,,,,,,,,,,,"How Products Are Made ",,,,,"http://www.madehow.com/Volume-4/Motorcycle.html",,,,,"Motorcycle",,,,,,,,,,"5-12","The motorcycle is ""a form of entertainment that can appeal only, one would think, to the most enthusiastic of mechanical eccentrics,"" Engineering magazine stated in 1901.",,,,,,,,,,,,,,
" : ",,,,,,,,,,,,,,,"How Products Are Made ",,,,,"http://www.madehow.com/Volume-4/Orange-Juice.html",,,,,"Orange Juice",,,,,,,,,,"5-12","Orange juice is defined in the United States Code of Federal Regulations as the ""unfermented juice obtained from mature oranges of the species Citrus sinensis or of the citrus hybrid commonly called Ambersweet."" True fresh squeezed juice is difficult to market commercially because it requires special processing to preserve it. Orange juice is commonly marketed in three forms: as a frozen concentrate, which is diluted with water after purchase; as a reconstituted liquid, which has been concentrated and then diluted prior to sale; or as a single strength, unconcentrated beverage called NFC or Not From Concentrate.",,,,,,,,,,,,,,
" : ",,,,,,,,,,,,,,,"How Products Are Made ",,,,,"http://www.madehow.com/Volume-4/Oxygen.html",,,,,"Oxygen",,,,,,,,,,"5-12","Oxygen is one of the basic chemical elements. In its most common form, oxygen is a colorless gas found in air.",,,,,,,,,,,,,,
" : ",,,,,,,,,,,,,,,"How Products Are Made ",,,,,"http://www.madehow.com/Volume-4/Parade-Float.html",,,,,"Parade Float",,,,,,,,,,"5-12","A parade float is an elaborately decorated three-dimensional figure or scene, mounted on a wheeled chassis that participates in a procession as part of a specific celebration. Most parade floats are self-propelled, although they may also be towed by another vehicle or pulled by animals.",,,,,,,,,,,,,,
" : ",,,,,,,,,,,,,,,"How Products Are Made ",,,,,"http://www.madehow.com/Volume-4/Photograph.html",,,,,"Photograph",,,,,,,,,,"5-12","A photograph is an image made by a photo-chemical reaction which records the impression of light on a surface coated with silver atoms. The reaction is possible due to the light-sensitive properties of silver halide crystals.",,,,,,,,,,,,,,
" : ",,,,,,,,,,,,,,,"How Products Are Made ",,,,,"http://www.madehow.com/Volume-4/Pickle.html",,,,,"Pickle",,,,,,,,,,"5-12","Pickles are cucumbers preserved in a solution of vinegar, salt, and other flavorings. They are typically fermented with naturally-occurring bacteria prior to vinegar preservation.",,,,,,,,,,,,,,
" : ",,,,,,,,,,,,,,,"How Products Are Made ",,,,,"http://www.madehow.com/Volume-4/Playing-Cards.html",,,,,"Playing Cards",,,,,,,,,,"5-12","Playing cards are flat, rectangular pieces of layered pasteboard typically used for playing a variety of games of skill or chance. They are thought to have developed during the twelfth century from divination implements or as a derivative of chess.",,,,,,,,,,,,,,
" : ",,,,,,,,,,,,,,,"How Products Are Made ",,,,,"http://www.madehow.com/Volume-4/Plywood.html",,,,,"Plywood",,,,,,,,,,"5-12","Plywood is made of three or more thin layers of wood bonded together with an adhesive. Each layer of wood, or ply, is usually oriented with its grain running at right angles to the adjacent layer in order to reduce the shrinkage and improve the strength of the finished piece.",,,,,,,,,,,,,,
" : ",,,,,,,,,,,,,,,"How Products Are Made ",,,,,"http://www.madehow.com/Volume-4/Polyester-Fleece.html",,,,,"Polyester Fleece",,,,,,,,,,"5-12","Polyester fleece is a soft, fuzzy fabric used for sweaters, sweat shirts, jackets, mittens, hats, blankets, and in any other applications where a warm, wool-like material is needed. It is a two-sided pile material, meaning that both the front and back surface of the fabric sprouts a layer of cut fibers, similar to corduroy or velvet.",,,,,,,,,,,,,,
" : ",,,,,,,,,,,,,,,"How Products Are Made ",,,,,"http://www.madehow.com/Volume-4/Pottery.html",,,,,"Pottery",,,,,,,,,,"5-12","Pottery is clay that is modeled, dried, and fired, usually with a glaze or finish, into a vessel or decorative object. Clay is a natural product dug from the earth, which has decomposed from rock within the earth's crust for millions of years.",,,,,,,,,,,,,,
" : ",,,,,,,,,,,,,,,"How Products Are Made ",,,,,"http://www.madehow.com/Volume-4/Pretzel.html",,,,,"Pretzel",,,,,,,,,,"5-12","Pretzels are a snack food, which have unique shapes and a hard, shiny outer surface. They are mass produced using primarily automated machinery.",,,,,,,,,,,,,,
" : ",,,,,,,,,,,,,,,"How Products Are Made ",,,,,"http://www.madehow.com/Volume-4/Raisins.html",,,,,"Raisins",,,,,,,,,,"5-12","Raisins are made primarily by sun drying several different types of grapes. They are small and sweetly flavored with a wrinkled texture.",,,,,,,,,,,,,,
" : ",,,,,,,,,,,,,,,"How Products Are Made ",,,,,"http://www.madehow.com/Volume-4/Rice-Cake.html",,,,,"Rice Cake",,,,,,,,,,"5-12","Rice cakes have literally exploded in popularity as a low calorie, low fat snack. Perhaps this is no coincidence—their production is based on the explosive characteristic of rice (and similar grains like popcorn) when heat and pressure are applied.",,,,,,,,,,,,,,
" : ",,,,,,,,,,,,,,,"How Products Are Made ",,,,,"http://www.madehow.com/Volume-4/Rubber-Stamp.html",,,,,"Rubber Stamp",,,,,,,,,,"5-12","The rubber stamp has two faces, one serious and one full of fun. Practical use has been made of the rubber stamp for many years to apply official information to a range of products.",,,,,,,,,,,,,,
" : ",,,,,,,,,,,,,,,"How Products Are Made ",,,,,"http://www.madehow.com/Volume-4/School-Bus.html",,,,,"School Bus",,,,,,,,,,"5-12","A school bus is a motor vehicle, which carries students to and from educational institutions. A vehicle is usually not considered to be a bus unless it can carry at least 10 passengers.",,,,,,,,,,,,,,
" : ",,,,,,,,,,,,,,,"How Products Are Made ",,,,,"http://www.madehow.com/Volume-4/Shellac.html",,,,,"Shellac",,,,,,,,,,"5-12","Lac is the name given to the resinous secretion of the tiny lac insect (Laccifer lacca) which is parasitic on certain trees in Asia, particularly India and Thailand. This insect secretion is cultivated and refined because of the commercial value of the finished product known as shellac.",,,,,,,,,,,,,,
" : ",,,,,,,,,,,,,,,"How Products Are Made ",,,,,"http://www.madehow.com/Volume-4/Spandex.html",,,,,"Spandex",,,,,,,,,,"5-12","Spandex is a synthetic polymer. Chemically, it is made up of a long-chain polyglycol combined with a short diisocyanate, and contains at least 85% polyurethane.",,,,,,,,,,,,,,
" : ",,,,,,,,,,,,,,,"How Products Are Made ",,,,,"http://www.madehow.com/Volume-4/Synthetic-Ruby.html",,,,,"Synthetic Ruby",,,,,,,,,,"5-12","Diamonds, rubies, sapphires, and emeralds are known as precious gems. Next to the diamond, the ruby is the hardest gemstone; it is also resistant to acids and other harmful substances.",,,,,,,,,,,,,,
" : ",,,,,,,,,,,,,,,"How Products Are Made ",,,,,"http://www.madehow.com/Volume-4/Temporary-Tattoo.html",,,,,"Temporary Tattoo",,,,,,,,,,"5-12","A temporary tattoo is a decorative image that can be applied to the skin for short periods of time. Most temporary tattoos are novelty items made with a special type of decal.",,,,,,,,,,,,,,
" : ",,,,,,,,,,,,,,,"How Products Are Made ",,,,,"http://www.madehow.com/Volume-4/Tin.html",,,,,"Tin",,,,,,,,,,"5-12","Tin is one of the basic chemical elements. When refined, it is a silvery-white metal known for its resistance to corrosion and its ability to coat other metals.",,,,,,,,,,,,,,
" : ",,,,,,,,,,,,,,,"How Products Are Made ",,,,,"http://www.madehow.com/Volume-4/Topographic-Map.html",,,,,"Topographic Map",,,,,,,,,,"5-12","A topographic map is a two-dimensional representation of a three-dimensional land surface. Topographic maps are differentiated from other maps in that they show both the horizontal and vertical positions of the terrain.",,,,,,,,,,,,,,
" : ",,,,,,,,,,,,,,,"How Products Are Made ",,,,,"http://www.madehow.com/Volume-4/Toy-Wagon.html",,,,,"Toy Wagon",,,,,,,,,,"5-12","A toy wagon is a four-wheeled toy consisting of a main body section and a steering handle. It is produced by a semi-continuous method, which involves making, painting, and assembling the various parts.",,,,,,,,,,,,,,
" : ",,,,,,,,,,,,,,,"How Products Are Made ",,,,,"http://www.madehow.com/Volume-4/Vinyl-Floorcovering.html",,,,,"Vinyl Floorcovering",,,,,,,,,,"5-12","Vinyl floorcovering is defined as either resilient vinyl sheet floorcovering or resilient vinyl tile floorcovering. Vinyl sheet floor-covering is generally available in either 6 ft (1.83 m) or 12 ft (3.66 m) widths and vinyl tiles are generally 12 x 12 in (30.48 x 30.48 cm).",,,,,,,,,,,,,,
" : ",,,,,,,,,,,,,,,"How Products Are Made ",,,,,"http://www.madehow.com/Volume-4/Water.html",,,,,"Water",,,,,,,,,,"5-12","Water is a chemical compound needed by most plants and animals on Earth in order to sustain life. Pure water is a tasteless, odorless, transparent liquid.",,,,,,,,,,,,,,
" : ",,,,,,,,,,,,,,,"How Products Are Made ",,,,,"http://www.madehow.com/Volume-4/Wet-Suit.html",,,,,"Wet Suit",,,,,,,,,,"5-12","Underwater, or deep sea diving is a popular recreational sport, and is also necessary for underwater rescue, salvage, and repair operations. Such activities often require diving to great depths in very cold water.",,,,,,,,,,,,,,
" : ",,,,,,,,,,,,,,,"How Products Are Made ",,,,,"http://www.madehow.com/Volume-4/Whistle.html",,,,,"Whistle",,,,,,,,,,"5-12","A whistle is a simple device that produces sound when air is forced through an opening. Their loud, attention-getting blast makes whistles essential for police officers and sports referees.",,,,,,,,,,,,,,
" : ",,,,,,,,,,,,,,,"How Products Are Made ",,,,,"http://www.madehow.com/Volume-4/Wooden-Clog.html",,,,,"Wooden Clog",,,,,,,,,,"5-12","Wooden clogs are heavy work shoes that were typically worn by French and Dutch peasants up through the beginning of the twentieth century. Known in French as sabots, and in Dutch as klompen, these sturdy shoes protected the feet of agricultural workers from mud and wet and from injury by the sharp tools used in the field.",,,,,,,,,,,,,,
" : ",,,,,,,,,,,,,,,"How Products Are Made ",,,,,"http://www.madehow.com/Volume-4/Yogurt.html",,,,,"Yogurt",,,,,,,,,,"5-12","Yogurt is a dairy product, which is made by blending fermented milk with various ingredients that provide flavor and color. Although accidentally invented thousands of years ago, yogurt has only recently gained popularity in the United States.",,,,,,,,,,,,,,
