"How Products Are Made :Aluminum",,,,,,,,,,,,,,,"How Products Are Made",,,,,"http://www.madehow.com/Volume-5/Aluminum.html",,,,,"Aluminum",,,,,,,,,,"5-12","The metallic element aluminum is the third most plentiful element in the earth's crust, comprising 8% of the planet's soil and rocks (oxygen and silicon make up 47% and 28%, respectively). In nature, aluminum is found only in chemical compounds with other elements such as sulphur, silicon, and oxygen.",,,,,,,,,,,,,,
"How Products Are Made :Ambulance",,,,,,,,,,,,,,,"How Products Are Made",,,,,"http://www.madehow.com/Volume-5/Ambulance.html",,,,,"Ambulance",,,,,,,,,,"5-12","An ambulance is a self-propelled vehicle specifically designed to transport critically sick or injured people to a medical facility. Most ambulances are motor vehicles, although helicopters, airplanes, and boats are also used.",,,,,,,,,,,,,,
"How Products Are Made :Antiperspirant/Deodorant Stick",,,,,,,,,,,,,,,"How Products Are Made",,,,,"http://www.madehow.com/Volume-5/Antiperspirant-Deodorant-Stick.html",,,,,"Antiperspirant/Deodorant Stick",,,,,,,,,,"5-12","Antiperspirant/deodorant (APD) sticks are used to reduce underarm wetness and control body odor. These products are made by blending active ingredients with waxes, oils, and silicones and molding the mixture into stick form.",,,,,,,,,,,,,,
"How Products Are Made :Artificial Blood",,,,,,,,,,,,,,,"How Products Are Made",,,,,"http://www.madehow.com/Volume-5/Artificial-Blood.html",,,,,"Artificial Blood",,,,,,,,,,"5-12","Artificial blood is a product made to act as a substitute for red blood cells. While true blood serves many different functions, artificial blood is designed for the sole purpose of transporting oxygen and carbon dioxide throughout the body.",,,,,,,,,,,,,,
"How Products Are Made :Artificial Flower",,,,,,,,,,,,,,,"How Products Are Made",,,,,"http://www.madehow.com/Volume-5/Artificial-Flower.html",,,,,"Artificial Flower",,,,,,,,,,"5-12","Silk and other artificial flowers manufactured today are breathtakingly real and must be touched if they are to be distinguished from nature's own. Silk trees bring the outdoors into sterile offices, and flower arrangements change the color and feel of a room for a relatively small investment.",,,,,,,,,,,,,,
"How Products Are Made :Bean Bag Plush Toy",,,,,,,,,,,,,,,"How Products Are Made",,,,,"http://www.madehow.com/Volume-5/Bean-Bag-Plush-Toy.html",,,,,"Bean Bag Plush Toy",,,,,,,,,,"5-12","Investors who worry about bull and bear markets should consider the alternatives—the moose, lobster, pink pig, platypus, and dolphin markets, just for starters. These stars in the investment firmament ""Chocolate the Moose,"" ""Pinchers the Lobster,"" ""Squealer the Pink Pig,"" ""Raspberry Patti the Platypus,"" and ""Flash the Dolphin"" are among the original nine Beanie Babies produced in 1993 by Ty Incorporated.",,,,,,,,,,,,,,
"How Products Are Made :Bed Sheet",,,,,,,,,,,,,,,"How Products Are Made",,,,,"http://www.madehow.com/Volume-5/Bed-Sheet.html",,,,,"Bed Sheet",,,,,,,,,,"5-12","A bed sheet is a flat-woven textile that is used on a bed between the occupant of a bed and the warm blanket above. It is generally a rectangle of broadloomed fabric, meaning it is made without a center seam.",,,,,,,,,,,,,,
"How Products Are Made :Billboard",,,,,,,,,,,,,,,"How Products Are Made",,,,,"http://www.madehow.com/Volume-5/Bed-Sheet.html",,,,,"Billboard",,,,,,,,,,"5-12","Billboard is the common term used to describe a type of outdoor advertising found along major highways. This name is most frequently given to large steel-framed signs, which are mounted on poles 20-100 ft (6.1-30.5 m) above the ground.",,,,,,,,,,,,,,
"How Products Are Made :Bioceramics",,,,,,,,,,,,,,,"How Products Are Made",,,,,"http://www.madehow.com/Volume-5/Bioceramics.html",,,,,"Bioceramics",,,,,,,,,,"5-12","Over the last several decades, bioceramics have helped improve the quality of life for millions of people. These specially designed materials—polycrystalline aluminum oxide, hydroxyapatite (a mineral of calcium phosphate that is also the major component of vertebrate bone), partially stabilized zirconium oxide, bioactive glass or glass-ceramics, and polyethylene-hydroxyapatite composites—have been successfully used for the repair, reconstruction, and replacement of diseased or damaged parts of the body, especially bone.",,,,,,,,,,,,,,
"How Products Are Made :Bisque Porcelain Figurine",,,,,,,,,,,,,,,"How Products Are Made",,,,,"http://www.madehow.com/Volume-5/Bisque-Porcelain-Figurine.html",,,,,"Bisque Porcelain Figurine",,,,,,,,,,"5-12","Bisque porcelain is unglazed, white ceramic ware that is hard-fired, non-poreous, and translucent. Today's bisque porcelain industry has arisen out of hundreds of years of experimentation with clay products and untold sources of artistic inspiration.",,,,,,,,,,,,,,
"How Products Are Made :Bow and Arrow",,,,,,,,,,,,,,,"How Products Are Made",,,,,"http://www.madehow.com/Volume-5/Bow-and-Arrow.html",,,,,"Bow and Arrow",,,,,,,,,,"5-12","In simplest terms, a bow is a long, flexible staff; a shorter string is attached to the staff's two ends, causing the staff to bend. An arrow is a shaft with feather-type vanes near one end, which is notched, and a pointed head on the other end.",,,,,,,,,,,,,,
"How Products Are Made :Brassiere",,,,,,,,,,,,,,,"How Products Are Made",,,,,"http://www.madehow.com/Volume-5/Brassiere.html",,,,,"Brassiere",,,,,,,,,,"5-12","Derived from the french word meaning upper arm, the brassiere is a mass-produced support undergarment worn by women that consists of two fabric cups attached to two side panels, a back panel, and shoulder straps (unless strapless) that fits snugly. They are sized according to a universal grading system first introduced by Ida Rosenthal, the founder of Maidenform, in 1928.",,,,,,,,,,,,,,
"How Products Are Made :Castanets",,,,,,,,,,,,,,,"How Products Are Made",,,,,"http://www.madehow.com/Volume-5/Castanets.html",,,,,"Castanets",,,,,,,,,,"5-12","Castanets are pairs of shell-shaped clappers that are hinged together with string. A Spanish dancer holds a pair in each hand, clicking the clappers together rapidly to produce rhythmic patterns of sound to accompany the dance movements.",,,,,,,,,,,,,,
"How Products Are Made :Ceramic Filter",,,,,,,,,,,,,,,"How Products Are Made",,,,,"http://www.madehow.com/Volume-5/Ceramic-Filter.html",,,,,"Ceramic Filter",,,,,,,,,,"5-12","During many industrial processes, a filtering step may be required to remove impurities and improve quality of the final product. Depending on the process, the filter may be subjected to high temperatures and a corrosive environment.",,,,,,,,,,,,,,
"How Products Are Made :Cheese Curl",,,,,,,,,,,,,,,"How Products Are Made",,,,,"http://www.madehow.com/Volume-5/Cheese-Curl.html",,,,,"Cheese Curl",,,,,,,,,,"5-12","Cheese curls, sometimes referred to as corn curls or cheese puffs, have been a popular American snack food since the 1950s. These crispy cheese snacks are formed from cornmeal, water, oil, and flavored coatings.",,,,,,,,,,,,,,
"How Products Are Made :Chicken",,,,,,,,,,,,,,,"How Products Are Made",,,,,"http://www.madehow.com/Volume-5/Chicken.html",,,,,"Chicken",,,,,,,,,,"5-12","Chicken in the United States is a cheap and readily available meat. It is packed in a variety of formats, from whole roasting chickens to selections of one particular cut, such as thighs or wings.",,,,,,,,,,,,,,
"How Products Are Made :Child Safety Seat",,,,,,,,,,,,,,,"How Products Are Made",,,,,"http://www.madehow.com/Volume-5/Child-Safety-Seat.html",,,,,"Child Safety Seat",,,,,,,,,,"5-12","In the United States, more than 2,000 children under 14 years of age die each year in vehicle crashes. Not only are vehicle crashes the leading killers of children, in 1997 they also injured nearly 320,000 youngsters.",,,,,,,,,,,,,,
"How Products Are Made :Compost",,,,,,,,,,,,,,,"How Products Are Made",,,,,"http://www.madehow.com/Volume-5/Compost.html",,,,,"Compost",,,,,,,,,,"5-12","Compost is a finely divided, loose material consisting of decomposed organic matter. It is primarily used as a plant nutrient and soil conditioner to stimulate crop growth.",,,,,,,,,,,,,,
"How Products Are Made :Computer Mouse",,,,,,,,,,,,,,,"How Products Are Made",,,,,"http://www.madehow.com/Volume-5/Computer-Mouse.html",,,,,"Computer Mouse",,,,,,,,,,"5-12","Designers in the computer industry seek not only to ""build the better mousetrap"" but to build the best mouse. The computer mouse is an accessory to the personal computer that has become an essential part of operation of the computer.",,,,,,,,,,,,,,
"How Products Are Made :Concrete Dam",,,,,,,,,,,,,,,"How Products Are Made",,,,,"http://www.madehow.com/Volume-5/Concrete-Dam.html",,,,,"Concrete Dam",,,,,,,,,,"5-12","Concrete dams are built in four basic shapes. The concrete gravity dam has weight as its strength.",,,,,,,,,,,,,,
"How Products Are Made :Cork",,,,,,,,,,,,,,,"How Products Are Made",,,,,"http://www.madehow.com/Volume-5/Cork.html",,,,,"Cork",,,,,,,,,,"5-12","An incredibly versatile natural material, cork is harvested from living cork oak trees somewhat like wool is gathered from sheep. The trees are unharmed by the process, and they continue producing cork for an average of 150 years.",,,,,,,,,,,,,,
"How Products Are Made :Cough Drop",,,,,,,,,,,,,,,"How Products Are Made",,,,,"http://www.madehow.com/Volume-5/Cough-Drop.html",,,,,"Cough Drop",,,,,,,,,,"5-12","A cough drop is medicinal tablet designed to deliver active ingredients which suppress or relieve the cough reflex. They are made just like hard candies; ingredients are mixed together, they are cooked, cooled, and packaged.",,,,,,,,,,,,,,
"How Products Are Made :Cranberries",,,,,,,,,,,,,,,"How Products Are Made",,,,,"http://www.madehow.com/Volume-5/Cranberries.html",,,,,"Cranberries",,,,,,,,,,"5-12","The cranberry is a slender, trailing native North American shrub (Vaccinium macro-carpon) that grows in moist, sandy soil. The fruit berry is small, red, quite tart, and high in vitamin C.",,,,,,,,,,,,,,
"How Products Are Made :Crane",,,,,,,,,,,,,,,"How Products Are Made",,,,,"http://www.madehow.com/Volume-5/Crane.html",,,,,"Crane",,,,,,,,,,"5-12","A crane is a machine that is capable of raising and lowering heavy objects and moving them horizontally. Cranes are distinguished from hoists, which can lift objects but that cannot move them sideways.",,,,,,,,,,,,,,
"How Products Are Made :Crash Test Dummy",,,,,,,,,,,,,,,"How Products Are Made",,,,,"http://www.madehow.com/Volume-5/Crash-Test-Dummy.html",,,,,"Crash Test Dummy",,,,,,,,,,"5-12","Like a fashion mannequin, the dummy looks like a human, but its more-than-skin-deep beauties consist of high-tech instrumentation and a state-of-the-art physique. And like the ventriloquist's version, the crash test dummy can't speak except in a highly effective series of television commercials for seat belt safety.",,,,,,,,,,,,,,
"How Products Are Made :Cubic Zirconia",,,,,,,,,,,,,,,"How Products Are Made",,,,,"http://www.madehow.com/Volume-5/Cubic-Zirconia.html",,,,,"Cubic Zirconia",,,,,,,,,,"5-12","A gem or gemstone can be defined as a jewel or semiprecious stone cut and polished for personal adornment. Gemstones produced in the United States and other producing countries are of three types; natural, synthetic, and simulant.",,,,,,,,,,,,,,
"How Products Are Made :Dog Biscuit",,,,,,,,,,,,,,,"How Products Are Made",,,,,"http://www.madehow.com/Volume-5/Dog-Biscuit.html",,,,,"Dog Biscuit",,,,,,,,,,"5-12","Dog biscuits are a hard, dry, dog food product, typically composed of protein, carbohydrates, fat, and fiber. They are made in much the same way biscuits are made for human consumption.",,,,,,,,,,,,,,
"How Products Are Made :Doorknob",,,,,,,,,,,,,,,"How Products Are Made",,,,,"http://www.madehow.com/Volume-5/Doorknob.html",,,,,"Doorknob",,,,,,,,,,"5-12","There are 114 million existing doorways in the United States, with about two million new ones added every year. Doors equipped with suitable hardware are used to close off these openings and protect the interior of the building from the environment.",,,,,,,,,,,,,,
"How Products Are Made :Doughnut",,,,,,,,,,,,,,,"How Products Are Made",,,,,"http://www.madehow.com/Volume-5/Doughnut.html",,,,,"Doughnut",,,,,,,,,,"5-12","The doughnut is a fried ring or globule of sweet dough that is either yeast leavened or chemically leavened. The dough is mixed and shaped, dropped into hot oil and fried, and glazed.",,,,,,,,,,,,,,
"How Products Are Made :Eggs",,,,,,,,,,,,,,,"How Products Are Made",,,,,"http://www.madehow.com/Volume-5/Eggs.html",,,,,"Eggs",,,,,,,,,,"5-12","The unfertilized egg is considered an important and inexpensive food source, particularly high in protein, including 0.21 oz (6 g) of complete protein per two-ounce egg. However, it also includes 0.42 oz (12 g) fat, both saturated and unsaturated, which is nearly all located in the yolk.",,,,,,,,,,,,,,
"How Products Are Made :Electric Automobile",,,,,,,,,,,,,,,"How Products Are Made",,,,,"http://www.madehow.com/Volume-5/Electric-Automobile.html",,,,,"Electric Automobile",,,,,,,,,,"5-12","Unlike the gas-powered automobile, the electric automobile did not easily develop into a viable means of transportation. In the early twentieth century, the electric car was vigorously pursued by researchers; however the easily mass-produced gasoline-powered automobile squelched interest in the project.",,,,,,,,,,,,,,
"How Products Are Made :Envelope",,,,,,,,,,,,,,,"How Products Are Made",,,,,"http://www.madehow.com/Volume-5/Envelope.html",,,,,"Envelope",,,,,,,,,,"5-12","An envelope is a flat, flexible container, made of paper or similar material, that has a single opening and a flap that can be sealed over the opening. The envelope is usually sealed by wetting an area of the flap.",,,,,,,,,,,,,,
"How Products Are Made :Eraser",,,,,,,,,,,,,,,"How Products Are Made",,,,,"http://www.madehow.com/Volume-5/Eraser.html",,,,,"Eraser",,,,,,,,,,"5-12","An eraser is a object that is used to remove marks from paper. Most erasers are designed to remove pencil marks.",,,,,,,,,,,,,,
"How Products Are Made :Eyeglass Frame",,,,,,,,,,,,,,,"How Products Are Made",,,,,"http://www.madehow.com/Volume-5/Eyeglass-Frame.html",,,,,"Eyeglass Frame",,,,,,,,,,"5-12","American humorist Dorothy Parker (1893-1967) once wrote caustically that ""Men seldom make passes at girls who wear glasses."" Her comment tells as much about the eyeglass fashions available in her youth as about the customs of flirtation. Ms.",,,,,,,,,,,,,,
"How Products Are Made :Fill Dam",,,,,,,,,,,,,,,"How Products Are Made",,,,,"http://www.madehow.com/Volume-5/Fill-Dam.html",,,,,"Fill Dam",,,,,,,,,,"5-12","Dams are among the oldest structures built by humans for collective use. A dam is a barrier that is constructed across a river or stream so the water can be held back or impounded to supply water for drinking or irrigation, to control flooding, and to generate power.",,,,,,,,,,,,,,
"How Products Are Made :Fishing Fly",,,,,,,,,,,,,,,"How Products Are Made",,,,,"http://www.madehow.com/Volume-5/Fishing-Fly.html",,,,,"Fishing Fly",,,,,,,,,,"5-12","A fishing fly is a hook that has been dressed with pieces of feathers, fur, thread, and other materials to resemble a literal fly or some other small insect or fish. Fishing flies are tied in over 5,000 patterns and sizes, and each has a specific name.",,,,,,,,,,,,,,
"How Products Are Made :Fishing Lure",,,,,,,,,,,,,,,"How Products Are Made",,,,,"http://www.madehow.com/Volume-5/Fishing-Lure.html",,,,,"Fishing Lure",,,,,,,,,,"5-12","The way to a fish's stomach is through his eyeballs, and fishing lures are objects that resemble any of the naturally occurring foods that fish might find attractive. The purpose of the lure is to use movement, color, and vibration to grab the fish's attention and cause him to bite the hook.",,,,,,,,,,,,,,
"How Products Are Made :Fishing Rod",,,,,,,,,,,,,,,"How Products Are Made",,,,,"http://www.madehow.com/Volume-5/Fishing-Rod.html",,,,,"Fishing Rod",,,,,,,,,,"5-12","A fishing rod is a device used in sport fishing that consists of a long pole with a line held in place alongside it with the use of guides. Usually the line is kept in storage on a reel that the angler spins to both take up and let out the line while casting.",,,,,,,,,,,,,,
"How Products Are Made :Flute",,,,,,,,,,,,,,,"How Products Are Made",,,,,"http://www.madehow.com/Volume-5/Flute.html",,,,,"Flute",,,,,,,,,,"5-12","A flute is a musical instrument that produces sound when a stream of air is directed against the edge of a hole, causing the air within the body of the instrument to vibrate. Most flutes are tubular, but some are globular or other shapes.",,,,,,,,,,,,,,
"How Products Are Made :Foam Rubber",,,,,,,,,,,,,,,"How Products Are Made",,,,,"http://www.madehow.com/Volume-5/Foam-Rubber.html",,,,,"Foam Rubber",,,,,,,,,,"5-12","Foam rubber is found in a wide range of applications, from cushioning in automobile seats and furniture to insulation in walls and appliances to soles and heels in footwear. Foams are made by forming gas bubbles in a plastic mixture, with the use of a blowing agent.",,,,,,,,,,,,,,
"How Products Are Made :Frisbee",,,,,,,,,,,,,,,"How Products Are Made",,,,,"http://www.madehow.com/Volume-5/Frisbee.html",,,,,"Frisbee",,,,,,,,,,"5-12","Nearly 300 million frisbees have been sold since their introduction 40 years ago, for both organized sports and recreational play. According to Mattel, 90% of Americans have played with this flying toy at one time or another, translating to 15 million people enjoying the sport every year.",,,,,,,,,,,,,,
"How Products Are Made :Frozen Vegetable",,,,,,,,,,,,,,,"How Products Are Made",,,,,"http://www.madehow.com/Volume-5/Frozen-Vegetable.html",,,,,"Frozen Vegetable",,,,,,,,,,"5-12","Frozen foods are ubiquitous in American supermarkets, and are increasingly a part of the food industry worldwide. Fruits and vegetables are usually frozen within hours of being picked, and when thawed, they are very close to fresh in taste and texture.",,,,,,,,,,,,,,
"How Products Are Made :Fruit Leather",,,,,,,,,,,,,,,"How Products Are Made",,,,,"http://www.madehow.com/Volume-5/Fruit-Leather.html",,,,,"Fruit Leather",,,,,,,,,,"5-12","Fruit leathers, sometimes referred to as fruit rolls or Fruit Roll-ups, are popular dried food snacks. They are formed when fruit is pureed (generally from a concentrate when mass-produced) cooked, dried, and rolled or cut out (for easy storage and packaging).",,,,,,,,,,,,,,
"How Products Are Made :Galoshes",,,,,,,,,,,,,,,"How Products Are Made",,,,,"http://www.madehow.com/Volume-5/Galoshes.html",,,,,"Galoshes",,,,,,,,,,"5-12","The name for galoshes originated in the Middle Ages when many styles of boots from short to long were popular. The word came from Gaulish shoes or gallicae, which had leather uppers and soles carved of wood; when the Romans conquered the territory they called Gaul (France), they borrowed the Gaulish boot style.",,,,,,,,,,,,,,
"How Products Are Made :Gelatin",,,,,,,,,,,,,,,"How Products Are Made",,,,,"http://www.madehow.com/Volume-5/Gelatin.html",,,,,"Gelatin",,,,,,,,,,"5-12","Gelatin is a protein substance derived from collagen, a natural protein present in the tendons, ligaments, and tissues of mammals. It is produced by boiling the connective tissues, bones and skins of animals, usually cows and pigs.",,,,,,,,,,,,,,
"How Products Are Made :Glass Ornament",,,,,,,,,,,,,,,"How Products Are Made",,,,,"http://www.madehow.com/Volume-5/Glass-Ornament.html",,,,,"Glass Ornament",,,,,,,,,,"5-12","When Christmas trees were still a new custom, inventive methods of decorating trees with as much light as possible were developed. Actual lights, from candles to electric bulbs, were used, of course; but, to magnify the sparkle and fascinate the young, metallic tinsel and glass baubles became accessories for the well-dressed Christmas tree.",,,,,,,,,,,,,,
"How Products Are Made :Glue",,,,,,,,,,,,,,,"How Products Are Made",,,,,"http://www.madehow.com/Volume-5/Glue.html",,,,,"Glue",,,,,,,,,,"5-12","It is estimated that about 40 lb (18.2 kg) per year of glue are used for every person in America, and it is easy to see how and why when one looks at the extent of uses. Furniture, plumbing, shoes, books, buildings, and automobiles all use glue in some part of their construction.",,,,,,,,,,,,,,
"How Products Are Made :Golf Tee",,,,,,,,,,,,,,,"How Products Are Made",,,,,"http://www.madehow.com/Volume-5/Golf-Tee.html",,,,,"Golf Tee",,,,,,,,,,"5-12","A golf tee is a small device used to prop up a golf ball. It is typically used on the first shot of each new hole during a game of golf.",,,,,,,,,,,,,,
"How Products Are Made :Green Tea",,,,,,,,,,,,,,,"How Products Are Made",,,,,"http://www.madehow.com/Volume-5/Green-Tea.html",,,,,"Green Tea",,,,,,,,,,"5-12","In 1992, global production of all tea was almost 2.5 million tons. The majority of tea production occurs in the subtropical areas of Asia, including China, India, Sri Lanka, Japan, and Indonesia.",,,,,,,,,,,,,,
"How Products Are Made :Greeting Card",,,,,,,,,,,,,,,"How Products Are Made",,,,,"http://www.madehow.com/Volume-5/Greeting-Card.html",,,,,"Greeting Card",,,,,,,,,,"5-12","Greeting cards are pieces of paper or cardboard upon which photos, drawings, and a verse of cheer, greeting, celebration, condolence, etc. have been printed or engraved.",,,,,,,,,,,,,,
"How Products Are Made :Hang Glider",,,,,,,,,,,,,,,"How Products Are Made",,,,,"http://www.madehow.com/Volume-5/Hang-Glider.html",,,,,"Hang Glider",,,,,,,,,,"5-12","A hang glider is an unpowered heavier-than-air flying device designed to carry a human passenger who is suspended beneath its sail. Unlike other gliders that resemble unpowered airplanes, hang gliders look like large kites.",,,,,,,,,,,,,,
"How Products Are Made :High Heel",,,,,,,,,,,,,,,"How Products Are Made",,,,,"http://www.madehow.com/Volume-5/High-Heel.html",,,,,"High Heel",,,,,,,,,,"5-12","Shoe height has historically reflected nobility, authority, and wealth. France's King Louis XIV (1638-1715) was only 5 ft 3 in (1.6 m) tall until he donned specially-made high-heeled shoes with curved heels constructed of cork and covered with red-dyed leather, with the red color symbolizing nobility.",,,,,,,,,,,,,,
"How Products Are Made :Holiday Lights",,,,,,,,,,,,,,,"How Products Are Made",,,,,"http://www.madehow.com/Volume-5/Holiday-Lights.html",,,,,"Holiday Lights",,,,,,,,,,"5-12","Festivals in a number of ancient civilizations were celebrated with lights; any and all of these may have been the inspiration for the lights we use to decorate Christmas trees and the exteriors of homes. The Druids in both France and England believed that oak trees were sacred, and they ornamented them with candles and fruit in honor of their gods of light and harvest.",,,,,,,,,,,,,,
"How Products Are Made :Honey",,,,,,,,,,,,,,,"How Products Are Made",,,,,"http://www.madehow.com/Volume-5/Honey.html",,,,,"Honey",,,,,,,,,,"5-12","Honey is a sweet syrupy substance produced by honeybees from the nectar of flowers and used by humans as a sweetener and a spread. Honey is comprised of 17-20% water, 76-80% glucose, and fructose, pollen, wax, and mineral salts.",,,,,,,,,,,,,,
"How Products Are Made :Hourglass",,,,,,,,,,,,,,,"How Products Are Made",,,,,"http://www.madehow.com/Volume-5/Hourglass.html",,,,,"Hourglass",,,,,,,,,,"5-12","Before the invention of mechanical clocks, timepieces used the sun's motion or simple measurement devices to track time. The sundial may be the best known ancient keeper of time, and it is still manufactured as a popular garden accessory—but for its visual interest, not for practical time measurement.",,,,,,,,,,,,,,
"How Products Are Made :Incense Stick",,,,,,,,,,,,,,,"How Products Are Made",,,,,"http://www.madehow.com/Volume-5/Incense-Stick.html",,,,,"Incense Stick",,,,,,,,,,"5-12","When the Three Wise Men brought their most precious gifts to Bethlehem, two of them—frankincense and myrrh were resins used to make incense. The third gift was gold, but it was the least valuable of these substances at that time.",,,,,,,,,,,,,,
"How Products Are Made :Jam and Jelly",,,,,,,,,,,,,,,"How Products Are Made",,,,,"http://www.madehow.com/Volume-5/Jam-and-Jelly.html",,,,,"Jam and Jelly",,,,,,,,,,"5-12","Jams and jellies are spreads typically made from fruit, sugar, and pectin. Jelly is made with the juice of the fruit; jam uses the meat of the fruit as well.",,,,,,,,,,,,,,
"How Products Are Made :Jukebox",,,,,,,,,,,,,,,"How Products Are Made",,,,,"http://www.madehow.com/Volume-5/Jukebox.html",,,,,"Jukebox",,,,,,,,,,"5-12","A jukebox is a coin-operated machine that plays music from a record or compact disc (CD) once a selection is made. Originally called nickelodeons, the term jukebox did not appear until the late 1930s and its origins are in dispute.",,,,,,,,,,,,,,
"How Products Are Made :License Plate",,,,,,,,,,,,,,,"How Products Are Made",,,,,"http://www.madehow.com/Volume-5/License-Plate.html",,,,,"License Plate",,,,,,,,,,"5-12","Metal plates attached to motor vehicles are commonly called license plates, but this is a misnomer. The driver of the vehicle must be licensed, and the vehicle is registered; therefore, these plates are really registration plates.",,,,,,,,,,,,,,
"How Products Are Made :Lock",,,,,,,,,,,,,,,"How Products Are Made",,,,,"http://www.madehow.com/Volume-5/Lock.html",,,,,"Lock",,,,,,,,,,"5-12","Locks have been used to fasten doors against thieves since earliest times. The Old Testament contains several references to locks, and the first archaeological evidence of locks are about 4,000 years old.",,,,,,,,,,,,,,
"How Products Are Made :LP Record",,,,,,,,,,,,,,,"How Products Are Made",,,,,"http://www.madehow.com/Volume-5/LP-Record.html",,,,,"LP Record",,,,,,,,,,"5-12","Sound has always fascinated human listeners, but, until late in the 1800s, it eluded capture. This fact seems peculiar to us today because, with compact discs, cassette tapes, highly portable players, automobiles with lush sound systems, hundreds of radio stations on the dial, television stations devoted to music, and a myriad of other broadcast sounds, we are surrounded by sound.",,,,,,,,,,,,,,
"How Products Are Made :Lyocell",,,,,,,,,,,,,,,"How Products Are Made",,,,,"http://www.madehow.com/Volume-5/Lyocell.html",,,,,"Lyocell",,,,,,,,,,"5-12","Lyocell is a manmade fiber derived from cellulose, better known in the United States under the brand name Tencel. Though it is related to rayon, another cellulosic fabric, lyocell is created by a solvent spinning technique, and the cellulose undergoes no significant chemical change.",,,,,,,,,,,,,,
"How Products Are Made :Macadamia Nut",,,,,,,,,,,,,,,"How Products Are Made",,,,,"http://www.madehow.com/Volume-5/Macadamia-Nut.html",,,,,"Macadamia Nut",,,,,,,,,,"5-12","In the world of nuts and berries, macadamia nuts are almost as precious as gold. These delicious, exotic nuts with their rich flavor and oil are considered delicacies and are served as dessert nuts.",,,,,,,,,,,,,,
"How Products Are Made :Molasses",,,,,,,,,,,,,,,"How Products Are Made",,,,,"http://www.madehow.com/Volume-5/Molasses.html",,,,,"Molasses",,,,,,,,,,"5-12","Molasses, from the Latin word melaceres, meaning honey-like, is a thick dark syrup that is a byproduct of sugar refining. It results when sugar is crystallized out of sugar cane or sugar beet juice.",,,,,,,,,,,,,,
"How Products Are Made :Mousetrap",,,,,,,,,,,,,,,"How Products Are Made",,,,,"http://www.madehow.com/Volume-5/Mousetrap.html",,,,,"Mousetrap",,,,,,,,,,"5-12","Scientists describe the mousetrap as a device that is ""irreducibly complex."" The mousetrap cannot be made more simply and still function, and, at the same time, it is so simple and does its job so well that it gives the illusion of being a profound achievement. ""To build a better mousetrap"" means to achieve an ideal, to reach a pinnacle of achievement, or to create the best possible device in an imperfect world.",,,,,,,,,,,,,,
"How Products Are Made :Mustard",,,,,,,,,,,,,,,"How Products Are Made",,,,,"http://www.madehow.com/Volume-5/Mustard.html",,,,,"Mustard",,,,,,,,,,"5-12","A piquant condiment made from the seeds of the mustard plant. When the seeds are crushed, two elements, myronate and myrasin, are released, creating a fiery tasting essence.",,,,,,,,,,,,,,
"How Products Are Made :Nuclear Submarine",,,,,,,,,,,,,,,"How Products Are Made",,,,,"http://www.madehow.com/Volume-5/Nuclear-Submarine.html",,,,,"Nuclear Submarine",,,,,,,,,,"5-12","A nuclear submarine is a ship powered by atomic energy that travels primarily under-water, but also on the surface of the ocean. Previously, conventional submarines used diesel engines that required air for moving on the surface of the water, and battery-powered electric motors for moving beneath it.",,,,,,,,,,,,,,
"How Products Are Made :Nutcracker",,,,,,,,,,,,,,,"How Products Are Made",,,,,"http://www.madehow.com/Volume-5/Nutcracker.html",,,,,"Nutcracker",,,,,,,,,,"5-12","A nutcracker is a device used to break open the shells of hard, dry fruits, known commonly as nuts, produced by certain species of trees. The edible material within the shell is known as the kernel.",,,,,,,,,,,,,,
"How Products Are Made :Oatmeal",,,,,,,,,,,,,,,"How Products Are Made",,,,,"http://www.madehow.com/Volume-5/Oatmeal.html",,,,,"Oatmeal",,,,,,,,,,"5-12","Oatmeal is made from the ground or rolled seeds of oat grass (Avena sativa). It is cooked as cereal or used as an ingredient in baking.",,,,,,,,,,,,,,
"How Products Are Made :Olives",,,,,,,,,,,,,,,"How Products Are Made",,,,,"http://www.madehow.com/Volume-5/Olives.html",,,,,"Olives",,,,,,,,,,"5-12","The olive tree boasts two prizes—the olive itself (called the table olive) and the precious oil pressed from the fruit's flesh. In fact, a third prize is the tree which has a twisted trunk full of character, grey-green leaves, and wood which can be used for carving and furniture-making.",,,,,,,,,,,,,,
"How Products Are Made :Paintbrush",,,,,,,,,,,,,,,"How Products Are Made",,,,,"http://www.madehow.com/Volume-5/Paintbrush.html",,,,,"Paintbrush",,,,,,,,,,"5-12","A paintbrush is a handheld tool used to apply paint or sealers to paintable surfaces. The brush picks up paint with filament, includes a ferrule that is a metal band that holds the filament and handle together and gives the brush strength, a spacer plug within the ferrule which helps the filament sits tightly in the brush and creates a reservoir for paint, epoxy to lock the filament, and a handle which provides comfort and good balance.",,,,,,,,,,,,,,
"How Products Are Made :Parachute",,,,,,,,,,,,,,,"How Products Are Made",,,,,"http://www.madehow.com/Volume-5/Parachute.html",,,,,"Parachute",,,,,,,,,,"5-12","A parachute is a device used to slow the movement of a person or object as it falls or moves through the air. Used primarily for safe descent from high altitudes (e.g., a spacecraft reentering the atmosphere, a person or object dropped from an airplane), parachutes can also be used in horizontal configurations to slow objects like race cars that have finished their runs.",,,,,,,,,,,,,,
"How Products Are Made :Pepper",,,,,,,,,,,,,,,"How Products Are Made",,,,,"http://www.madehow.com/Volume-5/Pepper.html",,,,,"Pepper",,,,,,,,,,"5-12","Pepper is often described as the ""king of spices,"" and it shares a place on most dinner tables with salt. The word pepper originated from the Sanskrit word pippali, meaning berry.",,,,,,,,,,,,,,
"How Products Are Made :Pipe Organ",,,,,,,,,,,,,,,"How Products Are Made",,,,,"http://www.madehow.com/Volume-5/Pipe-Organ.html",,,,,"Pipe Organ",,,,,,,,,,"5-12","A pipe organ is a musical instrument that produces sound by blowing air through a series of hollow tubes controlled by keyboards. Pipe organs are distinguished from reed organs, in which air causes thin strips of metal to vibrate.",,,,,,,,,,,,,,
"How Products Are Made :Pita Bread",,,,,,,,,,,,,,,"How Products Are Made",,,,,"http://www.madehow.com/Volume-5/Pita-Bread.html",,,,,"Pita Bread",,,,,,,,,,"5-12","Nearly every civilization makes some type of bread. Prehistoric people of 10,000 years ago baked bread.",,,,,,,,,,,,,,
"How Products Are Made :Plastic Doll",,,,,,,,,,,,,,,"How Products Are Made",,,,,"http://www.madehow.com/Volume-5/Plastic-Doll.html",,,,,"Plastic Doll",,,,,,,,,,"5-12","Dolls have evolved over the centuries from religious symbols or idols in ceremonies to playthings by children, and are now also highly-prized collectibles. Doll collecting has become the second largest adult hobby in the United States, and many collectibles are made of plastic.",,,,,,,,,,,,,,
"How Products Are Made :Popcorn",,,,,,,,,,,,,,,"How Products Are Made",,,,,"http://www.madehow.com/Volume-5/Popcorn.html",,,,,"Popcorn",,,,,,,,,,"5-12","Before about 1912, less than 19,000 acres (7,700 hectares) of farmland were dedicated to growing popcorn, but the electric popcorn machine and the microwave increased the demand for ""prairie gold."" Today, annual consumption of popcorn in America exceeds 1 billion lb (0.45 billion kg) or 71 quarts (67 liters) per person per year. The states of Indiana, Iowa, Illinois, and Ohio lead the field.",,,,,,,,,,,,,,
"How Products Are Made :Rice",,,,,,,,,,,,,,,"How Products Are Made",,,,,"http://www.madehow.com/Volume-5/Rice.html",,,,,"Rice",,,,,,,,,,"5-12","As a main source of nourishment for over half the world's population, rice is by far one of the most important commercial food crops. Its annual yield worldwide is approximately 535 million tons.",,,,,,,,,,,,,,
"How Products Are Made :Safety Razor",,,,,,,,,,,,,,,"How Products Are Made",,,,,"http://www.madehow.com/Volume-5/Safety-Razor.html",,,,,"Safety Razor",,,,,,,,,,"5-12","A safety razor is a device used to remove hair from areas of the body where it is undesirable such as the face for men and the legs and underarm regions for women. The modern blade razor consists of a specially designed blade mounted in a metal or plastic shell that is attached to a handle.",,,,,,,,,,,,,,
"How Products Are Made :Sheet Music",,,,,,,,,,,,,,,"How Products Are Made",,,,,"http://www.madehow.com/Volume-5/Sheet-Music.html",,,,,"Sheet Music",,,,,,,,,,"5-12","Sheet music is a magic carpet. It is a printed page that, like a book, tells an original story created by the talent, imagination, training—and sometimes genius—of a writer.",,,,,,,,,,,,,,
"How Products Are Made :Silly Putty",,,,,,,,,,,,,,,"How Products Are Made",,,,,"http://www.madehow.com/Volume-5/Silly-Putty.html",,,,,"Silly Putty",,,,,,,,,,"5-12","In 1943, Silly Putty was accidentally invented by James Wright, an engineer in General Electric's New Haven laboratory, which was under a government contract to create an inexpensive substitute for synthetic rubber for the war effort. By combining boric acid with silicone oil, a material resulted that would stretch and bounce farther than rubber, even at extreme temperatures.",,,,,,,,,,,,,,
"How Products Are Made :Soccer Ball",,,,,,,,,,,,,,,"How Products Are Made",,,,,"http://www.madehow.com/Volume-5/Soccer-Ball.html",,,,,"Soccer Ball",,,,,,,,,,"5-12","People have played games similar to modern soccer around the world since ancient times. The oldest recorded soccer-like game is the Chinese game of tsu-chu, allegedly invented by the emperor Huang-Ti in 1697 B.C.",,,,,,,,,,,,,,
"How Products Are Made :Soy Milk",,,,,,,,,,,,,,,"How Products Are Made",,,,,"http://www.madehow.com/Volume-5/Soy-Milk.html",,,,,"Soy Milk",,,,,,,,,,"5-12","Soy milk is a high protein, iron-rich milky liquid produced from pressing ground, cooked soybeans. Creamy white soy milk resembles cow's milk but in fact differs from its dairy counterpart in a number of ways.",,,,,,,,,,,,,,
"How Products Are Made :Spacesuit",,,,,,,,,,,,,,,"How Products Are Made",,,,,"http://www.madehow.com/Volume-5/Spacesuit.html",,,,,"Spacesuit",,,,,,,,,,"5-12","A spacesuit is a pressurized garment worn by astronauts during space flights. It is designed to protect them from the potentially damaging conditions experienced in space.",,,,,,,,,,,,,,
"How Products Are Made :Sponge",,,,,,,,,,,,,,,"How Products Are Made",,,,,"http://www.madehow.com/Volume-5/Sponge.html",,,,,"Sponge",,,,,,,,,,"5-12","There are many different varieties of sea sponges, and these come in widely varying shapes and sizes. They can be very large, and grow in elaborate branched formations, or be round and small, or grow flat or in a tube shape.",,,,,,,,,,,,,,
"How Products Are Made :Statuary",,,,,,,,,,,,,,,"How Products Are Made",,,,,"http://www.madehow.com/Volume-5/Statuary.html",,,,,"Statuary",,,,,,,,,,"5-12","Sculpture is three-dimensional art, and statuary is affordable sculpture for everyone. Statuary encompasses the sublime to the ridiculous it is as familiar as red- and-green lawn gnomes and as exotic the Winged Victory, an ancient Greek sculpture displayed in the Louvre Museum in Paris, France.",,,,,,,,,,,,,,
"How Products Are Made :Steel Pipe",,,,,,,,,,,,,,,"How Products Are Made",,,,,"http://www.madehow.com/Volume-5/Steel-Pipe.html",,,,,"Steel Pipe",,,,,,,,,,"5-12","Steel pipes are long, hollow tubes that are used for a variety of purposes. They are produced by two distinct methods which result in either a welded or seamless pipe.",,,,,,,,,,,,,,
"How Products Are Made :Sunflower Seed",,,,,,,,,,,,,,,"How Products Are Made",,,,,"http://www.madehow.com/Volume-5/Sunflower-Seed.html",,,,,"Sunflower Seed",,,,,,,,,,"5-12","Sunflower seeds have become a popular snack food. The sunflower plant is an annual herb that has large yellow flowers, broad leaves and can grow from 3-15 ft (0.91-4.6 m) high.",,,,,,,,,,,,,,
"How Products Are Made :Suspension Bridge",,,,,,,,,,,,,,,"How Products Are Made",,,,,"http://www.madehow.com/Volume-5/Suspension-Bridge.html",,,,,"Suspension Bridge",,,,,,,,,,"5-12","In a suspension bridge, the traffic-carrying deck is supported by a series of wire ropes that hang from massive cables draped between tall towers. The Brooklyn Bridge in New York City and the Golden Gate Bridge in San Francisco are two of the most famous suspension bridges.",,,,,,,,,,,,,,
"How Products Are Made :Sword",,,,,,,,,,,,,,,"How Products Are Made",,,,,"http://www.madehow.com/Volume-5/Sword.html",,,,,"Sword",,,,,,,,,,"5-12","The development of the sword was not possible until ancient civilizations discovered how to mine and work metal. Thus, the first swords were probably made of the oldest worked metal, pure copper.",,,,,,,,,,,,,,
"How Products Are Made :Telephone",,,,,,,,,,,,,,,"How Products Are Made",,,,,"http://www.madehow.com/Volume-5/Telephone.html",,,,,"Telephone",,,,,,,,,,"5-12","Throughout history, people have devised methods for communicating over long distances. The earliest methods involved crude systems such as drum beating or smoke signaling.",,,,,,,,,,,,,,
"How Products Are Made :Thread",,,,,,,,,,,,,,,"How Products Are Made",,,,,"http://www.madehow.com/Volume-5/Thread.html",,,,,"Thread",,,,,,,,,,"5-12","Thread is a tightly twisted strand of two or more plys of yarn that are circular when cut in cross section. It is used for hand sewing and in home sewing machines.",,,,,,,,,,,,,,
"How Products Are Made :Toilet",,,,,,,,,,,,,,,"How Products Are Made",,,,,"http://www.madehow.com/Volume-5/Toilet.html",,,,,"Toilet",,,,,,,,,,"5-12","A system for dealing with excrement is necessary in every human community, and the need becomes more pressing the more densely populated the area. Though simple pit latrines are still common in many rural areas today, more complex lavatory designs date back thousands of years.",,,,,,,,,,,,,,
"How Products Are Made :Tuba",,,,,,,,,,,,,,,"How Products Are Made",,,,,"http://www.madehow.com/Volume-5/Tuba.html",,,,,"Tuba",,,,,,,,,,"5-12","A tuba is a brass instrument characterized by its large size and deep sound. It consists of vertically coiled tubing, three or four valves, a wide conical bore, flared bell, and a cup-shaped mouthpiece.",,,,,,,,,,,,,,
"How Products Are Made :TV Dinner",,,,,,,,,,,,,,,"How Products Are Made",,,,,"http://www.madehow.com/Volume-5/TV-Dinner.html",,,,,"TV Dinner",,,,,,,,,,"5-12","TV dinners are frozen trays of pre-cooked food. Also known as frozen dinners, they are assembled automatically on a conveyor system.",,,,,,,,,,,,,,
"How Products Are Made :Vegetarian Burger",,,,,,,,,,,,,,,"How Products Are Made",,,,,"http://www.madehow.com/Volume-5/Vegetarian-Burger.html",,,,,"Vegetarian Burger",,,,,,,,,,"5-12","A vegetarian burger is a meatless patty made of ground grains or soybean curd, and vegetables. It is often referred to as a veggieburger.",,,,,,,,,,,,,,
"How Products Are Made :Video Game",,,,,,,,,,,,,,,"How Products Are Made",,,,,"http://www.madehow.com/Volume-5/Video-Game.html",,,,,"Video Game",,,,,,,,,,"5-12","Video games are played at the arcade, at home on a television or personal computer, and as a handheld portable game. They are packaged in large consoles, game paks that can only be played on the same manufacturer's hardware (i.e.",,,,,,,,,,,,,,
"How Products Are Made :Vodka",,,,,,,,,,,,,,,"How Products Are Made",,,,,"http://www.madehow.com/Volume-5/Vodka.html",,,,,"Vodka",,,,,,,,,,"5-12","Vodka is an alcoholic beverage distilled at a high proof from a fermented vegetable or grain mash. Proof is a measurement of the alcohol content.",,,,,,,,,,,,,,
"How Products Are Made :Voting Machine",,,,,,,,,,,,,,,"How Products Are Made",,,,,"http://www.madehow.com/Volume-5/Voting-Machine.html",,,,,"Voting Machine",,,,,,,,,,"5-12","The term voting machine encompasses a variety of mechanical devices used for recording votes. The voting machines commonly used in the United States may operate using punch cards, mechanical levers, optical scanning, or direct electronic recording.",,,,,,,,,,,,,,
"How Products Are Made :Wheelbarrow",,,,,,,,,,,,,,,"How Products Are Made",,,,,"http://www.madehow.com/Volume-5/Wheelbarrow.html",,,,,"Wheelbarrow",,,,,,,,,,"5-12","A wheelbarrow is a carrier, usually having only one wheel, consisting of a tray bolted to two handles and two legs. While known mostly as a device for carrying small loads for the household gardener, a wheelbarrow is often also used in construction and industry for carrying larger loads.",,,,,,,,,,,,,,
"How Products Are Made :Wind Chime",,,,,,,,,,,,,,,"How Products Are Made",,,,,"http://www.madehow.com/Volume-5/Wind-Chime.html",,,,,"Wind Chime",,,,,,,,,,"5-12","The wind chime is a musical instrument that harnesses the wind as its player and composer.",,,,,,,,,,,,,,
"How Products Are Made :Action Figure",,,,,,,,,,,,,,,"How Products Are Made",,,,,"http://www.madehow.com/Volume-6/Action-Figure.html",,,,,"Action Figure",,,,,,,,,,"5-12","An action figure is a doll-like toy designed to resemble characters from movies or literature. The figures can be articulated to hold a variety of poses and may come equipped with accessories, such as clothing, tools, weapons, and vehicles.",,,,,,,,,,,,,,
"How Products Are Made :Air Freshener",,,,,,,,,,,,,,,"How Products Are Made",,,,,"http://www.madehow.com/Volume-6/Air-Freshener.html",,,,,"Air Freshener",,,,,,,,,,"5-12","An air freshener is a product designed to mask or remove unpleasant room odors. These products typically deliver fragrance and other odor counteractants into the air.",,,,,,,,,,,,,,
"How Products Are Made :Angioplasty Balloon",,,,,,,,,,,,,,,"How Products Are Made",,,,,"http://www.madehow.com/Volume-6/Angioplasty-Balloon.html",,,,,"Angioplasty Balloon",,,,,,,,,,"5-12","An angioplasty balloon is a medical device that is inserted into a clogged artery and inflated to clear blockage and allow blood to flow. The full medical name for the angioplasty procedure is percutaneous transluminal coronary angioplasty.",,,,,,,,,,,,,,
"How Products Are Made :Artificial Heart",,,,,,,,,,,,,,,"How Products Are Made",,,,,"http://www.madehow.com/Volume-6/Artificial-Heart.html",,,,,"Artificial Heart",,,,,,,,,,"5-12","A natural heart has two pumps, each with two chambers. The right atrium pumps oxygen-depleted blood from the body into the right ventricle, which pumps it to the lungs.",,,,,,,,,,,,,,
"How Products Are Made :Artificial Heart Valve",,,,,,,,,,,,,,,"How Products Are Made",,,,,"http://www.madehow.com/Volume-6/Artificial-Heart-Valve.html",,,,,"Artificial Heart Valve",,,,,,,,,,"5-12","A heart valve acts as a check valve, opening and closing to control blood flow. This cycle occurs about 40 million times per year or two billion in an average lifetime.",,,,,,,,,,,,,,
"How Products Are Made :Baby Carrier",,,,,,,,,,,,,,,"How Products Are Made",,,,,"http://www.madehow.com/Volume-6/Baby-Carrier.html",,,,,"Baby Carrier",,,,,,,,,,"5-12","Family members have carried babies in a variety of carriers since the beginning of human civilization. Baby carriers keep the baby close and provide the infant with comfort and security while allowing the carrier some freedom to work and care for other members of the family.",,,,,,,,,,,,,,
"How Products Are Made :Baby Wipes",,,,,,,,,,,,,,,"How Products Are Made",,,,,"http://www.madehow.com/Volume-6/Baby-Wipes.html",,,,,"Baby Wipes",,,,,,,,,,"5-12","Baby wipes are disposable cloths used to cleanse the sensitive skin of infants. These cloths are made from non-woven fabrics similar to those used in dryer sheets and are saturated with a solution of gentle cleansing ingredients.",,,,,,,,,,,,,,
"How Products Are Made :Backhoe",,,,,,,,,,,,,,,"How Products Are Made",,,,,"http://www.madehow.com/Volume-6/Backhoe.html",,,,,"Backhoe",,,,,,,,,,"5-12","The backhoe is one of the most commonly seen pieces of construction equipment because of its adaptability. Its cousin, the front-end loader, is also a smaller piece of equipment that has a broad bucket like the one on the front of the backhoe for hauling soil, debris, and materials, and lifting them up into trucks.",,,,,,,,,,,,,,
"How Products Are Made :Bagpipes",,,,,,,,,,,,,,,"How Products Are Made",,,,,"http://www.madehow.com/Volume-6/Backhoe.html",,,,,"Bagpipes",,,,,,,,,,"5-12","The bagpipe is a wind instrument with a number of pipes and a bag. The melody pipe, or chanter, has finger holes that are played to produce the tune.",,,,,,,,,,,,,,
"How Products Are Made :Baking Powder",,,,,,,,,,,,,,,"How Products Are Made",,,,,"http://www.madehow.com/Volume-6/Baking-Powder.html",,,,,"Baking Powder",,,,,,,,,,"5-12","Baking powder is a solid mixture that is used as a chemical leavening agent in baked goods. It can be composed of a number of materials, but usually contains baking soda (sodium bicarbonate, NaHCO3), cream of tartar (potassium bitartrate, C4H5KO6), and cornstarch.",,,,,,,,,,,,,,
"How Products Are Made :Basketball",,,,,,,,,,,,,,,"How Products Are Made",,,,,"http://www.madehow.com/Volume-6/Basketball.html",,,,,"Basketball",,,,,,,,,,"5-12","Basketball can make a true claim to being the only major sport that is an American invention. From high school to the professional level, basketball attracts a large following for live games as well as television coverage of events like the National Collegiate Athletic Association (NCAA) annual tournament and the National Basketball Association (NBA) and Women's National Basketball Association (WNBA) playoffs.",,,,,,,,,,,,,,
"How Products Are Made :Boomerang",,,,,,,,,,,,,,,"How Products Are Made",,,,,"http://www.madehow.com/Volume-6/Boomerang.html",,,,,"Boomerang",,,,,,,,,,"5-12","A boomerang is an aerodynamically shaped object designed to fly efficiently through the air when thrown by hand. The term usually refers to an object made to follow a circular flight path that returns it to the thrower.",,,,,,,,,,,,,,
"How Products Are Made :Boxing Gloves",,,,,,,,,,,,,,,"How Products Are Made",,,,,"http://www.madehow.com/Volume-6/Boomerang.html",,,,,"Boxing Gloves",,,,,,,,,,"5-12","Fist fighting has existed as a form of entertainment since the early days of human civilization. Some form of the sport appeared as long as 6,000 years ago in present-day Ethiopia.",,,,,,,,,,,,,,
"How Products Are Made :Brass",,,,,,,,,,,,,,,"How Products Are Made",,,,,"http://www.madehow.com/Volume-6/Brass.html",,,,,"Brass",,,,,,,,,,"5-12","Brass is a metal composed primarily of copper and zinc. Copper is the main component, and brass is usually classified as a copper alloy.",,,,,,,,,,,,,,
"How Products Are Made :Breath Mint",,,,,,,,,,,,,,,"How Products Are Made",,,,,"http://www.madehow.com/Volume-6/Breath-Mint.html",,,,,"Breath Mint",,,,,,,,,,"5-12","Aromatic herbs have been used throughout history in a number of ways; fragrant soaps, pomanders, bath-water fresheners, potpourri, sachets, incense, scented candles, and natural herbs to sweeten sour breath are common in most cultures and popular today. Aromatic herbs have the advantage of driving away insects, and the mint family has an especially excellent reputation for keeping pests away from people and other plants.",,,,,,,,,,,,,,
"How Products Are Made :Broom",,,,,,,,,,,,,,,"How Products Are Made",,,,,"http://www.madehow.com/Volume-6/Broom.html",,,,,"Broom",,,,,,,,,,"5-12","Brooms have been used for centuries to sweep up, in, and around the home and workplace. They may be made from a variety of materials, both man-made and natural.",,,,,,,,,,,,,,
"How Products Are Made :Canal and Lock",,,,,,,,,,,,,,,"How Products Are Made",,,,,"http://www.madehow.com/Volume-6/Canal-and-Lock.html",,,,,"Canal and Lock",,,,,,,,,,"5-12","A canal is a man-made waterway. Canals are built for a variety of uses including irrigation, land drainage, urban water supply, hydroelectric power generation, and transportation of cargo and people.",,,,,,,,,,,,,,
"How Products Are Made :Candy Corn",,,,,,,,,,,,,,,"How Products Are Made",,,,,"http://www.madehow.com/Volume-6/Candy-Corn.html",,,,,"Candy Corn",,,,,,,,,,"5-12","Candy corn are the small pieces of triangular candy made primarily from corn syrup, honey and sugar (it is usually fat-free) and is traditionally colored in a specific pattern of three stripes. It is recognized by the white tip, orange in the center, and yellow at the widest end.",,,,,,,,,,,,,,
"How Products Are Made :Caramel",,,,,,,,,,,,,,,"How Products Are Made",,,,,"http://www.madehow.com/Volume-6/Caramel.html",,,,,"Caramel",,,,,,,,,,"5-12","Caramel is often eaten as little brown, sweet, buttery nuggets wrapped in cello-phane, but it is also delicious in candy bars and on top of fresh popcorn. The best caramels are sweet and just a bit chewy.",,,,,,,,,,,,,,
"How Products Are Made :Cherries",,,,,,,,,,,,,,,"How Products Are Made",,,,,"http://www.madehow.com/Volume-6/Cherries.html",,,,,"Cherries",,,,,,,,,,"5-12","Cherries may be either deliciously sweet and deep brown-red, or quite tart and bright red. The two most common are the sweet cherry, Prunus avium L., and the sour (often referred to by growers as the pie or tart) cherry Prunus cerasus L..",,,,,,,,,,,,,,
"How Products Are Made :Chess",,,,,,,,,,,,,,,"How Products Are Made",,,,,"http://www.madehow.com/Volume-6/Chess.html",,,,,"Chess",,,,,,,,,,"5-12","Chess is a classic two person board game. It is played with specially designed pieces on a square board made up of 64 alternating light and dark squares arranged in eight rows and columns.",,,,,,,,,,,,,,
"How Products Are Made :Clothes Iron",,,,,,,,,,,,,,,"How Products Are Made",,,,,"http://www.madehow.com/Volume-6/Clothes-Iron.html",,,,,"Clothes Iron",,,,,,,,,,"5-12","A clothes iron is a household appliance used to press the wrinkles out of and creases into clothes. When the iron is turned on, the consumer moves it over an item of clothing on an ironing board.",,,,,,,,,,,,,,
"How Products Are Made :Cognac",,,,,,,,,,,,,,,"How Products Are Made",,,,,"http://www.madehow.com/Volume-6/Cognac.html",,,,,"Cognac",,,,,,,,,,"5-12","Cognac, a type of brandy, is considered to be one of the finest, if not the finest, of the spirits. It is made from white grapes grown in the Charante region of France, and is named after the town of Cognac in the French region of Charante.",,,,,,,,,,,,,,
"How Products Are Made :Coir",,,,,,,,,,,,,,,"How Products Are Made",,,,,"http://www.madehow.com/Volume-6/Coir.html",,,,,"Coir",,,,,,,,,,"5-12","What is commonly called a coconut, as found in grocery stores, is actually only the single seed of a fruit of the coconut palm tree (Cocos nucifera). Before being shipped to market, the seed is stripped of an external leathery skin and a 2-3 in (5-8 cm) thick intermediate layer of fibrous pulp.",,,,,,,,,,,,,,
"How Products Are Made :Comic Book",,,,,,,,,,,,,,,"How Products Are Made",,,,,"http://www.madehow.com/Volume-6/Comic-Book.html",,,,,"Comic Book",,,,,,,,,,"5-12","A comic book portrays a story through a series of sequential illustrations that incorporate short bits of text containing dialogue, sounds, or narratives. The story may be humorous, or it may present a world of adventure, mystery, or fantasy.",,,,,,,,,,,,,,
"How Products Are Made :Corkscrew",,,,,,,,,,,,,,,"How Products Are Made",,,,,"http://www.madehow.com/Volume-6/Corkscrew.html",,,,,"Corkscrew",,,,,,,,,,"5-12","Uncorking a bottle of wine presents a challenge. There is no way to grip the cork, which is completely recessed in the bottle's neck.",,,,,,,,,,,,,,
"How Products Are Made :Cotton",,,,,,,,,,,,,,,"How Products Are Made",,,,,"http://www.madehow.com/Volume-6/Cotton.html",,,,,"Cotton",,,,,,,,,,"5-12","Cotton is a shrubby plant that is a member of the Mallow family. Its name refers to the cream-colored fluffy fibers surrounding small cottonseeds called a boll.",,,,,,,,,,,,,,
"How Products Are Made :Cuckoo Clock",,,,,,,,,,,,,,,"How Products Are Made",,,,,"http://www.madehow.com/Volume-6/Cuckoo-Clock.html",,,,,"Cuckoo Clock",,,,,,,,,,"5-12","The cuckoo clock is a favorite souvenir of travelers in Germany, Austria, and Switzerland, and particularly the Black Forest region of Germany. The clock is prized for a number of its features.",,,,,,,,,,,,,,
"How Products Are Made :Dishwasher",,,,,,,,,,,,,,,"How Products Are Made",,,,,"http://www.madehow.com/Volume-6/Dishwasher.html",,,,,"Dishwasher",,,,,,,,,,"5-12","Washing dishes is not the most rewarding task. Cooking can be creative, but cleaning up afterward seems like a waste of time and leaves the person washing complaining about ""dishpan hands."" The development of the dishwasher has helped relieve some of the monotony, as well as the grease and grime.",,,,,,,,,,,,,,
"How Products Are Made :DNA Synthesis",,,,,,,,,,,,,,,"How Products Are Made",,,,,"http://www.madehow.com/Volume-6/DNA-Synthesis.html",,,,,"DNA Synthesis",,,,,,,,,,"5-12","Deoxyribonucleic acid (DNA) synthesis is a process by which copies of nucleic acid strands are made. In nature, DNA synthesis takes place in cells by a mechanism known as DNA replication.",,,,,,,,,,,,,,
"How Products Are Made :Draw Bridge",,,,,,,,,,,,,,,"How Products Are Made",,,,,"http://www.madehow.com/Volume-6/Draw-Bridge.html",,,,,"Draw Bridge",,,,,,,,,,"5-12","A bridge over a navigable waterway must allow boats and ships to cross its path, usually by being tall enough to allow them to sail underneath it. Sometimes it is impractical to build a bridge high enough; for example, it may rise too steeply or block the view of an important landmark.",,,,,,,,,,,,,,
"How Products Are Made :Duct Tape",,,,,,,,,,,,,,,"How Products Are Made",,,,,"http://www.madehow.com/Volume-6/Duct-Tape.html",,,,,"Duct Tape",,,,,,,,,,"5-12","Duct tape is a cloth tape coated with a poly-ethylene resin on one side and very sticky rubber-based adhesive on the other. Unlike other tapes, the fabric backing gives duct tape strength yet allows it to be easily torn.",,,,,,,,,,,,,,
"How Products Are Made :Electric Blanket",,,,,,,,,,,,,,,"How Products Are Made",,,,,"http://www.madehow.com/Volume-6/Electric-Blanket.html",,,,,"Electric Blanket",,,,,,,,,,"5-12","An electric blanket is a bed covering with a built-in heating element so that a sleeper can maintain a desired temperature even in a cold room. Many consumers prefer electric blankets because their use can reduce home heating costs.",,,,,,,,,,,,,,
"How Products Are Made :Electronic Ink",,,,,,,,,,,,,,,"How Products Are Made",,,,,"http://www.madehow.com/Volume-6/Electronic-Ink.html",,,,,"Electronic Ink",,,,,,,,,,"5-12","Electronic ink is a special type of ink that can display different colors when exposed to an electric field. It is made through a two step process that involves creating two-toned charged particles and encapsulating them in a transparent polymeric shell.",,,,,,,,,,,,,,
"How Products Are Made :Evaporated and Condensed Milk",,,,,,,,,,,,,,,"How Products Are Made",,,,,"http://www.madehow.com/Volume-6/Evaporated-and-Condensed-Milk.html",,,,,"Evaporated and Condensed Milk",,,,,,,,,,"5-12","Evaporated and condensed milk are two types of concentrated milk from which the water has been removed. Evaporated milk is milk concentrated to one-half or less its original bulk by evaporation under high pressures and temperatures, without the addition of sugar, and usually contains a specified amount of milk fat and solids.",,,,,,,,,,,,,,
"How Products Are Made :Faucet",,,,,,,,,,,,,,,"How Products Are Made",,,,,"http://www.madehow.com/Volume-6/Faucet.html",,,,,"Faucet",,,,,,,,,,"5-12","A faucet is a device for delivering water from a plumbing system. It can consist of the following components: spout, handle(s), lift rod, cartridge, aerator, mixing chamber, and water inlets.",,,,,,,,,,,,,,
"How Products Are Made :Ferris Wheel",,,,,,,,,,,,,,,"How Products Are Made",,,,,"http://www.madehow.com/Volume-6/Ferris-Wheel.html",,,,,"Ferris Wheel",,,,,,,,,,"5-12","A ferris wheel is an amusement park ride consisting of a large vertical wheel with places for people to sit or stand spaced evenly around the outer circumference. In operation, the ferris wheel revolves about a horizontal axis, and the riders are alternately lifted and then lowered as they are carried around the wheel in a circle.",,,,,,,,,,,,,,
"How Products Are Made :Flashlight",,,,,,,,,,,,,,,"How Products Are Made",,,,,"http://www.madehow.com/Volume-6/Flashlight.html",,,,,"Flashlight",,,,,,,,,,"5-12","A flashlight is a portable, battery-operated device used for illumination. A typical unit consists of one or more dry cell batteries arranged in a line inside a battery compartment that forms the handle of the light.",,,,,,,,,,,,,,
"How Products Are Made :Footbag",,,,,,,,,,,,,,,"How Products Are Made",,,,,"http://www.madehow.com/Volume-6/Footbag.html",,,,,"Footbag",,,,,,,,,,"5-12","Footbags are small, soft pliable bags filled with pellets or other small solid objects. Also known as Hacky Sacks—the brand name for certain footbags—they are a little bigger than a golf ball, a few inches in diameter and an ounce or so in weight.",,,,,,,,,,,,,,
"How Products Are Made :Geodesic Dome",,,,,,,,,,,,,,,"How Products Are Made",,,,,"http://www.madehow.com/Volume-6/Geodesic-Dome.html",,,,,"Geodesic Dome",,,,,,,,,,"5-12","A geodesic sphere is an arrangement of polygons that approximates a true sphere. A geodesic dome is a portion of a geodesic sphere.",,,,,,,,,,,,,,
"How Products Are Made :Gyroscope",,,,,,,,,,,,,,,"How Products Are Made",,,,,"http://www.madehow.com/Volume-6/Gyroscope.html",,,,,"Gyroscope",,,,,,,,,,"5-12","The gyroscope is a familiar toy that is deceptively simple in appearance and introduces children to several mechanical principles, although they may not realize it. Something like a complex top made of precisely machined metal, the gyroscope is a spinning wheel that may be set within two or more circular frames, each oriented along a different line or axis.",,,,,,,,,,,,,,
"How Products Are Made :Halogen Lamp",,,,,,,,,,,,,,,"How Products Are Made",,,,,"http://www.madehow.com/Volume-6/Halogen-Lamp.html",,,,,"Halogen Lamp",,,,,,,,,,"5-12","A halogen lamp is a type of incandescent lamp. The conventional incandescent lamp contains a tungsten filament sealed within a glass envelope that is either evacuated or filled with an inert gas or a mixture of these gases (typically nitrogen, argon and krypton).",,,,,,,,,,,,,,
"How Products Are Made :Hard Hat",,,,,,,,,,,,,,,"How Products Are Made",,,,,"http://www.madehow.com/Volume-6/Hard-Hat.html",,,,,"Hard Hat",,,,,,,,,,"5-12","An industrial hard hat is a helmet worn to protect the head of a worker from falls or from impacts by sharp or blunt objects. Typical users include construction laborers, repairmen, and warehouse workers.",,,,,,,,,,,,,,
"How Products Are Made :Harpsichord",,,,,,,,,,,,,,,"How Products Are Made",,,,,"http://www.madehow.com/Volume-6/Harpsichord.html",,,,,"Harpsichord",,,,,,,,,,"5-12","The harpsichord is the distinguished, classical ancestor of the piano. Its shape, described as a large wing shape, was developed hundreds of years before the similar shape of the grand piano.",,,,,,,,,,,,,,
"How Products Are Made :Hockey Puck",,,,,,,,,,,,,,,"How Products Are Made",,,,,"http://www.madehow.com/Volume-6/Hockey-Puck.html",,,,,"Hockey Puck",,,,,,,,,,"5-12","Hockey pucks are flat, solid, black disk-shaped objects made of vulcanized rubber. Regulation National Hockey League (NHL) pucks are black, 3 in (7.6 cm) in diameter, 1 in (2.54 cm) thick, and weighing 5.5-6 oz (154-168 g).",,,,,,,,,,,,,,
"How Products Are Made :Horseshoe",,,,,,,,,,,,,,,"How Products Are Made",,,,,"http://www.madehow.com/Volume-6/Horseshoe.html",,,,,"Horseshoe",,,,,,,,,,"5-12","Horseshoes protect a horse's hooves from wear on hard or rough surfaces. They are also designed to improve a horse's gait, to help its conformation (how the horse stands), and to control interference problems (when hooves or legs collide with each other).",,,,,,,,,,,,,,
"How Products Are Made :Hula Hoop",,,,,,,,,,,,,,,"How Products Are Made",,,,,"http://www.madehow.com/Volume-6/Hula-Hoop.html",,,,,"Hula Hoop",,,,,,,,,,"5-12","The late 1950s saw one of biggest fads documented by sociologists, the Hula Hoop. Like many fads, the hoop is deceptively simple.",,,,,,,,,,,,,,
"How Products Are Made :Ice Cream Cone",,,,,,,,,,,,,,,"How Products Are Made",,,,,"http://www.madehow.com/Volume-6/Ice-Cream-Cone.html",,,,,"Ice Cream Cone",,,,,,,,,,"5-12","Today, the ice cream cone is a standard in any ice cream store or stand. This tasty treat is known as a way to cool down in the summer and makes an edible container for a cold snack.",,,,,,,,,,,,,,
"How Products Are Made :Indigo",,,,,,,,,,,,,,,"How Products Are Made",,,,,"http://www.madehow.com/Volume-6/Indigo.html",,,,,"Indigo",,,,,,,,,,"5-12","Indigo, or indigotin, is a dyestuff originally extracted from the varieties of the indigo and woad plants. Indigo was known throughout the ancient world for its ability to color fabrics a deep blue.",,,,,,,,,,,,,,
"How Products Are Made :Industrial Hemp",,,,,,,,,,,,,,,"How Products Are Made",,,,,"http://www.madehow.com/Volume-6/Industrial-Hemp.html",,,,,"Industrial Hemp",,,,,,,,,,"5-12","Hemp is a distinct variety of the plant species Cannabis sativa L. that grows to a height anywhere from 4-15 ft (1.2-4.5 m) and up to 0.75 in (2 cm) in diameter.",,,,,,,,,,,,,,
"How Products Are Made :Jawbreaker",,,,,,,,,,,,,,,"How Products Are Made",,,,,"http://www.madehow.com/Volume-6/Jawbreaker.html",,,,,"Jawbreaker",,,,,,,,,,"5-12","The jawbreaker is a type of hard, round candy that is ideally so difficult to bite down on that it must be sucked. Jawbreakers range from the size of a hazel nut to the size of a golf ball, and come in many flavors and colors.",,,,,,,,,,,,,,
"How Products Are Made :Kaleidoscope",,,,,,,,,,,,,,,"How Products Are Made",,,,,"http://www.madehow.com/Volume-6/Kaleidoscope.html",,,,,"Kaleidoscope",,,,,,,,,,"5-12","The kaleidoscope makes magic with light and mirrors. It may be considered a child's toy (or a toy for all ages), but it is also a simple optical device with technical applications for designers and pattern-makers.",,,,,,,,,,,,,,
"How Products Are Made :Litmus Paper",,,,,,,,,,,,,,,"How Products Are Made",,,,,"http://www.madehow.com/Volume-6/Litmus-Paper.html",,,,,"Litmus Paper",,,,,,,,,,"5-12","Litmus paper is the most recognized member of chemical indicators. Like most pH paper, litmus changes color when exposed to an acidic or basic solution.",,,,,,,,,,,,,,
"How Products Are Made :Lollipop",,,,,,,,,,,,,,,"How Products Are Made",,,,,"http://www.madehow.com/Volume-6/Litmus-Paper.html",,,,,"Lollipop",,,,,,,,,,"5-12","Lollipops, or suckers as some call them, are essentially hard candies with a short stick of some sort. The tightly wrapped white paper stick serves as a handle, and the hard candy lollipop is either sucked or bitten apart until consumed.",,,,,,,,,,,,,,
"How Products Are Made :Matryoshka Doll",,,,,,,,,,,,,,,"How Products Are Made",,,,,"http://www.madehow.com/Volume-6/Matryoshka-Doll.html",,,,,"Matryoshka Doll",,,,,,,,,,"5-12","The matryoshka doll is a symbol of Russia and its culture. It is truly a doll—a child's plaything—but it began its history just over 100 years ago as a highly collectible art form.",,,,,,,,,,,,,,
"How Products Are Made :Mayonnaise",,,,,,,,,,,,,,,"How Products Are Made",,,,,"http://www.madehow.com/Volume-6/Mayonnaise.html",,,,,"Mayonnaise",,,,,,,,,,"5-12","Mayonnaise is a cold, emulsification used as sauce or as a condiment. It is made by blending egg yolks and oil, then flavored with varying combinations of vinegar, mustard, herbs and spices.",,,,,,,,,,,,,,
"How Products Are Made :Mouthwash",,,,,,,,,,,,,,,"How Products Are Made",,,,,"http://www.madehow.com/Volume-6/Mouthwash.html",,,,,"Mouthwash",,,,,,,,,,"5-12","Mouthwash is a liquid oral product designed to freshen breath. Certain varieties may also kill bacteria and/or whiten teeth.",,,,,,,,,,,,,,
"How Products Are Made :Natural Gas",,,,,,,,,,,,,,,"How Products Are Made",,,,,"http://www.madehow.com/Volume-6/Mouthwash.html",,,,,"Natural Gas",,,,,,,,,,"5-12","Natural gas is a mixture of combustible gases formed underground by the decomposition of organic materials in plant and animal. It is usually found in areas where oil is present, although there are several large underground reservoirs of natural gas where there is little or no oil.",,,,,,,,,,,,,,
"How Products Are Made :Needle-free Injection System",,,,,,,,,,,,,,,"How Products Are Made",,,,,"http://www.madehow.com/Volume-6/Needle-free-Injection-System.html",,,,,"Needle-free Injection System",,,,,,,,,,"5-12","Needle-free injection systems are novel ways to introduce various medicines into patients without piercing the skin with a conventional needle. They can take the form of power sprays, edible products, inhalers, and skin patches.",,,,,,,,,,,,,,
"How Products Are Made :Paintball",,,,,,,,,,,,,,,"How Products Are Made",,,,,"http://www.madehow.com/Volume-6/Paintball.html",,,,,"Paintball",,,,,,,,,,"5-12","Paintball is a game developed in the 1980s that soon became popular worldwide. Players shoot pellets of paint from airguns at opposing players in a strategic game similar to the children's classic Capture the Flag.",,,,,,,,,,,,,,
"How Products Are Made :Patent Leather",,,,,,,,,,,,,,,"How Products Are Made",,,,,"http://www.madehow.com/Volume-6/Patent-Leather.html",,,,,"Patent Leather",,,,,,,,,,"5-12","Patent leather is leather that has been finished with chemicals that give it a shiny, reflective surface. It is usually black, and has long been popular for dress and dancing shoes.",,,,,,,,,,,,,,
"How Products Are Made :Pillow",,,,,,,,,,,,,,,"How Products Are Made",,,,,"http://www.madehow.com/Volume-6/Pillow.html",,,,,"Pillow",,,,,,,,,,"5-12","Americans usually have two or three pillows on their bed. Today, pillows are stuffed primarily with materials such as polyester (a synthetic), feathers, down, or a combination of the latter two.",,,,,,,,,,,,,,
"How Products Are Made :Pinball",,,,,,,,,,,,,,,"How Products Are Made",,,,,"http://www.madehow.com/Volume-6/Pinball.html",,,,,"Pinball",,,,,,,,,,"5-12","Pinball is a popular coin-operated game frequently found in amusement arcades. Players shoot small balls through complicated paths and into targets on a playing field under glass.",,,,,,,,,,,,,,
"How Products Are Made :Polyurethane",,,,,,,,,,,,,,,"How Products Are Made",,,,,"http://www.madehow.com/Volume-6/Polyurethane.html",,,,,"Polyurethane",,,,,,,,,,"5-12","Polyurethanes are linear polymers that have a molecular backbone containing carbamate groups (-NHCO2). These groups, called urethane, are produced through a chemical reaction between a diisocyanate and a polyol.",,,,,,,,,,,,,,
"How Products Are Made :Pool Table",,,,,,,,,,,,,,,"How Products Are Made",,,,,"http://www.madehow.com/Volume-6/Pool-Table.html",,,,,"Pool Table",,,,,,,,,,"5-12","In pool (the common American term for pocket billiards), a ball is struck with the end of a long, slender stick (cue), causing it to roll into other balls and knock them into holes (pockets) around the edges of the playing table. A short wall (rail) around the perimeter of the table keeps the balls on the playing surface.",,,,,,,,,,,,,,
"How Products Are Made :Popsicle",,,,,,,,,,,,,,,"How Products Are Made",,,,,"http://www.madehow.com/Volume-6/Popsicle.html",,,,,"Popsicle",,,,,,,,,,"5-12","The sound of an ice cream truck is a delight to the ears of children and adults alike on a hot summer day. That truck carries delicious concoctions that the industry calls collectively ""frozen novelties."" And it is guaranteed to carry a variety of frozen pops—ices, sherbets, pops in push tubes, and pops on sticks—in fruit flavors and colorful shapes and sizes.",,,,,,,,,,,,,,
"How Products Are Made :Raincoat",,,,,,,,,,,,,,,"How Products Are Made",,,,,"http://www.madehow.com/Volume-6/Raincoat.html",,,,,"Raincoat",,,,,,,,,,"5-12","Raincoats are jackets made of fabric that is specially treated to repel water. In 1836, Charles Macintosh invented a method for combining rubber with fabric, which was used in the first modern raincoats.",,,,,,,,,,,,,,
"How Products Are Made :Roller Coaster",,,,,,,,,,,,,,,"How Products Are Made",,,,,"http://www.madehow.com/Volume-6/Roller-Coaster.html",,,,,"Roller Coaster",,,,,,,,,,"5-12","A roller coaster is an amusement park ride where passengers sit in a series of wheeled cars that are linked together. The cars move along a pair of rails supported by a wood or steel structure.",,,,,,,,,,,,,,
"How Products Are Made :Rubber Cement",,,,,,,,,,,,,,,"How Products Are Made",,,,,"http://www.madehow.com/Volume-6/Rubber-Cement.html",,,,,"Rubber Cement",,,,,,,,,,"5-12","Rubber cement is a solution of unvulcanized (gum) rubber in a solvent, and is used as an adhesive. Ideally, it is meant to join two pieces of rubber together, which involves a chemical cohesion process.",,,,,,,,,,,,,,
"How Products Are Made :Sailboat",,,,,,,,,,,,,,,"How Products Are Made",,,,,"http://www.madehow.com/Volume-6/Sailboat.html",,,,,"Sailboat",,,,,,,,,,"5-12","For people who like to be near the water, sailboats provide a means of skimming over its surface. Even when the water is frozen, iceboats (sailboats with runners or blades on the hull) can glide across the ice.",,,,,,,,,,,,,,
"How Products Are Made :Salad Dressing",,,,,,,,,,,,,,,"How Products Are Made",,,,,"http://www.madehow.com/Volume-6/Salad-Dressing.html",,,,,"Salad Dressing",,,,,,,,,,"5-12","Salad dressing is a type of sauce used to bind and flavor greens and/or vegetables.",,,,,,,,,,,,,,
"How Products Are Made :Saxophone",,,,,,,,,,,,,,,"How Products Are Made",,,,,"http://www.madehow.com/Volume-6/Saxophone.html",,,,,"Saxophone",,,,,,,,,,"5-12","A saxophone is a single reed, woodwind instrument first developed in the mid-1800s by Adolphe Sax. It is composed of a mouthpiece, conical metal tube, and finger keys.",,,,,,,,,,,,,,
"How Products Are Made :Seedless Fruits and Vegetables",,,,,,,,,,,,,,,"How Products Are Made",,,,,"http://www.madehow.com/Volume-6/Seedless-Fruits-and-Vegetables.html",,,,,"Seedless Fruits and Vegetables",,,,,,,,,,"5-12","The fruits that are grown, sold, and eaten are essentially the ripened ovary of a plant. In the wild, fruit-bearing plants spread their seeds either by dropping their ripe fruits to the ground or by being eaten by animals, who then excrete the seeds.",,,,,,,,,,,,,,
"How Products Are Made :Semiconductor Laser",,,,,,,,,,,,,,,"How Products Are Made",,,,,"http://www.madehow.com/Volume-6/Semiconductor-Laser.html",,,,,"Semiconductor Laser",,,,,,,,,,"5-12","A laser, which is an acronym for Light Amplification by Stimulated Emission of Radiation, is a device that converts energy into light. Electrical or optical energy is used to excite atoms or molecules, which then emit light.",,,,,,,,,,,,,,
"How Products Are Made :Shoelace",,,,,,,,,,,,,,,"How Products Are Made",,,,,"http://www.madehow.com/Volume-6/Shoelace.html",,,,,"Shoelace",,,,,,,,,,"5-12","It is understand how important shoes are for protecting feet from hazards and weather, and proper fit is necessary to maximize protection and comfort for the shoe's wearer. The shoelace is one way to ensure the proper fit, and a simple pair of laces, costing less than two dollars, can make all the difference in the world to the look and fit of a shoe.",,,,,,,,,,,,,,
"How Products Are Made :Shortbread",,,,,,,,,,,,,,,"How Products Are Made",,,,,"http://www.madehow.com/Volume-6/Shortbread.html",,,,,"Shortbread",,,,,,,,,,"5-12","Shortbread is a traditional Scottish baked good with a relatively simple recipe that consists of three basic ingredients (flour, butter, and sugar). Like most baked goods, it is produced in three steps consisting of ingredient mixing, product forming, and baking.",,,,,,,,,,,,,,
"How Products Are Made :Silicon",,,,,,,,,,,,,,,"How Products Are Made",,,,,"http://www.madehow.com/Volume-6/Silicon.html",,,,,"Silicon",,,,,,,,,,"5-12","Second only to oxygen, silicon is the most abundant element in Earth's crust. It is found in rocks, sand, clays and soils, combined with either oxygen as silicon dioxide, or with oxygen and other elements as silicates.",,,,,,,,,,,,,,
"How Products Are Made :Skateboard",,,,,,,,,,,,,,,"How Products Are Made",,,,,"http://www.madehow.com/Volume-6/Skateboard.html",,,,,"Skateboard",,,,,,,,,,"5-12","A skateboard is a small piece of wood in the shape of a surfboard with four wheels attached to it. A single person rides the skateboard, guiding the movement with his feet.",,,,,,,,,,,,,,
"How Products Are Made :Skyscraper",,,,,,,,,,,,,,,"How Products Are Made",,,,,"http://www.madehow.com/Volume-6/Skyscraper.html",,,,,"Skyscraper",,,,,,,,,,"5-12","There is no precise definition of how many stories or what height makes a building a skyscraper. ""I don't think it is how many floors you have.",,,,,,,,,,,,,,
"How Products Are Made :Slime",,,,,,,,,,,,,,,"How Products Are Made",,,,,"http://www.madehow.com/Volume-6/Slime.html",,,,,"Slime",,,,,,,,,,"5-12","Slime is a unique play material composed of a cross-linked polymer. It is classified as a liquid and is typically made by combining polyvinyl alcohol solutions with borate ions in a large mixing container.",,,,,,,,,,,,,,
"How Products Are Made :Snowshoe",,,,,,,,,,,,,,,"How Products Are Made",,,,,"http://www.madehow.com/Volume-6/Snowshoe.html",,,,,"Snowshoe",,,,,,,,,,"5-12","Snowshoes allow people to walk across the top of deep snow. They distribute weight so that the walker does not sink into soft drifts, and enable people to roam through landscapes that are usually impassible with only ordinary footwear.",,,,,,,,,,,,,,
"How Products Are Made :Sodium Chlorite",,,,,,,,,,,,,,,"How Products Are Made",,,,,"http://www.madehow.com/Volume-6/Sodium-Chlorite.html",,,,,"Sodium Chlorite",,,,,,,,,,"5-12","Sodium chlorite is a compound used for water disinfection and purification. It is produced in large quantities as flakes or a solution from chlorine dioxide and sodium hydroxide.",,,,,,,,,,,,,,
"How Products Are Made :Solid State Laser",,,,,,,,,,,,,,,"How Products Are Made",,,,,"http://www.madehow.com/Volume-6/Solid-State-Laser.html",,,,,"Solid State Laser",,,,,,,,,,"5-12","A laser, which is an acronym for Light Amplification by Stimulated Emission of Radiation, is a device that converts electrical or optical energy into light. Electrical or optical energy is used to excite atoms or molecules, which then emit monochromatic (single wavelength) light.",,,,,,,,,,,,,,
"How Products Are Made :Spam",,,,,,,,,,,,,,,"How Products Are Made",,,,,"http://www.madehow.com/Volume-6/Spam.html",,,,,"Spam",,,,,,,,,,"5-12","Spam is a brand name for a canned meat product containing ham, pork, salt, flavorings, and preservatives that are mixed and cooked under vacuum pressure. There are other brands of similar canned pork meat products, but Spam—made by Hormel Foods Corporation—is the original and the best-selling of the brands.",,,,,,,,,,,,,,
"How Products Are Made :Springs",,,,,,,,,,,,,,,"How Products Are Made",,,,,"http://www.madehow.com/Volume-6/Springs.html",,,,,"Springs",,,,,,,,,,"5-12","A spring is a device that changes its shape in response to an external force, returning to its original shape when the force is removed. The energy expended in deforming the spring is stored in it and can be recovered when the spring returns to its original shape.",,,,,,,,,,,,,,
"How Products Are Made :Steel Wool",,,,,,,,,,,,,,,"How Products Are Made",,,,,"http://www.madehow.com/Volume-6/Steel-Wool.html",,,,,"Steel Wool",,,,,,,,,,"5-12","Steel wool is the name given to fine metal wire that are bundled together to form a cluster of abrasive, sharp-edged metal strips. The metal strips are massed together in a sheet, folded, and turned into pads that are easily held in the hand.",,,,,,,,,,,,,,
"How Products Are Made :Storm Shelter",,,,,,,,,,,,,,,"How Products Are Made",,,,,"http://www.madehow.com/Volume-6/Storm-Shelter.html",,,,,"Storm Shelter",,,,,,,,,,"5-12","More than half of the United States lie in a broad strip between the Appalachian and Rocky Mountains that is commonly called Tornado Alley. It has more tornado activity than any other area of the world.",,,,,,,,,,,,,,
"How Products Are Made :Teeth Whitener",,,,,,,,,,,,,,,"How Products Are Made",,,,,"http://www.madehow.com/Volume-6/Teeth-Whitener.html",,,,,"Teeth Whitener",,,,,,,,,,"5-12","Teeth whiteners are products designed to enhance the appearance of teeth by removing stains and improving brightness. These whiteners typically contain bleaching agents, such as hydrogen peroxide or other peroxygen-type chemicals, that remove organic residue and oxidize stains so they are less visible.",,,,,,,,,,,,,,
"How Products Are Made :Thompson Submachine Gun",,,,,,,,,,,,,,,"How Products Are Made",,,,,"http://www.madehow.com/Volume-6/Thompson-Submachine-Gun.html",,,,,"Thompson Submachine Gun",,,,,,,,,,"5-12","A machine gun is a weapon that fires a continuous stream of bullets as long as the trigger is held down. Many inventors worked to come up with such a gun, and early models are the well-known Gatling gun, used prominently in the American Civil War, and Hiram Maxim's fully automatic weapon, patented in 1883.",,,,,,,,,,,,,,
"How Products Are Made :Toilet Paper",,,,,,,,,,,,,,,"How Products Are Made",,,,,"http://www.madehow.com/Volume-6/Toilet-Paper.html",,,,,"Toilet Paper",,,,,,,,,,"5-12","Most of us can't imagine living without toilet paper. The average American uses over 100 single rolls—about 21,000 sheets—each year.",,,,,,,,,,,,,,
"How Products Are Made :Toy Model Kit",,,,,,,,,,,,,,,"How Products Are Made",,,,,"http://www.madehow.com/Volume-6/Toy-Model-Kit.html",,,,,"Toy Model Kit",,,,,,,,,,"5-12","Scale models or model kits are produced by the millions and give hours of pleasure to hobbyists. They're sold in specialized hobby and craft stores as well as toy, department, and drug stores—even supermarkets may carry them.",,,,,,,,,,,,,,
"How Products Are Made :Trophy",,,,,,,,,,,,,,,"How Products Are Made",,,,,"http://www.madehow.com/Volume-6/Trophy.html",,,,,"Trophy",,,,,,,,,,"5-12","Trophies are a category of awards given primarily for academic, work, and sport contests or events. They are physical evidence that one person or group has bested another in some contest.",,,,,,,,,,,,,,
"How Products Are Made :Tunnel",,,,,,,,,,,,,,,"How Products Are Made",,,,,"http://www.madehow.com/Volume-6/Tunnel.html",,,,,"Tunnel",,,,,,,,,,"5-12","A tunnel is an underground or underwater passage that is primarily horizontal. Relatively small-diameter ones carry utility lines or function as pipelines.",,,,,,,,,,,,,,
"How Products Are Made :Ukulele",,,,,,,,,,,,,,,"How Products Are Made",,,,,"http://www.madehow.com/Volume-6/Ukulele.html",,,,,"Ukulele",,,,,,,,,,"5-12","The ukulele is a string instrument that originated in Portugal in the second century B.C. With a small, guitar-shaped body that is fitted with four strings, it is considered a member of the chordophone family.",,,,,,,,,,,,,,
"How Products Are Made :Vacuum Cleaner",,,,,,,,,,,,,,,"How Products Are Made",,,,,"http://www.madehow.com/Volume-6/Vacuum-Cleaner.html",,,,,"Vacuum Cleaner",,,,,,,,,,"5-12","The vacuum cleaner is the appliance that frightens the cat, is chased by the dog, and, perhaps, gives a home the most immediate appearance of being clean. Imagining a home without a vacuum cleaner is next to impossible; yet, like many time-and effort-saving devices, its widespread use is less than a century old.",,,,,,,,,,,,,,
"How Products Are Made :Vermiculite",,,,,,,,,,,,,,,"How Products Are Made",,,,,"http://www.madehow.com/Volume-6/Vermiculite.html",,,,,"Vermiculite",,,,,,,,,,"5-12","The term vermiculite applies to a group of minerals characterized by their ability to expand into long, worm-like strands when heated. This expansion process is called exfoliation.",,,,,,,,,,,,,,
"How Products Are Made :Water Gun",,,,,,,,,,,,,,,"How Products Are Made",,,,,"http://www.madehow.com/Volume-6/Water-Gun.html",,,,,"Water Gun",,,,,,,,,,"5-12","Pump-action water guns are a relatively recent addition to the water gun arsenal. Plastic squirt guns have long been a staple summer-time toy of American children.",,,,,,,,,,,,,,
"How Products Are Made :Wood Stain",,,,,,,,,,,,,,,"How Products Are Made",,,,,"http://www.madehow.com/Volume-6/Wood-Stain.html",,,,,"Wood Stain",,,,,,,,,,"5-12","Wood pieces are often decorated to add color and appeal. Wood products are often imparted with a wood-tone stain to enhance the natural grain or add depth or tone to the wood.",,,,,,,,,,,,,,
"How Products Are Made :Wrapping Paper",,,,,,,,,,,,,,,"How Products Are Made",,,,,"http://www.madehow.com/Volume-6/Wrapping-Paper.html",,,,,"Wrapping Paper",,,,,,,,,,"5-12","There are many kinds of wrapping papers manufactured specifically for the types of products they are intended to wrap. For example, wrapping paper is made for bread for sanitary and aesthetic purposes.",,,,,,,,,,,,,,
"How Products Are Made :Xylophone",,,,,,,,,,,,,,,"How Products Are Made",,,,,"http://www.madehow.com/Volume-6/Xylophone.html",,,,,"Xylophone",,,,,,,,,,"5-12","The xylophone is a component of the percussion section of an orchestra and many instrumental groups. Its unique sound, relative rarity, and appearance make it fascinating to the listener.",,,,,,,,,,,,,,
"How Products Are Made :Air Purifier",,,,,,,,,,,,,,,"How Products Are Made",,,,,"http://www.madehow.com/Volume-7/Air-Purifier.html",,,,,"Air Purifier",,,,,,,,,,"5-12","Air purifiers evolved in response to people's reactions to allergens like pollen, animal dander, dust, and mold spores. Reactions (sneezing, runny nose, scratchy eyes, and even more severe consequences such as asthma attacks) are the result of antigens found in the home.",,,,,,,,,,,,,,
"How Products Are Made :Amber",,,,,,,,,,,,,,,"How Products Are Made",,,,,"http://www.madehow.com/Volume-7/Amber.html",,,,,"Amber",,,,,,,,,,"5-12","Although considered a gem, amber is a wholly-organic material derived from the resin of extinct species of trees. In the dense forests of the Middle Cretaceous and Tertiary periods, between 10 and 100 million years ago, these resin-bearing trees fell and were carried by rivers to coastal regions.",,,,,,,,,,,,,,
"How Products Are Made :Aneroid Barometer",,,,,,,,,,,,,,,"How Products Are Made",,,,,"http://www.madehow.com/Volume-7/Aneroid-Barometer.html",,,,,"Aneroid Barometer",,,,,,,,,,"5-12","Earth's atmosphere weighs about 6.5 × 1021 (5.98 × 1024). Spread out across Earth's entire surface area, it exerts an air (barometric) pressure of about 14.7 pounds per square inch (psi) (101 kilopascals [kPa]) at sea level.",,,,,,,,,,,,,,
"How Products Are Made :Artificial Turf",,,,,,,,,,,,,,,"How Products Are Made",,,,,"http://www.madehow.com/Volume-7/Artificial-Turf.html",,,,,"Artificial Turf",,,,,,,,,,"5-12","Artificial turf is a surfacing material used to imitate grass. It is generally used in areas where grass cannot grow, or in areas where grass maintenance is impossible or undesired.",,,,,,,,,,,,,,
"How Products Are Made :Bank Vault",,,,,,,,,,,,,,,"How Products Are Made",,,,,"http://www.madehow.com/Volume-7/Bank-Vault.html",,,,,"Bank Vault",,,,,,,,,,"5-12","A bank vault is a secure space where money, valuables, records, and documents can be stored. Vaults protect their contents with armored walls and a tightly fashioned door closed with a complex lock.",,,,,,,,,,,,,,
"How Products Are Made :Bicycle Seat",,,,,,,,,,,,,,,"How Products Are Made",,,,,"http://www.madehow.com/Volume-7/Bicycle-Seat.html",,,,,"Bicycle Seat",,,,,,,,,,"5-12","The bicycle seat, sometimes known as a saddle, is the part of the bicycle on which the rider sits while operating the machine. Generally made from hard plastic and covered with a thin layer of foam and an easily-cleaned cover, the seat is nearly identical on a bicycle whether it was made for a man, woman, or child.",,,,,,,,,,,,,,
"How Products Are Made :Binocular",,,,,,,,,,,,,,,"How Products Are Made",,,,,"http://www.madehow.com/Volume-7/Binocular.html",,,,,"Binocular",,,,,,,,,,"5-12","Modern binoculars consist of two barrel chambers with an objective lens, eyepiece, and a pair of prisms inside. The prisms reflect and lengthen the light, while the objective lenses enhance and magnify images due to stereoscopic vision.",,,,,,,,,,,,,,
"How Products Are Made :Bird Cage",,,,,,,,,,,,,,,"How Products Are Made",,,,,"http://www.madehow.com/Volume-7/Bird-Cage.html",,,,,"Bird Cage",,,,,,,,,,"5-12","Bird cages are homes for domesticated birds. Birds require a house in which they can fly and have some freedom but still ensures they do not fly away.",,,,,,,,,,,,,,
"How Products Are Made :Birdseed",,,,,,,,,,,,,,,"How Products Are Made",,,,,"http://www.madehow.com/Volume-7/Birdseed.html",,,,,"Birdseed",,,,,,,,,,"5-12","Birdseed is a mixture of seeds, nuts, fruits, and vegetables provided to birds for sustenance. It is produced in a two-stage process that involves preparing the component ingredients then combining them in a mixing kettle.",,,,,,,,,,,,,,
"How Products Are Made :Brandy",,,,,,,,,,,,,,,"How Products Are Made",,,,,"http://www.madehow.com/Volume-7/Brandy.html",,,,,"Brandy",,,,,,,,,,"5-12","The name brandy comes from the Dutch word brandewijn, meaning ""burnt wine."" The name is apt as most brandies are made by applying heat, originally from open flames, to wine. The heat drives out and concentrates the alcohol naturally present in the wine.",,,,,,,,,,,,,,
"How Products Are Made :Breath Alcohol Tester",,,,,,,,,,,,,,,"How Products Are Made",,,,,"http://www.madehow.com/Volume-7/Breath-Alcohol-Tester.html",,,,,"Breath Alcohol Tester",,,,,,,,,,"5-12","There is a serious need to ensure that alcohol-impaired drivers stay off the roads. It is estimated that one person is killed every 32 minutes and another person is injured every 26 seconds in alcohol-related accidents.",,,,,,,,,,,,,,
"How Products Are Made :Bullet",,,,,,,,,,,,,,,"How Products Are Made",,,,,"http://www.madehow.com/Volume-7/Bullet.html",,,,,"Bullet",,,,,,,,,,"5-12","A bullet is a projectile, often a pointed metal cylinder, that is shot from a firearm. The bullet is usually part of an ammunition cartridge, the object that contains the bullet and that is inserted into the firearm.",,,,,,,,,,,,,,
"How Products Are Made :Candy Cane",,,,,,,,,,,,,,,"How Products Are Made",,,,,"http://www.madehow.com/Volume-7/Candy-Cane.html",,,,,"Candy Cane",,,,,,,,,,"5-12","A candy cane is a hard candy usually peppermint flavored and decorated with stripes. The candy is long, thin, and bent at the top to resemble a walking cane.",,,,,,,,,,,,,,
"How Products Are Made :Cash Register",,,,,,,,,,,,,,,"How Products Are Made",,,,,"http://www.madehow.com/Volume-7/Cash-Register.html",,,,,"Cash Register",,,,,,,,,,"5-12","The cash register is an essential business tool that is often overlooked as one of the transforming mechanizations of the industrial age. A cash register records the amount of a sale, supplies a receipt to the customer, and keeps a permanent journal of daily transactions.",,,,,,,,,,,,,,
"How Products Are Made :Catheter",,,,,,,,,,,,,,,"How Products Are Made",,,,,"http://www.madehow.com/Volume-7/Catheter.html",,,,,"Catheter",,,,,,,,,,"5-12","A catheter is a flexible tube made of latex, silicone, or Teflon that can be inserted into the body creating a channel for the passage of fluid or the entry of a medical device. For many years, the epidermal catheters used were plain tubes made of available industrial compounds, and design was largely based on current need.",,,,,,,,,,,,,,
"How Products Are Made :Condensed Soup",,,,,,,,,,,,,,,"How Products Are Made",,,,,"http://www.madehow.com/Volume-7/Condensed-Soup.html",,,,,"Condensed Soup",,,,,,,,,,"5-12","Condensed soup is a canned variety of soup prepared with a reduced proportion of water. The consumer then adds water or milk and the mixture is heated.",,,,,,,,,,,,,,
"How Products Are Made :Corset",,,,,,,,,,,,,,,"How Products Are Made",,,,,"http://www.madehow.com/Volume-7/Corset.html",,,,,"Corset",,,,,,,,,,"5-12","The corset is an undergarment traditionally made of stiffened material laced tight to the body in order to slim a woman's waist. Evidence shows that some type of waist-cinching garment was worn by Cretan women between 3000 and 1500 B.C., but narrow waists became the fashion among women in Europe during the Middle Ages.",,,,,,,,,,,,,,
"How Products Are Made :Cyclotron",,,,,,,,,,,,,,,"How Products Are Made",,,,,"http://www.madehow.com/Volume-7/Cyclotron.html",,,,,"Cyclotron",,,,,,,,,,"5-12","The modern cyclotron uses two hollow D-shaped electrodes held in a vacuum between poles of an electromagnet. A high frequency AC voltage is then applied to each electrode.",,,,,,,,,,,,,,
"How Products Are Made :Diving Bell",,,,,,,,,,,,,,,"How Products Are Made",,,,,"http://www.madehow.com/Volume-7/Diving-Bell.html",,,,,"Diving Bell",,,,,,,,,,"5-12","Commercial divers doing underwater construction or salvage often use a diving bell for transportation to the underwater site. Use of a diving bell (also known as a Personal Transfer Capsule, PTC) and a pressure chamber extends the amount of time a diver can safely stay underwater.",,,,,,,,,,,,,,
"How Products Are Made :Drain Cleaner",,,,,,,,,,,,,,,"How Products Are Made",,,,,"http://www.madehow.com/Volume-7/Drain-Cleaner.html",,,,,"Drain Cleaner",,,,,,,,,,"5-12","Drain cleaners, sometimes referred to as drain uncloggers, are solutions that are poured into sluggish or clogged drains in order to clear them. These solutions are devised to dissolve human hair, human waste, or food particles that stop up kitchen sinks or tub and shower drains.",,,,,,,,,,,,,,
"How Products Are Made :Dry Ice",,,,,,,,,,,,,,,"How Products Are Made",,,,,"http://www.madehow.com/Volume-7/Dry-Ice.html",,,,,"Dry Ice",,,,,,,,,,"5-12","Dry ice is the name given to carbon dioxide when it is in a solid state. Carbon dioxide is found in the earth's atmosphere; it is a gas that humans exhale and plants use for photosynthesis.",,,,,,,,,,,,,,
"How Products Are Made :EEG Machine",,,,,,,,,,,,,,,"How Products Are Made",,,,,"http://www.madehow.com/Volume-7/EEG-Machine.html",,,,,"EEG Machine",,,,,,,,,,"5-12","An electroencephalogram (EEG) machine is a device used to create a picture of the electrical activity of the brain. It has been used for both medical diagnosis and neurobiological research.",,,,,,,,,,,,,,
"How Products Are Made :Electric Guitar",,,,,,,,,,,,,,,"How Products Are Made",,,,,"http://www.madehow.com/Volume-7/Electric-Guitar.html",,,,,"Electric Guitar",,,,,,,,,,"5-12","Developed in the early part of the twentieth century, the electric guitar has become one of the most important instruments in popular music. Today's solid-body electric guitar derives from the acoustic guitar, an instrument first introduced in America as the Spanish-style guitar.",,,,,,,,,,,,,,
"How Products Are Made :Electric Tea Kettle",,,,,,,,,,,,,,,"How Products Are Made",,,,,"http://www.madehow.com/Volume-7/Electric-Tea-Kettle.html",,,,,"Electric Tea Kettle",,,,,,,,,,"5-12","The sole purpose of the tea kettle is to boil water. Water for coffee and for many cooking uses does not have to be boiled, but fresh, cool water that is brought fully to a boil is essential for tasty tea.",,,,,,,,,,,,,,
"How Products Are Made :Epilation Device",,,,,,,,,,,,,,,"How Products Are Made",,,,,"http://www.madehow.com/Volume-7/Epilation-Device.html",,,,,"Epilation Device",,,,,,,,,,"5-12","Epilation refers to removal of hairs from below the skin's surface. Examples of epilation devices include tweezers, waxes, electrolysis, and laser hair removal.",,,,,,,,,,,,,,
"How Products Are Made :External Defibrillator",,,,,,,,,,,,,,,"How Products Are Made",,,,,"http://www.madehow.com/Volume-7/External-Defibrillator.html",,,,,"External Defibrillator",,,,,,,,,,"5-12","An external defibrillator is a device that delivers an electric shock to the heart through the chest wall. This shock helps restore the heart to a regular, healthy rhythm.",,,,,,,,,,,,,,
"How Products Are Made :Fabric Softener",,,,,,,,,,,,,,,"How Products Are Made",,,,,"http://www.madehow.com/Volume-7/Fabric-Softener.html",,,,,"Fabric Softener",,,,,,,,,,"5-12","A fabric softener is a liquid composition added to washing machines during the rinse cycle to make clothes feel better to the touch. These products work by depositing lubricating chemicals on the fabric that make it feel softer, reduce static cling, and impart a fresh fragrance.",,,,,,,,,,,,,,
"How Products Are Made :Feather Duster",,,,,,,,,,,,,,,"How Products Are Made",,,,,"http://www.madehow.com/Volume-7/Feather-Duster.html",,,,,"Feather Duster",,,,,,,,,,"5-12","A feather duster is a cleaning device that uses bird feathers (certain feathers from a small number of species are preferred) to remove dust from objects. High quality dusters use feathers from the outer layers of an ostrich's feathers.",,,,,,,,,,,,,,
"How Products Are Made :Felt",,,,,,,,,,,,,,,"How Products Are Made",,,,,"http://www.madehow.com/Volume-7/Felt.html",,,,,"Felt",,,,,,,,,,"5-12","Most fabrics are woven, meaning they are constructed on a loom and have interlocking warp (the thread or fiber that is strung lengthwise on the loom) and weft (the thread that cuts across the warp fiber and interlocks with it) fibers that create a flat piece of fabric. Felt is a dense, non-woven fabric and without any warp or weft.",,,,,,,,,,,,,,
"How Products Are Made :Fluoride Treatment",,,,,,,,,,,,,,,"How Products Are Made",,,,,"http://www.madehow.com/Volume-7/Fluoride-Treatment.html",,,,,"Fluoride Treatment",,,,,,,,,,"5-12","A fluoride treatment is a mineral solution applied to teeth in order to strengthen them and help prevent cavities. Fluoride containing products include commercially available toothpaste and mouth rinse, as well as more concentrated liquids and gels used professionally by dentists.",,,,,,,,,,,,,,
"How Products Are Made :Fountain Pen",,,,,,,,,,,,,,,"How Products Are Made",,,,,"http://www.madehow.com/Volume-7/Fountain-Pen.html",,,,,"Fountain Pen",,,,,,,,,,"5-12","Humans have used various instruments to convey thoughts and feelings. Man's first writing instrument was his finger, using it to form symbols in the dirt.",,,,,,,,,,,,,,
"How Products Are Made :Furnace",,,,,,,,,,,,,,,"How Products Are Made",,,,,"http://www.madehow.com/Volume-7/Furnace.html",,,,,"Furnace",,,,,,,,,,"5-12","A furnace is a device that produces heat. Not only are furnaces used in the home for warmth, they are used in industry for a variety of purposes such as making steel and heat treating of materials to change their molecular structure.",,,,,,,,,,,,,,
"How Products Are Made :Gas Lantern",,,,,,,,,,,,,,,"How Products Are Made",,,,,"http://www.madehow.com/Volume-7/Gas-Lantern.html",,,,,"Gas Lantern",,,,,,,,,,"5-12","A gas lantern is a lightweight, portable device that supplies bright, efficient light while protecting its contents from wind and rain. Rural dwellers and outdoorsmen alike have relied on variations of the modern gas lantern for roughly 100 years, allowing access to barns, cabins, campgrounds, and wooded paths beyond the daylight hours.",,,,,,,,,,,,,,
"How Products Are Made :Glucometer Test Kit",,,,,,,,,,,,,,,"How Products Are Made",,,,,"http://www.madehow.com/Volume-7/Glucometer-Test-Kit.html",,,,,"Glucometer Test Kit",,,,,,,,,,"5-12","Diabetes mellitus effects an estimated 16 million people in the United States. An additional five million people have the disease and do not realize it.",,,,,,,,,,,,,,
"How Products Are Made :Goalie Mask",,,,,,,,,,,,,,,"How Products Are Made",,,,,"http://www.madehow.com/Volume-7/Goalie-Mask.html",,,,,"Goalie Mask",,,,,,,,,,"5-12","As a formal game, hockey began to be played in North America in the 1870s in Halifax, Nova Scotia. The first organized hockey league began with four teams in Kingston, Ontario in 1885.",,,,,,,,,,,,,,
"How Products Are Made :Grenade",,,,,,,,,,,,,,,"How Products Are Made",,,,,"http://www.madehow.com/Volume-7/Grenade.html",,,,,"Grenade",,,,,,,,,,"5-12","Grenades come in a variety of sizes and shapes depending on their function, but all have two things in common. First, they are hollow to allow filling with explosive or chemical filler.",,,,,,,,,,,,,,
"How Products Are Made :Guillotine",,,,,,,,,,,,,,,"How Products Are Made",,,,,"http://www.madehow.com/Volume-7/Guillotine.html",,,,,"Guillotine",,,,,,,,,,"5-12","The guillotine evokes images of horrifying and bloody public executions during the French Revolution in the eighteenth century. Many historians consider this device the first execution method that lessened the victim's pain and the first step in raising public awareness of the morality of the death penalty.",,,,,,,,,,,,,,
"How Products Are Made :Hair Dryer",,,,,,,,,,,,,,,"How Products Are Made",,,,,"http://www.madehow.com/Volume-7/Hair-Dryer.html",,,,,"Hair Dryer",,,,,,,,,,"5-12","A hair dryer, also known as a blow dryer, is an electrical device used to dry and style hair. It uses an electric fan to blow air across a heating coil; as the air passes through the dryer it heats up.",,,,,,,,,,,,,,
"How Products Are Made :Hairsproy",,,,,,,,,,,,,,,"How Products Are Made",,,,,"http://www.madehow.com/Volume-7/Hairsproy.html",,,,,"Hairsproy",,,,,,,,,,"5-12","Hairsprays belong to a class of personal care products that help hair to hold a desired style. These products contain film forming ingredients that are applied as a fine mist.",,,,,,,,,,,,,,
"How Products Are Made :Handcuffs",,,,,,,,,,,,,,,"How Products Are Made",,,,,"http://www.madehow.com/Volume-7/Handcuffs.html",,,,,"Handcuffs",,,,,,,,,,"5-12","Handcuffs are standard law enforcement and security industry tools used for restraining and controlling dangerous or unreasonable people. Police officers routinely use handcuffs in their work.",,,,,,,,,,,,,,
"How Products Are Made :Headstone",,,,,,,,,,,,,,,"How Products Are Made",,,,,"http://www.madehow.com/Volume-7/Headstone.html",,,,,"Headstone",,,,,,,,,,"5-12","Headstones are known by many different names, such as memorial stones, grave markers, gravestones, and tombstones. All of which apply to the function of headstones; the memorialization and remembrance of the deceased.",,,,,,,,,,,,,,
"How Products Are Made :Ice Resurfacing Machine",,,,,,,,,,,,,,,"How Products Are Made",,,,,"http://www.madehow.com/Volume-7/Ice-Resurfacing-Machine.html",,,,,"Ice Resurfacing Machine",,,,,,,,,,"5-12","An ice resurfacing machine shaves the ice, removes the shavings, washes and squeegees the ice, and has enough carrying capacity to clear the ice surface in one run, making it completely smooth. Ice resurfacing machines are widely known by the brand name Zamboni.",,,,,,,,,,,,,,
"How Products Are Made :Insulin",,,,,,,,,,,,,,,"How Products Are Made",,,,,"http://www.madehow.com/Volume-7/Insulin.html",,,,,"Insulin",,,,,,,,,,"5-12","Insulin is a hormone that regulates the amount of glucose (sugar) in the blood and is required for the body to function normally. Insulin is produced by cells in the pancreas, called the islets of Langerhans.",,,,,,,,,,,,,,
"How Products Are Made :Ironing Board",,,,,,,,,,,,,,,"How Products Are Made",,,,,"http://www.madehow.com/Volume-7/Ironing-Board.html",,,,,"Ironing Board",,,,,,,,,,"5-12","An ironing board is generally a large, flat piece of board or metal that is covered with a heat-safe padding on which clothing or linens may be ironed safely. Modern ironing boards take a surprising number of forms.",,,,,,,,,,,,,,
"How Products Are Made :Juice Box",,,,,,,,,,,,,,,"How Products Are Made",,,,,"http://www.madehow.com/Volume-7/Juice-Box.html",,,,,"Juice Box",,,,,,,,,,"5-12","For centuries, people all over the world have been drinking fruit juice. Today, it is available in both frozen concentrate and liquid form and packaged in a variety of ways, including bottles, cans, and—most recently—boxes.",,,,,,,,,,,,,,
"How Products Are Made :Kerosene",,,,,,,,,,,,,,,"How Products Are Made",,,,,"http://www.madehow.com/Volume-7/Kerosene.html",,,,,"Kerosene",,,,,,,,,,"5-12","Kerosene is an oil distillate commonly used as a fuel or solvent. It is a thin, clear liquid consisting of a mixture of hydrocarbons that boil between 302°F and 527°F (150°C and 275°C).",,,,,,,,,,,,,,
"How Products Are Made :Laser Pointer",,,,,,,,,,,,,,,"How Products Are Made",,,,,"http://www.madehow.com/Volume-7/Laser-Pointer.html",,,,,"Laser Pointer",,,,,,,,,,"5-12","The laser pointer is a low cost portable laser that can be carried in the hand. It is designed for use during presentations to point out areas of the slide or picture being presented, replacing a hand held wooden stick or extendable metal pointer.",,,,,,,,,,,,,,
"How Products Are Made :Lawn Sprinkler",,,,,,,,,,,,,,,"How Products Are Made",,,,,"http://www.madehow.com/Volume-7/Lawn-Sprinkler.html",,,,,"Lawn Sprinkler",,,,,,,,,,"5-12","The lawn sprinkler is a mechanism through which water is distributed in a spray so that a residential lawn or garden is irrigated. Sprinklers may take extraordinarily large forms, such as the irrigation systems used by professional farmers to water crops in the field.",,,,,,,,,,,,,,
"How Products Are Made :Lighter",,,,,,,,,,,,,,,"How Products Are Made",,,,,"http://www.madehow.com/Volume-7/Lighter.html",,,,,"Lighter",,,,,,,,,,"5-12","The discovery of tobacco in the New World in the sixteenth century and the opening of a worldwide market created the need for a portable way to make fire. Pieces of flint and steel struck against each other and modified pistols were early devices.",,,,,,,,,,,,,,
"How Products Are Made :Manhole Cover",,,,,,,,,,,,,,,"How Products Are Made",,,,,"http://www.madehow.com/Volume-7/Manhole-Cover.html",,,,,"Manhole Cover",,,,,,,,,,"5-12","The subsurface of a major city teems with subsurface utilities: sewers, storm drains, steam tunnels, and utility corridors. Access ways, called manholes are dug down to these subsurface conduits at regular intervals to allow maintenance workers to reach them.",,,,,,,,,,,,,,
"How Products Are Made :Maracas",,,,,,,,,,,,,,,"How Products Are Made",,,,,"http://www.madehow.com/Volume-7/Maracas.html",,,,,"Maracas",,,,,,,,,,"5-12","One of the most recognizable of the percussion instruments is the maracas, a pair of rattles made from gourds. Maracas are essential to Latin and South American orchestras and bands, and other musical forms that have adopted the rhythm of the maracas.",,,,,,,,,,,,,,
"How Products Are Made :Microphone",,,,,,,,,,,,,,,"How Products Are Made",,,,,"http://www.madehow.com/Volume-7/Microphone.html",,,,,"Microphone",,,,,,,,,,"5-12","A microphone is a device that converts mechanical energy waves or sound into electrical energy waves. Speaking into a microphone excites (moves) a diaphragm that is coupled to a device that creates an electrical current proportional to the sound waves produced.",,,,,,,,,,,,,,
"How Products Are Made :Mop",,,,,,,,,,,,,,,"How Products Are Made",,,,,"http://www.madehow.com/Volume-7/Mop.html",,,,,"Mop",,,,,,,,,,"5-12","Mops are classified in two main divisions as either wet or dry mops. Wet mops are commonly used to clean kitchen and bathroom floors.",,,,,,,,,,,,,,
"How Products Are Made :Movie Projector",,,,,,,,,,,,,,,"How Products Are Made",,,,,"http://www.madehow.com/Volume-7/Movie-Projector.html",,,,,"Movie Projector",,,,,,,,,,"5-12","The inspiration for the development of motion pictures and projectors can be traced to a variety of sources including theaters, circuses, and magic shows. Another important factor was the understanding of the phenomenon of persistence of vision.",,,,,,,,,,,,,,
"How Products Are Made :Night Scope",,,,,,,,,,,,,,,"How Products Are Made",,,,,"http://www.madehow.com/Volume-7/Night-Scope.html",,,,,"Night Scope",,,,,,,,,,"5-12","Night scopes, or night vision devices, are used to intensify human sight under very low light conditions. There are several types of night vision scopes.",,,,,,,,,,,,,,
"How Products Are Made :Oxygen Tank",,,,,,,,,,,,,,,"How Products Are Made",,,,,"http://www.madehow.com/Volume-7/Oxygen-Tank.html",,,,,"Oxygen Tank",,,,,,,,,,"5-12","Oxygen (atomic number, 8; atomic weight, 16) is essential for all living things and has the ability to combine with almost all other elements. When elements fuse with oxygen, they are labeled as being oxidized.",,,,,,,,,,,,,,
"How Products Are Made :Pacifier",,,,,,,,,,,,,,,"How Products Are Made",,,,,"http://www.madehow.com/Volume-7/Pacifier.html",,,,,"Pacifier",,,,,,,,,,"5-12","A pacifier is a form of an artificial nipple on which the baby or child sucks. Fluids do no pass through the pacifier, rather, the action of sucking on the nipple is thought to soothe or calm the baby, quieting the baby, and even alleviating the burning and itching of the gums during teething.",,,,,,,,,,,,,,
"How Products Are Made :Paper Clip",,,,,,,,,,,,,,,"How Products Are Made",,,,,"http://www.madehow.com/Volume-7/Paper-Clip.html",,,,,"Paper Clip",,,,,,,,,,"5-12","The paper clip is a nearly ubiquitous device, used worldwide to temporally hold papers together. The technology for manufacturing paper clips evolved in the early years of the twentieth century, and has remained virtually unchanged since the 1930s.",,,,,,,,,,,,,,
"How Products Are Made :Pizza",,,,,,,,,,,,,,,"How Products Are Made",,,,,"http://www.madehow.com/Volume-7/Pizza.html",,,,,"Pizza",,,,,,,,,,"5-12","A pizza is a round, open pie made with yeast dough and topped with tomato sauce, cheese, and a variety of other ingredients.",,,,,,,,,,,,,,
"How Products Are Made :Pop Up Book",,,,,,,,,,,,,,,"How Products Are Made",,,,,"http://www.madehow.com/Volume-7/Pop-Up-Book.html",,,,,"Pop Up Book",,,,,,,,,,"5-12","The pop up book is a book with paper elements within the pages that may be manipulated by the reader. Many refer to such a book as a moveable book.",,,,,,,,,,,,,,
"How Products Are Made :Punching Bag",,,,,,,,,,,,,,,"How Products Are Made",,,,,"http://www.madehow.com/Volume-7/Punching-Bag.html",,,,,"Punching Bag",,,,,,,,,,"5-12","A punching bag is a round or cylindrical piece of athletic equipment used by professional boxers for training and by amateurs for exercise. The bags come in a variety of sizes for a variety of uses.",,,,,,,,,,,,,,
"How Products Are Made :Pyrex",,,,,,,,,,,,,,,"How Products Are Made",,,,,"http://www.madehow.com/Volume-7/Pyrex.html",,,,,"Pyrex",,,,,,,,,,"5-12","Pyrex glass is a borosilicate glass first produced by The Corning Glass Works company. It is made by heating raw materials like silica sand and boric oxide to extremely high temperatures for extended periods of time.",,,,,,,,,,,,,,
"How Products Are Made :Radio",,,,,,,,,,,,,,,"How Products Are Made",,,,,"http://www.madehow.com/Volume-7/Radio.html",,,,,"Radio",,,,,,,,,,"5-12","The radio receives electromagnetic waves from the air that are sent by a radio transmitter. Electromagnetic waves are a combination of electrical and magnetic fields that overlap.",,,,,,,,,,,,,,
"How Products Are Made :Radio Collar",,,,,,,,,,,,,,,"How Products Are Made",,,,,"http://www.madehow.com/Volume-7/Radio-Collar.html",,,,,"Radio Collar",,,,,,,,,,"5-12","Pet owners have long struggled with adequate measures of pet containment. Inadequately confined pets run the risk of damaging property and endangering the animal.",,,,,,,,,,,,,,
"How Products Are Made :Revolving Door",,,,,,,,,,,,,,,"How Products Are Made",,,,,"http://www.madehow.com/Volume-7/Revolving-Door.html",,,,,"Revolving Door",,,,,,,,,,"5-12","A revolving door is used to control traffic or heating and air conditioning in a building. The revolving door structure consists of individual door panels (or wings), a center shaft with the hardware needed to support the door wings, a circular structure called a ""rotunda"" or ""drum"" that is usually fitted with glass, and the ceiling (supported by the rotunda) that contains either a mechanical braking device (used to control the speed of the doors) or an electronic device that uses a motor to drive the doors automatically.",,,,,,,,,,,,,,
"How Products Are Made :Rolling Pin",,,,,,,,,,,,,,,"How Products Are Made",,,,,"http://www.madehow.com/Volume-7/Rolling-Pin.html",,,,,"Rolling Pin",,,,,,,,,,"5-12","A rolling pin is a simple tool used to flatten dough.",,,,,,,,,,,,,,
"How Products Are Made :Rubik's Cube",,,,,,,,,,,,,,,"How Products Are Made",,,,,"http://www.madehow.com/Volume-7/Rubik-s-Cube.html",,,,,"Rubik's Cube",,,,,,,,,,"5-12","Rubik's cube is a toy puzzle designed by Erno Rubik during the mid-1970s. It is a cube-shaped device made up of smaller cube pieces with six faces having differing colors.",,,,,,,,,,,,,,
"How Products Are Made :Scale",,,,,,,,,,,,,,,"How Products Are Made",,,,,"http://www.madehow.com/Volume-7/Scale.html",,,,,"Scale",,,,,,,,,,"5-12","The traditional bathroom scale is used to measure a person's body weight. It is based on a spring system that uses the weight of the person to depress a lever, which in turn rotates a sprocket attached to the dial.",,,,,,,,,,,,,,
"How Products Are Made :Ship in a Bottle",,,,,,,,,,,,,,,"How Products Are Made",,,,,"http://www.madehow.com/Volume-7/Ship-in-a-Bottle.html",,,,,"Ship in a Bottle",,,,,,,,,,"5-12","The ship is obviously much larger than the opening in the bottle. Many people think the underside of the bottle is cut away; the ship, however, is made of wood and its sails and rigging are paper and thread.",,,,,,,,,,,,,,
"How Products Are Made :Shrapnel Shell",,,,,,,,,,,,,,,"How Products Are Made",,,,,"http://www.madehow.com/Volume-7/Shrapnel-Shell.html",,,,,"Shrapnel Shell",,,,,,,,,,"5-12","There has always been a high demand among military strategists for economical means of killing enemy soldiers. Economy is required not so much to save money, but to allow outnumbered soldiers the opportunity to win battles.",,,,,,,,,,,,,,
"How Products Are Made :Sleeping Pill",,,,,,,,,,,,,,,"How Products Are Made",,,,,"http://www.madehow.com/Volume-7/Sleeping-Pill.html",,,,,"Sleeping Pill",,,,,,,,,,"5-12","A sleeping pill, also commonly called a sleep aid, is a drug that helps a person fall asleep or remain sleeping. Disorders such as insomnia (inability to sleep) are widespread, and drugs to induce sleep have been used since ancient times.",,,,,,,,,,,,,,
"How Products Are Made :Smoked Ham",,,,,,,,,,,,,,,"How Products Are Made",,,,,"http://www.madehow.com/Volume-7/Smoked-Ham.html",,,,,"Smoked Ham",,,,,,,,,,"5-12","Smoked ham is a popular serving of meat, cut from the pork leg. It is cured with salt and spices, then subjected to slow and steady heat for varying periods.",,,,,,,,,,,,,,
"How Products Are Made :Speedometer",,,,,,,,,,,,,,,"How Products Are Made",,,,,"http://www.madehow.com/Volume-7/Smoked-Ham.html",,,,,"Speedometer",,,,,,,,,,"5-12","A speedometer is a device used to measure the traveling speed of a vehicle, usually for the purpose of maintaining a sensible pace. Its development and eventual status as a standard feature in automobiles led to the enforcement of legal speed limits, a notion that had been in practice since the inception of horseless carriages but had gone largely ignored by the general public.",,,,,,,,,,,,,,
"How Products Are Made :Spinning Wheel",,,,,,,,,,,,,,,"How Products Are Made",,,,,"http://www.madehow.com/Volume-7/Spinning-Wheel.html",,,,,"Spinning Wheel",,,,,,,,,,"5-12","A spinning wheel is a machine used to turn fiber into thread or yarn. This thread or yarn is then woven as cloth on a loom.",,,,,,,,,,,,,,
"How Products Are Made :Spork",,,,,,,,,,,,,,,"How Products Are Made",,,,,"http://www.madehow.com/Volume-7/Spork.html",,,,,"Spork",,,,,,,,,,"5-12","A spork is an eating utensil designed with features of both a spoon and a fork. The overall shape is similar to a spoon complete with a handle and a small bowl-like structure at the end.",,,,,,,,,,,,,,
"How Products Are Made :Spray Paint",,,,,,,,,,,,,,,"How Products Are Made",,,,,"http://www.madehow.com/Volume-7/Spray-Paint.html",,,,,"Spray Paint",,,,,,,,,,"5-12","Spray paint is an aerosol product designed to be dispensed as a fine mist. Compared to conventional brush methods of painting, spray painting is faster and provides a more uniform application.",,,,,,,,,,,,,,
"How Products Are Made :Stereo Speaker",,,,,,,,,,,,,,,"How Products Are Made",,,,,"http://www.madehow.com/Volume-7/Stereo-Speaker.html",,,,,"Stereo Speaker",,,,,,,,,,"5-12","A loudspeaker or speaker is a device that converts electrical energy waves into mechanical energy waves or audible sounds. Sound is produced by the vibration of an object.",,,,,,,,,,,,,,
"How Products Are Made :Stereoptic Viewer",,,,,,,,,,,,,,,"How Products Are Made",,,,,"http://www.madehow.com/Volume-7/Stereoptic-Viewer.html",,,,,"Stereoptic Viewer",,,,,,,,,,"5-12","The stereoptic viewer is a toy with a relatively simple plastic body, but also a sophisticated lenses for looking at a pair of photographic transparencies mounted, along with six other pairs, in a flat paper reel. Each so-called stereo pair has a photo viewed through the left eyepiece and another viewed through the right.",,,,,,,,,,,,,,
"How Products Are Made :Stirling Cycle Engine",,,,,,,,,,,,,,,"How Products Are Made",,,,,"http://www.madehow.com/Volume-7/Stirling-Cycle-Engine.html",,,,,"Stirling Cycle Engine",,,,,,,,,,"5-12","An engine is a machine that converts energy into useful work: burning coal to turn the drive shaft of a power plant generator, for example. The most common engine in production today is the gasoline-powered automobile engine.",,,,,,,,,,,,,,
"How Products Are Made :Straight Pin",,,,,,,,,,,,,,,"How Products Are Made",,,,,"http://www.madehow.com/Volume-7/Straight-Pin.html",,,,,"Straight Pin",,,,,,,,,,"5-12","A straight pin is a small length of stiff wire with a head at one end and a point at the other end. It is used to fasten pieces of cloth or paper together.",,,,,,,,,,,,,,
"How Products Are Made :Sushi Roll",,,,,,,,,,,,,,,"How Products Are Made",,,,,"http://www.madehow.com/Volume-7/Sushi-Roll.html",,,,,"Sushi Roll",,,,,,,,,,"5-12","A sushi roll is a food of Asian origin that features rice and seafood wrapped in seaweed (nori). Until the end of the twentieth century, sushi rolls were only available in restaurants.",,,,,,,,,,,,,,
"How Products Are Made :Suture",,,,,,,,,,,,,,,"How Products Are Made",,,,,"http://www.madehow.com/Volume-7/Suture.html",,,,,"Suture",,,,,,,,,,"5-12","A surgical suture is used to close the edges of a wound or incision and to repair damaged tissue. There are many kinds of sutures, with different properties suitable for various uses.",,,,,,,,,,,,,,
"How Products Are Made :Swimming Pool",,,,,,,,,,,,,,,"How Products Are Made",,,,,"http://www.madehow.com/Volume-7/Swimming-Pool.html",,,,,"Swimming Pool",,,,,,,,,,"5-12","The most common type of in-ground manufactured swimming pool on the market today is the concrete pool. Although there are a wide variety of manufactured pools on the market (concrete, fiberglass, and vinyl), concrete pools represent 60% of pools being built today.",,,,,,,,,,,,,,
"How Products Are Made :Swimsuit",,,,,,,,,,,,,,,"How Products Are Made",,,,,"http://www.madehow.com/Volume-7/Swimsuit.html",,,,,"Swimsuit",,,,,,,,,,"5-12","A swimsuit is an article of clothing used for swimming and sunbathing. For women, the swimsuit is either a two-piece bra and panty ensemble or a one-piece maillot style.",,,,,,,,,,,,,,
"How Products Are Made :Table",,,,,,,,,,,,,,,"How Products Are Made",,,,,"http://www.madehow.com/Volume-7/Table.html",,,,,"Table",,,,,,,,,,"5-12","The table is a basic piece of household furniture. It generally consists of a flat top that is supported by either a set of legs, pillars, or trestles.",,,,,,,,,,,,,,
"How Products Are Made :Tattoo",,,,,,,,,,,,,,,"How Products Are Made",,,,,"http://www.madehow.com/Volume-7/Tattoo.html",,,,,"Tattoo",,,,,,,,,,"5-12","A tattoo is a design that is permanently etched in the skin using needles and ink. The word tattoo is derived from the Tahitian term ""tatua,"" which means ""to mark."" Tattoos have been displayed by people of all cultures for centuries, but they have only recently gained social acceptance in the United States.",,,,,,,,,,,,,,
"How Products Are Made :Teflon",,,,,,,,,,,,,,,"How Products Are Made",,,,,"http://www.madehow.com/Volume-7/Teflon.html",,,,,"Teflon",,,,,,,,,,"5-12","Teflon is the registered trade name of the highly useful plastic material polytetrafluoroethylene (PTFE). PTFE is one of a class of plastics known as fluoropolymers.",,,,,,,,,,,,,,
"How Products Are Made :Telephone Booth",,,,,,,,,,,,,,,"How Products Are Made",,,,,"http://www.madehow.com/Volume-7/Telephone-Booth.html",,,,,"Telephone Booth",,,,,,,,,,"5-12","Although Alexander Graham Bell is credited with the invention of the telephone, the ""telephon"" (made from a hollowed out beer barrel, a sausage skin, and a knitting needle) was an original prototype being researched in 1860 by Philipp Reis. The mechanism of the phone was uncovered in 1874 and focused on musical reproduction, but the actual resolution of electricity and voice transmission was actually invented in 1876 by Bell.",,,,,,,,,,,,,,
"How Products Are Made :Tiara",,,,,,,,,,,,,,,"How Products Are Made",,,,,"http://www.madehow.com/Volume-7/Tiara.html",,,,,"Tiara",,,,,,,,,,"5-12","Tiaras are marks of distinction and style worn by women of royalty and for special events such as pageants, proms, and weddings. Revivals of interest in romantic ensembles, like those seen in movies and in period costumes, make tiaras fascinating headdresses.",,,,,,,,,,,,,,
"How Products Are Made :Titanium",,,,,,,,,,,,,,,"How Products Are Made",,,,,"http://www.madehow.com/Volume-7/Titanium.html",,,,,"Titanium",,,,,,,,,,"5-12","Titanium is known as a transition metal on the periodic table of elements denoted by the symbol Ti. It is a lightweight, silver-gray material with an atomic number of 22 and an atomic weight of 47.90.",,,,,,,,,,,,,,
"How Products Are Made :Toaster",,,,,,,,,,,,,,,"How Products Are Made",,,,,"http://www.madehow.com/Volume-7/Toaster.html",,,,,"Toaster",,,,,,,,,,"5-12","A toaster is a small appliance that uses heat to brown and harden bread.",,,,,,,,,,,,,,
"How Products Are Made :Tuxedo",,,,,,,,,,,,,,,"How Products Are Made",,,,,"http://www.madehow.com/Volume-7/Tuxedo.html",,,,,"Tuxedo",,,,,,,,,,"5-12","The tuxedo is a man's tailored suit used for semi-formal or formal wear. It may be sewn from a wide variety of colors and fabrics; increasingly, brighter colors and unconventional designs are pervasive in tuxedo styling.",,,,,,,,,,,,,,
"How Products Are Made :Typewriter",,,,,,,,,,,,,,,"How Products Are Made",,,,,"http://www.madehow.com/Volume-7/Typewriter.html",,,,,"Typewriter",,,,,,,,,,"5-12","Typewriters fall into five classifications. The standard typewriter was the first kind manufactured.",,,,,,,,,,,,,,
"How Products Are Made :Unicycle",,,,,,,,,,,,,,,"How Products Are Made",,,,,"http://www.madehow.com/Volume-7/Unicycle.html",,,,,"Unicycle",,,,,,,,,,"5-12","A unicycle is a single-wheeled vehicle traditionally used during circus performances. It consists of a spoke wheel, pedals, and a tube shaped body attached to a seat.",,,,,,,,,,,,,,
"How Products Are Made :Vending Machine",,,,,,,,,,,,,,,"How Products Are Made",,,,,"http://www.madehow.com/Volume-7/Vending-Machine.html",,,,,"Vending Machine",,,,,,,,,,"5-12","From humble single-cent beginnings, vending operations in the United States have evolved into a $36.6 billion industry. Canned cold drinks were the industry's top sellers in 1999, posting $15.7 billion in sales and accounting for 42.9% of the industry's gross sales volume.",,,,,,,,,,,,,,
"How Products Are Made :Videotape",,,,,,,,,,,,,,,"How Products Are Made",,,,,"http://www.madehow.com/Volume-7/Videotape.html",,,,,"Videotape",,,,,,,,,,"5-12","Videotape is an integral component of the video technology that has profoundly impacted the media and home entertainment industries. First controlled by the television industry, videotape and video technology are now widely available to the private sector and have led to significant changes in the way that information is distributed and entertainment is created.",,,,,,,,,,,,,,
"How Products Are Made :Vinegar",,,,,,,,,,,,,,,"How Products Are Made",,,,,"http://www.madehow.com/Volume-7/Vinegar.html",,,,,"Vinegar",,,,,,,,,,"5-12","Vinegar is an alcoholic liquid that has been allowed to sour. It is primarily used to flavor and preserve foods and as an ingredient in salad dressings and marinades.",,,,,,,,,,,,,,
"How Products Are Made :Windmill",,,,,,,,,,,,,,,"How Products Are Made",,,,,"http://www.madehow.com/Volume-7/Windmill.html",,,,,"Windmill",,,,,,,,,,"5-12","A windmill is a structure or machine that converts wind into usable energy through the rotation of a wheel made up of adjustable blades. Traditionally, the energy generated by a windmill has been used to grind grain into flour.",,,,,,,,,,,,,,
"How Products Are Made :Windshield Wiper",,,,,,,,,,,,,,,"How Products Are Made",,,,,"http://www.madehow.com/Volume-7/Windshield-Wiper.html",,,,,"Windshield Wiper",,,,,,,,,,"5-12","Windshield wipers are used to clean the windshield of a car so that the driver has an unobstructed view of the road. A typical wipe angle for a passenger car is about 67 degrees.",,,,,,,,,,,,,,
"How Products Are Made :X-Ray Glasses",,,,,,,,,,,,,,,"How Products Are Made",,,,,"http://www.madehow.com/Volume-7/X-Ray-Glasses.html",,,,,"X-Ray Glasses",,,,,,,,,,"5-12","X-ray glasses are a novelty product designed to create the illusion that the user can see through solid objects. They are plastic framed eyeglasses with special lenses made of cardboard.",,,,,,,,,,,,,,
