_relInternalId,_fromInternalId,_fromLabels,_fromKeyProps,_toInternalId,_toLabels,_toKeyProps
975980,29630,Standard,"{""sub_institute_id"":""195"",""standard_id"":""2226"",""name"":""CBSE-1"",""stId"":""2226"",""short_name"":""1""}",374449,Subject,"{""sub_institute_id"":""195"",""display_name"":""ENGLISH (184)"",""subId"":""3967"",""standard_id"":""2226""}"
975981,29631,Standard,"{""sub_institute_id"":""195"",""standard_id"":""2227"",""name"":""Standard 2227"",""stId"":""2227"",""short_name"":""2""}",374449,Subject,"{""sub_institute_id"":""195"",""display_name"":""ENGLISH (184)"",""subId"":""3967"",""standard_id"":""2226""}"
975982,29632,Standard,"{""sub_institute_id"":""195"",""standard_id"":""2228"",""name"":""Standard 2228"",""stId"":""2228"",""short_name"":""3""}",374449,Subject,"{""sub_institute_id"":""195"",""display_name"":""ENGLISH (184)"",""subId"":""3967"",""standard_id"":""2226""}"
975983,29633,Standard,"{""sub_institute_id"":""195"",""standard_id"":""2229"",""name"":""Standard 2229"",""stId"":""2229"",""short_name"":""4""}",374449,Subject,"{""sub_institute_id"":""195"",""display_name"":""ENGLISH (184)"",""subId"":""3967"",""standard_id"":""2226""}"
975984,29634,Standard,"{""sub_institute_id"":""195"",""standard_id"":""2230"",""name"":""CBSE-5"",""stId"":""2230"",""short_name"":""5""}",374449,Subject,"{""sub_institute_id"":""195"",""display_name"":""ENGLISH (184)"",""subId"":""3967"",""standard_id"":""2226""}"
975985,29635,Standard,"{""sub_institute_id"":""195"",""standard_id"":""2231"",""name"":""CBSE-6"",""stId"":""2231"",""short_name"":""6""}",374449,Subject,"{""sub_institute_id"":""195"",""display_name"":""ENGLISH (184)"",""subId"":""3967"",""standard_id"":""2226""}"
975986,29636,Standard,"{""sub_institute_id"":""195"",""standard_id"":""2232"",""name"":""CBSE-7"",""stId"":""2232"",""short_name"":""7""}",374449,Subject,"{""sub_institute_id"":""195"",""display_name"":""ENGLISH (184)"",""subId"":""3967"",""standard_id"":""2226""}"
975987,29630,Standard,"{""sub_institute_id"":""195"",""standard_id"":""2226"",""name"":""CBSE-1"",""stId"":""2226"",""short_name"":""1""}",374450,Subject,"{""sub_institute_id"":""195"",""display_name"":""HINDI"",""subId"":""3969"",""standard_id"":""2226""}"
975988,29631,Standard,"{""sub_institute_id"":""195"",""standard_id"":""2227"",""name"":""Standard 2227"",""stId"":""2227"",""short_name"":""2""}",374450,Subject,"{""sub_institute_id"":""195"",""display_name"":""HINDI"",""subId"":""3969"",""standard_id"":""2226""}"
975989,29632,Standard,"{""sub_institute_id"":""195"",""standard_id"":""2228"",""name"":""Standard 2228"",""stId"":""2228"",""short_name"":""3""}",374450,Subject,"{""sub_institute_id"":""195"",""display_name"":""HINDI"",""subId"":""3969"",""standard_id"":""2226""}"
975990,29633,Standard,"{""sub_institute_id"":""195"",""standard_id"":""2229"",""name"":""Standard 2229"",""stId"":""2229"",""short_name"":""4""}",374450,Subject,"{""sub_institute_id"":""195"",""display_name"":""HINDI"",""subId"":""3969"",""standard_id"":""2226""}"
975991,29630,Standard,"{""sub_institute_id"":""195"",""standard_id"":""2226"",""name"":""CBSE-1"",""stId"":""2226"",""short_name"":""1""}",374451,Subject,"{""sub_institute_id"":""195"",""display_name"":""MATHEMATICS"",""subId"":""3970"",""standard_id"":""2226""}"
975992,29631,Standard,"{""sub_institute_id"":""195"",""standard_id"":""2227"",""name"":""Standard 2227"",""stId"":""2227"",""short_name"":""2""}",374451,Subject,"{""sub_institute_id"":""195"",""display_name"":""MATHEMATICS"",""subId"":""3970"",""standard_id"":""2226""}"
975993,29632,Standard,"{""sub_institute_id"":""195"",""standard_id"":""2228"",""name"":""Standard 2228"",""stId"":""2228"",""short_name"":""3""}",374451,Subject,"{""sub_institute_id"":""195"",""display_name"":""MATHEMATICS"",""subId"":""3970"",""standard_id"":""2226""}"
975994,29633,Standard,"{""sub_institute_id"":""195"",""standard_id"":""2229"",""name"":""Standard 2229"",""stId"":""2229"",""short_name"":""4""}",374451,Subject,"{""sub_institute_id"":""195"",""display_name"":""MATHEMATICS"",""subId"":""3970"",""standard_id"":""2226""}"
975995,29634,Standard,"{""sub_institute_id"":""195"",""standard_id"":""2230"",""name"":""CBSE-5"",""stId"":""2230"",""short_name"":""5""}",374451,Subject,"{""sub_institute_id"":""195"",""display_name"":""MATHEMATICS"",""subId"":""3970"",""standard_id"":""2226""}"
975996,29635,Standard,"{""sub_institute_id"":""195"",""standard_id"":""2231"",""name"":""CBSE-6"",""stId"":""2231"",""short_name"":""6""}",374451,Subject,"{""sub_institute_id"":""195"",""display_name"":""MATHEMATICS"",""subId"":""3970"",""standard_id"":""2226""}"
975997,29636,Standard,"{""sub_institute_id"":""195"",""standard_id"":""2232"",""name"":""CBSE-7"",""stId"":""2232"",""short_name"":""7""}",374451,Subject,"{""sub_institute_id"":""195"",""display_name"":""MATHEMATICS"",""subId"":""3970"",""standard_id"":""2226""}"
975998,29637,Standard,"{""sub_institute_id"":""195"",""standard_id"":""2233"",""name"":""CBSE-8"",""stId"":""2233"",""short_name"":""8""}",374451,Subject,"{""sub_institute_id"":""195"",""display_name"":""MATHEMATICS"",""subId"":""3970"",""standard_id"":""2226""}"
975999,29630,Standard,"{""sub_institute_id"":""195"",""standard_id"":""2226"",""name"":""CBSE-1"",""stId"":""2226"",""short_name"":""1""}",374452,Subject,"{""sub_institute_id"":""195"",""display_name"":""SCIENCE"",""subId"":""3971"",""standard_id"":""2226""}"
976000,29631,Standard,"{""sub_institute_id"":""195"",""standard_id"":""2227"",""name"":""Standard 2227"",""stId"":""2227"",""short_name"":""2""}",374452,Subject,"{""sub_institute_id"":""195"",""display_name"":""SCIENCE"",""subId"":""3971"",""standard_id"":""2226""}"
976001,29632,Standard,"{""sub_institute_id"":""195"",""standard_id"":""2228"",""name"":""Standard 2228"",""stId"":""2228"",""short_name"":""3""}",374452,Subject,"{""sub_institute_id"":""195"",""display_name"":""SCIENCE"",""subId"":""3971"",""standard_id"":""2226""}"
976002,29633,Standard,"{""sub_institute_id"":""195"",""standard_id"":""2229"",""name"":""Standard 2229"",""stId"":""2229"",""short_name"":""4""}",374452,Subject,"{""sub_institute_id"":""195"",""display_name"":""SCIENCE"",""subId"":""3971"",""standard_id"":""2226""}"
976003,29634,Standard,"{""sub_institute_id"":""195"",""standard_id"":""2230"",""name"":""CBSE-5"",""stId"":""2230"",""short_name"":""5""}",374452,Subject,"{""sub_institute_id"":""195"",""display_name"":""SCIENCE"",""subId"":""3971"",""standard_id"":""2226""}"
976004,29635,Standard,"{""sub_institute_id"":""195"",""standard_id"":""2231"",""name"":""CBSE-6"",""stId"":""2231"",""short_name"":""6""}",374452,Subject,"{""sub_institute_id"":""195"",""display_name"":""SCIENCE"",""subId"":""3971"",""standard_id"":""2226""}"
976005,29636,Standard,"{""sub_institute_id"":""195"",""standard_id"":""2232"",""name"":""CBSE-7"",""stId"":""2232"",""short_name"":""7""}",374452,Subject,"{""sub_institute_id"":""195"",""display_name"":""SCIENCE"",""subId"":""3971"",""standard_id"":""2226""}"
976006,29637,Standard,"{""sub_institute_id"":""195"",""standard_id"":""2233"",""name"":""CBSE-8"",""stId"":""2233"",""short_name"":""8""}",374452,Subject,"{""sub_institute_id"":""195"",""display_name"":""SCIENCE"",""subId"":""3971"",""standard_id"":""2226""}"
976007,29630,Standard,"{""sub_institute_id"":""195"",""standard_id"":""2226"",""name"":""CBSE-1"",""stId"":""2226"",""short_name"":""1""}",374453,Subject,"{""sub_institute_id"":""195"",""display_name"":""SOCIAL SCIENCE"",""subId"":""3972"",""standard_id"":""2226""}"
976008,29631,Standard,"{""sub_institute_id"":""195"",""standard_id"":""2227"",""name"":""Standard 2227"",""stId"":""2227"",""short_name"":""2""}",374453,Subject,"{""sub_institute_id"":""195"",""display_name"":""SOCIAL SCIENCE"",""subId"":""3972"",""standard_id"":""2226""}"
976009,29632,Standard,"{""sub_institute_id"":""195"",""standard_id"":""2228"",""name"":""Standard 2228"",""stId"":""2228"",""short_name"":""3""}",374453,Subject,"{""sub_institute_id"":""195"",""display_name"":""SOCIAL SCIENCE"",""subId"":""3972"",""standard_id"":""2226""}"
976010,29633,Standard,"{""sub_institute_id"":""195"",""standard_id"":""2229"",""name"":""Standard 2229"",""stId"":""2229"",""short_name"":""4""}",374453,Subject,"{""sub_institute_id"":""195"",""display_name"":""SOCIAL SCIENCE"",""subId"":""3972"",""standard_id"":""2226""}"
976011,29634,Standard,"{""sub_institute_id"":""195"",""standard_id"":""2230"",""name"":""CBSE-5"",""stId"":""2230"",""short_name"":""5""}",374453,Subject,"{""sub_institute_id"":""195"",""display_name"":""SOCIAL SCIENCE"",""subId"":""3972"",""standard_id"":""2226""}"
976012,29635,Standard,"{""sub_institute_id"":""195"",""standard_id"":""2231"",""name"":""CBSE-6"",""stId"":""2231"",""short_name"":""6""}",374453,Subject,"{""sub_institute_id"":""195"",""display_name"":""SOCIAL SCIENCE"",""subId"":""3972"",""standard_id"":""2226""}"
976013,29636,Standard,"{""sub_institute_id"":""195"",""standard_id"":""2232"",""name"":""CBSE-7"",""stId"":""2232"",""short_name"":""7""}",374453,Subject,"{""sub_institute_id"":""195"",""display_name"":""SOCIAL SCIENCE"",""subId"":""3972"",""standard_id"":""2226""}"
976014,29637,Standard,"{""sub_institute_id"":""195"",""standard_id"":""2233"",""name"":""CBSE-8"",""stId"":""2233"",""short_name"":""8""}",374453,Subject,"{""sub_institute_id"":""195"",""display_name"":""SOCIAL SCIENCE"",""subId"":""3972"",""standard_id"":""2226""}"
976015,29630,Standard,"{""sub_institute_id"":""195"",""standard_id"":""2226"",""name"":""CBSE-1"",""stId"":""2226"",""short_name"":""1""}",374454,Subject,"{""sub_institute_id"":""195"",""display_name"":""abc"",""subId"":""3973"",""standard_id"":""2226""}"
976016,163721,Standard,"{""sub_institute_id"":""1"",""standard_id"":""39"",""name"":""Standard 39"",""stId"":""39"",""short_name"":""C-6""}",374455,Subject,"{""sub_institute_id"":""1"",""display_name"":""Science"",""subId"":""3975"",""standard_id"":""39""}"
976017,163722,Standard,"{""sub_institute_id"":""1"",""standard_id"":""40"",""name"":""Standard 40"",""stId"":""40"",""short_name"":""C-7""}",374455,Subject,"{""sub_institute_id"":""1"",""display_name"":""Science"",""subId"":""3975"",""standard_id"":""39""}"
976018,163723,Standard,"{""sub_institute_id"":""1"",""standard_id"":""41"",""name"":""Standard 41"",""stId"":""41"",""short_name"":""C-8""}",374455,Subject,"{""sub_institute_id"":""1"",""display_name"":""Science"",""subId"":""3975"",""standard_id"":""39""}"
976019,163721,Standard,"{""sub_institute_id"":""1"",""standard_id"":""39"",""name"":""Standard 39"",""stId"":""39"",""short_name"":""C-6""}",374456,Subject,"{""sub_institute_id"":""1"",""display_name"":""Mathematics"",""subId"":""3976"",""standard_id"":""39""}"
976020,163722,Standard,"{""sub_institute_id"":""1"",""standard_id"":""40"",""name"":""Standard 40"",""stId"":""40"",""short_name"":""C-7""}",374456,Subject,"{""sub_institute_id"":""1"",""display_name"":""Mathematics"",""subId"":""3976"",""standard_id"":""39""}"
976021,163721,Standard,"{""sub_institute_id"":""1"",""standard_id"":""39"",""name"":""Standard 39"",""stId"":""39"",""short_name"":""C-6""}",374457,Subject,"{""sub_institute_id"":""1"",""display_name"":""English "",""subId"":""3978"",""standard_id"":""39""}"
976022,163722,Standard,"{""sub_institute_id"":""1"",""standard_id"":""40"",""name"":""Standard 40"",""stId"":""40"",""short_name"":""C-7""}",374457,Subject,"{""sub_institute_id"":""1"",""display_name"":""English "",""subId"":""3978"",""standard_id"":""39""}"
976023,163723,Standard,"{""sub_institute_id"":""1"",""standard_id"":""41"",""name"":""Standard 41"",""stId"":""41"",""short_name"":""C-8""}",374457,Subject,"{""sub_institute_id"":""1"",""display_name"":""English "",""subId"":""3978"",""standard_id"":""39""}"
976024,163721,Standard,"{""sub_institute_id"":""1"",""standard_id"":""39"",""name"":""Standard 39"",""stId"":""39"",""short_name"":""C-6""}",374458,Subject,"{""sub_institute_id"":""1"",""display_name"":""Hindi-A Vasant-1"",""subId"":""3977"",""standard_id"":""39""}"
976025,163722,Standard,"{""sub_institute_id"":""1"",""standard_id"":""40"",""name"":""Standard 40"",""stId"":""40"",""short_name"":""C-7""}",374458,Subject,"{""sub_institute_id"":""1"",""display_name"":""Hindi-A Vasant-1"",""subId"":""3977"",""standard_id"":""39""}"
976026,163723,Standard,"{""sub_institute_id"":""1"",""standard_id"":""41"",""name"":""Standard 41"",""stId"":""41"",""short_name"":""C-8""}",374458,Subject,"{""sub_institute_id"":""1"",""display_name"":""Hindi-A Vasant-1"",""subId"":""3977"",""standard_id"":""39""}"
976027,163723,Standard,"{""sub_institute_id"":""1"",""standard_id"":""41"",""name"":""Standard 41"",""stId"":""41"",""short_name"":""C-8""}",374459,Subject,"{""sub_institute_id"":""1"",""display_name"":""English Grammar"",""subId"":""3979"",""standard_id"":""41""}"
976028,163721,Standard,"{""sub_institute_id"":""1"",""standard_id"":""39"",""name"":""Standard 39"",""stId"":""39"",""short_name"":""C-6""}",374460,Subject,"{""sub_institute_id"":""1"",""display_name"":""Hindi Grammar"",""subId"":""3980"",""standard_id"":""39""}"
976029,163722,Standard,"{""sub_institute_id"":""1"",""standard_id"":""40"",""name"":""Standard 40"",""stId"":""40"",""short_name"":""C-7""}",374460,Subject,"{""sub_institute_id"":""1"",""display_name"":""Hindi Grammar"",""subId"":""3980"",""standard_id"":""39""}"
976030,163723,Standard,"{""sub_institute_id"":""1"",""standard_id"":""41"",""name"":""Standard 41"",""stId"":""41"",""short_name"":""C-8""}",374460,Subject,"{""sub_institute_id"":""1"",""display_name"":""Hindi Grammar"",""subId"":""3980"",""standard_id"":""39""}"
976031,29637,Standard,"{""sub_institute_id"":""195"",""standard_id"":""2233"",""name"":""CBSE-8"",""stId"":""2233"",""short_name"":""8""}",374449,Subject,"{""sub_institute_id"":""195"",""display_name"":""ENGLISH (184)"",""subId"":""3967"",""standard_id"":""2226""}"
976032,29638,Standard,"{""sub_institute_id"":""195"",""standard_id"":""2234"",""name"":""CBSE-9"",""stId"":""2234"",""short_name"":""9""}",374451,Subject,"{""sub_institute_id"":""195"",""display_name"":""MATHEMATICS"",""subId"":""3970"",""standard_id"":""2226""}"
976033,29639,Standard,"{""sub_institute_id"":""195"",""standard_id"":""2235"",""name"":""Standard 2235"",""stId"":""2235"",""short_name"":""10""}",374451,Subject,"{""sub_institute_id"":""195"",""display_name"":""MATHEMATICS"",""subId"":""3970"",""standard_id"":""2226""}"
976034,29641,Standard,"{""sub_institute_id"":""195"",""standard_id"":""2237"",""name"":""CBSE-11 Sci"",""short_name"":""11 Sci."",""stId"":""2237""}",374451,Subject,"{""sub_institute_id"":""195"",""display_name"":""MATHEMATICS"",""subId"":""3970"",""standard_id"":""2226""}"
976035,29643,Standard,"{""sub_institute_id"":""195"",""standard_id"":""2268"",""name"":""CBSE-12 Sci"",""short_name"":""12 Sci."",""stId"":""2268""}",374451,Subject,"{""sub_institute_id"":""195"",""display_name"":""MATHEMATICS"",""subId"":""3970"",""standard_id"":""2226""}"
976036,29641,Standard,"{""sub_institute_id"":""195"",""standard_id"":""2237"",""name"":""CBSE-11 Sci"",""short_name"":""11 Sci."",""stId"":""2237""}",374461,Subject,"{""sub_institute_id"":""195"",""display_name"":""PHYSICS (042)"",""subId"":""4020"",""standard_id"":""2237""}"
976037,29643,Standard,"{""sub_institute_id"":""195"",""standard_id"":""2268"",""name"":""CBSE-12 Sci"",""short_name"":""12 Sci."",""stId"":""2268""}",374461,Subject,"{""sub_institute_id"":""195"",""display_name"":""PHYSICS (042)"",""subId"":""4020"",""standard_id"":""2237""}"
976038,29639,Standard,"{""sub_institute_id"":""195"",""standard_id"":""2235"",""name"":""Standard 2235"",""stId"":""2235"",""short_name"":""10""}",374450,Subject,"{""sub_institute_id"":""195"",""display_name"":""HINDI"",""subId"":""3969"",""standard_id"":""2226""}"
976039,29637,Standard,"{""sub_institute_id"":""195"",""standard_id"":""2233"",""name"":""CBSE-8"",""stId"":""2233"",""short_name"":""8""}",374450,Subject,"{""sub_institute_id"":""195"",""display_name"":""HINDI"",""subId"":""3969"",""standard_id"":""2226""}"
976040,29636,Standard,"{""sub_institute_id"":""195"",""standard_id"":""2232"",""name"":""CBSE-7"",""stId"":""2232"",""short_name"":""7""}",374450,Subject,"{""sub_institute_id"":""195"",""display_name"":""HINDI"",""subId"":""3969"",""standard_id"":""2226""}"
976041,29635,Standard,"{""sub_institute_id"":""195"",""standard_id"":""2231"",""name"":""CBSE-6"",""stId"":""2231"",""short_name"":""6""}",374450,Subject,"{""sub_institute_id"":""195"",""display_name"":""HINDI"",""subId"":""3969"",""standard_id"":""2226""}"
976042,29634,Standard,"{""sub_institute_id"":""195"",""standard_id"":""2230"",""name"":""CBSE-5"",""stId"":""2230"",""short_name"":""5""}",374450,Subject,"{""sub_institute_id"":""195"",""display_name"":""HINDI"",""subId"":""3969"",""standard_id"":""2226""}"
976043,29639,Standard,"{""sub_institute_id"":""195"",""standard_id"":""2235"",""name"":""Standard 2235"",""stId"":""2235"",""short_name"":""10""}",374449,Subject,"{""sub_institute_id"":""195"",""display_name"":""ENGLISH (184)"",""subId"":""3967"",""standard_id"":""2226""}"
976044,29638,Standard,"{""sub_institute_id"":""195"",""standard_id"":""2234"",""name"":""CBSE-9"",""stId"":""2234"",""short_name"":""9""}",374462,Subject,"{""sub_institute_id"":""195"",""display_name"":""SCIENCE (086)"",""subId"":""4018"",""standard_id"":""2234""}"
976045,29639,Standard,"{""sub_institute_id"":""195"",""standard_id"":""2235"",""name"":""Standard 2235"",""stId"":""2235"",""short_name"":""10""}",374462,Subject,"{""sub_institute_id"":""195"",""display_name"":""SCIENCE (086)"",""subId"":""4018"",""standard_id"":""2234""}"
976046,29642,Standard,"{""sub_institute_id"":""195"",""standard_id"":""2267"",""name"":""CBSE-12 Com"",""short_name"":""12 Com."",""stId"":""2267""}",374463,Subject,"{""sub_institute_id"":""195"",""display_name"":""BUSINESS STUDIES (054)"",""subId"":""4080"",""standard_id"":""2267""}"
976047,29641,Standard,"{""sub_institute_id"":""195"",""standard_id"":""2237"",""name"":""CBSE-11 Sci"",""short_name"":""11 Sci."",""stId"":""2237""}",374464,Subject,"{""sub_institute_id"":""195"",""display_name"":""CHEMISTRY (043)"",""subId"":""4021"",""standard_id"":""2237""}"
976048,29643,Standard,"{""sub_institute_id"":""195"",""standard_id"":""2268"",""name"":""CBSE-12 Sci"",""short_name"":""12 Sci."",""stId"":""2268""}",374464,Subject,"{""sub_institute_id"":""195"",""display_name"":""CHEMISTRY (043)"",""subId"":""4021"",""standard_id"":""2237""}"
976049,29641,Standard,"{""sub_institute_id"":""195"",""standard_id"":""2237"",""name"":""CBSE-11 Sci"",""short_name"":""11 Sci."",""stId"":""2237""}",374465,Subject,"{""sub_institute_id"":""195"",""display_name"":""BIOLOGY (044)"",""subId"":""4022"",""standard_id"":""2237""}"
976050,29643,Standard,"{""sub_institute_id"":""195"",""standard_id"":""2268"",""name"":""CBSE-12 Sci"",""short_name"":""12 Sci."",""stId"":""2268""}",374465,Subject,"{""sub_institute_id"":""195"",""display_name"":""BIOLOGY (044)"",""subId"":""4022"",""standard_id"":""2237""}"
976051,163732,Standard,"{""sub_institute_id"":""1"",""standard_id"":""2272"",""name"":""Hobbies and Activities"",""short_name"":""Hobbies and Activities"",""stId"":""2272""}",374466,Subject,"{""sub_institute_id"":""1"",""display_name"":""Art & Craft Activities"",""subId"":""4027"",""standard_id"":""2272""}"
976052,163732,Standard,"{""sub_institute_id"":""1"",""standard_id"":""2272"",""name"":""Hobbies and Activities"",""short_name"":""Hobbies and Activities"",""stId"":""2272""}",374467,Subject,"{""sub_institute_id"":""1"",""display_name"":""Collection"",""subId"":""4031"",""standard_id"":""2272""}"
976053,163732,Standard,"{""sub_institute_id"":""1"",""standard_id"":""2272"",""name"":""Hobbies and Activities"",""short_name"":""Hobbies and Activities"",""stId"":""2272""}",374468,Subject,"{""sub_institute_id"":""1"",""display_name"":""Educational"",""subId"":""4035"",""standard_id"":""2272""}"
976054,163732,Standard,"{""sub_institute_id"":""1"",""standard_id"":""2272"",""name"":""Hobbies and Activities"",""short_name"":""Hobbies and Activities"",""stId"":""2272""}",374469,Subject,"{""sub_institute_id"":""1"",""display_name"":""Educational Activities"",""subId"":""4036"",""standard_id"":""2272""}"
976055,163732,Standard,"{""sub_institute_id"":""1"",""standard_id"":""2272"",""name"":""Hobbies and Activities"",""short_name"":""Hobbies and Activities"",""stId"":""2272""}",374470,Subject,"{""sub_institute_id"":""1"",""display_name"":""General"",""subId"":""4040"",""standard_id"":""2272""}"
976056,163732,Standard,"{""sub_institute_id"":""1"",""standard_id"":""2272"",""name"":""Hobbies and Activities"",""short_name"":""Hobbies and Activities"",""stId"":""2272""}",374471,Subject,"{""sub_institute_id"":""1"",""display_name"":""Mind Body and Soul"",""subId"":""4050"",""standard_id"":""2272""}"
976057,163732,Standard,"{""sub_institute_id"":""1"",""standard_id"":""2272"",""name"":""Hobbies and Activities"",""short_name"":""Hobbies and Activities"",""stId"":""2272""}",374472,Subject,"{""sub_institute_id"":""1"",""display_name"":""Observation"",""subId"":""4051"",""standard_id"":""2272""}"
976058,163732,Standard,"{""sub_institute_id"":""1"",""standard_id"":""2272"",""name"":""Hobbies and Activities"",""short_name"":""Hobbies and Activities"",""stId"":""2272""}",374473,Subject,"{""sub_institute_id"":""1"",""display_name"":""Social & Civic Activities"",""subId"":""4058"",""standard_id"":""2272""}"
976059,163733,Standard,"{""sub_institute_id"":""1"",""standard_id"":""2273"",""name"":""Library"",""short_name"":""Library"",""stId"":""2273""}",374474,Subject,"{""sub_institute_id"":""1"",""display_name"":""Age wise"",""subId"":""4025"",""standard_id"":""2273""}"
976060,163733,Standard,"{""sub_institute_id"":""1"",""standard_id"":""2273"",""name"":""Library"",""short_name"":""Library"",""stId"":""2273""}",374475,Subject,"{""sub_institute_id"":""1"",""display_name"":""Audiobooks"",""subId"":""4028"",""standard_id"":""2273""}"
976061,163733,Standard,"{""sub_institute_id"":""1"",""standard_id"":""2273"",""name"":""Library"",""short_name"":""Library"",""stId"":""2273""}",374476,Subject,"{""sub_institute_id"":""1"",""display_name"":""Database & Journal"",""subId"":""4033"",""standard_id"":""2273""}"
976062,163733,Standard,"{""sub_institute_id"":""1"",""standard_id"":""2273"",""name"":""Library"",""short_name"":""Library"",""stId"":""2273""}",374477,Subject,"{""sub_institute_id"":""1"",""display_name"":""E-books"",""subId"":""4034"",""standard_id"":""2273""}"
976063,163733,Standard,"{""sub_institute_id"":""1"",""standard_id"":""2273"",""name"":""Library"",""short_name"":""Library"",""stId"":""2273""}",374478,Subject,"{""sub_institute_id"":""1"",""display_name"":""Other Resource"",""subId"":""4053"",""standard_id"":""2273""}"
976064,163733,Standard,"{""sub_institute_id"":""1"",""standard_id"":""2273"",""name"":""Library"",""short_name"":""Library"",""stId"":""2273""}",374479,Subject,"{""sub_institute_id"":""1"",""display_name"":""Quick links"",""subId"":""4056"",""standard_id"":""2273""}"
976065,163733,Standard,"{""sub_institute_id"":""1"",""standard_id"":""2273"",""name"":""Library"",""short_name"":""Library"",""stId"":""2273""}",374480,Subject,"{""sub_institute_id"":""1"",""display_name"":""Reference Resource"",""subId"":""4057"",""standard_id"":""2273""}"
976066,163733,Standard,"{""sub_institute_id"":""1"",""standard_id"":""2273"",""name"":""Library"",""short_name"":""Library"",""stId"":""2273""}",374481,Subject,"{""sub_institute_id"":""1"",""display_name"":""Subject wise"",""subId"":""4059"",""standard_id"":""2273""}"
976067,163729,Standard,"{""sub_institute_id"":""1"",""standard_id"":""2269"",""name"":""Soft Skill"",""short_name"":""Soft Skill"",""stId"":""2269""}",374482,Subject,"{""sub_institute_id"":""1"",""display_name"":""21st Century skill"",""subId"":""4023"",""standard_id"":""2269""}"
976068,163729,Standard,"{""sub_institute_id"":""1"",""standard_id"":""2269"",""name"":""Soft Skill"",""short_name"":""Soft Skill"",""stId"":""2269""}",374483,Subject,"{""sub_institute_id"":""1"",""display_name"":""Academic skill"",""subId"":""4024"",""standard_id"":""2269""}"
976069,163729,Standard,"{""sub_institute_id"":""1"",""standard_id"":""2269"",""name"":""Soft Skill"",""short_name"":""Soft Skill"",""stId"":""2269""}",374484,Subject,"{""sub_institute_id"":""1"",""display_name"":""Behavior & Attitudes"",""subId"":""4029"",""standard_id"":""2269""}"
976070,163729,Standard,"{""sub_institute_id"":""1"",""standard_id"":""2269"",""name"":""Soft Skill"",""short_name"":""Soft Skill"",""stId"":""2269""}",374485,Subject,"{""sub_institute_id"":""1"",""display_name"":""IT & Computer"",""subId"":""4046"",""standard_id"":""2269""}"
976071,163729,Standard,"{""sub_institute_id"":""1"",""standard_id"":""2269"",""name"":""Soft Skill"",""short_name"":""Soft Skill"",""stId"":""2269""}",374486,Subject,"{""sub_institute_id"":""1"",""display_name"":""Learning to Learn"",""subId"":""4047"",""standard_id"":""2269""}"
976072,163729,Standard,"{""sub_institute_id"":""1"",""standard_id"":""2269"",""name"":""Soft Skill"",""short_name"":""Soft Skill"",""stId"":""2269""}",374487,Subject,"{""sub_institute_id"":""1"",""display_name"":""Life Skill"",""subId"":""4048"",""standard_id"":""2269""}"
976073,163729,Standard,"{""sub_institute_id"":""1"",""standard_id"":""2269"",""name"":""Soft Skill"",""short_name"":""Soft Skill"",""stId"":""2269""}",374488,Subject,"{""sub_institute_id"":""1"",""display_name"":""Values and Morals"",""subId"":""4062"",""standard_id"":""2269""}"
976074,163730,Standard,"{""sub_institute_id"":""1"",""standard_id"":""2270"",""name"":""Sports"",""short_name"":""Sports"",""stId"":""2270""}",374489,Subject,"{""sub_institute_id"":""1"",""display_name"":""Brain game"",""subId"":""4030"",""standard_id"":""2270""}"
976075,163730,Standard,"{""sub_institute_id"":""1"",""standard_id"":""2270"",""name"":""Sports"",""short_name"":""Sports"",""stId"":""2270""}",374490,Subject,"{""sub_institute_id"":""1"",""display_name"":""Extreme Sports"",""subId"":""4039"",""standard_id"":""2270""}"
976076,163730,Standard,"{""sub_institute_id"":""1"",""standard_id"":""2270"",""name"":""Sports"",""short_name"":""Sports"",""stId"":""2270""}",374491,Subject,"{""sub_institute_id"":""1"",""display_name"":""Individual Sports"",""subId"":""4042"",""standard_id"":""2270""}"
976077,163730,Standard,"{""sub_institute_id"":""1"",""standard_id"":""2270"",""name"":""Sports"",""short_name"":""Sports"",""stId"":""2270""}",374492,Subject,"{""sub_institute_id"":""1"",""display_name"":""Indoor game"",""subId"":""4043"",""standard_id"":""2270""}"
976078,163730,Standard,"{""sub_institute_id"":""1"",""standard_id"":""2270"",""name"":""Sports"",""short_name"":""Sports"",""stId"":""2270""}",374493,Subject,"{""sub_institute_id"":""1"",""display_name"":""Olympic game"",""subId"":""4052"",""standard_id"":""2270""}"
976079,163730,Standard,"{""sub_institute_id"":""1"",""standard_id"":""2270"",""name"":""Sports"",""short_name"":""Sports"",""stId"":""2270""}",374494,Subject,"{""sub_institute_id"":""1"",""display_name"":""Outdoor game"",""subId"":""4054"",""standard_id"":""2270""}"
976080,163730,Standard,"{""sub_institute_id"":""1"",""standard_id"":""2270"",""name"":""Sports"",""short_name"":""Sports"",""stId"":""2270""}",374495,Subject,"{""sub_institute_id"":""1"",""display_name"":""Partner Sports"",""subId"":""4055"",""standard_id"":""2270""}"
976081,163730,Standard,"{""sub_institute_id"":""1"",""standard_id"":""2270"",""name"":""Sports"",""short_name"":""Sports"",""stId"":""2270""}",374496,Subject,"{""sub_institute_id"":""1"",""display_name"":""Team Sports"",""subId"":""4060"",""standard_id"":""2270""}"
976082,163731,Standard,"{""sub_institute_id"":""1"",""standard_id"":""2271"",""name"":""Vocational Skill"",""short_name"":""Vocational Skill"",""stId"":""2271""}",374497,Subject,"{""sub_institute_id"":""1"",""display_name"":""Agriculture"",""subId"":""4026"",""standard_id"":""2271""}"
976083,163731,Standard,"{""sub_institute_id"":""1"",""standard_id"":""2271"",""name"":""Vocational Skill"",""short_name"":""Vocational Skill"",""stId"":""2271""}",374498,Subject,"{""sub_institute_id"":""1"",""display_name"":""Commerce"",""subId"":""4032"",""standard_id"":""2271""}"
976084,163731,Standard,"{""sub_institute_id"":""1"",""standard_id"":""2271"",""name"":""Vocational Skill"",""short_name"":""Vocational Skill"",""stId"":""2271""}",374499,Subject,"{""sub_institute_id"":""1"",""display_name"":""Electrical"",""subId"":""4037"",""standard_id"":""2271""}"
976085,163731,Standard,"{""sub_institute_id"":""1"",""standard_id"":""2271"",""name"":""Vocational Skill"",""short_name"":""Vocational Skill"",""stId"":""2271""}",374500,Subject,"{""sub_institute_id"":""1"",""display_name"":""Engineering technology"",""subId"":""4038"",""standard_id"":""2271""}"
976086,163731,Standard,"{""sub_institute_id"":""1"",""standard_id"":""2271"",""name"":""Vocational Skill"",""short_name"":""Vocational Skill"",""stId"":""2271""}",374501,Subject,"{""sub_institute_id"":""1"",""display_name"":""Hospitality"",""subId"":""4041"",""standard_id"":""2271""}"
976087,163731,Standard,"{""sub_institute_id"":""1"",""standard_id"":""2271"",""name"":""Vocational Skill"",""short_name"":""Vocational Skill"",""stId"":""2271""}",374502,Subject,"{""sub_institute_id"":""1"",""display_name"":""Information technology"",""subId"":""4044"",""standard_id"":""2271""}"
976088,163731,Standard,"{""sub_institute_id"":""1"",""standard_id"":""2271"",""name"":""Vocational Skill"",""short_name"":""Vocational Skill"",""stId"":""2271""}",374503,Subject,"{""sub_institute_id"":""1"",""display_name"":""Medical"",""subId"":""4049"",""standard_id"":""2271""}"
976089,163731,Standard,"{""sub_institute_id"":""1"",""standard_id"":""2271"",""name"":""Vocational Skill"",""short_name"":""Vocational Skill"",""stId"":""2271""}",374504,Subject,"{""sub_institute_id"":""1"",""display_name"":""Textile"",""subId"":""4061"",""standard_id"":""2271""}"
976090,163716,Standard,"{""sub_institute_id"":""1"",""standard_id"":""34"",""name"":""1"",""stId"":""34"",""short_name"":""C-1""}",374457,Subject,"{""sub_institute_id"":""1"",""display_name"":""English "",""subId"":""3978"",""standard_id"":""39""}"
976091,163717,Standard,"{""sub_institute_id"":""1"",""standard_id"":""35"",""name"":""2"",""stId"":""35"",""short_name"":""C-2""}",374457,Subject,"{""sub_institute_id"":""1"",""display_name"":""English "",""subId"":""3978"",""standard_id"":""39""}"
976092,163718,Standard,"{""sub_institute_id"":""1"",""standard_id"":""36"",""name"":""3"",""stId"":""36"",""short_name"":""C-3""}",374457,Subject,"{""sub_institute_id"":""1"",""display_name"":""English "",""subId"":""3978"",""standard_id"":""39""}"
976093,163719,Standard,"{""sub_institute_id"":""1"",""standard_id"":""37"",""name"":""4"",""stId"":""37"",""short_name"":""C-4""}",374457,Subject,"{""sub_institute_id"":""1"",""display_name"":""English "",""subId"":""3978"",""standard_id"":""39""}"
976094,163720,Standard,"{""sub_institute_id"":""1"",""standard_id"":""38"",""name"":""5"",""stId"":""38"",""short_name"":""C-5""}",374457,Subject,"{""sub_institute_id"":""1"",""display_name"":""English "",""subId"":""3978"",""standard_id"":""39""}"
976095,163724,Standard,"{""sub_institute_id"":""1"",""standard_id"":""42"",""name"":""Standard 42"",""stId"":""42"",""short_name"":""C-9""}",374457,Subject,"{""sub_institute_id"":""1"",""display_name"":""English "",""subId"":""3978"",""standard_id"":""39""}"
976096,163725,Standard,"{""sub_institute_id"":""1"",""standard_id"":""43"",""name"":""10"",""stId"":""43"",""short_name"":""C-10""}",374457,Subject,"{""sub_institute_id"":""1"",""display_name"":""English "",""subId"":""3978"",""standard_id"":""39""}"
976097,163716,Standard,"{""sub_institute_id"":""1"",""standard_id"":""34"",""name"":""1"",""stId"":""34"",""short_name"":""C-1""}",374458,Subject,"{""sub_institute_id"":""1"",""display_name"":""Hindi-A Vasant-1"",""subId"":""3977"",""standard_id"":""39""}"
976098,163717,Standard,"{""sub_institute_id"":""1"",""standard_id"":""35"",""name"":""2"",""stId"":""35"",""short_name"":""C-2""}",374458,Subject,"{""sub_institute_id"":""1"",""display_name"":""Hindi-A Vasant-1"",""subId"":""3977"",""standard_id"":""39""}"
976099,163718,Standard,"{""sub_institute_id"":""1"",""standard_id"":""36"",""name"":""3"",""stId"":""36"",""short_name"":""C-3""}",374458,Subject,"{""sub_institute_id"":""1"",""display_name"":""Hindi-A Vasant-1"",""subId"":""3977"",""standard_id"":""39""}"
976100,163719,Standard,"{""sub_institute_id"":""1"",""standard_id"":""37"",""name"":""4"",""stId"":""37"",""short_name"":""C-4""}",374458,Subject,"{""sub_institute_id"":""1"",""display_name"":""Hindi-A Vasant-1"",""subId"":""3977"",""standard_id"":""39""}"
976101,163720,Standard,"{""sub_institute_id"":""1"",""standard_id"":""38"",""name"":""5"",""stId"":""38"",""short_name"":""C-5""}",374458,Subject,"{""sub_institute_id"":""1"",""display_name"":""Hindi-A Vasant-1"",""subId"":""3977"",""standard_id"":""39""}"
976102,163724,Standard,"{""sub_institute_id"":""1"",""standard_id"":""42"",""name"":""Standard 42"",""stId"":""42"",""short_name"":""C-9""}",374458,Subject,"{""sub_institute_id"":""1"",""display_name"":""Hindi-A Vasant-1"",""subId"":""3977"",""standard_id"":""39""}"
976103,163716,Standard,"{""sub_institute_id"":""1"",""standard_id"":""34"",""name"":""1"",""stId"":""34"",""short_name"":""C-1""}",374456,Subject,"{""sub_institute_id"":""1"",""display_name"":""Mathematics"",""subId"":""3976"",""standard_id"":""39""}"
976104,163717,Standard,"{""sub_institute_id"":""1"",""standard_id"":""35"",""name"":""2"",""stId"":""35"",""short_name"":""C-2""}",374456,Subject,"{""sub_institute_id"":""1"",""display_name"":""Mathematics"",""subId"":""3976"",""standard_id"":""39""}"
976105,163718,Standard,"{""sub_institute_id"":""1"",""standard_id"":""36"",""name"":""3"",""stId"":""36"",""short_name"":""C-3""}",374456,Subject,"{""sub_institute_id"":""1"",""display_name"":""Mathematics"",""subId"":""3976"",""standard_id"":""39""}"
976106,163719,Standard,"{""sub_institute_id"":""1"",""standard_id"":""37"",""name"":""4"",""stId"":""37"",""short_name"":""C-4""}",374456,Subject,"{""sub_institute_id"":""1"",""display_name"":""Mathematics"",""subId"":""3976"",""standard_id"":""39""}"
976107,163720,Standard,"{""sub_institute_id"":""1"",""standard_id"":""38"",""name"":""5"",""stId"":""38"",""short_name"":""C-5""}",374456,Subject,"{""sub_institute_id"":""1"",""display_name"":""Mathematics"",""subId"":""3976"",""standard_id"":""39""}"
976108,163724,Standard,"{""sub_institute_id"":""1"",""standard_id"":""42"",""name"":""Standard 42"",""stId"":""42"",""short_name"":""C-9""}",374456,Subject,"{""sub_institute_id"":""1"",""display_name"":""Mathematics"",""subId"":""3976"",""standard_id"":""39""}"
976109,163725,Standard,"{""sub_institute_id"":""1"",""standard_id"":""43"",""name"":""10"",""stId"":""43"",""short_name"":""C-10""}",374456,Subject,"{""sub_institute_id"":""1"",""display_name"":""Mathematics"",""subId"":""3976"",""standard_id"":""39""}"
976110,163724,Standard,"{""sub_institute_id"":""1"",""standard_id"":""42"",""name"":""Standard 42"",""stId"":""42"",""short_name"":""C-9""}",374455,Subject,"{""sub_institute_id"":""1"",""display_name"":""Science"",""subId"":""3975"",""standard_id"":""39""}"
976111,163725,Standard,"{""sub_institute_id"":""1"",""standard_id"":""43"",""name"":""10"",""stId"":""43"",""short_name"":""C-10""}",374455,Subject,"{""sub_institute_id"":""1"",""display_name"":""Science"",""subId"":""3975"",""standard_id"":""39""}"
976112,163718,Standard,"{""sub_institute_id"":""1"",""standard_id"":""36"",""name"":""3"",""stId"":""36"",""short_name"":""C-3""}",374505,Subject,"{""sub_institute_id"":""1"",""display_name"":""Environmental Studies"",""subId"":""4063"",""standard_id"":""36""}"
976113,163719,Standard,"{""sub_institute_id"":""1"",""standard_id"":""37"",""name"":""4"",""stId"":""37"",""short_name"":""C-4""}",374505,Subject,"{""sub_institute_id"":""1"",""display_name"":""Environmental Studies"",""subId"":""4063"",""standard_id"":""36""}"
976114,163720,Standard,"{""sub_institute_id"":""1"",""standard_id"":""38"",""name"":""5"",""stId"":""38"",""short_name"":""C-5""}",374505,Subject,"{""sub_institute_id"":""1"",""display_name"":""Environmental Studies"",""subId"":""4063"",""standard_id"":""36""}"
976115,163721,Standard,"{""sub_institute_id"":""1"",""standard_id"":""39"",""name"":""Standard 39"",""stId"":""39"",""short_name"":""C-6""}",374506,Subject,"{""sub_institute_id"":""1"",""display_name"":""Social Science"",""subId"":""4064"",""standard_id"":""39""}"
976116,163722,Standard,"{""sub_institute_id"":""1"",""standard_id"":""40"",""name"":""Standard 40"",""stId"":""40"",""short_name"":""C-7""}",374506,Subject,"{""sub_institute_id"":""1"",""display_name"":""Social Science"",""subId"":""4064"",""standard_id"":""39""}"
976117,163723,Standard,"{""sub_institute_id"":""1"",""standard_id"":""41"",""name"":""Standard 41"",""stId"":""41"",""short_name"":""C-8""}",374506,Subject,"{""sub_institute_id"":""1"",""display_name"":""Social Science"",""subId"":""4064"",""standard_id"":""39""}"
976118,163724,Standard,"{""sub_institute_id"":""1"",""standard_id"":""42"",""name"":""Standard 42"",""stId"":""42"",""short_name"":""C-9""}",374506,Subject,"{""sub_institute_id"":""1"",""display_name"":""Social Science"",""subId"":""4064"",""standard_id"":""39""}"
976119,163725,Standard,"{""sub_institute_id"":""1"",""standard_id"":""43"",""name"":""10"",""stId"":""43"",""short_name"":""C-10""}",374506,Subject,"{""sub_institute_id"":""1"",""display_name"":""Social Science"",""subId"":""4064"",""standard_id"":""39""}"
976120,29638,Standard,"{""sub_institute_id"":""195"",""standard_id"":""2234"",""name"":""CBSE-9"",""stId"":""2234"",""short_name"":""9""}",374449,Subject,"{""sub_institute_id"":""195"",""display_name"":""ENGLISH (184)"",""subId"":""3967"",""standard_id"":""2226""}"
976121,163714,Standard,"{""sub_institute_id"":""1"",""standard_id"":""32"",""name"":""Standard 32"",""stId"":""32"",""short_name"":""C-JR""}",374456,Subject,"{""sub_institute_id"":""1"",""display_name"":""Mathematics"",""subId"":""3976"",""standard_id"":""39""}"
976122,29632,Standard,"{""sub_institute_id"":""195"",""standard_id"":""2228"",""name"":""Standard 2228"",""stId"":""2228"",""short_name"":""3""}",374507,Subject,"{""sub_institute_id"":""195"",""display_name"":""EVS"",""subId"":""4068"",""standard_id"":""2228""}"
976123,29633,Standard,"{""sub_institute_id"":""195"",""standard_id"":""2229"",""name"":""Standard 2229"",""stId"":""2229"",""short_name"":""4""}",374507,Subject,"{""sub_institute_id"":""195"",""display_name"":""EVS"",""subId"":""4068"",""standard_id"":""2228""}"
976124,29638,Standard,"{""sub_institute_id"":""195"",""standard_id"":""2234"",""name"":""CBSE-9"",""stId"":""2234"",""short_name"":""9""}",374453,Subject,"{""sub_institute_id"":""195"",""display_name"":""SOCIAL SCIENCE"",""subId"":""3972"",""standard_id"":""2226""}"
976125,29639,Standard,"{""sub_institute_id"":""195"",""standard_id"":""2235"",""name"":""Standard 2235"",""stId"":""2235"",""short_name"":""10""}",374453,Subject,"{""sub_institute_id"":""195"",""display_name"":""SOCIAL SCIENCE"",""subId"":""3972"",""standard_id"":""2226""}"
976126,163716,Standard,"{""sub_institute_id"":""1"",""standard_id"":""34"",""name"":""1"",""stId"":""34"",""short_name"":""C-1""}",374508,Subject,"{""sub_institute_id"":""1"",""display_name"":""Social & Emotional Learning (SEL)"",""subId"":""4045"",""standard_id"":""34""}"
976127,163717,Standard,"{""sub_institute_id"":""1"",""standard_id"":""35"",""name"":""2"",""stId"":""35"",""short_name"":""C-2""}",374508,Subject,"{""sub_institute_id"":""1"",""display_name"":""Social & Emotional Learning (SEL)"",""subId"":""4045"",""standard_id"":""34""}"
976128,163718,Standard,"{""sub_institute_id"":""1"",""standard_id"":""36"",""name"":""3"",""stId"":""36"",""short_name"":""C-3""}",374508,Subject,"{""sub_institute_id"":""1"",""display_name"":""Social & Emotional Learning (SEL)"",""subId"":""4045"",""standard_id"":""34""}"
976129,163719,Standard,"{""sub_institute_id"":""1"",""standard_id"":""37"",""name"":""4"",""stId"":""37"",""short_name"":""C-4""}",374508,Subject,"{""sub_institute_id"":""1"",""display_name"":""Social & Emotional Learning (SEL)"",""subId"":""4045"",""standard_id"":""34""}"
976130,163720,Standard,"{""sub_institute_id"":""1"",""standard_id"":""38"",""name"":""5"",""stId"":""38"",""short_name"":""C-5""}",374508,Subject,"{""sub_institute_id"":""1"",""display_name"":""Social & Emotional Learning (SEL)"",""subId"":""4045"",""standard_id"":""34""}"
976131,163721,Standard,"{""sub_institute_id"":""1"",""standard_id"":""39"",""name"":""Standard 39"",""stId"":""39"",""short_name"":""C-6""}",374508,Subject,"{""sub_institute_id"":""1"",""display_name"":""Social & Emotional Learning (SEL)"",""subId"":""4045"",""standard_id"":""34""}"
976132,163722,Standard,"{""sub_institute_id"":""1"",""standard_id"":""40"",""name"":""Standard 40"",""stId"":""40"",""short_name"":""C-7""}",374508,Subject,"{""sub_institute_id"":""1"",""display_name"":""Social & Emotional Learning (SEL)"",""subId"":""4045"",""standard_id"":""34""}"
976133,163724,Standard,"{""sub_institute_id"":""1"",""standard_id"":""42"",""name"":""Standard 42"",""stId"":""42"",""short_name"":""C-9""}",374508,Subject,"{""sub_institute_id"":""1"",""display_name"":""Social & Emotional Learning (SEL)"",""subId"":""4045"",""standard_id"":""34""}"
976134,163725,Standard,"{""sub_institute_id"":""1"",""standard_id"":""43"",""name"":""10"",""stId"":""43"",""short_name"":""C-10""}",374508,Subject,"{""sub_institute_id"":""1"",""display_name"":""Social & Emotional Learning (SEL)"",""subId"":""4045"",""standard_id"":""34""}"
976135,163726,Standard,"{""sub_institute_id"":""1"",""standard_id"":""44"",""name"":""11"",""stId"":""44"",""short_name"":""C-11""}",374508,Subject,"{""sub_institute_id"":""1"",""display_name"":""Social & Emotional Learning (SEL)"",""subId"":""4045"",""standard_id"":""34""}"
976136,163727,Standard,"{""sub_institute_id"":""1"",""standard_id"":""45"",""name"":""12"",""stId"":""45"",""short_name"":""C-12""}",374508,Subject,"{""sub_institute_id"":""1"",""display_name"":""Social & Emotional Learning (SEL)"",""subId"":""4045"",""standard_id"":""34""}"
976137,163729,Standard,"{""sub_institute_id"":""1"",""standard_id"":""2269"",""name"":""Soft Skill"",""short_name"":""Soft Skill"",""stId"":""2269""}",374509,Subject,"{""sub_institute_id"":""1"",""display_name"":""Interpersonal Skill"",""subId"":""4070"",""standard_id"":""2269""}"
976138,163734,Standard,"{""sub_institute_id"":""1"",""standard_id"":""2292"",""name"":""Foundational Skills"",""short_name"":""Foundational Skills"",""stId"":""2292""}",374510,Subject,"{""sub_institute_id"":""1"",""display_name"":""Cognitive Regulation"",""subId"":""4071"",""standard_id"":""2292""}"
976139,163734,Standard,"{""sub_institute_id"":""1"",""standard_id"":""2292"",""name"":""Foundational Skills"",""short_name"":""Foundational Skills"",""stId"":""2292""}",374511,Subject,"{""sub_institute_id"":""1"",""display_name"":""Emotional Processes"",""subId"":""4072"",""standard_id"":""2292""}"
976140,163734,Standard,"{""sub_institute_id"":""1"",""standard_id"":""2292"",""name"":""Foundational Skills"",""short_name"":""Foundational Skills"",""stId"":""2292""}",374512,Subject,"{""sub_institute_id"":""1"",""display_name"":""Interpersonal Processes"",""subId"":""4073"",""standard_id"":""2292""}"
976141,163734,Standard,"{""sub_institute_id"":""1"",""standard_id"":""2292"",""name"":""Foundational Skills"",""short_name"":""Foundational Skills"",""stId"":""2292""}",374513,Subject,"{""sub_institute_id"":""1"",""display_name"":""Values"",""subId"":""4074"",""standard_id"":""2292""}"
976142,163734,Standard,"{""sub_institute_id"":""1"",""standard_id"":""2292"",""name"":""Foundational Skills"",""short_name"":""Foundational Skills"",""stId"":""2292""}",374514,Subject,"{""sub_institute_id"":""1"",""display_name"":""Perspectives"",""subId"":""4075"",""standard_id"":""2292""}"
976143,163734,Standard,"{""sub_institute_id"":""1"",""standard_id"":""2292"",""name"":""Foundational Skills"",""short_name"":""Foundational Skills"",""stId"":""2292""}",374515,Subject,"{""sub_institute_id"":""1"",""display_name"":""Identity\/Self-Image"",""subId"":""4076"",""standard_id"":""2292""}"
976144,163734,Standard,"{""sub_institute_id"":""1"",""standard_id"":""2292"",""name"":""Foundational Skills"",""short_name"":""Foundational Skills"",""stId"":""2292""}",374516,Subject,"{""sub_institute_id"":""1"",""display_name"":""Other Competencies"",""subId"":""4077"",""standard_id"":""2292""}"
976145,29643,Standard,"{""sub_institute_id"":""195"",""standard_id"":""2268"",""name"":""CBSE-12 Sci"",""short_name"":""12 Sci."",""stId"":""2268""}",374449,Subject,"{""sub_institute_id"":""195"",""display_name"":""ENGLISH (184)"",""subId"":""3967"",""standard_id"":""2226""}"
976146,29640,Standard,"{""sub_institute_id"":""195"",""standard_id"":""2236"",""name"":""CBSE-11 Com"",""short_name"":""11 Com."",""stId"":""2236""}",374463,Subject,"{""sub_institute_id"":""195"",""display_name"":""BUSINESS STUDIES (054)"",""subId"":""4080"",""standard_id"":""2267""}"
976147,29641,Standard,"{""sub_institute_id"":""195"",""standard_id"":""2237"",""name"":""CBSE-11 Sci"",""short_name"":""11 Sci."",""stId"":""2237""}",374449,Subject,"{""sub_institute_id"":""195"",""display_name"":""ENGLISH (184)"",""subId"":""3967"",""standard_id"":""2226""}"
976148,29638,Standard,"{""sub_institute_id"":""195"",""standard_id"":""2234"",""name"":""CBSE-9"",""stId"":""2234"",""short_name"":""9""}",374450,Subject,"{""sub_institute_id"":""195"",""display_name"":""HINDI"",""subId"":""3969"",""standard_id"":""2226""}"
976149,29642,Standard,"{""sub_institute_id"":""195"",""standard_id"":""2267"",""name"":""CBSE-12 Com"",""short_name"":""12 Com."",""stId"":""2267""}",374517,Subject,"{""sub_institute_id"":""195"",""display_name"":""ACCOUNTANCY (055)"",""subId"":""4086"",""standard_id"":""2267""}"
976150,29640,Standard,"{""sub_institute_id"":""195"",""standard_id"":""2236"",""name"":""CBSE-11 Com"",""short_name"":""11 Com."",""stId"":""2236""}",374518,Subject,"{""sub_institute_id"":""195"",""display_name"":""ECONOMICS (030)"",""subId"":""4087"",""standard_id"":""2236""}"
976151,29640,Standard,"{""sub_institute_id"":""195"",""standard_id"":""2236"",""name"":""CBSE-11 Com"",""short_name"":""11 Com."",""stId"":""2236""}",374519,Subject,"{""sub_institute_id"":""195"",""display_name"":""Accounts"",""subId"":""4067"",""standard_id"":""2236""}"
976152,29642,Standard,"{""sub_institute_id"":""195"",""standard_id"":""2267"",""name"":""CBSE-12 Com"",""short_name"":""12 Com."",""stId"":""2267""}",374518,Subject,"{""sub_institute_id"":""195"",""display_name"":""ECONOMICS (030)"",""subId"":""4087"",""standard_id"":""2236""}"
976153,29632,Standard,"{""sub_institute_id"":""195"",""standard_id"":""2228"",""name"":""Standard 2228"",""stId"":""2228"",""short_name"":""3""}",374520,Subject,"{""sub_institute_id"":""195"",""display_name"":""GUJARATI"",""subId"":""4065"",""standard_id"":""2228""}"
976154,29634,Standard,"{""sub_institute_id"":""195"",""standard_id"":""2230"",""name"":""CBSE-5"",""stId"":""2230"",""short_name"":""5""}",374521,Subject,"{""sub_institute_id"":""195"",""display_name"":""W\/S"",""subId"":""4097"",""standard_id"":""2230""}"
976155,29635,Standard,"{""sub_institute_id"":""195"",""standard_id"":""2231"",""name"":""CBSE-6"",""stId"":""2231"",""short_name"":""6""}",374521,Subject,"{""sub_institute_id"":""195"",""display_name"":""W\/S"",""subId"":""4097"",""standard_id"":""2230""}"
976156,29636,Standard,"{""sub_institute_id"":""195"",""standard_id"":""2232"",""name"":""CBSE-7"",""stId"":""2232"",""short_name"":""7""}",374521,Subject,"{""sub_institute_id"":""195"",""display_name"":""W\/S"",""subId"":""4097"",""standard_id"":""2230""}"
976157,29637,Standard,"{""sub_institute_id"":""195"",""standard_id"":""2233"",""name"":""CBSE-8"",""stId"":""2233"",""short_name"":""8""}",374521,Subject,"{""sub_institute_id"":""195"",""display_name"":""W\/S"",""subId"":""4097"",""standard_id"":""2230""}"
976158,29638,Standard,"{""sub_institute_id"":""195"",""standard_id"":""2234"",""name"":""CBSE-9"",""stId"":""2234"",""short_name"":""9""}",374521,Subject,"{""sub_institute_id"":""195"",""display_name"":""W\/S"",""subId"":""4097"",""standard_id"":""2230""}"
976159,29639,Standard,"{""sub_institute_id"":""195"",""standard_id"":""2235"",""name"":""Standard 2235"",""stId"":""2235"",""short_name"":""10""}",374521,Subject,"{""sub_institute_id"":""195"",""display_name"":""W\/S"",""subId"":""4097"",""standard_id"":""2230""}"
976160,29640,Standard,"{""sub_institute_id"":""195"",""standard_id"":""2236"",""name"":""CBSE-11 Com"",""short_name"":""11 Com."",""stId"":""2236""}",374521,Subject,"{""sub_institute_id"":""195"",""display_name"":""W\/S"",""subId"":""4097"",""standard_id"":""2230""}"
976161,29641,Standard,"{""sub_institute_id"":""195"",""standard_id"":""2237"",""name"":""CBSE-11 Sci"",""short_name"":""11 Sci."",""stId"":""2237""}",374521,Subject,"{""sub_institute_id"":""195"",""display_name"":""W\/S"",""subId"":""4097"",""standard_id"":""2230""}"
976162,29642,Standard,"{""sub_institute_id"":""195"",""standard_id"":""2267"",""name"":""CBSE-12 Com"",""short_name"":""12 Com."",""stId"":""2267""}",374521,Subject,"{""sub_institute_id"":""195"",""display_name"":""W\/S"",""subId"":""4097"",""standard_id"":""2230""}"
976163,29643,Standard,"{""sub_institute_id"":""195"",""standard_id"":""2268"",""name"":""CBSE-12 Sci"",""short_name"":""12 Sci."",""stId"":""2268""}",374521,Subject,"{""sub_institute_id"":""195"",""display_name"":""W\/S"",""subId"":""4097"",""standard_id"":""2230""}"
976164,29630,Standard,"{""sub_institute_id"":""195"",""standard_id"":""2226"",""name"":""CBSE-1"",""stId"":""2226"",""short_name"":""1""}",374522,Subject,"{""sub_institute_id"":""195"",""display_name"":""LAB"",""subId"":""4093"",""standard_id"":""2226""}"
976165,29639,Standard,"{""sub_institute_id"":""195"",""standard_id"":""2235"",""name"":""Standard 2235"",""stId"":""2235"",""short_name"":""10""}",374465,Subject,"{""sub_institute_id"":""195"",""display_name"":""BIOLOGY (044)"",""subId"":""4022"",""standard_id"":""2237""}"
976166,29638,Standard,"{""sub_institute_id"":""195"",""standard_id"":""2234"",""name"":""CBSE-9"",""stId"":""2234"",""short_name"":""9""}",374464,Subject,"{""sub_institute_id"":""195"",""display_name"":""CHEMISTRY (043)"",""subId"":""4021"",""standard_id"":""2237""}"
976167,29639,Standard,"{""sub_institute_id"":""195"",""standard_id"":""2235"",""name"":""Standard 2235"",""stId"":""2235"",""short_name"":""10""}",374464,Subject,"{""sub_institute_id"":""195"",""display_name"":""CHEMISTRY (043)"",""subId"":""4021"",""standard_id"":""2237""}"
976168,29638,Standard,"{""sub_institute_id"":""195"",""standard_id"":""2234"",""name"":""CBSE-9"",""stId"":""2234"",""short_name"":""9""}",374461,Subject,"{""sub_institute_id"":""195"",""display_name"":""PHYSICS (042)"",""subId"":""4020"",""standard_id"":""2237""}"
976169,29639,Standard,"{""sub_institute_id"":""195"",""standard_id"":""2235"",""name"":""Standard 2235"",""stId"":""2235"",""short_name"":""10""}",374461,Subject,"{""sub_institute_id"":""195"",""display_name"":""PHYSICS (042)"",""subId"":""4020"",""standard_id"":""2237""}"
976170,29638,Standard,"{""sub_institute_id"":""195"",""standard_id"":""2234"",""name"":""CBSE-9"",""stId"":""2234"",""short_name"":""9""}",374523,Subject,"{""sub_institute_id"":""195"",""display_name"":""lab (Phy)"",""subId"":""4098"",""standard_id"":""2234""}"
976171,29639,Standard,"{""sub_institute_id"":""195"",""standard_id"":""2235"",""name"":""Standard 2235"",""stId"":""2235"",""short_name"":""10""}",374523,Subject,"{""sub_institute_id"":""195"",""display_name"":""lab (Phy)"",""subId"":""4098"",""standard_id"":""2234""}"
976172,29641,Standard,"{""sub_institute_id"":""195"",""standard_id"":""2237"",""name"":""CBSE-11 Sci"",""short_name"":""11 Sci."",""stId"":""2237""}",374523,Subject,"{""sub_institute_id"":""195"",""display_name"":""lab (Phy)"",""subId"":""4098"",""standard_id"":""2234""}"
976173,29643,Standard,"{""sub_institute_id"":""195"",""standard_id"":""2268"",""name"":""CBSE-12 Sci"",""short_name"":""12 Sci."",""stId"":""2268""}",374523,Subject,"{""sub_institute_id"":""195"",""display_name"":""lab (Phy)"",""subId"":""4098"",""standard_id"":""2234""}"
976174,29638,Standard,"{""sub_institute_id"":""195"",""standard_id"":""2234"",""name"":""CBSE-9"",""stId"":""2234"",""short_name"":""9""}",374524,Subject,"{""sub_institute_id"":""195"",""display_name"":""Lab (Chem)"",""subId"":""4099"",""standard_id"":""2234""}"
976175,29639,Standard,"{""sub_institute_id"":""195"",""standard_id"":""2235"",""name"":""Standard 2235"",""stId"":""2235"",""short_name"":""10""}",374524,Subject,"{""sub_institute_id"":""195"",""display_name"":""Lab (Chem)"",""subId"":""4099"",""standard_id"":""2234""}"
976176,29641,Standard,"{""sub_institute_id"":""195"",""standard_id"":""2237"",""name"":""CBSE-11 Sci"",""short_name"":""11 Sci."",""stId"":""2237""}",374524,Subject,"{""sub_institute_id"":""195"",""display_name"":""Lab (Chem)"",""subId"":""4099"",""standard_id"":""2234""}"
976177,29643,Standard,"{""sub_institute_id"":""195"",""standard_id"":""2268"",""name"":""CBSE-12 Sci"",""short_name"":""12 Sci."",""stId"":""2268""}",374524,Subject,"{""sub_institute_id"":""195"",""display_name"":""Lab (Chem)"",""subId"":""4099"",""standard_id"":""2234""}"
976178,29638,Standard,"{""sub_institute_id"":""195"",""standard_id"":""2234"",""name"":""CBSE-9"",""stId"":""2234"",""short_name"":""9""}",374525,Subject,"{""sub_institute_id"":""195"",""display_name"":""Lab (Bio)"",""subId"":""4100"",""standard_id"":""2234""}"
976179,29639,Standard,"{""sub_institute_id"":""195"",""standard_id"":""2235"",""name"":""Standard 2235"",""stId"":""2235"",""short_name"":""10""}",374525,Subject,"{""sub_institute_id"":""195"",""display_name"":""Lab (Bio)"",""subId"":""4100"",""standard_id"":""2234""}"
976180,29641,Standard,"{""sub_institute_id"":""195"",""standard_id"":""2237"",""name"":""CBSE-11 Sci"",""short_name"":""11 Sci."",""stId"":""2237""}",374525,Subject,"{""sub_institute_id"":""195"",""display_name"":""Lab (Bio)"",""subId"":""4100"",""standard_id"":""2234""}"
976181,29643,Standard,"{""sub_institute_id"":""195"",""standard_id"":""2268"",""name"":""CBSE-12 Sci"",""short_name"":""12 Sci."",""stId"":""2268""}",374525,Subject,"{""sub_institute_id"":""195"",""display_name"":""Lab (Bio)"",""subId"":""4100"",""standard_id"":""2234""}"
976182,29640,Standard,"{""sub_institute_id"":""195"",""standard_id"":""2236"",""name"":""CBSE-11 Com"",""short_name"":""11 Com."",""stId"":""2236""}",374449,Subject,"{""sub_institute_id"":""195"",""display_name"":""ENGLISH (184)"",""subId"":""3967"",""standard_id"":""2226""}"
976183,29640,Standard,"{""sub_institute_id"":""195"",""standard_id"":""2236"",""name"":""CBSE-11 Com"",""short_name"":""11 Com."",""stId"":""2236""}",374451,Subject,"{""sub_institute_id"":""195"",""display_name"":""MATHEMATICS"",""subId"":""3970"",""standard_id"":""2226""}"
976184,29642,Standard,"{""sub_institute_id"":""195"",""standard_id"":""2267"",""name"":""CBSE-12 Com"",""short_name"":""12 Com."",""stId"":""2267""}",374449,Subject,"{""sub_institute_id"":""195"",""display_name"":""ENGLISH (184)"",""subId"":""3967"",""standard_id"":""2226""}"
976185,29642,Standard,"{""sub_institute_id"":""195"",""standard_id"":""2267"",""name"":""CBSE-12 Com"",""short_name"":""12 Com."",""stId"":""2267""}",374526,Subject,"{""sub_institute_id"":""195"",""display_name"":""Eco (test)"",""subId"":""4105"",""standard_id"":""2267""}"
976186,29640,Standard,"{""sub_institute_id"":""195"",""standard_id"":""2236"",""name"":""CBSE-11 Com"",""short_name"":""11 Com."",""stId"":""2236""}",374527,Subject,"{""sub_institute_id"":""195"",""display_name"":""P.E."",""subId"":""4092"",""standard_id"":""2236""}"
976187,29641,Standard,"{""sub_institute_id"":""195"",""standard_id"":""2237"",""name"":""CBSE-11 Sci"",""short_name"":""11 Sci."",""stId"":""2237""}",374527,Subject,"{""sub_institute_id"":""195"",""display_name"":""P.E."",""subId"":""4092"",""standard_id"":""2236""}"
976188,29642,Standard,"{""sub_institute_id"":""195"",""standard_id"":""2267"",""name"":""CBSE-12 Com"",""short_name"":""12 Com."",""stId"":""2267""}",374527,Subject,"{""sub_institute_id"":""195"",""display_name"":""P.E."",""subId"":""4092"",""standard_id"":""2236""}"
976189,29643,Standard,"{""sub_institute_id"":""195"",""standard_id"":""2268"",""name"":""CBSE-12 Sci"",""short_name"":""12 Sci."",""stId"":""2268""}",374527,Subject,"{""sub_institute_id"":""195"",""display_name"":""P.E."",""subId"":""4092"",""standard_id"":""2236""}"
976190,29640,Standard,"{""sub_institute_id"":""195"",""standard_id"":""2236"",""name"":""CBSE-11 Com"",""short_name"":""11 Com."",""stId"":""2236""}",374517,Subject,"{""sub_institute_id"":""195"",""display_name"":""ACCOUNTANCY (055)"",""subId"":""4086"",""standard_id"":""2267""}"
976191,29640,Standard,"{""sub_institute_id"":""195"",""standard_id"":""2236"",""name"":""CBSE-11 Com"",""short_name"":""11 Com."",""stId"":""2236""}",374528,Subject,"{""sub_institute_id"":""195"",""display_name"":""Statistics for Economics (030)"",""subId"":""4107"",""standard_id"":""2236""}"
976192,163715,Standard,"{""sub_institute_id"":""1"",""standard_id"":""33"",""name"":""Standard 33"",""stId"":""33"",""short_name"":""C-SR""}",374508,Subject,"{""sub_institute_id"":""1"",""display_name"":""Social & Emotional Learning (SEL)"",""subId"":""4045"",""standard_id"":""34""}"
976193,29635,Standard,"{""sub_institute_id"":""195"",""standard_id"":""2231"",""name"":""CBSE-6"",""stId"":""2231"",""short_name"":""6""}",374529,Subject,"{""sub_institute_id"":""195"",""display_name"":""ICT"",""subId"":""4066"",""standard_id"":""2231""}"
976194,29636,Standard,"{""sub_institute_id"":""195"",""standard_id"":""2232"",""name"":""CBSE-7"",""stId"":""2232"",""short_name"":""7""}",374529,Subject,"{""sub_institute_id"":""195"",""display_name"":""ICT"",""subId"":""4066"",""standard_id"":""2231""}"
976195,29637,Standard,"{""sub_institute_id"":""195"",""standard_id"":""2233"",""name"":""CBSE-8"",""stId"":""2233"",""short_name"":""8""}",374529,Subject,"{""sub_institute_id"":""195"",""display_name"":""ICT"",""subId"":""4066"",""standard_id"":""2231""}"
976196,29639,Standard,"{""sub_institute_id"":""195"",""standard_id"":""2235"",""name"":""Standard 2235"",""stId"":""2235"",""short_name"":""10""}",374529,Subject,"{""sub_institute_id"":""195"",""display_name"":""ICT"",""subId"":""4066"",""standard_id"":""2231""}"
976197,29638,Standard,"{""sub_institute_id"":""195"",""standard_id"":""2234"",""name"":""CBSE-9"",""stId"":""2234"",""short_name"":""9""}",374529,Subject,"{""sub_institute_id"":""195"",""display_name"":""ICT"",""subId"":""4066"",""standard_id"":""2231""}"
976198,29640,Standard,"{""sub_institute_id"":""195"",""standard_id"":""2236"",""name"":""CBSE-11 Com"",""short_name"":""11 Com."",""stId"":""2236""}",374530,Subject,"{""sub_institute_id"":""195"",""display_name"":""PHYSICAL EDUCATION (048)"",""subId"":""4108"",""standard_id"":""2236""}"
976199,29641,Standard,"{""sub_institute_id"":""195"",""standard_id"":""2237"",""name"":""CBSE-11 Sci"",""short_name"":""11 Sci."",""stId"":""2237""}",374530,Subject,"{""sub_institute_id"":""195"",""display_name"":""PHYSICAL EDUCATION (048)"",""subId"":""4108"",""standard_id"":""2236""}"
976200,29642,Standard,"{""sub_institute_id"":""195"",""standard_id"":""2267"",""name"":""CBSE-12 Com"",""short_name"":""12 Com."",""stId"":""2267""}",374530,Subject,"{""sub_institute_id"":""195"",""display_name"":""PHYSICAL EDUCATION (048)"",""subId"":""4108"",""standard_id"":""2236""}"
976201,29643,Standard,"{""sub_institute_id"":""195"",""standard_id"":""2268"",""name"":""CBSE-12 Sci"",""short_name"":""12 Sci."",""stId"":""2268""}",374530,Subject,"{""sub_institute_id"":""195"",""display_name"":""PHYSICAL EDUCATION (048)"",""subId"":""4108"",""standard_id"":""2236""}"
976202,29630,Standard,"{""sub_institute_id"":""195"",""standard_id"":""2226"",""name"":""CBSE-1"",""stId"":""2226"",""short_name"":""1""}",374529,Subject,"{""sub_institute_id"":""195"",""display_name"":""ICT"",""subId"":""4066"",""standard_id"":""2231""}"
976203,29631,Standard,"{""sub_institute_id"":""195"",""standard_id"":""2227"",""name"":""Standard 2227"",""stId"":""2227"",""short_name"":""2""}",374529,Subject,"{""sub_institute_id"":""195"",""display_name"":""ICT"",""subId"":""4066"",""standard_id"":""2231""}"
976204,29632,Standard,"{""sub_institute_id"":""195"",""standard_id"":""2228"",""name"":""Standard 2228"",""stId"":""2228"",""short_name"":""3""}",374529,Subject,"{""sub_institute_id"":""195"",""display_name"":""ICT"",""subId"":""4066"",""standard_id"":""2231""}"
976205,29633,Standard,"{""sub_institute_id"":""195"",""standard_id"":""2229"",""name"":""Standard 2229"",""stId"":""2229"",""short_name"":""4""}",374529,Subject,"{""sub_institute_id"":""195"",""display_name"":""ICT"",""subId"":""4066"",""standard_id"":""2231""}"
976206,29634,Standard,"{""sub_institute_id"":""195"",""standard_id"":""2230"",""name"":""CBSE-5"",""stId"":""2230"",""short_name"":""5""}",374529,Subject,"{""sub_institute_id"":""195"",""display_name"":""ICT"",""subId"":""4066"",""standard_id"":""2231""}"
976207,29640,Standard,"{""sub_institute_id"":""195"",""standard_id"":""2236"",""name"":""CBSE-11 Com"",""short_name"":""11 Com."",""stId"":""2236""}",374529,Subject,"{""sub_institute_id"":""195"",""display_name"":""ICT"",""subId"":""4066"",""standard_id"":""2231""}"
976208,29642,Standard,"{""sub_institute_id"":""195"",""standard_id"":""2267"",""name"":""CBSE-12 Com"",""short_name"":""12 Com."",""stId"":""2267""}",374529,Subject,"{""sub_institute_id"":""195"",""display_name"":""ICT"",""subId"":""4066"",""standard_id"":""2231""}"
976209,29641,Standard,"{""sub_institute_id"":""195"",""standard_id"":""2237"",""name"":""CBSE-11 Sci"",""short_name"":""11 Sci."",""stId"":""2237""}",374529,Subject,"{""sub_institute_id"":""195"",""display_name"":""ICT"",""subId"":""4066"",""standard_id"":""2231""}"
976210,29643,Standard,"{""sub_institute_id"":""195"",""standard_id"":""2268"",""name"":""CBSE-12 Sci"",""short_name"":""12 Sci."",""stId"":""2268""}",374529,Subject,"{""sub_institute_id"":""195"",""display_name"":""ICT"",""subId"":""4066"",""standard_id"":""2231""}"
976211,29638,Standard,"{""sub_institute_id"":""195"",""standard_id"":""2234"",""name"":""CBSE-9"",""stId"":""2234"",""short_name"":""9""}",374530,Subject,"{""sub_institute_id"":""195"",""display_name"":""PHYSICAL EDUCATION (048)"",""subId"":""4108"",""standard_id"":""2236""}"
976212,29639,Standard,"{""sub_institute_id"":""195"",""standard_id"":""2235"",""name"":""Standard 2235"",""stId"":""2235"",""short_name"":""10""}",374530,Subject,"{""sub_institute_id"":""195"",""display_name"":""PHYSICAL EDUCATION (048)"",""subId"":""4108"",""standard_id"":""2236""}"
976213,29641,Standard,"{""sub_institute_id"":""195"",""standard_id"":""2237"",""name"":""CBSE-11 Sci"",""short_name"":""11 Sci."",""stId"":""2237""}",374531,Subject,"{""sub_institute_id"":""195"",""display_name"":""M.D"",""subId"":""4111"",""standard_id"":""2237""}"
976214,29642,Standard,"{""sub_institute_id"":""195"",""standard_id"":""2267"",""name"":""CBSE-12 Com"",""short_name"":""12 Com."",""stId"":""2267""}",374531,Subject,"{""sub_institute_id"":""195"",""display_name"":""M.D"",""subId"":""4111"",""standard_id"":""2237""}"
976215,29643,Standard,"{""sub_institute_id"":""195"",""standard_id"":""2268"",""name"":""CBSE-12 Sci"",""short_name"":""12 Sci."",""stId"":""2268""}",374531,Subject,"{""sub_institute_id"":""195"",""display_name"":""M.D"",""subId"":""4111"",""standard_id"":""2237""}"
976216,29640,Standard,"{""sub_institute_id"":""195"",""standard_id"":""2236"",""name"":""CBSE-11 Com"",""short_name"":""11 Com."",""stId"":""2236""}",374532,Subject,"{""sub_institute_id"":""195"",""display_name"":""Eng (Test)"",""subId"":""4102"",""standard_id"":""2236""}"
976217,29642,Standard,"{""sub_institute_id"":""195"",""standard_id"":""2267"",""name"":""CBSE-12 Com"",""short_name"":""12 Com."",""stId"":""2267""}",374532,Subject,"{""sub_institute_id"":""195"",""display_name"":""Eng (Test)"",""subId"":""4102"",""standard_id"":""2236""}"
976218,29642,Standard,"{""sub_institute_id"":""195"",""standard_id"":""2267"",""name"":""CBSE-12 Com"",""short_name"":""12 Com."",""stId"":""2267""}",374533,Subject,"{""sub_institute_id"":""195"",""display_name"":""C.S. (Test)"",""subId"":""4112"",""standard_id"":""2267""}"
976219,29641,Standard,"{""sub_institute_id"":""195"",""standard_id"":""2237"",""name"":""CBSE-11 Sci"",""short_name"":""11 Sci."",""stId"":""2237""}",374534,Subject,"{""sub_institute_id"":""195"",""display_name"":""Phy (test)"",""subId"":""4113"",""standard_id"":""2237""}"
976220,29643,Standard,"{""sub_institute_id"":""195"",""standard_id"":""2268"",""name"":""CBSE-12 Sci"",""short_name"":""12 Sci."",""stId"":""2268""}",374534,Subject,"{""sub_institute_id"":""195"",""display_name"":""Phy (test)"",""subId"":""4113"",""standard_id"":""2237""}"
976221,29641,Standard,"{""sub_institute_id"":""195"",""standard_id"":""2237"",""name"":""CBSE-11 Sci"",""short_name"":""11 Sci."",""stId"":""2237""}",374535,Subject,"{""sub_institute_id"":""195"",""display_name"":""Chem (test)"",""subId"":""4114"",""standard_id"":""2237""}"
976222,29643,Standard,"{""sub_institute_id"":""195"",""standard_id"":""2268"",""name"":""CBSE-12 Sci"",""short_name"":""12 Sci."",""stId"":""2268""}",374535,Subject,"{""sub_institute_id"":""195"",""display_name"":""Chem (test)"",""subId"":""4114"",""standard_id"":""2237""}"
976223,29641,Standard,"{""sub_institute_id"":""195"",""standard_id"":""2237"",""name"":""CBSE-11 Sci"",""short_name"":""11 Sci."",""stId"":""2237""}",374536,Subject,"{""sub_institute_id"":""195"",""display_name"":""Bio (test)"",""subId"":""4115"",""standard_id"":""2237""}"
976224,29643,Standard,"{""sub_institute_id"":""195"",""standard_id"":""2268"",""name"":""CBSE-12 Sci"",""short_name"":""12 Sci."",""stId"":""2268""}",374536,Subject,"{""sub_institute_id"":""195"",""display_name"":""Bio (test)"",""subId"":""4115"",""standard_id"":""2237""}"
976225,29641,Standard,"{""sub_institute_id"":""195"",""standard_id"":""2237"",""name"":""CBSE-11 Sci"",""short_name"":""11 Sci."",""stId"":""2237""}",374537,Subject,"{""sub_institute_id"":""195"",""display_name"":""Math (Test)"",""subId"":""4116"",""standard_id"":""2237""}"
976226,29643,Standard,"{""sub_institute_id"":""195"",""standard_id"":""2268"",""name"":""CBSE-12 Sci"",""short_name"":""12 Sci."",""stId"":""2268""}",374537,Subject,"{""sub_institute_id"":""195"",""display_name"":""Math (Test)"",""subId"":""4116"",""standard_id"":""2237""}"
976227,29643,Standard,"{""sub_institute_id"":""195"",""standard_id"":""2268"",""name"":""CBSE-12 Sci"",""short_name"":""12 Sci."",""stId"":""2268""}",374532,Subject,"{""sub_institute_id"":""195"",""display_name"":""Eng (Test)"",""subId"":""4102"",""standard_id"":""2236""}"
976228,29643,Standard,"{""sub_institute_id"":""195"",""standard_id"":""2268"",""name"":""CBSE-12 Sci"",""short_name"":""12 Sci."",""stId"":""2268""}",374533,Subject,"{""sub_institute_id"":""195"",""display_name"":""C.S. (Test)"",""subId"":""4112"",""standard_id"":""2267""}"
976229,29639,Standard,"{""sub_institute_id"":""195"",""standard_id"":""2235"",""name"":""Standard 2235"",""stId"":""2235"",""short_name"":""10""}",374531,Subject,"{""sub_institute_id"":""195"",""display_name"":""M.D"",""subId"":""4111"",""standard_id"":""2237""}"
976230,29634,Standard,"{""sub_institute_id"":""195"",""standard_id"":""2230"",""name"":""CBSE-5"",""stId"":""2230"",""short_name"":""5""}",374520,Subject,"{""sub_institute_id"":""195"",""display_name"":""GUJARATI"",""subId"":""4065"",""standard_id"":""2228""}"
976231,29635,Standard,"{""sub_institute_id"":""195"",""standard_id"":""2231"",""name"":""CBSE-6"",""stId"":""2231"",""short_name"":""6""}",374520,Subject,"{""sub_institute_id"":""195"",""display_name"":""GUJARATI"",""subId"":""4065"",""standard_id"":""2228""}"
976232,29636,Standard,"{""sub_institute_id"":""195"",""standard_id"":""2232"",""name"":""CBSE-7"",""stId"":""2232"",""short_name"":""7""}",374520,Subject,"{""sub_institute_id"":""195"",""display_name"":""GUJARATI"",""subId"":""4065"",""standard_id"":""2228""}"
976233,29633,Standard,"{""sub_institute_id"":""195"",""standard_id"":""2229"",""name"":""Standard 2229"",""stId"":""2229"",""short_name"":""4""}",374520,Subject,"{""sub_institute_id"":""195"",""display_name"":""GUJARATI"",""subId"":""4065"",""standard_id"":""2228""}"
976234,29637,Standard,"{""sub_institute_id"":""195"",""standard_id"":""2233"",""name"":""CBSE-8"",""stId"":""2233"",""short_name"":""8""}",374520,Subject,"{""sub_institute_id"":""195"",""display_name"":""GUJARATI"",""subId"":""4065"",""standard_id"":""2228""}"
976235,163735,Standard,"{""sub_institute_id"":""1"",""standard_id"":""2305"",""name"":""STEM Resources"",""short_name"":""STEM Resources"",""stId"":""2305""}",374538,Subject,"{""sub_institute_id"":""1"",""display_name"":""Earth & Space Science"",""subId"":""4120"",""standard_id"":""2305""}"
976236,163735,Standard,"{""sub_institute_id"":""1"",""standard_id"":""2305"",""name"":""STEM Resources"",""short_name"":""STEM Resources"",""stId"":""2305""}",374539,Subject,"{""sub_institute_id"":""1"",""display_name"":""Engineering Design"",""subId"":""4121"",""standard_id"":""2305""}"
976237,163735,Standard,"{""sub_institute_id"":""1"",""standard_id"":""2305"",""name"":""STEM Resources"",""short_name"":""STEM Resources"",""stId"":""2305""}",374540,Subject,"{""sub_institute_id"":""1"",""display_name"":""Life Science"",""subId"":""4122"",""standard_id"":""2305""}"
976238,163735,Standard,"{""sub_institute_id"":""1"",""standard_id"":""2305"",""name"":""STEM Resources"",""short_name"":""STEM Resources"",""stId"":""2305""}",374456,Subject,"{""sub_institute_id"":""1"",""display_name"":""Mathematics"",""subId"":""3976"",""standard_id"":""39""}"
976239,163735,Standard,"{""sub_institute_id"":""1"",""standard_id"":""2305"",""name"":""STEM Resources"",""short_name"":""STEM Resources"",""stId"":""2305""}",374541,Subject,"{""sub_institute_id"":""1"",""display_name"":""Physical Science"",""subId"":""4123"",""standard_id"":""2305""}"
976240,29635,Standard,"{""sub_institute_id"":""195"",""standard_id"":""2231"",""name"":""CBSE-6"",""stId"":""2231"",""short_name"":""6""}",374530,Subject,"{""sub_institute_id"":""195"",""display_name"":""PHYSICAL EDUCATION (048)"",""subId"":""4108"",""standard_id"":""2236""}"
976241,29636,Standard,"{""sub_institute_id"":""195"",""standard_id"":""2232"",""name"":""CBSE-7"",""stId"":""2232"",""short_name"":""7""}",374530,Subject,"{""sub_institute_id"":""195"",""display_name"":""PHYSICAL EDUCATION (048)"",""subId"":""4108"",""standard_id"":""2236""}"
976242,29637,Standard,"{""sub_institute_id"":""195"",""standard_id"":""2233"",""name"":""CBSE-8"",""stId"":""2233"",""short_name"":""8""}",374530,Subject,"{""sub_institute_id"":""195"",""display_name"":""PHYSICAL EDUCATION (048)"",""subId"":""4108"",""standard_id"":""2236""}"
976243,29635,Standard,"{""sub_institute_id"":""195"",""standard_id"":""2231"",""name"":""CBSE-6"",""stId"":""2231"",""short_name"":""6""}",374531,Subject,"{""sub_institute_id"":""195"",""display_name"":""M.D"",""subId"":""4111"",""standard_id"":""2237""}"
976244,29636,Standard,"{""sub_institute_id"":""195"",""standard_id"":""2232"",""name"":""CBSE-7"",""stId"":""2232"",""short_name"":""7""}",374531,Subject,"{""sub_institute_id"":""195"",""display_name"":""M.D"",""subId"":""4111"",""standard_id"":""2237""}"
976245,29637,Standard,"{""sub_institute_id"":""195"",""standard_id"":""2233"",""name"":""CBSE-8"",""stId"":""2233"",""short_name"":""8""}",374531,Subject,"{""sub_institute_id"":""195"",""display_name"":""M.D"",""subId"":""4111"",""standard_id"":""2237""}"
976246,29638,Standard,"{""sub_institute_id"":""195"",""standard_id"":""2234"",""name"":""CBSE-9"",""stId"":""2234"",""short_name"":""9""}",374531,Subject,"{""sub_institute_id"":""195"",""display_name"":""M.D"",""subId"":""4111"",""standard_id"":""2237""}"
976247,29638,Standard,"{""sub_institute_id"":""195"",""standard_id"":""2234"",""name"":""CBSE-9"",""stId"":""2234"",""short_name"":""9""}",374465,Subject,"{""sub_institute_id"":""195"",""display_name"":""BIOLOGY (044)"",""subId"":""4022"",""standard_id"":""2237""}"
976248,29638,Standard,"{""sub_institute_id"":""195"",""standard_id"":""2234"",""name"":""CBSE-9"",""stId"":""2234"",""short_name"":""9""}",374542,Subject,"{""sub_institute_id"":""195"",""display_name"":""Lab(Math)"",""subId"":""4117"",""standard_id"":""2234""}"
976249,29639,Standard,"{""sub_institute_id"":""195"",""standard_id"":""2235"",""name"":""Standard 2235"",""stId"":""2235"",""short_name"":""10""}",374542,Subject,"{""sub_institute_id"":""195"",""display_name"":""Lab(Math)"",""subId"":""4117"",""standard_id"":""2234""}"
976250,163723,Standard,"{""sub_institute_id"":""1"",""standard_id"":""41"",""name"":""Standard 41"",""stId"":""41"",""short_name"":""C-8""}",374456,Subject,"{""sub_institute_id"":""1"",""display_name"":""Mathematics"",""subId"":""3976"",""standard_id"":""39""}"
976251,29630,Standard,"{""sub_institute_id"":""195"",""standard_id"":""2226"",""name"":""CBSE-1"",""stId"":""2226"",""short_name"":""1""}",374543,Subject,"{""sub_institute_id"":""195"",""display_name"":""Art"",""subId"":""4096"",""standard_id"":""2226""}"
976252,29631,Standard,"{""sub_institute_id"":""195"",""standard_id"":""2227"",""name"":""Standard 2227"",""stId"":""2227"",""short_name"":""2""}",374543,Subject,"{""sub_institute_id"":""195"",""display_name"":""Art"",""subId"":""4096"",""standard_id"":""2226""}"
976253,29632,Standard,"{""sub_institute_id"":""195"",""standard_id"":""2228"",""name"":""Standard 2228"",""stId"":""2228"",""short_name"":""3""}",374543,Subject,"{""sub_institute_id"":""195"",""display_name"":""Art"",""subId"":""4096"",""standard_id"":""2226""}"
976254,29633,Standard,"{""sub_institute_id"":""195"",""standard_id"":""2229"",""name"":""Standard 2229"",""stId"":""2229"",""short_name"":""4""}",374543,Subject,"{""sub_institute_id"":""195"",""display_name"":""Art"",""subId"":""4096"",""standard_id"":""2226""}"
976255,29638,Standard,"{""sub_institute_id"":""195"",""standard_id"":""2234"",""name"":""CBSE-9"",""stId"":""2234"",""short_name"":""9""}",374537,Subject,"{""sub_institute_id"":""195"",""display_name"":""Math (Test)"",""subId"":""4116"",""standard_id"":""2237""}"
976256,29639,Standard,"{""sub_institute_id"":""195"",""standard_id"":""2235"",""name"":""Standard 2235"",""stId"":""2235"",""short_name"":""10""}",374537,Subject,"{""sub_institute_id"":""195"",""display_name"":""Math (Test)"",""subId"":""4116"",""standard_id"":""2237""}"
976257,29638,Standard,"{""sub_institute_id"":""195"",""standard_id"":""2234"",""name"":""CBSE-9"",""stId"":""2234"",""short_name"":""9""}",374532,Subject,"{""sub_institute_id"":""195"",""display_name"":""Eng (Test)"",""subId"":""4102"",""standard_id"":""2236""}"
976258,29639,Standard,"{""sub_institute_id"":""195"",""standard_id"":""2235"",""name"":""Standard 2235"",""stId"":""2235"",""short_name"":""10""}",374532,Subject,"{""sub_institute_id"":""195"",""display_name"":""Eng (Test)"",""subId"":""4102"",""standard_id"":""2236""}"
976259,29638,Standard,"{""sub_institute_id"":""195"",""standard_id"":""2234"",""name"":""CBSE-9"",""stId"":""2234"",""short_name"":""9""}",374536,Subject,"{""sub_institute_id"":""195"",""display_name"":""Bio (test)"",""subId"":""4115"",""standard_id"":""2237""}"
976260,29639,Standard,"{""sub_institute_id"":""195"",""standard_id"":""2235"",""name"":""Standard 2235"",""stId"":""2235"",""short_name"":""10""}",374536,Subject,"{""sub_institute_id"":""195"",""display_name"":""Bio (test)"",""subId"":""4115"",""standard_id"":""2237""}"
976261,29638,Standard,"{""sub_institute_id"":""195"",""standard_id"":""2234"",""name"":""CBSE-9"",""stId"":""2234"",""short_name"":""9""}",374535,Subject,"{""sub_institute_id"":""195"",""display_name"":""Chem (test)"",""subId"":""4114"",""standard_id"":""2237""}"
976262,29639,Standard,"{""sub_institute_id"":""195"",""standard_id"":""2235"",""name"":""Standard 2235"",""stId"":""2235"",""short_name"":""10""}",374535,Subject,"{""sub_institute_id"":""195"",""display_name"":""Chem (test)"",""subId"":""4114"",""standard_id"":""2237""}"
976263,29638,Standard,"{""sub_institute_id"":""195"",""standard_id"":""2234"",""name"":""CBSE-9"",""stId"":""2234"",""short_name"":""9""}",374534,Subject,"{""sub_institute_id"":""195"",""display_name"":""Phy (test)"",""subId"":""4113"",""standard_id"":""2237""}"
976264,29639,Standard,"{""sub_institute_id"":""195"",""standard_id"":""2235"",""name"":""Standard 2235"",""stId"":""2235"",""short_name"":""10""}",374534,Subject,"{""sub_institute_id"":""195"",""display_name"":""Phy (test)"",""subId"":""4113"",""standard_id"":""2237""}"
976265,163735,Standard,"{""sub_institute_id"":""1"",""standard_id"":""2305"",""name"":""STEM Resources"",""short_name"":""STEM Resources"",""stId"":""2305""}",374544,Subject,"{""sub_institute_id"":""1"",""display_name"":""Chemistry"",""subId"":""4119"",""standard_id"":""2305""}"
976266,29642,Standard,"{""sub_institute_id"":""195"",""standard_id"":""2267"",""name"":""CBSE-12 Com"",""short_name"":""12 Com."",""stId"":""2267""}",374545,Subject,"{""sub_institute_id"":""195"",""display_name"":""Acc (test)"",""subId"":""4101"",""standard_id"":""2267""}"
976267,29640,Standard,"{""sub_institute_id"":""195"",""standard_id"":""2236"",""name"":""CBSE-11 Com"",""short_name"":""11 Com."",""stId"":""2236""}",374531,Subject,"{""sub_institute_id"":""195"",""display_name"":""M.D"",""subId"":""4111"",""standard_id"":""2237""}"
976268,163716,Standard,"{""sub_institute_id"":""1"",""standard_id"":""34"",""name"":""1"",""stId"":""34"",""short_name"":""C-1""}",374541,Subject,"{""sub_institute_id"":""1"",""display_name"":""Physical Science"",""subId"":""4123"",""standard_id"":""2305""}"
976269,163717,Standard,"{""sub_institute_id"":""1"",""standard_id"":""35"",""name"":""2"",""stId"":""35"",""short_name"":""C-2""}",374541,Subject,"{""sub_institute_id"":""1"",""display_name"":""Physical Science"",""subId"":""4123"",""standard_id"":""2305""}"
976270,163718,Standard,"{""sub_institute_id"":""1"",""standard_id"":""36"",""name"":""3"",""stId"":""36"",""short_name"":""C-3""}",374541,Subject,"{""sub_institute_id"":""1"",""display_name"":""Physical Science"",""subId"":""4123"",""standard_id"":""2305""}"
976271,163719,Standard,"{""sub_institute_id"":""1"",""standard_id"":""37"",""name"":""4"",""stId"":""37"",""short_name"":""C-4""}",374541,Subject,"{""sub_institute_id"":""1"",""display_name"":""Physical Science"",""subId"":""4123"",""standard_id"":""2305""}"
976272,163720,Standard,"{""sub_institute_id"":""1"",""standard_id"":""38"",""name"":""5"",""stId"":""38"",""short_name"":""C-5""}",374541,Subject,"{""sub_institute_id"":""1"",""display_name"":""Physical Science"",""subId"":""4123"",""standard_id"":""2305""}"
976273,163721,Standard,"{""sub_institute_id"":""1"",""standard_id"":""39"",""name"":""Standard 39"",""stId"":""39"",""short_name"":""C-6""}",374541,Subject,"{""sub_institute_id"":""1"",""display_name"":""Physical Science"",""subId"":""4123"",""standard_id"":""2305""}"
976274,163722,Standard,"{""sub_institute_id"":""1"",""standard_id"":""40"",""name"":""Standard 40"",""stId"":""40"",""short_name"":""C-7""}",374541,Subject,"{""sub_institute_id"":""1"",""display_name"":""Physical Science"",""subId"":""4123"",""standard_id"":""2305""}"
976275,163723,Standard,"{""sub_institute_id"":""1"",""standard_id"":""41"",""name"":""Standard 41"",""stId"":""41"",""short_name"":""C-8""}",374541,Subject,"{""sub_institute_id"":""1"",""display_name"":""Physical Science"",""subId"":""4123"",""standard_id"":""2305""}"
976276,163724,Standard,"{""sub_institute_id"":""1"",""standard_id"":""42"",""name"":""Standard 42"",""stId"":""42"",""short_name"":""C-9""}",374541,Subject,"{""sub_institute_id"":""1"",""display_name"":""Physical Science"",""subId"":""4123"",""standard_id"":""2305""}"
976277,163725,Standard,"{""sub_institute_id"":""1"",""standard_id"":""43"",""name"":""10"",""stId"":""43"",""short_name"":""C-10""}",374541,Subject,"{""sub_institute_id"":""1"",""display_name"":""Physical Science"",""subId"":""4123"",""standard_id"":""2305""}"
976278,163716,Standard,"{""sub_institute_id"":""1"",""standard_id"":""34"",""name"":""1"",""stId"":""34"",""short_name"":""C-1""}",374540,Subject,"{""sub_institute_id"":""1"",""display_name"":""Life Science"",""subId"":""4122"",""standard_id"":""2305""}"
976279,163717,Standard,"{""sub_institute_id"":""1"",""standard_id"":""35"",""name"":""2"",""stId"":""35"",""short_name"":""C-2""}",374540,Subject,"{""sub_institute_id"":""1"",""display_name"":""Life Science"",""subId"":""4122"",""standard_id"":""2305""}"
976280,163718,Standard,"{""sub_institute_id"":""1"",""standard_id"":""36"",""name"":""3"",""stId"":""36"",""short_name"":""C-3""}",374540,Subject,"{""sub_institute_id"":""1"",""display_name"":""Life Science"",""subId"":""4122"",""standard_id"":""2305""}"
976281,163719,Standard,"{""sub_institute_id"":""1"",""standard_id"":""37"",""name"":""4"",""stId"":""37"",""short_name"":""C-4""}",374540,Subject,"{""sub_institute_id"":""1"",""display_name"":""Life Science"",""subId"":""4122"",""standard_id"":""2305""}"
976282,163720,Standard,"{""sub_institute_id"":""1"",""standard_id"":""38"",""name"":""5"",""stId"":""38"",""short_name"":""C-5""}",374540,Subject,"{""sub_institute_id"":""1"",""display_name"":""Life Science"",""subId"":""4122"",""standard_id"":""2305""}"
976283,163721,Standard,"{""sub_institute_id"":""1"",""standard_id"":""39"",""name"":""Standard 39"",""stId"":""39"",""short_name"":""C-6""}",374540,Subject,"{""sub_institute_id"":""1"",""display_name"":""Life Science"",""subId"":""4122"",""standard_id"":""2305""}"
976284,163722,Standard,"{""sub_institute_id"":""1"",""standard_id"":""40"",""name"":""Standard 40"",""stId"":""40"",""short_name"":""C-7""}",374540,Subject,"{""sub_institute_id"":""1"",""display_name"":""Life Science"",""subId"":""4122"",""standard_id"":""2305""}"
976285,163723,Standard,"{""sub_institute_id"":""1"",""standard_id"":""41"",""name"":""Standard 41"",""stId"":""41"",""short_name"":""C-8""}",374540,Subject,"{""sub_institute_id"":""1"",""display_name"":""Life Science"",""subId"":""4122"",""standard_id"":""2305""}"
976286,163724,Standard,"{""sub_institute_id"":""1"",""standard_id"":""42"",""name"":""Standard 42"",""stId"":""42"",""short_name"":""C-9""}",374540,Subject,"{""sub_institute_id"":""1"",""display_name"":""Life Science"",""subId"":""4122"",""standard_id"":""2305""}"
976287,163725,Standard,"{""sub_institute_id"":""1"",""standard_id"":""43"",""name"":""10"",""stId"":""43"",""short_name"":""C-10""}",374540,Subject,"{""sub_institute_id"":""1"",""display_name"":""Life Science"",""subId"":""4122"",""standard_id"":""2305""}"
976288,163716,Standard,"{""sub_institute_id"":""1"",""standard_id"":""34"",""name"":""1"",""stId"":""34"",""short_name"":""C-1""}",374538,Subject,"{""sub_institute_id"":""1"",""display_name"":""Earth & Space Science"",""subId"":""4120"",""standard_id"":""2305""}"
976289,163717,Standard,"{""sub_institute_id"":""1"",""standard_id"":""35"",""name"":""2"",""stId"":""35"",""short_name"":""C-2""}",374538,Subject,"{""sub_institute_id"":""1"",""display_name"":""Earth & Space Science"",""subId"":""4120"",""standard_id"":""2305""}"
976290,163718,Standard,"{""sub_institute_id"":""1"",""standard_id"":""36"",""name"":""3"",""stId"":""36"",""short_name"":""C-3""}",374538,Subject,"{""sub_institute_id"":""1"",""display_name"":""Earth & Space Science"",""subId"":""4120"",""standard_id"":""2305""}"
976291,163719,Standard,"{""sub_institute_id"":""1"",""standard_id"":""37"",""name"":""4"",""stId"":""37"",""short_name"":""C-4""}",374538,Subject,"{""sub_institute_id"":""1"",""display_name"":""Earth & Space Science"",""subId"":""4120"",""standard_id"":""2305""}"
976292,163720,Standard,"{""sub_institute_id"":""1"",""standard_id"":""38"",""name"":""5"",""stId"":""38"",""short_name"":""C-5""}",374538,Subject,"{""sub_institute_id"":""1"",""display_name"":""Earth & Space Science"",""subId"":""4120"",""standard_id"":""2305""}"
976293,163721,Standard,"{""sub_institute_id"":""1"",""standard_id"":""39"",""name"":""Standard 39"",""stId"":""39"",""short_name"":""C-6""}",374538,Subject,"{""sub_institute_id"":""1"",""display_name"":""Earth & Space Science"",""subId"":""4120"",""standard_id"":""2305""}"
976294,163722,Standard,"{""sub_institute_id"":""1"",""standard_id"":""40"",""name"":""Standard 40"",""stId"":""40"",""short_name"":""C-7""}",374538,Subject,"{""sub_institute_id"":""1"",""display_name"":""Earth & Space Science"",""subId"":""4120"",""standard_id"":""2305""}"
976295,163723,Standard,"{""sub_institute_id"":""1"",""standard_id"":""41"",""name"":""Standard 41"",""stId"":""41"",""short_name"":""C-8""}",374538,Subject,"{""sub_institute_id"":""1"",""display_name"":""Earth & Space Science"",""subId"":""4120"",""standard_id"":""2305""}"
976296,163724,Standard,"{""sub_institute_id"":""1"",""standard_id"":""42"",""name"":""Standard 42"",""stId"":""42"",""short_name"":""C-9""}",374538,Subject,"{""sub_institute_id"":""1"",""display_name"":""Earth & Space Science"",""subId"":""4120"",""standard_id"":""2305""}"
976297,163725,Standard,"{""sub_institute_id"":""1"",""standard_id"":""43"",""name"":""10"",""stId"":""43"",""short_name"":""C-10""}",374538,Subject,"{""sub_institute_id"":""1"",""display_name"":""Earth & Space Science"",""subId"":""4120"",""standard_id"":""2305""}"
976298,163716,Standard,"{""sub_institute_id"":""1"",""standard_id"":""34"",""name"":""1"",""stId"":""34"",""short_name"":""C-1""}",374539,Subject,"{""sub_institute_id"":""1"",""display_name"":""Engineering Design"",""subId"":""4121"",""standard_id"":""2305""}"
976299,163717,Standard,"{""sub_institute_id"":""1"",""standard_id"":""35"",""name"":""2"",""stId"":""35"",""short_name"":""C-2""}",374539,Subject,"{""sub_institute_id"":""1"",""display_name"":""Engineering Design"",""subId"":""4121"",""standard_id"":""2305""}"
976300,163718,Standard,"{""sub_institute_id"":""1"",""standard_id"":""36"",""name"":""3"",""stId"":""36"",""short_name"":""C-3""}",374539,Subject,"{""sub_institute_id"":""1"",""display_name"":""Engineering Design"",""subId"":""4121"",""standard_id"":""2305""}"
976301,163719,Standard,"{""sub_institute_id"":""1"",""standard_id"":""37"",""name"":""4"",""stId"":""37"",""short_name"":""C-4""}",374539,Subject,"{""sub_institute_id"":""1"",""display_name"":""Engineering Design"",""subId"":""4121"",""standard_id"":""2305""}"
976302,163720,Standard,"{""sub_institute_id"":""1"",""standard_id"":""38"",""name"":""5"",""stId"":""38"",""short_name"":""C-5""}",374539,Subject,"{""sub_institute_id"":""1"",""display_name"":""Engineering Design"",""subId"":""4121"",""standard_id"":""2305""}"
976303,163721,Standard,"{""sub_institute_id"":""1"",""standard_id"":""39"",""name"":""Standard 39"",""stId"":""39"",""short_name"":""C-6""}",374539,Subject,"{""sub_institute_id"":""1"",""display_name"":""Engineering Design"",""subId"":""4121"",""standard_id"":""2305""}"
976304,163722,Standard,"{""sub_institute_id"":""1"",""standard_id"":""40"",""name"":""Standard 40"",""stId"":""40"",""short_name"":""C-7""}",374539,Subject,"{""sub_institute_id"":""1"",""display_name"":""Engineering Design"",""subId"":""4121"",""standard_id"":""2305""}"
976305,163723,Standard,"{""sub_institute_id"":""1"",""standard_id"":""41"",""name"":""Standard 41"",""stId"":""41"",""short_name"":""C-8""}",374539,Subject,"{""sub_institute_id"":""1"",""display_name"":""Engineering Design"",""subId"":""4121"",""standard_id"":""2305""}"
976306,163724,Standard,"{""sub_institute_id"":""1"",""standard_id"":""42"",""name"":""Standard 42"",""stId"":""42"",""short_name"":""C-9""}",374539,Subject,"{""sub_institute_id"":""1"",""display_name"":""Engineering Design"",""subId"":""4121"",""standard_id"":""2305""}"
976307,163725,Standard,"{""sub_institute_id"":""1"",""standard_id"":""43"",""name"":""10"",""stId"":""43"",""short_name"":""C-10""}",374539,Subject,"{""sub_institute_id"":""1"",""display_name"":""Engineering Design"",""subId"":""4121"",""standard_id"":""2305""}"
976308,29643,Standard,"{""sub_institute_id"":""195"",""standard_id"":""2268"",""name"":""CBSE-12 Sci"",""short_name"":""12 Sci."",""stId"":""2268""}",374546,Subject,"{""sub_institute_id"":""195"",""display_name"":""P.E."",""subId"":""4118"",""standard_id"":""2268""}"
976309,29630,Standard,"{""sub_institute_id"":""195"",""standard_id"":""2226"",""name"":""CBSE-1"",""stId"":""2226"",""short_name"":""1""}",374547,Subject,"{""sub_institute_id"":""195"",""display_name"":""L.S."",""subId"":""4161"",""standard_id"":""2226""}"
976310,29631,Standard,"{""sub_institute_id"":""195"",""standard_id"":""2227"",""name"":""Standard 2227"",""stId"":""2227"",""short_name"":""2""}",374547,Subject,"{""sub_institute_id"":""195"",""display_name"":""L.S."",""subId"":""4161"",""standard_id"":""2226""}"
976311,29632,Standard,"{""sub_institute_id"":""195"",""standard_id"":""2228"",""name"":""Standard 2228"",""stId"":""2228"",""short_name"":""3""}",374547,Subject,"{""sub_institute_id"":""195"",""display_name"":""L.S."",""subId"":""4161"",""standard_id"":""2226""}"
976312,29633,Standard,"{""sub_institute_id"":""195"",""standard_id"":""2229"",""name"":""Standard 2229"",""stId"":""2229"",""short_name"":""4""}",374547,Subject,"{""sub_institute_id"":""195"",""display_name"":""L.S."",""subId"":""4161"",""standard_id"":""2226""}"
976313,29634,Standard,"{""sub_institute_id"":""195"",""standard_id"":""2230"",""name"":""CBSE-5"",""stId"":""2230"",""short_name"":""5""}",374547,Subject,"{""sub_institute_id"":""195"",""display_name"":""L.S."",""subId"":""4161"",""standard_id"":""2226""}"
976314,29635,Standard,"{""sub_institute_id"":""195"",""standard_id"":""2231"",""name"":""CBSE-6"",""stId"":""2231"",""short_name"":""6""}",374547,Subject,"{""sub_institute_id"":""195"",""display_name"":""L.S."",""subId"":""4161"",""standard_id"":""2226""}"
976315,29636,Standard,"{""sub_institute_id"":""195"",""standard_id"":""2232"",""name"":""CBSE-7"",""stId"":""2232"",""short_name"":""7""}",374547,Subject,"{""sub_institute_id"":""195"",""display_name"":""L.S."",""subId"":""4161"",""standard_id"":""2226""}"
976316,29637,Standard,"{""sub_institute_id"":""195"",""standard_id"":""2233"",""name"":""CBSE-8"",""stId"":""2233"",""short_name"":""8""}",374547,Subject,"{""sub_institute_id"":""195"",""display_name"":""L.S."",""subId"":""4161"",""standard_id"":""2226""}"
976317,29630,Standard,"{""sub_institute_id"":""195"",""standard_id"":""2226"",""name"":""CBSE-1"",""stId"":""2226"",""short_name"":""1""}",374546,Subject,"{""sub_institute_id"":""195"",""display_name"":""P.E."",""subId"":""4118"",""standard_id"":""2268""}"
976318,29631,Standard,"{""sub_institute_id"":""195"",""standard_id"":""2227"",""name"":""Standard 2227"",""stId"":""2227"",""short_name"":""2""}",374546,Subject,"{""sub_institute_id"":""195"",""display_name"":""P.E."",""subId"":""4118"",""standard_id"":""2268""}"
976319,29632,Standard,"{""sub_institute_id"":""195"",""standard_id"":""2228"",""name"":""Standard 2228"",""stId"":""2228"",""short_name"":""3""}",374546,Subject,"{""sub_institute_id"":""195"",""display_name"":""P.E."",""subId"":""4118"",""standard_id"":""2268""}"
976320,29633,Standard,"{""sub_institute_id"":""195"",""standard_id"":""2229"",""name"":""Standard 2229"",""stId"":""2229"",""short_name"":""4""}",374546,Subject,"{""sub_institute_id"":""195"",""display_name"":""P.E."",""subId"":""4118"",""standard_id"":""2268""}"
976321,29634,Standard,"{""sub_institute_id"":""195"",""standard_id"":""2230"",""name"":""CBSE-5"",""stId"":""2230"",""short_name"":""5""}",374546,Subject,"{""sub_institute_id"":""195"",""display_name"":""P.E."",""subId"":""4118"",""standard_id"":""2268""}"
976322,29630,Standard,"{""sub_institute_id"":""195"",""standard_id"":""2226"",""name"":""CBSE-1"",""stId"":""2226"",""short_name"":""1""}",374548,Subject,"{""sub_institute_id"":""195"",""display_name"":""Lang.Prof."",""subId"":""4162"",""standard_id"":""2226""}"
976323,29631,Standard,"{""sub_institute_id"":""195"",""standard_id"":""2227"",""name"":""Standard 2227"",""stId"":""2227"",""short_name"":""2""}",374548,Subject,"{""sub_institute_id"":""195"",""display_name"":""Lang.Prof."",""subId"":""4162"",""standard_id"":""2226""}"
976324,29632,Standard,"{""sub_institute_id"":""195"",""standard_id"":""2228"",""name"":""Standard 2228"",""stId"":""2228"",""short_name"":""3""}",374548,Subject,"{""sub_institute_id"":""195"",""display_name"":""Lang.Prof."",""subId"":""4162"",""standard_id"":""2226""}"
976325,29633,Standard,"{""sub_institute_id"":""195"",""standard_id"":""2229"",""name"":""Standard 2229"",""stId"":""2229"",""short_name"":""4""}",374548,Subject,"{""sub_institute_id"":""195"",""display_name"":""Lang.Prof."",""subId"":""4162"",""standard_id"":""2226""}"
976326,29634,Standard,"{""sub_institute_id"":""195"",""standard_id"":""2230"",""name"":""CBSE-5"",""stId"":""2230"",""short_name"":""5""}",374548,Subject,"{""sub_institute_id"":""195"",""display_name"":""Lang.Prof."",""subId"":""4162"",""standard_id"":""2226""}"
976327,29635,Standard,"{""sub_institute_id"":""195"",""standard_id"":""2231"",""name"":""CBSE-6"",""stId"":""2231"",""short_name"":""6""}",374548,Subject,"{""sub_institute_id"":""195"",""display_name"":""Lang.Prof."",""subId"":""4162"",""standard_id"":""2226""}"
976328,29636,Standard,"{""sub_institute_id"":""195"",""standard_id"":""2232"",""name"":""CBSE-7"",""stId"":""2232"",""short_name"":""7""}",374548,Subject,"{""sub_institute_id"":""195"",""display_name"":""Lang.Prof."",""subId"":""4162"",""standard_id"":""2226""}"
976329,29637,Standard,"{""sub_institute_id"":""195"",""standard_id"":""2233"",""name"":""CBSE-8"",""stId"":""2233"",""short_name"":""8""}",374548,Subject,"{""sub_institute_id"":""195"",""display_name"":""Lang.Prof."",""subId"":""4162"",""standard_id"":""2226""}"
976330,29630,Standard,"{""sub_institute_id"":""195"",""standard_id"":""2226"",""name"":""CBSE-1"",""stId"":""2226"",""short_name"":""1""}",374549,Subject,"{""sub_institute_id"":""195"",""display_name"":""EST"",""subId"":""4163"",""standard_id"":""2226""}"
976331,29631,Standard,"{""sub_institute_id"":""195"",""standard_id"":""2227"",""name"":""Standard 2227"",""stId"":""2227"",""short_name"":""2""}",374549,Subject,"{""sub_institute_id"":""195"",""display_name"":""EST"",""subId"":""4163"",""standard_id"":""2226""}"
976332,29630,Standard,"{""sub_institute_id"":""195"",""standard_id"":""2226"",""name"":""CBSE-1"",""stId"":""2226"",""short_name"":""1""}",374550,Subject,"{""sub_institute_id"":""195"",""display_name"":""HST"",""subId"":""4164"",""standard_id"":""2226""}"
976333,29631,Standard,"{""sub_institute_id"":""195"",""standard_id"":""2227"",""name"":""Standard 2227"",""stId"":""2227"",""short_name"":""2""}",374550,Subject,"{""sub_institute_id"":""195"",""display_name"":""HST"",""subId"":""4164"",""standard_id"":""2226""}"
976334,29642,Standard,"{""sub_institute_id"":""195"",""standard_id"":""2267"",""name"":""CBSE-12 Com"",""short_name"":""12 Com."",""stId"":""2267""}",374451,Subject,"{""sub_institute_id"":""195"",""display_name"":""MATHEMATICS"",""subId"":""3970"",""standard_id"":""2226""}"
976335,29638,Standard,"{""sub_institute_id"":""195"",""standard_id"":""2234"",""name"":""CBSE-9"",""stId"":""2234"",""short_name"":""9""}",374548,Subject,"{""sub_institute_id"":""195"",""display_name"":""Lang.Prof."",""subId"":""4162"",""standard_id"":""2226""}"
976336,29639,Standard,"{""sub_institute_id"":""195"",""standard_id"":""2235"",""name"":""Standard 2235"",""stId"":""2235"",""short_name"":""10""}",374548,Subject,"{""sub_institute_id"":""195"",""display_name"":""Lang.Prof."",""subId"":""4162"",""standard_id"":""2226""}"
976337,29640,Standard,"{""sub_institute_id"":""195"",""standard_id"":""2236"",""name"":""CBSE-11 Com"",""short_name"":""11 Com."",""stId"":""2236""}",374548,Subject,"{""sub_institute_id"":""195"",""display_name"":""Lang.Prof."",""subId"":""4162"",""standard_id"":""2226""}"
976338,29641,Standard,"{""sub_institute_id"":""195"",""standard_id"":""2237"",""name"":""CBSE-11 Sci"",""short_name"":""11 Sci."",""stId"":""2237""}",374548,Subject,"{""sub_institute_id"":""195"",""display_name"":""Lang.Prof."",""subId"":""4162"",""standard_id"":""2226""}"
976339,29642,Standard,"{""sub_institute_id"":""195"",""standard_id"":""2267"",""name"":""CBSE-12 Com"",""short_name"":""12 Com."",""stId"":""2267""}",374548,Subject,"{""sub_institute_id"":""195"",""display_name"":""Lang.Prof."",""subId"":""4162"",""standard_id"":""2226""}"
976340,29643,Standard,"{""sub_institute_id"":""195"",""standard_id"":""2268"",""name"":""CBSE-12 Sci"",""short_name"":""12 Sci."",""stId"":""2268""}",374548,Subject,"{""sub_institute_id"":""195"",""display_name"":""Lang.Prof."",""subId"":""4162"",""standard_id"":""2226""}"
976341,29630,Standard,"{""sub_institute_id"":""195"",""standard_id"":""2226"",""name"":""CBSE-1"",""stId"":""2226"",""short_name"":""1""}",374551,Subject,"{""sub_institute_id"":""195"",""display_name"":""Drawing"",""subId"":""4177"",""standard_id"":""2226""}"
976342,29631,Standard,"{""sub_institute_id"":""195"",""standard_id"":""2227"",""name"":""Standard 2227"",""stId"":""2227"",""short_name"":""2""}",374551,Subject,"{""sub_institute_id"":""195"",""display_name"":""Drawing"",""subId"":""4177"",""standard_id"":""2226""}"
976343,29632,Standard,"{""sub_institute_id"":""195"",""standard_id"":""2228"",""name"":""Standard 2228"",""stId"":""2228"",""short_name"":""3""}",374551,Subject,"{""sub_institute_id"":""195"",""display_name"":""Drawing"",""subId"":""4177"",""standard_id"":""2226""}"
976344,29633,Standard,"{""sub_institute_id"":""195"",""standard_id"":""2229"",""name"":""Standard 2229"",""stId"":""2229"",""short_name"":""4""}",374551,Subject,"{""sub_institute_id"":""195"",""display_name"":""Drawing"",""subId"":""4177"",""standard_id"":""2226""}"
976345,29634,Standard,"{""sub_institute_id"":""195"",""standard_id"":""2230"",""name"":""CBSE-5"",""stId"":""2230"",""short_name"":""5""}",374551,Subject,"{""sub_institute_id"":""195"",""display_name"":""Drawing"",""subId"":""4177"",""standard_id"":""2226""}"
976346,29635,Standard,"{""sub_institute_id"":""195"",""standard_id"":""2231"",""name"":""CBSE-6"",""stId"":""2231"",""short_name"":""6""}",374551,Subject,"{""sub_institute_id"":""195"",""display_name"":""Drawing"",""subId"":""4177"",""standard_id"":""2226""}"
976347,29636,Standard,"{""sub_institute_id"":""195"",""standard_id"":""2232"",""name"":""CBSE-7"",""stId"":""2232"",""short_name"":""7""}",374551,Subject,"{""sub_institute_id"":""195"",""display_name"":""Drawing"",""subId"":""4177"",""standard_id"":""2226""}"
976348,29637,Standard,"{""sub_institute_id"":""195"",""standard_id"":""2233"",""name"":""CBSE-8"",""stId"":""2233"",""short_name"":""8""}",374551,Subject,"{""sub_institute_id"":""195"",""display_name"":""Drawing"",""subId"":""4177"",""standard_id"":""2226""}"
976349,29638,Standard,"{""sub_institute_id"":""195"",""standard_id"":""2234"",""name"":""CBSE-9"",""stId"":""2234"",""short_name"":""9""}",374547,Subject,"{""sub_institute_id"":""195"",""display_name"":""L.S."",""subId"":""4161"",""standard_id"":""2226""}"
976350,29639,Standard,"{""sub_institute_id"":""195"",""standard_id"":""2235"",""name"":""Standard 2235"",""stId"":""2235"",""short_name"":""10""}",374547,Subject,"{""sub_institute_id"":""195"",""display_name"":""L.S."",""subId"":""4161"",""standard_id"":""2226""}"
976351,29640,Standard,"{""sub_institute_id"":""195"",""standard_id"":""2236"",""name"":""CBSE-11 Com"",""short_name"":""11 Com."",""stId"":""2236""}",374547,Subject,"{""sub_institute_id"":""195"",""display_name"":""L.S."",""subId"":""4161"",""standard_id"":""2226""}"
976352,29641,Standard,"{""sub_institute_id"":""195"",""standard_id"":""2237"",""name"":""CBSE-11 Sci"",""short_name"":""11 Sci."",""stId"":""2237""}",374547,Subject,"{""sub_institute_id"":""195"",""display_name"":""L.S."",""subId"":""4161"",""standard_id"":""2226""}"
976353,29642,Standard,"{""sub_institute_id"":""195"",""standard_id"":""2267"",""name"":""CBSE-12 Com"",""short_name"":""12 Com."",""stId"":""2267""}",374547,Subject,"{""sub_institute_id"":""195"",""display_name"":""L.S."",""subId"":""4161"",""standard_id"":""2226""}"
976354,29643,Standard,"{""sub_institute_id"":""195"",""standard_id"":""2268"",""name"":""CBSE-12 Sci"",""short_name"":""12 Sci."",""stId"":""2268""}",374547,Subject,"{""sub_institute_id"":""195"",""display_name"":""L.S."",""subId"":""4161"",""standard_id"":""2226""}"
976355,29630,Standard,"{""sub_institute_id"":""195"",""standard_id"":""2226"",""name"":""CBSE-1"",""stId"":""2226"",""short_name"":""1""}",374552,Subject,"{""sub_institute_id"":""195"",""display_name"":""Yoga"",""subId"":""4179"",""standard_id"":""2226""}"
976356,29631,Standard,"{""sub_institute_id"":""195"",""standard_id"":""2227"",""name"":""Standard 2227"",""stId"":""2227"",""short_name"":""2""}",374552,Subject,"{""sub_institute_id"":""195"",""display_name"":""Yoga"",""subId"":""4179"",""standard_id"":""2226""}"
976357,29632,Standard,"{""sub_institute_id"":""195"",""standard_id"":""2228"",""name"":""Standard 2228"",""stId"":""2228"",""short_name"":""3""}",374552,Subject,"{""sub_institute_id"":""195"",""display_name"":""Yoga"",""subId"":""4179"",""standard_id"":""2226""}"
976358,29633,Standard,"{""sub_institute_id"":""195"",""standard_id"":""2229"",""name"":""Standard 2229"",""stId"":""2229"",""short_name"":""4""}",374552,Subject,"{""sub_institute_id"":""195"",""display_name"":""Yoga"",""subId"":""4179"",""standard_id"":""2226""}"
976359,29634,Standard,"{""sub_institute_id"":""195"",""standard_id"":""2230"",""name"":""CBSE-5"",""stId"":""2230"",""short_name"":""5""}",374552,Subject,"{""sub_institute_id"":""195"",""display_name"":""Yoga"",""subId"":""4179"",""standard_id"":""2226""}"
976360,29635,Standard,"{""sub_institute_id"":""195"",""standard_id"":""2231"",""name"":""CBSE-6"",""stId"":""2231"",""short_name"":""6""}",374552,Subject,"{""sub_institute_id"":""195"",""display_name"":""Yoga"",""subId"":""4179"",""standard_id"":""2226""}"
976361,29636,Standard,"{""sub_institute_id"":""195"",""standard_id"":""2232"",""name"":""CBSE-7"",""stId"":""2232"",""short_name"":""7""}",374552,Subject,"{""sub_institute_id"":""195"",""display_name"":""Yoga"",""subId"":""4179"",""standard_id"":""2226""}"
976362,29637,Standard,"{""sub_institute_id"":""195"",""standard_id"":""2233"",""name"":""CBSE-8"",""stId"":""2233"",""short_name"":""8""}",374552,Subject,"{""sub_institute_id"":""195"",""display_name"":""Yoga"",""subId"":""4179"",""standard_id"":""2226""}"
976363,29638,Standard,"{""sub_institute_id"":""195"",""standard_id"":""2234"",""name"":""CBSE-9"",""stId"":""2234"",""short_name"":""9""}",374552,Subject,"{""sub_institute_id"":""195"",""display_name"":""Yoga"",""subId"":""4179"",""standard_id"":""2226""}"
976364,29639,Standard,"{""sub_institute_id"":""195"",""standard_id"":""2235"",""name"":""Standard 2235"",""stId"":""2235"",""short_name"":""10""}",374552,Subject,"{""sub_institute_id"":""195"",""display_name"":""Yoga"",""subId"":""4179"",""standard_id"":""2226""}"
976365,29640,Standard,"{""sub_institute_id"":""195"",""standard_id"":""2236"",""name"":""CBSE-11 Com"",""short_name"":""11 Com."",""stId"":""2236""}",374552,Subject,"{""sub_institute_id"":""195"",""display_name"":""Yoga"",""subId"":""4179"",""standard_id"":""2226""}"
976366,29641,Standard,"{""sub_institute_id"":""195"",""standard_id"":""2237"",""name"":""CBSE-11 Sci"",""short_name"":""11 Sci."",""stId"":""2237""}",374552,Subject,"{""sub_institute_id"":""195"",""display_name"":""Yoga"",""subId"":""4179"",""standard_id"":""2226""}"
976367,29642,Standard,"{""sub_institute_id"":""195"",""standard_id"":""2267"",""name"":""CBSE-12 Com"",""short_name"":""12 Com."",""stId"":""2267""}",374552,Subject,"{""sub_institute_id"":""195"",""display_name"":""Yoga"",""subId"":""4179"",""standard_id"":""2226""}"
976368,29643,Standard,"{""sub_institute_id"":""195"",""standard_id"":""2268"",""name"":""CBSE-12 Sci"",""short_name"":""12 Sci."",""stId"":""2268""}",374552,Subject,"{""sub_institute_id"":""195"",""display_name"":""Yoga"",""subId"":""4179"",""standard_id"":""2226""}"
976369,29630,Standard,"{""sub_institute_id"":""195"",""standard_id"":""2226"",""name"":""CBSE-1"",""stId"":""2226"",""short_name"":""1""}",374553,Subject,"{""sub_institute_id"":""195"",""display_name"":""Dance\/Music"",""subId"":""4180"",""standard_id"":""2226""}"
976370,29631,Standard,"{""sub_institute_id"":""195"",""standard_id"":""2227"",""name"":""Standard 2227"",""stId"":""2227"",""short_name"":""2""}",374553,Subject,"{""sub_institute_id"":""195"",""display_name"":""Dance\/Music"",""subId"":""4180"",""standard_id"":""2226""}"
976371,29632,Standard,"{""sub_institute_id"":""195"",""standard_id"":""2228"",""name"":""Standard 2228"",""stId"":""2228"",""short_name"":""3""}",374553,Subject,"{""sub_institute_id"":""195"",""display_name"":""Dance\/Music"",""subId"":""4180"",""standard_id"":""2226""}"
976372,29633,Standard,"{""sub_institute_id"":""195"",""standard_id"":""2229"",""name"":""Standard 2229"",""stId"":""2229"",""short_name"":""4""}",374553,Subject,"{""sub_institute_id"":""195"",""display_name"":""Dance\/Music"",""subId"":""4180"",""standard_id"":""2226""}"
976373,29634,Standard,"{""sub_institute_id"":""195"",""standard_id"":""2230"",""name"":""CBSE-5"",""stId"":""2230"",""short_name"":""5""}",374553,Subject,"{""sub_institute_id"":""195"",""display_name"":""Dance\/Music"",""subId"":""4180"",""standard_id"":""2226""}"
976374,29635,Standard,"{""sub_institute_id"":""195"",""standard_id"":""2231"",""name"":""CBSE-6"",""stId"":""2231"",""short_name"":""6""}",374553,Subject,"{""sub_institute_id"":""195"",""display_name"":""Dance\/Music"",""subId"":""4180"",""standard_id"":""2226""}"
976375,29636,Standard,"{""sub_institute_id"":""195"",""standard_id"":""2232"",""name"":""CBSE-7"",""stId"":""2232"",""short_name"":""7""}",374553,Subject,"{""sub_institute_id"":""195"",""display_name"":""Dance\/Music"",""subId"":""4180"",""standard_id"":""2226""}"
976376,29637,Standard,"{""sub_institute_id"":""195"",""standard_id"":""2233"",""name"":""CBSE-8"",""stId"":""2233"",""short_name"":""8""}",374553,Subject,"{""sub_institute_id"":""195"",""display_name"":""Dance\/Music"",""subId"":""4180"",""standard_id"":""2226""}"
976377,29638,Standard,"{""sub_institute_id"":""195"",""standard_id"":""2234"",""name"":""CBSE-9"",""stId"":""2234"",""short_name"":""9""}",374553,Subject,"{""sub_institute_id"":""195"",""display_name"":""Dance\/Music"",""subId"":""4180"",""standard_id"":""2226""}"
976378,29639,Standard,"{""sub_institute_id"":""195"",""standard_id"":""2235"",""name"":""Standard 2235"",""stId"":""2235"",""short_name"":""10""}",374553,Subject,"{""sub_institute_id"":""195"",""display_name"":""Dance\/Music"",""subId"":""4180"",""standard_id"":""2226""}"
976379,29640,Standard,"{""sub_institute_id"":""195"",""standard_id"":""2236"",""name"":""CBSE-11 Com"",""short_name"":""11 Com."",""stId"":""2236""}",374553,Subject,"{""sub_institute_id"":""195"",""display_name"":""Dance\/Music"",""subId"":""4180"",""standard_id"":""2226""}"
976380,29641,Standard,"{""sub_institute_id"":""195"",""standard_id"":""2237"",""name"":""CBSE-11 Sci"",""short_name"":""11 Sci."",""stId"":""2237""}",374553,Subject,"{""sub_institute_id"":""195"",""display_name"":""Dance\/Music"",""subId"":""4180"",""standard_id"":""2226""}"
976381,29642,Standard,"{""sub_institute_id"":""195"",""standard_id"":""2267"",""name"":""CBSE-12 Com"",""short_name"":""12 Com."",""stId"":""2267""}",374553,Subject,"{""sub_institute_id"":""195"",""display_name"":""Dance\/Music"",""subId"":""4180"",""standard_id"":""2226""}"
976382,29643,Standard,"{""sub_institute_id"":""195"",""standard_id"":""2268"",""name"":""CBSE-12 Sci"",""short_name"":""12 Sci."",""stId"":""2268""}",374553,Subject,"{""sub_institute_id"":""195"",""display_name"":""Dance\/Music"",""subId"":""4180"",""standard_id"":""2226""}"
976383,29630,Standard,"{""sub_institute_id"":""195"",""standard_id"":""2226"",""name"":""CBSE-1"",""stId"":""2226"",""short_name"":""1""}",374554,Subject,"{""sub_institute_id"":""195"",""display_name"":""Library"",""subId"":""4181"",""standard_id"":""2226""}"
976384,29631,Standard,"{""sub_institute_id"":""195"",""standard_id"":""2227"",""name"":""Standard 2227"",""stId"":""2227"",""short_name"":""2""}",374554,Subject,"{""sub_institute_id"":""195"",""display_name"":""Library"",""subId"":""4181"",""standard_id"":""2226""}"
976385,29632,Standard,"{""sub_institute_id"":""195"",""standard_id"":""2228"",""name"":""Standard 2228"",""stId"":""2228"",""short_name"":""3""}",374554,Subject,"{""sub_institute_id"":""195"",""display_name"":""Library"",""subId"":""4181"",""standard_id"":""2226""}"
976386,29633,Standard,"{""sub_institute_id"":""195"",""standard_id"":""2229"",""name"":""Standard 2229"",""stId"":""2229"",""short_name"":""4""}",374554,Subject,"{""sub_institute_id"":""195"",""display_name"":""Library"",""subId"":""4181"",""standard_id"":""2226""}"
976387,29634,Standard,"{""sub_institute_id"":""195"",""standard_id"":""2230"",""name"":""CBSE-5"",""stId"":""2230"",""short_name"":""5""}",374554,Subject,"{""sub_institute_id"":""195"",""display_name"":""Library"",""subId"":""4181"",""standard_id"":""2226""}"
976388,29635,Standard,"{""sub_institute_id"":""195"",""standard_id"":""2231"",""name"":""CBSE-6"",""stId"":""2231"",""short_name"":""6""}",374554,Subject,"{""sub_institute_id"":""195"",""display_name"":""Library"",""subId"":""4181"",""standard_id"":""2226""}"
976389,29636,Standard,"{""sub_institute_id"":""195"",""standard_id"":""2232"",""name"":""CBSE-7"",""stId"":""2232"",""short_name"":""7""}",374554,Subject,"{""sub_institute_id"":""195"",""display_name"":""Library"",""subId"":""4181"",""standard_id"":""2226""}"
976390,29637,Standard,"{""sub_institute_id"":""195"",""standard_id"":""2233"",""name"":""CBSE-8"",""stId"":""2233"",""short_name"":""8""}",374554,Subject,"{""sub_institute_id"":""195"",""display_name"":""Library"",""subId"":""4181"",""standard_id"":""2226""}"
976391,29638,Standard,"{""sub_institute_id"":""195"",""standard_id"":""2234"",""name"":""CBSE-9"",""stId"":""2234"",""short_name"":""9""}",374555,Subject,"{""sub_institute_id"":""195"",""display_name"":""Games"",""subId"":""4182"",""standard_id"":""2234""}"
976392,29639,Standard,"{""sub_institute_id"":""195"",""standard_id"":""2235"",""name"":""Standard 2235"",""stId"":""2235"",""short_name"":""10""}",374555,Subject,"{""sub_institute_id"":""195"",""display_name"":""Games"",""subId"":""4182"",""standard_id"":""2234""}"
976393,29640,Standard,"{""sub_institute_id"":""195"",""standard_id"":""2236"",""name"":""CBSE-11 Com"",""short_name"":""11 Com."",""stId"":""2236""}",374555,Subject,"{""sub_institute_id"":""195"",""display_name"":""Games"",""subId"":""4182"",""standard_id"":""2234""}"
976394,29641,Standard,"{""sub_institute_id"":""195"",""standard_id"":""2237"",""name"":""CBSE-11 Sci"",""short_name"":""11 Sci."",""stId"":""2237""}",374555,Subject,"{""sub_institute_id"":""195"",""display_name"":""Games"",""subId"":""4182"",""standard_id"":""2234""}"
976395,29642,Standard,"{""sub_institute_id"":""195"",""standard_id"":""2267"",""name"":""CBSE-12 Com"",""short_name"":""12 Com."",""stId"":""2267""}",374555,Subject,"{""sub_institute_id"":""195"",""display_name"":""Games"",""subId"":""4182"",""standard_id"":""2234""}"
976396,29643,Standard,"{""sub_institute_id"":""195"",""standard_id"":""2268"",""name"":""CBSE-12 Sci"",""short_name"":""12 Sci."",""stId"":""2268""}",374555,Subject,"{""sub_institute_id"":""195"",""display_name"":""Games"",""subId"":""4182"",""standard_id"":""2234""}"
976397,29638,Standard,"{""sub_institute_id"":""195"",""standard_id"":""2234"",""name"":""CBSE-9"",""stId"":""2234"",""short_name"":""9""}",374554,Subject,"{""sub_institute_id"":""195"",""display_name"":""Library"",""subId"":""4181"",""standard_id"":""2226""}"
976398,29639,Standard,"{""sub_institute_id"":""195"",""standard_id"":""2235"",""name"":""Standard 2235"",""stId"":""2235"",""short_name"":""10""}",374554,Subject,"{""sub_institute_id"":""195"",""display_name"":""Library"",""subId"":""4181"",""standard_id"":""2226""}"
976399,29640,Standard,"{""sub_institute_id"":""195"",""standard_id"":""2236"",""name"":""CBSE-11 Com"",""short_name"":""11 Com."",""stId"":""2236""}",374554,Subject,"{""sub_institute_id"":""195"",""display_name"":""Library"",""subId"":""4181"",""standard_id"":""2226""}"
976400,29641,Standard,"{""sub_institute_id"":""195"",""standard_id"":""2237"",""name"":""CBSE-11 Sci"",""short_name"":""11 Sci."",""stId"":""2237""}",374554,Subject,"{""sub_institute_id"":""195"",""display_name"":""Library"",""subId"":""4181"",""standard_id"":""2226""}"
976401,29642,Standard,"{""sub_institute_id"":""195"",""standard_id"":""2267"",""name"":""CBSE-12 Com"",""short_name"":""12 Com."",""stId"":""2267""}",374554,Subject,"{""sub_institute_id"":""195"",""display_name"":""Library"",""subId"":""4181"",""standard_id"":""2226""}"
976402,29643,Standard,"{""sub_institute_id"":""195"",""standard_id"":""2268"",""name"":""CBSE-12 Sci"",""short_name"":""12 Sci."",""stId"":""2268""}",374554,Subject,"{""sub_institute_id"":""195"",""display_name"":""Library"",""subId"":""4181"",""standard_id"":""2226""}"
976403,29638,Standard,"{""sub_institute_id"":""195"",""standard_id"":""2234"",""name"":""CBSE-9"",""stId"":""2234"",""short_name"":""9""}",374556,Subject,"{""sub_institute_id"":""195"",""display_name"":""English Gram."",""subId"":""4095"",""standard_id"":""2234""}"
976404,29639,Standard,"{""sub_institute_id"":""195"",""standard_id"":""2235"",""name"":""Standard 2235"",""stId"":""2235"",""short_name"":""10""}",374556,Subject,"{""sub_institute_id"":""195"",""display_name"":""English Gram."",""subId"":""4095"",""standard_id"":""2234""}"
976405,29640,Standard,"{""sub_institute_id"":""195"",""standard_id"":""2236"",""name"":""CBSE-11 Com"",""short_name"":""11 Com."",""stId"":""2236""}",374556,Subject,"{""sub_institute_id"":""195"",""display_name"":""English Gram."",""subId"":""4095"",""standard_id"":""2234""}"
976406,29641,Standard,"{""sub_institute_id"":""195"",""standard_id"":""2237"",""name"":""CBSE-11 Sci"",""short_name"":""11 Sci."",""stId"":""2237""}",374556,Subject,"{""sub_institute_id"":""195"",""display_name"":""English Gram."",""subId"":""4095"",""standard_id"":""2234""}"
976407,29642,Standard,"{""sub_institute_id"":""195"",""standard_id"":""2267"",""name"":""CBSE-12 Com"",""short_name"":""12 Com."",""stId"":""2267""}",374556,Subject,"{""sub_institute_id"":""195"",""display_name"":""English Gram."",""subId"":""4095"",""standard_id"":""2234""}"
976408,29643,Standard,"{""sub_institute_id"":""195"",""standard_id"":""2268"",""name"":""CBSE-12 Sci"",""short_name"":""12 Sci."",""stId"":""2268""}",374556,Subject,"{""sub_institute_id"":""195"",""display_name"":""English Gram."",""subId"":""4095"",""standard_id"":""2234""}"
976409,29638,Standard,"{""sub_institute_id"":""195"",""standard_id"":""2234"",""name"":""CBSE-9"",""stId"":""2234"",""short_name"":""9""}",374557,Subject,"{""sub_institute_id"":""195"",""display_name"":""English Liter."",""subId"":""4094"",""standard_id"":""2234""}"
976410,29639,Standard,"{""sub_institute_id"":""195"",""standard_id"":""2235"",""name"":""Standard 2235"",""stId"":""2235"",""short_name"":""10""}",374557,Subject,"{""sub_institute_id"":""195"",""display_name"":""English Liter."",""subId"":""4094"",""standard_id"":""2234""}"
976411,29640,Standard,"{""sub_institute_id"":""195"",""standard_id"":""2236"",""name"":""CBSE-11 Com"",""short_name"":""11 Com."",""stId"":""2236""}",374557,Subject,"{""sub_institute_id"":""195"",""display_name"":""English Liter."",""subId"":""4094"",""standard_id"":""2234""}"
976412,29641,Standard,"{""sub_institute_id"":""195"",""standard_id"":""2237"",""name"":""CBSE-11 Sci"",""short_name"":""11 Sci."",""stId"":""2237""}",374557,Subject,"{""sub_institute_id"":""195"",""display_name"":""English Liter."",""subId"":""4094"",""standard_id"":""2234""}"
976413,29642,Standard,"{""sub_institute_id"":""195"",""standard_id"":""2267"",""name"":""CBSE-12 Com"",""short_name"":""12 Com."",""stId"":""2267""}",374557,Subject,"{""sub_institute_id"":""195"",""display_name"":""English Liter."",""subId"":""4094"",""standard_id"":""2234""}"
976414,29643,Standard,"{""sub_institute_id"":""195"",""standard_id"":""2268"",""name"":""CBSE-12 Sci"",""short_name"":""12 Sci."",""stId"":""2268""}",374557,Subject,"{""sub_institute_id"":""195"",""display_name"":""English Liter."",""subId"":""4094"",""standard_id"":""2234""}"
976415,29638,Standard,"{""sub_institute_id"":""195"",""standard_id"":""2234"",""name"":""CBSE-9"",""stId"":""2234"",""short_name"":""9""}",374558,Subject,"{""sub_institute_id"":""195"",""display_name"":""Sci.Descr.Test"",""subId"":""4183"",""standard_id"":""2234""}"
976416,29639,Standard,"{""sub_institute_id"":""195"",""standard_id"":""2235"",""name"":""Standard 2235"",""stId"":""2235"",""short_name"":""10""}",374558,Subject,"{""sub_institute_id"":""195"",""display_name"":""Sci.Descr.Test"",""subId"":""4183"",""standard_id"":""2234""}"
976417,29641,Standard,"{""sub_institute_id"":""195"",""standard_id"":""2237"",""name"":""CBSE-11 Sci"",""short_name"":""11 Sci."",""stId"":""2237""}",374558,Subject,"{""sub_institute_id"":""195"",""display_name"":""Sci.Descr.Test"",""subId"":""4183"",""standard_id"":""2234""}"
976418,29643,Standard,"{""sub_institute_id"":""195"",""standard_id"":""2268"",""name"":""CBSE-12 Sci"",""short_name"":""12 Sci."",""stId"":""2268""}",374558,Subject,"{""sub_institute_id"":""195"",""display_name"":""Sci.Descr.Test"",""subId"":""4183"",""standard_id"":""2234""}"
976419,29638,Standard,"{""sub_institute_id"":""195"",""standard_id"":""2234"",""name"":""CBSE-9"",""stId"":""2234"",""short_name"":""9""}",374559,Subject,"{""sub_institute_id"":""195"",""display_name"":""Math.Descr.Test"",""subId"":""4184"",""standard_id"":""2234""}"
976420,29639,Standard,"{""sub_institute_id"":""195"",""standard_id"":""2235"",""name"":""Standard 2235"",""stId"":""2235"",""short_name"":""10""}",374559,Subject,"{""sub_institute_id"":""195"",""display_name"":""Math.Descr.Test"",""subId"":""4184"",""standard_id"":""2234""}"
976421,29641,Standard,"{""sub_institute_id"":""195"",""standard_id"":""2237"",""name"":""CBSE-11 Sci"",""short_name"":""11 Sci."",""stId"":""2237""}",374559,Subject,"{""sub_institute_id"":""195"",""display_name"":""Math.Descr.Test"",""subId"":""4184"",""standard_id"":""2234""}"
976422,29643,Standard,"{""sub_institute_id"":""195"",""standard_id"":""2268"",""name"":""CBSE-12 Sci"",""short_name"":""12 Sci."",""stId"":""2268""}",374559,Subject,"{""sub_institute_id"":""195"",""display_name"":""Math.Descr.Test"",""subId"":""4184"",""standard_id"":""2234""}"
976423,29638,Standard,"{""sub_institute_id"":""195"",""standard_id"":""2234"",""name"":""CBSE-9"",""stId"":""2234"",""short_name"":""9""}",374560,Subject,"{""sub_institute_id"":""195"",""display_name"":""S.S. Descr.Test"",""subId"":""4185"",""standard_id"":""2234""}"
976424,29639,Standard,"{""sub_institute_id"":""195"",""standard_id"":""2235"",""name"":""Standard 2235"",""stId"":""2235"",""short_name"":""10""}",374560,Subject,"{""sub_institute_id"":""195"",""display_name"":""S.S. Descr.Test"",""subId"":""4185"",""standard_id"":""2234""}"
976425,29641,Standard,"{""sub_institute_id"":""195"",""standard_id"":""2237"",""name"":""CBSE-11 Sci"",""short_name"":""11 Sci."",""stId"":""2237""}",374560,Subject,"{""sub_institute_id"":""195"",""display_name"":""S.S. Descr.Test"",""subId"":""4185"",""standard_id"":""2234""}"
976426,29643,Standard,"{""sub_institute_id"":""195"",""standard_id"":""2268"",""name"":""CBSE-12 Sci"",""short_name"":""12 Sci."",""stId"":""2268""}",374560,Subject,"{""sub_institute_id"":""195"",""display_name"":""S.S. Descr.Test"",""subId"":""4185"",""standard_id"":""2234""}"
976427,29638,Standard,"{""sub_institute_id"":""195"",""standard_id"":""2234"",""name"":""CBSE-9"",""stId"":""2234"",""short_name"":""9""}",374561,Subject,"{""sub_institute_id"":""195"",""display_name"":""Language Test"",""subId"":""4186"",""standard_id"":""2234""}"
976428,29639,Standard,"{""sub_institute_id"":""195"",""standard_id"":""2235"",""name"":""Standard 2235"",""stId"":""2235"",""short_name"":""10""}",374561,Subject,"{""sub_institute_id"":""195"",""display_name"":""Language Test"",""subId"":""4186"",""standard_id"":""2234""}"
976429,29641,Standard,"{""sub_institute_id"":""195"",""standard_id"":""2237"",""name"":""CBSE-11 Sci"",""short_name"":""11 Sci."",""stId"":""2237""}",374561,Subject,"{""sub_institute_id"":""195"",""display_name"":""Language Test"",""subId"":""4186"",""standard_id"":""2234""}"
976430,29643,Standard,"{""sub_institute_id"":""195"",""standard_id"":""2268"",""name"":""CBSE-12 Sci"",""short_name"":""12 Sci."",""stId"":""2268""}",374561,Subject,"{""sub_institute_id"":""195"",""display_name"":""Language Test"",""subId"":""4186"",""standard_id"":""2234""}"
976431,29630,Standard,"{""sub_institute_id"":""195"",""standard_id"":""2226"",""name"":""CBSE-1"",""stId"":""2226"",""short_name"":""1""}",374562,Subject,"{""sub_institute_id"":""195"",""display_name"":""karate"",""subId"":""4208"",""standard_id"":""2226""}"
976432,29631,Standard,"{""sub_institute_id"":""195"",""standard_id"":""2227"",""name"":""Standard 2227"",""stId"":""2227"",""short_name"":""2""}",374562,Subject,"{""sub_institute_id"":""195"",""display_name"":""karate"",""subId"":""4208"",""standard_id"":""2226""}"
976433,29632,Standard,"{""sub_institute_id"":""195"",""standard_id"":""2228"",""name"":""Standard 2228"",""stId"":""2228"",""short_name"":""3""}",374562,Subject,"{""sub_institute_id"":""195"",""display_name"":""karate"",""subId"":""4208"",""standard_id"":""2226""}"
976434,29633,Standard,"{""sub_institute_id"":""195"",""standard_id"":""2229"",""name"":""Standard 2229"",""stId"":""2229"",""short_name"":""4""}",374562,Subject,"{""sub_institute_id"":""195"",""display_name"":""karate"",""subId"":""4208"",""standard_id"":""2226""}"
976435,29634,Standard,"{""sub_institute_id"":""195"",""standard_id"":""2230"",""name"":""CBSE-5"",""stId"":""2230"",""short_name"":""5""}",374562,Subject,"{""sub_institute_id"":""195"",""display_name"":""karate"",""subId"":""4208"",""standard_id"":""2226""}"
976436,29635,Standard,"{""sub_institute_id"":""195"",""standard_id"":""2231"",""name"":""CBSE-6"",""stId"":""2231"",""short_name"":""6""}",374562,Subject,"{""sub_institute_id"":""195"",""display_name"":""karate"",""subId"":""4208"",""standard_id"":""2226""}"
976437,29636,Standard,"{""sub_institute_id"":""195"",""standard_id"":""2232"",""name"":""CBSE-7"",""stId"":""2232"",""short_name"":""7""}",374562,Subject,"{""sub_institute_id"":""195"",""display_name"":""karate"",""subId"":""4208"",""standard_id"":""2226""}"
976438,29637,Standard,"{""sub_institute_id"":""195"",""standard_id"":""2233"",""name"":""CBSE-8"",""stId"":""2233"",""short_name"":""8""}",374562,Subject,"{""sub_institute_id"":""195"",""display_name"":""karate"",""subId"":""4208"",""standard_id"":""2226""}"
976439,29630,Standard,"{""sub_institute_id"":""195"",""standard_id"":""2226"",""name"":""CBSE-1"",""stId"":""2226"",""short_name"":""1""}",374531,Subject,"{""sub_institute_id"":""195"",""display_name"":""M.D"",""subId"":""4111"",""standard_id"":""2237""}"
976440,29631,Standard,"{""sub_institute_id"":""195"",""standard_id"":""2227"",""name"":""Standard 2227"",""stId"":""2227"",""short_name"":""2""}",374531,Subject,"{""sub_institute_id"":""195"",""display_name"":""M.D"",""subId"":""4111"",""standard_id"":""2237""}"
976441,29632,Standard,"{""sub_institute_id"":""195"",""standard_id"":""2228"",""name"":""Standard 2228"",""stId"":""2228"",""short_name"":""3""}",374531,Subject,"{""sub_institute_id"":""195"",""display_name"":""M.D"",""subId"":""4111"",""standard_id"":""2237""}"
976442,29633,Standard,"{""sub_institute_id"":""195"",""standard_id"":""2229"",""name"":""Standard 2229"",""stId"":""2229"",""short_name"":""4""}",374531,Subject,"{""sub_institute_id"":""195"",""display_name"":""M.D"",""subId"":""4111"",""standard_id"":""2237""}"
976443,29634,Standard,"{""sub_institute_id"":""195"",""standard_id"":""2230"",""name"":""CBSE-5"",""stId"":""2230"",""short_name"":""5""}",374531,Subject,"{""sub_institute_id"":""195"",""display_name"":""M.D"",""subId"":""4111"",""standard_id"":""2237""}"
976444,29630,Standard,"{""sub_institute_id"":""195"",""standard_id"":""2226"",""name"":""CBSE-1"",""stId"":""2226"",""short_name"":""1""}",374563,Subject,"{""sub_institute_id"":""195"",""display_name"":""SKT"",""subId"":""4209"",""standard_id"":""2226""}"
976445,29631,Standard,"{""sub_institute_id"":""195"",""standard_id"":""2227"",""name"":""Standard 2227"",""stId"":""2227"",""short_name"":""2""}",374563,Subject,"{""sub_institute_id"":""195"",""display_name"":""SKT"",""subId"":""4209"",""standard_id"":""2226""}"
976446,29632,Standard,"{""sub_institute_id"":""195"",""standard_id"":""2228"",""name"":""Standard 2228"",""stId"":""2228"",""short_name"":""3""}",374563,Subject,"{""sub_institute_id"":""195"",""display_name"":""SKT"",""subId"":""4209"",""standard_id"":""2226""}"
976447,29633,Standard,"{""sub_institute_id"":""195"",""standard_id"":""2229"",""name"":""Standard 2229"",""stId"":""2229"",""short_name"":""4""}",374563,Subject,"{""sub_institute_id"":""195"",""display_name"":""SKT"",""subId"":""4209"",""standard_id"":""2226""}"
976448,29634,Standard,"{""sub_institute_id"":""195"",""standard_id"":""2230"",""name"":""CBSE-5"",""stId"":""2230"",""short_name"":""5""}",374563,Subject,"{""sub_institute_id"":""195"",""display_name"":""SKT"",""subId"":""4209"",""standard_id"":""2226""}"
976449,29635,Standard,"{""sub_institute_id"":""195"",""standard_id"":""2231"",""name"":""CBSE-6"",""stId"":""2231"",""short_name"":""6""}",374563,Subject,"{""sub_institute_id"":""195"",""display_name"":""SKT"",""subId"":""4209"",""standard_id"":""2226""}"
976450,29636,Standard,"{""sub_institute_id"":""195"",""standard_id"":""2232"",""name"":""CBSE-7"",""stId"":""2232"",""short_name"":""7""}",374563,Subject,"{""sub_institute_id"":""195"",""display_name"":""SKT"",""subId"":""4209"",""standard_id"":""2226""}"
976451,29637,Standard,"{""sub_institute_id"":""195"",""standard_id"":""2233"",""name"":""CBSE-8"",""stId"":""2233"",""short_name"":""8""}",374563,Subject,"{""sub_institute_id"":""195"",""display_name"":""SKT"",""subId"":""4209"",""standard_id"":""2226""}"
976452,29630,Standard,"{""sub_institute_id"":""195"",""standard_id"":""2226"",""name"":""CBSE-1"",""stId"":""2226"",""short_name"":""1""}",374555,Subject,"{""sub_institute_id"":""195"",""display_name"":""Games"",""subId"":""4182"",""standard_id"":""2234""}"
976453,29631,Standard,"{""sub_institute_id"":""195"",""standard_id"":""2227"",""name"":""Standard 2227"",""stId"":""2227"",""short_name"":""2""}",374555,Subject,"{""sub_institute_id"":""195"",""display_name"":""Games"",""subId"":""4182"",""standard_id"":""2234""}"
976454,29632,Standard,"{""sub_institute_id"":""195"",""standard_id"":""2228"",""name"":""Standard 2228"",""stId"":""2228"",""short_name"":""3""}",374555,Subject,"{""sub_institute_id"":""195"",""display_name"":""Games"",""subId"":""4182"",""standard_id"":""2234""}"
976455,29633,Standard,"{""sub_institute_id"":""195"",""standard_id"":""2229"",""name"":""Standard 2229"",""stId"":""2229"",""short_name"":""4""}",374555,Subject,"{""sub_institute_id"":""195"",""display_name"":""Games"",""subId"":""4182"",""standard_id"":""2234""}"
976456,29634,Standard,"{""sub_institute_id"":""195"",""standard_id"":""2230"",""name"":""CBSE-5"",""stId"":""2230"",""short_name"":""5""}",374555,Subject,"{""sub_institute_id"":""195"",""display_name"":""Games"",""subId"":""4182"",""standard_id"":""2234""}"
976457,29635,Standard,"{""sub_institute_id"":""195"",""standard_id"":""2231"",""name"":""CBSE-6"",""stId"":""2231"",""short_name"":""6""}",374555,Subject,"{""sub_institute_id"":""195"",""display_name"":""Games"",""subId"":""4182"",""standard_id"":""2234""}"
976458,29636,Standard,"{""sub_institute_id"":""195"",""standard_id"":""2232"",""name"":""CBSE-7"",""stId"":""2232"",""short_name"":""7""}",374555,Subject,"{""sub_institute_id"":""195"",""display_name"":""Games"",""subId"":""4182"",""standard_id"":""2234""}"
976459,29637,Standard,"{""sub_institute_id"":""195"",""standard_id"":""2233"",""name"":""CBSE-8"",""stId"":""2233"",""short_name"":""8""}",374555,Subject,"{""sub_institute_id"":""195"",""display_name"":""Games"",""subId"":""4182"",""standard_id"":""2234""}"
976460,29627,Standard,"{""sub_institute_id"":""195"",""standard_id"":""2223"",""name"":""CBSE-NR"",""stId"":""2223"",""short_name"":""NR""}",374451,Subject,"{""sub_institute_id"":""195"",""display_name"":""MATHEMATICS"",""subId"":""3970"",""standard_id"":""2226""}"
976461,29627,Standard,"{""sub_institute_id"":""195"",""standard_id"":""2223"",""name"":""CBSE-NR"",""stId"":""2223"",""short_name"":""NR""}",374449,Subject,"{""sub_institute_id"":""195"",""display_name"":""ENGLISH (184)"",""subId"":""3967"",""standard_id"":""2226""}"
976462,29627,Standard,"{""sub_institute_id"":""195"",""standard_id"":""2223"",""name"":""CBSE-NR"",""stId"":""2223"",""short_name"":""NR""}",374549,Subject,"{""sub_institute_id"":""195"",""display_name"":""EST"",""subId"":""4163"",""standard_id"":""2226""}"
976463,29628,Standard,"{""sub_institute_id"":""195"",""standard_id"":""2224"",""name"":""CBSE-SR"",""stId"":""2224"",""short_name"":""SR""}",374549,Subject,"{""sub_institute_id"":""195"",""display_name"":""EST"",""subId"":""4163"",""standard_id"":""2226""}"
976464,29629,Standard,"{""sub_institute_id"":""195"",""standard_id"":""2225"",""name"":""CBSE-JR"",""stId"":""2225"",""short_name"":""JR""}",374549,Subject,"{""sub_institute_id"":""195"",""display_name"":""EST"",""subId"":""4163"",""standard_id"":""2226""}"
976465,29627,Standard,"{""sub_institute_id"":""195"",""standard_id"":""2223"",""name"":""CBSE-NR"",""stId"":""2223"",""short_name"":""NR""}",374543,Subject,"{""sub_institute_id"":""195"",""display_name"":""Art"",""subId"":""4096"",""standard_id"":""2226""}"
976466,29641,Standard,"{""sub_institute_id"":""195"",""standard_id"":""2237"",""name"":""CBSE-11 Sci"",""short_name"":""11 Sci."",""stId"":""2237""}",374532,Subject,"{""sub_institute_id"":""195"",""display_name"":""Eng (Test)"",""subId"":""4102"",""standard_id"":""2236""}"
976467,29629,Standard,"{""sub_institute_id"":""195"",""standard_id"":""2225"",""name"":""CBSE-JR"",""stId"":""2225"",""short_name"":""JR""}",374450,Subject,"{""sub_institute_id"":""195"",""display_name"":""HINDI"",""subId"":""3969"",""standard_id"":""2226""}"
976468,29627,Standard,"{""sub_institute_id"":""195"",""standard_id"":""2223"",""name"":""CBSE-NR"",""stId"":""2223"",""short_name"":""NR""}",374564,Subject,"{""sub_institute_id"":""195"",""display_name"":""Rhymes And Story"",""subId"":""4222"",""standard_id"":""2223""}"
976469,29640,Standard,"{""sub_institute_id"":""195"",""standard_id"":""2236"",""name"":""CBSE-11 Com"",""short_name"":""11 Com."",""stId"":""2236""}",374565,Subject,"{""sub_institute_id"":""195"",""display_name"":""COMPUTER SCIENCE (083)"",""subId"":""3966"",""standard_id"":""2236""}"
976470,29641,Standard,"{""sub_institute_id"":""195"",""standard_id"":""2237"",""name"":""CBSE-11 Sci"",""short_name"":""11 Sci."",""stId"":""2237""}",374565,Subject,"{""sub_institute_id"":""195"",""display_name"":""COMPUTER SCIENCE (083)"",""subId"":""3966"",""standard_id"":""2236""}"
976471,29642,Standard,"{""sub_institute_id"":""195"",""standard_id"":""2267"",""name"":""CBSE-12 Com"",""short_name"":""12 Com."",""stId"":""2267""}",374565,Subject,"{""sub_institute_id"":""195"",""display_name"":""COMPUTER SCIENCE (083)"",""subId"":""3966"",""standard_id"":""2236""}"
976472,29643,Standard,"{""sub_institute_id"":""195"",""standard_id"":""2268"",""name"":""CBSE-12 Sci"",""short_name"":""12 Sci."",""stId"":""2268""}",374565,Subject,"{""sub_institute_id"":""195"",""display_name"":""COMPUTER SCIENCE (083)"",""subId"":""3966"",""standard_id"":""2236""}"
976473,29638,Standard,"{""sub_institute_id"":""195"",""standard_id"":""2234"",""name"":""CBSE-9"",""stId"":""2234"",""short_name"":""9""}",374566,Subject,"{""sub_institute_id"":""195"",""display_name"":""IT (402)"",""subId"":""4390"",""standard_id"":""2234""}"
976474,29639,Standard,"{""sub_institute_id"":""195"",""standard_id"":""2235"",""name"":""Standard 2235"",""stId"":""2235"",""short_name"":""10""}",374566,Subject,"{""sub_institute_id"":""195"",""display_name"":""IT (402)"",""subId"":""4390"",""standard_id"":""2234""}"
976475,29627,Standard,"{""sub_institute_id"":""195"",""standard_id"":""2223"",""name"":""CBSE-NR"",""stId"":""2223"",""short_name"":""NR""}",374567,Subject,"{""sub_institute_id"":""195"",""display_name"":""C.T"",""subId"":""4394"",""standard_id"":""2223""}"
976476,29628,Standard,"{""sub_institute_id"":""195"",""standard_id"":""2224"",""name"":""CBSE-SR"",""stId"":""2224"",""short_name"":""SR""}",374567,Subject,"{""sub_institute_id"":""195"",""display_name"":""C.T"",""subId"":""4394"",""standard_id"":""2223""}"
976477,29629,Standard,"{""sub_institute_id"":""195"",""standard_id"":""2225"",""name"":""CBSE-JR"",""stId"":""2225"",""short_name"":""JR""}",374567,Subject,"{""sub_institute_id"":""195"",""display_name"":""C.T"",""subId"":""4394"",""standard_id"":""2223""}"
976478,29630,Standard,"{""sub_institute_id"":""195"",""standard_id"":""2226"",""name"":""CBSE-1"",""stId"":""2226"",""short_name"":""1""}",374567,Subject,"{""sub_institute_id"":""195"",""display_name"":""C.T"",""subId"":""4394"",""standard_id"":""2223""}"
976479,29631,Standard,"{""sub_institute_id"":""195"",""standard_id"":""2227"",""name"":""Standard 2227"",""stId"":""2227"",""short_name"":""2""}",374567,Subject,"{""sub_institute_id"":""195"",""display_name"":""C.T"",""subId"":""4394"",""standard_id"":""2223""}"
976480,29632,Standard,"{""sub_institute_id"":""195"",""standard_id"":""2228"",""name"":""Standard 2228"",""stId"":""2228"",""short_name"":""3""}",374567,Subject,"{""sub_institute_id"":""195"",""display_name"":""C.T"",""subId"":""4394"",""standard_id"":""2223""}"
976481,29633,Standard,"{""sub_institute_id"":""195"",""standard_id"":""2229"",""name"":""Standard 2229"",""stId"":""2229"",""short_name"":""4""}",374567,Subject,"{""sub_institute_id"":""195"",""display_name"":""C.T"",""subId"":""4394"",""standard_id"":""2223""}"
976482,29634,Standard,"{""sub_institute_id"":""195"",""standard_id"":""2230"",""name"":""CBSE-5"",""stId"":""2230"",""short_name"":""5""}",374567,Subject,"{""sub_institute_id"":""195"",""display_name"":""C.T"",""subId"":""4394"",""standard_id"":""2223""}"
976483,29635,Standard,"{""sub_institute_id"":""195"",""standard_id"":""2231"",""name"":""CBSE-6"",""stId"":""2231"",""short_name"":""6""}",374567,Subject,"{""sub_institute_id"":""195"",""display_name"":""C.T"",""subId"":""4394"",""standard_id"":""2223""}"
976484,29636,Standard,"{""sub_institute_id"":""195"",""standard_id"":""2232"",""name"":""CBSE-7"",""stId"":""2232"",""short_name"":""7""}",374567,Subject,"{""sub_institute_id"":""195"",""display_name"":""C.T"",""subId"":""4394"",""standard_id"":""2223""}"
976485,29637,Standard,"{""sub_institute_id"":""195"",""standard_id"":""2233"",""name"":""CBSE-8"",""stId"":""2233"",""short_name"":""8""}",374567,Subject,"{""sub_institute_id"":""195"",""display_name"":""C.T"",""subId"":""4394"",""standard_id"":""2223""}"
976486,29638,Standard,"{""sub_institute_id"":""195"",""standard_id"":""2234"",""name"":""CBSE-9"",""stId"":""2234"",""short_name"":""9""}",374567,Subject,"{""sub_institute_id"":""195"",""display_name"":""C.T"",""subId"":""4394"",""standard_id"":""2223""}"
976487,29639,Standard,"{""sub_institute_id"":""195"",""standard_id"":""2235"",""name"":""Standard 2235"",""stId"":""2235"",""short_name"":""10""}",374567,Subject,"{""sub_institute_id"":""195"",""display_name"":""C.T"",""subId"":""4394"",""standard_id"":""2223""}"
976488,29640,Standard,"{""sub_institute_id"":""195"",""standard_id"":""2236"",""name"":""CBSE-11 Com"",""short_name"":""11 Com."",""stId"":""2236""}",374567,Subject,"{""sub_institute_id"":""195"",""display_name"":""C.T"",""subId"":""4394"",""standard_id"":""2223""}"
976489,29641,Standard,"{""sub_institute_id"":""195"",""standard_id"":""2237"",""name"":""CBSE-11 Sci"",""short_name"":""11 Sci."",""stId"":""2237""}",374567,Subject,"{""sub_institute_id"":""195"",""display_name"":""C.T"",""subId"":""4394"",""standard_id"":""2223""}"
976490,29642,Standard,"{""sub_institute_id"":""195"",""standard_id"":""2267"",""name"":""CBSE-12 Com"",""short_name"":""12 Com."",""stId"":""2267""}",374567,Subject,"{""sub_institute_id"":""195"",""display_name"":""C.T"",""subId"":""4394"",""standard_id"":""2223""}"
976491,29643,Standard,"{""sub_institute_id"":""195"",""standard_id"":""2268"",""name"":""CBSE-12 Sci"",""short_name"":""12 Sci."",""stId"":""2268""}",374567,Subject,"{""sub_institute_id"":""195"",""display_name"":""C.T"",""subId"":""4394"",""standard_id"":""2223""}"
976492,163722,Standard,"{""sub_institute_id"":""1"",""standard_id"":""40"",""name"":""Standard 40"",""stId"":""40"",""short_name"":""C-7""}",374568,Subject,"{""sub_institute_id"":""1"",""display_name"":""History"",""subId"":""4469"",""standard_id"":""40""}"
976493,163722,Standard,"{""sub_institute_id"":""1"",""standard_id"":""40"",""name"":""Standard 40"",""stId"":""40"",""short_name"":""C-7""}",374569,Subject,"{""sub_institute_id"":""1"",""display_name"":""Civics"",""subId"":""4470"",""standard_id"":""40""}"
976494,163724,Standard,"{""sub_institute_id"":""1"",""standard_id"":""42"",""name"":""Standard 42"",""stId"":""42"",""short_name"":""C-9""}",374570,Subject,"{""sub_institute_id"":""1"",""display_name"":""English-2"",""subId"":""4435"",""standard_id"":""42""}"
976495,163724,Standard,"{""sub_institute_id"":""1"",""standard_id"":""42"",""name"":""Standard 42"",""stId"":""42"",""short_name"":""C-9""}",374568,Subject,"{""sub_institute_id"":""1"",""display_name"":""History"",""subId"":""4469"",""standard_id"":""40""}"
976496,163724,Standard,"{""sub_institute_id"":""1"",""standard_id"":""42"",""name"":""Standard 42"",""stId"":""42"",""short_name"":""C-9""}",374569,Subject,"{""sub_institute_id"":""1"",""display_name"":""Civics"",""subId"":""4470"",""standard_id"":""40""}"
976497,163724,Standard,"{""sub_institute_id"":""1"",""standard_id"":""42"",""name"":""Standard 42"",""stId"":""42"",""short_name"":""C-9""}",374459,Subject,"{""sub_institute_id"":""1"",""display_name"":""English Grammar"",""subId"":""3979"",""standard_id"":""41""}"
976498,163724,Standard,"{""sub_institute_id"":""1"",""standard_id"":""42"",""name"":""Standard 42"",""stId"":""42"",""short_name"":""C-9""}",374571,Subject,"{""sub_institute_id"":""1"",""display_name"":""Economics"",""subId"":""4472"",""standard_id"":""42""}"
976499,163723,Standard,"{""sub_institute_id"":""1"",""standard_id"":""41"",""name"":""Standard 41"",""stId"":""41"",""short_name"":""C-8""}",374568,Subject,"{""sub_institute_id"":""1"",""display_name"":""History"",""subId"":""4469"",""standard_id"":""40""}"
976500,163723,Standard,"{""sub_institute_id"":""1"",""standard_id"":""41"",""name"":""Standard 41"",""stId"":""41"",""short_name"":""C-8""}",374569,Subject,"{""sub_institute_id"":""1"",""display_name"":""Civics"",""subId"":""4470"",""standard_id"":""40""}"
976501,163723,Standard,"{""sub_institute_id"":""1"",""standard_id"":""41"",""name"":""Standard 41"",""stId"":""41"",""short_name"":""C-8""}",374570,Subject,"{""sub_institute_id"":""1"",""display_name"":""English-2"",""subId"":""4435"",""standard_id"":""42""}"
976502,163727,Standard,"{""sub_institute_id"":""1"",""standard_id"":""45"",""name"":""12"",""stId"":""45"",""short_name"":""C-12""}",374455,Subject,"{""sub_institute_id"":""1"",""display_name"":""Science"",""subId"":""3975"",""standard_id"":""39""}"
976503,163727,Standard,"{""sub_institute_id"":""1"",""standard_id"":""45"",""name"":""12"",""stId"":""45"",""short_name"":""C-12""}",374544,Subject,"{""sub_institute_id"":""1"",""display_name"":""Chemistry"",""subId"":""4119"",""standard_id"":""2305""}"
976504,163727,Standard,"{""sub_institute_id"":""1"",""standard_id"":""45"",""name"":""12"",""stId"":""45"",""short_name"":""C-12""}",374456,Subject,"{""sub_institute_id"":""1"",""display_name"":""Mathematics"",""subId"":""3976"",""standard_id"":""39""}"
976505,163727,Standard,"{""sub_institute_id"":""1"",""standard_id"":""45"",""name"":""12"",""stId"":""45"",""short_name"":""C-12""}",374572,Subject,"{""sub_institute_id"":""1"",""display_name"":""Biology"",""subId"":""4106"",""standard_id"":""45""}"
976506,163727,Standard,"{""sub_institute_id"":""1"",""standard_id"":""45"",""name"":""12"",""stId"":""45"",""short_name"":""C-12""}",374457,Subject,"{""sub_institute_id"":""1"",""display_name"":""English "",""subId"":""3978"",""standard_id"":""39""}"
976507,163727,Standard,"{""sub_institute_id"":""1"",""standard_id"":""45"",""name"":""12"",""stId"":""45"",""short_name"":""C-12""}",374573,Subject,"{""sub_institute_id"":""1"",""display_name"":""History"",""subId"":""4480"",""standard_id"":""45""}"
976508,163727,Standard,"{""sub_institute_id"":""1"",""standard_id"":""45"",""name"":""12"",""stId"":""45"",""short_name"":""C-12""}",374574,Subject,"{""sub_institute_id"":""1"",""display_name"":""Geography"",""subId"":""4481"",""standard_id"":""45""}"
976509,163727,Standard,"{""sub_institute_id"":""1"",""standard_id"":""45"",""name"":""12"",""stId"":""45"",""short_name"":""C-12""}",374485,Subject,"{""sub_institute_id"":""1"",""display_name"":""IT & Computer"",""subId"":""4046"",""standard_id"":""2269""}"
976510,163727,Standard,"{""sub_institute_id"":""1"",""standard_id"":""45"",""name"":""12"",""stId"":""45"",""short_name"":""C-12""}",374502,Subject,"{""sub_institute_id"":""1"",""display_name"":""Information technology"",""subId"":""4044"",""standard_id"":""2271""}"
976511,163727,Standard,"{""sub_institute_id"":""1"",""standard_id"":""45"",""name"":""12"",""stId"":""45"",""short_name"":""C-12""}",374458,Subject,"{""sub_institute_id"":""1"",""display_name"":""Hindi-A Vasant-1"",""subId"":""3977"",""standard_id"":""39""}"
976512,163727,Standard,"{""sub_institute_id"":""1"",""standard_id"":""45"",""name"":""12"",""stId"":""45"",""short_name"":""C-12""}",374575,Subject,"{""sub_institute_id"":""1"",""display_name"":""Accountancy"",""subId"":""4482"",""standard_id"":""45""}"
976513,163727,Standard,"{""sub_institute_id"":""1"",""standard_id"":""45"",""name"":""12"",""stId"":""45"",""short_name"":""C-12""}",374571,Subject,"{""sub_institute_id"":""1"",""display_name"":""Economics"",""subId"":""4472"",""standard_id"":""42""}"
976514,163727,Standard,"{""sub_institute_id"":""1"",""standard_id"":""45"",""name"":""12"",""stId"":""45"",""short_name"":""C-12""}",374576,Subject,"{""sub_institute_id"":""1"",""display_name"":""Business Studies"",""subId"":""4483"",""standard_id"":""45""}"
976515,163726,Standard,"{""sub_institute_id"":""1"",""standard_id"":""44"",""name"":""11"",""stId"":""44"",""short_name"":""C-11""}",374455,Subject,"{""sub_institute_id"":""1"",""display_name"":""Science"",""subId"":""3975"",""standard_id"":""39""}"
976516,163726,Standard,"{""sub_institute_id"":""1"",""standard_id"":""44"",""name"":""11"",""stId"":""44"",""short_name"":""C-11""}",374544,Subject,"{""sub_institute_id"":""1"",""display_name"":""Chemistry"",""subId"":""4119"",""standard_id"":""2305""}"
976517,163726,Standard,"{""sub_institute_id"":""1"",""standard_id"":""44"",""name"":""11"",""stId"":""44"",""short_name"":""C-11""}",374456,Subject,"{""sub_institute_id"":""1"",""display_name"":""Mathematics"",""subId"":""3976"",""standard_id"":""39""}"
976518,163726,Standard,"{""sub_institute_id"":""1"",""standard_id"":""44"",""name"":""11"",""stId"":""44"",""short_name"":""C-11""}",374572,Subject,"{""sub_institute_id"":""1"",""display_name"":""Biology"",""subId"":""4106"",""standard_id"":""45""}"
976519,163726,Standard,"{""sub_institute_id"":""1"",""standard_id"":""44"",""name"":""11"",""stId"":""44"",""short_name"":""C-11""}",374457,Subject,"{""sub_institute_id"":""1"",""display_name"":""English "",""subId"":""3978"",""standard_id"":""39""}"
976520,163726,Standard,"{""sub_institute_id"":""1"",""standard_id"":""44"",""name"":""11"",""stId"":""44"",""short_name"":""C-11""}",374573,Subject,"{""sub_institute_id"":""1"",""display_name"":""History"",""subId"":""4480"",""standard_id"":""45""}"
976521,163726,Standard,"{""sub_institute_id"":""1"",""standard_id"":""44"",""name"":""11"",""stId"":""44"",""short_name"":""C-11""}",374574,Subject,"{""sub_institute_id"":""1"",""display_name"":""Geography"",""subId"":""4481"",""standard_id"":""45""}"
976522,163726,Standard,"{""sub_institute_id"":""1"",""standard_id"":""44"",""name"":""11"",""stId"":""44"",""short_name"":""C-11""}",374485,Subject,"{""sub_institute_id"":""1"",""display_name"":""IT & Computer"",""subId"":""4046"",""standard_id"":""2269""}"
976523,163726,Standard,"{""sub_institute_id"":""1"",""standard_id"":""44"",""name"":""11"",""stId"":""44"",""short_name"":""C-11""}",374502,Subject,"{""sub_institute_id"":""1"",""display_name"":""Information technology"",""subId"":""4044"",""standard_id"":""2271""}"
976524,163726,Standard,"{""sub_institute_id"":""1"",""standard_id"":""44"",""name"":""11"",""stId"":""44"",""short_name"":""C-11""}",374458,Subject,"{""sub_institute_id"":""1"",""display_name"":""Hindi-A Vasant-1"",""subId"":""3977"",""standard_id"":""39""}"
976525,163726,Standard,"{""sub_institute_id"":""1"",""standard_id"":""44"",""name"":""11"",""stId"":""44"",""short_name"":""C-11""}",374575,Subject,"{""sub_institute_id"":""1"",""display_name"":""Accountancy"",""subId"":""4482"",""standard_id"":""45""}"
976526,163726,Standard,"{""sub_institute_id"":""1"",""standard_id"":""44"",""name"":""11"",""stId"":""44"",""short_name"":""C-11""}",374571,Subject,"{""sub_institute_id"":""1"",""display_name"":""Economics"",""subId"":""4472"",""standard_id"":""42""}"
976527,163726,Standard,"{""sub_institute_id"":""1"",""standard_id"":""44"",""name"":""11"",""stId"":""44"",""short_name"":""C-11""}",374576,Subject,"{""sub_institute_id"":""1"",""display_name"":""Business Studies"",""subId"":""4483"",""standard_id"":""45""}"
976528,163726,Standard,"{""sub_institute_id"":""1"",""standard_id"":""44"",""name"":""11"",""stId"":""44"",""short_name"":""C-11""}",374570,Subject,"{""sub_institute_id"":""1"",""display_name"":""English-2"",""subId"":""4435"",""standard_id"":""42""}"
976529,163726,Standard,"{""sub_institute_id"":""1"",""standard_id"":""44"",""name"":""11"",""stId"":""44"",""short_name"":""C-11""}",374459,Subject,"{""sub_institute_id"":""1"",""display_name"":""English Grammar"",""subId"":""3979"",""standard_id"":""41""}"
976530,163727,Standard,"{""sub_institute_id"":""1"",""standard_id"":""45"",""name"":""12"",""stId"":""45"",""short_name"":""C-12""}",374570,Subject,"{""sub_institute_id"":""1"",""display_name"":""English-2"",""subId"":""4435"",""standard_id"":""42""}"
976531,163727,Standard,"{""sub_institute_id"":""1"",""standard_id"":""45"",""name"":""12"",""stId"":""45"",""short_name"":""C-12""}",374459,Subject,"{""sub_institute_id"":""1"",""display_name"":""English Grammar"",""subId"":""3979"",""standard_id"":""41""}"
976532,163724,Standard,"{""sub_institute_id"":""1"",""standard_id"":""42"",""name"":""Standard 42"",""stId"":""42"",""short_name"":""C-9""}",374577,Subject,"{""sub_institute_id"":""1"",""display_name"":""Hindi-B"",""subId"":""4512"",""standard_id"":""42""}"
976533,163721,Standard,"{""sub_institute_id"":""1"",""standard_id"":""39"",""name"":""Standard 39"",""stId"":""39"",""short_name"":""C-6""}",374577,Subject,"{""sub_institute_id"":""1"",""display_name"":""Hindi-B"",""subId"":""4512"",""standard_id"":""42""}"
976534,163722,Standard,"{""sub_institute_id"":""1"",""standard_id"":""40"",""name"":""Standard 40"",""stId"":""40"",""short_name"":""C-7""}",374577,Subject,"{""sub_institute_id"":""1"",""display_name"":""Hindi-B"",""subId"":""4512"",""standard_id"":""42""}"
976535,163725,Standard,"{""sub_institute_id"":""1"",""standard_id"":""43"",""name"":""10"",""stId"":""43"",""short_name"":""C-10""}",374570,Subject,"{""sub_institute_id"":""1"",""display_name"":""English-2"",""subId"":""4435"",""standard_id"":""42""}"
976536,163725,Standard,"{""sub_institute_id"":""1"",""standard_id"":""43"",""name"":""10"",""stId"":""43"",""short_name"":""C-10""}",374458,Subject,"{""sub_institute_id"":""1"",""display_name"":""Hindi-A Vasant-1"",""subId"":""3977"",""standard_id"":""39""}"
976537,163725,Standard,"{""sub_institute_id"":""1"",""standard_id"":""43"",""name"":""10"",""stId"":""43"",""short_name"":""C-10""}",374577,Subject,"{""sub_institute_id"":""1"",""display_name"":""Hindi-B"",""subId"":""4512"",""standard_id"":""42""}"
976538,163725,Standard,"{""sub_institute_id"":""1"",""standard_id"":""43"",""name"":""10"",""stId"":""43"",""short_name"":""C-10""}",374460,Subject,"{""sub_institute_id"":""1"",""display_name"":""Hindi Grammar"",""subId"":""3980"",""standard_id"":""39""}"
976539,163725,Standard,"{""sub_institute_id"":""1"",""standard_id"":""43"",""name"":""10"",""stId"":""43"",""short_name"":""C-10""}",374568,Subject,"{""sub_institute_id"":""1"",""display_name"":""History"",""subId"":""4469"",""standard_id"":""40""}"
976540,163725,Standard,"{""sub_institute_id"":""1"",""standard_id"":""43"",""name"":""10"",""stId"":""43"",""short_name"":""C-10""}",374569,Subject,"{""sub_institute_id"":""1"",""display_name"":""Civics"",""subId"":""4470"",""standard_id"":""40""}"
976541,163725,Standard,"{""sub_institute_id"":""1"",""standard_id"":""43"",""name"":""10"",""stId"":""43"",""short_name"":""C-10""}",374571,Subject,"{""sub_institute_id"":""1"",""display_name"":""Economics"",""subId"":""4472"",""standard_id"":""42""}"
976542,163725,Standard,"{""sub_institute_id"":""1"",""standard_id"":""43"",""name"":""10"",""stId"":""43"",""short_name"":""C-10""}",374459,Subject,"{""sub_institute_id"":""1"",""display_name"":""English Grammar"",""subId"":""3979"",""standard_id"":""41""}"
976543,163721,Standard,"{""sub_institute_id"":""1"",""standard_id"":""39"",""name"":""Standard 39"",""stId"":""39"",""short_name"":""C-6""}",374578,Subject,"{""sub_institute_id"":""1"",""display_name"":""Hindi-A Bal Ram Katha"",""subId"":""4598"",""standard_id"":""39""}"
976544,29630,Standard,"{""sub_institute_id"":""195"",""standard_id"":""2226"",""name"":""CBSE-1"",""stId"":""2226"",""short_name"":""1""}",374520,Subject,"{""sub_institute_id"":""195"",""display_name"":""GUJARATI"",""subId"":""4065"",""standard_id"":""2228""}"
976545,29631,Standard,"{""sub_institute_id"":""195"",""standard_id"":""2227"",""name"":""Standard 2227"",""stId"":""2227"",""short_name"":""2""}",374520,Subject,"{""sub_institute_id"":""195"",""display_name"":""GUJARATI"",""subId"":""4065"",""standard_id"":""2228""}"
976546,29630,Standard,"{""sub_institute_id"":""195"",""standard_id"":""2226"",""name"":""CBSE-1"",""stId"":""2226"",""short_name"":""1""}",374579,Subject,"{""sub_institute_id"":""195"",""display_name"":""Music"",""subId"":""4754"",""standard_id"":""2226""}"
976547,29631,Standard,"{""sub_institute_id"":""195"",""standard_id"":""2227"",""name"":""Standard 2227"",""stId"":""2227"",""short_name"":""2""}",374579,Subject,"{""sub_institute_id"":""195"",""display_name"":""Music"",""subId"":""4754"",""standard_id"":""2226""}"
976548,29632,Standard,"{""sub_institute_id"":""195"",""standard_id"":""2228"",""name"":""Standard 2228"",""stId"":""2228"",""short_name"":""3""}",374579,Subject,"{""sub_institute_id"":""195"",""display_name"":""Music"",""subId"":""4754"",""standard_id"":""2226""}"
976549,29633,Standard,"{""sub_institute_id"":""195"",""standard_id"":""2229"",""name"":""Standard 2229"",""stId"":""2229"",""short_name"":""4""}",374579,Subject,"{""sub_institute_id"":""195"",""display_name"":""Music"",""subId"":""4754"",""standard_id"":""2226""}"
976550,29634,Standard,"{""sub_institute_id"":""195"",""standard_id"":""2230"",""name"":""CBSE-5"",""stId"":""2230"",""short_name"":""5""}",374579,Subject,"{""sub_institute_id"":""195"",""display_name"":""Music"",""subId"":""4754"",""standard_id"":""2226""}"
976551,29635,Standard,"{""sub_institute_id"":""195"",""standard_id"":""2231"",""name"":""CBSE-6"",""stId"":""2231"",""short_name"":""6""}",374579,Subject,"{""sub_institute_id"":""195"",""display_name"":""Music"",""subId"":""4754"",""standard_id"":""2226""}"
976552,29636,Standard,"{""sub_institute_id"":""195"",""standard_id"":""2232"",""name"":""CBSE-7"",""stId"":""2232"",""short_name"":""7""}",374579,Subject,"{""sub_institute_id"":""195"",""display_name"":""Music"",""subId"":""4754"",""standard_id"":""2226""}"
976553,29637,Standard,"{""sub_institute_id"":""195"",""standard_id"":""2233"",""name"":""CBSE-8"",""stId"":""2233"",""short_name"":""8""}",374579,Subject,"{""sub_institute_id"":""195"",""display_name"":""Music"",""subId"":""4754"",""standard_id"":""2226""}"
976554,29638,Standard,"{""sub_institute_id"":""195"",""standard_id"":""2234"",""name"":""CBSE-9"",""stId"":""2234"",""short_name"":""9""}",374579,Subject,"{""sub_institute_id"":""195"",""display_name"":""Music"",""subId"":""4754"",""standard_id"":""2226""}"
976555,29638,Standard,"{""sub_institute_id"":""195"",""standard_id"":""2234"",""name"":""CBSE-9"",""stId"":""2234"",""short_name"":""9""}",374452,Subject,"{""sub_institute_id"":""195"",""display_name"":""SCIENCE"",""subId"":""3971"",""standard_id"":""2226""}"
976556,29628,Standard,"{""sub_institute_id"":""195"",""standard_id"":""2224"",""name"":""CBSE-SR"",""stId"":""2224"",""short_name"":""SR""}",374580,Subject,"{""sub_institute_id"":""195"",""display_name"":""Phonics"",""subId"":""4762"",""standard_id"":""2224""}"
976557,29640,Standard,"{""sub_institute_id"":""195"",""standard_id"":""2236"",""name"":""CBSE-11 Com"",""short_name"":""11 Com."",""stId"":""2236""}",374581,Subject,"{""sub_institute_id"":""195"",""display_name"":""Reading"",""subId"":""4763"",""standard_id"":""2236""}"
976558,29641,Standard,"{""sub_institute_id"":""195"",""standard_id"":""2237"",""name"":""CBSE-11 Sci"",""short_name"":""11 Sci."",""stId"":""2237""}",374581,Subject,"{""sub_institute_id"":""195"",""display_name"":""Reading"",""subId"":""4763"",""standard_id"":""2236""}"
976559,29643,Standard,"{""sub_institute_id"":""195"",""standard_id"":""2268"",""name"":""CBSE-12 Sci"",""short_name"":""12 Sci."",""stId"":""2268""}",374581,Subject,"{""sub_institute_id"":""195"",""display_name"":""Reading"",""subId"":""4763"",""standard_id"":""2236""}"
976560,163716,Standard,"{""sub_institute_id"":""1"",""standard_id"":""34"",""name"":""1"",""stId"":""34"",""short_name"":""C-1""}",374582,Subject,"{""sub_institute_id"":""1"",""display_name"":""Self Awareness"",""subId"":""4780"",""standard_id"":""34""}"
976561,163716,Standard,"{""sub_institute_id"":""1"",""standard_id"":""34"",""name"":""1"",""stId"":""34"",""short_name"":""C-1""}",374583,Subject,"{""sub_institute_id"":""1"",""display_name"":""Self Management"",""subId"":""5108"",""standard_id"":""34""}"
976562,163717,Standard,"{""sub_institute_id"":""1"",""standard_id"":""35"",""name"":""2"",""stId"":""35"",""short_name"":""C-2""}",374582,Subject,"{""sub_institute_id"":""1"",""display_name"":""Self Awareness"",""subId"":""4780"",""standard_id"":""34""}"
976563,163718,Standard,"{""sub_institute_id"":""1"",""standard_id"":""36"",""name"":""3"",""stId"":""36"",""short_name"":""C-3""}",374582,Subject,"{""sub_institute_id"":""1"",""display_name"":""Self Awareness"",""subId"":""4780"",""standard_id"":""34""}"
976564,163719,Standard,"{""sub_institute_id"":""1"",""standard_id"":""37"",""name"":""4"",""stId"":""37"",""short_name"":""C-4""}",374582,Subject,"{""sub_institute_id"":""1"",""display_name"":""Self Awareness"",""subId"":""4780"",""standard_id"":""34""}"
976565,163720,Standard,"{""sub_institute_id"":""1"",""standard_id"":""38"",""name"":""5"",""stId"":""38"",""short_name"":""C-5""}",374582,Subject,"{""sub_institute_id"":""1"",""display_name"":""Self Awareness"",""subId"":""4780"",""standard_id"":""34""}"
976566,163721,Standard,"{""sub_institute_id"":""1"",""standard_id"":""39"",""name"":""Standard 39"",""stId"":""39"",""short_name"":""C-6""}",374582,Subject,"{""sub_institute_id"":""1"",""display_name"":""Self Awareness"",""subId"":""4780"",""standard_id"":""34""}"
976567,163722,Standard,"{""sub_institute_id"":""1"",""standard_id"":""40"",""name"":""Standard 40"",""stId"":""40"",""short_name"":""C-7""}",374582,Subject,"{""sub_institute_id"":""1"",""display_name"":""Self Awareness"",""subId"":""4780"",""standard_id"":""34""}"
976568,163723,Standard,"{""sub_institute_id"":""1"",""standard_id"":""41"",""name"":""Standard 41"",""stId"":""41"",""short_name"":""C-8""}",374582,Subject,"{""sub_institute_id"":""1"",""display_name"":""Self Awareness"",""subId"":""4780"",""standard_id"":""34""}"
976569,163724,Standard,"{""sub_institute_id"":""1"",""standard_id"":""42"",""name"":""Standard 42"",""stId"":""42"",""short_name"":""C-9""}",374582,Subject,"{""sub_institute_id"":""1"",""display_name"":""Self Awareness"",""subId"":""4780"",""standard_id"":""34""}"
976570,163726,Standard,"{""sub_institute_id"":""1"",""standard_id"":""44"",""name"":""11"",""stId"":""44"",""short_name"":""C-11""}",374582,Subject,"{""sub_institute_id"":""1"",""display_name"":""Self Awareness"",""subId"":""4780"",""standard_id"":""34""}"
976571,163717,Standard,"{""sub_institute_id"":""1"",""standard_id"":""35"",""name"":""2"",""stId"":""35"",""short_name"":""C-2""}",374583,Subject,"{""sub_institute_id"":""1"",""display_name"":""Self Management"",""subId"":""5108"",""standard_id"":""34""}"
976572,163718,Standard,"{""sub_institute_id"":""1"",""standard_id"":""36"",""name"":""3"",""stId"":""36"",""short_name"":""C-3""}",374583,Subject,"{""sub_institute_id"":""1"",""display_name"":""Self Management"",""subId"":""5108"",""standard_id"":""34""}"
976573,163719,Standard,"{""sub_institute_id"":""1"",""standard_id"":""37"",""name"":""4"",""stId"":""37"",""short_name"":""C-4""}",374583,Subject,"{""sub_institute_id"":""1"",""display_name"":""Self Management"",""subId"":""5108"",""standard_id"":""34""}"
976574,163720,Standard,"{""sub_institute_id"":""1"",""standard_id"":""38"",""name"":""5"",""stId"":""38"",""short_name"":""C-5""}",374583,Subject,"{""sub_institute_id"":""1"",""display_name"":""Self Management"",""subId"":""5108"",""standard_id"":""34""}"
976575,163721,Standard,"{""sub_institute_id"":""1"",""standard_id"":""39"",""name"":""Standard 39"",""stId"":""39"",""short_name"":""C-6""}",374583,Subject,"{""sub_institute_id"":""1"",""display_name"":""Self Management"",""subId"":""5108"",""standard_id"":""34""}"
976576,163722,Standard,"{""sub_institute_id"":""1"",""standard_id"":""40"",""name"":""Standard 40"",""stId"":""40"",""short_name"":""C-7""}",374583,Subject,"{""sub_institute_id"":""1"",""display_name"":""Self Management"",""subId"":""5108"",""standard_id"":""34""}"
976577,163723,Standard,"{""sub_institute_id"":""1"",""standard_id"":""41"",""name"":""Standard 41"",""stId"":""41"",""short_name"":""C-8""}",374583,Subject,"{""sub_institute_id"":""1"",""display_name"":""Self Management"",""subId"":""5108"",""standard_id"":""34""}"
976578,163724,Standard,"{""sub_institute_id"":""1"",""standard_id"":""42"",""name"":""Standard 42"",""stId"":""42"",""short_name"":""C-9""}",374583,Subject,"{""sub_institute_id"":""1"",""display_name"":""Self Management"",""subId"":""5108"",""standard_id"":""34""}"
976579,163726,Standard,"{""sub_institute_id"":""1"",""standard_id"":""44"",""name"":""11"",""stId"":""44"",""short_name"":""C-11""}",374583,Subject,"{""sub_institute_id"":""1"",""display_name"":""Self Management"",""subId"":""5108"",""standard_id"":""34""}"
976580,163716,Standard,"{""sub_institute_id"":""1"",""standard_id"":""34"",""name"":""1"",""stId"":""34"",""short_name"":""C-1""}",374584,Subject,"{""sub_institute_id"":""1"",""display_name"":""Social Awareness"",""subId"":""5072"",""standard_id"":""34""}"
976581,163717,Standard,"{""sub_institute_id"":""1"",""standard_id"":""35"",""name"":""2"",""stId"":""35"",""short_name"":""C-2""}",374584,Subject,"{""sub_institute_id"":""1"",""display_name"":""Social Awareness"",""subId"":""5072"",""standard_id"":""34""}"
976582,163718,Standard,"{""sub_institute_id"":""1"",""standard_id"":""36"",""name"":""3"",""stId"":""36"",""short_name"":""C-3""}",374584,Subject,"{""sub_institute_id"":""1"",""display_name"":""Social Awareness"",""subId"":""5072"",""standard_id"":""34""}"
976583,163719,Standard,"{""sub_institute_id"":""1"",""standard_id"":""37"",""name"":""4"",""stId"":""37"",""short_name"":""C-4""}",374584,Subject,"{""sub_institute_id"":""1"",""display_name"":""Social Awareness"",""subId"":""5072"",""standard_id"":""34""}"
976584,163720,Standard,"{""sub_institute_id"":""1"",""standard_id"":""38"",""name"":""5"",""stId"":""38"",""short_name"":""C-5""}",374584,Subject,"{""sub_institute_id"":""1"",""display_name"":""Social Awareness"",""subId"":""5072"",""standard_id"":""34""}"
976585,163721,Standard,"{""sub_institute_id"":""1"",""standard_id"":""39"",""name"":""Standard 39"",""stId"":""39"",""short_name"":""C-6""}",374584,Subject,"{""sub_institute_id"":""1"",""display_name"":""Social Awareness"",""subId"":""5072"",""standard_id"":""34""}"
976586,163722,Standard,"{""sub_institute_id"":""1"",""standard_id"":""40"",""name"":""Standard 40"",""stId"":""40"",""short_name"":""C-7""}",374584,Subject,"{""sub_institute_id"":""1"",""display_name"":""Social Awareness"",""subId"":""5072"",""standard_id"":""34""}"
976587,163723,Standard,"{""sub_institute_id"":""1"",""standard_id"":""41"",""name"":""Standard 41"",""stId"":""41"",""short_name"":""C-8""}",374584,Subject,"{""sub_institute_id"":""1"",""display_name"":""Social Awareness"",""subId"":""5072"",""standard_id"":""34""}"
976588,163724,Standard,"{""sub_institute_id"":""1"",""standard_id"":""42"",""name"":""Standard 42"",""stId"":""42"",""short_name"":""C-9""}",374584,Subject,"{""sub_institute_id"":""1"",""display_name"":""Social Awareness"",""subId"":""5072"",""standard_id"":""34""}"
976589,163726,Standard,"{""sub_institute_id"":""1"",""standard_id"":""44"",""name"":""11"",""stId"":""44"",""short_name"":""C-11""}",374584,Subject,"{""sub_institute_id"":""1"",""display_name"":""Social Awareness"",""subId"":""5072"",""standard_id"":""34""}"
976590,163716,Standard,"{""sub_institute_id"":""1"",""standard_id"":""34"",""name"":""1"",""stId"":""34"",""short_name"":""C-1""}",374585,Subject,"{""sub_institute_id"":""1"",""display_name"":""Responsible Decision Making"",""subId"":""5109"",""standard_id"":""34""}"
976591,163717,Standard,"{""sub_institute_id"":""1"",""standard_id"":""35"",""name"":""2"",""stId"":""35"",""short_name"":""C-2""}",374585,Subject,"{""sub_institute_id"":""1"",""display_name"":""Responsible Decision Making"",""subId"":""5109"",""standard_id"":""34""}"
976592,163718,Standard,"{""sub_institute_id"":""1"",""standard_id"":""36"",""name"":""3"",""stId"":""36"",""short_name"":""C-3""}",374585,Subject,"{""sub_institute_id"":""1"",""display_name"":""Responsible Decision Making"",""subId"":""5109"",""standard_id"":""34""}"
976593,163719,Standard,"{""sub_institute_id"":""1"",""standard_id"":""37"",""name"":""4"",""stId"":""37"",""short_name"":""C-4""}",374585,Subject,"{""sub_institute_id"":""1"",""display_name"":""Responsible Decision Making"",""subId"":""5109"",""standard_id"":""34""}"
976594,163720,Standard,"{""sub_institute_id"":""1"",""standard_id"":""38"",""name"":""5"",""stId"":""38"",""short_name"":""C-5""}",374585,Subject,"{""sub_institute_id"":""1"",""display_name"":""Responsible Decision Making"",""subId"":""5109"",""standard_id"":""34""}"
976595,163721,Standard,"{""sub_institute_id"":""1"",""standard_id"":""39"",""name"":""Standard 39"",""stId"":""39"",""short_name"":""C-6""}",374585,Subject,"{""sub_institute_id"":""1"",""display_name"":""Responsible Decision Making"",""subId"":""5109"",""standard_id"":""34""}"
976596,163722,Standard,"{""sub_institute_id"":""1"",""standard_id"":""40"",""name"":""Standard 40"",""stId"":""40"",""short_name"":""C-7""}",374585,Subject,"{""sub_institute_id"":""1"",""display_name"":""Responsible Decision Making"",""subId"":""5109"",""standard_id"":""34""}"
976597,163723,Standard,"{""sub_institute_id"":""1"",""standard_id"":""41"",""name"":""Standard 41"",""stId"":""41"",""short_name"":""C-8""}",374585,Subject,"{""sub_institute_id"":""1"",""display_name"":""Responsible Decision Making"",""subId"":""5109"",""standard_id"":""34""}"
976598,163724,Standard,"{""sub_institute_id"":""1"",""standard_id"":""42"",""name"":""Standard 42"",""stId"":""42"",""short_name"":""C-9""}",374585,Subject,"{""sub_institute_id"":""1"",""display_name"":""Responsible Decision Making"",""subId"":""5109"",""standard_id"":""34""}"
976599,163726,Standard,"{""sub_institute_id"":""1"",""standard_id"":""44"",""name"":""11"",""stId"":""44"",""short_name"":""C-11""}",374585,Subject,"{""sub_institute_id"":""1"",""display_name"":""Responsible Decision Making"",""subId"":""5109"",""standard_id"":""34""}"
976600,163716,Standard,"{""sub_institute_id"":""1"",""standard_id"":""34"",""name"":""1"",""stId"":""34"",""short_name"":""C-1""}",374586,Subject,"{""sub_institute_id"":""1"",""display_name"":""Relationship Skills"",""subId"":""5153"",""standard_id"":""34""}"
976601,163717,Standard,"{""sub_institute_id"":""1"",""standard_id"":""35"",""name"":""2"",""stId"":""35"",""short_name"":""C-2""}",374586,Subject,"{""sub_institute_id"":""1"",""display_name"":""Relationship Skills"",""subId"":""5153"",""standard_id"":""34""}"
976602,163718,Standard,"{""sub_institute_id"":""1"",""standard_id"":""36"",""name"":""3"",""stId"":""36"",""short_name"":""C-3""}",374586,Subject,"{""sub_institute_id"":""1"",""display_name"":""Relationship Skills"",""subId"":""5153"",""standard_id"":""34""}"
976603,163719,Standard,"{""sub_institute_id"":""1"",""standard_id"":""37"",""name"":""4"",""stId"":""37"",""short_name"":""C-4""}",374586,Subject,"{""sub_institute_id"":""1"",""display_name"":""Relationship Skills"",""subId"":""5153"",""standard_id"":""34""}"
976604,163720,Standard,"{""sub_institute_id"":""1"",""standard_id"":""38"",""name"":""5"",""stId"":""38"",""short_name"":""C-5""}",374586,Subject,"{""sub_institute_id"":""1"",""display_name"":""Relationship Skills"",""subId"":""5153"",""standard_id"":""34""}"
976605,163721,Standard,"{""sub_institute_id"":""1"",""standard_id"":""39"",""name"":""Standard 39"",""stId"":""39"",""short_name"":""C-6""}",374586,Subject,"{""sub_institute_id"":""1"",""display_name"":""Relationship Skills"",""subId"":""5153"",""standard_id"":""34""}"
976606,163722,Standard,"{""sub_institute_id"":""1"",""standard_id"":""40"",""name"":""Standard 40"",""stId"":""40"",""short_name"":""C-7""}",374586,Subject,"{""sub_institute_id"":""1"",""display_name"":""Relationship Skills"",""subId"":""5153"",""standard_id"":""34""}"
976607,163723,Standard,"{""sub_institute_id"":""1"",""standard_id"":""41"",""name"":""Standard 41"",""stId"":""41"",""short_name"":""C-8""}",374586,Subject,"{""sub_institute_id"":""1"",""display_name"":""Relationship Skills"",""subId"":""5153"",""standard_id"":""34""}"
976608,163724,Standard,"{""sub_institute_id"":""1"",""standard_id"":""42"",""name"":""Standard 42"",""stId"":""42"",""short_name"":""C-9""}",374586,Subject,"{""sub_institute_id"":""1"",""display_name"":""Relationship Skills"",""subId"":""5153"",""standard_id"":""34""}"
976609,163726,Standard,"{""sub_institute_id"":""1"",""standard_id"":""44"",""name"":""11"",""stId"":""44"",""short_name"":""C-11""}",374586,Subject,"{""sub_institute_id"":""1"",""display_name"":""Relationship Skills"",""subId"":""5153"",""standard_id"":""34""}"
976610,29638,Standard,"{""sub_institute_id"":""195"",""standard_id"":""2234"",""name"":""CBSE-9"",""stId"":""2234"",""short_name"":""9""}",374551,Subject,"{""sub_institute_id"":""195"",""display_name"":""Drawing"",""subId"":""4177"",""standard_id"":""2226""}"
976611,29639,Standard,"{""sub_institute_id"":""195"",""standard_id"":""2235"",""name"":""Standard 2235"",""stId"":""2235"",""short_name"":""10""}",374551,Subject,"{""sub_institute_id"":""195"",""display_name"":""Drawing"",""subId"":""4177"",""standard_id"":""2226""}"
976612,29638,Standard,"{""sub_institute_id"":""195"",""standard_id"":""2234"",""name"":""CBSE-9"",""stId"":""2234"",""short_name"":""9""}",374520,Subject,"{""sub_institute_id"":""195"",""display_name"":""GUJARATI"",""subId"":""4065"",""standard_id"":""2228""}"
976613,29627,Standard,"{""sub_institute_id"":""195"",""standard_id"":""2223"",""name"":""CBSE-NR"",""stId"":""2223"",""short_name"":""NR""}",374587,Subject,"{""sub_institute_id"":""195"",""display_name"":""English Practice Book"",""subId"":""5172"",""standard_id"":""2223""}"
976614,29627,Standard,"{""sub_institute_id"":""195"",""standard_id"":""2223"",""name"":""CBSE-NR"",""stId"":""2223"",""short_name"":""NR""}",374588,Subject,"{""sub_institute_id"":""195"",""display_name"":""Mathematics Practice Book"",""subId"":""5173"",""standard_id"":""2223""}"
976615,29627,Standard,"{""sub_institute_id"":""195"",""standard_id"":""2223"",""name"":""CBSE-NR"",""stId"":""2223"",""short_name"":""NR""}",374589,Subject,"{""sub_institute_id"":""195"",""display_name"":""General Awarness Primer"",""subId"":""5174"",""standard_id"":""2223""}"
976616,29627,Standard,"{""sub_institute_id"":""195"",""standard_id"":""2223"",""name"":""CBSE-NR"",""stId"":""2223"",""short_name"":""NR""}",374590,Subject,"{""sub_institute_id"":""195"",""display_name"":""General Awarness Practice book"",""subId"":""5175"",""standard_id"":""2223""}"
976617,29628,Standard,"{""sub_institute_id"":""195"",""standard_id"":""2224"",""name"":""CBSE-SR"",""stId"":""2224"",""short_name"":""SR""}",374451,Subject,"{""sub_institute_id"":""195"",""display_name"":""MATHEMATICS"",""subId"":""3970"",""standard_id"":""2226""}"
976618,29628,Standard,"{""sub_institute_id"":""195"",""standard_id"":""2224"",""name"":""CBSE-SR"",""stId"":""2224"",""short_name"":""SR""}",374588,Subject,"{""sub_institute_id"":""195"",""display_name"":""Mathematics Practice Book"",""subId"":""5173"",""standard_id"":""2223""}"
976619,29628,Standard,"{""sub_institute_id"":""195"",""standard_id"":""2224"",""name"":""CBSE-SR"",""stId"":""2224"",""short_name"":""SR""}",374589,Subject,"{""sub_institute_id"":""195"",""display_name"":""General Awarness Primer"",""subId"":""5174"",""standard_id"":""2223""}"
976620,29628,Standard,"{""sub_institute_id"":""195"",""standard_id"":""2224"",""name"":""CBSE-SR"",""stId"":""2224"",""short_name"":""SR""}",374590,Subject,"{""sub_institute_id"":""195"",""display_name"":""General Awarness Practice book"",""subId"":""5175"",""standard_id"":""2223""}"
976621,29628,Standard,"{""sub_institute_id"":""195"",""standard_id"":""2224"",""name"":""CBSE-SR"",""stId"":""2224"",""short_name"":""SR""}",374564,Subject,"{""sub_institute_id"":""195"",""display_name"":""Rhymes And Story"",""subId"":""4222"",""standard_id"":""2223""}"
976622,29628,Standard,"{""sub_institute_id"":""195"",""standard_id"":""2224"",""name"":""CBSE-SR"",""stId"":""2224"",""short_name"":""SR""}",374450,Subject,"{""sub_institute_id"":""195"",""display_name"":""HINDI"",""subId"":""3969"",""standard_id"":""2226""}"
976623,29629,Standard,"{""sub_institute_id"":""195"",""standard_id"":""2225"",""name"":""CBSE-JR"",""stId"":""2225"",""short_name"":""JR""}",374451,Subject,"{""sub_institute_id"":""195"",""display_name"":""MATHEMATICS"",""subId"":""3970"",""standard_id"":""2226""}"
976624,29629,Standard,"{""sub_institute_id"":""195"",""standard_id"":""2225"",""name"":""CBSE-JR"",""stId"":""2225"",""short_name"":""JR""}",374588,Subject,"{""sub_institute_id"":""195"",""display_name"":""Mathematics Practice Book"",""subId"":""5173"",""standard_id"":""2223""}"
976625,29629,Standard,"{""sub_institute_id"":""195"",""standard_id"":""2225"",""name"":""CBSE-JR"",""stId"":""2225"",""short_name"":""JR""}",374449,Subject,"{""sub_institute_id"":""195"",""display_name"":""ENGLISH (184)"",""subId"":""3967"",""standard_id"":""2226""}"
976626,29629,Standard,"{""sub_institute_id"":""195"",""standard_id"":""2225"",""name"":""CBSE-JR"",""stId"":""2225"",""short_name"":""JR""}",374587,Subject,"{""sub_institute_id"":""195"",""display_name"":""English Practice Book"",""subId"":""5172"",""standard_id"":""2223""}"
976627,29628,Standard,"{""sub_institute_id"":""195"",""standard_id"":""2224"",""name"":""CBSE-SR"",""stId"":""2224"",""short_name"":""SR""}",374449,Subject,"{""sub_institute_id"":""195"",""display_name"":""ENGLISH (184)"",""subId"":""3967"",""standard_id"":""2226""}"
976628,29628,Standard,"{""sub_institute_id"":""195"",""standard_id"":""2224"",""name"":""CBSE-SR"",""stId"":""2224"",""short_name"":""SR""}",374587,Subject,"{""sub_institute_id"":""195"",""display_name"":""English Practice Book"",""subId"":""5172"",""standard_id"":""2223""}"
976629,29629,Standard,"{""sub_institute_id"":""195"",""standard_id"":""2225"",""name"":""CBSE-JR"",""stId"":""2225"",""short_name"":""JR""}",374589,Subject,"{""sub_institute_id"":""195"",""display_name"":""General Awarness Primer"",""subId"":""5174"",""standard_id"":""2223""}"
976630,29629,Standard,"{""sub_institute_id"":""195"",""standard_id"":""2225"",""name"":""CBSE-JR"",""stId"":""2225"",""short_name"":""JR""}",374590,Subject,"{""sub_institute_id"":""195"",""display_name"":""General Awarness Practice book"",""subId"":""5175"",""standard_id"":""2223""}"
976631,29629,Standard,"{""sub_institute_id"":""195"",""standard_id"":""2225"",""name"":""CBSE-JR"",""stId"":""2225"",""short_name"":""JR""}",374580,Subject,"{""sub_institute_id"":""195"",""display_name"":""Phonics"",""subId"":""4762"",""standard_id"":""2224""}"
976632,29629,Standard,"{""sub_institute_id"":""195"",""standard_id"":""2225"",""name"":""CBSE-JR"",""stId"":""2225"",""short_name"":""JR""}",374564,Subject,"{""sub_institute_id"":""195"",""display_name"":""Rhymes And Story"",""subId"":""4222"",""standard_id"":""2223""}"
976633,29629,Standard,"{""sub_institute_id"":""195"",""standard_id"":""2225"",""name"":""CBSE-JR"",""stId"":""2225"",""short_name"":""JR""}",374591,Subject,"{""sub_institute_id"":""195"",""display_name"":""Hindi Aksharmala"",""subId"":""5184"",""standard_id"":""2225""}"
976634,29628,Standard,"{""sub_institute_id"":""195"",""standard_id"":""2224"",""name"":""CBSE-SR"",""stId"":""2224"",""short_name"":""SR""}",374591,Subject,"{""sub_institute_id"":""195"",""display_name"":""Hindi Aksharmala"",""subId"":""5184"",""standard_id"":""2225""}"
976635,29627,Standard,"{""sub_institute_id"":""195"",""standard_id"":""2223"",""name"":""CBSE-NR"",""stId"":""2223"",""short_name"":""NR""}",374555,Subject,"{""sub_institute_id"":""195"",""display_name"":""Games"",""subId"":""4182"",""standard_id"":""2234""}"
976636,29628,Standard,"{""sub_institute_id"":""195"",""standard_id"":""2224"",""name"":""CBSE-SR"",""stId"":""2224"",""short_name"":""SR""}",374555,Subject,"{""sub_institute_id"":""195"",""display_name"":""Games"",""subId"":""4182"",""standard_id"":""2234""}"
976637,29629,Standard,"{""sub_institute_id"":""195"",""standard_id"":""2225"",""name"":""CBSE-JR"",""stId"":""2225"",""short_name"":""JR""}",374555,Subject,"{""sub_institute_id"":""195"",""display_name"":""Games"",""subId"":""4182"",""standard_id"":""2234""}"
976638,29627,Standard,"{""sub_institute_id"":""195"",""standard_id"":""2223"",""name"":""CBSE-NR"",""stId"":""2223"",""short_name"":""NR""}",374553,Subject,"{""sub_institute_id"":""195"",""display_name"":""Dance\/Music"",""subId"":""4180"",""standard_id"":""2226""}"
976639,29628,Standard,"{""sub_institute_id"":""195"",""standard_id"":""2224"",""name"":""CBSE-SR"",""stId"":""2224"",""short_name"":""SR""}",374553,Subject,"{""sub_institute_id"":""195"",""display_name"":""Dance\/Music"",""subId"":""4180"",""standard_id"":""2226""}"
976640,29629,Standard,"{""sub_institute_id"":""195"",""standard_id"":""2225"",""name"":""CBSE-JR"",""stId"":""2225"",""short_name"":""JR""}",374553,Subject,"{""sub_institute_id"":""195"",""display_name"":""Dance\/Music"",""subId"":""4180"",""standard_id"":""2226""}"
976641,163722,Standard,"{""sub_institute_id"":""1"",""standard_id"":""40"",""name"":""Standard 40"",""stId"":""40"",""short_name"":""C-7""}",374592,Subject,"{""sub_institute_id"":""1"",""display_name"":""Personal Social"",""subId"":""5264"",""standard_id"":""40""}"
976642,163722,Standard,"{""sub_institute_id"":""1"",""standard_id"":""40"",""name"":""Standard 40"",""stId"":""40"",""short_name"":""C-7""}",374593,Subject,"{""sub_institute_id"":""1"",""display_name"":""Career Development Education"",""subId"":""5265"",""standard_id"":""40""}"
976643,163722,Standard,"{""sub_institute_id"":""1"",""standard_id"":""40"",""name"":""Standard 40"",""stId"":""40"",""short_name"":""C-7""}",374594,Subject,"{""sub_institute_id"":""1"",""display_name"":""Academic College and Career Planning"",""subId"":""5266"",""standard_id"":""40""}"
976644,29627,Standard,"{""sub_institute_id"":""195"",""standard_id"":""2223"",""name"":""CBSE-NR"",""stId"":""2223"",""short_name"":""NR""}",374562,Subject,"{""sub_institute_id"":""195"",""display_name"":""karate"",""subId"":""4208"",""standard_id"":""2226""}"
976645,29628,Standard,"{""sub_institute_id"":""195"",""standard_id"":""2224"",""name"":""CBSE-SR"",""stId"":""2224"",""short_name"":""SR""}",374562,Subject,"{""sub_institute_id"":""195"",""display_name"":""karate"",""subId"":""4208"",""standard_id"":""2226""}"
976646,29629,Standard,"{""sub_institute_id"":""195"",""standard_id"":""2225"",""name"":""CBSE-JR"",""stId"":""2225"",""short_name"":""JR""}",374562,Subject,"{""sub_institute_id"":""195"",""display_name"":""karate"",""subId"":""4208"",""standard_id"":""2226""}"
976647,163724,Standard,"{""sub_institute_id"":""1"",""standard_id"":""42"",""name"":""Standard 42"",""stId"":""42"",""short_name"":""C-9""}",374595,Subject,"{""sub_institute_id"":""1"",""display_name"":""Health and Physical Education"",""subId"":""5333"",""standard_id"":""42""}"
976648,163725,Standard,"{""sub_institute_id"":""1"",""standard_id"":""43"",""name"":""10"",""stId"":""43"",""short_name"":""C-10""}",374595,Subject,"{""sub_institute_id"":""1"",""display_name"":""Health and Physical Education"",""subId"":""5333"",""standard_id"":""42""}"
976649,163724,Standard,"{""sub_institute_id"":""1"",""standard_id"":""42"",""name"":""Standard 42"",""stId"":""42"",""short_name"":""C-9""}",374596,Subject,"{""sub_institute_id"":""1"",""display_name"":""ICT"",""subId"":""5334"",""standard_id"":""42""}"
976650,163725,Standard,"{""sub_institute_id"":""1"",""standard_id"":""43"",""name"":""10"",""stId"":""43"",""short_name"":""C-10""}",374596,Subject,"{""sub_institute_id"":""1"",""display_name"":""ICT"",""subId"":""5334"",""standard_id"":""42""}"
976651,29641,Standard,"{""sub_institute_id"":""195"",""standard_id"":""2237"",""name"":""CBSE-11 Sci"",""short_name"":""11 Sci."",""stId"":""2237""}",374597,Subject,"{""sub_institute_id"":""195"",""display_name"":""PSYCHOLOGY (037)"",""subId"":""5359"",""standard_id"":""2237""}"
976652,29643,Standard,"{""sub_institute_id"":""195"",""standard_id"":""2268"",""name"":""CBSE-12 Sci"",""short_name"":""12 Sci."",""stId"":""2268""}",374597,Subject,"{""sub_institute_id"":""195"",""display_name"":""PSYCHOLOGY (037)"",""subId"":""5359"",""standard_id"":""2237""}"
976653,29640,Standard,"{""sub_institute_id"":""195"",""standard_id"":""2236"",""name"":""CBSE-11 Com"",""short_name"":""11 Com."",""stId"":""2236""}",374597,Subject,"{""sub_institute_id"":""195"",""display_name"":""PSYCHOLOGY (037)"",""subId"":""5359"",""standard_id"":""2237""}"
976654,29642,Standard,"{""sub_institute_id"":""195"",""standard_id"":""2267"",""name"":""CBSE-12 Com"",""short_name"":""12 Com."",""stId"":""2267""}",374597,Subject,"{""sub_institute_id"":""195"",""display_name"":""PSYCHOLOGY (037)"",""subId"":""5359"",""standard_id"":""2237""}"
976655,29635,Standard,"{""sub_institute_id"":""195"",""standard_id"":""2231"",""name"":""CBSE-6"",""stId"":""2231"",""short_name"":""6""}",374598,Subject,"{""sub_institute_id"":""195"",""display_name"":""FOOD"",""subId"":""5408"",""standard_id"":""2231""}"
976656,29636,Standard,"{""sub_institute_id"":""195"",""standard_id"":""2232"",""name"":""CBSE-7"",""stId"":""2232"",""short_name"":""7""}",374598,Subject,"{""sub_institute_id"":""195"",""display_name"":""FOOD"",""subId"":""5408"",""standard_id"":""2231""}"
976657,29637,Standard,"{""sub_institute_id"":""195"",""standard_id"":""2233"",""name"":""CBSE-8"",""stId"":""2233"",""short_name"":""8""}",374598,Subject,"{""sub_institute_id"":""195"",""display_name"":""FOOD"",""subId"":""5408"",""standard_id"":""2231""}"
976658,163722,Standard,"{""sub_institute_id"":""1"",""standard_id"":""40"",""name"":""Standard 40"",""stId"":""40"",""short_name"":""C-7""}",374573,Subject,"{""sub_institute_id"":""1"",""display_name"":""History"",""subId"":""4480"",""standard_id"":""45""}"
