_relInternalId,_fromInternalId,_fromLabels,_fromKeyProps,_toInternalId,_toLabels,_toKeyProps
979611,155338,Chapter,"{""sub_institute_id"":""1"",""standard_id"":""42"",""subject_id"":""3976"",""chId"":""934"",""chapter_name"":""NUMBER SYSTEMS""}",374724,Lesson,"{""sub_institute_id"":""1"",""lessonId"":""15"",""chapter_id"":""934"",""subject_id"":""3976"",""standard_id"":""42""}"
979612,155342,Chapter,"{""sub_institute_id"":""1"",""standard_id"":""42"",""subject_id"":""3976"",""chId"":""938"",""chapter_name"":""Introduction to Euclids Geometry""}",374725,Lesson,"{""sub_institute_id"":""1"",""lessonId"":""16"",""chapter_id"":""938"",""subject_id"":""3976"",""standard_id"":""42""}"
979613,155343,Chapter,"{""sub_institute_id"":""1"",""standard_id"":""42"",""subject_id"":""3976"",""chId"":""939"",""chapter_name"":""Lines and Angles""}",374726,Lesson,"{""sub_institute_id"":""1"",""lessonId"":""17"",""chapter_id"":""939"",""subject_id"":""3976"",""standard_id"":""42""}"
979614,155345,Chapter,"{""sub_institute_id"":""1"",""standard_id"":""42"",""subject_id"":""3976"",""chId"":""941"",""chapter_name"":""QUADRILATERALS""}",374727,Lesson,"{""sub_institute_id"":""1"",""lessonId"":""18"",""chapter_id"":""941"",""subject_id"":""3976"",""standard_id"":""42""}"
979615,155347,Chapter,"{""sub_institute_id"":""1"",""standard_id"":""42"",""subject_id"":""3976"",""chId"":""945"",""chapter_name"":""Herons formula""}",374730,Lesson,"{""sub_institute_id"":""1"",""lessonId"":""21"",""chapter_id"":""945"",""subject_id"":""3976"",""standard_id"":""42""}"
979616,155348,Chapter,"{""sub_institute_id"":""1"",""standard_id"":""42"",""subject_id"":""3976"",""chId"":""946"",""chapter_name"":""Surface areas and volumes""}",374731,Lesson,"{""sub_institute_id"":""1"",""lessonId"":""22"",""chapter_id"":""946"",""subject_id"":""3976"",""standard_id"":""42""}"
979617,155349,Chapter,"{""sub_institute_id"":""1"",""standard_id"":""42"",""subject_id"":""3976"",""chId"":""947"",""chapter_name"":""STATISTICS""}",374732,Lesson,"{""sub_institute_id"":""1"",""lessonId"":""23"",""chapter_id"":""947"",""subject_id"":""3976"",""standard_id"":""42""}"
979618,155939,Chapter,"{""sub_institute_id"":""1"",""standard_id"":""42"",""subject_id"":""4472"",""chId"":""5475"",""chapter_name"":""Ch- 1The Economic History of Palampore""}",374733,Lesson,"{""sub_institute_id"":""1"",""lessonId"":""28"",""chapter_id"":""5475"",""subject_id"":""4472"",""standard_id"":""42""}"
979619,155938,Chapter,"{""sub_institute_id"":""1"",""standard_id"":""42"",""subject_id"":""4472"",""chId"":""5474"",""chapter_name"":""Ch- 2 People as Resource""}",374734,Lesson,"{""sub_institute_id"":""1"",""lessonId"":""29"",""chapter_id"":""5474"",""subject_id"":""4472"",""standard_id"":""42""}"
979620,155937,Chapter,"{""sub_institute_id"":""1"",""standard_id"":""42"",""subject_id"":""4472"",""chId"":""5473"",""chapter_name"":""Ch-3 Poverty as a Challange facing India""}",374735,Lesson,"{""sub_institute_id"":""1"",""lessonId"":""30"",""chapter_id"":""5473"",""subject_id"":""4472"",""standard_id"":""42""}"
979621,155936,Chapter,"{""sub_institute_id"":""1"",""standard_id"":""42"",""subject_id"":""4472"",""chId"":""5472"",""chapter_name"":""Ch-4 Food Security""}",374736,Lesson,"{""sub_institute_id"":""1"",""lessonId"":""31"",""chapter_id"":""5472"",""subject_id"":""4472"",""standard_id"":""42""}"
979622,155927,Chapter,"{""sub_institute_id"":""1"",""standard_id"":""40"",""subject_id"":""4470"",""chId"":""5462"",""chapter_name"":""Ch1_On Equality""}",374737,Lesson,"{""sub_institute_id"":""1"",""lessonId"":""48"",""chapter_id"":""5462"",""subject_id"":""4470"",""standard_id"":""40""}"
979623,155935,Chapter,"{""sub_institute_id"":""1"",""standard_id"":""40"",""subject_id"":""4470"",""chId"":""5470"",""chapter_name"":""Ch2_Role Of government in health""}",374738,Lesson,"{""sub_institute_id"":""1"",""lessonId"":""49"",""chapter_id"":""5470"",""subject_id"":""4470"",""standard_id"":""40""}"
979624,155934,Chapter,"{""sub_institute_id"":""1"",""standard_id"":""40"",""subject_id"":""4470"",""chId"":""5469"",""chapter_name"":""Ch3_ How the State Government Works""}",374739,Lesson,"{""sub_institute_id"":""1"",""lessonId"":""50"",""chapter_id"":""5469"",""subject_id"":""4470"",""standard_id"":""40""}"
979625,155933,Chapter,"{""sub_institute_id"":""1"",""standard_id"":""40"",""subject_id"":""4470"",""chId"":""5468"",""chapter_name"":""Ch4_Growing up as Boys and Girls""}",374740,Lesson,"{""sub_institute_id"":""1"",""lessonId"":""51"",""chapter_id"":""5468"",""subject_id"":""4470"",""standard_id"":""40""}"
979626,155932,Chapter,"{""sub_institute_id"":""1"",""standard_id"":""40"",""subject_id"":""4470"",""chId"":""5467"",""chapter_name"":""Ch5_Women Change the World""}",374741,Lesson,"{""sub_institute_id"":""1"",""lessonId"":""52"",""chapter_id"":""5467"",""subject_id"":""4470"",""standard_id"":""40""}"
979627,155929,Chapter,"{""sub_institute_id"":""1"",""standard_id"":""40"",""subject_id"":""4470"",""chId"":""5464"",""chapter_name"":""Ch6_Understanding Media""}",374742,Lesson,"{""sub_institute_id"":""1"",""lessonId"":""53"",""chapter_id"":""5464"",""subject_id"":""4470"",""standard_id"":""40""}"
979628,155931,Chapter,"{""sub_institute_id"":""1"",""standard_id"":""40"",""subject_id"":""4470"",""chId"":""5466"",""chapter_name"":""Ch8_ Markets Around Us""}",374743,Lesson,"{""sub_institute_id"":""1"",""lessonId"":""54"",""chapter_id"":""5466"",""subject_id"":""4470"",""standard_id"":""40""}"
979629,155928,Chapter,"{""sub_institute_id"":""1"",""standard_id"":""40"",""subject_id"":""4470"",""chId"":""5463"",""chapter_name"":""Ch9_ A Shirt in the Market""}",374744,Lesson,"{""sub_institute_id"":""1"",""lessonId"":""55"",""chapter_id"":""5463"",""subject_id"":""4470"",""standard_id"":""40""}"
979630,155930,Chapter,"{""sub_institute_id"":""1"",""standard_id"":""40"",""subject_id"":""4470"",""chId"":""5465"",""chapter_name"":""Ch10_Struggles for Equality""}",374745,Lesson,"{""sub_institute_id"":""1"",""lessonId"":""56"",""chapter_id"":""5465"",""subject_id"":""4470"",""standard_id"":""40""}"
979631,155916,Chapter,"{""sub_institute_id"":""1"",""standard_id"":""40"",""subject_id"":""4435"",""chId"":""5451"",""chapter_name"":""1. The Tiny Teacher""}",374746,Lesson,"{""sub_institute_id"":""1"",""lessonId"":""57"",""chapter_id"":""5451"",""subject_id"":""4435"",""standard_id"":""40""}"
979632,155914,Chapter,"{""sub_institute_id"":""1"",""standard_id"":""40"",""subject_id"":""4435"",""chId"":""5449"",""chapter_name"":""2. Bringing Up Kari""}",374747,Lesson,"{""sub_institute_id"":""1"",""lessonId"":""58"",""chapter_id"":""5449"",""subject_id"":""4435"",""standard_id"":""40""}"
979633,155913,Chapter,"{""sub_institute_id"":""1"",""standard_id"":""40"",""subject_id"":""4435"",""chId"":""5448"",""chapter_name"":""3. The Desert""}",374748,Lesson,"{""sub_institute_id"":""1"",""lessonId"":""59"",""chapter_id"":""5448"",""subject_id"":""4435"",""standard_id"":""40""}"
979634,155912,Chapter,"{""sub_institute_id"":""1"",""standard_id"":""40"",""subject_id"":""4435"",""chId"":""5447"",""chapter_name"":""4. The Cop and The Anthem""}",374749,Lesson,"{""sub_institute_id"":""1"",""lessonId"":""60"",""chapter_id"":""5447"",""subject_id"":""4435"",""standard_id"":""40""}"
979635,155911,Chapter,"{""sub_institute_id"":""1"",""standard_id"":""40"",""subject_id"":""4435"",""chId"":""5446"",""chapter_name"":""5. Golu Grows A Nose""}",374750,Lesson,"{""sub_institute_id"":""1"",""lessonId"":""61"",""chapter_id"":""5446"",""subject_id"":""4435"",""standard_id"":""40""}"
979636,155910,Chapter,"{""sub_institute_id"":""1"",""standard_id"":""40"",""subject_id"":""4435"",""chId"":""5445"",""chapter_name"":""6. I Want Something in a Cage""}",374751,Lesson,"{""sub_institute_id"":""1"",""lessonId"":""62"",""chapter_id"":""5445"",""subject_id"":""4435"",""standard_id"":""40""}"
979637,155909,Chapter,"{""sub_institute_id"":""1"",""standard_id"":""40"",""subject_id"":""4435"",""chId"":""5444"",""chapter_name"":""7. Chandni""}",374752,Lesson,"{""sub_institute_id"":""1"",""lessonId"":""63"",""chapter_id"":""5444"",""subject_id"":""4435"",""standard_id"":""40""}"
979638,155908,Chapter,"{""sub_institute_id"":""1"",""standard_id"":""40"",""subject_id"":""4435"",""chId"":""5443"",""chapter_name"":""8. The Bear Story""}",374753,Lesson,"{""sub_institute_id"":""1"",""lessonId"":""64"",""chapter_id"":""5443"",""subject_id"":""4435"",""standard_id"":""40""}"
979639,155907,Chapter,"{""sub_institute_id"":""1"",""standard_id"":""40"",""subject_id"":""4435"",""chId"":""5442"",""chapter_name"":""9. A Tiger In The House""}",374754,Lesson,"{""sub_institute_id"":""1"",""lessonId"":""65"",""chapter_id"":""5442"",""subject_id"":""4435"",""standard_id"":""40""}"
979640,155915,Chapter,"{""sub_institute_id"":""1"",""standard_id"":""40"",""subject_id"":""4435"",""chId"":""5450"",""chapter_name"":""10. An Alien Hand""}",374755,Lesson,"{""sub_institute_id"":""1"",""lessonId"":""66"",""chapter_id"":""5450"",""subject_id"":""4435"",""standard_id"":""40""}"
979641,155066,Chapter,"{""sub_institute_id"":""1"",""standard_id"":""34"",""subject_id"":""3976"",""chId"":""649"",""chapter_name"":""Data Handling""}",374758,Lesson,"{""sub_institute_id"":""1"",""lessonId"":""84"",""chapter_id"":""649"",""subject_id"":""3976"",""standard_id"":""40""}"
979642,155343,Chapter,"{""sub_institute_id"":""1"",""standard_id"":""42"",""subject_id"":""3976"",""chId"":""939"",""chapter_name"":""Lines and Angles""}",374760,Lesson,"{""sub_institute_id"":""1"",""lessonId"":""86"",""chapter_id"":""939"",""subject_id"":""3976"",""standard_id"":""40""}"
979643,155918,Chapter,"{""sub_institute_id"":""1"",""standard_id"":""40"",""subject_id"":""4469"",""chId"":""5453"",""chapter_name"":""Ch_1 Tracing Changes through a thousand Years""}",374790,Lesson,"{""sub_institute_id"":""1"",""lessonId"":""116"",""chapter_id"":""5453"",""subject_id"":""4469"",""standard_id"":""40""}"
979644,155919,Chapter,"{""sub_institute_id"":""1"",""standard_id"":""40"",""subject_id"":""4469"",""chId"":""5454"",""chapter_name"":""Ch_2 New Kings & Kingdoms""}",374791,Lesson,"{""sub_institute_id"":""1"",""lessonId"":""117"",""chapter_id"":""5454"",""subject_id"":""4469"",""standard_id"":""40""}"
979645,155920,Chapter,"{""sub_institute_id"":""1"",""standard_id"":""40"",""subject_id"":""4469"",""chId"":""5455"",""chapter_name"":""Ch_3 The Delhi Sultans""}",374792,Lesson,"{""sub_institute_id"":""1"",""lessonId"":""118"",""chapter_id"":""5455"",""subject_id"":""4469"",""standard_id"":""40""}"
979646,155917,Chapter,"{""sub_institute_id"":""1"",""standard_id"":""40"",""subject_id"":""4469"",""chId"":""5452"",""chapter_name"":""Ch_4 The Mughal Empire""}",374793,Lesson,"{""sub_institute_id"":""1"",""lessonId"":""119"",""chapter_id"":""5452"",""subject_id"":""4469"",""standard_id"":""40""}"
979647,155922,Chapter,"{""sub_institute_id"":""1"",""standard_id"":""40"",""subject_id"":""4469"",""chId"":""5457"",""chapter_name"":""Ch_5 Rulers _ Buildings""}",374794,Lesson,"{""sub_institute_id"":""1"",""lessonId"":""120"",""chapter_id"":""5457"",""subject_id"":""4469"",""standard_id"":""40""}"
979648,155926,Chapter,"{""sub_institute_id"":""1"",""standard_id"":""40"",""subject_id"":""4469"",""chId"":""5461"",""chapter_name"":""Ch_6 Towns, Traders _ Craftspersons""}",374795,Lesson,"{""sub_institute_id"":""1"",""lessonId"":""121"",""chapter_id"":""5461"",""subject_id"":""4469"",""standard_id"":""40""}"
979649,155921,Chapter,"{""sub_institute_id"":""1"",""standard_id"":""40"",""subject_id"":""4469"",""chId"":""5456"",""chapter_name"":""Ch_7 Tribes, Nomads and Settled Communities""}",374796,Lesson,"{""sub_institute_id"":""1"",""lessonId"":""122"",""chapter_id"":""5456"",""subject_id"":""4469"",""standard_id"":""40""}"
979650,155925,Chapter,"{""sub_institute_id"":""1"",""standard_id"":""40"",""subject_id"":""4469"",""chId"":""5460"",""chapter_name"":""Ch_8 Devotional Paths to the Divine""}",374797,Lesson,"{""sub_institute_id"":""1"",""lessonId"":""123"",""chapter_id"":""5460"",""subject_id"":""4469"",""standard_id"":""40""}"
979651,155924,Chapter,"{""sub_institute_id"":""1"",""standard_id"":""40"",""subject_id"":""4469"",""chId"":""5459"",""chapter_name"":""Ch_9 The Making of Regional Cultures""}",374798,Lesson,"{""sub_institute_id"":""1"",""lessonId"":""124"",""chapter_id"":""5459"",""subject_id"":""4469"",""standard_id"":""40""}"
979652,155923,Chapter,"{""sub_institute_id"":""1"",""standard_id"":""40"",""subject_id"":""4469"",""chId"":""5458"",""chapter_name"":""Ch_10 Eighteenth- Century Political Formations""}",374799,Lesson,"{""sub_institute_id"":""1"",""lessonId"":""125"",""chapter_id"":""5458"",""subject_id"":""4469"",""standard_id"":""40""}"
979653,156059,Chapter,"{""sub_institute_id"":""1"",""standard_id"":""41"",""subject_id"":""4435"",""chId"":""5653"",""chapter_name"":""1. How the Camel Got His Hump""}",374810,Lesson,"{""sub_institute_id"":""1"",""lessonId"":""136"",""chapter_id"":""5653"",""subject_id"":""4435"",""standard_id"":""41""}"
979654,156018,Chapter,"{""sub_institute_id"":""1"",""standard_id"":""41"",""subject_id"":""4435"",""chId"":""5554"",""chapter_name"":""2. CHILDREN AT WORK""}",374811,Lesson,"{""sub_institute_id"":""1"",""lessonId"":""137"",""chapter_id"":""5554"",""subject_id"":""4435"",""standard_id"":""41""}"
979655,156017,Chapter,"{""sub_institute_id"":""1"",""standard_id"":""41"",""subject_id"":""4435"",""chId"":""5553"",""chapter_name"":""3. SELFISH GIANT""}",374812,Lesson,"{""sub_institute_id"":""1"",""lessonId"":""138"",""chapter_id"":""5553"",""subject_id"":""4435"",""standard_id"":""41""}"
979656,156016,Chapter,"{""sub_institute_id"":""1"",""standard_id"":""41"",""subject_id"":""4435"",""chId"":""5552"",""chapter_name"":""4. THE TREASURE WITHIN""}",374813,Lesson,"{""sub_institute_id"":""1"",""lessonId"":""139"",""chapter_id"":""5552"",""subject_id"":""4435"",""standard_id"":""41""}"
979657,156013,Chapter,"{""sub_institute_id"":""1"",""standard_id"":""41"",""subject_id"":""4435"",""chId"":""5549"",""chapter_name"":""5. PRINCESS SEPTEMBER""}",374814,Lesson,"{""sub_institute_id"":""1"",""lessonId"":""140"",""chapter_id"":""5549"",""subject_id"":""4435"",""standard_id"":""41""}"
979658,156012,Chapter,"{""sub_institute_id"":""1"",""standard_id"":""41"",""subject_id"":""4435"",""chId"":""5548"",""chapter_name"":""6. THE FIGHT""}",374815,Lesson,"{""sub_institute_id"":""1"",""lessonId"":""141"",""chapter_id"":""5548"",""subject_id"":""4435"",""standard_id"":""41""}"
979659,156011,Chapter,"{""sub_institute_id"":""1"",""standard_id"":""41"",""subject_id"":""4435"",""chId"":""5547"",""chapter_name"":""7. THE OPEN WINDOW""}",374816,Lesson,"{""sub_institute_id"":""1"",""lessonId"":""142"",""chapter_id"":""5547"",""subject_id"":""4435"",""standard_id"":""41""}"
979660,156010,Chapter,"{""sub_institute_id"":""1"",""standard_id"":""41"",""subject_id"":""4435"",""chId"":""5546"",""chapter_name"":""8. JALEBIS""}",374817,Lesson,"{""sub_institute_id"":""1"",""lessonId"":""143"",""chapter_id"":""5546"",""subject_id"":""4435"",""standard_id"":""41""}"
979661,156015,Chapter,"{""sub_institute_id"":""1"",""standard_id"":""41"",""subject_id"":""4435"",""chId"":""5551"",""chapter_name"":""9. THE COMET - I""}",374818,Lesson,"{""sub_institute_id"":""1"",""lessonId"":""144"",""chapter_id"":""5551"",""subject_id"":""4435"",""standard_id"":""41""}"
979662,156014,Chapter,"{""sub_institute_id"":""1"",""standard_id"":""41"",""subject_id"":""4435"",""chId"":""5550"",""chapter_name"":""10. THE COMET - II""}",374819,Lesson,"{""sub_institute_id"":""1"",""lessonId"":""145"",""chapter_id"":""5550"",""subject_id"":""4435"",""standard_id"":""41""}"
979663,154946,Chapter,"{""sub_institute_id"":""1"",""standard_id"":""41"",""subject_id"":""3975"",""chId"":""199"",""chapter_name"":""CHAPTER-1 (Crop Production and Management)""}",374820,Lesson,"{""sub_institute_id"":""1"",""lessonId"":""146"",""chapter_id"":""199"",""subject_id"":""3975"",""standard_id"":""41""}"
979664,154947,Chapter,"{""sub_institute_id"":""1"",""standard_id"":""41"",""subject_id"":""3975"",""chId"":""200"",""chapter_name"":""CHAPTER-2 ( Microorganisms )""}",374821,Lesson,"{""sub_institute_id"":""1"",""lessonId"":""147"",""chapter_id"":""200"",""subject_id"":""3975"",""standard_id"":""41""}"
979665,154948,Chapter,"{""sub_institute_id"":""1"",""standard_id"":""41"",""subject_id"":""3975"",""chId"":""201"",""chapter_name"":""CHAPTER-3 (Synthetic Fibres & Particles)""}",374822,Lesson,"{""sub_institute_id"":""1"",""lessonId"":""148"",""chapter_id"":""201"",""subject_id"":""3975"",""standard_id"":""41""}"
979666,154949,Chapter,"{""sub_institute_id"":""1"",""standard_id"":""41"",""subject_id"":""3975"",""chId"":""202"",""chapter_name"":""CHAPTER-4 (Metals & Non-Metals)""}",374823,Lesson,"{""sub_institute_id"":""1"",""lessonId"":""149"",""chapter_id"":""202"",""subject_id"":""3975"",""standard_id"":""41""}"
979667,154950,Chapter,"{""sub_institute_id"":""1"",""standard_id"":""41"",""subject_id"":""3975"",""chId"":""203"",""chapter_name"":""CHAPTER-5 (Coal & Petroleum)""}",374824,Lesson,"{""sub_institute_id"":""1"",""lessonId"":""150"",""chapter_id"":""203"",""subject_id"":""3975"",""standard_id"":""41""}"
979668,154951,Chapter,"{""sub_institute_id"":""1"",""standard_id"":""41"",""subject_id"":""3975"",""chId"":""204"",""chapter_name"":""CHAPTER-6 (COMBUSTION AND FLAME)""}",374825,Lesson,"{""sub_institute_id"":""1"",""lessonId"":""151"",""chapter_id"":""204"",""subject_id"":""3975"",""standard_id"":""41""}"
979669,154952,Chapter,"{""sub_institute_id"":""1"",""standard_id"":""41"",""subject_id"":""3975"",""chId"":""205"",""chapter_name"":""CHAPTER-7 (CONSERVATION OF PLANTS AND ANIMALS)""}",374826,Lesson,"{""sub_institute_id"":""1"",""lessonId"":""152"",""chapter_id"":""205"",""subject_id"":""3975"",""standard_id"":""41""}"
979670,154953,Chapter,"{""sub_institute_id"":""1"",""standard_id"":""41"",""subject_id"":""3975"",""chId"":""206"",""chapter_name"":""CHAPTER-8 (CELL-STRUCTURE AND FUNCTIONS)""}",374827,Lesson,"{""sub_institute_id"":""1"",""lessonId"":""153"",""chapter_id"":""206"",""subject_id"":""3975"",""standard_id"":""41""}"
979671,154954,Chapter,"{""sub_institute_id"":""1"",""standard_id"":""41"",""subject_id"":""3975"",""chId"":""207"",""chapter_name"":""CHAPTER-9 (REPRODUCTION IN ANIMALS)""}",374828,Lesson,"{""sub_institute_id"":""1"",""lessonId"":""154"",""chapter_id"":""207"",""subject_id"":""3975"",""standard_id"":""41""}"
979672,154955,Chapter,"{""sub_institute_id"":""1"",""standard_id"":""41"",""subject_id"":""3975"",""chId"":""208"",""chapter_name"":""CHAPTER-10 (REACHING THE AGE OF ADOLESCENCE)""}",374829,Lesson,"{""sub_institute_id"":""1"",""lessonId"":""155"",""chapter_id"":""208"",""subject_id"":""3975"",""standard_id"":""41""}"
979673,154956,Chapter,"{""sub_institute_id"":""1"",""standard_id"":""41"",""subject_id"":""3975"",""chId"":""209"",""chapter_name"":""CHAPTER-11(FORCE AND PRESSURE)""}",374830,Lesson,"{""sub_institute_id"":""1"",""lessonId"":""156"",""chapter_id"":""209"",""subject_id"":""3975"",""standard_id"":""41""}"
979674,154957,Chapter,"{""sub_institute_id"":""1"",""standard_id"":""41"",""subject_id"":""3975"",""chId"":""210"",""chapter_name"":""CHAPTER-12 (FRICTION)""}",374831,Lesson,"{""sub_institute_id"":""1"",""lessonId"":""157"",""chapter_id"":""210"",""subject_id"":""3975"",""standard_id"":""41""}"
979675,154958,Chapter,"{""sub_institute_id"":""1"",""standard_id"":""41"",""subject_id"":""3975"",""chId"":""211"",""chapter_name"":""CHAPTER-13 (SOUND)""}",374832,Lesson,"{""sub_institute_id"":""1"",""lessonId"":""158"",""chapter_id"":""211"",""subject_id"":""3975"",""standard_id"":""41""}"
979676,154959,Chapter,"{""sub_institute_id"":""1"",""standard_id"":""41"",""subject_id"":""3975"",""chId"":""212"",""chapter_name"":""CHAPTER-14 (CHEMICAL EFFECTS OF ELECTRIC CURRENT)""}",374833,Lesson,"{""sub_institute_id"":""1"",""lessonId"":""159"",""chapter_id"":""212"",""subject_id"":""3975"",""standard_id"":""41""}"
979677,154960,Chapter,"{""sub_institute_id"":""1"",""standard_id"":""41"",""subject_id"":""3975"",""chId"":""213"",""chapter_name"":""CHAPTER-15 (SOME NATURAL PHENOMENA)""}",374834,Lesson,"{""sub_institute_id"":""1"",""lessonId"":""160"",""chapter_id"":""213"",""subject_id"":""3975"",""standard_id"":""41""}"
979678,154961,Chapter,"{""sub_institute_id"":""1"",""standard_id"":""41"",""subject_id"":""3975"",""chId"":""214"",""chapter_name"":""CHAPTER-16 (LIGHT)""}",374835,Lesson,"{""sub_institute_id"":""1"",""lessonId"":""161"",""chapter_id"":""214"",""subject_id"":""3975"",""standard_id"":""41""}"
979679,154962,Chapter,"{""sub_institute_id"":""1"",""standard_id"":""41"",""subject_id"":""3975"",""chId"":""215"",""chapter_name"":""CHAPTER-17 (STARS AND THE SOLAR SUSTEM)""}",374836,Lesson,"{""sub_institute_id"":""1"",""lessonId"":""162"",""chapter_id"":""215"",""subject_id"":""3975"",""standard_id"":""41""}"
979680,154963,Chapter,"{""sub_institute_id"":""1"",""standard_id"":""41"",""subject_id"":""3975"",""chId"":""216"",""chapter_name"":""CHAPTER-18 (POLLUTION OF AIR AND WATER)""}",374837,Lesson,"{""sub_institute_id"":""1"",""lessonId"":""163"",""chapter_id"":""216"",""subject_id"":""3975"",""standard_id"":""41""}"
979681,155635,Chapter,"{""sub_institute_id"":""1"",""standard_id"":""41"",""subject_id"":""3976"",""chId"":""4637"",""chapter_name"":""Linear Equations in one variable""}",374839,Lesson,"{""sub_institute_id"":""1"",""lessonId"":""165"",""chapter_id"":""4637"",""subject_id"":""3976"",""standard_id"":""41""}"
979682,155066,Chapter,"{""sub_institute_id"":""1"",""standard_id"":""34"",""subject_id"":""3976"",""chId"":""649"",""chapter_name"":""Data Handling""}",374841,Lesson,"{""sub_institute_id"":""1"",""lessonId"":""167"",""chapter_id"":""649"",""subject_id"":""3976"",""standard_id"":""41""}"
979683,155639,Chapter,"{""sub_institute_id"":""1"",""standard_id"":""41"",""subject_id"":""3976"",""chId"":""4641"",""chapter_name"":""Squares and Square roots""}",374842,Lesson,"{""sub_institute_id"":""1"",""lessonId"":""168"",""chapter_id"":""4641"",""subject_id"":""3976"",""standard_id"":""41""}"
979684,155640,Chapter,"{""sub_institute_id"":""1"",""standard_id"":""41"",""subject_id"":""3976"",""chId"":""4642"",""chapter_name"":""Cubes and cube roots""}",374843,Lesson,"{""sub_institute_id"":""1"",""lessonId"":""169"",""chapter_id"":""4642"",""subject_id"":""3976"",""standard_id"":""41""}"
979685,154966,Chapter,"{""sub_institute_id"":""1"",""standard_id"":""41"",""subject_id"":""3976"",""chId"":""229"",""chapter_name"":""Direct and Inverse proportions""}",374846,Lesson,"{""sub_institute_id"":""1"",""lessonId"":""172"",""chapter_id"":""229"",""subject_id"":""3976"",""standard_id"":""41""}"
979686,154967,Chapter,"{""sub_institute_id"":""1"",""standard_id"":""41"",""subject_id"":""3976"",""chId"":""230"",""chapter_name"":""Factorization""}",374847,Lesson,"{""sub_institute_id"":""1"",""lessonId"":""173"",""chapter_id"":""230"",""subject_id"":""3976"",""standard_id"":""41""}"
979687,155893,Chapter,"{""sub_institute_id"":""1"",""standard_id"":""41"",""subject_id"":""3976"",""chId"":""4980"",""chapter_name"":""Introduction to Graphs""}",374848,Lesson,"{""sub_institute_id"":""1"",""lessonId"":""174"",""chapter_id"":""4980"",""subject_id"":""3976"",""standard_id"":""41""}"
979688,154968,Chapter,"{""sub_institute_id"":""1"",""standard_id"":""41"",""subject_id"":""3976"",""chId"":""232"",""chapter_name"":""Playing with numbers""}",374849,Lesson,"{""sub_institute_id"":""1"",""lessonId"":""175"",""chapter_id"":""232"",""subject_id"":""3976"",""standard_id"":""41""}"
979689,156044,Chapter,"{""sub_institute_id"":""1"",""standard_id"":""39"",""subject_id"":""4469"",""chId"":""5618"",""chapter_name"":""Ch1_Understanding diversity""}",374850,Lesson,"{""sub_institute_id"":""1"",""lessonId"":""176"",""chapter_id"":""5618"",""subject_id"":""4469"",""standard_id"":""39""}"
979690,156043,Chapter,"{""sub_institute_id"":""1"",""standard_id"":""39"",""subject_id"":""4469"",""chId"":""5617"",""chapter_name"":""Ch2_Diversity and Discrimination""}",374851,Lesson,"{""sub_institute_id"":""1"",""lessonId"":""177"",""chapter_id"":""5617"",""subject_id"":""4469"",""standard_id"":""39""}"
979691,156042,Chapter,"{""sub_institute_id"":""1"",""standard_id"":""39"",""subject_id"":""4469"",""chId"":""5616"",""chapter_name"":""Ch3_What is Government""}",374852,Lesson,"{""sub_institute_id"":""1"",""lessonId"":""178"",""chapter_id"":""5616"",""subject_id"":""4469"",""standard_id"":""39""}"
979692,156041,Chapter,"{""sub_institute_id"":""1"",""standard_id"":""39"",""subject_id"":""4469"",""chId"":""5615"",""chapter_name"":""Ch4_Key Elements of Democratic Government""}",374853,Lesson,"{""sub_institute_id"":""1"",""lessonId"":""179"",""chapter_id"":""5615"",""subject_id"":""4469"",""standard_id"":""39""}"
979693,156040,Chapter,"{""sub_institute_id"":""1"",""standard_id"":""39"",""subject_id"":""4469"",""chId"":""5614"",""chapter_name"":""Ch5_Panchayati Raj""}",374854,Lesson,"{""sub_institute_id"":""1"",""lessonId"":""180"",""chapter_id"":""5614"",""subject_id"":""4469"",""standard_id"":""39""}"
979694,156039,Chapter,"{""sub_institute_id"":""1"",""standard_id"":""39"",""subject_id"":""4469"",""chId"":""5613"",""chapter_name"":""Ch6_Rural Administration""}",374855,Lesson,"{""sub_institute_id"":""1"",""lessonId"":""181"",""chapter_id"":""5613"",""subject_id"":""4469"",""standard_id"":""39""}"
979695,156038,Chapter,"{""sub_institute_id"":""1"",""standard_id"":""39"",""subject_id"":""4469"",""chId"":""5612"",""chapter_name"":""Ch7_Urban administration""}",374856,Lesson,"{""sub_institute_id"":""1"",""lessonId"":""182"",""chapter_id"":""5612"",""subject_id"":""4469"",""standard_id"":""39""}"
979696,156037,Chapter,"{""sub_institute_id"":""1"",""standard_id"":""39"",""subject_id"":""4469"",""chId"":""5611"",""chapter_name"":""Ch8_Rural livelihood""}",374857,Lesson,"{""sub_institute_id"":""1"",""lessonId"":""183"",""chapter_id"":""5611"",""subject_id"":""4469"",""standard_id"":""39""}"
979697,156036,Chapter,"{""sub_institute_id"":""1"",""standard_id"":""39"",""subject_id"":""4469"",""chId"":""5610"",""chapter_name"":""Ch9_Urban livelihood""}",374858,Lesson,"{""sub_institute_id"":""1"",""lessonId"":""184"",""chapter_id"":""5610"",""subject_id"":""4469"",""standard_id"":""39""}"
979698,156056,Chapter,"{""sub_institute_id"":""1"",""standard_id"":""39"",""subject_id"":""4470"",""chId"":""5630"",""chapter_name"":""Ch_1 WHAT,WHERE.HOW _WHEN""}",374867,Lesson,"{""sub_institute_id"":""1"",""lessonId"":""193"",""chapter_id"":""5630"",""subject_id"":""4470"",""standard_id"":""39""}"
979699,156055,Chapter,"{""sub_institute_id"":""1"",""standard_id"":""39"",""subject_id"":""4470"",""chId"":""5629"",""chapter_name"":""Ch_2 ON THE TRAIL OF THE EARLIEST PEOPLE""}",374868,Lesson,"{""sub_institute_id"":""1"",""lessonId"":""194"",""chapter_id"":""5629"",""subject_id"":""4470"",""standard_id"":""39""}"
979700,156054,Chapter,"{""sub_institute_id"":""1"",""standard_id"":""39"",""subject_id"":""4470"",""chId"":""5628"",""chapter_name"":""Ch_3 FROM GATHERING TO GROWING FOOD""}",374869,Lesson,"{""sub_institute_id"":""1"",""lessonId"":""195"",""chapter_id"":""5628"",""subject_id"":""4470"",""standard_id"":""39""}"
979701,156053,Chapter,"{""sub_institute_id"":""1"",""standard_id"":""39"",""subject_id"":""4470"",""chId"":""5627"",""chapter_name"":""Ch_4 IN THE EARLIEST CITIES""}",374870,Lesson,"{""sub_institute_id"":""1"",""lessonId"":""196"",""chapter_id"":""5627"",""subject_id"":""4470"",""standard_id"":""39""}"
979702,156052,Chapter,"{""sub_institute_id"":""1"",""standard_id"":""39"",""subject_id"":""4470"",""chId"":""5626"",""chapter_name"":""Ch_5 WHAT BOOKS _ BURIALS TELL US""}",374871,Lesson,"{""sub_institute_id"":""1"",""lessonId"":""197"",""chapter_id"":""5626"",""subject_id"":""4470"",""standard_id"":""39""}"
979703,156051,Chapter,"{""sub_institute_id"":""1"",""standard_id"":""39"",""subject_id"":""4470"",""chId"":""5625"",""chapter_name"":""Ch_6 KINGDOMS, KINGS AND AN EARLY REPUBLIC""}",374872,Lesson,"{""sub_institute_id"":""1"",""lessonId"":""198"",""chapter_id"":""5625"",""subject_id"":""4470"",""standard_id"":""39""}"
979704,156050,Chapter,"{""sub_institute_id"":""1"",""standard_id"":""39"",""subject_id"":""4470"",""chId"":""5624"",""chapter_name"":""Ch_7 NEW QUESTIONS AND IDEAS""}",374873,Lesson,"{""sub_institute_id"":""1"",""lessonId"":""199"",""chapter_id"":""5624"",""subject_id"":""4470"",""standard_id"":""39""}"
979705,156049,Chapter,"{""sub_institute_id"":""1"",""standard_id"":""39"",""subject_id"":""4470"",""chId"":""5623"",""chapter_name"":""Ch_8 ASHOKA THE EMPEROR WHO GAVE UP WAR""}",374874,Lesson,"{""sub_institute_id"":""1"",""lessonId"":""200"",""chapter_id"":""5623"",""subject_id"":""4470"",""standard_id"":""39""}"
979706,156048,Chapter,"{""sub_institute_id"":""1"",""standard_id"":""39"",""subject_id"":""4470"",""chId"":""5622"",""chapter_name"":""Ch_9 VITAL VILLAGES""}",374875,Lesson,"{""sub_institute_id"":""1"",""lessonId"":""201"",""chapter_id"":""5622"",""subject_id"":""4470"",""standard_id"":""39""}"
979707,156047,Chapter,"{""sub_institute_id"":""1"",""standard_id"":""39"",""subject_id"":""4470"",""chId"":""5621"",""chapter_name"":""Ch_10 TRADERS, KINGS, AND PILGRIMS""}",374876,Lesson,"{""sub_institute_id"":""1"",""lessonId"":""202"",""chapter_id"":""5621"",""subject_id"":""4470"",""standard_id"":""39""}"
979708,156046,Chapter,"{""sub_institute_id"":""1"",""standard_id"":""39"",""subject_id"":""4470"",""chId"":""5620"",""chapter_name"":""Ch_11 NEW EMPIRES AND KINGDOMS""}",374877,Lesson,"{""sub_institute_id"":""1"",""lessonId"":""203"",""chapter_id"":""5620"",""subject_id"":""4470"",""standard_id"":""39""}"
979709,156045,Chapter,"{""sub_institute_id"":""1"",""standard_id"":""39"",""subject_id"":""4470"",""chId"":""5619"",""chapter_name"":""Ch_12 BUILDING PAINTING AND BOOKS""}",374878,Lesson,"{""sub_institute_id"":""1"",""lessonId"":""204"",""chapter_id"":""5619"",""subject_id"":""4470"",""standard_id"":""39""}"
979710,154968,Chapter,"{""sub_institute_id"":""1"",""standard_id"":""41"",""subject_id"":""3976"",""chId"":""232"",""chapter_name"":""Playing with numbers""}",374881,Lesson,"{""sub_institute_id"":""1"",""lessonId"":""207"",""chapter_id"":""232"",""subject_id"":""3976"",""standard_id"":""39""}"
979711,155066,Chapter,"{""sub_institute_id"":""1"",""standard_id"":""34"",""subject_id"":""3976"",""chId"":""649"",""chapter_name"":""Data Handling""}",374887,Lesson,"{""sub_institute_id"":""1"",""lessonId"":""213"",""chapter_id"":""649"",""subject_id"":""3976"",""standard_id"":""39""}"
979712,155642,Chapter,"{""sub_institute_id"":""1"",""standard_id"":""41"",""subject_id"":""3976"",""chId"":""4644"",""chapter_name"":""Mensuration""}",374888,Lesson,"{""sub_institute_id"":""1"",""lessonId"":""214"",""chapter_id"":""4644"",""subject_id"":""3976"",""standard_id"":""39""}"
979713,155916,Chapter,"{""sub_institute_id"":""1"",""standard_id"":""40"",""subject_id"":""4435"",""chId"":""5451"",""chapter_name"":""1. The Tiny Teacher""}",374893,Lesson,"{""sub_institute_id"":""1"",""lessonId"":""229"",""chapter_id"":""5451"",""subject_id"":""4435"",""standard_id"":""40""}"
979714,155914,Chapter,"{""sub_institute_id"":""1"",""standard_id"":""40"",""subject_id"":""4435"",""chId"":""5449"",""chapter_name"":""2. Bringing Up Kari""}",374894,Lesson,"{""sub_institute_id"":""1"",""lessonId"":""230"",""chapter_id"":""5449"",""subject_id"":""4435"",""standard_id"":""40""}"
979715,155913,Chapter,"{""sub_institute_id"":""1"",""standard_id"":""40"",""subject_id"":""4435"",""chId"":""5448"",""chapter_name"":""3. The Desert""}",374895,Lesson,"{""sub_institute_id"":""1"",""lessonId"":""231"",""chapter_id"":""5448"",""subject_id"":""4435"",""standard_id"":""40""}"
979716,155912,Chapter,"{""sub_institute_id"":""1"",""standard_id"":""40"",""subject_id"":""4435"",""chId"":""5447"",""chapter_name"":""4. The Cop and The Anthem""}",374896,Lesson,"{""sub_institute_id"":""1"",""lessonId"":""232"",""chapter_id"":""5447"",""subject_id"":""4435"",""standard_id"":""40""}"
979717,155911,Chapter,"{""sub_institute_id"":""1"",""standard_id"":""40"",""subject_id"":""4435"",""chId"":""5446"",""chapter_name"":""5. Golu Grows A Nose""}",374897,Lesson,"{""sub_institute_id"":""1"",""lessonId"":""233"",""chapter_id"":""5446"",""subject_id"":""4435"",""standard_id"":""40""}"
979718,155910,Chapter,"{""sub_institute_id"":""1"",""standard_id"":""40"",""subject_id"":""4435"",""chId"":""5445"",""chapter_name"":""6. I Want Something in a Cage""}",374898,Lesson,"{""sub_institute_id"":""1"",""lessonId"":""234"",""chapter_id"":""5445"",""subject_id"":""4435"",""standard_id"":""40""}"
979719,155909,Chapter,"{""sub_institute_id"":""1"",""standard_id"":""40"",""subject_id"":""4435"",""chId"":""5444"",""chapter_name"":""7. Chandni""}",374899,Lesson,"{""sub_institute_id"":""1"",""lessonId"":""235"",""chapter_id"":""5444"",""subject_id"":""4435"",""standard_id"":""40""}"
979720,155908,Chapter,"{""sub_institute_id"":""1"",""standard_id"":""40"",""subject_id"":""4435"",""chId"":""5443"",""chapter_name"":""8. The Bear Story""}",374900,Lesson,"{""sub_institute_id"":""1"",""lessonId"":""236"",""chapter_id"":""5443"",""subject_id"":""4435"",""standard_id"":""40""}"
979721,155907,Chapter,"{""sub_institute_id"":""1"",""standard_id"":""40"",""subject_id"":""4435"",""chId"":""5442"",""chapter_name"":""9. A Tiger In The House""}",374901,Lesson,"{""sub_institute_id"":""1"",""lessonId"":""237"",""chapter_id"":""5442"",""subject_id"":""4435"",""standard_id"":""40""}"
979722,155915,Chapter,"{""sub_institute_id"":""1"",""standard_id"":""40"",""subject_id"":""4435"",""chId"":""5450"",""chapter_name"":""10. An Alien Hand""}",374902,Lesson,"{""sub_institute_id"":""1"",""lessonId"":""238"",""chapter_id"":""5450"",""subject_id"":""4435"",""standard_id"":""40""}"
979723,155066,Chapter,"{""sub_institute_id"":""1"",""standard_id"":""34"",""subject_id"":""3976"",""chId"":""649"",""chapter_name"":""Data Handling""}",374922,Lesson,"{""sub_institute_id"":""1"",""lessonId"":""258"",""chapter_id"":""649"",""subject_id"":""3976"",""standard_id"":""40""}"
979724,155343,Chapter,"{""sub_institute_id"":""1"",""standard_id"":""42"",""subject_id"":""3976"",""chId"":""939"",""chapter_name"":""Lines and Angles""}",374924,Lesson,"{""sub_institute_id"":""1"",""lessonId"":""260"",""chapter_id"":""939"",""subject_id"":""3976"",""standard_id"":""40""}"
979725,155919,Chapter,"{""sub_institute_id"":""1"",""standard_id"":""40"",""subject_id"":""4469"",""chId"":""5454"",""chapter_name"":""Ch_2 New Kings & Kingdoms""}",374930,Lesson,"{""sub_institute_id"":""1"",""lessonId"":""266"",""chapter_id"":""5454"",""subject_id"":""4469"",""standard_id"":""40""}"
979726,155920,Chapter,"{""sub_institute_id"":""1"",""standard_id"":""40"",""subject_id"":""4469"",""chId"":""5455"",""chapter_name"":""Ch_3 The Delhi Sultans""}",374931,Lesson,"{""sub_institute_id"":""1"",""lessonId"":""267"",""chapter_id"":""5455"",""subject_id"":""4469"",""standard_id"":""40""}"
979727,155917,Chapter,"{""sub_institute_id"":""1"",""standard_id"":""40"",""subject_id"":""4469"",""chId"":""5452"",""chapter_name"":""Ch_4 The Mughal Empire""}",374932,Lesson,"{""sub_institute_id"":""1"",""lessonId"":""268"",""chapter_id"":""5452"",""subject_id"":""4469"",""standard_id"":""40""}"
979728,155926,Chapter,"{""sub_institute_id"":""1"",""standard_id"":""40"",""subject_id"":""4469"",""chId"":""5461"",""chapter_name"":""Ch_6 Towns, Traders _ Craftspersons""}",374933,Lesson,"{""sub_institute_id"":""1"",""lessonId"":""269"",""chapter_id"":""5461"",""subject_id"":""4469"",""standard_id"":""40""}"
979729,155921,Chapter,"{""sub_institute_id"":""1"",""standard_id"":""40"",""subject_id"":""4469"",""chId"":""5456"",""chapter_name"":""Ch_7 Tribes, Nomads and Settled Communities""}",374934,Lesson,"{""sub_institute_id"":""1"",""lessonId"":""270"",""chapter_id"":""5456"",""subject_id"":""4469"",""standard_id"":""40""}"
979730,155925,Chapter,"{""sub_institute_id"":""1"",""standard_id"":""40"",""subject_id"":""4469"",""chId"":""5460"",""chapter_name"":""Ch_8 Devotional Paths to the Divine""}",374935,Lesson,"{""sub_institute_id"":""1"",""lessonId"":""271"",""chapter_id"":""5460"",""subject_id"":""4469"",""standard_id"":""40""}"
979731,155923,Chapter,"{""sub_institute_id"":""1"",""standard_id"":""40"",""subject_id"":""4469"",""chId"":""5458"",""chapter_name"":""Ch_10 Eighteenth- Century Political Formations""}",374936,Lesson,"{""sub_institute_id"":""1"",""lessonId"":""272"",""chapter_id"":""5458"",""subject_id"":""4469"",""standard_id"":""40""}"
979732,155927,Chapter,"{""sub_institute_id"":""1"",""standard_id"":""40"",""subject_id"":""4470"",""chId"":""5462"",""chapter_name"":""Ch1_On Equality""}",374962,Lesson,"{""sub_institute_id"":""1"",""lessonId"":""298"",""chapter_id"":""5462"",""subject_id"":""4470"",""standard_id"":""40""}"
979733,155935,Chapter,"{""sub_institute_id"":""1"",""standard_id"":""40"",""subject_id"":""4470"",""chId"":""5470"",""chapter_name"":""Ch2_Role Of government in health""}",374963,Lesson,"{""sub_institute_id"":""1"",""lessonId"":""299"",""chapter_id"":""5470"",""subject_id"":""4470"",""standard_id"":""40""}"
979734,155934,Chapter,"{""sub_institute_id"":""1"",""standard_id"":""40"",""subject_id"":""4470"",""chId"":""5469"",""chapter_name"":""Ch3_ How the State Government Works""}",374964,Lesson,"{""sub_institute_id"":""1"",""lessonId"":""300"",""chapter_id"":""5469"",""subject_id"":""4470"",""standard_id"":""40""}"
979735,155933,Chapter,"{""sub_institute_id"":""1"",""standard_id"":""40"",""subject_id"":""4470"",""chId"":""5468"",""chapter_name"":""Ch4_Growing up as Boys and Girls""}",374965,Lesson,"{""sub_institute_id"":""1"",""lessonId"":""301"",""chapter_id"":""5468"",""subject_id"":""4470"",""standard_id"":""40""}"
979736,155932,Chapter,"{""sub_institute_id"":""1"",""standard_id"":""40"",""subject_id"":""4470"",""chId"":""5467"",""chapter_name"":""Ch5_Women Change the World""}",374966,Lesson,"{""sub_institute_id"":""1"",""lessonId"":""302"",""chapter_id"":""5467"",""subject_id"":""4470"",""standard_id"":""40""}"
979737,155929,Chapter,"{""sub_institute_id"":""1"",""standard_id"":""40"",""subject_id"":""4470"",""chId"":""5464"",""chapter_name"":""Ch6_Understanding Media""}",374967,Lesson,"{""sub_institute_id"":""1"",""lessonId"":""303"",""chapter_id"":""5464"",""subject_id"":""4470"",""standard_id"":""40""}"
979738,155931,Chapter,"{""sub_institute_id"":""1"",""standard_id"":""40"",""subject_id"":""4470"",""chId"":""5466"",""chapter_name"":""Ch8_ Markets Around Us""}",374968,Lesson,"{""sub_institute_id"":""1"",""lessonId"":""304"",""chapter_id"":""5466"",""subject_id"":""4470"",""standard_id"":""40""}"
979739,155928,Chapter,"{""sub_institute_id"":""1"",""standard_id"":""40"",""subject_id"":""4470"",""chId"":""5463"",""chapter_name"":""Ch9_ A Shirt in the Market""}",374969,Lesson,"{""sub_institute_id"":""1"",""lessonId"":""305"",""chapter_id"":""5463"",""subject_id"":""4470"",""standard_id"":""40""}"
979740,155930,Chapter,"{""sub_institute_id"":""1"",""standard_id"":""40"",""subject_id"":""4470"",""chId"":""5465"",""chapter_name"":""Ch10_Struggles for Equality""}",374970,Lesson,"{""sub_institute_id"":""1"",""lessonId"":""306"",""chapter_id"":""5465"",""subject_id"":""4470"",""standard_id"":""40""}"
979741,155002,Chapter,"{""sub_institute_id"":""1"",""standard_id"":""41"",""subject_id"":""3978"",""chId"":""266"",""chapter_name"":""The Best Christmas Present in the World""}",374971,Lesson,"{""sub_institute_id"":""1"",""lessonId"":""307"",""chapter_id"":""266"",""subject_id"":""3978"",""standard_id"":""41""}"
979742,155003,Chapter,"{""sub_institute_id"":""1"",""standard_id"":""41"",""subject_id"":""3978"",""chId"":""267"",""chapter_name"":""The Tsunami""}",374972,Lesson,"{""sub_institute_id"":""1"",""lessonId"":""308"",""chapter_id"":""267"",""subject_id"":""3978"",""standard_id"":""41""}"
979743,155004,Chapter,"{""sub_institute_id"":""1"",""standard_id"":""41"",""subject_id"":""3978"",""chId"":""268"",""chapter_name"":""Glimpses of the Past""}",374973,Lesson,"{""sub_institute_id"":""1"",""lessonId"":""309"",""chapter_id"":""268"",""subject_id"":""3978"",""standard_id"":""41""}"
979744,155005,Chapter,"{""sub_institute_id"":""1"",""standard_id"":""41"",""subject_id"":""3978"",""chId"":""269"",""chapter_name"":""Bepin Choudhury's Lapse of Memory""}",374974,Lesson,"{""sub_institute_id"":""1"",""lessonId"":""310"",""chapter_id"":""269"",""subject_id"":""3978"",""standard_id"":""41""}"
979745,155006,Chapter,"{""sub_institute_id"":""1"",""standard_id"":""41"",""subject_id"":""3978"",""chId"":""270"",""chapter_name"":""The Summit Within""}",374975,Lesson,"{""sub_institute_id"":""1"",""lessonId"":""311"",""chapter_id"":""270"",""subject_id"":""3978"",""standard_id"":""41""}"
979746,155007,Chapter,"{""sub_institute_id"":""1"",""standard_id"":""41"",""subject_id"":""3978"",""chId"":""271"",""chapter_name"":""This is Jody's Fawn""}",374976,Lesson,"{""sub_institute_id"":""1"",""lessonId"":""312"",""chapter_id"":""271"",""subject_id"":""3978"",""standard_id"":""41""}"
979747,155008,Chapter,"{""sub_institute_id"":""1"",""standard_id"":""41"",""subject_id"":""3978"",""chId"":""272"",""chapter_name"":""A Visit to Cambridge""}",374977,Lesson,"{""sub_institute_id"":""1"",""lessonId"":""313"",""chapter_id"":""272"",""subject_id"":""3978"",""standard_id"":""41""}"
979748,155009,Chapter,"{""sub_institute_id"":""1"",""standard_id"":""41"",""subject_id"":""3978"",""chId"":""273"",""chapter_name"":""A Short Monsoon Diary""}",374978,Lesson,"{""sub_institute_id"":""1"",""lessonId"":""314"",""chapter_id"":""273"",""subject_id"":""3978"",""standard_id"":""41""}"
979749,155010,Chapter,"{""sub_institute_id"":""1"",""standard_id"":""41"",""subject_id"":""3978"",""chId"":""274"",""chapter_name"":""The Great Stone Face - I""}",374979,Lesson,"{""sub_institute_id"":""1"",""lessonId"":""315"",""chapter_id"":""274"",""subject_id"":""3978"",""standard_id"":""41""}"
979750,155011,Chapter,"{""sub_institute_id"":""1"",""standard_id"":""41"",""subject_id"":""3978"",""chId"":""275"",""chapter_name"":""The Great Stone Face - II""}",374980,Lesson,"{""sub_institute_id"":""1"",""lessonId"":""316"",""chapter_id"":""275"",""subject_id"":""3978"",""standard_id"":""41""}"
979751,155461,Chapter,"{""sub_institute_id"":""1"",""standard_id"":""41"",""subject_id"":""3978"",""chId"":""3611"",""chapter_name"":""The Ant and the Cricket""}",374981,Lesson,"{""sub_institute_id"":""1"",""lessonId"":""317"",""chapter_id"":""3611"",""subject_id"":""3978"",""standard_id"":""41""}"
979752,155462,Chapter,"{""sub_institute_id"":""1"",""standard_id"":""41"",""subject_id"":""3978"",""chId"":""3612"",""chapter_name"":""Geography Lesson""}",374982,Lesson,"{""sub_institute_id"":""1"",""lessonId"":""318"",""chapter_id"":""3612"",""subject_id"":""3978"",""standard_id"":""41""}"
979753,155463,Chapter,"{""sub_institute_id"":""1"",""standard_id"":""41"",""subject_id"":""3978"",""chId"":""3613"",""chapter_name"":""Macavity: The Mystery Cat""}",374983,Lesson,"{""sub_institute_id"":""1"",""lessonId"":""319"",""chapter_id"":""3613"",""subject_id"":""3978"",""standard_id"":""41""}"
979754,155464,Chapter,"{""sub_institute_id"":""1"",""standard_id"":""41"",""subject_id"":""3978"",""chId"":""3614"",""chapter_name"":""The Last Bargain""}",374984,Lesson,"{""sub_institute_id"":""1"",""lessonId"":""320"",""chapter_id"":""3614"",""subject_id"":""3978"",""standard_id"":""41""}"
979755,155465,Chapter,"{""sub_institute_id"":""1"",""standard_id"":""41"",""subject_id"":""3978"",""chId"":""3615"",""chapter_name"":""The School Boy""}",374985,Lesson,"{""sub_institute_id"":""1"",""lessonId"":""321"",""chapter_id"":""3615"",""subject_id"":""3978"",""standard_id"":""41""}"
979756,155466,Chapter,"{""sub_institute_id"":""1"",""standard_id"":""41"",""subject_id"":""3978"",""chId"":""3616"",""chapter_name"":""The Duck and the Kangaroo""}",374986,Lesson,"{""sub_institute_id"":""1"",""lessonId"":""322"",""chapter_id"":""3616"",""subject_id"":""3978"",""standard_id"":""41""}"
979757,155467,Chapter,"{""sub_institute_id"":""1"",""standard_id"":""41"",""subject_id"":""3978"",""chId"":""3617"",""chapter_name"":""When I set out for Lyonnesse""}",374987,Lesson,"{""sub_institute_id"":""1"",""lessonId"":""323"",""chapter_id"":""3617"",""subject_id"":""3978"",""standard_id"":""41""}"
979758,155468,Chapter,"{""sub_institute_id"":""1"",""standard_id"":""41"",""subject_id"":""3978"",""chId"":""3618"",""chapter_name"":""On the Grasshopper and the Cricket""}",374988,Lesson,"{""sub_institute_id"":""1"",""lessonId"":""324"",""chapter_id"":""3618"",""subject_id"":""3978"",""standard_id"":""41""}"
979759,156059,Chapter,"{""sub_institute_id"":""1"",""standard_id"":""41"",""subject_id"":""4435"",""chId"":""5653"",""chapter_name"":""1. How the Camel Got His Hump""}",374989,Lesson,"{""sub_institute_id"":""1"",""lessonId"":""325"",""chapter_id"":""5653"",""subject_id"":""4435"",""standard_id"":""41""}"
979760,156018,Chapter,"{""sub_institute_id"":""1"",""standard_id"":""41"",""subject_id"":""4435"",""chId"":""5554"",""chapter_name"":""2. CHILDREN AT WORK""}",374990,Lesson,"{""sub_institute_id"":""1"",""lessonId"":""326"",""chapter_id"":""5554"",""subject_id"":""4435"",""standard_id"":""41""}"
979761,156017,Chapter,"{""sub_institute_id"":""1"",""standard_id"":""41"",""subject_id"":""4435"",""chId"":""5553"",""chapter_name"":""3. SELFISH GIANT""}",374991,Lesson,"{""sub_institute_id"":""1"",""lessonId"":""327"",""chapter_id"":""5553"",""subject_id"":""4435"",""standard_id"":""41""}"
979762,156016,Chapter,"{""sub_institute_id"":""1"",""standard_id"":""41"",""subject_id"":""4435"",""chId"":""5552"",""chapter_name"":""4. THE TREASURE WITHIN""}",374992,Lesson,"{""sub_institute_id"":""1"",""lessonId"":""328"",""chapter_id"":""5552"",""subject_id"":""4435"",""standard_id"":""41""}"
979763,156013,Chapter,"{""sub_institute_id"":""1"",""standard_id"":""41"",""subject_id"":""4435"",""chId"":""5549"",""chapter_name"":""5. PRINCESS SEPTEMBER""}",374993,Lesson,"{""sub_institute_id"":""1"",""lessonId"":""329"",""chapter_id"":""5549"",""subject_id"":""4435"",""standard_id"":""41""}"
979764,156012,Chapter,"{""sub_institute_id"":""1"",""standard_id"":""41"",""subject_id"":""4435"",""chId"":""5548"",""chapter_name"":""6. THE FIGHT""}",374994,Lesson,"{""sub_institute_id"":""1"",""lessonId"":""330"",""chapter_id"":""5548"",""subject_id"":""4435"",""standard_id"":""41""}"
979765,156011,Chapter,"{""sub_institute_id"":""1"",""standard_id"":""41"",""subject_id"":""4435"",""chId"":""5547"",""chapter_name"":""7. THE OPEN WINDOW""}",374995,Lesson,"{""sub_institute_id"":""1"",""lessonId"":""331"",""chapter_id"":""5547"",""subject_id"":""4435"",""standard_id"":""41""}"
979766,156010,Chapter,"{""sub_institute_id"":""1"",""standard_id"":""41"",""subject_id"":""4435"",""chId"":""5546"",""chapter_name"":""8. JALEBIS""}",374996,Lesson,"{""sub_institute_id"":""1"",""lessonId"":""332"",""chapter_id"":""5546"",""subject_id"":""4435"",""standard_id"":""41""}"
979767,156015,Chapter,"{""sub_institute_id"":""1"",""standard_id"":""41"",""subject_id"":""4435"",""chId"":""5551"",""chapter_name"":""9. THE COMET - I""}",374997,Lesson,"{""sub_institute_id"":""1"",""lessonId"":""333"",""chapter_id"":""5551"",""subject_id"":""4435"",""standard_id"":""41""}"
979768,156014,Chapter,"{""sub_institute_id"":""1"",""standard_id"":""41"",""subject_id"":""4435"",""chId"":""5550"",""chapter_name"":""10. THE COMET - II""}",374998,Lesson,"{""sub_institute_id"":""1"",""lessonId"":""334"",""chapter_id"":""5550"",""subject_id"":""4435"",""standard_id"":""41""}"
979769,155635,Chapter,"{""sub_institute_id"":""1"",""standard_id"":""41"",""subject_id"":""3976"",""chId"":""4637"",""chapter_name"":""Linear Equations in one variable""}",375000,Lesson,"{""sub_institute_id"":""1"",""lessonId"":""336"",""chapter_id"":""4637"",""subject_id"":""3976"",""standard_id"":""41""}"
979770,155066,Chapter,"{""sub_institute_id"":""1"",""standard_id"":""34"",""subject_id"":""3976"",""chId"":""649"",""chapter_name"":""Data Handling""}",375002,Lesson,"{""sub_institute_id"":""1"",""lessonId"":""338"",""chapter_id"":""649"",""subject_id"":""3976"",""standard_id"":""41""}"
979771,155639,Chapter,"{""sub_institute_id"":""1"",""standard_id"":""41"",""subject_id"":""3976"",""chId"":""4641"",""chapter_name"":""Squares and Square roots""}",375003,Lesson,"{""sub_institute_id"":""1"",""lessonId"":""339"",""chapter_id"":""4641"",""subject_id"":""3976"",""standard_id"":""41""}"
979772,155640,Chapter,"{""sub_institute_id"":""1"",""standard_id"":""41"",""subject_id"":""3976"",""chId"":""4642"",""chapter_name"":""Cubes and cube roots""}",375004,Lesson,"{""sub_institute_id"":""1"",""lessonId"":""340"",""chapter_id"":""4642"",""subject_id"":""3976"",""standard_id"":""41""}"
979773,154966,Chapter,"{""sub_institute_id"":""1"",""standard_id"":""41"",""subject_id"":""3976"",""chId"":""229"",""chapter_name"":""Direct and Inverse proportions""}",375007,Lesson,"{""sub_institute_id"":""1"",""lessonId"":""343"",""chapter_id"":""229"",""subject_id"":""3976"",""standard_id"":""41""}"
979774,154967,Chapter,"{""sub_institute_id"":""1"",""standard_id"":""41"",""subject_id"":""3976"",""chId"":""230"",""chapter_name"":""Factorization""}",375008,Lesson,"{""sub_institute_id"":""1"",""lessonId"":""344"",""chapter_id"":""230"",""subject_id"":""3976"",""standard_id"":""41""}"
979775,155893,Chapter,"{""sub_institute_id"":""1"",""standard_id"":""41"",""subject_id"":""3976"",""chId"":""4980"",""chapter_name"":""Introduction to Graphs""}",375009,Lesson,"{""sub_institute_id"":""1"",""lessonId"":""345"",""chapter_id"":""4980"",""subject_id"":""3976"",""standard_id"":""41""}"
979776,154968,Chapter,"{""sub_institute_id"":""1"",""standard_id"":""41"",""subject_id"":""3976"",""chId"":""232"",""chapter_name"":""Playing with numbers""}",375010,Lesson,"{""sub_institute_id"":""1"",""lessonId"":""346"",""chapter_id"":""232"",""subject_id"":""3976"",""standard_id"":""41""}"
979777,154946,Chapter,"{""sub_institute_id"":""1"",""standard_id"":""41"",""subject_id"":""3975"",""chId"":""199"",""chapter_name"":""CHAPTER-1 (Crop Production and Management)""}",375011,Lesson,"{""sub_institute_id"":""1"",""lessonId"":""347"",""chapter_id"":""199"",""subject_id"":""3975"",""standard_id"":""41""}"
979778,154947,Chapter,"{""sub_institute_id"":""1"",""standard_id"":""41"",""subject_id"":""3975"",""chId"":""200"",""chapter_name"":""CHAPTER-2 ( Microorganisms )""}",375012,Lesson,"{""sub_institute_id"":""1"",""lessonId"":""348"",""chapter_id"":""200"",""subject_id"":""3975"",""standard_id"":""41""}"
979779,154948,Chapter,"{""sub_institute_id"":""1"",""standard_id"":""41"",""subject_id"":""3975"",""chId"":""201"",""chapter_name"":""CHAPTER-3 (Synthetic Fibres & Particles)""}",375013,Lesson,"{""sub_institute_id"":""1"",""lessonId"":""349"",""chapter_id"":""201"",""subject_id"":""3975"",""standard_id"":""41""}"
979780,154949,Chapter,"{""sub_institute_id"":""1"",""standard_id"":""41"",""subject_id"":""3975"",""chId"":""202"",""chapter_name"":""CHAPTER-4 (Metals & Non-Metals)""}",375014,Lesson,"{""sub_institute_id"":""1"",""lessonId"":""350"",""chapter_id"":""202"",""subject_id"":""3975"",""standard_id"":""41""}"
979781,154950,Chapter,"{""sub_institute_id"":""1"",""standard_id"":""41"",""subject_id"":""3975"",""chId"":""203"",""chapter_name"":""CHAPTER-5 (Coal & Petroleum)""}",375015,Lesson,"{""sub_institute_id"":""1"",""lessonId"":""351"",""chapter_id"":""203"",""subject_id"":""3975"",""standard_id"":""41""}"
979782,154951,Chapter,"{""sub_institute_id"":""1"",""standard_id"":""41"",""subject_id"":""3975"",""chId"":""204"",""chapter_name"":""CHAPTER-6 (COMBUSTION AND FLAME)""}",375016,Lesson,"{""sub_institute_id"":""1"",""lessonId"":""352"",""chapter_id"":""204"",""subject_id"":""3975"",""standard_id"":""41""}"
979783,154952,Chapter,"{""sub_institute_id"":""1"",""standard_id"":""41"",""subject_id"":""3975"",""chId"":""205"",""chapter_name"":""CHAPTER-7 (CONSERVATION OF PLANTS AND ANIMALS)""}",375017,Lesson,"{""sub_institute_id"":""1"",""lessonId"":""353"",""chapter_id"":""205"",""subject_id"":""3975"",""standard_id"":""41""}"
979784,154953,Chapter,"{""sub_institute_id"":""1"",""standard_id"":""41"",""subject_id"":""3975"",""chId"":""206"",""chapter_name"":""CHAPTER-8 (CELL-STRUCTURE AND FUNCTIONS)""}",375018,Lesson,"{""sub_institute_id"":""1"",""lessonId"":""354"",""chapter_id"":""206"",""subject_id"":""3975"",""standard_id"":""41""}"
979785,154954,Chapter,"{""sub_institute_id"":""1"",""standard_id"":""41"",""subject_id"":""3975"",""chId"":""207"",""chapter_name"":""CHAPTER-9 (REPRODUCTION IN ANIMALS)""}",375019,Lesson,"{""sub_institute_id"":""1"",""lessonId"":""355"",""chapter_id"":""207"",""subject_id"":""3975"",""standard_id"":""41""}"
979786,154955,Chapter,"{""sub_institute_id"":""1"",""standard_id"":""41"",""subject_id"":""3975"",""chId"":""208"",""chapter_name"":""CHAPTER-10 (REACHING THE AGE OF ADOLESCENCE)""}",375020,Lesson,"{""sub_institute_id"":""1"",""lessonId"":""356"",""chapter_id"":""208"",""subject_id"":""3975"",""standard_id"":""41""}"
979787,154956,Chapter,"{""sub_institute_id"":""1"",""standard_id"":""41"",""subject_id"":""3975"",""chId"":""209"",""chapter_name"":""CHAPTER-11(FORCE AND PRESSURE)""}",375021,Lesson,"{""sub_institute_id"":""1"",""lessonId"":""357"",""chapter_id"":""209"",""subject_id"":""3975"",""standard_id"":""41""}"
979788,154957,Chapter,"{""sub_institute_id"":""1"",""standard_id"":""41"",""subject_id"":""3975"",""chId"":""210"",""chapter_name"":""CHAPTER-12 (FRICTION)""}",375022,Lesson,"{""sub_institute_id"":""1"",""lessonId"":""358"",""chapter_id"":""210"",""subject_id"":""3975"",""standard_id"":""41""}"
979789,154958,Chapter,"{""sub_institute_id"":""1"",""standard_id"":""41"",""subject_id"":""3975"",""chId"":""211"",""chapter_name"":""CHAPTER-13 (SOUND)""}",375023,Lesson,"{""sub_institute_id"":""1"",""lessonId"":""359"",""chapter_id"":""211"",""subject_id"":""3975"",""standard_id"":""41""}"
979790,154959,Chapter,"{""sub_institute_id"":""1"",""standard_id"":""41"",""subject_id"":""3975"",""chId"":""212"",""chapter_name"":""CHAPTER-14 (CHEMICAL EFFECTS OF ELECTRIC CURRENT)""}",375024,Lesson,"{""sub_institute_id"":""1"",""lessonId"":""360"",""chapter_id"":""212"",""subject_id"":""3975"",""standard_id"":""41""}"
979791,154960,Chapter,"{""sub_institute_id"":""1"",""standard_id"":""41"",""subject_id"":""3975"",""chId"":""213"",""chapter_name"":""CHAPTER-15 (SOME NATURAL PHENOMENA)""}",375025,Lesson,"{""sub_institute_id"":""1"",""lessonId"":""361"",""chapter_id"":""213"",""subject_id"":""3975"",""standard_id"":""41""}"
979792,154961,Chapter,"{""sub_institute_id"":""1"",""standard_id"":""41"",""subject_id"":""3975"",""chId"":""214"",""chapter_name"":""CHAPTER-16 (LIGHT)""}",375026,Lesson,"{""sub_institute_id"":""1"",""lessonId"":""362"",""chapter_id"":""214"",""subject_id"":""3975"",""standard_id"":""41""}"
979793,154962,Chapter,"{""sub_institute_id"":""1"",""standard_id"":""41"",""subject_id"":""3975"",""chId"":""215"",""chapter_name"":""CHAPTER-17 (STARS AND THE SOLAR SUSTEM)""}",375027,Lesson,"{""sub_institute_id"":""1"",""lessonId"":""363"",""chapter_id"":""215"",""subject_id"":""3975"",""standard_id"":""41""}"
979794,154963,Chapter,"{""sub_institute_id"":""1"",""standard_id"":""41"",""subject_id"":""3975"",""chId"":""216"",""chapter_name"":""CHAPTER-18 (POLLUTION OF AIR AND WATER)""}",375028,Lesson,"{""sub_institute_id"":""1"",""lessonId"":""364"",""chapter_id"":""216"",""subject_id"":""3975"",""standard_id"":""41""}"
979795,155355,Chapter,"{""sub_institute_id"":""1"",""standard_id"":""41"",""subject_id"":""4064"",""chId"":""977"",""chapter_name"":""Resources""}",375029,Lesson,"{""sub_institute_id"":""1"",""lessonId"":""365"",""chapter_id"":""977"",""subject_id"":""4064"",""standard_id"":""41""}"
979796,155356,Chapter,"{""sub_institute_id"":""1"",""standard_id"":""41"",""subject_id"":""4064"",""chId"":""978"",""chapter_name"":""Land, Soil, Water, Natural Vegetation and Wildlife Resources""}",375030,Lesson,"{""sub_institute_id"":""1"",""lessonId"":""366"",""chapter_id"":""978"",""subject_id"":""4064"",""standard_id"":""41""}"
979797,155357,Chapter,"{""sub_institute_id"":""1"",""standard_id"":""41"",""subject_id"":""4064"",""chId"":""979"",""chapter_name"":""Mineral and Power Resources""}",375031,Lesson,"{""sub_institute_id"":""1"",""lessonId"":""367"",""chapter_id"":""979"",""subject_id"":""4064"",""standard_id"":""41""}"
979798,155358,Chapter,"{""sub_institute_id"":""1"",""standard_id"":""41"",""subject_id"":""4064"",""chId"":""980"",""chapter_name"":""Agriculture""}",375032,Lesson,"{""sub_institute_id"":""1"",""lessonId"":""368"",""chapter_id"":""980"",""subject_id"":""4064"",""standard_id"":""41""}"
979799,155359,Chapter,"{""sub_institute_id"":""1"",""standard_id"":""41"",""subject_id"":""4064"",""chId"":""981"",""chapter_name"":""Industries""}",375033,Lesson,"{""sub_institute_id"":""1"",""lessonId"":""369"",""chapter_id"":""981"",""subject_id"":""4064"",""standard_id"":""41""}"
979800,155360,Chapter,"{""sub_institute_id"":""1"",""standard_id"":""41"",""subject_id"":""4064"",""chId"":""982"",""chapter_name"":""Human Resources""}",375034,Lesson,"{""sub_institute_id"":""1"",""lessonId"":""370"",""chapter_id"":""982"",""subject_id"":""4064"",""standard_id"":""41""}"
979801,155999,Chapter,"{""sub_institute_id"":""1"",""standard_id"":""41"",""subject_id"":""4470"",""chId"":""5535"",""chapter_name"":""Chapter 1 How, When and Where""}",375035,Lesson,"{""sub_institute_id"":""1"",""lessonId"":""371"",""chapter_id"":""5535"",""subject_id"":""4470"",""standard_id"":""41""}"
979802,155998,Chapter,"{""sub_institute_id"":""1"",""standard_id"":""41"",""subject_id"":""4470"",""chId"":""5534"",""chapter_name"":""Chapter 2 From Trade to Territory The Company Establishes Power""}",375036,Lesson,"{""sub_institute_id"":""1"",""lessonId"":""372"",""chapter_id"":""5534"",""subject_id"":""4470"",""standard_id"":""41""}"
979803,155997,Chapter,"{""sub_institute_id"":""1"",""standard_id"":""41"",""subject_id"":""4470"",""chId"":""5533"",""chapter_name"":""Chapter 3 Ruling the Countryside""}",375037,Lesson,"{""sub_institute_id"":""1"",""lessonId"":""373"",""chapter_id"":""5533"",""subject_id"":""4470"",""standard_id"":""41""}"
979804,155995,Chapter,"{""sub_institute_id"":""1"",""standard_id"":""41"",""subject_id"":""4470"",""chId"":""5531"",""chapter_name"":""Chapter 4. Tribals, Dikus and the Vision of a Golden Age""}",375038,Lesson,"{""sub_institute_id"":""1"",""lessonId"":""374"",""chapter_id"":""5531"",""subject_id"":""4470"",""standard_id"":""41""}"
979805,155994,Chapter,"{""sub_institute_id"":""1"",""standard_id"":""41"",""subject_id"":""4470"",""chId"":""5530"",""chapter_name"":""Chapter 5. When People Rebel 1857 and After""}",375039,Lesson,"{""sub_institute_id"":""1"",""lessonId"":""375"",""chapter_id"":""5530"",""subject_id"":""4470"",""standard_id"":""41""}"
979806,156057,Chapter,"{""sub_institute_id"":""1"",""standard_id"":""41"",""subject_id"":""4470"",""chId"":""5651"",""chapter_name"":""Chapter 6. Colonialism and the City""}",375040,Lesson,"{""sub_institute_id"":""1"",""lessonId"":""376"",""chapter_id"":""5651"",""subject_id"":""4470"",""standard_id"":""41""}"
979807,155993,Chapter,"{""sub_institute_id"":""1"",""standard_id"":""41"",""subject_id"":""4470"",""chId"":""5529"",""chapter_name"":""Chapter 7. Weavers, Iron Smelters & factory Owners""}",375041,Lesson,"{""sub_institute_id"":""1"",""lessonId"":""377"",""chapter_id"":""5529"",""subject_id"":""4470"",""standard_id"":""41""}"
979808,155992,Chapter,"{""sub_institute_id"":""1"",""standard_id"":""41"",""subject_id"":""4470"",""chId"":""5528"",""chapter_name"":""Chapter 8.Civilising the natives educating the nation""}",375042,Lesson,"{""sub_institute_id"":""1"",""lessonId"":""378"",""chapter_id"":""5528"",""subject_id"":""4470"",""standard_id"":""41""}"
979809,155991,Chapter,"{""sub_institute_id"":""1"",""standard_id"":""41"",""subject_id"":""4470"",""chId"":""5527"",""chapter_name"":""Chapter 9. Women, Caste and Reform""}",375043,Lesson,"{""sub_institute_id"":""1"",""lessonId"":""379"",""chapter_id"":""5527"",""subject_id"":""4470"",""standard_id"":""41""}"
979810,156058,Chapter,"{""sub_institute_id"":""1"",""standard_id"":""41"",""subject_id"":""4470"",""chId"":""5652"",""chapter_name"":""Chapter 10. The Changing World of Visual Arts""}",375044,Lesson,"{""sub_institute_id"":""1"",""lessonId"":""380"",""chapter_id"":""5652"",""subject_id"":""4470"",""standard_id"":""41""}"
979811,155990,Chapter,"{""sub_institute_id"":""1"",""standard_id"":""41"",""subject_id"":""4470"",""chId"":""5526"",""chapter_name"":""Chapter 11. The Making of the National Movement 1870-1947""}",375045,Lesson,"{""sub_institute_id"":""1"",""lessonId"":""381"",""chapter_id"":""5526"",""subject_id"":""4470"",""standard_id"":""41""}"
979812,155996,Chapter,"{""sub_institute_id"":""1"",""standard_id"":""41"",""subject_id"":""4470"",""chId"":""5532"",""chapter_name"":""Chapter 12. India After Independence""}",375046,Lesson,"{""sub_institute_id"":""1"",""lessonId"":""382"",""chapter_id"":""5532"",""subject_id"":""4470"",""standard_id"":""41""}"
979813,156009,Chapter,"{""sub_institute_id"":""1"",""standard_id"":""41"",""subject_id"":""4469"",""chId"":""5545"",""chapter_name"":""Chapter 1 The Indian Constitution""}",375047,Lesson,"{""sub_institute_id"":""1"",""lessonId"":""383"",""chapter_id"":""5545"",""subject_id"":""4469"",""standard_id"":""41""}"
979814,156008,Chapter,"{""sub_institute_id"":""1"",""standard_id"":""41"",""subject_id"":""4469"",""chId"":""5544"",""chapter_name"":""Chapter 2 Understanding Secularism""}",375048,Lesson,"{""sub_institute_id"":""1"",""lessonId"":""384"",""chapter_id"":""5544"",""subject_id"":""4469"",""standard_id"":""41""}"
979815,156007,Chapter,"{""sub_institute_id"":""1"",""standard_id"":""41"",""subject_id"":""4469"",""chId"":""5543"",""chapter_name"":""Chapter 3 Why do we need a Parliament""}",375049,Lesson,"{""sub_institute_id"":""1"",""lessonId"":""385"",""chapter_id"":""5543"",""subject_id"":""4469"",""standard_id"":""41""}"
979816,156005,Chapter,"{""sub_institute_id"":""1"",""standard_id"":""41"",""subject_id"":""4469"",""chId"":""5541"",""chapter_name"":""Chapter 4.Understanding Laws""}",375050,Lesson,"{""sub_institute_id"":""1"",""lessonId"":""386"",""chapter_id"":""5541"",""subject_id"":""4469"",""standard_id"":""41""}"
979817,156004,Chapter,"{""sub_institute_id"":""1"",""standard_id"":""41"",""subject_id"":""4469"",""chId"":""5540"",""chapter_name"":""Chapter 5.The Judiciary""}",375051,Lesson,"{""sub_institute_id"":""1"",""lessonId"":""387"",""chapter_id"":""5540"",""subject_id"":""4469"",""standard_id"":""41""}"
979818,156003,Chapter,"{""sub_institute_id"":""1"",""standard_id"":""41"",""subject_id"":""4469"",""chId"":""5539"",""chapter_name"":""Chapter 6.Understanding Our Criminal Justice System""}",375052,Lesson,"{""sub_institute_id"":""1"",""lessonId"":""388"",""chapter_id"":""5539"",""subject_id"":""4469"",""standard_id"":""41""}"
979819,156002,Chapter,"{""sub_institute_id"":""1"",""standard_id"":""41"",""subject_id"":""4469"",""chId"":""5538"",""chapter_name"":""Chapter 7.Understanding Marginalisation""}",375053,Lesson,"{""sub_institute_id"":""1"",""lessonId"":""389"",""chapter_id"":""5538"",""subject_id"":""4469"",""standard_id"":""41""}"
979820,156001,Chapter,"{""sub_institute_id"":""1"",""standard_id"":""41"",""subject_id"":""4469"",""chId"":""5537"",""chapter_name"":""Chapter 8.Confronting Marginalisation""}",375054,Lesson,"{""sub_institute_id"":""1"",""lessonId"":""390"",""chapter_id"":""5537"",""subject_id"":""4469"",""standard_id"":""41""}"
979821,156000,Chapter,"{""sub_institute_id"":""1"",""standard_id"":""41"",""subject_id"":""4469"",""chId"":""5536"",""chapter_name"":""Chapter 9.Public Facilities""}",375055,Lesson,"{""sub_institute_id"":""1"",""lessonId"":""391"",""chapter_id"":""5536"",""subject_id"":""4469"",""standard_id"":""41""}"
979822,156006,Chapter,"{""sub_institute_id"":""1"",""standard_id"":""41"",""subject_id"":""4469"",""chId"":""5542"",""chapter_name"":""Chapter 10.Law and Social Justice""}",375056,Lesson,"{""sub_institute_id"":""1"",""lessonId"":""392"",""chapter_id"":""5542"",""subject_id"":""4469"",""standard_id"":""41""}"
979823,155350,Chapter,"{""sub_institute_id"":""1"",""standard_id"":""42"",""subject_id"":""4064"",""chId"":""949"",""chapter_name"":""WHAT IS DEMOCRACY AND WHY DEMOCRACY""}",375057,Lesson,"{""sub_institute_id"":""1"",""lessonId"":""393"",""chapter_id"":""949"",""subject_id"":""4064"",""standard_id"":""42""}"
979824,155351,Chapter,"{""sub_institute_id"":""1"",""standard_id"":""42"",""subject_id"":""4064"",""chId"":""950"",""chapter_name"":""CONSTITUTIONAL DESIGN""}",375058,Lesson,"{""sub_institute_id"":""1"",""lessonId"":""394"",""chapter_id"":""950"",""subject_id"":""4064"",""standard_id"":""42""}"
979825,155352,Chapter,"{""sub_institute_id"":""1"",""standard_id"":""42"",""subject_id"":""4064"",""chId"":""951"",""chapter_name"":""ELECTORAL POLITICS""}",375059,Lesson,"{""sub_institute_id"":""1"",""lessonId"":""395"",""chapter_id"":""951"",""subject_id"":""4064"",""standard_id"":""42""}"
979826,155353,Chapter,"{""sub_institute_id"":""1"",""standard_id"":""42"",""subject_id"":""4064"",""chId"":""952"",""chapter_name"":""WORKING OF INSTITUTIONS""}",375060,Lesson,"{""sub_institute_id"":""1"",""lessonId"":""396"",""chapter_id"":""952"",""subject_id"":""4064"",""standard_id"":""42""}"
979827,155354,Chapter,"{""sub_institute_id"":""1"",""standard_id"":""42"",""subject_id"":""4064"",""chId"":""953"",""chapter_name"":""DEMOCRATIC RIGHTS""}",375061,Lesson,"{""sub_institute_id"":""1"",""lessonId"":""397"",""chapter_id"":""953"",""subject_id"":""4064"",""standard_id"":""42""}"
979828,155939,Chapter,"{""sub_institute_id"":""1"",""standard_id"":""42"",""subject_id"":""4472"",""chId"":""5475"",""chapter_name"":""Ch- 1The Economic History of Palampore""}",375062,Lesson,"{""sub_institute_id"":""1"",""lessonId"":""398"",""chapter_id"":""5475"",""subject_id"":""4472"",""standard_id"":""42""}"
979829,155938,Chapter,"{""sub_institute_id"":""1"",""standard_id"":""42"",""subject_id"":""4472"",""chId"":""5474"",""chapter_name"":""Ch- 2 People as Resource""}",375063,Lesson,"{""sub_institute_id"":""1"",""lessonId"":""399"",""chapter_id"":""5474"",""subject_id"":""4472"",""standard_id"":""42""}"
979830,155937,Chapter,"{""sub_institute_id"":""1"",""standard_id"":""42"",""subject_id"":""4472"",""chId"":""5473"",""chapter_name"":""Ch-3 Poverty as a Challange facing India""}",375064,Lesson,"{""sub_institute_id"":""1"",""lessonId"":""400"",""chapter_id"":""5473"",""subject_id"":""4472"",""standard_id"":""42""}"
979831,155936,Chapter,"{""sub_institute_id"":""1"",""standard_id"":""42"",""subject_id"":""4472"",""chId"":""5472"",""chapter_name"":""Ch-4 Food Security""}",375065,Lesson,"{""sub_institute_id"":""1"",""lessonId"":""401"",""chapter_id"":""5472"",""subject_id"":""4472"",""standard_id"":""42""}"
979832,155310,Chapter,"{""sub_institute_id"":""1"",""standard_id"":""42"",""subject_id"":""3978"",""chId"":""906"",""chapter_name"":""The Fun they Had""}",375066,Lesson,"{""sub_institute_id"":""1"",""lessonId"":""402"",""chapter_id"":""906"",""subject_id"":""3978"",""standard_id"":""42""}"
979833,155311,Chapter,"{""sub_institute_id"":""1"",""standard_id"":""42"",""subject_id"":""3978"",""chId"":""907"",""chapter_name"":""The Sound of Music""}",375067,Lesson,"{""sub_institute_id"":""1"",""lessonId"":""403"",""chapter_id"":""907"",""subject_id"":""3978"",""standard_id"":""42""}"
979834,155470,Chapter,"{""sub_institute_id"":""1"",""standard_id"":""42"",""subject_id"":""3978"",""chId"":""3620"",""chapter_name"":""WIND""}",375068,Lesson,"{""sub_institute_id"":""1"",""lessonId"":""404"",""chapter_id"":""3620"",""subject_id"":""3978"",""standard_id"":""42""}"
979835,155313,Chapter,"{""sub_institute_id"":""1"",""standard_id"":""42"",""subject_id"":""3978"",""chId"":""909"",""chapter_name"":""A truly beautiful mind""}",375069,Lesson,"{""sub_institute_id"":""1"",""lessonId"":""405"",""chapter_id"":""909"",""subject_id"":""3978"",""standard_id"":""42""}"
979836,155472,Chapter,"{""sub_institute_id"":""1"",""standard_id"":""42"",""subject_id"":""3978"",""chId"":""3622"",""chapter_name"":""The Lake isle of Innisfree""}",375070,Lesson,"{""sub_institute_id"":""1"",""lessonId"":""406"",""chapter_id"":""3622"",""subject_id"":""3978"",""standard_id"":""42""}"
979837,155315,Chapter,"{""sub_institute_id"":""1"",""standard_id"":""42"",""subject_id"":""3978"",""chId"":""911"",""chapter_name"":""My Childhood""}",375071,Lesson,"{""sub_institute_id"":""1"",""lessonId"":""407"",""chapter_id"":""911"",""subject_id"":""3978"",""standard_id"":""42""}"
979838,155474,Chapter,"{""sub_institute_id"":""1"",""standard_id"":""42"",""subject_id"":""3978"",""chId"":""3624"",""chapter_name"":""No men are foreign""}",375072,Lesson,"{""sub_institute_id"":""1"",""lessonId"":""408"",""chapter_id"":""3624"",""subject_id"":""3978"",""standard_id"":""42""}"
979839,155476,Chapter,"{""sub_institute_id"":""1"",""standard_id"":""42"",""subject_id"":""3978"",""chId"":""3626"",""chapter_name"":""On Killing a tree""}",375073,Lesson,"{""sub_institute_id"":""1"",""lessonId"":""409"",""chapter_id"":""3626"",""subject_id"":""3978"",""standard_id"":""42""}"
979840,155318,Chapter,"{""sub_institute_id"":""1"",""standard_id"":""42"",""subject_id"":""3978"",""chId"":""914"",""chapter_name"":""The Bond of love""}",375074,Lesson,"{""sub_institute_id"":""1"",""lessonId"":""410"",""chapter_id"":""914"",""subject_id"":""3978"",""standard_id"":""42""}"
979841,155477,Chapter,"{""sub_institute_id"":""1"",""standard_id"":""42"",""subject_id"":""3978"",""chId"":""3627"",""chapter_name"":""The Snake Trying""}",375075,Lesson,"{""sub_institute_id"":""1"",""lessonId"":""411"",""chapter_id"":""3627"",""subject_id"":""3978"",""standard_id"":""42""}"
979842,155319,Chapter,"{""sub_institute_id"":""1"",""standard_id"":""42"",""subject_id"":""3978"",""chId"":""915"",""chapter_name"":""Kathmandu""}",375076,Lesson,"{""sub_institute_id"":""1"",""lessonId"":""412"",""chapter_id"":""915"",""subject_id"":""3978"",""standard_id"":""42""}"
979843,155320,Chapter,"{""sub_institute_id"":""1"",""standard_id"":""42"",""subject_id"":""3978"",""chId"":""916"",""chapter_name"":""If I were you""}",375077,Lesson,"{""sub_institute_id"":""1"",""lessonId"":""413"",""chapter_id"":""916"",""subject_id"":""3978"",""standard_id"":""42""}"
979844,155958,Chapter,"{""sub_institute_id"":""1"",""standard_id"":""42"",""subject_id"":""4435"",""chId"":""5494"",""chapter_name"":""1. THE LOST CHILD""}",375078,Lesson,"{""sub_institute_id"":""1"",""lessonId"":""414"",""chapter_id"":""5494"",""subject_id"":""4435"",""standard_id"":""42""}"
979845,155959,Chapter,"{""sub_institute_id"":""1"",""standard_id"":""42"",""subject_id"":""4435"",""chId"":""5495"",""chapter_name"":""2. THE ADVENTURES OF TOTO""}",375079,Lesson,"{""sub_institute_id"":""1"",""lessonId"":""415"",""chapter_id"":""5495"",""subject_id"":""4435"",""standard_id"":""42""}"
979846,155960,Chapter,"{""sub_institute_id"":""1"",""standard_id"":""42"",""subject_id"":""4435"",""chId"":""5496"",""chapter_name"":""3. ISWARAN, THE STORY TELLER""}",375080,Lesson,"{""sub_institute_id"":""1"",""lessonId"":""416"",""chapter_id"":""5496"",""subject_id"":""4435"",""standard_id"":""42""}"
979847,155957,Chapter,"{""sub_institute_id"":""1"",""standard_id"":""42"",""subject_id"":""4435"",""chId"":""5493"",""chapter_name"":""4. IN THE KINGDOM OF FOOLS""}",375081,Lesson,"{""sub_institute_id"":""1"",""lessonId"":""417"",""chapter_id"":""5493"",""subject_id"":""4435"",""standard_id"":""42""}"
979848,155956,Chapter,"{""sub_institute_id"":""1"",""standard_id"":""42"",""subject_id"":""4435"",""chId"":""5492"",""chapter_name"":""5. THE HAPPY PRINCE""}",375082,Lesson,"{""sub_institute_id"":""1"",""lessonId"":""418"",""chapter_id"":""5492"",""subject_id"":""4435"",""standard_id"":""42""}"
979849,155955,Chapter,"{""sub_institute_id"":""1"",""standard_id"":""42"",""subject_id"":""4435"",""chId"":""5491"",""chapter_name"":""6. WEATHERING THE STORM IN ERSAMA""}",375083,Lesson,"{""sub_institute_id"":""1"",""lessonId"":""419"",""chapter_id"":""5491"",""subject_id"":""4435"",""standard_id"":""42""}"
979850,155954,Chapter,"{""sub_institute_id"":""1"",""standard_id"":""42"",""subject_id"":""4435"",""chId"":""5490"",""chapter_name"":""7. THE LAST LEAF""}",375084,Lesson,"{""sub_institute_id"":""1"",""lessonId"":""420"",""chapter_id"":""5490"",""subject_id"":""4435"",""standard_id"":""42""}"
979851,155953,Chapter,"{""sub_institute_id"":""1"",""standard_id"":""42"",""subject_id"":""4435"",""chId"":""5489"",""chapter_name"":""8. A HOUSE IS NOT A HOME""}",375085,Lesson,"{""sub_institute_id"":""1"",""lessonId"":""421"",""chapter_id"":""5489"",""subject_id"":""4435"",""standard_id"":""42""}"
979852,155952,Chapter,"{""sub_institute_id"":""1"",""standard_id"":""42"",""subject_id"":""4435"",""chId"":""5488"",""chapter_name"":""9. THE ACCIDENTAL TOURIST""}",375086,Lesson,"{""sub_institute_id"":""1"",""lessonId"":""422"",""chapter_id"":""5488"",""subject_id"":""4435"",""standard_id"":""42""}"
979853,155951,Chapter,"{""sub_institute_id"":""1"",""standard_id"":""42"",""subject_id"":""4435"",""chId"":""5487"",""chapter_name"":""10. THE BEGGAR""}",375087,Lesson,"{""sub_institute_id"":""1"",""lessonId"":""423"",""chapter_id"":""5487"",""subject_id"":""4435"",""standard_id"":""42""}"
979854,155945,Chapter,"{""sub_institute_id"":""1"",""standard_id"":""42"",""subject_id"":""4469"",""chId"":""5481"",""chapter_name"":""Ch1 India Size and Location""}",375088,Lesson,"{""sub_institute_id"":""1"",""lessonId"":""424"",""chapter_id"":""5481"",""subject_id"":""4469"",""standard_id"":""42""}"
979855,155944,Chapter,"{""sub_institute_id"":""1"",""standard_id"":""42"",""subject_id"":""4469"",""chId"":""5480"",""chapter_name"":""Ch2 Physical Features of India""}",375089,Lesson,"{""sub_institute_id"":""1"",""lessonId"":""425"",""chapter_id"":""5480"",""subject_id"":""4469"",""standard_id"":""42""}"
979856,155943,Chapter,"{""sub_institute_id"":""1"",""standard_id"":""42"",""subject_id"":""4469"",""chId"":""5479"",""chapter_name"":""Ch3 Drainage""}",375090,Lesson,"{""sub_institute_id"":""1"",""lessonId"":""426"",""chapter_id"":""5479"",""subject_id"":""4469"",""standard_id"":""42""}"
979857,155942,Chapter,"{""sub_institute_id"":""1"",""standard_id"":""42"",""subject_id"":""4469"",""chId"":""5478"",""chapter_name"":""Ch4 Climate""}",375091,Lesson,"{""sub_institute_id"":""1"",""lessonId"":""427"",""chapter_id"":""5478"",""subject_id"":""4469"",""standard_id"":""42""}"
979858,155941,Chapter,"{""sub_institute_id"":""1"",""standard_id"":""42"",""subject_id"":""4469"",""chId"":""5477"",""chapter_name"":""Ch5 Natural Vegetation and Wildlife""}",375092,Lesson,"{""sub_institute_id"":""1"",""lessonId"":""428"",""chapter_id"":""5477"",""subject_id"":""4469"",""standard_id"":""42""}"
979859,155940,Chapter,"{""sub_institute_id"":""1"",""standard_id"":""42"",""subject_id"":""4469"",""chId"":""5476"",""chapter_name"":""Ch6 Population""}",375093,Lesson,"{""sub_institute_id"":""1"",""lessonId"":""429"",""chapter_id"":""5476"",""subject_id"":""4469"",""standard_id"":""42""}"
979860,155950,Chapter,"{""sub_institute_id"":""1"",""standard_id"":""42"",""subject_id"":""4470"",""chId"":""5486"",""chapter_name"":""Ch- 1 The French Revolution""}",375094,Lesson,"{""sub_institute_id"":""1"",""lessonId"":""430"",""chapter_id"":""5486"",""subject_id"":""4470"",""standard_id"":""42""}"
979861,155949,Chapter,"{""sub_institute_id"":""1"",""standard_id"":""42"",""subject_id"":""4470"",""chId"":""5485"",""chapter_name"":""Ch-2 Socialism in Europe and the Russian Revolution""}",375095,Lesson,"{""sub_institute_id"":""1"",""lessonId"":""431"",""chapter_id"":""5485"",""subject_id"":""4470"",""standard_id"":""42""}"
979862,155948,Chapter,"{""sub_institute_id"":""1"",""standard_id"":""42"",""subject_id"":""4470"",""chId"":""5484"",""chapter_name"":""Ch-3 Nazism and the Rise of Hitler""}",375096,Lesson,"{""sub_institute_id"":""1"",""lessonId"":""432"",""chapter_id"":""5484"",""subject_id"":""4470"",""standard_id"":""42""}"
979863,155947,Chapter,"{""sub_institute_id"":""1"",""standard_id"":""42"",""subject_id"":""4470"",""chId"":""5483"",""chapter_name"":""Ch-4 Forest Society and colonialism""}",375097,Lesson,"{""sub_institute_id"":""1"",""lessonId"":""433"",""chapter_id"":""5483"",""subject_id"":""4470"",""standard_id"":""42""}"
979864,155946,Chapter,"{""sub_institute_id"":""1"",""standard_id"":""42"",""subject_id"":""4470"",""chId"":""5482"",""chapter_name"":""Ch-5 Pastoralists in the modern world""}",375098,Lesson,"{""sub_institute_id"":""1"",""lessonId"":""434"",""chapter_id"":""5482"",""subject_id"":""4470"",""standard_id"":""42""}"
979865,155298,Chapter,"{""sub_institute_id"":""1"",""standard_id"":""42"",""subject_id"":""3975"",""chId"":""891"",""chapter_name"":""CHAPTER 1 (MATTER IN OUR SURROUNDINGS)""}",375099,Lesson,"{""sub_institute_id"":""1"",""lessonId"":""435"",""chapter_id"":""891"",""subject_id"":""3975"",""standard_id"":""42""}"
979866,155299,Chapter,"{""sub_institute_id"":""1"",""standard_id"":""42"",""subject_id"":""3975"",""chId"":""892"",""chapter_name"":""CHAPTER 2 (IS MATTER AROUND US PURE)""}",375100,Lesson,"{""sub_institute_id"":""1"",""lessonId"":""436"",""chapter_id"":""892"",""subject_id"":""3975"",""standard_id"":""42""}"
979867,155300,Chapter,"{""sub_institute_id"":""1"",""standard_id"":""42"",""subject_id"":""3975"",""chId"":""893"",""chapter_name"":""CHAPTER 3 (ATOMS AND MOLECULES)""}",375101,Lesson,"{""sub_institute_id"":""1"",""lessonId"":""437"",""chapter_id"":""893"",""subject_id"":""3975"",""standard_id"":""42""}"
979868,155301,Chapter,"{""sub_institute_id"":""1"",""standard_id"":""42"",""subject_id"":""3975"",""chId"":""894"",""chapter_name"":""CHAPTER 4 (STRUCTURE OF THE ATOM)""}",375102,Lesson,"{""sub_institute_id"":""1"",""lessonId"":""438"",""chapter_id"":""894"",""subject_id"":""3975"",""standard_id"":""42""}"
979869,155302,Chapter,"{""sub_institute_id"":""1"",""standard_id"":""42"",""subject_id"":""3975"",""chId"":""895"",""chapter_name"":""CHAPTER 5 (THE FUNDAMENTAL UNIT OF LIFE)""}",375103,Lesson,"{""sub_institute_id"":""1"",""lessonId"":""439"",""chapter_id"":""895"",""subject_id"":""3975"",""standard_id"":""42""}"
979870,155303,Chapter,"{""sub_institute_id"":""1"",""standard_id"":""42"",""subject_id"":""3975"",""chId"":""896"",""chapter_name"":""CHAPTER 6 (TISSUES)""}",375104,Lesson,"{""sub_institute_id"":""1"",""lessonId"":""440"",""chapter_id"":""896"",""subject_id"":""3975"",""standard_id"":""42""}"
979871,155304,Chapter,"{""sub_institute_id"":""1"",""standard_id"":""42"",""subject_id"":""3975"",""chId"":""897"",""chapter_name"":""CHAPTER 7 (MOTION)""}",375105,Lesson,"{""sub_institute_id"":""1"",""lessonId"":""441"",""chapter_id"":""897"",""subject_id"":""3975"",""standard_id"":""42""}"
979872,155305,Chapter,"{""sub_institute_id"":""1"",""standard_id"":""42"",""subject_id"":""3975"",""chId"":""898"",""chapter_name"":""CHAPTER 8 (FORCE AND LAWS OF MOTION)""}",375106,Lesson,"{""sub_institute_id"":""1"",""lessonId"":""442"",""chapter_id"":""898"",""subject_id"":""3975"",""standard_id"":""42""}"
979873,155306,Chapter,"{""sub_institute_id"":""1"",""standard_id"":""42"",""subject_id"":""3975"",""chId"":""899"",""chapter_name"":""CHAPTER 9 (GRAVITATION)""}",375107,Lesson,"{""sub_institute_id"":""1"",""lessonId"":""443"",""chapter_id"":""899"",""subject_id"":""3975"",""standard_id"":""42""}"
979874,155307,Chapter,"{""sub_institute_id"":""1"",""standard_id"":""42"",""subject_id"":""3975"",""chId"":""900"",""chapter_name"":""CHAPTER 10 (WORK AND ENERGY)""}",375108,Lesson,"{""sub_institute_id"":""1"",""lessonId"":""444"",""chapter_id"":""900"",""subject_id"":""3975"",""standard_id"":""42""}"
979875,155308,Chapter,"{""sub_institute_id"":""1"",""standard_id"":""42"",""subject_id"":""3975"",""chId"":""901"",""chapter_name"":""CHAPTER 11 (SOUND)""}",375109,Lesson,"{""sub_institute_id"":""1"",""lessonId"":""445"",""chapter_id"":""901"",""subject_id"":""3975"",""standard_id"":""42""}"
979876,155309,Chapter,"{""sub_institute_id"":""1"",""standard_id"":""42"",""subject_id"":""3975"",""chId"":""902"",""chapter_name"":""CHAPTER 12 (IMPROVEMENT IN FOOD RESOURCES)""}",375110,Lesson,"{""sub_institute_id"":""1"",""lessonId"":""446"",""chapter_id"":""902"",""subject_id"":""3975"",""standard_id"":""42""}"
979877,155338,Chapter,"{""sub_institute_id"":""1"",""standard_id"":""42"",""subject_id"":""3976"",""chId"":""934"",""chapter_name"":""NUMBER SYSTEMS""}",375114,Lesson,"{""sub_institute_id"":""1"",""lessonId"":""459"",""chapter_id"":""934"",""subject_id"":""3976"",""standard_id"":""42""}"
979878,155339,Chapter,"{""sub_institute_id"":""1"",""standard_id"":""42"",""subject_id"":""3976"",""chId"":""935"",""chapter_name"":""POLYNOMIALS""}",375115,Lesson,"{""sub_institute_id"":""1"",""lessonId"":""460"",""chapter_id"":""935"",""subject_id"":""3976"",""standard_id"":""42""}"
979879,155340,Chapter,"{""sub_institute_id"":""1"",""standard_id"":""42"",""subject_id"":""3976"",""chId"":""936"",""chapter_name"":""Co-ordinate Geometry""}",375116,Lesson,"{""sub_institute_id"":""1"",""lessonId"":""461"",""chapter_id"":""936"",""subject_id"":""3976"",""standard_id"":""42""}"
979880,155341,Chapter,"{""sub_institute_id"":""1"",""standard_id"":""42"",""subject_id"":""3976"",""chId"":""937"",""chapter_name"":""Linear Equations in two variables""}",375117,Lesson,"{""sub_institute_id"":""1"",""lessonId"":""462"",""chapter_id"":""937"",""subject_id"":""3976"",""standard_id"":""42""}"
979881,155342,Chapter,"{""sub_institute_id"":""1"",""standard_id"":""42"",""subject_id"":""3976"",""chId"":""938"",""chapter_name"":""Introduction to Euclids Geometry""}",375118,Lesson,"{""sub_institute_id"":""1"",""lessonId"":""463"",""chapter_id"":""938"",""subject_id"":""3976"",""standard_id"":""42""}"
979882,155343,Chapter,"{""sub_institute_id"":""1"",""standard_id"":""42"",""subject_id"":""3976"",""chId"":""939"",""chapter_name"":""Lines and Angles""}",375119,Lesson,"{""sub_institute_id"":""1"",""lessonId"":""464"",""chapter_id"":""939"",""subject_id"":""3976"",""standard_id"":""42""}"
979883,155344,Chapter,"{""sub_institute_id"":""1"",""standard_id"":""42"",""subject_id"":""3976"",""chId"":""940"",""chapter_name"":""Triangle""}",375120,Lesson,"{""sub_institute_id"":""1"",""lessonId"":""465"",""chapter_id"":""940"",""subject_id"":""3976"",""standard_id"":""42""}"
979884,155345,Chapter,"{""sub_institute_id"":""1"",""standard_id"":""42"",""subject_id"":""3976"",""chId"":""941"",""chapter_name"":""QUADRILATERALS""}",375121,Lesson,"{""sub_institute_id"":""1"",""lessonId"":""466"",""chapter_id"":""941"",""subject_id"":""3976"",""standard_id"":""42""}"
979885,155346,Chapter,"{""sub_institute_id"":""1"",""standard_id"":""42"",""subject_id"":""3976"",""chId"":""943"",""chapter_name"":""CIRCLES""}",375123,Lesson,"{""sub_institute_id"":""1"",""lessonId"":""468"",""chapter_id"":""943"",""subject_id"":""3976"",""standard_id"":""42""}"
979886,155347,Chapter,"{""sub_institute_id"":""1"",""standard_id"":""42"",""subject_id"":""3976"",""chId"":""945"",""chapter_name"":""Herons formula""}",375125,Lesson,"{""sub_institute_id"":""1"",""lessonId"":""470"",""chapter_id"":""945"",""subject_id"":""3976"",""standard_id"":""42""}"
979887,155348,Chapter,"{""sub_institute_id"":""1"",""standard_id"":""42"",""subject_id"":""3976"",""chId"":""946"",""chapter_name"":""Surface areas and volumes""}",375126,Lesson,"{""sub_institute_id"":""1"",""lessonId"":""471"",""chapter_id"":""946"",""subject_id"":""3976"",""standard_id"":""42""}"
979888,155349,Chapter,"{""sub_institute_id"":""1"",""standard_id"":""42"",""subject_id"":""3976"",""chId"":""947"",""chapter_name"":""STATISTICS""}",375127,Lesson,"{""sub_institute_id"":""1"",""lessonId"":""472"",""chapter_id"":""947"",""subject_id"":""3976"",""standard_id"":""42""}"
979889,155403,Chapter,"{""sub_institute_id"":""1"",""chapter_id"":""1039"",""standard_id"":""43"",""subject_id"":""4064"",""chId"":""1039"",""chapter_name"":""POWER SHARING""}",375129,Lesson,"{""sub_institute_id"":""1"",""lessonId"":""474"",""chapter_id"":""1039"",""subject_id"":""4064"",""standard_id"":""43""}"
979890,155404,Chapter,"{""sub_institute_id"":""1"",""standard_id"":""43"",""subject_id"":""4064"",""chId"":""1040"",""chapter_name"":""FEDERELISM""}",375130,Lesson,"{""sub_institute_id"":""1"",""lessonId"":""475"",""chapter_id"":""1040"",""subject_id"":""4064"",""standard_id"":""43""}"
979891,155405,Chapter,"{""sub_institute_id"":""1"",""standard_id"":""43"",""subject_id"":""4064"",""chId"":""1041"",""chapter_name"":""DEMOCRACY AND DIVERSITY""}",375131,Lesson,"{""sub_institute_id"":""1"",""lessonId"":""476"",""chapter_id"":""1041"",""subject_id"":""4064"",""standard_id"":""43""}"
979892,155406,Chapter,"{""sub_institute_id"":""1"",""standard_id"":""43"",""subject_id"":""4064"",""chId"":""1042"",""chapter_name"":""GENDER RELIGION AND CASTE""}",375132,Lesson,"{""sub_institute_id"":""1"",""lessonId"":""477"",""chapter_id"":""1042"",""subject_id"":""4064"",""standard_id"":""43""}"
979893,155407,Chapter,"{""sub_institute_id"":""1"",""standard_id"":""43"",""subject_id"":""4064"",""chId"":""1043"",""chapter_name"":""Popular struggle and movements""}",375133,Lesson,"{""sub_institute_id"":""1"",""lessonId"":""478"",""chapter_id"":""1043"",""subject_id"":""4064"",""standard_id"":""43""}"
979894,155408,Chapter,"{""sub_institute_id"":""1"",""standard_id"":""43"",""subject_id"":""4064"",""chId"":""1044"",""chapter_name"":""POLITICAL PARTIES""}",375134,Lesson,"{""sub_institute_id"":""1"",""lessonId"":""479"",""chapter_id"":""1044"",""subject_id"":""4064"",""standard_id"":""43""}"
979895,155409,Chapter,"{""sub_institute_id"":""1"",""standard_id"":""43"",""subject_id"":""4064"",""chId"":""1045"",""chapter_name"":""OUTCOMES OF DEMOCRACY""}",375135,Lesson,"{""sub_institute_id"":""1"",""lessonId"":""480"",""chapter_id"":""1045"",""subject_id"":""4064"",""standard_id"":""43""}"
979896,155410,Chapter,"{""sub_institute_id"":""1"",""standard_id"":""43"",""subject_id"":""4064"",""chId"":""1046"",""chapter_name"":""Challenges to democracy""}",375136,Lesson,"{""sub_institute_id"":""1"",""lessonId"":""481"",""chapter_id"":""1046"",""subject_id"":""4064"",""standard_id"":""43""}"
979897,156624,Chapter,"{""sub_institute_id"":""1"",""standard_id"":""43"",""subject_id"":""4469"",""chId"":""6236"",""chapter_name"":""Resources and Development""}",375137,Lesson,"{""sub_institute_id"":""1"",""lessonId"":""482"",""chapter_id"":""6236"",""subject_id"":""4469"",""standard_id"":""43""}"
979898,156625,Chapter,"{""sub_institute_id"":""1"",""standard_id"":""43"",""subject_id"":""4469"",""chId"":""6237"",""chapter_name"":""Forest and wildlife Resources""}",375138,Lesson,"{""sub_institute_id"":""1"",""lessonId"":""483"",""chapter_id"":""6237"",""subject_id"":""4469"",""standard_id"":""43""}"
979899,156626,Chapter,"{""sub_institute_id"":""1"",""standard_id"":""43"",""subject_id"":""4469"",""chId"":""6238"",""chapter_name"":""Water Resources""}",375139,Lesson,"{""sub_institute_id"":""1"",""lessonId"":""484"",""chapter_id"":""6238"",""subject_id"":""4469"",""standard_id"":""43""}"
979900,155358,Chapter,"{""sub_institute_id"":""1"",""standard_id"":""41"",""subject_id"":""4064"",""chId"":""980"",""chapter_name"":""Agriculture""}",375140,Lesson,"{""sub_institute_id"":""1"",""lessonId"":""485"",""chapter_id"":""980"",""subject_id"":""4469"",""standard_id"":""43""}"
979901,156628,Chapter,"{""sub_institute_id"":""1"",""standard_id"":""43"",""subject_id"":""4469"",""chId"":""6240"",""chapter_name"":""Minerals and Energy Resources""}",375141,Lesson,"{""sub_institute_id"":""1"",""lessonId"":""486"",""chapter_id"":""6240"",""subject_id"":""4469"",""standard_id"":""43""}"
979902,156629,Chapter,"{""sub_institute_id"":""1"",""standard_id"":""43"",""subject_id"":""4469"",""chId"":""6241"",""chapter_name"":""Manufacturing Industries""}",375142,Lesson,"{""sub_institute_id"":""1"",""lessonId"":""487"",""chapter_id"":""6241"",""subject_id"":""4469"",""standard_id"":""43""}"
979903,156630,Chapter,"{""sub_institute_id"":""1"",""standard_id"":""43"",""subject_id"":""4469"",""chId"":""6242"",""chapter_name"":""Life line of National Economy""}",375143,Lesson,"{""sub_institute_id"":""1"",""lessonId"":""488"",""chapter_id"":""6242"",""subject_id"":""4469"",""standard_id"":""43""}"
979904,156631,Chapter,"{""sub_institute_id"":""1"",""standard_id"":""43"",""subject_id"":""4470"",""chId"":""6243"",""chapter_name"":""The Rise of Nationalism in Europe""}",375144,Lesson,"{""sub_institute_id"":""1"",""lessonId"":""489"",""chapter_id"":""6243"",""subject_id"":""4470"",""standard_id"":""43""}"
979905,156632,Chapter,"{""sub_institute_id"":""1"",""standard_id"":""43"",""subject_id"":""4470"",""chId"":""6244"",""chapter_name"":""Nationalism in India""}",375145,Lesson,"{""sub_institute_id"":""1"",""lessonId"":""490"",""chapter_id"":""6244"",""subject_id"":""4470"",""standard_id"":""43""}"
979906,156633,Chapter,"{""sub_institute_id"":""1"",""standard_id"":""43"",""subject_id"":""4470"",""chId"":""6245"",""chapter_name"":""The Making of a Global World""}",375146,Lesson,"{""sub_institute_id"":""1"",""lessonId"":""491"",""chapter_id"":""6245"",""subject_id"":""4470"",""standard_id"":""43""}"
979907,156634,Chapter,"{""sub_institute_id"":""1"",""standard_id"":""43"",""subject_id"":""4470"",""chId"":""6246"",""chapter_name"":""The age of Industrialization""}",375147,Lesson,"{""sub_institute_id"":""1"",""lessonId"":""492"",""chapter_id"":""6246"",""subject_id"":""4470"",""standard_id"":""43""}"
979908,156635,Chapter,"{""sub_institute_id"":""1"",""standard_id"":""43"",""subject_id"":""4470"",""chId"":""6247"",""chapter_name"":""Print Culture and the Modern World""}",375148,Lesson,"{""sub_institute_id"":""1"",""lessonId"":""493"",""chapter_id"":""6247"",""subject_id"":""4470"",""standard_id"":""43""}"
979909,156631,Chapter,"{""sub_institute_id"":""1"",""standard_id"":""43"",""subject_id"":""4470"",""chId"":""6243"",""chapter_name"":""The Rise of Nationalism in Europe""}",375149,Lesson,"{""sub_institute_id"":""1"",""lessonId"":""494"",""chapter_id"":""6243"",""subject_id"":""4470"",""standard_id"":""43""}"
979910,156632,Chapter,"{""sub_institute_id"":""1"",""standard_id"":""43"",""subject_id"":""4470"",""chId"":""6244"",""chapter_name"":""Nationalism in India""}",375150,Lesson,"{""sub_institute_id"":""1"",""lessonId"":""495"",""chapter_id"":""6244"",""subject_id"":""4470"",""standard_id"":""43""}"
979911,156633,Chapter,"{""sub_institute_id"":""1"",""standard_id"":""43"",""subject_id"":""4470"",""chId"":""6245"",""chapter_name"":""The Making of a Global World""}",375151,Lesson,"{""sub_institute_id"":""1"",""lessonId"":""496"",""chapter_id"":""6245"",""subject_id"":""4470"",""standard_id"":""43""}"
979912,156634,Chapter,"{""sub_institute_id"":""1"",""standard_id"":""43"",""subject_id"":""4470"",""chId"":""6246"",""chapter_name"":""The age of Industrialization""}",375152,Lesson,"{""sub_institute_id"":""1"",""lessonId"":""497"",""chapter_id"":""6246"",""subject_id"":""4470"",""standard_id"":""43""}"
979913,156635,Chapter,"{""sub_institute_id"":""1"",""standard_id"":""43"",""subject_id"":""4470"",""chId"":""6247"",""chapter_name"":""Print Culture and the Modern World""}",375153,Lesson,"{""sub_institute_id"":""1"",""lessonId"":""498"",""chapter_id"":""6247"",""subject_id"":""4470"",""standard_id"":""43""}"
979914,155361,Chapter,"{""sub_institute_id"":""1"",""standard_id"":""43"",""subject_id"":""3976"",""chId"":""997"",""chapter_name"":""Real Numbers""}",375154,Lesson,"{""sub_institute_id"":""1"",""lessonId"":""499"",""chapter_id"":""997"",""subject_id"":""3976"",""standard_id"":""43""}"
979915,155339,Chapter,"{""sub_institute_id"":""1"",""standard_id"":""42"",""subject_id"":""3976"",""chId"":""935"",""chapter_name"":""POLYNOMIALS""}",375155,Lesson,"{""sub_institute_id"":""1"",""lessonId"":""500"",""chapter_id"":""935"",""subject_id"":""3976"",""standard_id"":""43""}"
979916,155363,Chapter,"{""sub_institute_id"":""1"",""standard_id"":""43"",""subject_id"":""3976"",""chId"":""999"",""chapter_name"":""Pair of Linear equations in two variables""}",375156,Lesson,"{""sub_institute_id"":""1"",""lessonId"":""501"",""chapter_id"":""999"",""subject_id"":""3976"",""standard_id"":""43""}"
979917,155364,Chapter,"{""sub_institute_id"":""1"",""standard_id"":""43"",""subject_id"":""3976"",""chId"":""1000"",""chapter_name"":""Quadratic Equations""}",375157,Lesson,"{""sub_institute_id"":""1"",""lessonId"":""502"",""chapter_id"":""1000"",""subject_id"":""3976"",""standard_id"":""43""}"
979918,155365,Chapter,"{""sub_institute_id"":""1"",""standard_id"":""43"",""subject_id"":""3976"",""chId"":""1001"",""chapter_name"":""Arithmetic Progressions""}",375158,Lesson,"{""sub_institute_id"":""1"",""lessonId"":""503"",""chapter_id"":""1001"",""subject_id"":""3976"",""standard_id"":""43""}"
979919,155366,Chapter,"{""sub_institute_id"":""1"",""standard_id"":""43"",""subject_id"":""3976"",""chId"":""1002"",""chapter_name"":""Triangles""}",375159,Lesson,"{""sub_institute_id"":""1"",""lessonId"":""504"",""chapter_id"":""1002"",""subject_id"":""3976"",""standard_id"":""43""}"
979920,155340,Chapter,"{""sub_institute_id"":""1"",""standard_id"":""42"",""subject_id"":""3976"",""chId"":""936"",""chapter_name"":""Co-ordinate Geometry""}",375160,Lesson,"{""sub_institute_id"":""1"",""lessonId"":""505"",""chapter_id"":""936"",""subject_id"":""3976"",""standard_id"":""43""}"
979921,155368,Chapter,"{""sub_institute_id"":""1"",""standard_id"":""43"",""subject_id"":""3976"",""chId"":""1004"",""chapter_name"":""Introductio to Trigonometry""}",375161,Lesson,"{""sub_institute_id"":""1"",""lessonId"":""506"",""chapter_id"":""1004"",""subject_id"":""3976"",""standard_id"":""43""}"
979922,155369,Chapter,"{""sub_institute_id"":""1"",""standard_id"":""43"",""subject_id"":""3976"",""chId"":""1005"",""chapter_name"":""Some applications of Trigonometry""}",375162,Lesson,"{""sub_institute_id"":""1"",""lessonId"":""507"",""chapter_id"":""1005"",""subject_id"":""3976"",""standard_id"":""43""}"
979923,155346,Chapter,"{""sub_institute_id"":""1"",""standard_id"":""42"",""subject_id"":""3976"",""chId"":""943"",""chapter_name"":""CIRCLES""}",375163,Lesson,"{""sub_institute_id"":""1"",""lessonId"":""508"",""chapter_id"":""943"",""subject_id"":""3976"",""standard_id"":""43""}"
979924,155372,Chapter,"{""sub_institute_id"":""1"",""standard_id"":""43"",""subject_id"":""3976"",""chId"":""1008"",""chapter_name"":""Areas related to circles""}",375165,Lesson,"{""sub_institute_id"":""1"",""lessonId"":""510"",""chapter_id"":""1008"",""subject_id"":""3976"",""standard_id"":""43""}"
979925,155348,Chapter,"{""sub_institute_id"":""1"",""standard_id"":""42"",""subject_id"":""3976"",""chId"":""946"",""chapter_name"":""Surface areas and volumes""}",375166,Lesson,"{""sub_institute_id"":""1"",""lessonId"":""511"",""chapter_id"":""946"",""subject_id"":""3976"",""standard_id"":""43""}"
979926,155349,Chapter,"{""sub_institute_id"":""1"",""standard_id"":""42"",""subject_id"":""3976"",""chId"":""947"",""chapter_name"":""STATISTICS""}",375167,Lesson,"{""sub_institute_id"":""1"",""lessonId"":""512"",""chapter_id"":""947"",""subject_id"":""3976"",""standard_id"":""43""}"
979927,155376,Chapter,"{""sub_institute_id"":""1"",""standard_id"":""43"",""subject_id"":""3975"",""chId"":""1012"",""chapter_name"":""Chemical Reactions and Equations""}",375169,Lesson,"{""sub_institute_id"":""1"",""lessonId"":""514"",""chapter_id"":""1012"",""subject_id"":""3975"",""standard_id"":""43""}"
979928,155378,Chapter,"{""sub_institute_id"":""1"",""standard_id"":""43"",""subject_id"":""3975"",""chId"":""1014"",""chapter_name"":""Metals and Non-metals""}",375171,Lesson,"{""sub_institute_id"":""1"",""lessonId"":""516"",""chapter_id"":""1014"",""subject_id"":""3975"",""standard_id"":""43""}"
979929,155379,Chapter,"{""sub_institute_id"":""1"",""standard_id"":""43"",""subject_id"":""3975"",""chId"":""1015"",""chapter_name"":""Carbon and its Compounds""}",375172,Lesson,"{""sub_institute_id"":""1"",""lessonId"":""517"",""chapter_id"":""1015"",""subject_id"":""3975"",""standard_id"":""43""}"
979930,155380,Chapter,"{""sub_institute_id"":""1"",""standard_id"":""43"",""subject_id"":""3975"",""chId"":""1016"",""chapter_name"":""Life Processes""}",375173,Lesson,"{""sub_institute_id"":""1"",""lessonId"":""518"",""chapter_id"":""1016"",""subject_id"":""3975"",""standard_id"":""43""}"
979931,155381,Chapter,"{""sub_institute_id"":""1"",""standard_id"":""43"",""subject_id"":""3975"",""chId"":""1017"",""chapter_name"":""Control and Coordination""}",375174,Lesson,"{""sub_institute_id"":""1"",""lessonId"":""519"",""chapter_id"":""1017"",""subject_id"":""3975"",""standard_id"":""43""}"
979932,155382,Chapter,"{""sub_institute_id"":""1"",""standard_id"":""43"",""subject_id"":""3975"",""chId"":""1018"",""chapter_name"":""How do Organisms Reproduce?""}",375175,Lesson,"{""sub_institute_id"":""1"",""lessonId"":""520"",""chapter_id"":""1018"",""subject_id"":""3975"",""standard_id"":""43""}"
979933,155383,Chapter,"{""sub_institute_id"":""1"",""standard_id"":""43"",""subject_id"":""3975"",""chId"":""1019"",""chapter_name"":""Heredity and Evolution""}",375176,Lesson,"{""sub_institute_id"":""1"",""lessonId"":""521"",""chapter_id"":""1019"",""subject_id"":""3975"",""standard_id"":""43""}"
979934,155384,Chapter,"{""sub_institute_id"":""1"",""standard_id"":""43"",""subject_id"":""3975"",""chId"":""1020"",""chapter_name"":""Light \u2013 Reflection and Refraction""}",375177,Lesson,"{""sub_institute_id"":""1"",""lessonId"":""522"",""chapter_id"":""1020"",""subject_id"":""3975"",""standard_id"":""43""}"
979935,155385,Chapter,"{""sub_institute_id"":""1"",""standard_id"":""43"",""subject_id"":""3975"",""chId"":""1021"",""chapter_name"":""The Human Eye and the Colourful World""}",375178,Lesson,"{""sub_institute_id"":""1"",""lessonId"":""523"",""chapter_id"":""1021"",""subject_id"":""3975"",""standard_id"":""43""}"
979936,155386,Chapter,"{""sub_institute_id"":""1"",""standard_id"":""43"",""subject_id"":""3975"",""chId"":""1022"",""chapter_name"":""Electricity""}",375179,Lesson,"{""sub_institute_id"":""1"",""lessonId"":""524"",""chapter_id"":""1022"",""subject_id"":""3975"",""standard_id"":""43""}"
979937,155387,Chapter,"{""sub_institute_id"":""1"",""standard_id"":""43"",""subject_id"":""3975"",""chId"":""1023"",""chapter_name"":""Magnetic Effects of Electric Current""}",375180,Lesson,"{""sub_institute_id"":""1"",""lessonId"":""525"",""chapter_id"":""1023"",""subject_id"":""3975"",""standard_id"":""43""}"
979938,155388,Chapter,"{""sub_institute_id"":""1"",""standard_id"":""43"",""subject_id"":""3975"",""chId"":""1024"",""chapter_name"":""Our Environment""}",375181,Lesson,"{""sub_institute_id"":""1"",""lessonId"":""526"",""chapter_id"":""1024"",""subject_id"":""3975"",""standard_id"":""43""}"
979939,155389,Chapter,"{""sub_institute_id"":""1"",""standard_id"":""43"",""subject_id"":""3975"",""chId"":""1025"",""chapter_name"":""()""}",375182,Lesson,"{""sub_institute_id"":""1"",""lessonId"":""527"",""chapter_id"":""1025"",""subject_id"":""3975"",""standard_id"":""43""}"
979940,155390,Chapter,"{""sub_institute_id"":""1"",""standard_id"":""43"",""subject_id"":""3975"",""chId"":""1026"",""chapter_name"":""()""}",375183,Lesson,"{""sub_institute_id"":""1"",""lessonId"":""528"",""chapter_id"":""1026"",""subject_id"":""3975"",""standard_id"":""43""}"
979941,155391,Chapter,"{""sub_institute_id"":""1"",""standard_id"":""43"",""subject_id"":""3975"",""chId"":""1027"",""chapter_name"":""()""}",375184,Lesson,"{""sub_institute_id"":""1"",""lessonId"":""529"",""chapter_id"":""1027"",""subject_id"":""3975"",""standard_id"":""43""}"
979942,156087,Chapter,"{""sub_institute_id"":""1"",""standard_id"":""44"",""subject_id"":""4482"",""chId"":""5681"",""chapter_name"":""1. Introduction to Accounting""}",375185,Lesson,"{""sub_institute_id"":""1"",""lessonId"":""530"",""chapter_id"":""5681"",""subject_id"":""4482"",""standard_id"":""44""}"
979943,156086,Chapter,"{""sub_institute_id"":""1"",""standard_id"":""44"",""subject_id"":""4482"",""chId"":""5680"",""chapter_name"":""2. Theory Base of Accounting""}",375186,Lesson,"{""sub_institute_id"":""1"",""lessonId"":""531"",""chapter_id"":""5680"",""subject_id"":""4482"",""standard_id"":""44""}"
979944,156085,Chapter,"{""sub_institute_id"":""1"",""standard_id"":""44"",""subject_id"":""4482"",""chId"":""5679"",""chapter_name"":""3. Recording of Transactions I""}",375187,Lesson,"{""sub_institute_id"":""1"",""lessonId"":""532"",""chapter_id"":""5679"",""subject_id"":""4482"",""standard_id"":""44""}"
979945,156075,Chapter,"{""sub_institute_id"":""1"",""standard_id"":""44"",""subject_id"":""4482"",""chId"":""5669"",""chapter_name"":""4. Recording of Transactions II""}",375188,Lesson,"{""sub_institute_id"":""1"",""lessonId"":""533"",""chapter_id"":""5669"",""subject_id"":""4482"",""standard_id"":""44""}"
979946,156084,Chapter,"{""sub_institute_id"":""1"",""standard_id"":""44"",""subject_id"":""4482"",""chId"":""5678"",""chapter_name"":""5. Bank Reconciliation Statement""}",375189,Lesson,"{""sub_institute_id"":""1"",""lessonId"":""534"",""chapter_id"":""5678"",""subject_id"":""4482"",""standard_id"":""44""}"
979947,156083,Chapter,"{""sub_institute_id"":""1"",""standard_id"":""44"",""subject_id"":""4482"",""chId"":""5677"",""chapter_name"":""6. Trial Balance & Rectification of Errors""}",375190,Lesson,"{""sub_institute_id"":""1"",""lessonId"":""535"",""chapter_id"":""5677"",""subject_id"":""4482"",""standard_id"":""44""}"
979948,156082,Chapter,"{""sub_institute_id"":""1"",""standard_id"":""44"",""subject_id"":""4482"",""chId"":""5676"",""chapter_name"":""7. Depreciation, Provisions and Reserves""}",375191,Lesson,"{""sub_institute_id"":""1"",""lessonId"":""536"",""chapter_id"":""5676"",""subject_id"":""4482"",""standard_id"":""44""}"
979949,156081,Chapter,"{""sub_institute_id"":""1"",""standard_id"":""44"",""subject_id"":""4482"",""chId"":""5675"",""chapter_name"":""8. Bill of Exchange""}",375192,Lesson,"{""sub_institute_id"":""1"",""lessonId"":""537"",""chapter_id"":""5675"",""subject_id"":""4482"",""standard_id"":""44""}"
979950,156080,Chapter,"{""sub_institute_id"":""1"",""standard_id"":""44"",""subject_id"":""4482"",""chId"":""5674"",""chapter_name"":""9. Financial Statements I""}",375193,Lesson,"{""sub_institute_id"":""1"",""lessonId"":""538"",""chapter_id"":""5674"",""subject_id"":""4482"",""standard_id"":""44""}"
979951,156079,Chapter,"{""sub_institute_id"":""1"",""standard_id"":""44"",""subject_id"":""4482"",""chId"":""5673"",""chapter_name"":""10. Financial Statements II""}",375194,Lesson,"{""sub_institute_id"":""1"",""lessonId"":""539"",""chapter_id"":""5673"",""subject_id"":""4482"",""standard_id"":""44""}"
979952,156078,Chapter,"{""sub_institute_id"":""1"",""standard_id"":""44"",""subject_id"":""4482"",""chId"":""5672"",""chapter_name"":""11. Accounts from Incomplete Records""}",375195,Lesson,"{""sub_institute_id"":""1"",""lessonId"":""540"",""chapter_id"":""5672"",""subject_id"":""4482"",""standard_id"":""44""}"
979953,156077,Chapter,"{""sub_institute_id"":""1"",""standard_id"":""44"",""subject_id"":""4482"",""chId"":""5671"",""chapter_name"":""12. Applications of Computers in Accounting""}",375196,Lesson,"{""sub_institute_id"":""1"",""lessonId"":""541"",""chapter_id"":""5671"",""subject_id"":""4482"",""standard_id"":""44""}"
979954,156076,Chapter,"{""sub_institute_id"":""1"",""standard_id"":""44"",""subject_id"":""4482"",""chId"":""5670"",""chapter_name"":""13. Computerized Accounting System""}",375197,Lesson,"{""sub_institute_id"":""1"",""lessonId"":""542"",""chapter_id"":""5670"",""subject_id"":""4482"",""standard_id"":""44""}"
979955,156537,Chapter,"{""sub_institute_id"":""1"",""standard_id"":""44"",""subject_id"":""4106"",""chId"":""6148"",""chapter_name"":""CHAPTER 1 THE LIVING WORLD""}",375198,Lesson,"{""sub_institute_id"":""1"",""lessonId"":""543"",""chapter_id"":""6148"",""subject_id"":""4106"",""standard_id"":""44""}"
979956,156538,Chapter,"{""sub_institute_id"":""1"",""standard_id"":""44"",""subject_id"":""4106"",""chId"":""6149"",""chapter_name"":""CHAPTER 2 BIOLOGICAL CLASSIFICATION""}",375199,Lesson,"{""sub_institute_id"":""1"",""lessonId"":""544"",""chapter_id"":""6149"",""subject_id"":""4106"",""standard_id"":""44""}"
979957,156539,Chapter,"{""sub_institute_id"":""1"",""standard_id"":""44"",""subject_id"":""4106"",""chId"":""6150"",""chapter_name"":""CHAPTER 3 PLANT KINGDOM""}",375200,Lesson,"{""sub_institute_id"":""1"",""lessonId"":""545"",""chapter_id"":""6150"",""subject_id"":""4106"",""standard_id"":""44""}"
979958,156540,Chapter,"{""sub_institute_id"":""1"",""standard_id"":""44"",""subject_id"":""4106"",""chId"":""6151"",""chapter_name"":""CHAPTER 4 ANIMAL KINGDOM""}",375201,Lesson,"{""sub_institute_id"":""1"",""lessonId"":""546"",""chapter_id"":""6151"",""subject_id"":""4106"",""standard_id"":""44""}"
979959,156541,Chapter,"{""sub_institute_id"":""1"",""standard_id"":""44"",""subject_id"":""4106"",""chId"":""6152"",""chapter_name"":""CHAPTER 5 MORPHOLOGY OF FLOWERING PLANT""}",375202,Lesson,"{""sub_institute_id"":""1"",""lessonId"":""547"",""chapter_id"":""6152"",""subject_id"":""4106"",""standard_id"":""44""}"
979960,156542,Chapter,"{""sub_institute_id"":""1"",""standard_id"":""44"",""subject_id"":""4106"",""chId"":""6153"",""chapter_name"":""CHAPTER 6 ANATOMY OF FLOWERING PLANTS""}",375203,Lesson,"{""sub_institute_id"":""1"",""lessonId"":""548"",""chapter_id"":""6153"",""subject_id"":""4106"",""standard_id"":""44""}"
979961,156543,Chapter,"{""sub_institute_id"":""1"",""standard_id"":""44"",""subject_id"":""4106"",""chId"":""6154"",""chapter_name"":""CHAPTER 7 STRUCTURAL ORGANISATION IN ANIMALS""}",375204,Lesson,"{""sub_institute_id"":""1"",""lessonId"":""549"",""chapter_id"":""6154"",""subject_id"":""4106"",""standard_id"":""44""}"
979962,156544,Chapter,"{""sub_institute_id"":""1"",""standard_id"":""44"",""subject_id"":""4106"",""chId"":""6155"",""chapter_name"":""CHAPTER 8 CELL THE UNIT OF LIFE""}",375205,Lesson,"{""sub_institute_id"":""1"",""lessonId"":""550"",""chapter_id"":""6155"",""subject_id"":""4106"",""standard_id"":""44""}"
979963,156545,Chapter,"{""sub_institute_id"":""1"",""standard_id"":""44"",""subject_id"":""4106"",""chId"":""6156"",""chapter_name"":""CHAPTER 9 BIOMOLECULES""}",375206,Lesson,"{""sub_institute_id"":""1"",""lessonId"":""551"",""chapter_id"":""6156"",""subject_id"":""4106"",""standard_id"":""44""}"
979964,156546,Chapter,"{""sub_institute_id"":""1"",""standard_id"":""44"",""subject_id"":""4106"",""chId"":""6157"",""chapter_name"":""CHAPTER 10 CELL CYCLE AND CELL DIVISION""}",375207,Lesson,"{""sub_institute_id"":""1"",""lessonId"":""552"",""chapter_id"":""6157"",""subject_id"":""4106"",""standard_id"":""44""}"
979965,156547,Chapter,"{""sub_institute_id"":""1"",""standard_id"":""44"",""subject_id"":""4106"",""chId"":""6158"",""chapter_name"":""CHAPTER 11 TRANSPORT IN PLANTS""}",375208,Lesson,"{""sub_institute_id"":""1"",""lessonId"":""553"",""chapter_id"":""6158"",""subject_id"":""4106"",""standard_id"":""44""}"
979966,156548,Chapter,"{""sub_institute_id"":""1"",""standard_id"":""44"",""subject_id"":""4106"",""chId"":""6159"",""chapter_name"":""CHAPTER 12 MINERAL NUTRITION""}",375209,Lesson,"{""sub_institute_id"":""1"",""lessonId"":""554"",""chapter_id"":""6159"",""subject_id"":""4106"",""standard_id"":""44""}"
979967,156549,Chapter,"{""sub_institute_id"":""1"",""standard_id"":""44"",""subject_id"":""4106"",""chId"":""6160"",""chapter_name"":""CHAPTER 13 PHOTOSYNTHESIS IN HIGHER PLANTS""}",375210,Lesson,"{""sub_institute_id"":""1"",""lessonId"":""555"",""chapter_id"":""6160"",""subject_id"":""4106"",""standard_id"":""44""}"
979968,156550,Chapter,"{""sub_institute_id"":""1"",""standard_id"":""44"",""subject_id"":""4106"",""chId"":""6161"",""chapter_name"":""CHAPTER 14 RESPIRATION IN PLANTS""}",375211,Lesson,"{""sub_institute_id"":""1"",""lessonId"":""556"",""chapter_id"":""6161"",""subject_id"":""4106"",""standard_id"":""44""}"
979969,156551,Chapter,"{""sub_institute_id"":""1"",""standard_id"":""44"",""subject_id"":""4106"",""chId"":""6162"",""chapter_name"":""CHAPTER 15 PLANT GROWTH AND DEVELOPMENT""}",375212,Lesson,"{""sub_institute_id"":""1"",""lessonId"":""557"",""chapter_id"":""6162"",""subject_id"":""4106"",""standard_id"":""44""}"
979970,156552,Chapter,"{""sub_institute_id"":""1"",""standard_id"":""44"",""subject_id"":""4106"",""chId"":""6163"",""chapter_name"":""CHAPTER 16 DIGESTION AND ABSORPTION""}",375213,Lesson,"{""sub_institute_id"":""1"",""lessonId"":""558"",""chapter_id"":""6163"",""subject_id"":""4106"",""standard_id"":""44""}"
979971,156553,Chapter,"{""sub_institute_id"":""1"",""standard_id"":""44"",""subject_id"":""4106"",""chId"":""6164"",""chapter_name"":""CHAPTER 17 BREATHING AND EXCHANGE OF GASES""}",375214,Lesson,"{""sub_institute_id"":""1"",""lessonId"":""559"",""chapter_id"":""6164"",""subject_id"":""4106"",""standard_id"":""44""}"
979972,156554,Chapter,"{""sub_institute_id"":""1"",""standard_id"":""44"",""subject_id"":""4106"",""chId"":""6165"",""chapter_name"":""CHAPTER 18 BODY FLUIDS AND CIRCULATION""}",375215,Lesson,"{""sub_institute_id"":""1"",""lessonId"":""560"",""chapter_id"":""6165"",""subject_id"":""4106"",""standard_id"":""44""}"
979973,156555,Chapter,"{""sub_institute_id"":""1"",""standard_id"":""44"",""subject_id"":""4106"",""chId"":""6166"",""chapter_name"":""CHAPTER 19 EXCRETORY PRODUCTS AND THEIR ELIMINATION""}",375216,Lesson,"{""sub_institute_id"":""1"",""lessonId"":""561"",""chapter_id"":""6166"",""subject_id"":""4106"",""standard_id"":""44""}"
979974,156556,Chapter,"{""sub_institute_id"":""1"",""standard_id"":""44"",""subject_id"":""4106"",""chId"":""6167"",""chapter_name"":""CHAPTER 20 LOCOMOTION AND MOVEMENT""}",375217,Lesson,"{""sub_institute_id"":""1"",""lessonId"":""562"",""chapter_id"":""6167"",""subject_id"":""4106"",""standard_id"":""44""}"
979975,156557,Chapter,"{""sub_institute_id"":""1"",""standard_id"":""44"",""subject_id"":""4106"",""chId"":""6168"",""chapter_name"":""CHAPTER 21 NEURAL CONTROL AND COORDINATION""}",375218,Lesson,"{""sub_institute_id"":""1"",""lessonId"":""563"",""chapter_id"":""6168"",""subject_id"":""4106"",""standard_id"":""44""}"
979976,156558,Chapter,"{""sub_institute_id"":""1"",""standard_id"":""44"",""subject_id"":""4106"",""chId"":""6169"",""chapter_name"":""CHAPTER 22 CHEMICAL COORDINATION AND INTEGRATION""}",375219,Lesson,"{""sub_institute_id"":""1"",""lessonId"":""564"",""chapter_id"":""6169"",""subject_id"":""4106"",""standard_id"":""44""}"
979977,156116,Chapter,"{""sub_institute_id"":""1"",""standard_id"":""44"",""subject_id"":""4483"",""chId"":""5710"",""chapter_name"":""1. Nature and Purpose of Business""}",375220,Lesson,"{""sub_institute_id"":""1"",""lessonId"":""565"",""chapter_id"":""5710"",""subject_id"":""4483"",""standard_id"":""44""}"
979978,156115,Chapter,"{""sub_institute_id"":""1"",""standard_id"":""44"",""subject_id"":""4483"",""chId"":""5709"",""chapter_name"":""2. Forms of Business Organisation""}",375221,Lesson,"{""sub_institute_id"":""1"",""lessonId"":""566"",""chapter_id"":""5709"",""subject_id"":""4483"",""standard_id"":""44""}"
979979,156112,Chapter,"{""sub_institute_id"":""1"",""standard_id"":""44"",""subject_id"":""4483"",""chId"":""5706"",""chapter_name"":""3. Private Public and Global Enterprises""}",375222,Lesson,"{""sub_institute_id"":""1"",""lessonId"":""567"",""chapter_id"":""5706"",""subject_id"":""4483"",""standard_id"":""44""}"
979980,156111,Chapter,"{""sub_institute_id"":""1"",""standard_id"":""44"",""subject_id"":""4483"",""chId"":""5705"",""chapter_name"":""4. Business Services""}",375223,Lesson,"{""sub_institute_id"":""1"",""lessonId"":""568"",""chapter_id"":""5705"",""subject_id"":""4483"",""standard_id"":""44""}"
979981,156113,Chapter,"{""sub_institute_id"":""1"",""standard_id"":""44"",""subject_id"":""4483"",""chId"":""5707"",""chapter_name"":""5. Emerging Modes of Business""}",375224,Lesson,"{""sub_institute_id"":""1"",""lessonId"":""569"",""chapter_id"":""5707"",""subject_id"":""4483"",""standard_id"":""44""}"
979982,156114,Chapter,"{""sub_institute_id"":""1"",""standard_id"":""44"",""subject_id"":""4483"",""chId"":""5708"",""chapter_name"":""6. Social Responsibilities of Business and Business Ethics""}",375225,Lesson,"{""sub_institute_id"":""1"",""lessonId"":""570"",""chapter_id"":""5708"",""subject_id"":""4483"",""standard_id"":""44""}"
979983,156108,Chapter,"{""sub_institute_id"":""1"",""standard_id"":""44"",""subject_id"":""4483"",""chId"":""5702"",""chapter_name"":""7. Sources of Business Finance""}",375226,Lesson,"{""sub_institute_id"":""1"",""lessonId"":""571"",""chapter_id"":""5702"",""subject_id"":""4483"",""standard_id"":""44""}"
979984,156110,Chapter,"{""sub_institute_id"":""1"",""standard_id"":""44"",""subject_id"":""4483"",""chId"":""5704"",""chapter_name"":""8. Small Business""}",375227,Lesson,"{""sub_institute_id"":""1"",""lessonId"":""572"",""chapter_id"":""5704"",""subject_id"":""4483"",""standard_id"":""44""}"
979985,156109,Chapter,"{""sub_institute_id"":""1"",""standard_id"":""44"",""subject_id"":""4483"",""chId"":""5703"",""chapter_name"":""9. Internal Trade""}",375228,Lesson,"{""sub_institute_id"":""1"",""lessonId"":""573"",""chapter_id"":""5703"",""subject_id"":""4483"",""standard_id"":""44""}"
979986,156117,Chapter,"{""sub_institute_id"":""1"",""standard_id"":""44"",""subject_id"":""4483"",""chId"":""5711"",""chapter_name"":""10. International Business""}",375229,Lesson,"{""sub_institute_id"":""1"",""lessonId"":""574"",""chapter_id"":""5711"",""subject_id"":""4483"",""standard_id"":""44""}"
979987,156118,Chapter,"{""sub_institute_id"":""1"",""standard_id"":""44"",""subject_id"":""4119"",""chId"":""5712"",""chapter_name"":""1. SOME BASIC CONCEPTS OF CHEMISTRY""}",375230,Lesson,"{""sub_institute_id"":""1"",""lessonId"":""575"",""chapter_id"":""5712"",""subject_id"":""4119"",""standard_id"":""44""}"
979988,156125,Chapter,"{""sub_institute_id"":""1"",""standard_id"":""44"",""subject_id"":""4119"",""chId"":""5719"",""chapter_name"":""2. STRUCTURE OF ATOM""}",375231,Lesson,"{""sub_institute_id"":""1"",""lessonId"":""576"",""chapter_id"":""5719"",""subject_id"":""4119"",""standard_id"":""44""}"
979989,156124,Chapter,"{""sub_institute_id"":""1"",""standard_id"":""44"",""subject_id"":""4119"",""chId"":""5718"",""chapter_name"":""3. CLASSIFICATION OF ELEMENTS AND PERIODICITY IN PROPERTIES""}",375232,Lesson,"{""sub_institute_id"":""1"",""lessonId"":""577"",""chapter_id"":""5718"",""subject_id"":""4119"",""standard_id"":""44""}"
979990,156123,Chapter,"{""sub_institute_id"":""1"",""standard_id"":""44"",""subject_id"":""4119"",""chId"":""5717"",""chapter_name"":""4. CHEMICAL BONDING AND MOLECULAR STRUCTURE""}",375233,Lesson,"{""sub_institute_id"":""1"",""lessonId"":""578"",""chapter_id"":""5717"",""subject_id"":""4119"",""standard_id"":""44""}"
979991,156127,Chapter,"{""sub_institute_id"":""1"",""standard_id"":""44"",""subject_id"":""4119"",""chId"":""5721"",""chapter_name"":""5. STATES OF MATTER""}",375234,Lesson,"{""sub_institute_id"":""1"",""lessonId"":""579"",""chapter_id"":""5721"",""subject_id"":""4119"",""standard_id"":""44""}"
979992,156120,Chapter,"{""sub_institute_id"":""1"",""standard_id"":""44"",""subject_id"":""4119"",""chId"":""5714"",""chapter_name"":""6. THERMODYNAMICS""}",375235,Lesson,"{""sub_institute_id"":""1"",""lessonId"":""580"",""chapter_id"":""5714"",""subject_id"":""4119"",""standard_id"":""44""}"
979993,156121,Chapter,"{""sub_institute_id"":""1"",""standard_id"":""44"",""subject_id"":""4119"",""chId"":""5715"",""chapter_name"":""7. EQUILIBRIUM""}",375236,Lesson,"{""sub_institute_id"":""1"",""lessonId"":""581"",""chapter_id"":""5715"",""subject_id"":""4119"",""standard_id"":""44""}"
979994,156122,Chapter,"{""sub_institute_id"":""1"",""standard_id"":""44"",""subject_id"":""4119"",""chId"":""5716"",""chapter_name"":""8. REDOX REACTIONS""}",375237,Lesson,"{""sub_institute_id"":""1"",""lessonId"":""582"",""chapter_id"":""5716"",""subject_id"":""4119"",""standard_id"":""44""}"
979995,156119,Chapter,"{""sub_institute_id"":""1"",""standard_id"":""44"",""subject_id"":""4119"",""chId"":""5713"",""chapter_name"":""9. HYDROGEN""}",375238,Lesson,"{""sub_institute_id"":""1"",""lessonId"":""583"",""chapter_id"":""5713"",""subject_id"":""4119"",""standard_id"":""44""}"
979996,156129,Chapter,"{""sub_institute_id"":""1"",""standard_id"":""44"",""subject_id"":""4119"",""chId"":""5723"",""chapter_name"":""10. THE S-BLOCK ELEMENTS""}",375239,Lesson,"{""sub_institute_id"":""1"",""lessonId"":""584"",""chapter_id"":""5723"",""subject_id"":""4119"",""standard_id"":""44""}"
979997,156131,Chapter,"{""sub_institute_id"":""1"",""standard_id"":""44"",""subject_id"":""4119"",""chId"":""5725"",""chapter_name"":""11. P-BLOCK ELEMENTS""}",375240,Lesson,"{""sub_institute_id"":""1"",""lessonId"":""585"",""chapter_id"":""5725"",""subject_id"":""4119"",""standard_id"":""44""}"
979998,156128,Chapter,"{""sub_institute_id"":""1"",""standard_id"":""44"",""subject_id"":""4119"",""chId"":""5722"",""chapter_name"":""12. ORGANIC CHEMISTRY SOME BASIC PRINCIPLES AND TECHNIQUES""}",375241,Lesson,"{""sub_institute_id"":""1"",""lessonId"":""586"",""chapter_id"":""5722"",""subject_id"":""4119"",""standard_id"":""44""}"
979999,156130,Chapter,"{""sub_institute_id"":""1"",""standard_id"":""44"",""subject_id"":""4119"",""chId"":""5724"",""chapter_name"":""13. HYDROCARBONS""}",375242,Lesson,"{""sub_institute_id"":""1"",""lessonId"":""587"",""chapter_id"":""5724"",""subject_id"":""4119"",""standard_id"":""44""}"
980000,156126,Chapter,"{""sub_institute_id"":""1"",""standard_id"":""44"",""subject_id"":""4119"",""chId"":""5720"",""chapter_name"":""14. ENVIRONMENTAL CHEMISTRY""}",375243,Lesson,"{""sub_institute_id"":""1"",""lessonId"":""588"",""chapter_id"":""5720"",""subject_id"":""4119"",""standard_id"":""44""}"
980001,156105,Chapter,"{""sub_institute_id"":""1"",""standard_id"":""44"",""subject_id"":""4472"",""chId"":""5699"",""chapter_name"":""1. Introduction""}",375244,Lesson,"{""sub_institute_id"":""1"",""lessonId"":""589"",""chapter_id"":""5699"",""subject_id"":""4472"",""standard_id"":""44""}"
980002,156095,Chapter,"{""sub_institute_id"":""1"",""standard_id"":""44"",""subject_id"":""4472"",""chId"":""5689"",""chapter_name"":""2. Collection of Data""}",375245,Lesson,"{""sub_institute_id"":""1"",""lessonId"":""590"",""chapter_id"":""5689"",""subject_id"":""4472"",""standard_id"":""44""}"
980003,156097,Chapter,"{""sub_institute_id"":""1"",""standard_id"":""44"",""subject_id"":""4472"",""chId"":""5691"",""chapter_name"":""3. Organization of Data""}",375246,Lesson,"{""sub_institute_id"":""1"",""lessonId"":""591"",""chapter_id"":""5691"",""subject_id"":""4472"",""standard_id"":""44""}"
980004,156093,Chapter,"{""sub_institute_id"":""1"",""standard_id"":""44"",""subject_id"":""4472"",""chId"":""5687"",""chapter_name"":""4. Presentation of Data""}",375247,Lesson,"{""sub_institute_id"":""1"",""lessonId"":""592"",""chapter_id"":""5687"",""subject_id"":""4472"",""standard_id"":""44""}"
980005,156089,Chapter,"{""sub_institute_id"":""1"",""standard_id"":""44"",""subject_id"":""4472"",""chId"":""5683"",""chapter_name"":""5. Measures of Central Tendency""}",375248,Lesson,"{""sub_institute_id"":""1"",""lessonId"":""593"",""chapter_id"":""5683"",""subject_id"":""4472"",""standard_id"":""44""}"
980006,156092,Chapter,"{""sub_institute_id"":""1"",""standard_id"":""44"",""subject_id"":""4472"",""chId"":""5686"",""chapter_name"":""6. Measures of Dispersion""}",375249,Lesson,"{""sub_institute_id"":""1"",""lessonId"":""594"",""chapter_id"":""5686"",""subject_id"":""4472"",""standard_id"":""44""}"
980007,156090,Chapter,"{""sub_institute_id"":""1"",""standard_id"":""44"",""subject_id"":""4472"",""chId"":""5684"",""chapter_name"":""7. Correlation""}",375250,Lesson,"{""sub_institute_id"":""1"",""lessonId"":""595"",""chapter_id"":""5684"",""subject_id"":""4472"",""standard_id"":""44""}"
980008,156088,Chapter,"{""sub_institute_id"":""1"",""standard_id"":""44"",""subject_id"":""4472"",""chId"":""5682"",""chapter_name"":""8. Index Numbers""}",375251,Lesson,"{""sub_institute_id"":""1"",""lessonId"":""596"",""chapter_id"":""5682"",""subject_id"":""4472"",""standard_id"":""44""}"
980009,156091,Chapter,"{""sub_institute_id"":""1"",""standard_id"":""44"",""subject_id"":""4472"",""chId"":""5685"",""chapter_name"":""9. Introduction-Microeconomics _ Economy""}",375252,Lesson,"{""sub_institute_id"":""1"",""lessonId"":""597"",""chapter_id"":""5685"",""subject_id"":""4472"",""standard_id"":""44""}"
980010,156103,Chapter,"{""sub_institute_id"":""1"",""standard_id"":""44"",""subject_id"":""4472"",""chId"":""5697"",""chapter_name"":""10. Consumers Equilibrium""}",375253,Lesson,"{""sub_institute_id"":""1"",""lessonId"":""598"",""chapter_id"":""5697"",""subject_id"":""4472"",""standard_id"":""44""}"
980011,156107,Chapter,"{""sub_institute_id"":""1"",""standard_id"":""44"",""subject_id"":""4472"",""chId"":""5701"",""chapter_name"":""11. Demand""}",375254,Lesson,"{""sub_institute_id"":""1"",""lessonId"":""599"",""chapter_id"":""5701"",""subject_id"":""4472"",""standard_id"":""44""}"
980012,156104,Chapter,"{""sub_institute_id"":""1"",""standard_id"":""44"",""subject_id"":""4472"",""chId"":""5698"",""chapter_name"":""12. Elasticity of Demand""}",375255,Lesson,"{""sub_institute_id"":""1"",""lessonId"":""600"",""chapter_id"":""5698"",""subject_id"":""4472"",""standard_id"":""44""}"
980013,156106,Chapter,"{""sub_institute_id"":""1"",""standard_id"":""44"",""subject_id"":""4472"",""chId"":""5700"",""chapter_name"":""13. Production Function""}",375256,Lesson,"{""sub_institute_id"":""1"",""lessonId"":""601"",""chapter_id"":""5700"",""subject_id"":""4472"",""standard_id"":""44""}"
980014,156100,Chapter,"{""sub_institute_id"":""1"",""standard_id"":""44"",""subject_id"":""4472"",""chId"":""5694"",""chapter_name"":""14. Concept of Cost""}",375257,Lesson,"{""sub_institute_id"":""1"",""lessonId"":""602"",""chapter_id"":""5694"",""subject_id"":""4472"",""standard_id"":""44""}"
980015,156098,Chapter,"{""sub_institute_id"":""1"",""standard_id"":""44"",""subject_id"":""4472"",""chId"":""5692"",""chapter_name"":""15. Concept of Revenue""}",375258,Lesson,"{""sub_institute_id"":""1"",""lessonId"":""603"",""chapter_id"":""5692"",""subject_id"":""4472"",""standard_id"":""44""}"
980016,156101,Chapter,"{""sub_institute_id"":""1"",""standard_id"":""44"",""subject_id"":""4472"",""chId"":""5695"",""chapter_name"":""16. Producer_s Equilibrium""}",375259,Lesson,"{""sub_institute_id"":""1"",""lessonId"":""604"",""chapter_id"":""5695"",""subject_id"":""4472"",""standard_id"":""44""}"
980017,156099,Chapter,"{""sub_institute_id"":""1"",""standard_id"":""44"",""subject_id"":""4472"",""chId"":""5693"",""chapter_name"":""17. Supply and Elasticity of Supply""}",375260,Lesson,"{""sub_institute_id"":""1"",""lessonId"":""605"",""chapter_id"":""5693"",""subject_id"":""4472"",""standard_id"":""44""}"
980018,156102,Chapter,"{""sub_institute_id"":""1"",""standard_id"":""44"",""subject_id"":""4472"",""chId"":""5696"",""chapter_name"":""18. Forms of Market""}",375261,Lesson,"{""sub_institute_id"":""1"",""lessonId"":""606"",""chapter_id"":""5696"",""subject_id"":""4472"",""standard_id"":""44""}"
980019,156096,Chapter,"{""sub_institute_id"":""1"",""standard_id"":""44"",""subject_id"":""4472"",""chId"":""5690"",""chapter_name"":""19. Perfect Competition""}",375262,Lesson,"{""sub_institute_id"":""1"",""lessonId"":""607"",""chapter_id"":""5690"",""subject_id"":""4472"",""standard_id"":""44""}"
980020,156094,Chapter,"{""sub_institute_id"":""1"",""standard_id"":""44"",""subject_id"":""4472"",""chId"":""5688"",""chapter_name"":""20. Simple Applciations of Demand and Supply""}",375263,Lesson,"{""sub_institute_id"":""1"",""lessonId"":""608"",""chapter_id"":""5688"",""subject_id"":""4472"",""standard_id"":""44""}"
980021,156160,Chapter,"{""sub_institute_id"":""1"",""standard_id"":""44"",""subject_id"":""3978"",""chId"":""5755"",""chapter_name"":""1.1 The Portrait of a Lady""}",375264,Lesson,"{""sub_institute_id"":""1"",""lessonId"":""609"",""chapter_id"":""5755"",""subject_id"":""3978"",""standard_id"":""44""}"
980022,156159,Chapter,"{""sub_institute_id"":""1"",""standard_id"":""44"",""subject_id"":""3978"",""chId"":""5754"",""chapter_name"":""1.2 A Photograph""}",375265,Lesson,"{""sub_institute_id"":""1"",""lessonId"":""610"",""chapter_id"":""5754"",""subject_id"":""3978"",""standard_id"":""44""}"
980023,156158,Chapter,"{""sub_institute_id"":""1"",""standard_id"":""44"",""subject_id"":""3978"",""chId"":""5753"",""chapter_name"":""2. We_re Not Afraid to Die... if We Can All Be Together""}",375266,Lesson,"{""sub_institute_id"":""1"",""lessonId"":""611"",""chapter_id"":""5753"",""subject_id"":""3978"",""standard_id"":""44""}"
980024,156157,Chapter,"{""sub_institute_id"":""1"",""standard_id"":""44"",""subject_id"":""3978"",""chId"":""5752"",""chapter_name"":""3.1 Discovering Tut_ the Saga Continues""}",375267,Lesson,"{""sub_institute_id"":""1"",""lessonId"":""612"",""chapter_id"":""5752"",""subject_id"":""3978"",""standard_id"":""44""}"
980025,156156,Chapter,"{""sub_institute_id"":""1"",""standard_id"":""44"",""subject_id"":""3978"",""chId"":""5751"",""chapter_name"":""3.2 The Laburnum Top""}",375268,Lesson,"{""sub_institute_id"":""1"",""lessonId"":""613"",""chapter_id"":""5751"",""subject_id"":""3978"",""standard_id"":""44""}"
980026,156155,Chapter,"{""sub_institute_id"":""1"",""standard_id"":""44"",""subject_id"":""3978"",""chId"":""5750"",""chapter_name"":""4.1 Landscape of the Soul""}",375269,Lesson,"{""sub_institute_id"":""1"",""lessonId"":""614"",""chapter_id"":""5750"",""subject_id"":""3978"",""standard_id"":""44""}"
980027,156154,Chapter,"{""sub_institute_id"":""1"",""standard_id"":""44"",""subject_id"":""3978"",""chId"":""5749"",""chapter_name"":""4.2 The Voice of the Rain""}",375270,Lesson,"{""sub_institute_id"":""1"",""lessonId"":""615"",""chapter_id"":""5749"",""subject_id"":""3978"",""standard_id"":""44""}"
980028,156153,Chapter,"{""sub_institute_id"":""1"",""standard_id"":""44"",""subject_id"":""3978"",""chId"":""5748"",""chapter_name"":""5. The Ailing Planet_ the Green Movement_s Role""}",375271,Lesson,"{""sub_institute_id"":""1"",""lessonId"":""616"",""chapter_id"":""5748"",""subject_id"":""3978"",""standard_id"":""44""}"
980029,156149,Chapter,"{""sub_institute_id"":""1"",""standard_id"":""44"",""subject_id"":""3978"",""chId"":""5744"",""chapter_name"":""6.1 The Browning Version""}",375272,Lesson,"{""sub_institute_id"":""1"",""lessonId"":""617"",""chapter_id"":""5744"",""subject_id"":""3978"",""standard_id"":""44""}"
980030,156148,Chapter,"{""sub_institute_id"":""1"",""standard_id"":""44"",""subject_id"":""3978"",""chId"":""5743"",""chapter_name"":""6.2 Childhood""}",375273,Lesson,"{""sub_institute_id"":""1"",""lessonId"":""618"",""chapter_id"":""5743"",""subject_id"":""3978"",""standard_id"":""44""}"
980031,156152,Chapter,"{""sub_institute_id"":""1"",""standard_id"":""44"",""subject_id"":""3978"",""chId"":""5747"",""chapter_name"":""7. The Adventure""}",375274,Lesson,"{""sub_institute_id"":""1"",""lessonId"":""619"",""chapter_id"":""5747"",""subject_id"":""3978"",""standard_id"":""44""}"
980032,156151,Chapter,"{""sub_institute_id"":""1"",""standard_id"":""44"",""subject_id"":""3978"",""chId"":""5746"",""chapter_name"":""8.1 Silk Road""}",375275,Lesson,"{""sub_institute_id"":""1"",""lessonId"":""620"",""chapter_id"":""5746"",""subject_id"":""3978"",""standard_id"":""44""}"
980033,156150,Chapter,"{""sub_institute_id"":""1"",""standard_id"":""44"",""subject_id"":""3978"",""chId"":""5745"",""chapter_name"":""8.2 Father to Son""}",375276,Lesson,"{""sub_institute_id"":""1"",""lessonId"":""621"",""chapter_id"":""5745"",""subject_id"":""3978"",""standard_id"":""44""}"
980034,156166,Chapter,"{""sub_institute_id"":""1"",""standard_id"":""44"",""subject_id"":""4435"",""chId"":""5761"",""chapter_name"":""1.The Summer of the Beautiful White Horse""}",375277,Lesson,"{""sub_institute_id"":""1"",""lessonId"":""622"",""chapter_id"":""5761"",""subject_id"":""4435"",""standard_id"":""44""}"
980035,156164,Chapter,"{""sub_institute_id"":""1"",""standard_id"":""44"",""subject_id"":""4435"",""chId"":""5759"",""chapter_name"":""2. The Address""}",375278,Lesson,"{""sub_institute_id"":""1"",""lessonId"":""623"",""chapter_id"":""5759"",""subject_id"":""4435"",""standard_id"":""44""}"
980036,156165,Chapter,"{""sub_institute_id"":""1"",""standard_id"":""44"",""subject_id"":""4435"",""chId"":""5760"",""chapter_name"":""3. Ranga_s Marriage""}",375279,Lesson,"{""sub_institute_id"":""1"",""lessonId"":""624"",""chapter_id"":""5760"",""subject_id"":""4435"",""standard_id"":""44""}"
980037,156163,Chapter,"{""sub_institute_id"":""1"",""standard_id"":""44"",""subject_id"":""4435"",""chId"":""5758"",""chapter_name"":""4. Albert Einstein at School""}",375280,Lesson,"{""sub_institute_id"":""1"",""lessonId"":""625"",""chapter_id"":""5758"",""subject_id"":""4435"",""standard_id"":""44""}"
980038,156162,Chapter,"{""sub_institute_id"":""1"",""standard_id"":""44"",""subject_id"":""4435"",""chId"":""5757"",""chapter_name"":""5. Mother_s Day""}",375281,Lesson,"{""sub_institute_id"":""1"",""lessonId"":""626"",""chapter_id"":""5757"",""subject_id"":""4435"",""standard_id"":""44""}"
980039,156167,Chapter,"{""sub_institute_id"":""1"",""standard_id"":""44"",""subject_id"":""4435"",""chId"":""5762"",""chapter_name"":""6. Birth""}",375282,Lesson,"{""sub_institute_id"":""1"",""lessonId"":""627"",""chapter_id"":""5762"",""subject_id"":""4435"",""standard_id"":""44""}"
980040,156200,Chapter,"{""sub_institute_id"":""1"",""standard_id"":""44"",""subject_id"":""4481"",""chId"":""5795"",""chapter_name"":""1. Geography as a Discipline""}",375283,Lesson,"{""sub_institute_id"":""1"",""lessonId"":""628"",""chapter_id"":""5795"",""subject_id"":""4481"",""standard_id"":""44""}"
980041,156199,Chapter,"{""sub_institute_id"":""1"",""standard_id"":""44"",""subject_id"":""4481"",""chId"":""5794"",""chapter_name"":""2. The Origin and Evolution of Earth""}",375284,Lesson,"{""sub_institute_id"":""1"",""lessonId"":""629"",""chapter_id"":""5794"",""subject_id"":""4481"",""standard_id"":""44""}"
980042,156198,Chapter,"{""sub_institute_id"":""1"",""standard_id"":""44"",""subject_id"":""4481"",""chId"":""5793"",""chapter_name"":""3. Interior of the Earth""}",375285,Lesson,"{""sub_institute_id"":""1"",""lessonId"":""630"",""chapter_id"":""5793"",""subject_id"":""4481"",""standard_id"":""44""}"
980043,156197,Chapter,"{""sub_institute_id"":""1"",""standard_id"":""44"",""subject_id"":""4481"",""chId"":""5792"",""chapter_name"":""4. Distribution of the Oceans and Continents""}",375286,Lesson,"{""sub_institute_id"":""1"",""lessonId"":""631"",""chapter_id"":""5792"",""subject_id"":""4481"",""standard_id"":""44""}"
980044,156196,Chapter,"{""sub_institute_id"":""1"",""standard_id"":""44"",""subject_id"":""4481"",""chId"":""5791"",""chapter_name"":""5. Minerals _ Rocks""}",375287,Lesson,"{""sub_institute_id"":""1"",""lessonId"":""632"",""chapter_id"":""5791"",""subject_id"":""4481"",""standard_id"":""44""}"
980045,156195,Chapter,"{""sub_institute_id"":""1"",""standard_id"":""44"",""subject_id"":""4481"",""chId"":""5790"",""chapter_name"":""6. Geomorphic Processes""}",375288,Lesson,"{""sub_institute_id"":""1"",""lessonId"":""633"",""chapter_id"":""5790"",""subject_id"":""4481"",""standard_id"":""44""}"
980046,156194,Chapter,"{""sub_institute_id"":""1"",""standard_id"":""44"",""subject_id"":""4481"",""chId"":""5789"",""chapter_name"":""7. Landforms and their Evolution""}",375289,Lesson,"{""sub_institute_id"":""1"",""lessonId"":""634"",""chapter_id"":""5789"",""subject_id"":""4481"",""standard_id"":""44""}"
980047,156193,Chapter,"{""sub_institute_id"":""1"",""standard_id"":""44"",""subject_id"":""4481"",""chId"":""5788"",""chapter_name"":""8. Composition _ Structure of Atmosphere""}",375290,Lesson,"{""sub_institute_id"":""1"",""lessonId"":""635"",""chapter_id"":""5788"",""subject_id"":""4481"",""standard_id"":""44""}"
980048,156192,Chapter,"{""sub_institute_id"":""1"",""standard_id"":""44"",""subject_id"":""4481"",""chId"":""5787"",""chapter_name"":""9. Solar Radiation, Heat Balance _Temperature""}",375291,Lesson,"{""sub_institute_id"":""1"",""lessonId"":""636"",""chapter_id"":""5787"",""subject_id"":""4481"",""standard_id"":""44""}"
980049,156191,Chapter,"{""sub_institute_id"":""1"",""standard_id"":""44"",""subject_id"":""4481"",""chId"":""5786"",""chapter_name"":""10. Atmospheric Circulation _ Weather Systems""}",375292,Lesson,"{""sub_institute_id"":""1"",""lessonId"":""637"",""chapter_id"":""5786"",""subject_id"":""4481"",""standard_id"":""44""}"
980050,156190,Chapter,"{""sub_institute_id"":""1"",""standard_id"":""44"",""subject_id"":""4481"",""chId"":""5785"",""chapter_name"":""11. Water in the Atmosphere""}",375293,Lesson,"{""sub_institute_id"":""1"",""lessonId"":""638"",""chapter_id"":""5785"",""subject_id"":""4481"",""standard_id"":""44""}"
980051,156189,Chapter,"{""sub_institute_id"":""1"",""standard_id"":""44"",""subject_id"":""4481"",""chId"":""5784"",""chapter_name"":""12. World Climate _ Climate Change""}",375294,Lesson,"{""sub_institute_id"":""1"",""lessonId"":""639"",""chapter_id"":""5784"",""subject_id"":""4481"",""standard_id"":""44""}"
980052,156188,Chapter,"{""sub_institute_id"":""1"",""standard_id"":""44"",""subject_id"":""4481"",""chId"":""5783"",""chapter_name"":""13. Water (Oceans)""}",375295,Lesson,"{""sub_institute_id"":""1"",""lessonId"":""640"",""chapter_id"":""5783"",""subject_id"":""4481"",""standard_id"":""44""}"
980053,156187,Chapter,"{""sub_institute_id"":""1"",""standard_id"":""44"",""subject_id"":""4481"",""chId"":""5782"",""chapter_name"":""14. Movements of Ocean Water""}",375296,Lesson,"{""sub_institute_id"":""1"",""lessonId"":""641"",""chapter_id"":""5782"",""subject_id"":""4481"",""standard_id"":""44""}"
980054,156186,Chapter,"{""sub_institute_id"":""1"",""standard_id"":""44"",""subject_id"":""4481"",""chId"":""5781"",""chapter_name"":""15. Life on the Earth""}",375297,Lesson,"{""sub_institute_id"":""1"",""lessonId"":""642"",""chapter_id"":""5781"",""subject_id"":""4481"",""standard_id"":""44""}"
980055,156185,Chapter,"{""sub_institute_id"":""1"",""standard_id"":""44"",""subject_id"":""4481"",""chId"":""5780"",""chapter_name"":""16. Biodiversity and Conservation""}",375298,Lesson,"{""sub_institute_id"":""1"",""lessonId"":""643"",""chapter_id"":""5780"",""subject_id"":""4481"",""standard_id"":""44""}"
980056,156184,Chapter,"{""sub_institute_id"":""1"",""standard_id"":""44"",""subject_id"":""4481"",""chId"":""5779"",""chapter_name"":""17. India- Location""}",375299,Lesson,"{""sub_institute_id"":""1"",""lessonId"":""644"",""chapter_id"":""5779"",""subject_id"":""4481"",""standard_id"":""44""}"
980057,156183,Chapter,"{""sub_institute_id"":""1"",""standard_id"":""44"",""subject_id"":""4481"",""chId"":""5778"",""chapter_name"":""18. Structure and Physiography""}",375300,Lesson,"{""sub_institute_id"":""1"",""lessonId"":""645"",""chapter_id"":""5778"",""subject_id"":""4481"",""standard_id"":""44""}"
980058,156182,Chapter,"{""sub_institute_id"":""1"",""standard_id"":""44"",""subject_id"":""4481"",""chId"":""5777"",""chapter_name"":""19. Drainage System""}",375301,Lesson,"{""sub_institute_id"":""1"",""lessonId"":""646"",""chapter_id"":""5777"",""subject_id"":""4481"",""standard_id"":""44""}"
980059,156181,Chapter,"{""sub_institute_id"":""1"",""standard_id"":""44"",""subject_id"":""4481"",""chId"":""5776"",""chapter_name"":""20. Climate""}",375302,Lesson,"{""sub_institute_id"":""1"",""lessonId"":""647"",""chapter_id"":""5776"",""subject_id"":""4481"",""standard_id"":""44""}"
980060,156180,Chapter,"{""sub_institute_id"":""1"",""standard_id"":""44"",""subject_id"":""4481"",""chId"":""5775"",""chapter_name"":""21. Natural Vegetation""}",375303,Lesson,"{""sub_institute_id"":""1"",""lessonId"":""648"",""chapter_id"":""5775"",""subject_id"":""4481"",""standard_id"":""44""}"
980061,156179,Chapter,"{""sub_institute_id"":""1"",""standard_id"":""44"",""subject_id"":""4481"",""chId"":""5774"",""chapter_name"":""22. Soils""}",375304,Lesson,"{""sub_institute_id"":""1"",""lessonId"":""649"",""chapter_id"":""5774"",""subject_id"":""4481"",""standard_id"":""44""}"
980062,156178,Chapter,"{""sub_institute_id"":""1"",""standard_id"":""44"",""subject_id"":""4481"",""chId"":""5773"",""chapter_name"":""23. Natural Hazards and Disasters""}",375305,Lesson,"{""sub_institute_id"":""1"",""lessonId"":""650"",""chapter_id"":""5773"",""subject_id"":""4481"",""standard_id"":""44""}"
980063,156147,Chapter,"{""sub_institute_id"":""1"",""standard_id"":""44"",""subject_id"":""3976"",""chId"":""5741"",""chapter_name"":""CHAPTER -1- SETS THEORY""}",375306,Lesson,"{""sub_institute_id"":""1"",""lessonId"":""651"",""chapter_id"":""5741"",""subject_id"":""3976"",""standard_id"":""44""}"
980064,156146,Chapter,"{""sub_institute_id"":""1"",""standard_id"":""44"",""subject_id"":""3976"",""chId"":""5740"",""chapter_name"":""CHAPTER -2- RELATION AND FUNCTIONS""}",375307,Lesson,"{""sub_institute_id"":""1"",""lessonId"":""652"",""chapter_id"":""5740"",""subject_id"":""3976"",""standard_id"":""44""}"
980065,156145,Chapter,"{""sub_institute_id"":""1"",""standard_id"":""44"",""subject_id"":""3976"",""chId"":""5739"",""chapter_name"":""CHAPTER -3- TRIGONOMETRIC FUNCTIONS""}",375308,Lesson,"{""sub_institute_id"":""1"",""lessonId"":""653"",""chapter_id"":""5739"",""subject_id"":""3976"",""standard_id"":""44""}"
980066,156144,Chapter,"{""sub_institute_id"":""1"",""standard_id"":""44"",""subject_id"":""3976"",""chId"":""5738"",""chapter_name"":""CHAPTER -4- PRINCIPLE OF MATHEMATICAL INDUCTION""}",375309,Lesson,"{""sub_institute_id"":""1"",""lessonId"":""654"",""chapter_id"":""5738"",""subject_id"":""3976"",""standard_id"":""44""}"
980067,156143,Chapter,"{""sub_institute_id"":""1"",""standard_id"":""44"",""subject_id"":""3976"",""chId"":""5737"",""chapter_name"":""CHAPTER -5- COMPLEX NUMBER _ QUADRATIC EQUATIONS""}",375310,Lesson,"{""sub_institute_id"":""1"",""lessonId"":""655"",""chapter_id"":""5737"",""subject_id"":""3976"",""standard_id"":""44""}"
980068,156142,Chapter,"{""sub_institute_id"":""1"",""standard_id"":""44"",""subject_id"":""3976"",""chId"":""5736"",""chapter_name"":""CHAPTER -6- LINEAR INEQUATIONS""}",375311,Lesson,"{""sub_institute_id"":""1"",""lessonId"":""656"",""chapter_id"":""5736"",""subject_id"":""3976"",""standard_id"":""44""}"
980069,156133,Chapter,"{""sub_institute_id"":""1"",""standard_id"":""44"",""subject_id"":""3976"",""chId"":""5727"",""chapter_name"":""CHAPTER -7- PERMUTATIONS _ COMBINATIONS""}",375312,Lesson,"{""sub_institute_id"":""1"",""lessonId"":""657"",""chapter_id"":""5727"",""subject_id"":""3976"",""standard_id"":""44""}"
980070,156141,Chapter,"{""sub_institute_id"":""1"",""standard_id"":""44"",""subject_id"":""3976"",""chId"":""5735"",""chapter_name"":""CHAPTER -8- BINOMIAL THEOREM""}",375313,Lesson,"{""sub_institute_id"":""1"",""lessonId"":""658"",""chapter_id"":""5735"",""subject_id"":""3976"",""standard_id"":""44""}"
980071,156140,Chapter,"{""sub_institute_id"":""1"",""standard_id"":""44"",""subject_id"":""3976"",""chId"":""5734"",""chapter_name"":""CHAPTER -9- SEQUENCE _ SERIES""}",375314,Lesson,"{""sub_institute_id"":""1"",""lessonId"":""659"",""chapter_id"":""5734"",""subject_id"":""3976"",""standard_id"":""44""}"
980072,156139,Chapter,"{""sub_institute_id"":""1"",""standard_id"":""44"",""subject_id"":""3976"",""chId"":""5733"",""chapter_name"":""CHAPTER -10- STRAIGHT LINES""}",375315,Lesson,"{""sub_institute_id"":""1"",""lessonId"":""660"",""chapter_id"":""5733"",""subject_id"":""3976"",""standard_id"":""44""}"
980073,156138,Chapter,"{""sub_institute_id"":""1"",""standard_id"":""44"",""subject_id"":""3976"",""chId"":""5732"",""chapter_name"":""CHAPTER -11 - CONIC SECTIONS""}",375316,Lesson,"{""sub_institute_id"":""1"",""lessonId"":""661"",""chapter_id"":""5732"",""subject_id"":""3976"",""standard_id"":""44""}"
980074,156132,Chapter,"{""sub_institute_id"":""1"",""standard_id"":""44"",""subject_id"":""3976"",""chId"":""5726"",""chapter_name"":""CHAPTER -12- INTRODCUTION TO 3D GEOMETRY""}",375317,Lesson,"{""sub_institute_id"":""1"",""lessonId"":""662"",""chapter_id"":""5726"",""subject_id"":""3976"",""standard_id"":""44""}"
980075,156137,Chapter,"{""sub_institute_id"":""1"",""standard_id"":""44"",""subject_id"":""3976"",""chId"":""5731"",""chapter_name"":""CHAPTER -13 - LIMITS _ DERIVATIVES""}",375318,Lesson,"{""sub_institute_id"":""1"",""lessonId"":""663"",""chapter_id"":""5731"",""subject_id"":""3976"",""standard_id"":""44""}"
980076,156136,Chapter,"{""sub_institute_id"":""1"",""standard_id"":""44"",""subject_id"":""3976"",""chId"":""5730"",""chapter_name"":""CHAPTER -14- MATHEMATICAL REASONING""}",375319,Lesson,"{""sub_institute_id"":""1"",""lessonId"":""664"",""chapter_id"":""5730"",""subject_id"":""3976"",""standard_id"":""44""}"
980077,156135,Chapter,"{""sub_institute_id"":""1"",""standard_id"":""44"",""subject_id"":""3976"",""chId"":""5729"",""chapter_name"":""CHAPTER -15- STATISTICS""}",375320,Lesson,"{""sub_institute_id"":""1"",""lessonId"":""665"",""chapter_id"":""5729"",""subject_id"":""3976"",""standard_id"":""44""}"
980078,156134,Chapter,"{""sub_institute_id"":""1"",""standard_id"":""44"",""subject_id"":""3976"",""chId"":""5728"",""chapter_name"":""CHAPTER -16- PROBABILITY""}",375321,Lesson,"{""sub_institute_id"":""1"",""lessonId"":""666"",""chapter_id"":""5728"",""subject_id"":""3976"",""standard_id"":""44""}"
980079,156070,Chapter,"{""sub_institute_id"":""1"",""standard_id"":""44"",""subject_id"":""3975"",""chId"":""5664"",""chapter_name"":""1. Physical World""}",375322,Lesson,"{""sub_institute_id"":""1"",""lessonId"":""667"",""chapter_id"":""5664"",""subject_id"":""3975"",""standard_id"":""44""}"
980080,156069,Chapter,"{""sub_institute_id"":""1"",""standard_id"":""44"",""subject_id"":""3975"",""chId"":""5663"",""chapter_name"":""2. Units and measurements""}",375323,Lesson,"{""sub_institute_id"":""1"",""lessonId"":""668"",""chapter_id"":""5663"",""subject_id"":""3975"",""standard_id"":""44""}"
980081,156071,Chapter,"{""sub_institute_id"":""1"",""standard_id"":""44"",""subject_id"":""3975"",""chId"":""5665"",""chapter_name"":""3. Motion in straight line""}",375324,Lesson,"{""sub_institute_id"":""1"",""lessonId"":""669"",""chapter_id"":""5665"",""subject_id"":""3975"",""standard_id"":""44""}"
980082,156067,Chapter,"{""sub_institute_id"":""1"",""standard_id"":""44"",""subject_id"":""3975"",""chId"":""5661"",""chapter_name"":""4. Motion in a plane""}",375325,Lesson,"{""sub_institute_id"":""1"",""lessonId"":""670"",""chapter_id"":""5661"",""subject_id"":""3975"",""standard_id"":""44""}"
980083,156068,Chapter,"{""sub_institute_id"":""1"",""standard_id"":""44"",""subject_id"":""3975"",""chId"":""5662"",""chapter_name"":""5. Laws of motion""}",375326,Lesson,"{""sub_institute_id"":""1"",""lessonId"":""671"",""chapter_id"":""5662"",""subject_id"":""3975"",""standard_id"":""44""}"
980084,156074,Chapter,"{""sub_institute_id"":""1"",""standard_id"":""44"",""subject_id"":""3975"",""chId"":""5668"",""chapter_name"":""6. Work, Energy and Power""}",375327,Lesson,"{""sub_institute_id"":""1"",""lessonId"":""672"",""chapter_id"":""5668"",""subject_id"":""3975"",""standard_id"":""44""}"
980085,156073,Chapter,"{""sub_institute_id"":""1"",""standard_id"":""44"",""subject_id"":""3975"",""chId"":""5667"",""chapter_name"":""7. System of particles and Rotional Motion""}",375328,Lesson,"{""sub_institute_id"":""1"",""lessonId"":""673"",""chapter_id"":""5667"",""subject_id"":""3975"",""standard_id"":""44""}"
980086,156072,Chapter,"{""sub_institute_id"":""1"",""standard_id"":""44"",""subject_id"":""3975"",""chId"":""5666"",""chapter_name"":""8. Gravitation""}",375329,Lesson,"{""sub_institute_id"":""1"",""lessonId"":""674"",""chapter_id"":""5666"",""subject_id"":""3975"",""standard_id"":""44""}"
980087,156062,Chapter,"{""sub_institute_id"":""1"",""standard_id"":""44"",""subject_id"":""3975"",""chId"":""5656"",""chapter_name"":""9. Mechanical Properties of Solids""}",375330,Lesson,"{""sub_institute_id"":""1"",""lessonId"":""675"",""chapter_id"":""5656"",""subject_id"":""3975"",""standard_id"":""44""}"
980088,156066,Chapter,"{""sub_institute_id"":""1"",""standard_id"":""44"",""subject_id"":""3975"",""chId"":""5660"",""chapter_name"":""10. Mechanical Properties of Fluids""}",375331,Lesson,"{""sub_institute_id"":""1"",""lessonId"":""676"",""chapter_id"":""5660"",""subject_id"":""3975"",""standard_id"":""44""}"
980089,156065,Chapter,"{""sub_institute_id"":""1"",""standard_id"":""44"",""subject_id"":""3975"",""chId"":""5659"",""chapter_name"":""11. Thermal Properties of Matter""}",375332,Lesson,"{""sub_institute_id"":""1"",""lessonId"":""677"",""chapter_id"":""5659"",""subject_id"":""3975"",""standard_id"":""44""}"
980090,156060,Chapter,"{""sub_institute_id"":""1"",""standard_id"":""44"",""subject_id"":""3975"",""chId"":""5654"",""chapter_name"":""12. Thermodynamics""}",375333,Lesson,"{""sub_institute_id"":""1"",""lessonId"":""678"",""chapter_id"":""5654"",""subject_id"":""3975"",""standard_id"":""44""}"
980091,156061,Chapter,"{""sub_institute_id"":""1"",""standard_id"":""44"",""subject_id"":""3975"",""chId"":""5655"",""chapter_name"":""13. Kinetic theory""}",375334,Lesson,"{""sub_institute_id"":""1"",""lessonId"":""679"",""chapter_id"":""5655"",""subject_id"":""3975"",""standard_id"":""44""}"
980092,156063,Chapter,"{""sub_institute_id"":""1"",""standard_id"":""44"",""subject_id"":""3975"",""chId"":""5657"",""chapter_name"":""14. Oscillations""}",375335,Lesson,"{""sub_institute_id"":""1"",""lessonId"":""680"",""chapter_id"":""5657"",""subject_id"":""3975"",""standard_id"":""44""}"
980093,156064,Chapter,"{""sub_institute_id"":""1"",""standard_id"":""44"",""subject_id"":""3975"",""chId"":""5658"",""chapter_name"":""15. Waves""}",375336,Lesson,"{""sub_institute_id"":""1"",""lessonId"":""681"",""chapter_id"":""5658"",""subject_id"":""3975"",""standard_id"":""44""}"
980094,156370,Chapter,"{""sub_institute_id"":""1"",""standard_id"":""45"",""subject_id"":""4482"",""chId"":""5965"",""chapter_name"":""1. Accounting for Share Capital""}",375337,Lesson,"{""sub_institute_id"":""1"",""lessonId"":""682"",""chapter_id"":""5965"",""subject_id"":""4482"",""standard_id"":""45""}"
980095,156376,Chapter,"{""sub_institute_id"":""1"",""standard_id"":""45"",""subject_id"":""4482"",""chId"":""5971"",""chapter_name"":""1. Accounting for Not-for-profit Organization""}",375338,Lesson,"{""sub_institute_id"":""1"",""lessonId"":""683"",""chapter_id"":""5971"",""subject_id"":""4482"",""standard_id"":""45""}"
980096,156369,Chapter,"{""sub_institute_id"":""1"",""standard_id"":""45"",""subject_id"":""4482"",""chId"":""5964"",""chapter_name"":""2. Issue and Redemption of Debentures""}",375339,Lesson,"{""sub_institute_id"":""1"",""lessonId"":""684"",""chapter_id"":""5964"",""subject_id"":""4482"",""standard_id"":""45""}"
980097,156375,Chapter,"{""sub_institute_id"":""1"",""standard_id"":""45"",""subject_id"":""4482"",""chId"":""5970"",""chapter_name"":""2. Accounting for Partnership Basic Concept""}",375340,Lesson,"{""sub_institute_id"":""1"",""lessonId"":""685"",""chapter_id"":""5970"",""subject_id"":""4482"",""standard_id"":""45""}"
980098,156366,Chapter,"{""sub_institute_id"":""1"",""standard_id"":""45"",""subject_id"":""4482"",""chId"":""5961"",""chapter_name"":""3-4. Financial Statements of a Company and Analysis""}",375341,Lesson,"{""sub_institute_id"":""1"",""lessonId"":""686"",""chapter_id"":""5961"",""subject_id"":""4482"",""standard_id"":""45""}"
980099,156374,Chapter,"{""sub_institute_id"":""1"",""standard_id"":""45"",""subject_id"":""4482"",""chId"":""5969"",""chapter_name"":""3. Reconstitution of a Partnership firm - Admission of a Partner""}",375342,Lesson,"{""sub_institute_id"":""1"",""lessonId"":""687"",""chapter_id"":""5969"",""subject_id"":""4482"",""standard_id"":""45""}"
980100,156372,Chapter,"{""sub_institute_id"":""1"",""standard_id"":""45"",""subject_id"":""4482"",""chId"":""5967"",""chapter_name"":""4b. Death of Partner""}",375343,Lesson,"{""sub_institute_id"":""1"",""lessonId"":""688"",""chapter_id"":""5967"",""subject_id"":""4482"",""standard_id"":""45""}"
980101,156373,Chapter,"{""sub_institute_id"":""1"",""standard_id"":""45"",""subject_id"":""4482"",""chId"":""5968"",""chapter_name"":""4a. Reconstitution of a Partnership firm - Retirement of a Partner""}",375344,Lesson,"{""sub_institute_id"":""1"",""lessonId"":""689"",""chapter_id"":""5968"",""subject_id"":""4482"",""standard_id"":""45""}"
980102,156368,Chapter,"{""sub_institute_id"":""1"",""standard_id"":""45"",""subject_id"":""4482"",""chId"":""5963"",""chapter_name"":""5. Accounting Ratio""}",375345,Lesson,"{""sub_institute_id"":""1"",""lessonId"":""690"",""chapter_id"":""5963"",""subject_id"":""4482"",""standard_id"":""45""}"
980103,156371,Chapter,"{""sub_institute_id"":""1"",""standard_id"":""45"",""subject_id"":""4482"",""chId"":""5966"",""chapter_name"":""5. Dissolution of Partner""}",375346,Lesson,"{""sub_institute_id"":""1"",""lessonId"":""691"",""chapter_id"":""5966"",""subject_id"":""4482"",""standard_id"":""45""}"
980104,156367,Chapter,"{""sub_institute_id"":""1"",""standard_id"":""45"",""subject_id"":""4482"",""chId"":""5962"",""chapter_name"":""6. Cash Flow Statement""}",375347,Lesson,"{""sub_institute_id"":""1"",""lessonId"":""692"",""chapter_id"":""5962"",""subject_id"":""4482"",""standard_id"":""45""}"
980105,156509,Chapter,"{""sub_institute_id"":""1"",""standard_id"":""45"",""subject_id"":""4119"",""chId"":""6120"",""chapter_name"":""CHAPTER 1. SOLID STATE""}",375348,Lesson,"{""sub_institute_id"":""1"",""lessonId"":""693"",""chapter_id"":""6120"",""subject_id"":""4119"",""standard_id"":""45""}"
980106,156510,Chapter,"{""sub_institute_id"":""1"",""standard_id"":""45"",""subject_id"":""4119"",""chId"":""6121"",""chapter_name"":""CHAPTER 2. SOLUTIONS""}",375349,Lesson,"{""sub_institute_id"":""1"",""lessonId"":""694"",""chapter_id"":""6121"",""subject_id"":""4119"",""standard_id"":""45""}"
980107,156511,Chapter,"{""sub_institute_id"":""1"",""standard_id"":""45"",""subject_id"":""4119"",""chId"":""6122"",""chapter_name"":""CHAPTER 3. ELECTRO CHEMISTRY""}",375350,Lesson,"{""sub_institute_id"":""1"",""lessonId"":""695"",""chapter_id"":""6122"",""subject_id"":""4119"",""standard_id"":""45""}"
980108,156512,Chapter,"{""sub_institute_id"":""1"",""standard_id"":""45"",""subject_id"":""4119"",""chId"":""6123"",""chapter_name"":""CHAPTER 4. CHEMICAL KINETICS""}",375351,Lesson,"{""sub_institute_id"":""1"",""lessonId"":""696"",""chapter_id"":""6123"",""subject_id"":""4119"",""standard_id"":""45""}"
980109,156513,Chapter,"{""sub_institute_id"":""1"",""standard_id"":""45"",""subject_id"":""4119"",""chId"":""6124"",""chapter_name"":""CHAPTER 5. SURFACE CHEMISTRY""}",375352,Lesson,"{""sub_institute_id"":""1"",""lessonId"":""697"",""chapter_id"":""6124"",""subject_id"":""4119"",""standard_id"":""45""}"
980110,156514,Chapter,"{""sub_institute_id"":""1"",""standard_id"":""45"",""subject_id"":""4119"",""chId"":""6125"",""chapter_name"":""CHAPTER 6. GENERAL PRINCIPLES OF EXTRACTION""}",375353,Lesson,"{""sub_institute_id"":""1"",""lessonId"":""698"",""chapter_id"":""6125"",""subject_id"":""4119"",""standard_id"":""45""}"
980111,156515,Chapter,"{""sub_institute_id"":""1"",""standard_id"":""45"",""subject_id"":""4119"",""chId"":""6126"",""chapter_name"":""CHAPTER 7. P BLOCK ELEMENTS""}",375354,Lesson,"{""sub_institute_id"":""1"",""lessonId"":""699"",""chapter_id"":""6126"",""subject_id"":""4119"",""standard_id"":""45""}"
980112,156516,Chapter,"{""sub_institute_id"":""1"",""standard_id"":""45"",""subject_id"":""4119"",""chId"":""6127"",""chapter_name"":""CHAPTER 8. D & F BLOCK ELEMENTS""}",375355,Lesson,"{""sub_institute_id"":""1"",""lessonId"":""700"",""chapter_id"":""6127"",""subject_id"":""4119"",""standard_id"":""45""}"
980113,156517,Chapter,"{""sub_institute_id"":""1"",""standard_id"":""45"",""subject_id"":""4119"",""chId"":""6128"",""chapter_name"":""CHAPTER 9. COORDINATION COMPOUNDS""}",375356,Lesson,"{""sub_institute_id"":""1"",""lessonId"":""701"",""chapter_id"":""6128"",""subject_id"":""4119"",""standard_id"":""45""}"
980114,156518,Chapter,"{""sub_institute_id"":""1"",""standard_id"":""45"",""subject_id"":""4119"",""chId"":""6129"",""chapter_name"":""CHAPTER 10. HALOALKANES _ HALOARENES""}",375357,Lesson,"{""sub_institute_id"":""1"",""lessonId"":""702"",""chapter_id"":""6129"",""subject_id"":""4119"",""standard_id"":""45""}"
980115,156519,Chapter,"{""sub_institute_id"":""1"",""standard_id"":""45"",""subject_id"":""4119"",""chId"":""6130"",""chapter_name"":""CHAPTER 11. ALCOHOLS PHENOLS _ ETHERS""}",375358,Lesson,"{""sub_institute_id"":""1"",""lessonId"":""703"",""chapter_id"":""6130"",""subject_id"":""4119"",""standard_id"":""45""}"
980116,156520,Chapter,"{""sub_institute_id"":""1"",""standard_id"":""45"",""subject_id"":""4119"",""chId"":""6131"",""chapter_name"":""CHAPTER 12. ALDEHYDES, KETONES AND CARBOXYLIC ACIDS""}",375359,Lesson,"{""sub_institute_id"":""1"",""lessonId"":""704"",""chapter_id"":""6131"",""subject_id"":""4119"",""standard_id"":""45""}"
980117,156521,Chapter,"{""sub_institute_id"":""1"",""standard_id"":""45"",""subject_id"":""4119"",""chId"":""6132"",""chapter_name"":""CHAPTER 13. AMINES""}",375360,Lesson,"{""sub_institute_id"":""1"",""lessonId"":""705"",""chapter_id"":""6132"",""subject_id"":""4119"",""standard_id"":""45""}"
980118,156522,Chapter,"{""sub_institute_id"":""1"",""standard_id"":""45"",""subject_id"":""4119"",""chId"":""6133"",""chapter_name"":""CHAPTER 14. BIOMOLECULES""}",375361,Lesson,"{""sub_institute_id"":""1"",""lessonId"":""706"",""chapter_id"":""6133"",""subject_id"":""4119"",""standard_id"":""45""}"
980119,156523,Chapter,"{""sub_institute_id"":""1"",""standard_id"":""45"",""subject_id"":""4119"",""chId"":""6134"",""chapter_name"":""CHAPTER 15. POLYMERS""}",375362,Lesson,"{""sub_institute_id"":""1"",""lessonId"":""707"",""chapter_id"":""6134"",""subject_id"":""4119"",""standard_id"":""45""}"
980120,156524,Chapter,"{""sub_institute_id"":""1"",""standard_id"":""45"",""subject_id"":""4119"",""chId"":""6135"",""chapter_name"":""CHAPTER 16. CHEMISTRY IN EVERY DAY LIFE""}",375363,Lesson,"{""sub_institute_id"":""1"",""lessonId"":""708"",""chapter_id"":""6135"",""subject_id"":""4119"",""standard_id"":""45""}"
980121,156337,Chapter,"{""sub_institute_id"":""1"",""standard_id"":""45"",""subject_id"":""4046"",""chId"":""5932"",""chapter_name"":""CHAPTER 1 (Python Revision Tour)""}",375364,Lesson,"{""sub_institute_id"":""1"",""lessonId"":""709"",""chapter_id"":""5932"",""subject_id"":""4046"",""standard_id"":""45""}"
980122,156525,Chapter,"{""sub_institute_id"":""1"",""standard_id"":""45"",""subject_id"":""4046"",""chId"":""6136"",""chapter_name"":""CHAPTER 2 (Functions)""}",375365,Lesson,"{""sub_institute_id"":""1"",""lessonId"":""710"",""chapter_id"":""6136"",""subject_id"":""4046"",""standard_id"":""45""}"
980123,156336,Chapter,"{""sub_institute_id"":""1"",""standard_id"":""45"",""subject_id"":""4046"",""chId"":""5931"",""chapter_name"":""CHAPTER 4 USING PYTHON LIBRARIES""}",375366,Lesson,"{""sub_institute_id"":""1"",""lessonId"":""711"",""chapter_id"":""5931"",""subject_id"":""4046"",""standard_id"":""45""}"
980124,156335,Chapter,"{""sub_institute_id"":""1"",""standard_id"":""45"",""subject_id"":""4046"",""chId"":""5930"",""chapter_name"":""CHAPTER 5 (FILE HANDLING)""}",375367,Lesson,"{""sub_institute_id"":""1"",""lessonId"":""712"",""chapter_id"":""5930"",""subject_id"":""4046"",""standard_id"":""45""}"
980125,156526,Chapter,"{""sub_institute_id"":""1"",""standard_id"":""45"",""subject_id"":""4046"",""chId"":""6137"",""chapter_name"":""CHAPTER 6_7 Recursion_and _Algorithm_Efficiency""}",375368,Lesson,"{""sub_institute_id"":""1"",""lessonId"":""713"",""chapter_id"":""6137"",""subject_id"":""4046"",""standard_id"":""45""}"
980126,156527,Chapter,"{""sub_institute_id"":""1"",""standard_id"":""45"",""subject_id"":""4046"",""chId"":""6138"",""chapter_name"":""COMPUTER NETWORKING""}",375369,Lesson,"{""sub_institute_id"":""1"",""lessonId"":""714"",""chapter_id"":""6138"",""subject_id"":""4046"",""standard_id"":""45""}"
980127,156528,Chapter,"{""sub_institute_id"":""1"",""standard_id"":""45"",""subject_id"":""4046"",""chId"":""6139"",""chapter_name"":""DATA BASE MANAGEMENT""}",375370,Lesson,"{""sub_institute_id"":""1"",""lessonId"":""715"",""chapter_id"":""6139"",""subject_id"":""4046"",""standard_id"":""45""}"
980128,156334,Chapter,"{""sub_institute_id"":""1"",""standard_id"":""45"",""subject_id"":""4046"",""chId"":""5929"",""chapter_name"":""CHAPTER 8_9 (DATA STRUCTURE-STACK_QUEUE)""}",375371,Lesson,"{""sub_institute_id"":""1"",""lessonId"":""716"",""chapter_id"":""5929"",""subject_id"":""4046"",""standard_id"":""45""}"
980129,156317,Chapter,"{""sub_institute_id"":""1"",""standard_id"":""45"",""subject_id"":""4481"",""chId"":""5912"",""chapter_name"":""B-I Unit-1 Human Geography""}",375372,Lesson,"{""sub_institute_id"":""1"",""lessonId"":""717"",""chapter_id"":""5912"",""subject_id"":""4481"",""standard_id"":""45""}"
980130,156316,Chapter,"{""sub_institute_id"":""1"",""standard_id"":""45"",""subject_id"":""4481"",""chId"":""5911"",""chapter_name"":""B-I Unit-2 People""}",375373,Lesson,"{""sub_institute_id"":""1"",""lessonId"":""718"",""chapter_id"":""5911"",""subject_id"":""4481"",""standard_id"":""45""}"
980131,156318,Chapter,"{""sub_institute_id"":""1"",""standard_id"":""45"",""subject_id"":""4481"",""chId"":""5913"",""chapter_name"":""B-I Unit-3 Human Activity""}",375374,Lesson,"{""sub_institute_id"":""1"",""lessonId"":""719"",""chapter_id"":""5913"",""subject_id"":""4481"",""standard_id"":""45""}"
980132,156315,Chapter,"{""sub_institute_id"":""1"",""standard_id"":""45"",""subject_id"":""4481"",""chId"":""5910"",""chapter_name"":""B-I Unit-4 Human Settlements""}",375375,Lesson,"{""sub_institute_id"":""1"",""lessonId"":""720"",""chapter_id"":""5910"",""subject_id"":""4481"",""standard_id"":""45""}"
980133,156314,Chapter,"{""sub_institute_id"":""1"",""standard_id"":""45"",""subject_id"":""4481"",""chId"":""5909"",""chapter_name"":""B-II Unit-1 People""}",375376,Lesson,"{""sub_institute_id"":""1"",""lessonId"":""721"",""chapter_id"":""5909"",""subject_id"":""4481"",""standard_id"":""45""}"
980134,156311,Chapter,"{""sub_institute_id"":""1"",""standard_id"":""45"",""subject_id"":""4481"",""chId"":""5906"",""chapter_name"":""B-II Unit-2 Human Settlements""}",375377,Lesson,"{""sub_institute_id"":""1"",""lessonId"":""722"",""chapter_id"":""5906"",""subject_id"":""4481"",""standard_id"":""45""}"
980135,156313,Chapter,"{""sub_institute_id"":""1"",""standard_id"":""45"",""subject_id"":""4481"",""chId"":""5908"",""chapter_name"":""B-II Unit-3 Resources _ Development""}",375378,Lesson,"{""sub_institute_id"":""1"",""lessonId"":""723"",""chapter_id"":""5908"",""subject_id"":""4481"",""standard_id"":""45""}"
980136,156312,Chapter,"{""sub_institute_id"":""1"",""standard_id"":""45"",""subject_id"":""4481"",""chId"":""5907"",""chapter_name"":""B-II Unit-4 Geographical Perspectives on Selected Issues and Problems""}",375379,Lesson,"{""sub_institute_id"":""1"",""lessonId"":""724"",""chapter_id"":""5907"",""subject_id"":""4481"",""standard_id"":""45""}"
980137,156240,Chapter,"{""sub_institute_id"":""1"",""standard_id"":""45"",""subject_id"":""3976"",""chId"":""5835"",""chapter_name"":""Chapter 1_Relations and Functions""}",375380,Lesson,"{""sub_institute_id"":""1"",""lessonId"":""725"",""chapter_id"":""5835"",""subject_id"":""3976"",""standard_id"":""45""}"
980138,156239,Chapter,"{""sub_institute_id"":""1"",""standard_id"":""45"",""subject_id"":""3976"",""chId"":""5834"",""chapter_name"":""Chapter 2_Inverse Tigonometric Functions""}",375381,Lesson,"{""sub_institute_id"":""1"",""lessonId"":""726"",""chapter_id"":""5834"",""subject_id"":""3976"",""standard_id"":""45""}"
980139,156238,Chapter,"{""sub_institute_id"":""1"",""standard_id"":""45"",""subject_id"":""3976"",""chId"":""5833"",""chapter_name"":""Chapter 3_Matrices""}",375382,Lesson,"{""sub_institute_id"":""1"",""lessonId"":""727"",""chapter_id"":""5833"",""subject_id"":""3976"",""standard_id"":""45""}"
980140,156237,Chapter,"{""sub_institute_id"":""1"",""standard_id"":""45"",""subject_id"":""3976"",""chId"":""5832"",""chapter_name"":""Chapter 4_Determinants""}",375383,Lesson,"{""sub_institute_id"":""1"",""lessonId"":""728"",""chapter_id"":""5832"",""subject_id"":""3976"",""standard_id"":""45""}"
980141,156236,Chapter,"{""sub_institute_id"":""1"",""standard_id"":""45"",""subject_id"":""3976"",""chId"":""5831"",""chapter_name"":""Chapter 5-CONTINUITY AND DIFFERENTIABILITY""}",375384,Lesson,"{""sub_institute_id"":""1"",""lessonId"":""729"",""chapter_id"":""5831"",""subject_id"":""3976"",""standard_id"":""45""}"
980142,156235,Chapter,"{""sub_institute_id"":""1"",""standard_id"":""45"",""subject_id"":""3976"",""chId"":""5830"",""chapter_name"":""Chapter 6 - APPLICATION OF DERIVATIVES""}",375385,Lesson,"{""sub_institute_id"":""1"",""lessonId"":""730"",""chapter_id"":""5830"",""subject_id"":""3976"",""standard_id"":""45""}"
980143,156245,Chapter,"{""sub_institute_id"":""1"",""standard_id"":""45"",""subject_id"":""3976"",""chId"":""5840"",""chapter_name"":""Chapter 7 - INTEGRALS""}",375386,Lesson,"{""sub_institute_id"":""1"",""lessonId"":""731"",""chapter_id"":""5840"",""subject_id"":""3976"",""standard_id"":""45""}"
980144,156244,Chapter,"{""sub_institute_id"":""1"",""standard_id"":""45"",""subject_id"":""3976"",""chId"":""5839"",""chapter_name"":""Chapter 8_Application of Integrals""}",375387,Lesson,"{""sub_institute_id"":""1"",""lessonId"":""732"",""chapter_id"":""5839"",""subject_id"":""3976"",""standard_id"":""45""}"
980145,156243,Chapter,"{""sub_institute_id"":""1"",""standard_id"":""45"",""subject_id"":""3976"",""chId"":""5838"",""chapter_name"":""Chapter 9 - DIFFERENTIAL EQUATIONS CLASS12""}",375388,Lesson,"{""sub_institute_id"":""1"",""lessonId"":""733"",""chapter_id"":""5838"",""subject_id"":""3976"",""standard_id"":""45""}"
980146,156242,Chapter,"{""sub_institute_id"":""1"",""standard_id"":""45"",""subject_id"":""3976"",""chId"":""5837"",""chapter_name"":""Chapter 10 Vector Algebra""}",375389,Lesson,"{""sub_institute_id"":""1"",""lessonId"":""734"",""chapter_id"":""5837"",""subject_id"":""3976"",""standard_id"":""45""}"
980147,156241,Chapter,"{""sub_institute_id"":""1"",""standard_id"":""45"",""subject_id"":""3976"",""chId"":""5836"",""chapter_name"":""Chapter 11 Three Dimensional Geometry""}",375390,Lesson,"{""sub_institute_id"":""1"",""lessonId"":""735"",""chapter_id"":""5836"",""subject_id"":""3976"",""standard_id"":""45""}"
980148,156234,Chapter,"{""sub_institute_id"":""1"",""standard_id"":""45"",""subject_id"":""3975"",""chId"":""5829"",""chapter_name"":""1.Electric Charges and Fields""}",375391,Lesson,"{""sub_institute_id"":""1"",""lessonId"":""736"",""chapter_id"":""5829"",""subject_id"":""3975"",""standard_id"":""45""}"
980149,156227,Chapter,"{""sub_institute_id"":""1"",""standard_id"":""45"",""subject_id"":""3975"",""chId"":""5822"",""chapter_name"":""2.Electrostatic potential and capacitance""}",375392,Lesson,"{""sub_institute_id"":""1"",""lessonId"":""737"",""chapter_id"":""5822"",""subject_id"":""3975"",""standard_id"":""45""}"
980150,156233,Chapter,"{""sub_institute_id"":""1"",""standard_id"":""45"",""subject_id"":""3975"",""chId"":""5828"",""chapter_name"":""3.Current electricity""}",375393,Lesson,"{""sub_institute_id"":""1"",""lessonId"":""738"",""chapter_id"":""5828"",""subject_id"":""3975"",""standard_id"":""45""}"
980151,156232,Chapter,"{""sub_institute_id"":""1"",""standard_id"":""45"",""subject_id"":""3975"",""chId"":""5827"",""chapter_name"":""4.Moving Charges And Magnetism""}",375394,Lesson,"{""sub_institute_id"":""1"",""lessonId"":""739"",""chapter_id"":""5827"",""subject_id"":""3975"",""standard_id"":""45""}"
980152,156231,Chapter,"{""sub_institute_id"":""1"",""standard_id"":""45"",""subject_id"":""3975"",""chId"":""5826"",""chapter_name"":""5.Magnetism and Matter""}",375395,Lesson,"{""sub_institute_id"":""1"",""lessonId"":""740"",""chapter_id"":""5826"",""subject_id"":""3975"",""standard_id"":""45""}"
980153,156230,Chapter,"{""sub_institute_id"":""1"",""standard_id"":""45"",""subject_id"":""3975"",""chId"":""5825"",""chapter_name"":""6.Electromagnetic Induction""}",375396,Lesson,"{""sub_institute_id"":""1"",""lessonId"":""741"",""chapter_id"":""5825"",""subject_id"":""3975"",""standard_id"":""45""}"
980154,156229,Chapter,"{""sub_institute_id"":""1"",""standard_id"":""45"",""subject_id"":""3975"",""chId"":""5824"",""chapter_name"":""7.AC CIRCUITS""}",375397,Lesson,"{""sub_institute_id"":""1"",""lessonId"":""742"",""chapter_id"":""5824"",""subject_id"":""3975"",""standard_id"":""45""}"
980155,156228,Chapter,"{""sub_institute_id"":""1"",""standard_id"":""45"",""subject_id"":""3975"",""chId"":""5823"",""chapter_name"":""8.E M Wave""}",375398,Lesson,"{""sub_institute_id"":""1"",""lessonId"":""743"",""chapter_id"":""5823"",""subject_id"":""3975"",""standard_id"":""45""}"
980156,156221,Chapter,"{""sub_institute_id"":""1"",""standard_id"":""45"",""subject_id"":""3975"",""chId"":""5816"",""chapter_name"":""9.Ray optics and Optical instruments""}",375399,Lesson,"{""sub_institute_id"":""1"",""lessonId"":""744"",""chapter_id"":""5816"",""subject_id"":""3975"",""standard_id"":""45""}"
980157,156226,Chapter,"{""sub_institute_id"":""1"",""standard_id"":""45"",""subject_id"":""3975"",""chId"":""5821"",""chapter_name"":""10.Wave Optics""}",375400,Lesson,"{""sub_institute_id"":""1"",""lessonId"":""745"",""chapter_id"":""5821"",""subject_id"":""3975"",""standard_id"":""45""}"
980158,156225,Chapter,"{""sub_institute_id"":""1"",""standard_id"":""45"",""subject_id"":""3975"",""chId"":""5820"",""chapter_name"":""11.Dual Nature of radiation and matter""}",375401,Lesson,"{""sub_institute_id"":""1"",""lessonId"":""746"",""chapter_id"":""5820"",""subject_id"":""3975"",""standard_id"":""45""}"
980159,156224,Chapter,"{""sub_institute_id"":""1"",""standard_id"":""45"",""subject_id"":""3975"",""chId"":""5819"",""chapter_name"":""12.Atoms""}",375402,Lesson,"{""sub_institute_id"":""1"",""lessonId"":""747"",""chapter_id"":""5819"",""subject_id"":""3975"",""standard_id"":""45""}"
980160,156223,Chapter,"{""sub_institute_id"":""1"",""standard_id"":""45"",""subject_id"":""3975"",""chId"":""5818"",""chapter_name"":""13.Nuclei""}",375403,Lesson,"{""sub_institute_id"":""1"",""lessonId"":""748"",""chapter_id"":""5818"",""subject_id"":""3975"",""standard_id"":""45""}"
980161,156222,Chapter,"{""sub_institute_id"":""1"",""standard_id"":""45"",""subject_id"":""3975"",""chId"":""5817"",""chapter_name"":""14.Semiconductor Electronics""}",375404,Lesson,"{""sub_institute_id"":""1"",""lessonId"":""749"",""chapter_id"":""5817"",""subject_id"":""3975"",""standard_id"":""45""}"
980162,155321,Chapter,"{""sub_institute_id"":""1"",""standard_id"":""42"",""subject_id"":""3977"",""chId"":""917"",""chapter_name"":""Chapter 1 Do Bailon ki Katha""}",375424,Lesson,"{""sub_institute_id"":""1"",""lessonId"":""772"",""chapter_id"":""917"",""subject_id"":""3977"",""standard_id"":""42""}"
980163,155262,Chapter,"{""sub_institute_id"":""1"",""standard_id"":""38"",""subject_id"":""3976"",""chId"":""855"",""chapter_name"":""The Fish Tale""}",375425,Lesson,"{""sub_institute_id"":""1"",""lessonId"":""1798"",""chapter_id"":""855"",""subject_id"":""3976"",""standard_id"":""38""}"
980164,155263,Chapter,"{""sub_institute_id"":""1"",""standard_id"":""38"",""subject_id"":""3976"",""chId"":""856"",""chapter_name"":""Shapes and Angles""}",375426,Lesson,"{""sub_institute_id"":""1"",""lessonId"":""1799"",""chapter_id"":""856"",""subject_id"":""3976"",""standard_id"":""38""}"
980165,155058,Chapter,"{""sub_institute_id"":""1"",""standard_id"":""34"",""subject_id"":""3976"",""chId"":""641"",""chapter_name"":""Shapes and Space""}",375427,Lesson,"{""sub_institute_id"":""1"",""lessonId"":""1870"",""chapter_id"":""641"",""subject_id"":""3976"",""standard_id"":""34""}"
996747,373962,Chapter,"{""sub_institute_id"":""1"",""standard_id"":""42"",""subject_id"":""3976"",""chId"":""8560"",""chapter_name"":""Number System"",""unit_id"":""1""}",375428,Lesson,"{""sub_institute_id"":""1"",""lessonId"":""1874"",""chapter_id"":""8560"",""subject_id"":""3976"",""standard_id"":""42"",""teacher_id"":""7028""}"
996748,373962,Chapter,"{""sub_institute_id"":""1"",""standard_id"":""42"",""subject_id"":""3976"",""chId"":""8560"",""chapter_name"":""Number System"",""unit_id"":""1""}",375429,Lesson,"{""sub_institute_id"":""1"",""lessonId"":""1875"",""chapter_id"":""8560"",""subject_id"":""3976"",""standard_id"":""42"",""teacher_id"":""7028"",""lesson_title"":""test""}"
