"Title","Edition","ISBN","Publisher Name","Publishing Year","Serial Title","Call Number","Language","publishing place","Classification","Notes","Image","File Attach",,"Subject","Item Start value","Specific Detail Info","Copies","Price","label","Supplier","Subtitle","Keyword","Book review","Standards","Frequency"
"I Can Read Series (Snow White) Level - 1",,"978-81-8499-893-1","SHREE",,,,,,"823/GOO",,,,"GOOL.VAN;Author","STORY",,,,85,,"BULSAR BOOK STORE",,,,"STORY",
"I Can Read Series (Puss in Boots) Level - 1",,"978-81-8499-892-4","SHREE",,,,,,"823/GOO",,,,"GOOL.VAN;Author","STORY",,,,85,,"BULSAR BOOK STORE",,,,"STORY",
"I Can Read Series (Pincchio) Level - 1",,"978-81-8499-891-7","SHREE",,,,,,"823/GOO",,,,"GOOL.VAN;Author","STORY",,,,85,,"BULSAR BOOK STORE",,,,"STORY",
"I Can Read Series (The Hare and the Tortoise) Level - 1",,"978-81-8499-894-8","SHREE",,,,,,"823/GOO",,,,"GOOL.VAN;Author","STORY",,,,85,,"BULSAR BOOK STORE",,,,"STORY",
"I Can Read Series (The Jack and the Beanstalk) Level - 1",,"978-81-8499-885-6","SHREE",,,,,,"823/GOO",,,,"GOOL.VAN;Author","STORY",,,,85,,"BULSAR BOOK STORE",,,,"STORY",
"I Can Read Series (Little ReadRiding Hood) Level - 1",,"978-81-8499-888-7","SHREE",,,,,,"823/GOO",,,,"GOOL.VAN;Author","STORY",,,,85,,"BULSAR BOOK STORE",,,,"STORY",
"I Can Read Series (Beauty and the Beats) Level - 1",,"978-81-8499-882-5","SHREE",,,,,,"823/GOO",,,,"GOOL.VAN;Author","STORY",,,,85,,"BULSAR BOOK STORE",,,,"STORY",
"I Can Read Series (Blinky Bill) Level - 1",,"978-81-8499-883-2","SHREE",,,,,,"823/GOO",,,,"GOOL.VAN;Author","STORY",,,,85,,"BULSAR BOOK STORE",,,,"STORY",
"I Can Read Series (Peter and The Wolf) Level - 1",,"978-81-8499-889-4","SHREE",,,,,,"823/GOO",,,,"GOOL.VAN;Author","STORY",,,,85,,"BULSAR BOOK STORE",,,,"STORY",
"Bruno The Artist",,"978-81-7686-116-8","SHREE",,,,,,"823/BRU",,,,,"STORY",,,,40,,"BULSAR BOOK STORE",,,,"STORY",
"Bruno Put Your Toy Away",,"978-81-7686-113-7","SHREE",,,,,,"823/BRU",,,,,"STORY",,,,40,,"BULSAR BOOK STORE",,,,"STORY",
"Bruno Learn to Share",,"978-81-7686-114-4","SHREE",,,,,,"823/BRU",,,,,"STORY",,,,40,,"BULSAR BOOK STORE",,,,"STORY",
"Bruno Tell the Truth",,"978-81-7686-115-1","SHREE",,,,,,"823/BRU",,,,,"STORY",,,,40,,"BULSAR BOOK STORE",,,,"STORY",
"Bruno Get Lost",,"978-81-7686-117-5","SHREE",,,,,,"823/BRU",,,,,"STORY",,,,40,,"BULSAR BOOK STORE",,,,"STORY",
"Bruno Find Balls",,"978-81-7686-118-2","SHREE",,,,,,"823/BRU",,,,,"STORY",,,,40,,"BULSAR BOOK STORE",,,,"STORY",
"Pepper play with Fire",,"978-81-207-7442-7","SHREE",,,,,,"823/PEP",,,,,"STORY",,,,40,,"BULSAR BOOK STORE",,,,"STORY",
"Pepper Series - Clean His Room",,"978-81-207-7457-7","SHREE",,,,,,"823/PEP",,,,,"STORY",,,,40,,"BULSAR BOOK STORE",,,,"STORY",
"Pepper Series - Crosses the Road",,"978-81-207-7438-4","SHREE",,,,,,"823/PEP",,,,,"STORY",,,,40,,"BULSAR BOOK STORE",,,,"STORY",
"Pepper Series - Eats Green Vegetable",,"978-81-207-7440-7","SHREE",,,,,,"823/PEP",,,,,"STORY",,,,40,,"BULSAR BOOK STORE",,,,"STORY",
"Pepper Series - Is Selfish",,"978-81-207-7439-1","SHREE",,,,,,"823/PEP",,,,,"STORY",,,,40,,"BULSAR BOOK STORE",,,,"STORY",
"Pepper Series - Is Careless",,"978-81-207-7441-4","SHREE",,,,,,"823/PEP",,,,,"STORY",,,,40,,"BULSAR BOOK STORE",,,,"STORY",
"Pepper Series - Is Jealous",,"978-81-8499-535-0","SHREE",,,,,,"823/PEP",,,,,"STORY",,,,40,,"BULSAR BOOK STORE",,,,"STORY",
"Pepper Series - Learns Good Habits",,"978-81-8499-531-2","SHREE",,,,,,"823/PEP",,,,,"STORY",,,,40,,"BULSAR BOOK STORE",,,,"STORY",
"Pepper Series - Eat too much cake",,"978-81-84557-552-6","SHREE",,,,,,"823/PEP",,,,,"STORY",,,,40,,"BULSAR BOOK STORE",,,,"STORY",
"Pepper Series - Goes to School",,"978-81-8499-536-7","SHREE",,,,,,"823/PEP",,,,,"STORY",,,,40,,"BULSAR BOOK STORE",,,,"STORY",
"Pepper Learns Good Manners",,"978-81-8499-533-6","SHREE",,,,,,"823/PEP",,,,,"STORY",,,,40,,"BULSAR BOOK STORE",,,,"STORY",
"Pepper in the Dark",,"978-1-8455-673-8","SHREE",,,,,,"823/PEP",,,,,"STORY",,,,40,,"BULSAR BOOK STORE",,,,"STORY",
"Pepper Throws the Trantrum",,"978-1-84557-622-6","SHREE",,,,,,"823/PEP",,,,,"STORY",,,,40,,"BULSAR BOOK STORE",,,,"STORY",
"Pepper Strays Away",,"978-81-84557-553-3","SHREE",,,,,,"823/PEP",,,,,"STORY",,,,40,,"BULSAR BOOK STORE",,,,"STORY",
"Pepper Meet his new Neighbour",,"978-1-84557-678-9","SHREE",,,,,,"823/PEP",,,,,"STORY",,,,40,,"BULSAR BOOK STORE",,,,"STORY",
"Pepper Learn to take the Blame",,"978-1-84557-620-2","SHREE",,,,,,"823/PEP",,,,,"STORY",,,,40,,"BULSAR BOOK STORE",,,,"STORY",
"Pepper goes to the Doctort",,"978-1-84557-672-1","SHREE",,,,,,"823/PEP",,,,,"STORY",,,,40,,"BULSAR BOOK STORE",,,,"STORY",
"Pepper Learns to Keep Pomise",,"978-81-8499-534-3","SHREE",,,,,,"823/PEP",,,,,"STORY",,,,40,,"BULSAR BOOK STORE",,,,"STORY",
"Pepper and Mama's New Job",,"978-81-8499-532-9","SHREE",,,,,,"823/PEP",,,,,"STORY",,,,40,,"BULSAR BOOK STORE",,,,"STORY",
"Pepper gets a New Pet",,"978-81-84557-537-1","SHREE",,,,,,"823/PEP",,,,,"STORY",,,,40,,"BULSAR BOOK STORE",,,,"STORY",
"Pepper has a Fight ",,"978-81-84557-55-7","SHREE",,,,,,"823/PEP",,,,,"STORY",,,,40,,"BULSAR BOOK STORE",,,,"STORY",
"Pepper Wants too many Toys",,"978-81-84557-554-0","SHREE",,,,,,"823/PEP",,,,,"STORY",,,,40,,"BULSAR BOOK STORE",,,,"STORY",
"Pepper watch too much T.V.",,"978-1-84587-624-0","SHREE",,,,,,"823/PEP",,,,,"STORY",,,,40,,"BULSAR BOOK STORE",,,,"STORY",
"Pepper and The New Baby",,"978-1-84557-619-6","SHREE",,,,,,"823/PEP",,,,,"STORY",,,,40,,"BULSAR BOOK STORE",,,,"STORY",
"Pepper learns to take turns.",,"978-1-84557-623-3","SHREE",,,,,,"823/PEP",,,,,"STORY",,,,40,,"BULSAR BOOK STORE",,,,"STORY",
"Pepper at the table",,"978-1-84557-621-9","SHREE",,,,,,"823/PEP",,,,,"STORY",,,,40,,"BULSAR BOOK STORE",,,,"STORY",
"Bubbles is Honest",,"978-81-768-6025-3","SHREE",,,,,,"823/BUB",,,,,"STORY",,,,40,,"BULSAR BOOK STORE",,,,"STORY",
"Bubbles is Lost 2",,"978-81-768-6024-6","SHREE",,,,,,"823/BUB",,,,,"STORY",,,,40,,"BULSAR BOOK STORE",,,,"STORY",
"Bubbles is Careless 3",,"978-81-768-6023-9","SHREE",,,,,,"823/BUB",,,,,"STORY",,,,40,,"BULSAR BOOK STORE",,,,"STORY",
"Bubbles Owns Up 4",,"978-81-768-6022-2","SHREE",,,,,,"823/BUB",,,,,"STORY",,,,40,,"BULSAR BOOK STORE",,,,"STORY",
"Bubbles is Greedy 5",,"978-81-768-6021-5","SHREE",,,,,,"823/BUB",,,,,"STORY",,,,40,,"BULSAR BOOK STORE",,,,"STORY",
"Bubbles Finds A Red Ball 6",,"978-81-768-6020-8","SHREE",,,,,,"823/BUB",,,,,"STORY",,,,40,,"BULSAR BOOK STORE",,,,"STORY",
"Bubbles Goes To School 7",,"978-81-768-6099-4","SHREE",,,,,,"823/BUB",,,,,"STORY",,,,40,,"BULSAR BOOK STORE",,,,"STORY",
"Bubbles The Artist",,"978-81-768-6098-7","SHREE",,,,,,"823/BUB",,,,,"STORY",,,,40,,"BULSAR BOOK STORE",,,,"STORY",
"Bubbles Play with the Fire 9",,"978-81-768-6097-0","SHREE",,,,,,"823/BUB",,,,,"STORY",,,,40,,"BULSAR BOOK STORE",,,,"STORY",
"Bubbles Has a Toothache 10",,"978-81-768-6096-3","SHREE",,,,,,"823/BUB",,,,,"STORY",,,,40,,"BULSAR BOOK STORE",,,,"STORY",
"Bubbles the Litterbug 11",,"978-81-768-6095-6","SHREE",,,,,,"823/BUB",,,,,"STORY",,,,40,,"BULSAR BOOK STORE",,,,"STORY",
"Bubbles is Selfish 12",,"978-81-768-6094-9","SHREE",,,,,,"823/BUB",,,,,"STORY",,,,40,,"BULSAR BOOK STORE",,,,"STORY",
"I Can Read (The Elephant's Nose) Level-2",,"978-81-8499-887-0","SHREE",,,,,,"823/GOO",,,,"GOOL.VAN;Author","STORY",,,,85,,"BULSAR BOOK STORE",,,,"STORY",
"I Can Read (Aladdin) Level-2",,"978-81-8499-880-1","SHREE",,,,,,"823/GOO",,,,"GOOL.VAN;Author","STORY",,,,85,,"BULSAR BOOK STORE",,,,"STORY",
"I Can Read (The Little Pig) Level-2",,"978-81-8499-897-9","SHREE",,,,,,"823/GOO",,,,"GOOL.VAN;Author","STORY",,,,85,,"BULSAR BOOK STORE",,,,"STORY",
"I Can Read (The Ugly Duckling) Level-2",,"978-81-8499-896-2","SHREE",,,,,,"823/GOO",,,,"GOOL.VAN;Author","STORY",,,,85,,"BULSAR BOOK STORE",,,,"STORY",
"I Can Read (Bambi) Level-2",,"978-81-8499-881-8","SHREE",,,,,,"823/GOO",,,,"GOOL.VAN;Author","STORY",,,,85,,"BULSAR BOOK STORE",,,,"STORY",
"I Can Read (Goldilocks And The Three Bears) Level-2",,"978-81-8499-884-9","SHREE",,,,,,"823/GOO",,,,"GOOL.VAN;Author","STORY",,,,85,,"BULSAR BOOK STORE",,,,"STORY",
"I Can Read (Petter Pan) Level-2",,"978-81-8499-890-0","SHREE",,,,,,"823/GOO",,,,"GOOL.VAN;Author","STORY",,,,85,,"BULSAR BOOK STORE",,,,"STORY",
"I Can Read Jungle Book",,"978-81-8499-886-3","SHREE",,,,,,"823/GOO",,,,"GOOL.VAN;Author","STORY",,,,85,,"BULSAR BOOK STORE",,,,"STORY",
"I Can Read The Little Mermaid",,"978-81-8499-895-5","SHREE",,,,,,"823/GOO",,,,"GOOL.VAN;Author","STORY",,,,85,,"BULSAR BOOK STORE",,,,"STORY",
"Noddy Toy Town Friend :Sly",,"978-81-286-2252-6","(SHREE) Euro Kids",2009,,,,,"823/BLY",,,,"BLYTON.ENID;Author","STORY",,,,48,,"BULSAR BOOK STORE",,,,"STORY",
"Noddy Toy Town Friend :Big Ears",,"978-81-286-2252-6","(SHREE) Euro Kids",2009,,,,,"823/BLY",,,,"BLYTON.ENID;Author","STORY",,,,48,,"BULSAR BOOK STORE",,,,"STORY",
"Noddy Toy Town Friend :Clock Work Mouse",,"978-81-286-2259-5","(SHREE) Euro Kids",2009,,,,,"823/BLY",,,,"BLYTON.ENID;Author","STORY",,,,48,,"BULSAR BOOK STORE",,,,"STORY",
"Noddy Toy Town Friend :Martha Monkey",,"978-81-286-2256-4","(SHREE) Euro Kids",2009,,,,,"823/BLY",,,,"BLYTON.ENID;Author","STORY",,,,48,,"BULSAR BOOK STORE",,,,"STORY",
"Noddy Toy Town Friend :Mr. Jumbo",,"978-81-286-2257-1","(SHREE) Euro Kids",2009,,,,,"823/BLY",,,,"BLYTON.ENID;Author","STORY",,,,48,,"BULSAR BOOK STORE",,,,"STORY",
"Noddy Toy Town Friend :The Skittle Family",,"978-81-286-2253-3","(SHREE) Euro Kids",2009,,,,,"823/BLY",,,,"BLYTON.ENID;Author","STORY",,,,48,,"BULSAR BOOK STORE",,,,"STORY",
"Noddy Toy Town Friend :Dinah Doll",,"978-81-286-2254-0","(SHREE) Euro Kids",2009,,,,,"823/BLY",,,,"BLYTON.ENID;Author","STORY",,,,48,,"BULSAR BOOK STORE",,,,"STORY",
"Noddy Toy Town Friend :Tessie Bear",,"978-81-286-2258-8","(SHREE) Euro Kids",2009,,,,,"823/BLY",,,,"BLYTON.ENID;Author","STORY",,,,48,,"BULSAR BOOK STORE",,,,"STORY",
"Animal Moral Stories Frisky And Slobby ",,"978-81-8499-570-1","SHREE",2009,,,,,"823/ANI",,,,,"STORY",,,,35,,"BULSAR BOOK STORE",,,,"STORY",
"Animal Moral Story Jim And His Friends ",,"978-81-8499-569-5","SHREE",2009,,,,,"823/ANI",,,,,"STORY",,,,35,,"BULSAR BOOK STORE",,,,"STORY",
"Animal Moral Story Nycl And Nasti ",,"978-81-8499-571-8","SHREE",2009,,,,,"823/ANI",,,,,"STORY",,,,35,,"BULSAR BOOK STORE",,,,"STORY",
"Animal Moral Story Monty And The Thevies ",,"978-81-8499-573-2","SHREE",2009,,,,,"823/ANI",,,,,"STORY",,,,35,,"BULSAR BOOK STORE",,,,"STORY",
"Animal Moral Story Ralhh And The Time ",,"978-81-8499-568-8","SHREE",2009,,,,,"823/ANI",,,,,"STORY",,,,35,,"BULSAR BOOK STORE",,,,"STORY",
"Animal Moral Story (Large Print) Percy And His Pranks ",,"978-81-8499-575-6","SHREE",,,,,,"823/ANI",,,,,"STORY",,,,35,,"BULSAR BOOK STORE",,,,"STORY",
"Animal Moral Story (Large Print) Tru And Fib",,"978-81-8499-572-5","SHREE",,,,,,"823/ANI",,,,,"STORY",,,,35,,"BULSAR BOOK STORE",,,,"STORY",
"Animal Moral Story (Large Print) The Jackal And The Tiger",,"978-81-8499-574-9","SHREE",,,,,,"823/ANI",,,,,"STORY",,,,35,,"BULSAR BOOK STORE",,,,"STORY",
"Animal AdventureStory (Large Print) Jack And The Treasure",,"978-81-8499-560-2","SHREE",,,,,,"823/ANI",,,,,"STORY",,,,35,,"BULSAR BOOK STORE",,,,"STORY",
"Animal Adventure Story Fret And Polly",,"978-81-8499-565-7","SHREE",,,,,,"823/ANI",,,,,"STORY",,,,35,,"BULSAR BOOK STORE",,,,"STORY",
"Animal AdventureStory Sue, Hayden And Raft ",,"978-81-8499-562-6","SHREE",,,,,,"823/ANI",,,,,"STORY",,,,35,,"BULSAR BOOK STORE",,,,"STORY",
"Animal Adventure Story Wooly And The Magic Classes",,"978-81-8499-567-1","SHREE",,,,,,"823/ANI",,,,,"STORY",,,,35,,"BULSAR BOOK STORE",,,,"STORY",
"Animal Adventure Story Zender And The Glowing Toy",,"978-81-8499-563-3","SHREE",,,,,,"823/ANI",,,,,"STORY",,,,35,,"BULSAR BOOK STORE",,,,"STORY",
"AnimalAdventure Story Robble And Dean",,"978-81-8499-546-0","SHREE",,,,,,"823/ANI",,,,,"STORY",,,,35,,"BULSAR BOOK STORE",,,,"STORY",
"Animal Adventure Story Kathy And The Time Machine",,"978-81-8499-561-9","SHREE",,,,,,"823/ANI",,,,,"STORY",,,,35,,"BULSAR BOOK STORE",,,,"STORY",
"Animal Adventure Story Mike And The Bunny",,"978-81-8499-566-4","SHREE",,,,,,"823/ANI",,,,,"STORY",,,,35,,"BULSAR BOOK STORE",,,,"STORY",
"Character Builder Ted and The Bicycle",,"978-81-8499-582-4","SHREE",,,,,,"823/CHA",,,,,"STORY",,,,35,,"BULSAR BOOK STORE",,,,"STORY",
"Chararcter Builder Huber and The Thief",,"978-81-8499-579-4","SHREE",,,,,,"823/CHA",,,,,"STORY",,,,35,,"BULSAR BOOK STORE",,,,"STORY",
"Character Builder Sarah, Carl and Party",,"978-81-8499-577-0","SHREE",,,,,,"823/CHA",,,,,"STORY",,,,35,,"BULSAR BOOK STORE",,,,"STORY",
"Character Builder Thomo and Kyle",,"978-81-8499-583-1","SHREE",,,,,,"823/CHA",,,,,"STORY",,,,35,,"BULSAR BOOK STORE",,,,"STORY",
"Character Builder Stories Nosey and The Fox.",,"978-81-8499-581-7","SHREE",,,,,,"823/CHA",,,,,"STORY",,,,35,,"BULSAR BOOK STORE",,,,"STORY",
"Character Builder Nolan The Honey",,"978-81-8499-580-0","SHREE",,,,,,"823/CHA",,,,,"STORY",,,,35,,"BULSAR BOOK STORE",,,,"STORY",
"Character Builder Goran and His Adventure",,"978-81-8499-578-7","SHREE",,,,,,"823/CHA",,,,,"STORY",,,,35,,"BULSAR BOOK STORE",,,,"STORY",
"Panchatantra The Owl and TheSwan, The Snake and The Foolish Frogs",,"978-81-7963-443-1","SHREE",,,,,,"823/PAN",,,,,"STORY",,,,60,,"BULSAR BOOK STORE",,,,"STORY",
"Panchatantra The Fox and The Grapes, The Brahmin and his Foolish Son",,"978-81-7963-444-8","SHREE",,,,,,"823/PAN",,,,,"STORY",,,,60,,"BULSAR BOOK STORE",,,,"STORY",
"Panchatantra The Lion and The Woodcutter, The Crane and The Crab",,"978-81-7963-440-0","SHREE",,,,,,"823/PAN",,,,,"STORY",,,,60,,"BULSAR BOOK STORE",,,,"STORY",
"Panchatantra The Rabbit and The Lion, The Crows and The Serpent",,"978-81-9763-442-4","SHREE",,,,,,"823/PAN",,,,,"STORY",,,,60,,"BULSAR BOOK STORE",,,,"STORY",
"Panchatantra The Clever Monkey and The Crocodile, The Swan and The Turtle",,"978-81-7963-437-0","SHREE",,,,,,"823/PAN",,,,,"STORY",,,,60,,"BULSAR BOOK STORE",,,,"STORY",
"Panchatantra The Crow and The Jackal, The Barber and The Saint",,"978-81-7963-447-9","SHREE",,,,,,"823/PAN",,,,,"STORY",,,,60,,"BULSAR BOOK STORE",,,,"STORY",
"Panchatantra The Indigo Jackal, Thie Wise Frog",,"978-81-7963-438-7","SHREE",,,,,,"823/PAN",,,,,"STORY",,,,60,,"BULSAR BOOK STORE",,,,"STORY",
"Panchatantra The Four learned Brahmins, The Donkey who would Sing.",,"978-81-7963-436-3","SHREE",,,,,,"823/PAN",,,,,"STORY",,,,60,,"BULSAR BOOK STORE",,,,"STORY",
"Panchatantra The Faithful Mongoose, The Foolish Monkey",,"978-81-7963-441-7","SHREE",,,,,,"823/PAN",,,,,"STORY",,,,60,,"BULSAR BOOK STORE",,,,"STORY",
"Panchatantra The Lion and The Talking Den, The Jackal and The War Drum",,"978-81-7963-439-4","SHREE",,,,,,"823/PAN",,,,,"STORY",,,,60,,"BULSAR BOOK STORE",,,,"STORY",
"Panchatantra The Brahmin and His Dream, The Capseller and The Monkey",,"978-81-7963-446-2","SHREE",,,,,,"823/PAN",,,,,"STORY",,,,60,,"BULSAR BOOK STORE",,,,"STORY",
"Panchatantra The Tree that Talked, The Crow and The pot of Water",,"978-81-7963-445-5","SHREE",,,,,,"823/PAN",,,,,"STORY",,,,60,,"BULSAR BOOK STORE",,,,"STORY",
"Fabulous Grandpa Stories",,"978-93-5049-411-0","SHREE",2012,,,,,"823/FAB",,,,,"STORY",,,,199,,"BULSAR BOOK STORE",,,,"STORY",
"Magical Fairy Tales",,"978-93-5049-405-9","SHREE",2012,,,,,"823/MAG",,,,,"STORY",,,,199,,"BULSAR BOOK STORE",,,,"STORY",
"Fabulous Stories from Arabian Nights",,"978-93-5049-427-1","SHREE",2012,,,,,"823/FAB",,,,,"STORY",,,,199,,"BULSAR BOOK STORE",,,,"STORY",
"Fabulous Fairy Tales",,"978-93-5049-403-5","SHREE",2012,,,,,"823/FAB",,,,,"STORY",,,,199,,"BULSAR BOOK STORE",,,,"STORY",
"Awesome Stories from Arabian Nights",,"978-93-5049-428-8","SHREE",2012,,,,,"823/AWE",,,,,"STORY",,,,199,,"BULSAR BOOK STORE",,,,"STORY",
"Magical Aesop's Fables",,"978-93-5049-401-1","SHREE",2012,,,,,"823/MAG",,,,,"STORY",,,,199,,"BULSAR BOOK STORE",,,,"STORY",
"Awesome Fairy Tales",,"978-93-5049-404-1","SHREE",2012,,,,,"823/AWE",,,,,"STORY",,,,199,,"BULSAR BOOK STORE",,,,"STORY",
"Magical Stories from Indian Mythology",,"978-93-5049-432-5","SHREE",2012,,,,,"823/FAB",,,,,"STORY",,,,199,,"BULSAR BOOK STORE",,,,"STORY",
"Fabuluos Stories from Indian Mythology",,"978-93-5049-430-1","SHREE",2012,,,,,"823/MAG",,,,,"STORY",,,,199,,"BULSAR BOOK STORE",,,,"STORY",
"Fabulous Tales of God & Demons from Indian Mythology",,"978-93-5049-449-3","SHREE",2012,,,,,"823/FAB",,,,,"STORY",,,,199,,"BULSAR BOOK STORE",,,,"STORY",
"Fabulous Aesop's Fables",,"978-93-5049-402-8","SHREE",2012,,,,,"823/FAB",,,,,"STORY",,,,199,,"BULSAR BOOK STORE",,,,"STORY",
"Magical Tales of God & Demons from Indian Mythology",,"978-93-5049-448-6","SHREE",2012,,,,,"823/MAG",,,,,"STORY",,,,199,,"BULSAR BOOK STORE",,,,"STORY",
"Awesome Stories from Indian Mythology",,"978-93-5049-431-8","SHREE",2012,,,,,"823/AWE",,,,,"STORY",,,,199,,"BULSAR BOOK STORE",,,,"STORY",
"Awesome Tales of God & Demons from Indian Mythology",,"978-93-5049-447-9","SHREE",2012,,,,,"823/AWE",,,,,"STORY",,,,199,,"BULSAR BOOK STORE",,,,"STORY",
"Fabulous Grandma Stories",,"978-93-5049-409-7","SHREE",2012,,,,,"823/FAB",,,,,"STORY",,,,199,,"BULSAR BOOK STORE",,,,"STORY",
"Awesome Stories from Arabian Nights",,"978-93-5049-428-8","SHREE",2012,,,,,"823/AWE",,,,,"STORY",,,,199,,"BULSAR BOOK STORE",,,,"STORY",
"Awesome Grandma Stories",,"978-93-5049-408-0","SHREE",2012,,,,,"823/AWE",,,,,"STORY",,,,199,,"BULSAR BOOK STORE",,,,"STORY",
"Magical Humorous Tales of tenali Raman",,"978-93-5049-418-9","SHREE",2012,,,,,"823/MAG",,,,,"STORY",,,,199,,"BULSAR BOOK STORE",,,,"STORY",
"Fabuluos Humorous Tales of tenali Raman",,"978-93-5049-416-5","SHREE",2012,,,,,"823/FAB",,,,,"STORY",,,,199,,"BULSAR BOOK STORE",,,,"STORY",
"Awesome Humorous Tales of tenali Raman",,"978-93-5049-417-2","SHREE",2012,,,,,"823/AWE",,,,,"STORY",,,,199,,"BULSAR BOOK STORE",,,,"STORY",
"Awesome Grandpa Stories",,"978-93-5049-410-3","SHREE",2012,,,,,"823/AWE",,,,,"STORY",,,,199,,"BULSAR BOOK STORE",,,,"STORY",
"Awesome Wit & Wisdom of Akbar & Birbal",,"978-93-5049-451-6","SHREE",2012,,,,,"823/AWE",,,,,"STORY",,,,199,,"BULSAR BOOK STORE",,,,"STORY",
"Magical Adventure of Hanuman",,"978-93-5049-399-1","SHREE",2012,,,,,"823/MAG",,,,,"STORY",,,,199,,"BULSAR BOOK STORE",,,,"STORY",
"Magical Panchatantra Stories",,"978-93-5049-422-6","SHREE",2012,,,,,"823/MAG",,,,,"STORY",,,,199,,"BULSAR BOOK STORE",,,,"STORY",
"Magical Stories from Arabian Nights",,"978-93-5049-429-5","SHREE",2012,,,,,"823/MAG",,,,,"STORY",,,,199,,"BULSAR BOOK STORE",,,,"STORY",
"Fabulous Wit & Wisdom of Akbar & Birbal",,"978-93-5049-450-9","SHREE",2012,,,,,"823/FAB",,,,,"STORY",,,,199,,"BULSAR BOOK STORE",,,,"STORY",
"Fabulous Panchatantra Stories",,"978-93-5049-421-9","SHREE",2012,,,,,"823/FAB",,,,,"STORY",,,,199,,"BULSAR BOOK STORE",,,,"STORY",
"1001 Amazing Fact",,"978-81-7963-796-2","SHREE",,,,,,"001/AMA",,,,,,,,,299,,"BULSAR BOOK STORE",,,,"KNOWLEDGE",
"Animal Fair",,9788170118732,"CBT",2012,,,,,"823/KAN",,,,"KANTH.SHARMILA;Author","STORY",,,,25,,"BULSAR BOOK STORE",,,,"STORY",
"Lucky The Licking Dog",,"978-81-89750-65-7","CBT",2012,,,,,"823/VIS",,,,"VISHWANATHAN.RENUKA;Author","STORY",,,,25,,"BULSAR BOOK STORE",,,,"STORY",
"Wedding Clothes",,9788170118718,"CBT",2011,,,,,"823/NEH",,,,"NEHEMIAH.ASHA;Author","STORY",,,,25,,"BULSAR BOOK STORE",,,,"STORY",
"Dusty The Dachshund",,9788170118756,"CBT",2011,,,,,"823/RAO",,,,"RAO.CHERYL;Author","STORY",,,,25,,"BULSAR BOOK STORE",,,,"STORY",
"Eena's Library Book",,9788170118213,"CBT",2012,,,,,"823/GAN",,,,"GANDHI.RAVINA;Author","STORY",,,,25,,"BULSAR BOOK STORE",,,,"STORY",
"A present for Papa",,9788170119432,"CBT",2012,,,,,"823/KAN",,,,"KANTH.SHARMILA;Author","STORY",,,,25,,"BULSAR BOOK STORE",,,,"STORY",
"A Hairy Tale",,9788170119326,"CBT",2011,,,,,"823/PAN",,,,"PANDYA.MAMATA;Author","STORY",,,,25,,"BULSAR BOOK STORE",,,,"STORY",
"All Fool's Day",,9788170114109,"CBT",2012,,,,,"823/SRI",,,,"SRIVASTAVS.SIGRUN;Author","STORY",,,,25,,"BULSAR BOOK STORE",,,,"STORY",
"When a Duckling is Scared",,"978-81-89750-63-3","CBT",2011,,,,,"823/SHY",,,,"S.SHYAMALA;Author","STORY",,,,25,,"BULSAR BOOK STORE",,,,"STORY",
"Zoo Duck",,9788170118183,"CBT",2012,,,,,"823/SRI",,,,"SRINIVASAN.HARINI GOPALSWAMI;Author","STORY",,,,25,,"BULSAR BOOK STORE",,,,"STORY",
"Opposite Fun",,"978-93-80076-62-1","CBT",2012,,,,,"823/KAS",,,,"KASTURIA.KIRAN;Author","STORY",,,,25,,"BULSAR BOOK STORE",,,,"STORY",
"The Ribbon",,9788170113393,"CBT",2012,,,,,"823/SHA",,,,"SHANKAR.SUKUMAR;Author","STORY",,,,25,,"BULSAR BOOK STORE",,,,"STORY",
"The Bubbly Drop",,"978-81-89750-68-8","CBT",2012,,,,,"823/SIN",,,,"SINGH.RUNGEEN;Author","STORY",,,,25,,"BULSAR BOOK STORE",,,,"STORY",
"The Climbing Ant",,"978-93-80076-52-2","CBT",2012,,,,,"823/VIR",,,,"VIRMANI.AMITAV;Author","STORY",,,,25,,"BULSAR BOOK STORE",,,,"STORY",
"Mrs. Woolly's Funny Sweaters",,9788170119715,"CBT",2011,,,,,"823/NEH",,,,"NEHEMIAH.ASHA;Author","STORY",,,,25,,"BULSAR BOOK STORE",,,,"STORY",
"The Tiger and The Mosquito",,9788170119531,"CBT",2012,,,,,"823/SRI",,,,"SRIVASTAVA.MRINALINI;Author","STORY",,,,25,,"BULSAR BOOK STORE",,,,"STORY",
"The day Sun Refused to Rise",,"978-93-80076-58-4","CBT",2012,,,,,"823/JAN",,,,"JANARDHAN.MALA;Author","STORY",,,,25,,"BULSAR BOOK STORE",,,,"STORY",
"Boofy The Brava",,"978-93-80076-15-7","CBT",2012,,,,,"823/SHA",,,,"SHANKAR.ALAKA;Author","STORY",,,,25,,"BULSAR BOOK STORE",,,,"STORY",
"My Fish and I",,9788170118190,"CBT",2012,,,,,"823/RAJ",,,,"RAJAN.KALYANI;Author","STORY",,,,25,,"BULSAR BOOK STORE",,,,"STORY",
"Monkey and The Pencil",,"978-81-89750-57-2","CBT",2012,,,,,"823/BAW",,,,"BAWA.LALITA;Author","STORY",,,,25,,"BULSAR BOOK STORE",,,,"STORY",
"Mother is Mother",,9788170110439,"CBT",2012,,,,,"823/SHA",,,,"SHANKAR;Author","STORY",,,,30,,"BULSAR BOOK STORE",,,,"STORY",
"The Singing Donkey",,9788170111320,"CBT",2012,,,,,"823/SHA",,,,"SHANKAR;Author","STORY",,,,25,,"BULSAR BOOK STORE",,,,"STORY",
"Mahagiri",,9788170110002,"CBT",2012,,,,,"823/MAH",,,,,"STORY",,,,25,,"BULSAR BOOK STORE",,,,"STORY",
"Little Tiger Big Tiger",,9788170110682,"CBT",2012,,,,,"823/FUL",,,,"FULLER.LOIS HAMILTON;Author","STORY",,,,30,,"BULSAR BOOK STORE",,,,"STORY",
"Chitku",,9788170111627,"CBT",2012,,,,,"823/PAN",,,,"PANANDIKER.SUREKHA;Author","STORY",,,,30,,"BULSAR BOOK STORE",,,,"STORY",
"Tara's Project",,"978-93-80076-43-0","CBT",2011,,,,,"823/MIT",,,,"MITRA.RATNABALI;Author","STORY",,,,35,,"BULSAR BOOK STORE",,,,"STORY",
"Feet Problems",,9788170119142,"CBT",2011,,,,,"823/GIR",,,,"GIRIRAJKUMAR.AAKHILA ;Author","STORY",,,,20,,"BULSAR BOOK STORE",,,,"STORY",
"Magic",,9788170118657,"CBT",2012,,,,,"700/DAS",,,,"DAS.B;Author",,,,,40,,"BULSAR BOOK STORE",,,,"ART",
"The Golden Deer",,9788170112969,"CBT",2011,,,,,"823/SHA",,,,"SHANKAR;Author","STORY",,,,25,,"BULSAR BOOK STORE",,,,"STORY",
"Titoo and The Fireworks",,"978-93-80076-21-8","CBT",2012,,,,,"823/SRI",,,,"SRIVASTAVS.MRINALINI;Author","STORY",,,,25,,"BULSAR BOOK STORE",,,,"STORY",
"The Toy Horse",,9788170117759,"CBT",2012,,,,,"823/AGA",,,,"AGARWL.DEEPA;Author","STORY",,,,25,,"BULSAR BOOK STORE",,,,"STORY",
"Surprise Gifts",,"978-93-80076-22-5","CBT",2011,,,,,"823/NEH",,,,"NEHEMIAH.ASHA;Author","STORY",,,,20,,"BULSAR BOOK STORE",,,,"STORY",
"The Banjara Boys",,9788170119173,"CBT",2012,,,,,"823/VEE",,,,"VEENA.MANIKYA;Author","STORY",,,,45,,"BULSAR BOOK STORE",,,,"STORY",
"Mamani's Adventure",,9788170113522,"CBT",2012,,,,,"823/PHU",,,,"PHULKAN.MITRA;Author","STORY",,,,30,,"BULSAR BOOK STORE",,,,"STORY",
"Monkey's come to Village",,9788170118961,"CBT",2012,,,,,"823/BHA",,,,"BHATTACHARJEE.SWATI;Author","STORY",,,,25,,"BULSAR BOOK STORE",,,,"STORY",
"Chumki Posts a Letter",,9788170116967,"CBT",2012,,,,,"823/PHU",,,,"PHULKAN.MITRA;Author","STORY",,,,25,,"BULSAR BOOK STORE",,,,"STORY",
"Mouse Learns a Lesson",,9788170119852,"CBT",2012,,,,,"823/AST",,,,"ASTHANA.GIRIJA RANI;Author","STORY",,,,25,,"BULSAR BOOK STORE",,,,"STORY",
"Collecting Stamps",,9788170118107,"CBT",2012,,,,,"300/BAL",,,,"BALCHAND;Author JAYA PAI;Author",,,,,35,,"BULSAR BOOK STORE",,,,"SOCIAL SCIENCE",
"Bravo Kamala ",,"978-93-80076-44-7","CBT",2012,,,,,"823/SHA",,,,"SHANKAR.ALAKA;Author","STORY",,,,25,,"BULSAR BOOK STORE",,,,"STORY",
"The Rajah's Moustache",,9788170118664,"CBT",2011,,,,,"823/NEH",,,,"NEHEMIAH.ASHA;Author","STORY",,,,20,,"BULSAR BOOK STORE",,,,"STORY",
"The Run away Wheel",,9788170118466,"CBT",2012,,,,,"823/NEH",,,,"NEHEMIAH.ASHA;Author","STORY",,,,25,,"BULSAR BOOK STORE",,,,"STORY",
"The Gujjars",,9788170119203,"CBT",2012,,,,,"823/GAM",,,,"GAMMEL.LISA;Author","STORY",,,,25,,"BULSAR BOOK STORE",,,,"STORY",
"The Milkman's Cow",,9788170119739,"CBT",2012,,,,,"823/PRA",,,,"PRADHAN.VIDYA;Author","STORY",,,,30,,"BULSAR BOOK STORE",,,,"STORY",
"Life with Grandfather",,"81-7011-006-8","CBT",2012,,,,,"823/SHA",,,,"SHANKAR;Author","STORY",,,,30,,"BULSAR BOOK STORE",,,,"STORY",
"Let us identify the Useful trees",,9788170119197,"CBT",2012,,,,,"500/RAS",,,,"RASTOGI.REKHA ;Author",,,,,40,,"BULSAR BOOK STORE",,,,"SCIENCE",
"Barber at The Zoo",,9788170111665,"CBT",2012,,,,,"823/NAT",,,,"NATH.PRATIBHA;Author","STORY",,,,30,,"BULSAR BOOK STORE",,,,"STORY",
"Our Neighbour",,9788170110378,"CBT",2012,,,,,"823/MEH",,,,"MEHTA.CHANDRALEKHA ;Author","STORY",,,,35,,"BULSAR BOOK STORE",,,,"STORY",
"Krishna And Sudama",,9788170110361,"CBT",2012,,,,,"823/SHI",,,,"SHIVKUMAR.K;Author","STORY",,,,25,,"BULSAR BOOK STORE",,,,"STORY",
"The Anger APSU",,"978-93-80076-60-7","CBT",2012,,,,,"823/GOV",,,,"GOVINDAN.SANTHINI ;Author","STORY",,,,25,,"BULSAR BOOK STORE",,,,"STORY",
"Legend From The Indian Histroy",,9788170110460,"CBT",2012,,,,,"823/LEG",,,,,"STORY",,,,40,,"BULSAR BOOK STORE",,,,"STORY",
"Read Loud Sories",,9788170114604,"CBT",2012,,,,,"823/MEH",,,,"MEHTA.J.C.;Author OTHERS;Author","STORY",,,,45,,"BULSAR BOOK STORE",,,,"STORY",
"Stories from Panchatantra Book- I",,9788170110187,"CBT",2012,,,,,"823/PAN",,,,,"STORY",,,,40,,"BULSAR BOOK STORE",,,,"STORY",
"Stories from Panchatantra Book- II",,9788170110262,"CBT",2012,,,,,"823/PAN",,,,,"STORY",,,,40,,"BULSAR BOOK STORE",,,,"STORY",
"Stories from Panchatantra Book- III",,9788170110446,"CBT",,,,,,"823/PAN",,,,,"STORY",,,,40,,"BULSAR BOOK STORE",,,,"STORY",
"Stories from Panchatantra Book- IV",,9788170110484,"CBT",2012,,,,,"823/PAN",,,,,"STORY",,,,40,,"BULSAR BOOK STORE",,,,"STORY",
"Tales from Indian Classics Book II",,9788170110279,"CBT",,,,,,"823/TAL",,,,,"STORY",,,,40,,"BULSAR BOOK STORE",,,,"STORY",
"Tales from Indian Classics Book III",,9788170110729,"CBT",2012,,,,,"823/TAL",,,,,"STORY",,,,40,,"BULSAR BOOK STORE",,,,"STORY",
"Tales from Indian Classics Book I",,9788170110194,"CBT",2012,,,,,"823/TAL",,,,,"STORY",,,,40,,"BULSAR BOOK STORE",,,,"STORY",
"Animal World",,9788170110811,"CBT",2012,,,,,"500/DAV",,,,"DAVID.A;Author SHIVAKUMAR;Author","STORY",,,,90,,"BULSAR BOOK STORE",,,,"STORY",
"Stories of Tenali Raman",,9788170119029,"CBT",2012,,,,,"823/JAY",,,,"JAYAPRADA.C.L.L. ;Author","STORY",,,,90,,"BULSAR BOOK STORE",,,,"STORY",
"I Wonder How",,9788170119869,"CBT",2012,,,,,"500/RAG",,,,"RAGHAVAN.NEERAJA;Author",,,,,85,,"BULSAR BOOK STORE",,,,"SCIENCE",
"Treasury of Indian tales Book- II",,9788170110668,"CBT",2012,,,,,"823/SHA",,,,"SHANKAR;Author","STORY",,,,55,,"BULSAR BOOK STORE",,,,"STORY",
"Folk Tales retold",,9788170116974,"CBT",2012,,,,,"823/SHA",,,,"SHANKAR;Author","STORY",,,,90,,"BULSAR BOOK STORE",,,,"STORY",
"What Happen Then …… !",,"978-81-7011-969-3","CBT",2012,,,,,"823/NAT",,,,"NATH .PRATIBHA;Author ANANTHAKRISHNAN.INDIRA ;Author","STORY",,,,90,,"BULSAR BOOK STORE",,,,"STORY",
"Classic Collection 22 Short Stories",,9788170119708,"CBT",2012,,,,,"823/TAV",,,,"TAVORA.TITHI;Author OTHERS;Author","STORY",,,,90,,"BULSAR BOOK STORE",,,,"STORY",
"The Houses of 14 Cats",,"978-93-80076-29-4","CBT",2012,,,,,"823/NAY",,,,"NAYAR.NANDINI;Author","STORY",,,,80,,"BULSAR BOOK STORE",,,,"STORY",
"The King nd The Monk",,9788170111290,"CBT",2011,,,,,"823/GHO",,,,"GHOSH.A.K.;Author","STORY",,,,60,,"BULSAR BOOK STORE",,,,"STORY",
"Counting Clouds",,9788170119821,"CBT",2011,,,,,"823/GOV",,,,"GOVINDAN.SANTHINI ;Author","STORY",,,,20,,"BULSAR BOOK STORE",,,,"STORY",
"A Great Game",,"978-93-80076-19-5","CBT",2011,,,,,"823/SUD",,,,"SUDHAKAR.SUMATHI;Author","STORY",,,,20,,"BULSAR BOOK STORE",,,,"STORY",
"Ashok's Kite",,9788170110422,"CBT",2011,,,,,"823/KID",,,,"KIDD.MARGARET;Author","STORY",,,,25,,"BULSAR BOOK STORE",,,,"STORY",
"ABC",,9788170112853,"CBT",2011,,,,,"823/ROY",,,,"ROY.NAVKALA;Author","STORY",,,,25,,"BULSAR BOOK STORE",,,,"STORY",
"Oly And Owly",,"978-81-87950-41-1","CBT",2012,,,,,"823/SEN",,,,"SEN.BENITA;Author","STORY",,,,25,,"BULSAR BOOK STORE",,,,"STORY",
"The Woman And The Crow",,9788170111337,"CBT",2012,,,,,"823/SHA",,,,"SHANKAR;Author","STORY",,,,30,,"BULSAR BOOK STORE",,,,"STORY",
"Colour In My World",,"978-93-80076-16-4","CBT",2012,,,,,"823/RAN",,,,"RANGACHARI.DEVIKA ;Author","STORY",,,,25,,"BULSAR BOOK STORE",,,,"STORY",
"The Weather And I",,9788170119845,"CBT",2011,,,,,"823/RAN",,,,"RANGACHARI.DEVIKA ;Author","STORY",,,,20,,"BULSAR BOOK STORE",,,,"STORY",
"Sonali's Friend",,9788170111030,"CBT",2012,,,,,"823/SHA",,,,"SHANKAR.ALAKA;Author","STORY",,,,25,,"BULSAR BOOK STORE",,,,"STORY",
"My Yello0w School Bus",,"978-93-80076-65-2","CBT",2012,,,,,"823/DEE",,,,"DEEPAK.HEMLATA S.;Author","STORY",,,,25,,"BULSAR BOOK STORE",,,,"STORY",
"The Sun's Handkerchief",,9788170118893,"CBT",2011,,,,,"823/CHE",,,,"CHERIAN.TARUN;Author","STORY",,,,20,,"BULSAR BOOK STORE",,,,"STORY",
"My Wall",,9788170112938,"CBT",2012,,,,,"823/SWA",,,,"SWAMI.MINNIE P.;Author","STORY",,,,25,,"BULSAR BOOK STORE",,,,"STORY",
"My Garden",,9788170111009,"CBT",2012,,,,,"823/SRI",,,,"SRIVASTAVA.SIGRUN;Author","STORY",,,,30,,"BULSAR BOOK STORE",,,,"STORY",
"13 Strange Stories",,9788170119302,"CBT",2012,,,,,"823/DEB",,,,"DEBROY.DIPAVALI;Author OTHERS;Author","STORY",,,,45,,"BULSAR BOOK STORE",,,,"STORY",
"Short Stories For Children",,9788170113140,"CBT",2012,,,,,"823/MUR",,,,"MERTI VASANTHA;Author OTHERS;Author","STORY",,,,45,,"BULSAR BOOK STORE",,,,"STORY",
"HOW IT WORK:The Railway train ",,9788170116479,"CBT",2012,,,,,"500/ROY",,,,"ROY.NAVKALA;Author",,,,,25,,"BULSAR BOOK STORE",,,,"SCIENCE",
"How it work The Ship",,9788170114574,"CBT",2012,,,,,"500/ROY",,,,"ROY.NAVKALA;Author",,,,,25,,"BULSAR BOOK STORE",,,,"SCIENCE",
"How it works Television",,9788170113416,"CBT",2012,,,,,"500/ROY",,,,"ROY.NAVKALA;Author",,,,,20,,"BULSAR BOOK STORE",,,,"SCIENCE",
"How it works The Clock",,9788170113980,"CBT",2012,,,,,"500/ROY",,,,"ROY.NAVKALA;Author",,,,,25,,"BULSAR BOOK STORE",,,,"SCIENCE",
"How it works The Aeroplane",,9788170112990,"CBT",2012,,,,,"500/ROY",,,,"ROY.NAVKALA;Author",,,,,20,,"BULSAR BOOK STORE",,,,"SCIENCE",
"The Rainbow Slide",,9788170116684,"CBT",2012,,,,,"823/MUN",,,,"MUNJAL.MUKTA;Author","STORY",,,,25,,"BULSAR BOOK STORE",,,,"STORY",
"How it works The Computer",,9788170119456,"CBT",2012,,,,,"500/HAL",,,,"HALLEN.RAKESH MOHAN;Author",,,,,25,,"BULSAR BOOK STORE",,,,"SCIENCE",
"How it works The Telephone",,9788170113164,"CBT",2011,,,,,"500/ROY",,,,"ROY.NAVKALA;Author",,,,,20,,"BULSAR BOOK STORE",,,,"SCIENCE",
"How it works The Motor Car",,9788170113003,"CBT",2012,,,,,"500/ROY",,,,"ROY.NAVKALA;Author",,,,,25,,"BULSAR BOOK STORE",,,,"SCIENCE",
"The Swamp",,"978-81-89750-62-6","CBT",2012,,,,,"823/SRI",,,,"SRIKUMAR.A.K.;Author","STORY",,,,40,,"BULSAR BOOK STORE",,,,"STORY",
"More Short Stories for Chilren",,9788170111696,"CBT",2012,,,,,"823/MIN",,,,"MINOCHA.V.P;Author OTHERS;Author","STORY",,,,45,,"BULSAR BOOK STORE",,,,"STORY",
"6 Plays",,9788170119012,"CBT",2012,,,,,"823/NAM",,,,"NAMBISAN.KAVERY;Author OTHERS;Author","STORY",,,,45,,"BULSAR BOOK STORE",,,,"STORY",
"Race To Win",,9788170119654,"CBT",2012,,,,,"823/KAC",,,,"KACKER.LOVELEEN;Author","STORY",,,,40,,"BULSAR BOOK STORE",,,,"STORY",
"Some More Short Stories",,9788170113874,"CBT",2012,,,,,"823/EKB",,,,"EKBOTE.ANIL;Author OTHERS;Author","STORY",,,,45,,"BULSAR BOOK STORE",,,,"STORY",
"Indian Tales and Folk Tales",,9788170119470,"CBT",2012,,,,,"823/KUM",,,,"KUMAR.RAMENDRA;Author OTHERS;Author","STORY",,,,110,,"BULSAR BOOK STORE",,,,"STORY",
"School Days A collection of 16 Stories",,"978-81-89750-39-8","CBT",2012,,,,,"823/JAG",,,,"JAGANNATHAN.MAITHILY;Author OTHERS;Author","STORY",,,,110,,"BULSAR BOOK STORE",,,,"STORY",
"16 Short Stories ",,9788170119357,"CBT",2011,,,,,"823/KUM",,,,"KUMAR.RAMENDRA;Author OTHERS;Author","STORY",,,,75,,"BULSAR BOOK STORE",,,,"STORY",
"Arabian Nights The Jealous Minister",,"978-93-5049-483-7","SHREE",2013,,,,,"823/ARA",,,,,"STORY",,,,45,,"BULSAR BOOK STORE",,,,"STORY",
"Arabian Nights Sindbad and The Roc",,"978-93-5049-494-3","SHREE",2013,,,,,"823/ARA",,,,,"STORY",,,,45,,"BULSAR BOOK STORE",,,,"STORY",
"Arabian Nights The Three Wishes",,"978-93-5049-487-5","SHREE",2013,,,,,"823/ARA",,,,,"STORY",,,,45,,"BULSAR BOOK STORE",,,,"STORY",
"Arabian Nights The Enchanted Baboon",,"978-93-5049-498-1","SHREE",2013,,,,,"823/ARA",,,,,"STORY",,,,45,,"BULSAR BOOK STORE",,,,"STORY",
"Arabian Nights The Woodcutter Prince",,"978-93-5049-484-4","SHREE",2013,,,,,"823/ARA",,,,,"STORY",,,,45,,"BULSAR BOOK STORE",,,,"STORY",
"Arabian Nights The Quite Princess",,"978-93-5049-496-7","SHREE",2013,,,,,"823/ARA",,,,,"STORY",,,,45,,"BULSAR BOOK STORE",,,,"STORY",
"Arabian Nights The Girl In The Box",,"978-93-5049-499-8","SHREE",2013,,,,,"823/ARA",,,,,"STORY",,,,45,,"BULSAR BOOK STORE",,,,"STORY",
"Arabian Nights The Strange Mountain",,"978-93-5049-488-2","SHREE",2013,,,,,"823/ARA",,,,,"STORY",,,,45,,"BULSAR BOOK STORE",,,,"STORY",
"Arabian Nights Alladdin's Escape",,"978-93-5049-489-9","SHREE",2013,,,,,"823/ARA",,,,,"STORY",,,,45,,"BULSAR BOOK STORE",,,,"STORY",
"Arabian Nights The Enchanted Monkey",,"978-93-5049-486-8","SHREE",2013,,,,,"823/ARA",,,,,"STORY",,,,45,,"BULSAR BOOK STORE",,,,"STORY",
"Arabian Nights The Devotee Prince",,"978-93-5049-482-0","SHREE",2013,,,,,"823/ARA",,,,,"STORY",,,,45,,"BULSAR BOOK STORE",,,,"STORY",
"Arabian Nights Aladdin' Return",,"978-93-5049-492-9","SHREE",2013,,,,,"823/ARA",,,,,"STORY",,,,45,,"BULSAR BOOK STORE",,,,"STORY",
"Tenali Raman The Mango Tree",,"978-93-5049-220-8","SHREE",2012,,,,,"823/TEN",,,,,"STORY",,,,45,,"BULSAR BOOK STORE",,,,"STORY",
"Tenali Raman The Mango Tree",,"978-93-5049-220-8","SHREE",2012,,,,,"823/TEN",,,,,"STORY",,,,45,,"BULSAR BOOK STORE",,,,"STORY",
"Tenali Raman The Magical Wells",,"978-93-5049-221-5","SHREE",2012,,,,,"823/TEN",,,,,"STORY",,,,45,,"BULSAR BOOK STORE",,,,"STORY",
"Tenali Raman The Key To Heaven",,"978-93-5049-222-2","SHREE",2012,,,,,"823/TEN",,,,,"STORY",,,,45,,"BULSAR BOOK STORE",,,,"STORY",
"Tenali Raman The Sweet Truth",,"978-93-5049-226-0","SHREE",2012,,,,,"823/TEN",,,,,"STORY",,,,45,,"BULSAR BOOK STORE",,,,"STORY",
"Tenali Raman The Diamond Rings",,"978-93-5049-225-3","SHREE",2012,,,,,"823/TEN",,,,,"STORY",,,,45,,"BULSAR BOOK STORE",,,,"STORY",
"Tenali Raman The Competition",,"978-93-5049-224-6","SHREE",2012,,,,,"823/TEN",,,,,"STORY",,,,45,,"BULSAR BOOK STORE",,,,"STORY",
"Tenali Raman Lies and Illusion",,"978-93-5049-223-9","SHREE",2012,,,,,"823/TEN",,,,,"STORY",,,,45,,"BULSAR BOOK STORE",,,,"STORY",
"Tenali Raman The Horse and The Lion",,"978-93-5049-232-1","SHREE",2012,,,,,"823/PAN",,,,,"STORY",,,,45,,"BULSAR BOOK STORE",,,,"STORY",
"Tenali Raman The Bird with Two Heads",,"978-93-5049-228-4","SHREE",2012,,,,,"823/PAN",,,,,"STORY",,,,45,,"BULSAR BOOK STORE",,,,"STORY",
"Panchatantra The Cow And The Tiger",,"978-93-5049-231-4","SHREE",2012,,,,,"823/PAN",,,,,"STORY",,,,45,,"BULSAR BOOK STORE",,,,"STORY",
"Panchatantra The Golden Goat",,"978-93-5049-229-1","SHREE",2012,,,,,"823/PAN",,,,,"STORY",,,,45,,"BULSAR BOOK STORE",,,,"STORY",
"Panchatantra Who will bell The Cat",,"978-93-5049-230-7","SHREE",2012,,,,,"823/PAN",,,,,"STORY",,,,45,,"BULSAR BOOK STORE",,,,"STORY",
"Panchatantra The Peacock and The Fox",,"978-93-5049-227-7","SHREE",2012,,,,,"823/PAN",,,,,"STORY",,,,45,,"BULSAR BOOK STORE",,,,"STORY",
"Arabian Nights The King of Daryabar",,"978-93-5049-495-0","SHREE",2013,,,,,"823/ARA",,,,,"STORY",,,,45,,"BULSAR BOOK STORE",,,,"STORY",
"Arabian Nights The City of Brass",,"978-93-5049-485-1","SHREE",2013,,,,,"823/ARA",,,,,"STORY",,,,45,,"BULSAR BOOK STORE",,,,"STORY",
"Arabian Nights The Flying Carpet",,"978-93-5049-493-6","SHREE",2013,,,,,"823/ARA",,,,,"STORY",,,,45,,"BULSAR BOOK STORE",,,,"STORY",
"Arabian Nights The Merchant and The Jinni",,"978-93-5049-480-6","SHREE",2013,,,,,"823/ARA",,,,,"STORY",,,,45,,"BULSAR BOOK STORE",,,,"STORY",
"Arabian Nights The Jaafar and The Traveller",,"978-93-5049-481-3","SHREE",2013,,,,,"823/ARA",,,,,"STORY",,,,45,,"BULSAR BOOK STORE",,,,"STORY",
"Arabian Nights Aladdin and His Plan",,"978-93-5049-490-5","SHREE",2013,,,,,"823/ARA",,,,,"STORY",,,,45,,"BULSAR BOOK STORE",,,,"STORY",
"Akbar and Birbal The Milkman and Birbal",,"978-81-8499-745-3","SHREE",2011,,,,,"823/AKB",,,,,"STORY",,,,40,,"BULSAR BOOK STORE",,,,"STORY",
"Akbar and Birbal The trick of the Magic Sticks",,"978-81-8499-748-4","SHREE",2011,,,,,"823/AKB",,,,,"STORY",,,,40,,"BULSAR BOOK STORE",,,,"STORY",
"Akbar and Birbal The trick of the Magic Sticks",,"978-81-8499-748-4","SHREE",2011,,,,,"823/AKB",,,,,"STORY",,,,40,,"BULSAR BOOK STORE",,,,"STORY",
"Akbar And Birbal The Permission from a Field",,"978-81-8499-752-1","SHREE",2011,,,,,"823/AKB",,,,,"STORY",,,,40,,"BULSAR BOOK STORE",,,,"STORY",
"Akbar And Birbal And Akbar's Ring",,"978-81-8499-743-9","SHREE",2011,,,,,"823/AKB",,,,,"STORY",,,,40,,"BULSAR BOOK STORE",,,,"STORY",
"Akbar & Bribal Field Of Pearls",,"978-81-8499-746-0","SHREE",2011,,,,,"823/AKB",,,,,"STORY",,,,40,,"BULSAR BOOK STORE",,,,"STORY",
"Akbar and Birbal Crying of the River",,"978-81-8499-749-1","SHREE",2011,,,,,"823/AKB",,,,,"STORY",,,,40,,"BULSAR BOOK STORE",,,,"STORY",
"Akbar and Birbal Akbar's Disguise",,"978-81-8499-747-7","SHREE",2011,,,,,"823/AKB",,,,,"STORY",,,,40,,"BULSAR BOOK STORE",,,,"STORY",
"Akbar & Birbal The Purse of Gold",,"978-81-8499-753-8","SHREE",2011,,,,,"823/AKB",,,,,"STORY",,,,40,,"BULSAR BOOK STORE",,,,"STORY",
"Akbar & Birbal Borrowing in Dream",,"978-81-8499-750-7","SHREE",2011,,,,,"823/AKB",,,,,"STORY",,,,40,,"BULSAR BOOK STORE",,,,"STORY",
"Arabian Nights The Loyal Helper",,"978-93-5049-497-4","SHREE",2013,,,,,"823/ARA",,,,,"STORY",,,,45,,"BULSAR BOOK STORE",,,,"STORY",
"Arabian Nights Aladdin's Wedding",,"978-93-5049-491-2","SHREE",2013,,,,,"823/ARA",,,,,"STORY",,,,45,,"BULSAR BOOK STORE",,,,"STORY",
"The Hawk and The Pigeon",,"978-93-5049-558-8","SHREE",2012,,,,,"823/HAW",,,,,"STORY",,,,60,,"BULSAR BOOK STORE",,,,"STORY",
"The Sheperd Boy and The Wolf",,"978-93-5049-347-2","SHREE",2012,,,,,"823/SHE",,,,,"STORY",,,,60,,"BULSAR BOOK STORE",,,,"STORY",
"The Ass and the Grasshoper",,"978-93-5049-348-9","SHREE",2012,,,,,"823/ASS",,,,,"STORY",,,,60,,"BULSAR BOOK STORE",,,,"STORY",
"The Swallen Fox",,"978-93-5049-351-9","SHREE",2012,,,,,"823/SWA",,,,,"STORY",,,,60,,"BULSAR BOOK STORE",,,,"STORY",
"The Mouse and The Oyster",,"978-93-5049-355-7","SHREE",2012,,,,,"823/MOU",,,,,"STORY",,,,60,,"BULSAR BOOK STORE",,,,"STORY",
"The Man and His Animal Friends",,"978-93-5049-354-0","SHREE",2012,,,,,"823/MAN",,,,,"STORY",,,,60,,"BULSAR BOOK STORE",,,,"STORY",
"The Dog & The Oyster",,"978-93-5049-352-6","SHREE",2012,,,,,"823/DOG",,,,,"STORY",,,,60,,"BULSAR BOOK STORE",,,,"STORY",
"The Dog & The Cook",,"978-93-5049-353-3","SHREE",2012,,,,,"823/DOG",,,,,"STORY",,,,60,,"BULSAR BOOK STORE",,,,"STORY",
"The Monkey & The Fisherman",,"978-93-5049-350-2","SHREE",2012,,,,,"823/MON",,,,,"STORY",,,,60,,"BULSAR BOOK STORE",,,,"STORY",
"The Foolish Goats",,"978-93-5049-356-4","SHREE",2012,,,,,"823/FOL",,,,,"STORY",,,,60,,"BULSAR BOOK STORE",,,,"STORY",
"The Man & The Serpent",,"978-93-5049-349-6","SHREE",2012,,,,,"823/MAN",,,,,"STORY",,,,60,,"BULSAR BOOK STORE",,,,"STORY",
"The Crafty Heron",,"978-93-5049-357-1","SHREE",2012,,,,,"823/CRA",,,,,"STORY",,,,60,,"BULSAR BOOK STORE",,,,"STORY",
"Noddy in Toyland Noddy Goes Vroom",,"978-81-286-3095-8","(SHREE)EURO KIDS",2012,,,,,"823/BLY",,,,"BLYTON.ENID;Author","STORY",,,,65,,"BULSAR BOOK STORE",,,,"STORY",
"Noddy in Toyland A Very Special Birthday",,"978-81-286-3093-4","(SHREE)EURO KIDS",2012,,,,,"823/BLY",,,,"BLYTON.ENID;Author","STORY",,,,65,,"BULSAR BOOK STORE",,,,"STORY",
"Noddy in Toyland The Magic Watering can",,"978-81-286-3098-9","(SHREE)EURO KIDS",2012,,,,,"823/BLY",,,,"BLYTON.ENID;Author","STORY",,,,65,,"BULSAR BOOK STORE",,,,"STORY",
"Noddy in Toyland Hide & Seek Fun",,"978-81-286-3096-5","(SHREE)EURO KIDS",2012,,,,,"823/BLY",,,,"BLYTON.ENID;Author","STORY",,,,65,,"BULSAR BOOK STORE",,,,"STORY",
"Noddy in Toyland Noddy & The Pirates",,"978-81-286-3094-1","(SHREE)EURO KIDS",2012,,,,,"823/BLY",,,,"BLYTON.ENID;Author","STORY",,,,65,,"BULSAR BOOK STORE",,,,"STORY",
"Noddy in Toyland The Magic Paint Brush",,"978-81-286-3097-2","(SHREE)EURO KIDS",2012,,,,,"823/BLY",,,,"BLYTON.ENID;Author","STORY",,,,65,,"BULSAR BOOK STORE",,,,"STORY",
"Noddy in Toyland Hide & Seek Fun",,"978-81-286-3289-1","EURO BOOKS",2012,,,,,"823/BLY",,,,,"STORY",,,,60,,"BULSAR BOOK STORE",,,,"STORY",
"Noddy in Toyland Happy Birthday Noddy",,"978-81-286-3288-4","EURO BOOKS",2012,,,,,"823/BLY",,,,,"STORY",,,,60,,"BULSAR BOOK STORE",,,,"STORY",
"Noddy in Toyland Noddy Goes Vroom",,"978-81-286-3290-7","EURO BOOKS",2012,,,,,"823/NOD",,,,,"STORY",,,,60,,"BULSAR BOOK STORE",,,,"STORY",
"Noddy in Toyland Come on Bumpy",,"978-81-286-3287-7","EURO BOOKS",2012,,,,,"823/NOD",,,,,"STORY",,,,60,,"BULSAR BOOK STORE",,,,"STORY",
"DISNEY ALLADIN: EARLY READER",,"978-81-286-3279-2","EURO BOOKS",2012,,,,,"823/DIS",,,,,"STORY",,,,60,,"BULSAR BOOK STORE",,,,"STORY",
"DISNEY .PIXAR CARS: EARLY READER",,"978-81-286-3282-2","EURO BOOKS",2012,,,,,"823/DIS",,,,,"STORY",,,,60,,"BULSAR BOOK STORE",,,,"STORY",
"DISNEY THE JUNGLE BOOK: EARLY READER",,"978-81-286-3280-8","EURO BOOKS",2012,,,,,"823/DIS",,,,,"STORY",,,,60,,"BULSAR BOOK STORE",,,,"STORY",
"DISNEY THE LION KING: EARLY READER",,"978-81-286-3281-5","EURO BOOKS",2012,,,,,"823/DIS",,,,,"STORY",,,,60,,"BULSAR BOOK STORE",,,,"STORY",
"Barbie in A Mermaid Tale",,"978-81-286-3284-6","EURO BOOKS",2012,,,,,"823/ALE",,,,"ALLEN.ELISE;Author","STORY",,,,60,,"BULSAR BOOK STORE",,,,"STORY",
"Barbie A Fairy Secret",,"978-81-286-3283-9","EURO BOOKS",2012,,,,,"823/ALE",,,,"ALLEN.ELISE;Author","STORY",,,,60,,"BULSAR BOOK STORE",,,,"STORY",
"Barbie Sister Slumber Party",,"978-81-286-3286-0","EURO BOOKS",2012,,,,,"823/MAR",,,,"MARSOLI.LISA;Author","STORY",,,,60,,"BULSAR BOOK STORE",,,,"STORY",
"Barbie Skipper's Pet Hotel",,"978-81-286-3285-3","EURO BOOKS",2012,,,,,"823/MAR",,,,"MARSOLI.LISA;Author","STORY",,,,60,,"BULSAR BOOK STORE",,,,"STORY",
"THE Power Puff Girls C/N Not So Awesome Blossom",,9788128613395,"EURO BOOKS",2007,,,,,"823/DOW",,,,"DOWER.LAURA;Author","STORY",,,,50,,"BULSAR BOOK STORE",,,,"STORY",
"Power Puff Girls C/N The Mane Event",,9788128613388,"EURO BOOKS",2008,,,,,"823/KAL",,,,"KALIHER.KELVIN;Author","STORY",,,,50,,"BULSAR BOOK STORE",,,,"STORY",
"Power Puff Girls C/N Power Pals",,9788128613371,"EURO BOOKS",2008,,,,,"823/KAL",,,,"KALIHER.KELVIN;Author","STORY",,,,50,,"BULSAR BOOK STORE",,,,"STORY",
"Power Puff Girls C/N Power Puff Pajamarma",,9788128613401,"EURO BOOKS",2008,,,,,"823/NAY",,,,"NAYLOR.LYNNE;Author","STORY",,,,50,,"BULSAR BOOK STORE",,,,"STORY",
"Power Puff Girls C/N Teeth Thief",,9788128613425,"EURO BOOKS",2008,,,,,"823/FAU",,,,"FAUST.LAUREN;Author McCRACKEN.CRAIG;Author","STORY",,,,50,,"BULSAR BOOK STORE",,,,"STORY",
"Power Puff Girls C/N Beat Your Greens",,9788128613357,"EURO BOOKS",2007,,,,,"823/RUD",,,,"RUDISH.PAUL;Author","STORY",,,,50,,"BULSAR BOOK STORE",,,,"STORY",
"Power Puff Girls C/N Bubble Vision",,9788128613364,"EURO BOOKS",2008,,,,,"823/KAL",,,,"KALIHER.KELVIN;Author","STORY",,,,50,,"BULSAR BOOK STORE",,,,"STORY",
"Power Puff Girls C/N I was fight before Christmas",,9788128613418,"EURO BOOKS",2008,,,,,"823/DOW",,,,"DOWER.LAURA;Author","STORY",,,,50,,"BULSAR BOOK STORE",,,,"STORY",
"Dora The Explorer Dora Loves Boots",,"978-81-207-4642-8","SHREE(STERLING)",2013,,,,,"823/INC",,,,"INCHES.ALISON;Author","STORY",,,,60,,"BULSAR BOOK STORE",,,,"STORY",
"Dora The Explorer Little Star",,"978-81-207-4937-5","SHREE(STERLING)",2013,,,,,"823/WEI",,,,"WEINER.ERIC;Author","STORY",,,,60,,"BULSAR BOOK STORE",,,,"STORY",
"Dora The Explorer Dora Goes To School",,"978-81-207-4641-1","SHREE(STERLING)",2013,,,,,"823/VAL",,,,"VALDES.LESLIE;Author","STORY",,,,60,,"BULSAR BOOK STORE",,,,"STORY",
"Dora The Explorer Dora's Back Up",,"978-81-207-4643-5","SHREE(STERLING)",2013,,,,,"823/WEI",,,,"WEINER.ERIC;Author","STORY",,,,60,,"BULSAR BOOK STORE",,,,"STORY",
"Dora The Explorer The Birthday Dance Party",,"978-81-207-4644-2","SHREE(STERLING)",2013,,,,,"823/WAL",,,,"WALSH.VALERIE;Author","STORY",,,,60,,"BULSAR BOOK STORE",,,,"STORY",
"Dora The Explorer Dora's Book Of Manner",,"978-81-207-4936-8","SHREE(STERLING)",2013,,,,,"823/DOR",,,,,"STORY",,,,60,,"BULSAR BOOK STORE",,,,"STORY",
"Large Print Cinderella",,"978-81-7963-855-2","SHREE",,,,,,"823/CIN",,,,,"STORY",,,,60,,"BULSAR BOOK STORE",,,,"STORY",
"Large Print Snow White & The Sever Dwarfs",,"978-81-7963-839-2","SHREE",,,,,,"823/SNO",,,,,"STORY",,,,60,,"BULSAR BOOK STORE",,,,"STORY",
"Large Print The Sleeping Beauty",,"978-81-7963-841-5","SHREE",,,,,,"823/SLE",,,,,"STORY",,,,60,,"BULSAR BOOK STORE",,,,"STORY",
"Large Print The Emperor's New Clothes",,"978-81-7963-846-0","SHREE",,,,,,"823/EMP",,,,,"STORY",,,,60,,"BULSAR BOOK STORE",,,,"STORY",
"Large Print Gingerbread Man",,"978-81-7963-840-8","SHREE",,,,,,"823/GIN",,,,,"STORY",,,,60,,"BULSAR BOOK STORE",,,,"STORY",
"Large Print Rapunzel",,"978-81-7963-843-9","SHREE",,,,,,"823/RAP",,,,,"STORY",,,,60,,"BULSAR BOOK STORE",,,,"STORY",
"Large Print Hansel Gretel",,"978-81-7963-845-3","SHREE",,,,,,"823/HAN",,,,,"STORY",,,,60,,"BULSAR BOOK STORE",,,,"STORY",
"Large Print The Frog Prince",,"978-81-7963-842-2","SHREE",,,,,,"823/FRO",,,,,"STORY",,,,60,,"BULSAR BOOK STORE",,,,"STORY",
"Large Print Thumbelina",,"978-81-7963-856-9","SHREE",,,,,,"823/THU",,,,,"STORY",,,,60,,"BULSAR BOOK STORE",,,,"STORY",
"Large Print Beauty & The Best",,"978-81-7963-850-7","SHREE",,,,,,"823/BEA",,,,,"STORY",,,,60,,"BULSAR BOOK STORE",,,,"STORY",
"Large Print The Shoemaker & The Elves",,"978-81-7963-852-1","SHREE",,,,,,"823/SHO",,,,,"STORY",,,,60,,"BULSAR BOOK STORE",,,,"STORY",
"Large Print Puss in Boots",,"978-81-7963-844-1","SHREE",,,,,,"823/PUS",,,,,"STORY",,,,60,,"BULSAR BOOK STORE",,,,"STORY",
"Large Print The Pied Piper of Hamelin",,"978-81-7963-849-1","SHREE",,,,,,"823/PIE",,,,,"STORY",,,,60,,"BULSAR BOOK STORE",,,,"STORY",
"Large Print The Ugly Duckling",,"978-81-7963-854-5","SHREE",,,,,,"823/UGL",,,,,"STORY",,,,60,,"BULSAR BOOK STORE",,,,"STORY",
"Large Print Jack & The Beanstalk",,"978-81-7963-853-8","SHREE",,,,,,"823/JAC",,,,,"STORY",,,,60,,"BULSAR BOOK STORE",,,,"STORY",
"Large Print Goldilocks & Three Bears",,"978-81-7963-851-4","SHREE",,,,,,"823/GOL",,,,,"STORY",,,,60,,"BULSAR BOOK STORE",,,,"STORY",
"Large Print Little Red Riding Hood",,"978-81-7963-847-7","SHREE",,,,,,"823/LIT",,,,,"STORY",,,,60,,"BULSAR BOOK STORE",,,,"STORY",
"Large Print Alice in Wonderland",,"978-81-7963-848-4","SHREE",,,,,,"823/ALI",,,,,"STORY",,,,60,,"BULSAR BOOK STORE",,,,"STORY",
"The Illustrated Sherlock Homes for Children (Series) The Three Garridebs",,"978-81-7963-976-4","SHREE",,,,,,"823/DOY",,,,"DOYLE.ARTHUR CONAN;Author","STORY",,,,60,,"BULSAR BOOK STORE",,,,"STORY",
"The Illustrious Client",,"978-81-7963-970-2","SHREE",,,,,,"823/DOY",,,,"DOYLE.ARTHUR CONAN;Author","STORY",,,,60,,"BULSAR BOOK STORE",,,,"STORY",
"The Illustrated Sherlock Homes for Children :The Lion's Mane",,"978-81-7963-971-9","SHREE",,,,,,"823/DOY",,,,"DOYLE.ARTHUR CONAN;Author","STORY",,,,60,,"BULSAR BOOK STORE",,,,"STORY",
"The Illustrated Sherlock Homes for Children :The Lion's Mane",,"978-81-7963-973-3","SHREE",,,,,,"823/DOY",,,,"DOYLE.ARTHUR CONAN;Author","STORY",,,,60,,"BULSAR BOOK STORE",,,,"STORY",
"The Illustrated Sherlock Homes for Children :The Veiled Lodger",,"978-81-7963-977-1","SHREE",,,,,,"823/DOY",,,,"DOYLE.ARTHUR CONAN;Author","STORY",,,,60,,"BULSAR BOOK STORE",,,,"STORY",
"The Illustrated Sherlock Homes for Children :The Veiled Lodger",,"978-81-7963-974-0","SHREE",,,,,,"823/DOY",,,,"DOYLE.ARTHUR CONAN;Author","STORY",,,,60,,"BULSAR BOOK STORE",,,,"STORY",
"The Illustrated Sherlock Homes for Children :The Three Gables",,"978-81-7963-975-7","SHREE",,,,,,"823/DOY",,,,"DOYLE.ARTHUR CONAN;Author","STORY",,,,60,,"BULSAR BOOK STORE",,,,"STORY",
"The Illustrated Sherlock Homes for Children :The Mazarin Stone",,"978-81-7963-972-6","SHREE",,,,,,"823/DOY",,,,"DOYLE.ARTHUR CONAN;Author","STORY",,,,60,,"BULSAR BOOK STORE",,,,"STORY",
"The Illustrated Sherlock Homes for Children :The4 Greeping Man",,"978-81-7963-969-6","SHREE",,,,,,"823/DOY",,,,"DOYLE.ARTHUR CONAN;Author","STORY",,,,60,,"BULSAR BOOK STORE",,,,"STORY",
"The Illustrated Sherlock Homes for Children :The Boscombe Valley Mystery",,"978-81-7963-962-7","SHREE",,,,,,"823/DOY",,,,"DOYLE.ARTHUR CONAN;Author","STORY",,,,60,,"BULSAR BOOK STORE",,,,"STORY",
"The Illustrated Sherlock Homes for Children :The Man with the Twisted Lip",,"978-81-7963-966-5","SHREE",,,,,,"823/DOY",,,,"DOYLE.ARTHUR CONAN;Author","STORY",,,,60,,"BULSAR BOOK STORE",,,,"STORY",
"The Illustrated Sherlock Homes for Children :The Blue Carbuncle",,"978-81-7963-961-0","SHREE",,,,,,"823/DOY",,,,"DOYLE.ARTHUR CONAN;Author","STORY",,,,60,,"BULSAR BOOK STORE",,,,"STORY",
"The Illustrated Sherlock Homes for Children :The Noble Bachelor",,"978-81-7963-967-2","SHREE",,,,,,"823/DOY",,,,"DOYLE.ARTHUR CONAN;Author","STORY",,,,60,,"BULSAR BOOK STORE",,,,"STORY",
"The Illustrated Sherlock Homes for Children :The Five Ornage Pips",,"978-81-7963-965-8","SHREE",,,,,,"823/DOY",,,,"DOYLE.ARTHUR CONAN;Author","STORY",,,,60,,"BULSAR BOOK STORE",,,,"STORY",
"The Illustrated Sherlock Homes for Children :The Engineer's Thumb",,"978-81-7963-964-1","SHREE",,,,,,"823/DOY",,,,"DOYLE.ARTHUR CONAN;Author","STORY",,,,60,,"BULSAR BOOK STORE",,,,"STORY",
"The Illustrated Sherlock Homes for Children :The Beryle Coronet",,"978-81-7963-960-3","SHREE",,,,,,"823/DOY",,,,"DOYLE.ARTHUR CONAN;Author","STORY",,,,60,,"BULSAR BOOK STORE",,,,"STORY",
"The Illustrated Sherlock Homes for Children :The Copper Beeches",,"978-81-7963-963-4","SHREE",,,,,,"823/DOY",,,,"DOYLE.ARTHUR CONAN;Author","STORY",,,,60,,"BULSAR BOOK STORE",,,,"STORY",
"The Illustrated Sherlock Homes for Children :The Speckled Band",,"978-81-7963-968-9","SHREE",,,,,,"823/DOY",,,,"DOYLE.ARTHUR CONAN;Author","STORY",,,,60,,"BULSAR BOOK STORE",,,,"STORY",
"The Illustrated Sherlock Homes for Children :The Six Napoleons",,"978-81-7963-993-1","SHREE",,,,,,"823/DOY",,,,"DOYLE.ARTHUR CONAN;Author","STORY",,,,60,,"BULSAR BOOK STORE",,,,"STORY",
"The Illustrated Sherlock Homes for Children :The Second Stain",,"978-81-7963-992-4","SHREE",,,,,,"823/DOY",,,,"DOYLE.ARTHUR CONAN;Author","STORY",,,,60,,"BULSAR BOOK STORE",,,,"STORY",
"The Illustrated Sherlock Homes for Children :The Dancing Man",,"978-81-7963-989-4","SHREE",,,,,,"823/DOY",,,,"DOYLE.ARTHUR CONAN;Author","STORY",,,,60,,"BULSAR BOOK STORE",,,,"STORY",
"The Illustrated Sherlock Homes for Children :The Missing Three Quarter",,"978-81-7963-991-7","SHREE",,,,,,"823/DOY",,,,"DOYLE.ARTHUR CONAN;Author","STORY",,,,60,,"BULSAR BOOK STORE",,,,"STORY",
"The Illustrated Sherlock Homes for Children :The Golden Pince-Nez",,"978-81-7963-990-0","SHREE",,,,,,"823/DOY",,,,"DOYLE.ARTHUR CONAN;Author","STORY",,,,60,,"BULSAR BOOK STORE",,,,"STORY",
"The Illustrated Sherlock Homes for Children :Black Peter",,"978-81-7963-958-7","SHREE",,,,,,"823/DOY",,,,"DOYLE.ARTHUR CONAN;Author","STORY",,,,60,,"BULSAR BOOK STORE",,,,"STORY",
"The Illustrated Sherlock Homes for Children :The Abbey Grange",,"978-81-7963.-987-0","SHREE",,,,,,"823/DOY",,,,"DOYLE.ARTHUR CONAN;Author","STORY",,,,60,,"BULSAR BOOK STORE",,,,"STORY",
"The Illustrated Sherlock Homes for Children :The Solitary Cyclist",,"978-81-7963-994-8","SHREE",,,,,,"823/DOY",,,,"DOYLE.ARTHUR CONAN;Author","STORY",,,,60,,"BULSAR BOOK STORE",,,,"STORY",
"The Illustrated Sherlock Homes for Children :The Three Students",,"97881-7963-995-5","SHREE",,,,,,"823/DOY",,,,"DOYLE.ARTHUR CONAN;Author","STORY",,,,60,,"BULSAR BOOK STORE",,,,"STORY",
"The Illustrated Sherlock Homes for Children :The Resident Patient",,"978-81-7963-984-9","SHREE",,,,,,"823/DOY",,,,"DOYLE.ARTHUR CONAN;Author","STORY",,,,60,,"BULSAR BOOK STORE",,,,"STORY",
"The Illustrated Sherlock Homes for Children :The Yellow Face",,"978-81-7963-986-3","SHREE",,,,,,"823/DOY",,,,"DOYLE.ARTHUR CONAN;Author","STORY",,,,60,,"BULSAR BOOK STORE",,,,"STORY",
"The Illustrated Sherlock Homes for Children :The Gloria Scott",,"978-81-7963-981-8","SHREE",,,,,,"823/DOY",,,,"DOYLE.ARTHUR CONAN;Author","STORY",,,,60,,"BULSAR BOOK STORE",,,,"STORY",
"The Illustrated Sherlock Homes for Children :The Cardboard Box",,"978-81-7963-978-8","SHREE",,,,,,"823/DOY",,,,"DOYLE.ARTHUR CONAN;Author","STORY",,,,60,,"BULSAR BOOK STORE",,,,"STORY",
"The Illustrated Sherlock Homes for Children :The Naval Treaty",,"978-81-7963-983-2","SHREE",,,,,,"823/DOY",,,,"DOYLE.ARTHUR CONAN;Author","STORY",,,,60,,"BULSAR BOOK STORE",,,,"STORY",
"The Illustrated Sherlock Homes for Children :The Silver Blaze",,"978-81-7963-985-6","SHREE",,,,,,"823/DOY",,,,"DOYLE.ARTHUR CONAN;Author","STORY",,,,60,,"BULSAR BOOK STORE",,,,"STORY",
"The Illustrated Sherlock Homes for Children :The Crooked Man",,"978-81-7963-979-5","SHREE",,,,,,"823/DOY",,,,"DOYLE.ARTHUR CONAN;Author","STORY",,,,60,,"BULSAR BOOK STORE",,,,"STORY",
"The Illustrated Sherlock Homes for Children :The Greek Interpreter",,"978-81-7963-982-5","SHREE",,,,,,"823/DOY",,,,"DOYLE.ARTHUR CONAN;Author","STORY",,,,60,,"BULSAR BOOK STORE",,,,"STORY",
"The Illustrated Sherlock Homes for Children :The Final Problem",,"978-81-7963-980-1","SHREE",,,,,,"823/DOY",,,,"DOYLE.ARTHUR CONAN;Author","STORY",,,,60,,"BULSAR BOOK STORE",,,,"STORY",
"Nehru For Children",,9788170110354,"CBT",2012,,,,,"920/RAU",,,,"RAU.M.CHALAPATHI;Author",,,,,50,,"BULSAR BOOK STORE",,,,"BIOGRAPHIES",
"SHANKAR",,9788170112945,"CBT",2012,,,,,"920/SHA",,,,"SHANKAR.ALAKA;Author",,,,,40,,"BULSAR BOOK STORE",,,,"BIOGRAPHIES",
"22 Short Stories",,9788170118435,"CBT",2012,,,,,"823/RAN",,,,"RANGACHARI.DEVIKA;Author OTHERS;Author","STORY",,,,90,,"BULSAR BOOK STORE",,,,"STORY",
"Indira Priyadarshini",,9788170113577,"CBT",2012,,,,,"920/SHA",,,,"SHANKAR.ALAKA;Author",,,,,65,,"BULSAR BOOK STORE",,,,"BIOGRAPHIES",
"A Gift of Love 17 Short Stories",,"978-93-80076-25-6","CBT",2012,,,,,"823/KHA",,,,"KHATRI.PUNEETA;Author OTHERS;Author","STORY",,,,110,,"BULSAR BOOK STORE",,,,"STORY",
"In The World of Smell",,9788170119807,"CBT",2012,,,,,"823/MUR",,,,"MURTI.R.K.;Author","STORY",,,,35,,"BULSAR BOOK STORE",,,,"STORY",
"The Science of Yoga",,9788170119340,"CBT",2012,,,,,"204.36/SWA",,,,"SWAMY.MEENAKSHI;Author",,,,,40,,"BULSAR BOOK STORE",,,,"RELIGION",
"The Ramayana",,9788170119265,"CBT",2012,,,,,"200/KUR",,,,"KURUP.C.G.R.;Author",,,,,160,,"BULSAR BOOK STORE",,,,"RELIGION",
"15 Sport Stories",,9788189750053,"CBT",2012,,,,,"823/KUM",,,,"KUMAR.RAMENDRA;Author OTHERS;Author","STORY",,,,80,,"BULSAR BOOK STORE",,,,"STORY",
"Folk Tales of West Bengal",,"978-81-89750-73-2","CBT",2012,,,,,"823/DUT",,,,"DUTTA.SWAPNA ;Author","STORY",,,,100,,"BULSAR BOOK STORE",,,,"STORY",
"The Garland of Tales",,"978-81-89750-60-7","CBT",2012,,,,,"823/JAI",,,,"JAIN.MEENAKSHI G.;Author","STORY",,,,90,,"BULSAR BOOK STORE",,,,"STORY",
"I Wonder Why",,9788170119371,"CBT",2012,,,,,"823/RAG",,,,"RAGHAVAN.NEERAJA;Author","STORY",,,,85,,"BULSAR BOOK STORE",,,,"STORY",
"Folk Tales from Around The World",,"978-93-80076-55-3","CBT",2012,,,,,"823/NAT",,,,"NATH.PRATIBHA;Author","STORY",,,,110,,"BULSAR BOOK STORE",,,,"STORY",
"Folk Tales of Uttrakhand",,"978-81-89750-38-1","CBT",2012,,,,,"823/AGA",,,,"AGARWAL.DEEPA ;Author","STORY",,,,120,,"BULSAR BOOK STORE",,,,"STORY",
"Indian Folk Tales",,9788170118619,"CBT",2012,,,,,"823/CHA",,,,"CHANDOLA.RAJESHWARI PRASAD;Author","STORY",,,,130,,"BULSAR BOOK STORE",,,,"STORY",
"Folk Tales Of Orissa",,"978-81-89750-99-2","CBT",2011,,,,,"823/KUM",,,,"KUMAR.RAMENDRA ;Author","STORY",,,,90,,"BULSAR BOOK STORE",,,,"STORY",
"Folk Tales of The North East",,9788170119678,"CBT",2012,,,,,"823/REG",,,,"REGUNATHAN.SUDHAMAHI;Author","STORY",,,,110,,"BULSAR BOOK STORE",,,,"STORY",
"Folk Tales of Himachal Pradesh",,"978-93-80076-13-3","CBT",2012,,,,,"823/NAT",,,,"NATH.PRATIBHA;Author","STORY",,,,100,,"BULSAR BOOK STORE",,,,"STORY",
"Stories from Kathasarit- Sagar",,9788170119363,"CBT",2012,,,,,"823/RAN",,,,"RANGACHARI.DEVIKA ;Author","STORY",,,,90,,"BULSAR BOOK STORE",,,,"STORY",
"Stories of Buddha",,9788170119135,"CBT",2012,,,,,"823/KHA",,,,"KHANNA.ANITA;Author","STORY",,,,80,,"BULSAR BOOK STORE",,,,"STORY",
"Treasury of Indian Tales Book- I",,9788170110385,"CBT",2012,,,,,"823/SHA",,,,"SHANKAR;Author","STORY",,,,55,,"BULSAR BOOK STORE",,,,"STORY",
"The Story of Gandhi",,9788170110644,"CBT",2012,,,,,"920/SHA",,,,"SHANKER.RAJKUMARI;Author",,,,,55,,"BULSAR BOOK STORE",,,,"BIOGRAPHIES",
"Stories of India",,9788170117537,"CBT",2012,,,,,"823/SAR",,,,"SARABHAI.MRINALINI;Author","STORY",,,,90,,"BULSAR BOOK STORE",,,,"STORY",
"The Story of Time",,9788170118916,"CBT",2012,,,,,"823/BER",,,,"BERRY.NITA;Author","STORY",,,,120,,"BULSAR BOOK STORE",,,,"STORY",
"The Story of Writing",,9788170117964,"CBT",2012,,,,,"823/BER",,,,"BERRY.NITA;Author","STORY",,,,90,,"BULSAR BOOK STORE",,,,"STORY",
"The Banyan Tree 15 Value Based Stories",,9788170119876,"CBT",2012,,,,,"823/SUB",,,,"SUBRAMANIAM.NEELA;Author OTHERS;Author","STORY",,,,90,,"BULSAR BOOK STORE",,,,"STORY",
"The Treasure of Kumbher",,9788170116257,"CBT",2012,,,,,"823/NAR",,,,"NARAYAN. KRISHNA;Author","STORY",,,,120,,"BULSAR BOOK STORE",,,,"STORY",
"The Guardian of Gunrock",,"978-81-89750-98-5","CBT",2012,,,,,"823/RAO",,,,"RAO.CHERYL;Author OTHERS;Author","STORY",,,,90,,"BULSAR BOOK STORE",,,,"STORY",
"Treasure of Indian Tales",,9788170116875,"CBT",2012,,,,,"823/SHA",,,,"SHANKAR;Author","STORY",,,,160,,"BULSAR BOOK STORE",,,,"STORY",
"The Wonder of Water",,9788170118985,"CBT",2013,,,,,"823/BER",,,,"BERRY.NITA;Author","STORY",,,,90,,"BULSAR BOOK STORE",,,,"STORY",
"Folk Tales of Andhra Pradesh",,"978-93-80076-00-3","CBT",2012,,,,,"823/IYE",,,,"IYERNGAR.GITA;Author","STORY",,,,90,,"BULSAR BOOK STORE",,,,"STORY",
"Kaleidoscope 34 Short Stories",,9788170117513,"CBT",2012,,,,,"823/KAU",,,,"KAUL.VATSALA;Author OTHERS;Author","STORY",,,,120,,"BULSAR BOOK STORE",,,,"STORY",
"Ladakh Mountains of Adventure",,9788170119791,"CBT",2012,,,,,"910/KAU",,,,"KAUR.SIMREN;Author","TRAVEL",,,,90,,"BULSAR BOOK STORE",,,,"GEOGRAPHY & HISTORY",
"Stories from Ithihyamala Fables of Kerela",,9788170119036,"CBT",2009,,,,,"823/SRI",,,,"SRIKUMAR.A.K.;Author","STORY",,,,130,,"BULSAR BOOK STORE",,,,"STORY",
"A Bacterial Invasion",,"978-93-80076-31-7","CBT",2012,,,,,"500/MAN",,,,"Reeta Subramaniam mani;Author",,,,,30,,"BULSAR BOOK STORE",,,,"SCIENCE",
"The Story of Louis Braille",,"978-93-80076-40-9","CBT",2012,,,,,"920/DAS",,,,"DAS.MANIMALA;Author",,,,,50,,"BULSAR BOOK STORE",,,,"BIOGRAPHIES",
"Treasure in Measure",,"978-93-80076-48-5","CBT",2011,,,,,"823/SHA",,,,"SHARADA.G.;Author","STORY",,,,40,,"BULSAR BOOK STORE",,,,"STORY",
"Adventure Stories",,9788170117506,"CBT",2012,,,,,"823/DUT",,,,"DUTT.ARUP KUMAR;Author","STORY",,,,150,,"BULSAR BOOK STORE",,,,"STORY",
"30 Teenage Stories",,9788170119418,"CBT",2013,,,,,"823/MIT",,,,"MURTI.R.K.;Author OTHERS;Author","STORY",,,,100,,"BULSAR BOOK STORE",,,,"STORY",
"Man Beast and Wilderness Jungle Tales",,"978-93-80776-53-9","CBT",2012,,,,,"823/SRI",,,,"SRIKUMAR.A.K.;Author","STORY",,,,115,,"BULSAR BOOK STORE",,,,"STORY",
"Teenage Stories",,9788170118541,"CBT",2012,,,,,"823/GOV",,,,"GOVINDAN.SANTHINI;Author OTHERS;Author","STORY",,,,60,,"BULSAR BOOK STORE",,,,"STORY",
"Mystery of the falling Mountain",,9788170119609,"CBT",2013,,,,,"823/SIN",,,,"SINHA.NILIMA;Author","STORY",,,,40,,"BULSAR BOOK STORE",,,,"STORY",
"Scientists of India",,9788170113188,"CBT",2013,,,,,"925/SAL",,,,"SALWI.DILIP M.;Author","SCIENTISTS",,,,55,,"BULSAR BOOK STORE",,,,"BIOGRAPHIES",
"The Virus Trap",,9788170119654,"CBT",2011,,,,,"823/SAX",,,,"SAXENA.IRA;Author","STORY",,,,45,,"BULSAR BOOK STORE",,,,"STORY",
"A Pinch of salt Rocks An Empire",,9788170112914,"CBT",2011,,,,,"300/SIN",,,,"SINHA.SAROJINI;Author",,,,,30,,"BULSAR BOOK STORE",,,,"SOCIAL SCIENCE",
"REMEMBERING OUR LEADERS: Vol-1",,9788170115458,"CBT",2013,,,,,"920/BHA",,,,"BHATTACHERJEE.SHUKHAMOY;Author OTHERS;Author","LEADERS",,,,45,,"BULSAR BOOK STORE",,,,"BIOGRAPHIES",
"REMEMBERING OUR LEADERS: Vol-2",,9788170117018,"CBT",2011,,,,,"920/SAX",,,,"SAXENA.IRA;Author OTHERS;Author","LEADERS",,,,45,,"BULSAR BOOK STORE",,,,"BIOGRAPHIES",
"REMEMBERING OUR LEADERS: Vol-3",,9788170114871,"CBT",2013,,,,,"920/DUT",,,,"DUTTA.SWAPNA;Author OTHERS;Author","LEADERS",,,,45,,"BULSAR BOOK STORE",,,,"BIOGRAPHIES",
"REMEMBERING OUR LEADERS: Vol-4",,9788170116783,"CBT",2011,,,,,"920/SRI",,,,"SRIKUMAR.A.K.;Author OTHERS;Author","LEADERS",,,,45,,"BULSAR BOOK STORE",,,,"BIOGRAPHIES",
"REMEMBERING OUR LEADERS: Vol-5",,9788170116790,"CBT",2011,,,,,"920/SAI",,,,"SAIN.PRAVEENA BHIM;Author OTHERS;Author","LEADERS",,,,45,,"BULSAR BOOK STORE",,,,"BIOGRAPHIES",
"REMEMBERING OUR LEADERS: Vol-6",,9788170117629,"CBT",2013,,,,,"920/MEH",,,,"MEHTA.J.C.;Author OTHERS;Author","LEADERS",,,,45,,"BULSAR BOOK STORE",,,,"BIOGRAPHIES",
"REMEMBERING OUR LEADERS: Vol-7",,9788170117674,"CBT",2012,,,,,"920/SAI",,,,"SAIN.PRAVEENA BHIM;Author OTHERS;Author","LEADERS",,,,45,,"BULSAR BOOK STORE",,,,"BIOGRAPHIES",
"REMEMBERING OUR LEADERS: Vol-8",,9788170118244,"CBT",2012,,,,,"920/MAH",,,,"MAHAJAN.ANITA;Author OTHERS;Author","LEADERS",,,,45,,"BULSAR BOOK STORE",,,,"BIOGRAPHIES",
"REMEMBERING OUR LEADERS: Vol-9",,9788170118428,"CBT",2011,,,,,"920/MAH",,,,"MAHAJAN.ANITA;Author OTHERS;Author","LEADERS",,,,45,,"BULSAR BOOK STORE",,,,"BIOGRAPHIES",
"REMEMBERING OUR LEADERS: Vol-10",,9788170119296,"CBT",2011,,,,,"920/DEB",,,,"DEBROY.DIPAVALI;Author OTHERS;Author","LEADERS",,,,45,,"BULSAR BOOK STORE",,,,"BIOGRAPHIES",
"MEDIA PERSONALITIES OUR LEADERS: Vol-11",,9788170119555,"CBT",2013,,,,,"920/DEB",,,,"DEBROY.DIPAVALI;Author OTHERS;Author","LEADERS",,,,45,,"BULSAR BOOK STORE",,,,"BIOGRAPHIES",
"OUR LEADERS:SOCIAL SAVANTS,Vol-12",,9788170119883,"CBT",2011,,,,,"920/ANA",,,,"ANANTHAKRISHNAN.INDIRA;Author","LEADERS",,,,40,,"BULSAR BOOK STORE",,,,"BIOGRAPHIES",
"5 Mystery Stories",,9788170119487,"CBT",2012,,,,,"823/SIN",,,,"SINHA.NILIMA;Author","STORY",,,,160,,"BULSAR BOOK STORE",,,,"STORY",
"A Vibrant Adventure Travel Tales",,"978-93-800-76-56-0","CBT",2012,,,,,"823/SRI",,,,"SRIKUMAR.A.K.;Author","STORY",,,,160,,"BULSAR BOOK STORE",,,,"STORY",
"Twinkle Twinkle Little Star",,9788170118923,"CBT",2012,,,,,"500/PAK",,,,"PAKSHIRAJAN.T.;Author",,,,,100,,"BULSAR BOOK STORE",,,,"SCIENCE",
"Dances Of India",,"978-93-80076-47-8","CBT",2012,,,,,"700/VEN",,,,"VENKATARAMAN.LEELA;Author",,,,,110,,"BULSAR BOOK STORE",,,,"ART",
"SCIENCE ON THE MARCH",,9788170119333,"CBT",2011,,,,,"500/MUR",,,,"MURTHI.R.K.;Author OTHERS;Author",,,,,45,,"BULSAR BOOK STORE",,,,"SCIENCE",
"Does Life come from Non- Living Things ?",,"978-93-80076-49-2","CBT",2011,,,,,"500/RAM",,,,"RAM.M.J.SUNDER;Author",,,,,45,,"BULSAR BOOK STORE",,,,"SCIENCE",
"Marvels of Nature",,9788170119623,"CBT",2012,,,,,"500/RAV",,,,"RAVINDRA.SAVITA;Author",,,,,85,,"BULSAR BOOK STORE",,,,"SCIENCE",
"From ATom to Nano - Tech",,9788170117841,"CBT",2012,,,,,"500/CHI",,,,"CHITRAO.KALYANI;Author OTHERS;Author",,,,,90,,"BULSAR BOOK STORE",,,,"SCIENCE",
"Time To Rhyme",,9788170111269,"CBT",2011,,,,,"823/SEW",,,,"SEWAK.NIRANKAR DEV;Author","STORY",,,,25,,"BULSAR BOOK STORE",,,,"STORY",
"Don’t spare me Shankar",,9788170111573,"CBT",2009,,,,,"320/NEH",,,,"NEHRU.JAWAHARLAL;Author",,,,,250,,"BULSAR BOOK STORE",,,,"SOCIAL SCIENCE",
"The Walk a Way Shoes",,"978-1-84135-475-0","AWARD",2012,,,,,"823/BLY",,,,"BLYTON.ENID;Author",,,,,225,,"BULSAR BOOK STORE",,,,"FICTION",
"Sneezling power",,"978-1-84135-438-5","AWARD",2012,,,,,"823/BLY",,,,"BLYTON.ENID;Author",,,,,225,,"BULSAR BOOK STORE",,,,"FICTION",
"The Magic Ice Cream",,"978-1-84135-422-4","AWARD",2012,,,,,"823/BLY",,,,"BLYTON.ENID;Author",,,,,225,,"BULSAR BOOK STORE",,,,"FICTION",
"The Fly away Money",,"978-1-84135-448-4","AWARD",2012,,,,,"823/BLY",,,,"BLYTON.ENID;Author",,,,,225,,"BULSAR BOOK STORE",,,,"FICTION",
"The Three Strange Travellers",,"978-1-84135-481-1","AWARD",2012,,,,,"823/BLY",,,,"BLYTON.ENID;Author",,,,,225,,"BULSAR BOOK STORE",,,,"FICTION",
"The Little white Rabbit",,"978-1-84135-443-9","AWARD",2011,,,,,"823/BLY",,,,"BLYTON.ENID;Author",,,,,225,,"BULSAR BOOK STORE",,,,"FICTION",
"The Enchanted Bellows",,"978-1-84315-447-7","AWARD",2011,,,,,"823/BLY",,,,"BLYTON.ENID;Author",,,,,225,,"BULSAR BOOK STORE",,,,"FICTION",
"The Little old Toymaker",,"978-1-84135-447-4","AWARD",2012,,,,,"823/BLY",,,,"BLYTON.ENID;Author",,,,,225,,"BULSAR BOOK STORE",,,,"FICTION",
"The House with Six Legs",,"978-1-84135-478-1","AWARD",2012,,,,,"823/BLY",,,,"BLYTON.ENID;Author",,,,,225,,"BULSAR BOOK STORE",,,,"FICTION",
"The Enchanted Table",,"978-1-84135-476-7","AWARD",2012,,,,,"823/BLY",,,,"BLYTON.ENID;Author",,,,,225,,"BULSAR BOOK STORE",,,,"FICTION",
"Mr. Pink - Whistle",,"978-1-84135-486-6","AWARD",2012,,,,,"823/BLY",,,,"BLYTON.ENID;Author",,,,,225,,"BULSAR BOOK STORE",,,,"FICTION",
"Benny and The Giants",,"978-1-84135-491-0","AWARD",2012,,,,,"823/BLY",,,,"BLYTON.ENID;Author",,,,,225,,"BULSAR BOOK STORE",,,,"FICTION",
"The Fairy Kitten",,"978-1-84135-425-5","AWARD",2012,,,,,"823/BLY",,,,"BLYTON.ENID;Author",,,,,225,,"BULSAR BOOK STORE",,,,"FICTION",
"The Twiddle fetches Polly",,"978-1-84135-487-3","AWARD",2003,,,,,"823/BLY",,,,"BLYTON.ENID;Author",,,,,225,,"BULSAR BOOK STORE",,,,"FICTION",
"Peronel's Magic Polish",,"978-1-84135-432-3","AWARD",2012,,,,,"823/BLY",,,,"BLYTON.ENID;Author",,,,,225,,"BULSAR BOOK STORE",,,,"FICTION",
"The Wishing Spells",,"978-1-84135-489-7","AWARD",2012,,,,,"823/BLY",,,,"BLYTON.ENID;Author",,,,,225,,"BULSAR BOOK STORE",,,,"FICTION",
"Might - One the Wizard",,"978-1-84135-488-0","AWARD",2012,,,,,"823/BLY",,,,"BLYTON.ENID;Author",,,,,225,,"BULSAR BOOK STORE",,,,"FICTION",
"Peter and The Mgic Shadow",,"978-1-84135-490-3","AWARD",2012,,,,,"823/BLY",,,,"BLYTON.ENID;Author",,,,,225,,"BULSAR BOOK STORE",,,,"FICTION",
"The Enchanted Shoes",,"978-1-34135-442-2","AWARD",2012,,,,,"823/BLY",,,,"BLYTON.ENID;Author",,,,,225,,"BULSAR BOOK STORE",,,,"FICTION",
"The Wonderful Torch",,"978-1-84135-429-3","AWARD",2012,,,,,"823/BLY",,,,"BLYTON.ENID;Author",,,,,225,,"BULSAR BOOK STORE",,,,"FICTION",
"Mr. Wumble and The Dargon",,"978-1-84135-485-9","AWARD",2012,,,,,"823/BLY",,,,"BLYTON.ENID;Author",,,,,225,,"BULSAR BOOK STORE",,,,"FICTION",
"The Flopperty Bird",,"978-1-84135-433-0","AWARD",2012,,,,,"823/BLY",,,,"BLYTON.ENID;Author",,,,,225,,"BULSAR BOOK STORE",,,,"FICTION",
"The Secret Door",,"978-1-84135-466-8","AWARD",2011,,,,,"823/BLY",,,,"BLYTON.ENID;Author",,,,,225,,"BULSAR BOOK STORE",,,,"FICTION",
"The Little Brownie House",,"978-1-84135-467-5","AWARD",2011,,,,,"823/BLY",,,,"BLYTON.ENID;Author",,,,,225,,"BULSAR BOOK STORE",,,,"FICTION",
"The cat with a feathery Tail",,"978-1-84135-468-2","AWARD",2011,,,,,"823/BLY",,,,"BLYTON.ENID;Author",,,,,225,,"BULSAR BOOK STORE",,,,"FICTION",
"The Magic Clock ",,"978-1-84135-430-9","AWARD",2012,,,,,"823/BLY",,,,"BLYTON.ENID;Author",,,,,225,,"BULSAR BOOK STORE",,,,"FICTION",
"The Little Lost Hen",,"978-1-84135-426-2","AWARD",2012,,,,,"823/BLY",,,,"BLYTON.ENID;Author",,,,,225,,"BULSAR BOOK STORE",,,,"FICTION",
"The Pig With Green Spots",,"978-1-84135-435-4","AWARD",2012,,,,,"823/BLY",,,,"BLYTON.ENID;Author",,,,,225,,"BULSAR BOOK STORE",,,,"FICTION",
"The Very Peculiar Cow",,"978-1-84135-424-8","AWARD",2011,,,,,"823/BLY",,,,"BLYTON.ENID;Author",,,,,225,,"BULSAR BOOK STORE",,,,"FICTION",
"Christiana's Kite",,"978-1-84135-421-7","AWARD",2012,,,,,"823/BLY",,,,"BLYTON.ENID;Author",,,,,225,,"BULSAR BOOK STORE",,,,"FICTION",
"The Donkey on the Sands",,"978-1-84135-473-6","AWARD",2011,,,,,"823/BLY",,,,"BLYTON.ENID;Author",,,,,225,,"BULSAR BOOK STORE",,,,"FICTION",
"The Wishing Jug",,"978-1-84135-471-2","AWARD",2012,,,,,"823/BLY",,,,"BLYTON.ENID;Author",,,,,225,,"BULSAR BOOK STORE",,,,"FICTION",
"The Three Bold Pixies",,"978-1-84135-469-9","AWARD",2012,,,,,"823/BLY",,,,"BLYTON.ENID;Author",,,,,225,,"BULSAR BOOK STORE",,,,"FICTION",
"The Cuckoo in the Clock",,"978-1-84135-440-8","AWARD",2011,,,,,"823/BLY",,,,"BLYTON.ENID;Author",,,,,225,,"BULSAR BOOK STORE",,,,"FICTION",
"Bicycle magic",,"978-1-84135-427-9","AWARD",2011,,,,,"823/BLY",,,,"BLYTON.ENID;Author",,,,,225,,"BULSAR BOOK STORE",,,,"FICTION",
"The Goblin's Toyshop",,"978-1-84135-470-5","AWARD",2012,,,,,"823/BLY",,,,"BLYTON.ENID;Author",,,,,225,,"BULSAR BOOK STORE",,,,"FICTION",
"The Ugle Scarecrow",,"978-1-84135-462-0","AWARD",2012,,,,,"823/BLY",,,,"BLYTON.ENID;Author",,,,,225,,"BULSAR BOOK STORE",,,,"FICTION",
"The Magic Snow Bina",,"978-1-84135-420-0","AWARD",2012,,,,,"823/BLY",,,,"BLYTON.ENID;Author",,,,,225,,"BULSAR BOOK STORE",,,,"FICTION",
"The Little Toy Engine",,"978-1-84135-460-6","AWARD",2011,,,,,"823/BLY",,,,"BLYTON.ENID;Author",,,,,225,,"BULSAR BOOK STORE",,,,"FICTION",
"The Strange Umbrella ",,"978-1-84135-461-3","AWARD",2012,,,,,"823/BLY",,,,"BLYTON.ENID;Author",,,,,225,,"BULSAR BOOK STORE",,,,"FICTION",
"The Tower in Ho-Ho Wood",,"978-1-84135-463-7","AWARD",2012,,,,,"823/BLY",,,,"BLYTON.ENID;Author",,,,,225,,"BULSAR BOOK STORE",,,,"FICTION",
"Preety Star The Pony",,"978-1-84135-459-0","AWARD",2012,,,,,"823/BLY",,,,"BLYTON.ENID;Author",,,,,225,,"BULSAR BOOK STORE",,,,"FICTION",
"The Fairies Shoemaker",,"978-1-84135-458-3","AWARD",2011,,,,,"823/BLY",,,,"BLYTON.ENID;Author",,,,,225,,"BULSAR BOOK STORE",,,,"FICTION",
"The Banana Robber ",,"978-1-84135-431-6","AWARD",2012,,,,,"823/BLY",,,,"BLYTON.ENID;Author",,,,,225,,"BULSAR BOOK STORE",,,,"FICTION",
"Snicker The Brownie",,"978-1-84135-455-2","AWARD",2011,,,,,"823/BLY",,,,"BLYTON.ENID;Author",,,,,225,,"BULSAR BOOK STORE",,,,"FICTION",
"The Magic Brush",,"978-1-84135-454-5","AWARD",2011,,,,,"823/BLY",,,,"BLYTON.ENID;Author",,,,,225,,"BULSAR BOOK STORE",,,,"FICTION",
"The Little Brown Bear",,"978-1-84135-444-6","AWARD",2012,,,,,"823/BLY",,,,"BLYTON.ENID;Author",,,,,225,,"BULSAR BOOK STORE",,,,"FICTION",
"The Teddy Bear's Tail",,"978-1-84135-434-7","AWARD",2011,,,,,"823/BLY",,,,"BLYTON.ENID;Author",,,,,225,,"BULSAR BOOK STORE",,,,"FICTION",
"The Rabbit's Whiskers",,"978-1-84135-445-3","AWARD",2011,,,,,"823/BLY",,,,"BLYTON.ENID;Author",,,,,225,,"BULSAR BOOK STORE",,,,"FICTION",
"Twelve Silver Cups",,"978-1-84135-456-9","AWARD",2012,,,,,"823/BLY",,,,"BLYTON.ENID;Author",,,,,225,,"BULSAR BOOK STORE",,,,"FICTION",
"A Hole in Her Pocket",,"978-1-84135-449-1","AWARD",2011,,,,,"823/BLY",,,,"BLYTON.ENID;Author",,,,,225,,"BULSAR BOOK STORE",,,,"FICTION",
"The Greedy Rabbit",,"978-1-84135-428-6","AWARD",2012,,,,,"823/BLY",,,,"BLYTON.ENID;Author",,,,,225,,"BULSAR BOOK STORE",,,,"FICTION",
"The Goblin Hat",,"978-1-84135-439-2","AWARD",2012,,,,,"823/BLY",,,,"BLYTON.ENID;Author",,,,,225,,"BULSAR BOOK STORE",,,,"FICTION",
"Big eye the enchanter",,"978-1-84135-457-6","AWARD",2012,,,,,"823/BLY",,,,"BLYTON.ENID;Author",,,,,225,,"BULSAR BOOK STORE",,,,"FICTION",
"Giants Round the corner",,"978-1-84135-480-4","AWARD",2011,,,,,"823/BLY",,,,"BLYTON.ENID;Author",,,,,225,,"BULSAR BOOK STORE",,,,"FICTION",
"The tale of Bushy the fox",,"978-1-84135-479-8","AWARD",2011,,,,,"823/BLY",,,,"BLYTON.ENID;Author",,,,,225,,"BULSAR BOOK STORE",,,,"FICTION",
"The Bed that Ran Away",,"978-1-84135-453-8","AWARD",2011,,,,,"823/BLY",,,,"BLYTON.ENID;Author",,,,,225,,"BULSAR BOOK STORE",,,,"FICTION",
"The little witch dog",,"978-1-84135-472-9","AWARD",2012,,,,,"823/BLY",,,,"BLYTON.ENID;Author",,,,,225,,"BULSAR BOOK STORE",,,,"FICTION",
"The magic mirror",,"978-1-84135-474-3","AWARD",2012,,,,,"823/BLY",,,,"BLYTON.ENID;Author",,,,,225,,"BULSAR BOOK STORE",,,,"FICTION",
"The brave Toy Solider",,"978-1-84135-452-1","AWARD",2012,,,,,"823/BLY",,,,"BLYTON.ENID;Author",,,,,225,,"BULSAR BOOK STORE",,,,"FICTION",
"The Sneezing Dog",,"978-1-84135-423-1","AWARD",2012,,,,,"823/BLY",,,,"BLYTON.ENID;Author",,,,,225,,"BULSAR BOOK STORE",,,,"FICTION",
"The wishing wand",,"978-1-84135-446-0","AWARD",2011,,,,,"823/BLY",,,,"BLYTON.ENID;Author",,,,,225,,"BULSAR BOOK STORE",,,,"FICTION",
"The fly Award Cottage",,"978-1-84135-465-1","AWARD",2012,,,,,"823/BLY",,,,"BLYTON.ENID;Author",,,,,225,,"BULSAR BOOK STORE",,,,"FICTION",
"Mr. icy- cold",,"978-1-84135-464-4","AWARD",2011,,,,,"823/BLY",,,,"BLYTON.ENID;Author",,,,,225,,"BULSAR BOOK STORE",,,,"FICTION",
"The Brave Little Puppy",,"978-1-84135-451-4","AWARD",2011,,,,,"823/BLY",,,,"BLYTON.ENID;Author",,,,,225,,"BULSAR BOOK STORE",,,,"FICTION",
"Look out for the Elephant",,"978-1-84135-450-7","AWARD",2012,,,,,"823/BLY",,,,"BLYTON.ENID;Author",,,,,225,,"BULSAR BOOK STORE",,,,"FICTION",
"The Meddle's Bicycle",,"978-1-84135-436-1","AWARD",2012,,,,,"823/BLY",,,,"BLYTON.ENID;Author",,,,,225,,"BULSAR BOOK STORE",,,,"FICTION",
"The Magic Needle",,"978-1-84135-441-5","AWARD",2012,,,,,"823/BLY",,,,"BLYTON.ENID;Author",,,,,225,,"BULSAR BOOK STORE",,,,"FICTION",
"The smickle smockle",,"978-1-84135-484-2","AWARD",2011,,,,,"823/BLY",,,,"BLYTON.ENID;Author",,,,,225,,"BULSAR BOOK STORE",,,,"FICTION",
"The Magic waterring Car",,"978-1-84135-482-8","AWARD",2012,,,,,"823/BLY",,,,"BLYTON.ENID;Author",,,,,225,,"BULSAR BOOK STORE",,,,"FICTION",
"The astonishing Ladder",,"978-1-84135-483-5","AWARD",2012,,,,,"823/BLY",,,,"BLYTON.ENID;Author",,,,,225,,"BULSAR BOOK STORE",,,,"FICTION",
"The six Red Wizards",,"978-1-84135-437-8","AWARD",2011,,,,,"823/BLY",,,,"BLYTON.ENID;Author",,,,,225,,"BULSAR BOOK STORE",,,,"FICTION",
"The Ragamuffins Mystery:6",,"978-1-84135-733-1","AWARD",2011,,,,,"823/BLY",,,,"BLYTON.ENID;Author",,,,,195,,"BULSAR BOOK STORE",,,,"FICTION",
"The Rubadub Mystery:4",,"978-1-84135-731-7","AWARD",2011,,,,,"823/BLY",,,,"BLYTON.ENID;Author",,,,,195,,"BULSAR BOOK STORE",,,,"FICTION",
"The Rat-a-tat Mystery:5",,"978-1-84135-732-4","AWARD",2011,,,,,"823/BLY",,,,"BLYTON.ENID;Author",,,,,195,,"BULSAR BOOK STORE",,,,"FICTION",
"The Ring o' Bells  Mystery:3",,"978-1-84135-730-0","AWARD",2011,,,,,"823/BLY",,,,"BLYTON.ENID;Author",,,,,195,,"BULSAR BOOK STORE",,,,"FICTION",
"The Rilloby fair Mystery:2",,"978-1-84135-729-0","AWARD",2011,,,,,"823/BLY",,,,"BLYTON.ENID;Author",,,,,195,,"BULSAR BOOK STORE",,,,"FICTION",
"The Rocking Down Mystery:1",,"978-1-84135-728-7","AWARD",2011,,,,,"823/BLY",,,,"BLYTON.ENID;Author",,,,,195,,"BULSAR BOOK STORE",,,,"FICTION",
"The Riddle of Holiday House:1",,"978-1-84135-737-9","AWARD",2010,,,,,"823/BLY",,,,"BLYTON.ENID;Author",,,,,195,,"BULSAR BOOK STORE",,,,"FICTION",
"The Riddle that Never way:2",,"978-1-84135-738-6","AWARD",2010,,,,,"823/BLY",,,,"BLYTON.ENID;Author",,,,,195,,"BULSAR BOOK STORE",,,,"FICTION",
"The Riddle of the Rajah's Ruby:3",,"978-1-84135-739-3","AWARD",2010,,,,,"823/BLY",,,,"BLYTON.ENID;Author",,,,,195,,"BULSAR BOOK STORE",,,,"FICTION",
"The Riddle of the Hollow tree:4",,"978-1-84135-740-9","AWARD",2010,,,,,"823/BLY",,,,"BLYTON.ENID;Author",,,,,195,,"BULSAR BOOK STORE",,,,"FICTION",
"The Riddle of the Hidden treasure:5",,"978-1-84135-741-6","AWARD",2010,,,,,"823/BLY",,,,"BLYTON.ENID;Author",,,,,195,,"BULSAR BOOK STORE",,,,"FICTION",
"The Riddle of the Boy Next Door:6",,"978-1-84135-742-3","AWARD",2010,,,,,"823/BLY",,,,"BLYTON.ENID;Author",,,,,195,,"BULSAR BOOK STORE",,,,"FICTION",
"The Adventure four Trapped",,"978-1-84135-736-2","AWARD",2010,,,,,"823/BLY",,,,"BLYTON.ENID;Author",,,,,195,,"BULSAR BOOK STORE",,,,"FICTION",
"The Adventure four Stranded",,"978-1-84135-735-5","AWARD",2010,,,,,"823/BLY",,,,"BLYTON.ENID;Author",,,,,195,,"BULSAR BOOK STORE",,,,"FICTION",
"Enchanted world (series) Silyard the Everlasting Candle:6",,"978-1-4052-5787-9","EGMONT",2011,,,,,"823/BLY",,,,"BLYTON.ENID;Author ALLEN.ELISE ;Author",,,,,125,,"BULSAR BOOK STORE",,,,"FICTION",
"Melody and the Gemini Locket:7",,"978-1-4052-5788-6","EGMONT",2011,,,,,"823/BLY",,,,"BLYTON.ENID;Author ALLEN.ELISE ;Author",,,,,125,,"BULSAR BOOK STORE",,,,"FICTION",
"Silky and the Rainbow feather:1",,"978-1-4052-5788-6","EGMONT",2011,,,,,"823/BLY",,,,"BLYTON.ENID;Author ALLEN.ELISE ;Author",,,,,125,,"BULSAR BOOK STORE",,,,"FICTION",
"Pinx and the Ring of Midnight:4",,"978-1-4052-5287-4","EGMONT",2011,,,,,"823/BLY",,,,"BLYTON.ENID;Author ALLEN.ELISE ;Author",,,,,125,,"BULSAR BOOK STORE",,,,"FICTION",
"Bizzy and the Bead time Bear:5",,"978-1-4052-5789-3","EGMONT",2011,,,,,"823/BLY",,,,"BLYTON.ENID;Author ALLEN.ELISE ;Author",,,,,125,,"BULSAR BOOK STORE",,,,"FICTION",
"Patel and the Eternal Bloom:3",,"978-1-4052-5286-7","EGMONT",2011,,,,,"823/BLY",,,,"BLYTON.ENID;Author ALLEN.ELISE ;Author",,,,,125,,"BULSAR BOOK STORE",,,,"FICTION",
"Melody and the Enchanted harp:2",,"978-1-4052-5285-0","EGMONT",2011,,,,,"823/BLY",,,,"BLYTON.ENID;Author ALLEN.ELISE ;Author",,,,,125,,"BULSAR BOOK STORE",,,,"FICTION",
"The mystery of Banshree towers:15",,"978-1-4052-2846-6","EGMONT",2012,,,,,"823/BLY",,,,"BLYTON.ENID;Author",,,,,135,,"BULSAR BOOK STORE",,,,"FICTION",
"The mystery of holly lane:11",,"978-1-4052-2842-8","EGMONT",2011,,,,,"823/BLY",,,,"BLYTON.ENID;Author",,,,,135,,"BULSAR BOOK STORE",,,,"FICTION",
"The mystery of the secret room:3",,"978-1-4052-2834-3","EGMONT",2011,,,,,"823/BLY",,,,"BLYTON.ENID;Author",,,,,135,,"BULSAR BOOK STORE",,,,"FICTION",
"The mystery of the Disappearing cat",,"978-1-4052-2833-6","EGMONT",2011,,,,,"823/BLY",,,,"BLYTON.ENID;Author",,,,,135,,"BULSAR BOOK STORE",,,,"FICTION",
"The mystery of Tally-ho cottage:12",,"978-1-4052-2843-5","EGMONT",2011,,,,,"823/BLY",,,,"BLYTON.ENID;Author",,,,,135,,"BULSAR BOOK STORE",,,,"FICTION",
"The Mystery of the invisible thief:8",,"978-1-4052-2839-8","EGMONT",2011,,,,,"823/BLY",,,,"BLYTON.ENID;Author",,,,,135,,"BULSAR BOOK STORE",,,,"FICTION",
"The Mystery of the strange Messages:14",,"978-1-4052-2845-9","EGMONT",2011,,,,,"823/BLY",,,,"BLYTON.ENID;Author",,,,,135,,"BULSAR BOOK STORE",,,,"FICTION",
"The Mystery of the burnt cottage",,"978-1-4052-2824-4","EGMONT",2011,,,,,"823/BLY",,,,"BLYTON.ENID;Author",,,,,135,,"BULSAR BOOK STORE",,,,"FICTION",
"Second form Malory Towers",,"978-1-4052-4585-2","EGMONT",2011,,,,,"823/BLY",,,,"BLYTON.ENID;Author",,,,,135,,"BULSAR BOOK STORE",,,,"FICTION",
"The Mystery of the Vanished Prince:9",,"978-1-4052-2840-4","EGMONT",2011,,,,,"823/BLY",,,,"BLYTON.ENID;Author",,,,,135,,"BULSAR BOOK STORE",,,,"FICTION",
"The Mystery of the strange bundle:10",,"978-1-4052-2841-1","EGMONT",2011,,,,,"823/BLY",,,,"BLYTON.ENID;Author",,,,,135,,"BULSAR BOOK STORE",,,,"FICTION",
"The Mystery of the Pantomime Cat ",,"978-1-4052-2838-1","EGMONT",2011,,,,,"823/BLY",,,,"BLYTON.ENID;Author",,,,,135,,"BULSAR BOOK STORE",,,,"FICTION",
"The Mystery of the spiteful letter:4",,"978-1-405-2835-0","EGMONT",2011,,,,,"823/BLY",,,,"BLYTON.ENID;Author",,,,,135,,"BULSAR BOOK STORE",,,,"FICTION",
"The Mystery of the missing Man:13",,"978-1-4052-2844-2","EGMONT",2011,,,,,"823/BLY",,,,"BLYTON.ENID;Author",,,,,135,,"BULSAR BOOK STORE",,,,"FICTION",
"The Mystery of the missing Necklace:5",,"978-1-4052-2836-7","EGMONT",2011,,,,,"823/BLY",,,,"BLYTON.ENID;Author",,,,,135,,"BULSAR BOOK STORE",,,,"FICTION",
"The Mystery of the hidden house:6",,"978-1-4052-2837-4","EGMONT",2011,,,,,"823/BLY",,,,"BLYTON.ENID;Author",,,,,135,,"BULSAR BOOK STORE",,,,"FICTION",
"More wishing chair stories",,"978-1-4052-5293-5","EGMONT",2011,,,,,"823/BLY",,,,"BLYTON.ENID;Author",,,,,125,,"BULSAR BOOK STORE",,,,"FICTION",
"The wishing chair again",,"978-1-4052-2865-7","EGMONT",2011,,,,,"823/BLY",,,,"BLYTON.ENID;Author",,,,,125,,"BULSAR BOOK STORE",,,,"FICTION",
"The Adventure of the wishing chair",,"978-1-4052-2864-0","EGMONT",2011,,,,,"823/BLY",,,,"BLYTON.ENID;Author",,,,,125,,"BULSAR BOOK STORE",,,,"FICTION",
"The New Adventure of the wishing -chair( series) The island of surprise:1",,"978-1-4052-5792-3","EGMONT",2011,,,,,"823/BLY",,,,"BLYTON.ENID;Author",,,,,125,,"BULSAR BOOK STORE",,,,"FICTION",
"The land of fairy tales:5",,"978-1-4052-5794-7","EGMONT",2011,,,,,"823/BLY",,,,"BLYTON.ENID;Author",,,,,125,,"BULSAR BOOK STORE",,,,"FICTION",
"Spell world:3",,"978-1-4052-5791-6","EGMONT",2011,,,,,"823/BLY",,,,"BLYTON.ENID;Author",,,,,125,,"BULSAR BOOK STORE",,,,"FICTION",
"Winter Wonderland:6",,"978-1-4052-5795-4","EGMONT",2011,,,,,"823/BLY",,,,"BLYTON.ENID;Author",,,,,125,,"BULSAR BOOK STORE",,,,"FICTION",
"Fun and Games Malony Towers:10",,"978-1-4052-5783-1","EGMONT",2011,,,,,"823/BLY",,,,"BLYTON.ENID;Author",,,,,125,,"BULSAR BOOK STORE",,,,"FICTION",
"Winter term Melory Towers:9",,"978-1-4052-5285-5","EGMONT",2011,,,,,"823/BLY",,,,"BLYTON.ENID;Author",,,,,125,,"BULSAR BOOK STORE",,,,"FICTION",
"Good bye Melory Towers:12",,"978-1-4052-5785-5","EGMONT",2011,,,,,"823/BLY",,,,"BLYTON.ENID;Author",,,,,125,,"BULSAR BOOK STORE",,,,"FICTION",
"Third year Malory Towers:3",,"978-1-4052-2860-2","EGMONT",2011,,,,,"823/BLY",,,,"BLYTON.ENID;Author",,,,,125,,"BULSAR BOOK STORE",,,,"FICTION",
"Upper fourth Malory Towers:4",,"978-1-4052-2861-9","EGMONT",2011,,,,,"823/BLY",,,,"BLYTON.ENID;Author",,,,,125,,"BULSAR BOOK STORE",,,,"FICTION",
"Summer Term Malory Towers:8",,"978-1-4052-5290-4","EGMONT",2011,,,,,"823/BLY",,,,"BLYTON.ENID;Author",,,,,125,,"BULSAR BOOK STORE",,,,"FICTION",
"In the fifth Malory Towers:5",,"978-1-4052-2862-6","EGMONT",2011,,,,,"823/BLY",,,,"BLYTON.ENID;Author",,,,,125,,"BULSAR BOOK STORE",,,,"FICTION",
"Last Term Malory Towers:6",,"978-1-4052-2863-3","EGMONT",2011,,,,,"823/BLY",,,,"BLYTON.ENID;Author",,,,,125,,"BULSAR BOOK STORE",,,,"FICTION",
"First Term Malory towers:1",,"978-1-4052-2858-9","EGMONT",2011,,,,,"823/BLY",,,,"BLYTON.ENID;Author",,,,,125,,"BULSAR BOOK STORE",,,,"FICTION",
"New term Malory Towers:7",,"978-1-4052-5289-8","EGMONT",2011,,,,,"823/BLY",,,,"BLYTON.ENID;Author",,,,,125,,"BULSAR BOOK STORE",,,,"FICTION",
"Secrets Malory Towers:11",,"978-1-4052-5784-8","EGMONT",2011,,,,,"823/BLY",,,,"BLYTON.ENID;Author",,,,,125,,"BULSAR BOOK STORE",,,,"FICTION",
"Amelia jane Gets into trouble",,"978-1-4052-2854-1","EGMONT",2012,,,,,"823/BLY",,,,"BLYTON.ENID;Author",,,,,125,,"BULSAR BOOK STORE",,,,"FICTION",
"Amelia jane is Naughty again ",,"978-1-4052-2852-7","EGMONT",2012,,,,,"823/BLY",,,,"BLYTON.ENID;Author",,,,,125,,"BULSAR BOOK STORE",,,,"FICTION",
"Good idea amelia jane",,"978-1-4052-5786-2","EGMONT",2012,,,,,"823/BLY",,,,"BLYTON.ENID;Author",,,,,125,,"BULSAR BOOK STORE",,,,"FICTION",
"The O' Sulliuan Twins:2",,"978-1-4052-2873-2","EGMONT",2012,,,,,"823/BLY",,,,"BLYTON.ENID;Author",,,,,125,,"BULSAR BOOK STORE",,,,"FICTION",
"Fifth farmers of St Clare's:8",,"978-1-4052-2877-0","EGMONT",2012,,,,,"823/BLY",,,,"BLYTON.ENID;Author",,,,,125,,"BULSAR BOOK STORE",,,,"FICTION",
"Clandine at St. Clare's:7",,"978-1-4052-2876-3","EGMONT",2012,,,,,"823/BLY",,,,"BLYTON.ENID;Author",,,,,125,,"BULSAR BOOK STORE",,,,"FICTION",
"Kitty at St. Clare's ",,"978-1-4052-5292-8","EGMONT",2012,,,,,"823/BLY",,,,"BLYTON.ENID;Author",,,,,125,,"BULSAR BOOK STORE",,,,"FICTION",
"The third form at St. Clare's",,"978-1-4052-2878-7","EGMONT",2012,,,,,"823/BLY",,,,"BLYTON.ENID;Author",,,,,125,,"BULSAR BOOK STORE",,,,"FICTION",
"Summer term at St. Clare's:3",,"978-1-4052-2874-9","EGMONT",2012,,,,,"823/BLY",,,,"BLYTON.ENID;Author",,,,,125,,"BULSAR BOOK STORE",,,,"FICTION",
"The twins at st. Clare's:1",,"978-1-4052-2872-5","EGMONT",2012,,,,,"823/BLY",,,,"BLYTON.ENID;Author",,,,,125,,"BULSAR BOOK STORE",,,,"FICTION",
"The sixth form at St. Clare's:9",,"978-1-4052-2879-4","EGMONT",2012,,,,,"823/BLY",,,,"BLYTON.ENID;Author",,,,,125,,"BULSAR BOOK STORE",,,,"FICTION",
"Naughty Amelia Jane",,"978-1-4052-2851-0","EGMONT",2012,,,,,"823/BLY",,,,"BLYTON.ENID;Author",,,,,125,,"BULSAR BOOK STORE",,,,"FICTION",
"Amelia Jane again",,"978-1-4052-2853-4","EGMONT",2012,,,,,"823/BLY",,,,"BLYTON.ENID;Author",,,,,125,,"BULSAR BOOK STORE",,,,"FICTION",
"The adventures of Binkle and flip",,"978-1-84135-663-1","AWARD",2011,,,,,"823/BLY",,,,"BLYTON.ENID;Author",,,,,95,,"BULSAR BOOK STORE",,,,"FICTION",
"Merry Misters Middle",,"978-1-84135-655-6","AWARD",2011,,,,,"823/BLY",,,,"BLYTON.ENID;Author",,,,,95,,"BULSAR BOOK STORE",,,,"FICTION",
"Binkle and flip Misbehave",,"978-1-84135-655-6","AWARD",2011,,,,,"823/BLY",,,,"BLYTON.ENID;Author",,,,,95,,"BULSAR BOOK STORE",,,,"FICTION",
"Mr. Pink Whistle has some fun",,"978-1-84135-654-9","AWARD",2011,,,,,"823/BLY",,,,"BLYTON.ENID;Author",,,,,95,,"BULSAR BOOK STORE",,,,"FICTION",
"Well, Really Mr. Twiddle",,"978-1-84135-660-0","AWARD",2011,,,,,"823/BLY",,,,"BLYTON.ENID;Author",,,,,95,,"BULSAR BOOK STORE",,,,"FICTION",
"Bimbo and topsy",,"978-1-84135-667-9","AWARD",2011,,,,,"823/BLY",,,,"BLYTON.ENID;Author",,,,,95,,"BULSAR BOOK STORE",,,,"FICTION",
"Don't be Silly, Mr. Twiddle",,"978-1-84135-656-3","AWARD",2011,,,,,"823/BLY",,,,"BLYTON.ENID;Author",,,,,95,,"BULSAR BOOK STORE",,,,"FICTION",
"Snowball the Pony",,"978-1-84135-651-8","AWARD",2011,,,,,"823/BLY",,,,"BLYTON.ENID;Author",,,,,95,,"BULSAR BOOK STORE",,,,"FICTION",
"Run- About Holiday",,"978-1-84135-657-0","AWARD",2011,,,,,"823/BLY",,,,"BLYTON.ENID;Author",,,,,95,,"BULSAR BOOK STORE",,,,"FICTION",
"You're a Nuisance Mister Middle",,"978-1-84135-653-2","AWARD",2011,,,,,"823/BLY",,,,"BLYTON.ENID;Author",,,,,95,,"BULSAR BOOK STORE",,,,"FICTION",
"Mister Meddle's Muddles",,"978-1-84135-658-7","AWARD",2011,,,,,"823/BLY",,,,"BLYTON.ENID;Author",,,,,95,,"BULSAR BOOK STORE",,,,"FICTION",
"Mr. Twiddlein Trouble Again",,"978-1-84135-652-5","AWARD",2011,,,,,"823/BLY",,,,"BLYTON.ENID;Author",,,,,95,,"BULSAR BOOK STORE",,,,"FICTION",
"The Adventure of Mr. Pink whistles",,"978-1-84135-665-5","AWARD",2011,,,,,"823/BLY",,,,"BLYTON.ENID;Author",,,,,95,,"BULSAR BOOK STORE",,,,"FICTION",
"Hello Mr. Twiddle",,"978-1-84135-664-8","AWARD",2011,,,,,"823/BLY",,,,"BLYTON.ENID;Author",,,,,95,,"BULSAR BOOK STORE",,,,"FICTION",
"Mister Meddle's Mischief",,"978-1-84135-666-2","AWARD",2011,,,,,"823/BLY",,,,"BLYTON.ENID;Author",,,,,95,,"BULSAR BOOK STORE",,,,"FICTION",
"Shuffle the shoe Maker",,"978-1-84135-668-6","AWARD",2011,,,,,"823/BLY",,,,"BLYTON.ENID;Author",,,,,95,,"BULSAR BOOK STORE",,,,"FICTION",
"Snowball the Party",,"978-1-84135-651-8","AWARD",2011,,,,,"823/BLY",,,,"BLYTON.ENID;Author",,,,,95,,"BULSAR BOOK STORE",,,,"FICTION",
"Mr. Pink-Whistle Interferes",,"978-1-84135-659-4","AWARD",2011,,,,,"823/BLY",,,,"BLYTON.ENID;Author",,,,,95,,"BULSAR BOOK STORE",,,,"FICTION",
"Mr. Pink-Whistle'S Party",,"978-1-84135-661-7","AWARD",2011,,,,,"823/BLY",,,,"BLYTON.ENID;Author",,,,,95,,"BULSAR BOOK STORE",,,,"FICTION",
"The Fairy Chronicles: Dragonfly and the web of dreams",,"978-1-4022-0873-7","SOURCE BOOKS",2009,,,,,"823/SWE",,,,"SWEET.J.H.;Author",,,,,150,,"BULSAR BOOK STORE",,,,"FICTION",
"The Fairy Chronicles:Moonflower and Pearl of Paramour",,"978-1-4022-1330-4","SOURCE BOOKS",2009,,,,,"823/SWE",,,,"SWEET.J.H.;Author",,,,,150,,"BULSAR BOOK STORE",,,,"FICTION",
"The Fairy Chronicles:Spiderwort and the Princess of Haikur",,"978-1-4022-1025-9","SOURCE BOOKS",2007,,,,,"823/SWE",,,,"SWEET.J.H.;Author",,,,,150,,"BULSAR BOOK STORE",,,,"FICTION",
"The Fairy Chronicles:Firefly and the quest of the blank Squirrel",,"978-1-4022-0875-1","SOURCE BOOKS",2007,,,,,"823/SWE",,,,"SWEET.J.H.;Author",,,,,150,,"BULSAR BOOK STORE",,,,"FICTION",
"The Fairy Chronicles:Marigold and the feather of Hope, the Journey begins",,"978-1-4022-0872-0","SOURCE BOOKS",2007,,,,,"823/SWE",,,,"SWEET.J.H.;Author",,,,,150,,"BULSAR BOOK STORE",,,,"FICTION",
"The Fairy Chronicles:Cinnabar and the island of Shadows",,"978-1-4022-1161-4","SOURCE BOOKS",2008,,,,,"823/SWE",,,,"SWEET.J.H.;Author",,,,,150,,"BULSAR BOOK STORE",,,,"FICTION",
"The Fairy Chronicles:Periwinkle and cave of Courage",,"978-1-4022-1026-6","SOURCE BOOKS",2007,,,,,"823/SWE",,,,"SWEET.J.H.;Author",,,,,150,,"BULSAR BOOK STORE",,,,"FICTION",
"The Fairy Chronicles:Thirstle and Shell of Laughter",,"978-1-4022-0874-4","SOURCE BOOKS",2007,,,,,"823/SWE",,,,"SWEET.J.H.;Author",,,,,150,,"BULSAR BOOK STORE",,,,"FICTION",
"The Fairy Chronicles:Snapdragon and the odyssey of Elan",,"978-1-4022-1331-1","SOURCE BOOKS",2009,,,,,"823/SWE",,,,"SWEET.J.H.;Author",,,,,150,,"BULSAR BOOK STORE",,,,"FICTION",
"Ruskin Bond's Children's Omnibus",,9788171672882,"RUPA PUBLICATIONS",2011,,,,,"823/BON",,,,"BOND.RUSKIN;Author",,,,,150,,"BULSAR BOOK STORE",,,,"FICTION",
"Reptiles",,"978-1-84011-751-6","TEMPLAR PUBLISHING",2009,,,,,"500/HUT",,,,"HUTCHINSON.MARK;Author",,,,,375,,"BULSAR BOOK STORE",,,,"SCIENCE",
"Oceans",,"978-1-84011-717-2","TEMPLAR PUBLISHING",2007,,,,,"500/MCM",,,,"MCMILLAN.BEVERLY ;Author HUSICK.JOHN A. ;Author",,,,,375,,"BULSAR BOOK STORE",,,,"SCIENCE",
"Polar world's",,"978-1-84011-741-7","TEMPLAR PUBLISHING",2009,,,,,"500/WAD",,,,"WADE.ROSALYN ;Author",,,,,375,,"BULSAR BOOK STORE",,,,"SCIENCE",
"Extreme Weather",,"978-1-84011-746-2","TEMPLAR PUBLISHING",2009,,,,,"500/MOG",,,,"MOGIL.H.MICHAEL;Author LEVINE.BARBAR G. ;Author",,,,,375,,"BULSAR BOOK STORE",,,,"SCIENCE",
"Flight",,"978-1-84011-736-3","TEMPLAR PUBLISHING",2009,,,,,"500/HAR",,,,"HARDESTY.VON ;Author",,,,,375,,"BULSAR BOOK STORE",,,,"SCIENCE",
"Inventions",,"978-1-84011-727-1","TEMPLAR PUBLISHING",2008,,,,,"500/MUR",,,,"MURPHY.GLENN ;Author",,,,,375,,"BULSAR BOOK STORE",,,,"SCIENCE",
"Insects and Spiders",,"978-1-84011-722-6","TEMPLAR PUBLISHING",2008,,,,,"500/TAI",,,,"TAIT.NOEL ;Author",,,,,375,,"BULSAR BOOK STORE",,,,"SCIENCE",
"TELL ME WHY?",,"978-0-7537-2090-5","CHANCELLOR PRESS",2010,,,,,"001/TEL",,,,,,,,,295,,"BULSAR BOOK STORE",,,,"KNOWLEDGE",
"TELL ME WHEN?",,"978-0-7537-2088-2","CHANCELLOR PRESS",2011,,,,,"001/TEL",,,,,,,,,295,,"BULSAR BOOK STORE",,,,"KNOWLEDGE",
"TELL ME WHERE?",,"978-0-7537-2084-4","CHANCELLOR PRESS",2010,,,,,"001/TEL",,,,,,,,,295,,"BULSAR BOOK STORE",,,,"KNOWLEDGE",
"NANI THE DEAR COLLECTION OF MORAL STORIES",,"978-967-5298-10-3","EARLY LEARNER",,,,,,"823/LOK",,,,"LOKMAN.ZAINURIN ;Author",,,,,295,,"BULSAR BOOK STORE",,,,,
"MY FAVOURITE COLLECTION OF MORAL TALES",,"978-967-5055-91-1","NOON PUBLICATIONS",2012,,,,,"823/JON",,,,"DARIAN THEOLAND;Author",,,,,295,,"BULSAR BOOK STORE",,,,,
"FAIRY TALES: EMPERO'S NEWSUIT",,9788183851787,"HELLO FRIENDS",,,,,,"823/EMP",,,,,,,,,50,,"BULSAR BOOK STORE",,,,,
"FAIRY TALES:BEAUTY AND THE BEAST",,9788183851749,"HELLO FRIENDS",,,,,,"823/BEA",,,,,,,,,50,,"BULSAR BOOK STORE",,,,,
"FAIRY TALES:PETER PAN",,9788183851794,"HELLO FRIENDS",,,,,,"823/PET",,,,,,,,,50,,"BULSAR BOOK STORE",,,,,
"FAIRY TALES:PINOCCHIO",,9788183851688,"HELLO FRIENDS",,,,,,"823/PIN",,,,,,,,,50,,"BULSAR BOOK STORE",,,,,
"FAIRY TALES:ELVES AND THE SHOEMAKER",,9788183851770,"HELLO FRIENDS",,,,,,"823/ELV",,,,,,,,,50,,"BULSAR BOOK STORE",,,,,
"FAIRY TALES:RUMPEL STILTSKIN",,9788183851817,"HELLO FRIENDS",,,,,,"823/RUP",,,,,,,,,50,,"BULSAR BOOK STORE",,,,,
"FAIRY TALES:SLEPING BEAUTY",,9788183851732,"HELLO FRIENDS",,,,,,"823/SLE",,,,,,,,,50,,"BULSAR BOOK STORE",,,,,
"FAIRY TALES:THE LITTLE RED HEN",,9788183851800,"HELLO FRIENDS",,,,,,"823/LIT",,,,,,,,,50,,"BULSAR BOOK STORE",,,,,
"FAIRY TALES:SNOW WHITE",,"81-8-385-171-1","HELLO FRIENDS",,,,,,"823/SNO",,,,,,,,,50,,"BULSAR BOOK STORE",,,,,
"FAIRY TALES: THREE BILLY GOATS GRUFF",,9788183851824,"HELLO FRIENDS",,,,,,"823/THR",,,,,,,,,50,,"BULSAR BOOK STORE",,,,,
"MORAL STORIES (SERIES) TWO WISE GOATS AND OTHER STORIES",,9788179205167,"SHANTI PUBLICATION",,,,,,"823/MOR",,,,,"ENGLISH STORIES",,,,50,,"BULSAR BOOK STORE",,,,"STORY",
"THE LAZY DONKEY AND OTHER STORIES",,9788179205136,"SHANTI PUBLICATION",,,,,,"823/MOR",,,,,"ENGLISH STORIES",,,,50,,"BULSAR BOOK STORE",,,,"STORY",
"TWO CATS & THE MONKEY AND OTHER STORIES",,9788170205143,"SHANTI PUBLICATION",,,,,,"823/MOR",,,,,"ENGLISH STORIES",,,,50,,"BULSAR BOOK STORE",,,,"STORY",
"THE WISE BARBAR AND OTHER STORIES",,9788179205174,"SHANTI PUBLICATION",,,,,,"823/MOR",,,,,"ENGLISH STORIES",,,,50,,"BULSAR BOOK STORE",,,,"STORY",
"THE GRAPES ARE SOUR AND OTHER STORIES",,9788179205181,"SHANTI PUBLICATION",,,,,,"823/MOR",,,,,"ENGLISH STORIES",,,,50,,"BULSAR BOOK STORE",,,,"STORY",
"THE FOR TAT AND OTHER STORIES",,9788179205198,"SHANTI PUBLICATION",,,,,,"823/MOR",,,,,"ENGLISH STORIES",,,,50,,"BULSAR BOOK STORE",,,,"STORY",
"THE HONEST WOODCUTTER AND OTHER STORIES",,9788179205204,"SHANTI PUBLICATION",,,,,,"823/MOR",,,,,"ENGLISH STORIES",,,,50,,"BULSAR BOOK STORE",,,,"STORY",
"THE CLEVER FOX AND OTHER STORIES",,9788179205150,"SHANTI PUBLICATION",,,,,,"823/MOR",,,,,"ENGLISH STORIES",,,,50,,"BULSAR BOOK STORE",,,,"STORY",
"STORY BOOK (SERIES) MY WONDERFUL",,"978-967-342-592-5","LITTLE SUN",,,,,,"823/CHO",,,,"CHONG.HARRY ;Author","ENGLISH STORIES",,,,125,,"BULSAR BOOK STORE",,,,"STORY",
"MY CHEERFUL",,"978-967-324-531-4","LITTLE SUN",,,,,,"823/CHO",,,,"CHONG.HARRY ;Author","ENGLISH STORIES",,,,125,,"BULSAR BOOK STORE",,,,"STORY",
"MY LOVELY",,"978-967-324-414-0","LITTLE SUN",,,,,,"823/ONG",,,,"ONG.ESTHER ;Author","ENGLISH STORIES",,,,125,,"BULSAR BOOK STORE",,,,"STORY",
"FAIRY TALES (SERIES) [JACK AND THE BEAN STALK]: A COLLECTION OF FAMOUS",,"978-961-426-222-8","HELLO",,,,,,"823/FIR",,,,,"ENGLISH STORIES",,,,125,,"BULSAR BOOK STORE",,,,"STORY",
"ALI BABA AND THE FOURTY THIEVES",,"978-967-426-221-1","TEKSONS",,,,,,"823/ALI",,,,,,,,,125,,"BULSAR BOOK STORE",,,,"STORY",
"COLLECTION OF STORIESFRO THE JATAKAS",,"978-967-426-213-6","ANEKA PUBLICATIONS",,,,,,"823/COL",,,,,,,,,125,,"BULSAR BOOK STORE",,,,"STORY",
"COLLECTION OF ANIMAL MORAL TALES FROM  JATAKAS",,"978-967-426-215-0","ANEKA PUBLICATIONS",,,,,,"823/COL",,,,,,,,,125,,"BULSAR BOOK STORE",,,,"STORY",
"A COLLECTION OF ANIMAL STORIES",,"978-967-426-214-3","ANEKA PUBLICATIONS",,,,,,"823/COL",,,,,,,,,125,,"BULSAR BOOK STORE",,,,"STORY",
"MY DELIGHFUL STORY BOOK",,"978-967-324-448-5","ANEKA PUBLICATIONS",,,,,,"823/TON",,,,"TONG.ALICE ;Author",,,,,125,,"BULSAR BOOK STORE",,,,"STORY",
"MY HAPPY READING",,"978-967-324-591-8","LITTLE SUN",,,,,,"823/CHO",,,,"CHONG.HARRY ;Author",,,,,125,,"BULSAR BOOK STORE",,,,"STORY",
"MY ENJOYABLE STORY BOO: CUMMY AND HONEY POT",,"978-967-324-590-1","LITTLE SUN",,,,,,"823/CHO",,,,"CHONG.HARRY ;Author",,,,,125,,"BULSAR BOOK STORE",,,,"STORY",
"MY CLASSIC COLLECTION OF EVERGREEN FAIRY TALES",,"978-967-331-785-1","MAXIM",,,,,,"823/CLA",,,,,,,,,350,,"BULSAR BOOK STORE",,,,"STORY",
"MY FAVOURITE COLLECTON : JUNGLE FRIENDS",,"978-967-331-767-7","MAXIM",,,,,,"823/FAV",,,,,,,,,350,,"BULSAR BOOK STORE",,,,"STORY",
"READ IT YOURSELF: PETER AND THE WOLF",,"978-1-84422-936-9","LADYBIRD",,,,,,"823/PET",,,,,,,,,116.5,,"BULSAR BOOK STORE",,,,"STORY",
"READ IT YOURSELF: DICK WHITTINGTON",,"978-1-84422-945-1","LADYBIRD",,,,,,"823/DIC",,,,,,,,,116.5,,"BULSAR BOOK STORE",,,,"STORY",
"READ IT YOURSELF: HEIDI",,"978-1-84422-937-6","LADYBIRD",,,,,,"823/HEI",,,,,,,,,116.5,,"BULSAR BOOK STORE",,,,"STORY",
"READ IT YOURSELF: THE WIZARD OF OZ",,"978-1-84422-934-5","LADYBIRD",,,,,,"823/WIZ",,,,,,,,,116.5,,"BULSAR BOOK STORE",,,,"STORY",
"READ IT YOURSELF: THE PIED PIPER OF HAMELIN",,"978-1-84422-933-8","LADYBIRD",,,,,,"823/PIE",,,,,,,,,116.5,,"BULSAR BOOK STORE",,,,"STORY",
"SNOW AND THE SEVEN DWARDS",,"978-1-84422-935-2","LADYBIRD",,,,,,"823/SNO",,,,,,,,,116.5,,"BULSAR BOOK STORE",,,,"STORY",
"READ IT YOURSELF: THUMBELINA LEVEL 3",,"978-1-84422-931-4","LADYBIRD",,,,,,"823/THU",,,,,"ENGLISH STORY",,,,116.5,,"BULSAR BOOK STORE",,,,"STORY",
"READ IT YOURSELF: JACK AND THE BEANSTALK LEVEL 3",,"978-84422-930-7","LADYBIRD",,,,,,"823/JAC",,,,,"ENGLISH STORY",,,,116.5,,"BULSAR BOOK STORE",,,,"STORY",
"READ IT YOURSELF: PUSS IN BOOTS LEVEL 3",,"978-1-84646-087-6","LADYBIRD",,,,,,"823/PUS",,,,,"ENGLISH STORY",,,,116.5,,"BULSAR BOOK STORE",,,,"STORY",
"READ IT YOURSELF: THE ELVES AND THE SHOEMAKER LEVEL 3",,"978-1-84646-085-2","LADYBIRD",,,,,,"823/ELV",,,,,"ENGLISH STORY",,,,116.5,,"BULSAR BOOK STORE",,,,"STORY",
"READ IT YOURSELF: HENSEL AND GRETEL",,"978-1-84422-932-1","LADYBIRD",,,,,,"823/HAN",,,,,"ENGLISH STORY",,,,116.5,,"BULSAR BOOK STORE",,,,"STORY",
"READ IT YOURSELF: RUPUNZEL LEVEL 3",,"978-1-84646-086-9","LADYBIRD",,,,,,"823/RAP",,,,,"ENGLISH STORY",,,,116.5,,"BULSAR BOOK STORE",,,,"STORY",
"READ IT YOURSELF:THE GINGERBREAD MAN LEVEL 2",,"978-1-84646-073-9","LADYBIRD",,,,,,"823/GIN",,,,,"ENGLISH STORY",,,,116.5,,"BULSAR BOOK STORE",,,,"STORY",
"READ IT YOURSELF:TOWN MOUSE AND COUNTRY MOUSE LEVEL 2",,"978-1-84646-084-5","LADYBIRD",,,,,,"823/TOW",,,,,"ENGLISH STORY",,,,116.5,,"BULSAR BOOK STORE",,,,"STORY",
"READ IT YOURSELF:CHICKEN LICKEN LEVEL 2",,"978-1-84646-076-0","LADYBIRD",,,,,,"823/CHI",,,,,"ENGLISH STORY",,,,116.5,,"BULSAR BOOK STORE",,,,"STORY",
"READ IT YOURSELF:SLY FOX AND RED HEN LEVEL 2",,"978-1-84646-075-3","LADYBIRD",,,,,,"823/SLY",,,,,"ENGLISH STORY",,,,116.5,,"BULSAR BOOK STORE",,,,"STORY",
"READ IT YOURSELF:THE THREE LITTLE PIGS LEVEL 2",,"978-1-84646-074-6","LADYBIRD",,,,,,"823/THR",,,,,"ENGLISH STORY",,,,116.5,,"BULSAR BOOK STORE",,,,"STORY",
"READ IT YOURSELF:LITTLE RED RIDING HOOD LEVEL 2",,"978-1-84646-077-7","LADYBIRD",,,,,,"823/LIT",,,,,"ENGLISH STORY",,,,116.5,,"BULSAR BOOK STORE",,,,"STORY",
"THE ENORMOUS TURNIP",,"978-1-84646-067-8","LADYBIRD",,,,,,"823/ENO",,,,,"ENGLISH STORY",,,,116.5,,"BULSAR BOOK STORE",,,,"STORY",
"THE MAGIC PORRIDGE POT ",,"978-1-84646-072-2","LADYBIRD",,,,,,"823/MAG",,,,,"ENGLISH STORY",,,,116.5,,"BULSAR BOOK STORE",,,,"STORY",
"THE THREE BILLY - GOATS GRUFFF",,"978-1-84646-069-2","LADYBIRD",,,,,,"823/THR",,,,,"ENGLISH STORY",,,,116.5,,"BULSAR BOOK STORE",,,,"STORY",
"LITTLI RED HEN ",,"978-1-84646-086-5","LADYBIRD",,,,,,"823/LIT",,,,,"ENGLISH STORY",,,,116.5,,"BULSAR BOOK STORE",,,,"STORY",
"THE UGLY DUCKLING ",,"978-1-84646-070-8","LADYBIRD",,,,,,"823/UGL",,,,,"ENGLISH STORY",,,,116.5,,"BULSAR BOOK STORE",,,,"STORY",
"GOLDILOCKS AND THE THREE BEARS",,"978-1-84646-071-5","LADYBIRD",,,,,,"823/GOL",,,,,"ENGLISH STORY",,,,116.5,,"BULSAR BOOK STORE",,,,"STORY",
"AAO PEHCHANEN UPYOGI VRIKSHON KO ",,9788170118008,"CBT",2013,,,,,"500/RAS",,,,"RASTOGI.REKHA ;Author",,,,,56,,"BULSAR BOOK STORE",,,,"SCIENCE",
"GANDHIJI KI KAHANIYA",,9788170110927,"CBT",2012,,,,,"891.43301/SHA",,,,"SHANKAR.RAJKUMARI ;Author","HINDI STORY",,,,55,,"BULSAR BOOK STORE",,,,"STORY",
"CHOTI GATHBANDHAN",,9788170117940,"CBT",2013,,,,,"891.43301/SAX",,,,"SAXENA.GHANSHAM MURARI;Author","HINDI STORY",,,,35,,"BULSAR BOOK STORE",,,,"STORY",
"ANOKHA UPHAR",,9788170116295,"CBT",2012,,,,,"891.43301/CHM",,,,"CHMOLA.KAMLA ;Author","HINDI STORY",,,,45,,"BULSAR BOOK STORE",,,,"STORY",
"LAUT KE CHUHA GHAR KO AAYA",,9788170118169,"CBT",2013,,,,,"891.43301/AST",,,,"ASTHANA.GIRIJA RANI;Author","HINDI STORY",,,,25,,"BULSAR BOOK STORE",,,,"STORY",
"LURHKTA PAHIYA",,9788170118572,"CBT",2012,,,,,"891.43301/NEH",,,,"NEHEMIA.ASHA ;Author","HINDI STORY",,,,25,,"BULSAR BOOK STORE",,,,"STORY",
"NIRALEE POSHAK",,9788170118763,"CBT",2011,,,,,"891.43301/NEH",,,,"NEHEMIA.ASHA ;Author","HINDI STORY",,,,20,,"BULSAR BOOK STORE",,,,"STORY",
"NIRALE UPHAR",,"978-93-80076-24-9","CBT",2012,,,,,"891.43301/NEH",,,,"NEHEMIA.ASHA ;Author","HINDI STORY",,,,25,,"BULSAR BOOK STORE",,,,"STORY",
"UPYOGI AAWISHKAR",,9788170119227,"CBT",2013,,,,,"500/SRI",,,,"SRIVASTAVA.DINESH;Author OTHERS;Author","INVENTIONS",,,,50,,"BULSAR BOOK STORE",,,,"SIENCE",
"PASHU MELA",,9788170118794,"CBT",2012,,,,,"891.43301/KAN",,,,"KANTH.SHARMILA ;Author","HINDI STORY",,,,25,,"BULSAR BOOK STORE",,,,"STORY",
"GAWAYYA GADHA",,9788170112228,"CBT",2012,,,,,"891.43301/SHA",,,,"SHANKAR;Author","HINDI STORY",,,,25,,"BULSAR BOOK STORE",,,,"STORY",
"ANOKHE RISHTE",,9788170119272,"CBT",2011,,,,,"891.43301/KHA",,,,"KHANWAIKAR.JAYANTH;Author NARAYAN.PRERNA;Author","HINDI STORY",,,,25,,"BULSAR BOOK STORE",,,,"STORY",
"EK DOST SAANP",,9788170116844,"CBT",2012,,,,,"891.43301/AST",,,,"ASTHANA.GIRIJA RANI;Author","HINDI STORY",,,,25,,"BULSAR BOOK STORE",,,,"STORY",
"EENA KI KITAB",,9788189750268,"CBT",2011,,,,,"891.43301/GAN",,,,"RAVINA GANDHI;Author","HINDI STORY",,,,20,,"BULSAR BOOK STORE",,,,"STORY",
"AAO GINE BADAL",,9788170119838,"CBT",2011,,,,,"891.43301/GOV",,,,"GOVINDAN.SHANTINI ;Author","HINDI STORY",,,,20,,"BULSAR BOOK STORE",,,,"STORY",
"EELLI KE JOOTE",,"978-81-89750-28-2","CBT",2012,,,,,"891.43301/GIR",,,,"GIRIRAJKUMAR.AAKHILA ;Author","HINDI STORY",,,,25,,"BULSAR BOOK STORE",,,,"STORY",
"BHIKHARI RAJA",,9788170110101,"CBT",2012,,,,,"891.43301/SHI",,,,"SHIVKUMAR.K. ;Author","HINDI STORY",,,,25,,"BULSAR BOOK STORE",,,,"STORY",
"HAMARE PADOSI",,9788170110545,"CBT",2012,,,,,"891.43301/MEH",,,,"MEHTA.CHANDRALEKHA ;Author","HINDI STORY",,,,35,,"BULSAR BOOK STORE",,,,"STORY",
"CHULBULI BOOND",,"978-81-89750-70-1","CBT",2011,,,,,"891.43301/SIN",,,,"SIGH.RANGIN ;Author","HINDI STORY",,,,20,,"BULSAR BOOK STORE",,,,"STORY",
"CHANDAMAMA KA PAJAMA",,9788170118039,"CBT",2012,,,,,"891.43301/PAN",,,,"PANT.LATA;Author OTHERS;Author","HINDI STORY",,,,30,,"BULSAR BOOK STORE",,,,"STORY",
"CHOHA PARTY ZINDABAD",,9788170119562,"CBT",,,,,,"891.43301/DEP",,,,"DIPAK.HEMLATA ;Author","HINDI STORY",,,,35,,"BULSAR BOOK STORE",,,,"STORY",
"MITRA KI CHINY",,9788170115311,"CBT",2013,,,,,"891.43301/MEH",,,,"MEHTA.J.C.;Author","HINDI STORY",,,,25,,"BULSAR BOOK STORE",,,,"STORY",
"MITRA KI PARAKH",,9788170110071,"CBT",2013,,,,,"891.43301/SHA",,,,"SHANKAR;Author","HINDI STORY",,,,30,,"BULSAR BOOK STORE",,,,"STORY",
"MAIN AUR MERI MACHHALIYAN",,"978-81-89750-24-4","CBT",2011,,,,,"891.43301/RAJ",,,,"RAJAN.KALYANI ;Author","HINDI STORY",,,,20,,"BULSAR BOOK STORE",,,,"STORY",
"MAUSAM AUR MAIN",,9788170119845,"CBT",2011,,,,,"891.43301/RAN",,,,"RANGACHARI.DEVIKA ;Author","HINDI STORY",,,,20,,"BULSAR BOOK STORE",,,,"STORY",
"MERI DIWAR ",,9788170113089,"CBT",2011,,,,,"891.43301/SWA",,,,"SWAMI.MINI P. ;Author","HINDI STORY",,,,20,,"BULSAR BOOK STORE",,,,"STORY",
"MARTA KYA NA KARTA",,9788170110118,"CBT",2013,,,,,"891.43301/SHI",,,,"SHIVKUMAR.K. ;Author","HINDI STORY",,,,25,,"BULSAR BOOK STORE",,,,"STORY",
"MOORKHAN KA SWARG",,9788170113454,"CBT",2013,,,,,"891.43301/SHA",,,,"SHANKAR;Author","HINDI STORY",,,,25,,"BULSAR BOOK STORE",,,,"STORY",
"MERE SHISHU GEET",,9788170112372,"CBT",2012,,,,,"891.43301/MEH",,,,"MEHROTRA.PREETVANTI ;Author","HINDI STORY",,,,30,,"BULSAR BOOK STORE",,,,"STORY",
"MERE SCHOOL KI YELLOW BUS",,"978-93-80076-64-5","CBT",2012,,,,,"891.43301/DEP",,,,"DIPAK.HEMLATA S. ;Author","HINDI STORY",,,,25,,"BULSAR BOOK STORE",,,,"STORY",
"MOONCHHEN TAANE PAHUNHE THAANE",,9788170118022,"CBT",2012,,,,,"891.43301/MAY",,,,"MAYANK.CHANDRAPAL SINGH YADAV;Author OTHERS;Author","HINDI STORY",,,,30,,"BULSAR BOOK STORE",,,,"STORY",
"MERI BAGIYA",,9788170112006,"CBT",2013,,,,,"891.43301/SHR",,,,"SHRIVASTAV.SIGROON ;Author","HINDI STORY",,,,30,,"BULSAR BOOK STORE",,,,"STORY",
"CHANCHAL KA NIRNAY",,9788170112082,"CBT",2011,,,,,"891.43301/THO",,,,"THOMAS.MAYA ;Author","HINDI STORY",,,,20,,"BULSAR BOOK STORE",,,,"STORY",
"CHAAR BEHRE",,9788170112518,"CBT",2012,,,,,"891.43301/SHA",,,,"SHANKAR;Author","HINDI STORY",,,,30,,"BULSAR BOOK STORE",,,,"STORY",
"MERA GABBU",,9788170112952,"CBT",2012,,,,,"891.43301/SHA",,,,"SHANKAR.ALKA ;Author","HINDI STORY",,,,25,,"BULSAR BOOK STORE",,,,"STORY",
"RANG BIRANGE GEET",,9788170113263,"CBT",2013,,,,,"891.43301/SIN",,,,"SINGH.SAVITRI;Author","HINDI STORY",,,,30,,"BULSAR BOOK STORE",,,,"STORY",
"HATHI GHORA PALKI",,9788170116868,"CBT",2012,,,,,"891.43301/PAT",,,,"PATAKHA.PREMKISHIRE ;Author","HINDI STORY",,,,25,,"BULSAR BOOK STORE",,,,"STORY",
"INDRADHANUSH AUR BINDI",,9788170117186,"CBT",2012,,,,,"891.43301/MUN",,,,"MUNJAL.MUKTA ;Author","HINDI STORY",,,,25,,"BULSAR BOOK STORE",,,,"STORY",
"KORI KALPANA",,9788170112365,"CBT",2012,,,,,"891.43301/SHA",,,,"SHANKAR;Author","HINDI STORY",,,,25,,"BULSAR BOOK STORE",,,,"STORY",
"SAHASI TARA",,9788170113652,"CBT",2011,,,,,"891.43301/SHR",,,,"SHRIVASTAV.SIGROON ;Author","HINDI STORY",,,,25,,"BULSAR BOOK STORE",,,,"STORY",
"CHHOTA SHER BADA SHER",,9788170110934,"CBT",2011,,,,,"891.43301/FUL",,,,"FULLAR.LOUIS HEMILATAN ;Author","HINDI STORY",,,,25,,"BULSAR BOOK STORE",,,,"STORY",
"SHOBHNA",,9788189750619,"CBT",2012,,,,,"891.43301/KID",,,,"KID.MARGRET ;Author","HINDI STORY",,,,30,,"BULSAR BOOK STORE",,,,"STORY",
"PUSHP NAGRI",,9788170114284,"CBT",2012,,,,,"891.43301/VIS",,,,"VISHAKHA ;Author","HINDI STORY",,,,25,,"BULSAR BOOK STORE",,,,"STORY",
"CHITKU",,9788170112495,"CBT",2011,,,,,"891.43301/PAN",,,,"PANDADIKAR.SUREKHA ;Author","HINDI STORY",,,,25,,"BULSAR BOOK STORE",,,,"STORY",
"HANSUMUKH BIJUKA",,9788170111856,"CBT",2011,,,,,"891.43301/MOD",,,,"MODI.JEEN A. ;Author","HINDI STORY",,,,20,,"BULSAR BOOK STORE",,,,"STORY",
"ADIYAL GHADHA",,9788170110996,"CBT",2012,,,,,"891.43301/ZAF",,,,"ZAFA.MANORAMA ;Author","HINDI STORY",,,,25,,"BULSAR BOOK STORE",,,,"STORY",
"ACHCHHA KAUN",,9788170113867,"CBT",2011,,,,,"891.43301/RAO",,,,"RAO.PADMA ;Author","HINDI STORY",,,,20,,"BULSAR BOOK STORE",,,,"STORY",
"GORAIYA AUR RAJA",,9788170112075,"CBT",2012,,,,,"891.43301/TAN",,,,"TANDAN.MADHU ;Author","HINDI STORY",,,,30,,"BULSAR BOOK STORE",,,,"STORY",
"NANHE MUNNE GEET",,9788170112174,"CBT",2012,,,,,"891.43301/SEV",,,,"SEVAK.NIRANKAR DEV;Author","HINDI STORY",,,,30,,"BULSAR BOOK STORE",,,,"STORY",
"GUDIYA KA BHALU",,9788170114048,"CBT",2011,,,,,"891.43301/SIN",,,,"SINHA.JUHI ;Author","HINDI STORY",,,,20,,"BULSAR BOOK STORE",,,,"STORY",
"JANMADIN KE UPHAAR",,9788170113768,"CBT",2013,,,,,"891.43301/PRA",,,,"PRASAD.GEETANJALI ;Author","HINDI STORY",,,,25,,"BULSAR BOOK STORE",,,,"STORY",
"NATKHANT BANDAR VA EK AUR KAHANI",,9788170113287,"CBT",2013,,,,,"891.43301/SHA",,,,"SHANKAR;Author","HINDI STORY",,,,25,,"BULSAR BOOK STORE",,,,"STORY",
"NAYA KHILARI",,9788170113829,"CBT",2013,,,,,"891.43301/GUP",,,,"GUPTA.RUPA ;Author","HINDI STORY",,,,25,,"BULSAR BOOK STORE",,,,"STORY",
"JAA- NO AUR DEKHO -NA",,9788170117162,"CBT",2012,,,,,"891.43301/KRI",,,,"KRISHNAN.THANGAM ;Author","HINDI STORY",,,,25,,"BULSAR BOOK STORE",,,,"STORY",
"GUBBARE AUR MEIN",,9788170118114,"CBT",2012,,,,,"891.43301/MAN",,,,"MANAN.NAVIN ;Author","HINDI STORY",,,,25,,"BULSAR BOOK STORE",,,,"STORY",
"EK THA WALLY",,9788170117094,"CBT",2012,,,,,"891.43301/GOV",,,,"GOVINDAN.SHANTINI ;Author","HINDI STORY",,,,25,,"BULSAR BOOK STORE",,,,"STORY",
"SONALI KA MITRA",,9788170112969,"CBT",2011,,,,,"891.43301/SHA",,,,"SHANKAR.AALKA ;Author","HINDI STORY",,,,20,,"BULSAR BOOK STORE",,,,"STORY",
"MAIN BHI….",,9788170113843,"CBT",2011,,,,,"891.43301/SIN",,,,"SINHA.NILEEMA ;Author","HINDI STORY",,,,20,,"BULSAR BOOK STORE",,,,"STORY",
"BOUNA KALU",,9788170112105,"CBT",2012,,,,,"891.43301/GUP",,,,"GUPTA.RUPA ;Author","HINDI STORY",,,,25,,"BULSAR BOOK STORE",,,,"STORY",
"PYASI MAINA",,9788170112549,"CBT",2012,,,,,"891.43301/NAT",,,,"NATH.PRATIBHA ;Author","HINDI STORY",,,,30,,"BULSAR BOOK STORE",,,,"STORY",
"MAHAGIRI",,9788170110095,"CBT",2012,,,,,"891.43301/HEM",,,,"HEMLATA;Author","HINDI STORY",,,,25,,"BULSAR BOOK STORE",,,,"STORY",
"NANHI PARI KA JANMADIN",,9788170117179,"CBT",2012,,,,,"891.43301/ADI",,,,"ADHIKARI.JAYANTI ;Author","HINDI STORY",,,,25,,"BULSAR BOOK STORE",,,,"STORY",
"VRIKSHRAJ",,9788170117155,"CBT",2013,,,,,"891.43301/JAI",,,,"JAIDKA.DEEPIKA ;Author","HINDI STORY",,,,25,,"BULSAR BOOK STORE",,,,"STORY",
"VIGYAN KE MANORAJAK KHEL",,9788170115236,"CBT",2012,,,,,"500/EUS",,,,"EUSHIYAR.IVER ;Author",,,,,50,,"BULSAR BOOK STORE",,,,"SCIENCE",
"PEDH KI KRITAGYATA",,9788170113614,"CBT",2013,,,,,"891.43301/GUP",,,,"GUPTA.RUPA ;Author","HINDI STORY",,,,30,,"BULSAR BOOK STORE",,,,"STORY",
"PIGGIE KI UDAAN",,9788170118947,"CBT",2012,,,,,"891.43301/GAN",,,,"GANDHI.SHEELA ;Author","HINDI STORY",,,,25,,"BULSAR BOOK STORE",,,,"STORY",
"NATKHAT JUMBO",,9788170112389,"CBT",2011,,,,,"891.43301/MUR",,,,"MURTI.R.K.;Author","HINDI STORY",,,,20,,"BULSAR BOOK STORE",,,,"STORY",
"KAUN BADA",,9788170119524,"CBT",2012,,,,,"891.43301/SHR",,,,"STRIVASTAV.MRUNALINI ;Author","HINDI STORY",,,,25,,"BULSAR BOOK STORE",,,,"STORY",
"KACH-KACH",,9788170119760,"CBT",2012,,,,,"891.43301/GUP",,,,"GUPTA.SANGEETA ;Author KRUSHNA.VINITA ;Author","HINDI STORY",,,,25,,"BULSAR BOOK STORE",,,,"STORY",
"PED GHOOMNE CHALAO",,9788170118558,"CBT",2012,,,,,"891.43301/AGA",,,,"AGARWAL.DEEPA ;Author","HINDI STORY",,,,25,,"BULSAR BOOK STORE",,,,"STORY",
"RAJA KI MOOCHHEN",,9788170118688,"CBT",2012,,,,,"891.43301/NEH",,,,"NEHEMIA.ASHA ;Author","HINDI STORY",,,,25,,"BULSAR BOOK STORE",,,,"STORY",
"ASHOK KI HARI PATANG",,9788170110590,"CBT",2012,,,,,"891.43301/KID",,,,"KID.MARGET ;Author","HINDI STORY",,,,30,,"BULSAR BOOK STORE",,,,"STORY",
"KAI KHA GHA (HINDI VARNMALA)",,9788170113690,"CBT",2011,,,,,"891.43301/KAI",,,,,"HINDI STORY",,,,25,,"BULSAR BOOK STORE",,,,"STORY",
"KITTI PATANG",,9788170113720,"CBT",2011,,,,,"891.43301/BHA",,,,"BHATT.KAVERI ;Author","HINDI STORY",,,,25,,"BULSAR BOOK STORE",,,,"STORY",
"KHEL-KHEL-MEIN",,"978-93-80076-20-1","CBT",2011,,,,,"891.43301/SUD",,,,"SUDHAKAR.SUMATI ;Author","HINDI STORY",,,,20,,"BULSAR BOOK STORE",,,,"STORY",
"KHILONE WALA GHODA",,9788170119128,"CBT",2012,,,,,"891.43301/AGA",,,,"AGARWAL.DEEPA ;Author","HINDI STORY",,,,25,,"BULSAR BOOK STORE",,,,"STORY",
"KISNE KHAYE MALPUYE",,9788170119500,"CBT",2012,,,,,"891.43301/PAN",,,,"PANDEY.AMIT ;Author","HINDI STORY",,,,25,,"BULSAR BOOK STORE",,,,"STORY",
"KILKARI",,9788170119111,"CBT",2012,,,,,"891.43301/DRI",,,,"DRIVEDI.RAMESH ;Author","HINDI STORY",,,,30,,"BULSAR BOOK STORE",,,,"STORY",
"DUMDAAR NAAK",,9788189750220,"CBT",2011,,,,,"891.43301/MUR",,,,"MURTI.R.K.;Author","HINDI STORY",,,,20,,"BULSAR BOOK STORE",,,,"STORY",
"SAMAJH KA PHER",,9788170112501,"CBT",2011,,,,,"891.43301/SHA",,,,"SHANKAR;Author","HINDI STORY",,,,20,,"BULSAR BOOK STORE",,,,"STORY",
"AAO GINATI GAYEN",,9788170118145,"CBT",2011,,,,,"891.43301/MEH",,,,"MEHTA.J.C.;Author","HINDI STORY",,,,25,,"BULSAR BOOK STORE",,,,"STORY",
"APSU KO GUSSA AYA",,"978-93-80076-61-4","CBT",2012,,,,,"891.43301/GOV",,,,"GOVINDAN.SHANTINI ;Author","HINDI STORY",,,,25,,"BULSAR BOOK STORE",,,,"STORY",
"CHEENTI KI CHADAI",,"978-93-80076-54-6","CBT",2012,,,,,"891.43301/VIR",,,,"VIRMANI.AMITAV ;Author","HINDI STORY",,,,25,,"BULSAR BOOK STORE",,,,"STORY",
"ULTA PULTA",,"978-93-80076-63-8","CBT",2012,,,,,"891.43301/KAS",,,,"KASTURIA.KIRAN ;Author","HINDI STORY",,,,25,,"BULSAR BOOK STORE",,,,"STORY",
"DUNIYA RANG BIRANGI",,"978-93-80076-23-2","CBT",2012,,,,,"891.43301/RAN",,,,"RANGACHARI.DEVIKA ;Author","HINDI STORY",,,,25,,"BULSAR BOOK STORE",,,,"STORY",
"APRIL FOOL",,9788189750206,"CBT",2011,,,,,"891.43301/SHR",,,,"SHRIVASTAV.SIGROON ;Author","HINDI STORY",,,,25,,"BULSAR BOOK STORE",,,,"STORY",
"NAYA MITRA",,9788170113744,"CBT",2012,,,,,"891.43301/AGA",,,,"AGARWAL.DEEPA ;Author","HINDI STORY",,,,25,,"BULSAR BOOK STORE",,,,"STORY",
"NATKHAT BACHIYA",,9788170110149,"CBT",2012,,,,,"891.43301/HEM",,,,"HEMLATA;Author","HINDI STORY",,,,25,,"BULSAR BOOK STORE",,,,"STORY",
"BATAKH JAB DARR JATI HAI",,"978-81-89750-69-5","CBT",2012,,,,,"891.43301/SHY",,,,"S.SHYAMLA.;Author","HINDI STORY",,,,25,,"BULSAR BOOK STORE",,,,"STORY",
"BECHARA RIBBON",,9788170113409,"CBT",2013,,,,,"891.43301/SHA",,,,"SHANKAR.SUKUMAN ;Author","HINDI STORY",,,,25,,"BULSAR BOOK STORE",,,,"STORY",
"CHATPAT BANDAN AUR PENCIL",,9788189750213,"CBT",2011,,,,,"891.43301/BAV",,,,"BAVA.LALITA ;Author","HINDI STORY",,,,20,,"BULSAR BOOK STORE",,,,"STORY",
"JAB SURAJ NAHI UGA",,"978-93-80076-59-1","CBT",2012,,,,,"891.43301/JAN",,,,"JANARDAN.MALA ;Author","HINDI STORY",,,,25,,"BULSAR BOOK STORE",,,,"STORY",
"BAHADUR BOOFY",,"978-93-80076-17-1","CBT",2011,,,,,"891.43301/SHA",,,,"SHANKAR.ALKA ;Author","HINDI STORY",,,,20,,"BULSAR BOOK STORE",,,,"STORY",
"VISHWAS KI JEET",,9788170113539,"CBT",2012,,,,,"891.43301/FUK",,,,"FUKKAN.MITR ;Author","HINDI STORY",,,,30,,"BULSAR BOOK STORE",,,,"STORY",
"CHIDIYAGHAR KA NAAI",,9788170112532,"CBT",2013,,,,,"891.43301/NAT",,,,"NATH.PRATIBHA ;Author","HINDI STORY",,,,30,,"BULSAR BOOK STORE",,,,"STORY",
"CHIDIYAGHAR KI BATTAKH",,9788170118527,"CBT",2011,,,,,"891.43301/SHR",,,,"NIVASAN.SHRI ;Author","HINDI STORY",,,,20,,"BULSAR BOOK STORE",,,,"STORY",
"SUNEHRA HIRAN",,9788170112334,"CBT",2012,,,,,"891.43301/SHA",,,,"SHANKAR;Author","HINDI STORY",,,,30,,"BULSAR BOOK STORE",,,,"STORY",
"INDRADHANUSH PRITHVI PER UTRA",,9788170116882,"CBT",2012,,,,,"891.43301/SIN",,,,"SINHA.JUHI ;Author","HINDI STORY",,,,25,,"BULSAR BOOK STORE",,,,"STORY",
"CHUMKI NE CHTTHI DAALI",,9788170117063,"CBT",2011,,,,,"891.43301/FUK",,,,"FUKKAN.MITR ;Author","HINDI STORY",,,,20,,"BULSAR BOOK STORE",,,,"STORY",
"OLY AUR POLY",,"978-81-89750-42-9","CBT",2011,,,,,"891.43301/SEN",,,,"SEN.BENITA ;Author","HINDI STORY",,,,20,,"BULSAR BOOK STORE",,,,"STORY",
"DADI KI SARI",,9788170118459,"CBT",2012,,,,,"891.43301/NEH",,,,"NEHEMIA.ASHA ;Author","HINDI STORY",,,,25,,"BULSAR BOOK STORE",,,,"STORY",
"TITU NE DEKHI AATISHBAATI",,"978-93-80076-18-8","CBT",2011,,,,,"891.43301/SHR",,,,"STRIVASTAV.MRUNALINI ;Author","HINDI STORY",,,,20,,"BULSAR BOOK STORE",,,,"STORY",
"SHABASH KAMALA",,"978-93-80076-46-1","CBT",2012,,,,,"891.43301/SHA",,,,"SHANKAR.ALKA ;Author","HINDI STORY",,,,25,,"BULSAR BOOK STORE",,,,"STORY",
"SHRIMATI OONWALA KE AJEEB SWEATER",,9788189750275,"CBT",2011,,,,,"891.43301/NEH",,,,"NEHEMIA.ASHA ;Author","HINDI STORY",,,,20,,"BULSAR BOOK STORE",,,,"STORY",
"CHAATU LUCKY",,"978-81-89750-67-1","CBT",2012,,,,,"891.43301/VIS",,,,"VISHVANATH.RENUKA ;Author","HINDI STORY",,,,25,,"BULSAR BOOK STORE",,,,"STORY",
"DOST BANAYE NAYE- NAYE",,9788170118442,"CBT",2012,,,,,"891.43301/SHA",,,,"SHANKAR.ALKA ;Author","HINDI STORY",,,,35,,"BULSAR BOOK STORE",,,,"STORY",
"KICHU KENCHUA",,9788170112488,"CBT",2012,,,,,"891.43301/ANA",,,,"ANANTAKRISHN.INDIRA ;Author","HINDI STORY",,,,30,,"BULSAR BOOK STORE",,,,"STORY",
"GUDDI",,9788170117469,"CBT",2013,,,,,"891.43301/VAS",,,,"VASUDEV.VIJAY ;Author","HINDI STORY",,,,45,,"BULSAR BOOK STORE",,,,"STORY",
"AMMA KA PARIVAAR",,9788170116264,"CBT",2012,,,,,"891.43301/MUK",,,,"MUKHARJI.SAROJ ;Author","HINDI STORY",,,,40,,"BULSAR BOOK STORE",,,,"STORY",
"ISHA KA SANSAAR",,9788170117476,"CBT",2012,,,,,"891.43301/PAL",,,,"PAL.KANTA S. ;Author","HINDI STORY",,,,40,,"BULSAR BOOK STORE",,,,"STORY",
"BHARAT KI LOK KATHA NIDHI",,9788170110538,"CBT",2012,,,,,"891.43301/SHA",,,,"SHANKAR;Author","HINDI STORY",,,,55,,"BULSAR BOOK STORE",,,,"STORY",
"BANJARA HILL KE BACHCHE",,"978-81-89750-28-2","CBT",2013,,,,,"891.43301/VIN",,,,"VINI.MANIKYA ;Author","HINDI STORY",,,,45,,"BULSAR BOOK STORE",,,,"STORY",
"LESAR ",,978819750640,"CBT",2012,,,,,"891.43301/SHU",,,,"SHUKL.PARSHURAM ;Author","HINDI STORY",,,,55,,"BULSAR BOOK STORE",,,,"STORY",
"AETIHASIK GATHAYEIN",,9788170110620,"CBT",2011,,,,,"891.43301/GOS",,,,"GOSH.A.K.;Author","HINDI STORY",,,,35,,"BULSAR BOOK STORE",,,,"STORY",
"HAMARE YUVA BALIDANI",,"81-7011-836-0","CBT",2012,,,,,"300/MAL",,,,"UMAKANT MALVIYA;Author","SOCIAL SCIENCE(HINDI)",,,,40,,"BULSAR BOOK STORE",,,,"FREEDOM FIGHTERS",
"CHUTARPUTRA KI CHALAANG",,9788170117742,"CBT",2012,,,,,"891.43301/JOH",,,,"JOHARI.RASHMI SWAROOP;Author OTHERS;Author","HINDI STORY",,,,45,,"BULSAR BOOK STORE",,,,"STORY",
"JEEV JANTUON KI VICHITRA AADATEIN AUR PRAVRTTIYAN",,9788170117407,"CBT",2012,,,,,"891.43301/RAJ",,,,"RAJEEV.RAJENDRA KUMAR ;Author","HINDI STORY",,,,45,,"BULSAR BOOK STORE",,,,"STORY",
"GOPAL BHAND",,9788170115328,"CBT",2013,,,,,"891.43301/PRA",,,,"PRAMOD.ACHARYA PARAMHANS ;Author","HINDI STORY",,,,40,,"BULSAR BOOK STORE",,,,"STORY",
"INSAAN KA BETA",,9788170118282,"CBT",2012,,,,,"891.43301/PAT",,,,"PATHK.ALKA ;Author","HINDI STORY",,,,35,,"BULSAR BOOK STORE",,,,"STORY",
"BUDHIYA KI ROTI",,9788170112235,"CBT",2013,,,,,"891.43301/SHA",,,,"SHANKAR;Author","HINDI STORY",,,,30,,"BULSAR BOOK STORE",,,,"STORY",
"RAILGADI KYA AUR KAISE",,9788170117728,"CBT",2012,,,,,"500/RAI",,,,"RAI.NAVKALA ;Author",,,,,25,,"BULSAR BOOK STORE",,,,"SCIENCE",
"MOTOR CAR KYA AUR KAISE",,9788170113058,"CBT",2011,,,,,"500/RAI",,,,"RAI.NAVKALA ;Author",,,,,20,,"BULSAR BOOK STORE",,,,"SCIENCE",
"JAHAJ KYA AUR KAISE",,9788170118091,"CBT",2011,,,,,"500/RAI",,,,"RAI.NAVKALA ;Author",,,,,20,,"BULSAR BOOK STORE",,,,"SCIENCE",
"GHADI KYA AUR KAISE",,9788170114000,"CBT",2011,,,,,"500/RAI",,,,"RAI.NAVKALA ;Author",,,,,20,,"BULSAR BOOK STORE",,,,"SCIENCE",
"HAWAI JAHAJ KYA AUR KAISE",,9788170113041,"CBT",2011,,,,,"500/RAI",,,,"RAI.NAVKALA ;Author",,,,,20,,"BULSAR BOOK STORE",,,,"SCIENCE",
"TELEVISION KYA AUR KAISE",,9788170113423,"CBT",2011,,,,,"500/RAI",,,,"RAI.NAVKALA ;Author",,,,,20,,"BULSAR BOOK STORE",,,,"SCIENCE",
"TELEPHONE KYA AUR KAISE",,9788170113171,"CBT",2011,,,,,"500/RAI",,,,"RAI.NAVKALA ;Author",,,,,20,,"BULSAR BOOK STORE",,,,"SCIENCE",
"COMPUTER KYA AUR KAISE",,9788170119593,"CBT",2011,,,,,"500/HAL",,,,"HALLEN.RAKESH MOHAN;Author",,,,,20,,"BULSAR BOOK STORE",,,,"SCIENCE",
"KUCH AUR KAHANIYA",,9788170112563,"CBT",2013,,,,,"891.43301/MAN",,,,"MANOCHA.V.P.;Author OTHER;Author","HINDI STORY",,,,45,,"BULSAR BOOK STORE",,,,"STORY",
"BEES AUR KAHANIYA",,9788170113881,"CBT",2013,,,,,"891.43301/EKB",,,,"EKBOTE.ANIL;Author OTHERS;Author","HINDI STORY",,,,45,,"BULSAR BOOK STORE",,,,"STORY",
"BACHO KI KAHANIYAN ",,9788170113157,"CBT",2013,,,,,"891.43301/MUR",,,,"MURTI.VASANTA;Author OTHERS;Author","HINDI STORY",,,,45,,"BULSAR BOOK STORE",,,,"STORY",
"KITRTI SHIKHAR",,9788170117810,"CBT",2012,,,,,"891.43301/RAI",,,,"GOUTAM RAI;Author","HINDI STORY",,,,60,,"BULSAR BOOK STORE",,,,"STORY",
"SIKSHA PRAD KAHANIYAN",,9788189750176,"CBT",2012,,,,,"891.43301/PAN",,,,"SOURABH PANDEY;Author","HINDI STORY",,,,90,,"BULSAR BOOK STORE",,,,"STORY",
"YEH KAISE HOTA HAI?",,9789380076324,"CBT",2011,,,,,"891.43301/RAG",,,,"NIRJA RAGHAVAN;Author","HINDI STORY",,,,85,,"BULSAR BOOK STORE",,,,"STORY",
"TENALIRAMAN KI KAHANIYAN",,9788170119517,"CBT",2009,,,,,"891.43301/JAY",,,,"C.L.L.JAYAPRADA;Author","HINDI STORY",,,,80,,"BULSAR BOOK STORE",,,,"STORY",
"AAO PATA LAGAEN",,9788170119388,"CBT",2012,,,,,"891.43301/RAG",,,,"NIRJA RAGHAVAN;Author","HINDI STORY",,,,85,,"BULSAR BOOK STORE",,,,"STORY",
"ANOKHA MAHAYAGYA AUR ANYA KAHANIYA",,"978-81-89750-596","CBT",2012,,,,,"891.43301/BHA",,,,"BHATIA.SUDHARSHAN KUMAR;Author","HINDI STORY",,,,90,,"BULSAR BOOK STORE",,,,"STORY",
"ANDHRA PRADESH KI LOK KATHAYEN",,"978-93-80076-41-6","CBT",2011,,,,,"891.43301/AYA",,,,"AYANGAR.GEETA ;Author","HINDI STORY",,,,90,,"BULSAR BOOK STORE",,,,"STORY",
"24 KAHANIYAN",,9788170117957,"CBT",2012,,,,,"891.43301/NAB",,,,"NAMBISAN.KAVERI;Author OTHERS;Author","HINDI STORY",,,,90,,"BULSAR BOOK STORE",,,,"STORY",
"22 KAHANIYAN",,9788170117159,"CBT",2013,,,,,"891.43301/YAD",,,,"MAHENDRA YADAV;Author","HINDI STORY",,,,90,,"BULSAR BOOK STORE",,,,"STORY",
"HIMACHAL PRADESH KI LOK KATHAYEN",,9789380076423,"CBT",2011,,,,,"891.43301/NAT",,,,"PRATIBHA NATH;Author","HINDI STORY",,,,100,,"BULSAR BOOK STORE",,,,"STORY",
"KATHA KUNJ: 34 KAHANIYA",,9788170118626,"CBT",2012,,,,,"891.43301/KAU",,,,"KAUL.VATSALA;Author OTHERS;Author","HINDI STORY",,,,120,,"BULSAR BOOK STORE",,,,"STORY",
"BHARAT KI LOK KATHA NIDHI",,9788170117711,"CBT",2012,,,,,"891.43301/SHA",,,,"SHANKAR;Author","HINDI STORY",,,,160,,"BULSAR BOOK STORE",,,,"STORY",
"KHAZANA KAHANIYON KA",,9788170119661,"CBT",2013,,,,,"891.43301/GUP",,,,"GUPTA.MAHESH;Author OTHERS;Author","HINDI STORY",,,,100,,"BULSAR BOOK STORE",,,,"STORY",
"TWINKLE TWINKLE LITTLE STAR! HAMARA ANTARIKSH",,"978-93-80076-14-0","CBT",2012,,,,,"500/PAK",,,,"PAKSHIRAJAN.T.;Author",,,,,100,,"BULSAR BOOK STORE",,,,"SCIENCE",
"BUDDHA KI KAHANIYAN",,9788170119494,"CBT",2013,,,,,"891.43301/KHA",,,,"KHANNA.ANITA ;Author","HINDI STORY",,,,90,,"BULSAR BOOK STORE",,,,"STORY",
"16 KAHANIYA",,9788170119425,"CBT",2012,,,,,"891.43301/MAL",,,,"MALVI.SUBHADRA ;Author","HINDI STORY",,,,85,,"BULSAR BOOK STORE",,,,"STORY",
"GARBARJHALA AUR ANYA",,9788170119616,"CBT",2013,,,,,"891.43301/MAL",,,,"MALVI.SUBHADRA ;Author",,,,,100,,"BULSAR BOOK STORE",,,,"HINDI",
"VISWA KI LOK KATHYEN",,"978-93-80076-57-7","CBT",2012,,,,,"891.43301/NAT",,,,"PRATIBHA NATH;Author",,,,,110,,"BULSAR BOOK STORE",,,,"HINDI",
"PRASIDDHA LOK KATHAYEN",,9788170119913,"CBT",2013,,,,,"891.43301/SHA",,,,"SHANKAR;Author",,,,,90,,"BULSAR BOOK STORE",,,,"HINDI",
"PARMANU SE NANO PRAUDYOHIKI TAK",,9788170119258,"CBT",2013,,,,,"500/CHI",,,,"CHITRAV.KALYANI;Author OTHERS;Author",,,,,90,,"BULSAR BOOK STORE",,,,"SCIENCE",
"VIGYAN EVAM KHEL KATHAYAN",,"978-81-89750-56-5","CBT",2012,,,,,"891.43301/SHA",,,,"SHAJAPURI.DESHBANDHU;Author OTHERS;Author","SCIENE & GAMES",,,,90,,"BULSAR BOOK STORE",,,,"STORY",
"BHARAT KI KAHANIYAN",,9788170118329,"CBT",2013,,,,,"891.43301/SAR",,,,"SARABHAI.MRULANI ;Author","HINDI STORY",,,,90,,"BULSAR BOOK STORE",,,,"STORY",
"NATIK KAHANIYAN",,"978-81-89750-23-7","CBT",2013,,,,,"891.43301/GOS",,,,"GOSWAMI.AYUSHMAN;Author OTHERS;Author","HINDI STORY",,,,70,,"BULSAR BOOK STORE",,,,"STORY",
"PASCHIM BANGAAL KI KAHANIYAAN",,"978-93-80076-33-1","CBT",2013,,,,,"891.43301/DUT",,,,"DUTTA.SWAPNA ;Author","HINDI STORY",,,,100,,"BULSAR BOOK STORE",,,,"STORY",
"PITARA-MILIJULI KAHANIYA",,9788170119722,"CBT",2012,,,,,"891.43301/BEL",,,,"BELEVAR.ARVIND;Author OTHERS;Author","HINDI STORY",,,,90,,"BULSAR BOOK STORE",,,,"STORY",
"PANCHATANTRA KI KAHANIYAN",,9788170112310,"CBT",2012,,,,,"891.43301/SHI",,,,"SHIV KUMAR;Author","HINDI STORY",,,,160,,"BULSAR BOOK STORE",,,,"STORY",
"NAI KAHANIYA ",,9788170114376,"CBT",2012,,,,,"891.43301/JAI",,,,"JAIN.SASHI;Author OTHERS;Author","HINDI STORY",,,,45,,"BULSAR BOOK STORE",,,,"STORY",
"PAANCHI JASOOS",,9788170117490,"CBT",2013,,,,,"891.43301/VER",,,,"VERMA.SHANKUNTALA ;Author","HINDI STORY",,,,45,,"BULSAR BOOK STORE",,,,"STORY",
"SAMRAJYA HILA CHUTKIHAR NAMAK SE",,9788170113096,"CBT",2012,,,,,"300/SIN",,,,"SINHA.SAROJINI ;Author",,,,,30,,"BULSAR BOOK STORE",,,,"SOCIAL SCIENCE",
"PEEPALWASI BHOOT AUR ANYANATAK",,9788170119050,"CBT",2012,,,,,"891.43301/VAT",,,,"VATS.SHRINIVASAN;Author OTHERS;Author","HINDI STORY",,,,30,,"BULSAR BOOK STORE",,,,"STORY",
"SEEPIYAN",,9788170118237,"CBT",2012,,,,,"891.43301/SHE",,,,"SEHGAL.HARDARSHAN;Author OTHERS;Author","HINDI STORY",,,,90,,"BULSAR BOOK STORE",,,,"STORY",
"INDIRA PRIYADARSHINI",,9788170114260,"CBT",2012,,,,,"920/SHA",,,,"SHANKAR.ALKA ;Author",,,,,65,,"BULSAR BOOK STORE",,,,"BIOGRAPHY",
"JAWAHARLAL NEHRU KISHORON KE LIYE",,9788170110491,"CBT",2011,,,,,"920/RAO",,,,"RAO.M.CHELAPATI ;Author",,,,,55,,"BULSAR BOOK STORE",,,,"BIOGRAPHY",
"MANMAUJI MAMAJI",,9788170115144,"CBT",2013,,,,,"891.43301/SAX",,,,"SAXSAINA.IRA ;Author","HINDI STORY",,,,35,,"BULSAR BOOK STORE",,,,"STORY",
"JASOOSON KI JASOOS",,9788170119906,"CBT",2013,,,,,"891.43301/CHA",,,,"CHAMOLA.KAMLA ;Author","HINDI STORY",,,,40,,"BULSAR BOOK STORE",,,,"STORY",
"BHAARATIYA VAIGYANIK",,9788170113195,"CBT",2013,,,,,"925/SAL",,,,"SALVI.DILIP MADHUKAR ;Author","SCIENTISTS",,,,55,,"BULSAR BOOK STORE",,,,"BIOGRAPHIES",
"MASTER SAHEB",,9788170118411,"CBT",2012,,,,,"891.43301/SHI",,,,"SRIVASTVA.MRUNALINI ;Author","HINDI STORY",,,,35,,"BULSAR BOOK STORE",,,,"STORY",
"BINU BHALU",,9788170111771,"CBT",,,,,,"891.43301/LUT",,,,"LUTHRA.VALTAR ;Author","HINDI STORY",,,,20,,"BULSAR BOOK STORE",,,,"STORY",
"KRISHNA SUDAMA",,9788170110507,"CBT",,,,,,"891.43301/SHI",,,,"SHIVKUMAR.K.;Author","HINDI STORY",,,,25,,"BULSAR BOOK STORE",,,,"STORY",
"PED- PODHON KA RAHASYAMAY SANSAAR",,9788170118787,"CBT",2012,,,,,"500/RAJ",,,,"RAJEEV.RAJENDRA KUMAR ;Author",,,,,40,,"BULSAR BOOK STORE",,,,"SCIENCE",
"KUCHH BHARATIYA PAKSHI",,9788170110941,"CBT",2012,,,,,"891.43301/MAJ",,,,"MAJUMDAR.N.N.;Author","HINDI STORY",,,,55,,"BULSAR BOOK STORE",,,,"STORY",
"LAUT KE BUDDHU GHAR KO AAYE",,9788170115151,"CBT",,,,,,"891.43301/PRE",,,,"PRITAM.SAROJINI ;Author","HINDI STORY",,,,35,,"BULSAR BOOK STORE",,,,"STORY",
"NANIHAL MEIN GUZRE DIN",,9788170110156,"CBT",2012,,,,,"891.43301/SHA",,,,"SHANKAR;Author","HINDI STORY",,,,35,,"BULSAR BOOK STORE",,,,"STORY",
"GAJMUKTA KI TALAASH",,9788170118701,"CBT",2013,,,,,"891.43301/SAK",,,,"SAKSAINA.IRA ;Author","HINDI STORY",,,,40,,"BULSAR BOOK STORE",,,,"STORY",
"MAHAN VYAKYITWA BHAG-1",,9788170114857,"CBT",2011,,,,,"920/BHA",,,,"BHATTCHARJI.SUKHMAY ;Author",,,,,45,,"BULSAR BOOK STORE",,,,"BIOGRAPHIES",
"MAHAN VYAKYITWA BHAG-2",,9788170114864,"CBT",2011,,,,,"920/SAK",,,,"SAKSAINA.IRA ;Author",,,,,45,,"BULSAR BOOK STORE",,,,"BIOGRAPHIES",
"MAHAN VYAKTITWA BHAG-3",,9788170117322,"CBT",2012,,,,,"920/DUT",,,,"DUTTA.SWAPNA ;Author",,,,,45,,"BULSAR BOOK STORE",,,,"BIOGRAPHIES",
"MAHAN VYAKTITWA BHAG-4",,9788170117704,"CBT",2012,,,,,"920/SHR",,,,"SHREEKUMA.A.K.;Author",,,,,45,,"BULSAR BOOK STORE",,,,"BIOGRAPHIES",
"MAHAN VYAKTITWA BHAG-5",,9788170118336,"CBT",2011,,,,,"920/SEN",,,,"BHIMSEN.PRAVINA ;Author",,,,,45,,"BULSAR BOOK STORE",,,,"BIOGRAPHIES",
"MAHAN VYAKTITWA BHAG-6",,9788170118343,"CBT",2011,,,,,"920/MEH",,,,"MEHTA.A.C.;Author",,,,,45,,"BULSAR BOOK STORE",,,,"BIOGRAPHIES",
"MAHAN VYAKTITWA BHAG-7",,9788170118770,"CBT",2013,,,,,"920/SEN",,,,"BHIMSEN.PRAVINA ;Author",,,,,45,,"BULSAR BOOK STORE",,,,"BIOGRAPHIES",
"MAHAN VYAKTITWA BHAG-8",,9788170118992,"CBT",2011,,,,,"920/MAH",,,,"MAHAJAN.ANITA ;Author",,,,,45,,"BULSAR BOOK STORE",,,,"BIOGRAPHIES",
"MAHAN VYAKTITWA BHAG-9",,9788170119067,"CBT",2011,,,,,"920/MAH",,,,"MAHAJAN.ANITA ;Author",,,,,45,,"BULSAR BOOK STORE",,,,"BIOGRAPHIES",
"MAHAN VYAKTITWA BHAG-10",,9788189750589,"CBT",2011,,,,,"920/DEB",,,,"DEBRAY.DIPVALI ;Author",,,,,45,,"BULSAR BOOK STORE",,,,"BIOGRAPHIES",
"MAHAN VYAKTIWA BHAG-11",,"978-81-89750-40-4","CBT",2011,,,,,"920/DEB",,,,"DEBRAY.DIPVALI ;Author",,,,,45,,"BULSAR BOOK STORE",,,,"BIOGRAPHIES",
"MAHAN VYAKTIWA BHAG-12",,"978-81-89750-58-9","CBT",2013,,,,,"920/ANA",,,,"KRUSHNA.INDIRA ANANT ;Author",,,,,45,,"BULSAR BOOK STORE",,,,"BIOGRAPHIES",
"THE COUNTRY MOUSE & THE TOWN MOUSE: LEVEL 1",,"978-1-60346-862-6","MACAW BOOKS",2012,,,,,"823/COU",,,,,,,,,59,,"BULSAR BOOK STORE",,,,"STORY",
"GOLDILOCKS AND THE THREE BEARS: LEVEL 1",,"978-1-60346-861-9","MACAW BOOKS",2012,,,,,"823/GOL",,,,,,,,,59,,"BULSAR BOOK STORE",,,,"STORY",
"THE WOLF & THE SEVEN KIDS: LEVEL 1",,"978-1-60346-866-4","MACAW BOOKS",2012,,,,,"823/WOL",,,,,,,,,59,,"BULSAR BOOK STORE",,,,"STORY",
"THE HARE &THE TORTOISE: LEVEL 1",,"978-1-60346-863-3","MACAW BOOKS",2012,,,,,"823/HAR",,,,,,,,,59,,"BULSAR BOOK STORE",,,,"STORY",
"THE THREE BILLY GOATS: LEVEL 1",,"978-1-60346-865-7","MACAW BOOKS",2012,,,,,"823/THR",,,,,,,,,59,,"BULSAR BOOK STORE",,,,"STORY",
"THE SLY FOX & THE LITTLE RED HEN:LEVEL 1",,"978-1-60346-864-0","MACAW BOOKS",2012,,,,,"823/SLY",,,,,,,,,59,,"BULSAR BOOK STORE",,,,"STORY",
"THE STORY OF ALI BABA AND THE FORTY THIEVES: LET'S SEE AND SAY",,9788171871759,"BOOK PALACE(BLUEBIRD)",,,,,,"823/STO",,,,,,,,,50,,"BULSAR BOOK STORE",,,,"STORY",
"THE STORIES OF AKBAR-BIRBAL: LET'S SEE AND SAY",,9788171872268,"BOOK PALACE(BLUEBIRD)",,,,,,"823/STO",,,,,,,,,50,,"BULSAR BOOK STORE",,,,"STORY",
"THE ANIMAL STORIES: LET'S SEE AND SAY",,9788171872251,"BOOK PALACE(BLUEBIRD)",,,,,,"823/ANI",,,,,,,,,50,,"BULSAR BOOK STORE",,,,"STORY",
"THE STORY OF THE JUNGLE BOOK: LET'S SEE AND SAY",,9788171872282,"BOOK PALACE(BLUEBIRD)",,,,,,"823/STO",,,,,,,,,50,,"BULSAR BOOK STORE",,,,"STORY",
"THE STORY OF PUSS IN BOOTS: LET'S SEE AND SAY",,9788171871728,"BOOK PALACE(BLUEBIRD)",,,,,,"823/STO",,,,,,,,,50,,"BULSAR BOOK STORE",,,,"STORY",
"THE STORY OF LITTLE RED RIDING HOOD: LET'S SEE AND SAY",,9788171871742,"BOOK PALACE(BLUEBIRD)",,,,,,"823/STO",,,,,,,,,50,,"BULSAR BOOK STORE",,,,"STORY",
"THE STORY OF SNOW WHITE AND THE SEVEN DWARTS: LET'S SEE AND SAY",,9788171871735,"BOOK PALACE(BLUEBIRD)",,,,,,"823/STO",,,,,,,,,50,,"BULSAR BOOK STORE",,,,"STORY",
"THE STORY OF ALLADIN AND HIS MAGIC LAMP: LET'S SEE AND SAY",,9788171872275,"BOOK PALACE(BLUEBIRD)",,,,,,"823/STO",,,,,,,,,50,,"BULSAR BOOK STORE",,,,"STORY",
"THE STORY OF THE UGLY DUCKLING: LET'S SEE AND SAY",,9788171871704,"BOOK PALACE(BLUEBIRD)",,,,,,"823/STO",,,,,,,,,50,,"BULSAR BOOK STORE",,,,"STORY",
"THE STORY OF THE MUSICIANS OF BREMEN: LET'S SEE AND SAY",,9788171871711,"BOOK PALACE(BLUEBIRD)",,,,,,"823/STO",,,,,,,,,50,,"BULSAR BOOK STORE",,,,"STORY",
"THE STORY OF THE ADVENTURES OF ROBIN HOOD: LET'S SEE AND SAY",,9788171872299,"BOOK PALACE(BLUEBIRD)",,,,,,"823/STO",,,,,,,,,50,,"BULSAR BOOK STORE",,,,"STORY",
"THE STORY OF GULLIVER IN LILLIPUT: LET'S SEE AND SAY",,9788171872305,"BOOK PALACE(BLUEBIRD)",,,,,,"823/STO",,,,,,,,,50,,"BULSAR BOOK STORE",,,,"STORY",
"KEY WORDS FAIRY TALES: THE PIED PIPER OF HAMELIN",,9788180062278,"ALKA PUBLICATIONS",,,,,,"823/KEY",,,,,,,,,45,,"BULSAR BOOK STORE",,,,"STORY",
"KEY WORDS FAIRY TALES: THE FROG PRINCE",,9788180062254,"ALKA PUBLICATIONS",,,,,,"823/KEY",,,,,,,,,45,,"BULSAR BOOK STORE",,,,"STORY",
"KEY WORDS FAIRY TALES: THE UGLY DUCKLING",,9788180062179,"ALKA PUBLICATIONS",,,,,,"823/KEY",,,,,,,,,45,,"BULSAR BOOK STORE",,,,"STORY",
"KEY WORDS FAIRY TALES: ALI BABA AND THE FORTY THIEVES",,9788180062186,"ALKA PUBLICATIONS",,,,,,"823/KEY",,,,,,,,,45,,"BULSAR BOOK STORE",,,,"STORY",
"KEY WORDS FAIRY TALES: THE THREE LITTLE PIGS",,9788180062162,"ALKA PUBLICATIONS",,,,,,"823/KEY",,,,,,,,,45,,"BULSAR BOOK STORE",,,,"STORY",
"KEY WORDS FAIRY TALES: THE EMPEROR'S NEW CLOTHES",,9788180062193,"ALKA PUBLICATIONS",,,,,,"823/KEY",,,,,,,,,45,,"BULSAR BOOK STORE",,,,"STORY",
"KEY WORDS FAIRY TALES: HEIDI",,9788180062421,"ALKA PUBLICATIONS",,,,,,"823/KEY",,,,,,,,,45,,"BULSAR BOOK STORE",,,,"STORY",
"KEY WORDS FAIRY TALES: THE JUNGLE BOOK",,9788180062216,"ALKA PUBLICATIONS",,,,,,"823/KEY",,,,,,,,,45,,"BULSAR BOOK STORE",,,,"STORY",
"KEY WORDS FAIRY TALES: CINDRELLA",,9788180062339,"ALKA PUBLICATIONS",,,,,,"823/KEY",,,,,,,,,45,,"BULSAR BOOK STORE",,,,"STORY",
"KEY WORDS FAIRY TALES: THE WONDERFUL WIZARD OF OZ",,9788180062247,"ALKA PUBLICATIONS",,,,,,"823/KEY",,,,,,,,,45,,"BULSAR BOOK STORE",,,,"STORY",
"KEY WORDS FAIRY TALES: BEAUTY AND THE BEAST",,9788180062414,"ALKA PUBLICATIONS",,,,,,"823/KEY",,,,,,,,,45,,"BULSAR BOOK STORE",,,,"STORY",
"KEY WORDS FAIRY TALES: GOLDILOCKS AND THE THREE",,9788180062230,"ALKA PUBLICATIONS",,,,,,"823/KEY",,,,,,,,,45,,"BULSAR BOOK STORE",,,,"STORY",
"KEY WORDS FAIRY TALES: PETER PAN",,9788180062360,"ALKA PUBLICATIONS",,,,,,"823/KEY",,,,,,,,,45,,"BULSAR BOOK STORE",,,,"STORY",
"KEY WORDS FAIRY TALES: HANSEL AND GRETEL",,9788180062445,"ALKA PUBLICATIONS",,,,,,"823/KEY",,,,,,,,,45,,"BULSAR BOOK STORE",,,,"STORY",
"KEY WORDS FAIRY TALES: LITTLE RED RIDING HOOD",,9788180062407,"ALKA PUBLICATIONS",,,,,,"823/KEY",,,,,,,,,45,,"BULSAR BOOK STORE",,,,"STORY",
"KEY WORDS FAIRY TALES: PINACCHIO",,9788180062391,"ALKA PUBLICATIONS",,,,,,"823/KEY",,,,,,,,,45,,"BULSAR BOOK STORE",,,,"STORY",
"KEY WORDS FAIRY TALES: JACK AND THE BEANSTALK",,9788180062438,"ALKA PUBLICATIONS",,,,,,"823/KEY",,,,,,,,,45,,"BULSAR BOOK STORE",,,,"STORY",
"KEY WORDS FAIRY TALES: ALICE IN WONDERLAND",,9788180062377,"ALKA PUBLICATIONS",,,,,,"823/KEY",,,,,,,,,45,,"BULSAR BOOK STORE",,,,"STORY",
"KEY WORDS FAIRY TALES:THE LITTLE MERMAID",,9788180062261,"ALKA PUBLICATIONS",,,,,,"823/KEY",,,,,,,,,45,,"BULSAR BOOK STORE",,,,"STORY",
"KEY WORDS FAIRY TALES: SNOW WHITE AND THE SEVEN DWARFE",,9788180062353,"ALKA PUBLICATIONS",,,,,,"823/KEY",,,,,,,,,45,,"BULSAR BOOK STORE",,,,"STORY",
"KEY WORDS FAIRY TALES: THUMBELINA",,9788180062384,"ALKA PUBLICATIONS",,,,,,"823/KEY",,,,,,,,,45,,"BULSAR BOOK STORE",,,,"STORY",
"KEY WORDS FAIRY TALES: ALLADINE AND THE MAGIC LAMP",,9788180062209,"ALKA PUBLICATIONS",,,,,,"823/KEY",,,,,,,,,45,,"BULSAR BOOK STORE",,,,"STORY",
"INDIAN MYTES AND LEGENDS:BHIM",,"978-1-60346-930-2","MACAW ",,,,,,"201/IND",,,,,"MTYTHOLOGY",,,,50,,"BULSAR BOOK STORE",,,,"RELIGIOUS",
"INDIAN MYTES AND LEGENDS:MAHARANA PRATAP",,"978-1-60346-587-8","MACAW ",,,,,,"201/IND",,,,,"MTYTHOLOGY",,,,50,,"BULSAR BOOK STORE",,,,"RELIGIOUS",
"INDIAN MYTES AND LEGENDS: RAVAN",,"978-1-60346-897-8","MACAW ",,,,,,"201/IND",,,,,"MTYTHOLOGY",,,,50,,"BULSAR BOOK STORE",,,,"RELIGIOUS",
"INDIAN MYTES AND LEGENDS: LAXMIBAI",,"978-1-60346-586-1","MACAW ",,,,,,"201/IND",,,,,"MTYTHOLOGY",,,,50,,"BULSAR BOOK STORE",,,,"RELIGIOUS",
"INDIAN MYTES AND LEGENDS: CHANAKYA",,"978-1-60346-581-6","MACAW ",,,,,,"201/IND",,,,,"MTYTHOLOGY",,,,50,,"BULSAR BOOK STORE",,,,"RELIGIOUS",
"INDIAN MYTES AND LEGENDS:RAMA",,"978-1-60346-584-7","MACAW ",,,,,,"201/IND",,,,,"MTYTHOLOGY",,,,50,,"BULSAR BOOK STORE",,,,"RELIGIOUS",
"INDIAN MYTES AND LEGENDS: ABHIMANYU",,"978-1-60346-588-5","MACAW ",,,,,,"201/IND",,,,,"MTYTHOLOGY",,,,50,,"BULSAR BOOK STORE",,,,"RELIGIOUS",
"INDIAN MYTES AND LEGENDS:SHIVAJI",,"978-1-60346-589-2","MACAW ",,,,,,"201/IND",,,,,"MTYTHOLOGY",,,,50,,"BULSAR BOOK STORE",,,,"RELIGIOUS",
"INDIAN MYTES AND LEGENDS: GANESH",,"978-1-60346-896-1","MACAW ",,,,,,"201/IND",,,,,"MTYTHOLOGY",,,,50,,"BULSAR BOOK STORE",,,,"RELIGIOUS",
"INDIAN MYTES AND LEGENDS: HANUMAN",,"978-1-60346-901-2","MACAW ",,,,,,"201/IND",,,,,"MTYTHOLOGY",,,,50,,"BULSAR BOOK STORE",,,,"RELIGIOUS",
"INDIAN MYTES AND LEGENDS: ASHOKA",,"978-1-60346-581-6","MACAW ",,,,,,"201/IND",,,,,"MTYTHOLOGY",,,,50,,"BULSAR BOOK STORE",,,,"RELIGIOUS",
"INDIAN MYTES AND LEGENDS: LUV KUSH",,"978-1-60346-926-5","MACAW ",,,,,,"201/IND",,,,,"MTYTHOLOGY",,,,50,,"BULSAR BOOK STORE",,,,"RELIGIOUS",
"INDIAN MYTES AND LEGENDS: SHIV",,"978-1-60346-903-6","MACAW ",,,,,,"201/IND",,,,,"MTYTHOLOGY",,,,50,,"BULSAR BOOK STORE",,,,"RELIGIOUS",
"INDIAN MYTES AND LEGENDS: KRISHNA",,"978-1-60346-585-4","MACAW ",,,,,,"201/IND",,,,,"MTYTHOLOGY",,,,50,,"BULSAR BOOK STORE",,,,"RELIGIOUS",
"INDIAN MYTES AND LEGENDS: KARAN",,"978-1-60346-587-8","MACAW ",,,,,,"201/IND",,,,,"MTYTHOLOGY",,,,50,,"BULSAR BOOK STORE",,,,"RELIGIOUS",
"INDIAN MYTES AND LEGENDS: DHRUVA",,"978-1-60346-589-2","MACAW ",,,,,,"201/IND",,,,,"MTYTHOLOGY",,,,50,,"BULSAR BOOK STORE",,,,"RELIGIOUS",
"INDIAN MYTES AND LEGENDS: BHISHM",,"978-1-60346-89-2","MACAW ",,,,,,"201/IND",,,,,"MTYTHOLOGY",,,,50,,"BULSAR BOOK STORE",,,,"RELIGIOUS",
"DREAMLANDS CHARACTER BUILDING STORIES FOR CHILDREN: HELLO!",,"978-1730-160-03-5","DREAMLAND PUBLICATIONS",2012,,,,,"823/PRA",,,,"PRAKASH.VED;Author",,,,,70,,"BULSAR BOOK STORE",,,,"STORY",
"DREAMLANDS CHARACTER BUILDING STORIES FOR CHILDREN: PLEASE!",,"978-17-3016-011-0","DREAMLAND PUBLICATIONS",2013,,,,,"823/PRA",,,,"PRAKASH.VED;Author",,,,,70,,"BULSAR BOOK STORE",,,,"STORY",
"DREAMLANDS CHARACTER BUILDING STORIES FOR CHILDREN: THANK YOU.",,9781730160202,"DREAMLAND PUBLICATIONS",2012,,,,,"823/PRA",,,,"PRAKASH.VED;Author",,,,,70,,"BULSAR BOOK STORE",,,,"STORY",
"DREAMLANDS CHARACTER BUILDING STORIES FOR CHILDREN: NO,THANKS",,9781730160387,"DREAMLAND PUBLICATIONS",2011,,,,,"823/PRA",,,,"PRAKASH.VED;Author",,,,,70,,"BULSAR BOOK STORE",,,,"STORY",
"DREAMLANDS CHARACTER BUILDING STORIES FOR CHILDREN: I AM SORRY",,9781730160462,"DREAMLAND PUBLICATIONS",2008,,,,,"823/PRA",,,,"PRAKASH.VED;Author",,,,,70,,"BULSAR BOOK STORE",,,,"STORY",
"DREAMLANDS CHARACTER BUILDING STORIES FOR CHILDREN: AFTER YOU",,9781730160547,"DREAMLAND PUBLICATIONS",2009,,,,,"823/PRA",,,,"PRAKASH.VED;Author",,,,,70,,"BULSAR BOOK STORE",,,,"STORY",
"DREAMLANDS CHARACTER BUILDING STORIES FOR CHILDREN: IT IS MINE",,9781730160622,"DREAMLAND PUBLICATIONS",2012,,,,,"823/PRA",,,,"PRAKASH.VED;Author",,,,,70,,"BULSAR BOOK STORE",,,,"STORY",
"DREAMLANDS CHARACTER BUILDING STORIES FOR CHILDREN: DON'T SAY THAT",,9781730160707,"DREAMLAND PUBLICATIONS",2012,,,,,"823/PRA",,,,"PRAKASH.VED;Author",,,,,70,,"BULSAR BOOK STORE",,,,"STORY",
"DREAMLANDS CHARACTER BUILDING STORIES FOR CHILDREN: DON'T DO THAT",,9781730160899,"DREAMLAND PUBLICATIONS",2009,,,,,"823/PRA",,,,"PRAKASH.VED;Author",,,,,70,,"BULSAR BOOK STORE",,,,"STORY",
"DREAMLANDS CHARACTER BUILDING STORIES FOR CHILDREN: GO AWAY",,9781730160974,"DREAMLAND PUBLICATIONS",2012,,,,,"823/PRA",,,,"PRAKASH.VED;Author",,,,,70,,"BULSAR BOOK STORE",,,,"STORY",
"DREAMLANDS CHARACTER BUILDING STORIES FOR CHILDREN: IT WON'T WORK",,9781730160001,"DREAMLAND PUBLICATIONS",2012,,,,,"823/PRA",,,,"PRAKASH.VED;Author",,,,,70,,"BULSAR BOOK STORE",,,,"STORY",
"DREAMLANDS CHARACTER BUILDING STORIES FOR CHILDREN: MOVE OVER.",,9781730161193,"DREAMLAND PUBLICATIONS",2012,,,,,"823/PRA",,,,"PRAKASH.VED;Author",,,,,70,,"BULSAR BOOK STORE",,,,"STORY",
"DREAMLANDS CHARACTER BUILDING STORIES FOR CHILDREN: WHY BE BOSSY?",,9781730161278,"DREAMLAND PUBLICATIONS",2012,,,,,"823/PRA",,,,"PRAKASH.VED;Author",,,,,70,,"BULSAR BOOK STORE",,,,"STORY",
"DREAMLANDS CHARACTER BUILDING STORIES FOR CHILDREN: MAKING FRIENDS",,9781730161353,"DREAMLAND PUBLICATIONS",2012,,,,,"823/PRA",,,,"PRAKASH.VED;Author",,,,,70,,"BULSAR BOOK STORE",,,,"STORY",
"DREAMLANDS CHARACTER BUILDING STORIES FOR CHILDREN: WHY BE UNFRIENDLY?",,"978-17-3016-143-8","DREAMLAND PUBLICATIONS",2013,,,,,"823/PRA",,,,"PRAKASH.VED;Author",,,,,70,,"BULSAR BOOK STORE",,,,"STORY",
"DREAMLANDS CHARACTER BUILDING STORIES FOR CHILDREN: FRIENDLY",,9781730161513,"DREAMLAND PUBLICATIONS",2011,,,,,"823/PRA",,,,"PRAKASH.VED;Author",,,,,70,,"BULSAR BOOK STORE",,,,"STORY",
"DREAMLANDS CHARACTER BUILDING STORIES FOR CHILDREN: WHY FIGHT?",,9781730161605,"DREAMLAND PUBLICATIONS",2012,,,,,"823/PRA",,,,"PRAKASH.VED;Author",,,,,70,,"BULSAR BOOK STORE",,,,"STORY",
"DREAMLANDS CHARACTER BUILDING STORIES FOR CHILDREN: WHY LOSE YOUR TEMPER?",,9781730161780,"DREAMLAND PUBLICATIONS",2011,,,,,"823/PRA",,,,"PRAKASH.VED;Author",,,,,70,,"BULSAR BOOK STORE",,,,"STORY",
"DREAMLANDS CHARACTER BUILDING STORIES FOR CHILDREN: WHY NOT SHARE?",,9781730161865,"DREAMLAND PUBLICATIONS",2012,,,,,"823/PRA",,,,"PRAKASH.VED;Author",,,,,70,,"BULSAR BOOK STORE",,,,"STORY",
"DREAMLANDS CHARACTER BUILDING STORIES FOR CHILDREN: WHY TEASE?",,"978-17-3016-194-0","DREAMLAND PUBLICATIONS",2013,,,,,"823/PRA",,,,"PRAKASH.VED;Author",,,,,70,,"BULSAR BOOK STORE",,,,"STORY",
"DREAMLANDS CHARACTER BUILDING STORIES FOR CHILDREN: BULLY",,9781730162084,"DREAMLAND PUBLICATIONS",2012,,,,,"823/PRA",,,,"PRAKASH.VED;Author",,,,,70,,"BULSAR BOOK STORE",,,,"STORY",
"DREAMLANDS CHARACTER BUILDING STORIES FOR CHILDREN: CHEAT",,9781730162169,"DREAMLAND PUBLICATIONS",2012,,,,,"823/PRA",,,,"PRAKASH.VED;Author",,,,,70,,"BULSAR BOOK STORE",,,,"STORY",
"DREAMLANDS CHARACTER BUILDING STORIES FOR CHILDREN: MOODY",,9781730162329,"DREAMLAND PUBLICATIONS",2009,,,,,"823/PRA",,,,"PRAKASH.VED;Author",,,,,70,,"BULSAR BOOK STORE",,,,"STORY",
"DREAMLANDS CHARACTER BUILDING STORIES FOR CHILDREN: SELFISH",,9781730162404,"DREAMLAND PUBLICATIONS",2012,,,,,"823/PRA",,,,"PRAKASH.VED;Author",,,,,70,,"BULSAR BOOK STORE",,,,"STORY",
"DREAMLANDS CHARACTER BUILDING STORIES FOR CHILDREN: THIEF",,9781730162596,"DREAMLAND PUBLICATIONS",2012,,,,,"823/PRA",,,,"PRAKASH.VED;Author",,,,,70,,"BULSAR BOOK STORE",,,,"STORY",
"DREAMLANDS CHARACTER BUILDING STORIES FOR CHILDREN: HURT",,9781730162671,"DREAMLAND PUBLICATIONS",2009,,,,,"823/PRA",,,,"PRAKASH.VED;Author",,,,,70,,"BULSAR BOOK STORE",,,,"STORY",
"DREAMLANDS CHARACTER BUILDING STORIES FOR CHILDREN: JEALOUS",,9781730162756,"DREAMLAND PUBLICATIONS",2012,,,,,"823/PRA",,,,"PRAKASH.VED;Author",,,,,70,,"BULSAR BOOK STORE",,,,"STORY",
"DREAMLANDS CHARACTER BUILDING STORIES FOR CHILDREN: SAD",,9781730162831,"DREAMLAND PUBLICATIONS",2012,,,,,"823/PRA",,,,"PRAKASH.VED;Author",,,,,70,,"BULSAR BOOK STORE",,,,"STORY",
"DREAMLANDS CHARACTER BUILDING STORIES FOR CHILDREN: HAPPY",,9781730162916,"DREAMLAND PUBLICATIONS",2012,,,,,"823/PRA",,,,"PRAKASH.VED;Author",,,,,70,,"BULSAR BOOK STORE",,,,"STORY",
"DREAMLANDS CHARACTER BUILDING STORIES FOR CHILDREN: LONELY",,9781730163050,"DREAMLAND PUBLICATIONS",2012,,,,,"823/PRA",,,,"PRAKASH.VED;Author",,,,,70,,"BULSAR BOOK STORE",,,,"STORY",
"DREAMLANDS CHARACTER BUILDING STORIES FOR CHILDREN: BRAVE",,9781730163135,"DREAMLAND PUBLICATIONS",2012,,,,,"823/PRA",,,,"PRAKASH.VED;Author",,,,,70,,"BULSAR BOOK STORE",,,,"STORY",
"DREAMLANDS CHARACTER BUILDING STORIES FOR CHILDREN: CONFIDENT",,"978-17-3016-321-0","DREAMLAND PUBLICATIONS",2013,,,,,"823/PRA",,,,"PRAKASH.VED;Author",,,,,70,,"BULSAR BOOK STORE",,,,"STORY",
"DREAMLANDS CHARACTER BUILDING STORIES FOR CHILDREN: ANGRY",,"978-17-3016-330-2","DREAMLAND PUBLICATIONS",2013,,,,,"823/PRA",,,,"PRAKASH.VED;Author",,,,,70,,"BULSAR BOOK STORE",,,,"STORY",
"DREAMLANDS CHARACTER BUILDING STORIES FOR CHILDREN: AFRAID",,9781730163487,"DREAMLAND PUBLICATIONS",2011,,,,,"823/PRA",,,,"PRAKASH.VED;Author",,,,,70,,"BULSAR BOOK STORE",,,,"STORY",
"KEYWORDS WITH ALICE",,"978-1-60346-914-2","MACAW",2013,,,,,"823/ALI",,,,,,,,,60,,"BULSAR BOOK STORE",,,,"STORY",
"KEY WORDS WITH GOLDILOCKS",,"978-1-60346-916-6","MACAW",2013,,,,,"823/GOL",,,,,,,,,60,,"BULSAR BOOK STORE",,,,"STORY",
"KEY WORDS WITH JACK & JILL",,"978-1-60346-97-3","MACAW",2013,,,,,"823/JAC",,,,,,,,,60,,"BULSAR BOOK STORE",,,,"STORY",
"KEY WORDS WITH LITTLE RED HEN",,"978-1-60346-918-0","MACAW",2013,,,,,"823/LIT",,,,,,,,,60,,"BULSAR BOOK STORE",,,,"STORY",
"KEY WORDS WITH MOWGLI",,"978-1-60346-919-7","MACAW",2013,,,,,"823/MOW",,,,,,,,,60,,"BULSAR BOOK STORE",,,,"STORY",
"KEY WORDS WITH DOROTHY",,"978-1-60346-915-9","MACAW",2013,,,,,"823/DOR",,,,,,,,,60,,"BULSAR BOOK STORE",,,,"STORY",
"PHONICS IS FUN(1)",,"978-1-60346-920-3","MACAW",2013,,,,,"823/PHO",,,,,,,,,60,,"BULSAR BOOK STORE",,,,"STORY",
"PHONICS IS FUN(2)",,"978-1-60346-921-0","MACAW",2013,,,,,"823/PHO",,,,,,,,,60,,"BULSAR BOOK STORE",,,,"STORY",
"PHONICS IS FUN(3)",,"978-1-60346-922-7","MACAW",2013,,,,,"823/PHO",,,,,,,,,60,,"BULSAR BOOK STORE",,,,"STORY",
"PHONICS IS FUN(4)",,"978-1-60346-923-4","MACAW",2013,,,,,"823/PHO",,,,,,,,,60,,"BULSAR BOOK STORE",,,,"STORY",
"PHONICS IS FUN(5)",,"978-1-60346-924-1","MACAW",2013,,,,,"823/PHO",,,,,,,,,60,,"BULSAR BOOK STORE",,,,"STORY",
"PHONICS IS FUN(6)",,"978-1-60346-925-8","MACAW",2013,,,,,"823/PHO",,,,,,,,,60,,"BULSAR BOOK STORE",,,,"STORY",
"THE FROG BEGGING FOR A KING",,"978-1-60346-037-8","MACAW",2010,,,,,"823/FRO",,,,,,,,,45,,"BULSAR BOOK STORE",,,,"STORY",
"THE HARE & THE TORTOISE",,"978-1-60346-038-5","MACAW",2010,,,,,"823/HAR",,,,,,,,,45,,"BULSAR BOOK STORE",,,,"STORY",
"THE HAWK & THE CROW",,"978-1-60346-039-2","MACAW",2010,,,,,"823/HAW",,,,,,,,,45,,"BULSAR BOOK STORE",,,,"STORY",
"THE HAWK & THE NIGHTINGALE",,"978-1-60346-040-8","MACAW",2010,,,,,"823/HAW",,,,,,,,,45,,"BULSAR BOOK STORE",,,,"STORY",
"THE HORSE &THE LION",,"978-1-60346-041-5","MACAW",2010,,,,,"823/HOR",,,,,,,,,45,,"BULSAR BOOK STORE",,,,"STORY",
"THE LION & THE MOUSE",,"978-1-60346-042-2","MACAW",2010,,,,,"823/LIO",,,,,,,,,45,,"BULSAR BOOK STORE",,,,"STORY",
"THE LION, THE COCK & THE DONKEY",,"978-1-60346-043-9","MACAW",2010,,,,,"823/LIO",,,,,,,,,45,,"BULSAR BOOK STORE",,,,"STORY",
"THE SHEPHERD BOY",,"978-1-60346-044-6","MACAW",2010,,,,,"823/SHE",,,,,,,,,45,,"BULSAR BOOK STORE",,,,"STORY",
"THE STORK & THE FOX",,"978-1-60346-045-3","MACAW",2010,,,,,"823/STO",,,,,,,,,45,,"BULSAR BOOK STORE",,,,"STORY",
"THE BULLFROG & THE COW",,"978-1-60346-035-4","MACAW",2010,,,,,"823/BUL",,,,,,,,,45,,"BULSAR BOOK STORE",,,,"STORY",
"THE FOX & THE GOAT",,"978-1-60346-036-1","MACAW",2010,,,,,"823/FOX",,,,,,,,,45,,"BULSAR BOOK STORE",,,,"STORY",
"THE TWO GOATS",,"978-1-60346-046-0","MACAW",2010,,,,,"823/TWO",,,,,,,,,45,,"BULSAR BOOK STORE",,,,"STORY",
"LET'S GO ORGANIC",,"978-1-60346-691-2","MACAW",,,,,,"500/LET",,,,,,,,,55,,"BULSAR BOOK STORE",,,,"SCIENCE",
"LET'S STOP GLOBAL WARMING",,"978-1-60346-690-5","MACAW",,,,,,"500/LET",,,,,,,,,55,,"BULSAR BOOK STORE",,,,"SCIENCE",
"LET'S RECYCLE",,"978-1-60346-692-9","MACAW",,,,,,"500/LET",,,,,,,,,55,,"BULSAR BOOK STORE",,,,"SCIENCE",
"LET'S CONSERVE ENERGY",,"978-1-60346-689-9","MACAW",,,,,,"500/LET",,,,,,,,,55,,"BULSAR BOOK STORE",,,,"SCIENCE",
"LET'S CONSERVE WATER",,"978-1-60346-693-6","MACAW",,,,,,"500/LET",,,,,,,,,55,,"BULSAR BOOK STORE",,,,"SCIENCE",
"LET'S SAVE THE EARTH",,"978-1-60346-688-2","MACAW",,,,,,"500/LET",,,,,,,,,55,,"BULSAR BOOK STORE",,,,"SCIENCE",
"A DAY WITH BILL GATES",,"978-1-60346-142-9","MACAW",,,,,,"920/DAY",,,,,,,,,52.5,,"BULSAR BOOK STORE",,,,"BIOGRAPHY",
"A DAY WITH MOTHER TERESA",,"978-1-60346-138-2","MACAW",,,,,,"920/DAY",,,,,,,,,52.5,,"BULSAR BOOK STORE",,,,"BIOGRAPHY",
"A DAY WITH CHARLIE CHAPLIN",,"978-1-60346-145-0","MACAW",,,,,,"920/DAY",,,,,,,,,52.5,,"BULSAR BOOK STORE",,,,"BIOGRAPHY",
"A DAY WITH MARTIN LUTHER KING",,"978-1-60346-141-2","MACAW",,,,,,"920/DAY",,,,,,,,,52.5,,"BULSAR BOOK STORE",,,,"BIOGRAPHY",
"A DAY WITH :ABRAHAM LINCOLN",,"978-1-60346-136-8","MACAW",,,,,,"920/DAY",,,,,,,,,52.5,,"BULSAR BOOK STORE",,,,"BIOGRAPHY",
"A DAY WITH : NELSSON MANDELA",,"978-1-60346-137-5","MACAW",,,,,,"920/DAY",,,,,,,,,52.5,,"BULSAR BOOK STORE",,,,"BIOGRAPHY",
"A DAY WITH :GANDHI",,"978-1-60346-135-1","MACAW",,,,,,"920/DAY",,,,,,,,,50,,"BULSAR BOOK STORE",,,,"BIOGRAPHY",
"A DAY WITH : JOHN F. KEMEDY",,"978-1-6036-718-6","MACAW",,,,,,"920/DAY",,,,,,,,,50,,"BULSAR BOOK STORE",,,,"BIOGRAPHY",
"A DAY WITH : NEIL ARMSTRONG",,"978-1-60346-144-3","MACAW",,,,,,"920/DAY",,,,,,,,,50,,"BULSAR BOOK STORE",,,,"BIOGRAPHY",
"A DAY WITH : BEATLES",,"978-1-60346-143-6","MACAW",,,,,,"920/DAY",,,,,,,,,50,,"BULSAR BOOK STORE",,,,"BIOGRAPHY",
"A DAY WITH : PELE",,"978-1-60346-140-5","MACAW",,,,,,"920/DAY",,,,,,,,,50,,"BULSAR BOOK STORE",,,,"BIOGRAPHY",
"A DAY WITH : WALY DISNEY",,"978-1-60346-146-7","MACAW",,,,,,"920/DAY",,,,,,,,,50,,"BULSAR BOOK STORE",,,,"BIOGRAPHY",
"LET'S MEET THE LAZY HIPPOS",,"978-1-60346-070-5","MACAW",2009,,,,,"823/LET",,,,,,,,,60,,"BULSAR BOOK STORE",,,,"STORY",
"LET'S MEET THE LAZY  LIONS",,"978-1-60346-069-9","MACAW",2009,,,,,"823/LET",,,,,,,,,60,,"BULSAR BOOK STORE",,,,"STORY",
"LET'S MEET THE LAZY  TIGERS",,"978-1-60346-071-2","MACAW",2009,,,,,"823/LET",,,,,,,,,60,,"BULSAR BOOK STORE",,,,"STORY",
"LET'S MEET THE LAZY ELEPHANT",,"978-1-60346-072-9","MACAW",2009,,,,,"823/LET",,,,,,,,,60,,"BULSAR BOOK STORE",,,,"STORY",
"WE ARE FRIENDS",,"978-1-60346-535-9","MACAW",2009,,,,,"823/FRI",,,,,,,,,120,,"BULSAR BOOK STORE",,,,"STORY",
"LITTLE TEDDY CAN'T SLEEP ALONE",,"978-1-60346-532-8","MACAW",2009,,,,,"823/LIT",,,,,,,,,120,,"BULSAR BOOK STORE",,,,"STORY",
"WHAT IS YOUR NAME?",,"978-1-60346-537-3","MACAW",2009,,,,,"823/YOU",,,,,,,,,120,,"BULSAR BOOK STORE",,,,"STORY",
"VERBAL REASONING BOOK-1",,"978-1-60346-277-8","MACAW",2012,,,,,"510/VER",,,,,,,,,99,,"BULSAR BOOK STORE",,,,"MATHEMATICS",
"VERBAL REASONING BOOK-2",,"978-1-60346-278-5","MACAW",2012,,,,,"510/VER",,,,,,,,,99,,"BULSAR BOOK STORE",,,,"MATHEMATICS",
"VERBAL REASONING BOOK-3",,"978-1-60346-279-2","MACAW",2012,,,,,"510/VER",,,,,,,,,99,,"BULSAR BOOK STORE",,,,"MATHEMATICS",
"VERBAL REASONING BOOK-4",,"978-1-60346-280-8","MACAW",2012,,,,,"510/VER",,,,,,,,,99,,"BULSAR BOOK STORE",,,,"MATHEMATICS",
"VERBAL REASONING BOOK-5",,"978-1-60346-281-5","MACAW",2012,,,,,"510/VER",,,,,,,,,99,,"BULSAR BOOK STORE",,,,"MATHEMATICS",
"VERBAL REASONING BOOK-6",,"978-1-60346-282-2","MACAW",2012,,,,,"510/VER",,,,,,,,,99,,"BULSAR BOOK STORE",,,,"MATHEMATICS",
"LOGICAL REASONING BOOK-1",,"978-1-60346-289-1","MACAW",2012,,,,,"510/LOG",,,,,,,,,99,,"BULSAR BOOK STORE",,,,"MATHEMATICS",
"LOGICAL REASONING BOOK-2",,"978-1-60346-290-7","MACAW",2012,,,,,"510/LOG",,,,,,,,,99,,"BULSAR BOOK STORE",,,,"MATHEMATICS",
"LOGICAL REASONING BOOK-3",,"978-1-60346-291-4","MACAW",2012,,,,,"510/LOG",,,,,,,,,99,,"BULSAR BOOK STORE",,,,"MATHEMATICS",
"LOGICAL REASONING BOOK-4",,"978-1-60346-292-1","MACAW",2012,,,,,"510/LOG",,,,,,,,,99,,"BULSAR BOOK STORE",,,,"MATHEMATICS",
"LOGICAL REASONING BOOK-5",,"978-1-60346-293-8","MACAW",2012,,,,,"510/LOG",,,,,,,,,99,,"BULSAR BOOK STORE",,,,"MATHEMATICS",
"LOGICAL REASONING BOOK-6",,"978-1-60346-294-5","MACAW",2012,,,,,"510/LOG",,,,,,,,,99,,"BULSAR BOOK STORE",,,,"MATHEMATICS",
"QUANTITATIVE REASONING BOOK-1",,"978-1-60346-420-8","MACAW",2013,,,,,"510/QUA",,,,,,,,,99,,"BULSAR BOOK STORE",,,,"MATHEMATICS",
"QUANTITATIVE REASONING BOOK-2",,"978-1-60346-421-5","MACAW",2013,,,,,"510/QUA",,,,,,,,,99,,"BULSAR BOOK STORE",,,,"MATHEMATICS",
"QUANTITATIVE REASONING BOOK-3",,"978-1-60346-422-2","MACAW",2013,,,,,"510/QUA",,,,,,,,,99,,"BULSAR BOOK STORE",,,,"MATHEMATICS",
"QUANTITATIVE REASONING BOOK-4",,"978-1-60346-423-9","MACAW",2013,,,,,"510/QUA",,,,,,,,,99,,"BULSAR BOOK STORE",,,,"MATHEMATICS",
"QUANTITATIVE REASONING BOOK-5",,"978-1-60346-424-6","MACAW",2013,,,,,"510/QUA",,,,,,,,,99,,"BULSAR BOOK STORE",,,,"MATHEMATICS",
"QUANTITATIVE REASONING BOOK-6",,"978-1-60346-425-3","MACAW",2013,,,,,"510/QUA",,,,,,,,,99,,"BULSAR BOOK STORE",,,,"MATHEMATICS",
"RESOURCES GLASS AND THE ENVIRONMENT",,9788121933100,"S. CHAND PUBLISHING",,,,,,"500/CAC",,,,"CACKETT.SUSAN ;Author",,,,,99,,"BULSAR BOOK STORE",,,,"SCIENCE",
"RESOURCES GEMSTONES AND THE ENVIRONMENT",,"81-219-3311-0","S. CHAND PUBLISHING",,,,,,"500/MER",,,,"MERCER.JAN ;Author",,,,,99,,"BULSAR BOOK STORE",,,,"SCIENCE",
"RESOURCES ROCKS & MINERALS AND THE ENVIRONMENT",,"81-219-3309-9","S. CHAND PUBLISHING",,,,,,"500/WHY",,,,"WHYMAN.KATHRYN;Author",,,,,99,,"BULSAR BOOK STORE",,,,"SCIENCE",
"RESOURCES TEXTILES AND THE ENVIRONMENT",,"81-219-3308-0","S. CHAND PUBLISHING",,,,,,"500/WHY",,,,"WHYMAN.KATHRYN;Author",,,,,99,,"BULSAR BOOK STORE",,,,"SCIENCE",
"RESOURCES WOOD AND THE ENVIRONMENT",,"81-219-3307-2","S. CHAND PUBLISHING",,,,,,"500/WHY",,,,"WHYMAN.KATHRYN;Author",,,,,99,,"BULSAR BOOK STORE",,,,"SCIENCE",
"RESOURCES OILSAND THE ENVIRONMENT",,"81-219-3304-8","S. CHAND PUBLISHING",,,,,,"500/MER",,,,"MERCER.JAN ;Author",,,,,99,,"BULSAR BOOK STORE",,,,"SCIENCE",
"RESOURCES  METALS AND THE ENVIRONMENT",,"81-219-3306-4","S. CHAND PUBLISHING",,,,,,"500/WHY",,,,"WHYMAN.KATHRYN;Author",,,,,99,,"BULSAR BOOK STORE",,,,"SCIENCE",
"RESOURCES PLASTICS AND THE ENVIRONMENT",,"81-219-3305-6","S. CHAND PUBLISHING",,,,,,"500/WHY",,,,"WHYMAN.KATHRYN;Author",,,,,99,,"BULSAR BOOK STORE",,,,"SCIENCE",
"MASTERING ART CARTOONS",,9788121933483,"S. CHAND PUBLISHING",,,,,,"700/HOD",,,,"HODGE.ANTHONY ;Author","CARTOONS",,,,99,,"BULSAR BOOK STORE",,,,"ART",
"MASTERING ART COLLAGE",,9788121933490,"S. CHAND PUBLISHING",,,,,,"700/HOD",,,,"HODGE.ANTHONY ;Author","COLLAGE",,,,99,,"BULSAR BOOK STORE",,,,"ART",
"MASTERING ART DRAWINGS",,9788121933476,"S. CHAND PUBLISHING",,,,,,"700/HOD",,,,"HODGE.ANTHONY ;Author","DRAWING",,,,99,,"BULSAR BOOK STORE",,,,"ART",
"MASTERING ART PAINTING",,9788121933469,"S. CHAND PUBLISHING",,,,,,"700/HOD",,,,"HODGE.ANTHONY ;Author","PAINTING",,,,99,,"BULSAR BOOK STORE",,,,"ART",
"SCIENCE WORLD FORCE IN ACTION",,978121932936,"S. CHAND PUBLISHING",,,,,,"500/WHY",,,,"WHYMAN.KATHRYN ;Author",,,,,99,,"BULSAR BOOK STORE",,,,"SCIENCE",
"SCIENCE WORLD RADIATION",,978121932943,"S. CHAND PUBLISHING",,,,,,"500/PET",,,,"PETTIGREW.MARK ;Author",,,,,99,,"BULSAR BOOK STORE",,,,"SCIENCE",
"SCIENCE WORLD ENERGY AND HEAT",,978121932950,"S. CHAND PUBLISHING",,,,,,"500/WHY",,,,"WHYMAN.KATHRYN ;Author",,,,,99,,"BULSAR BOOK STORE",,,,"SCIENCE",
"SCIENCE WORLD EVERYDAY CHEMICALS",,978121932967,"S. CHAND PUBLISHING",,,,,,"500/WHY",,,,"WHYMAN.KATHRYN ;Author",,,,,99,,"BULSAR BOOK STORE",,,,"SCIENCE",
"SCIENCE WORLD ELECTRICITY AND MAGNETISM",,978121932929,"S. CHAND PUBLISHING",,,,,,"500/WHY",,,,"WHYMAN.KATHRYN ;Author",,,,,99,,"BULSAR BOOK STORE",,,,"SCIENCE",
"SCIENCE WORLD LIGHT AND LASERS",,978121932974,"S. CHAND PUBLISHING",,,,,,"500/WHY",,,,"WHYMAN.KATHRYN ;Author",,,,,99,,"BULSAR BOOK STORE",,,,"SCIENCE",
"SCIENCE WORLD MUSIC AND SOUND",,978121932981,"S. CHAND PUBLISHING",,,,,,"500/PET",,,,"PETTIGREW.MARK ;Author",,,,,99,,"BULSAR BOOK STORE",,,,"SCIENCE",
"SCIENCE WORLD STRUCTURES AND MATERIALS",,978121932998,"S. CHAND PUBLISHING",,,,,,"500/WHY",,,,"WHYMAN.KATHRYN ;Author",,,,,99,,"BULSAR BOOK STORE",,,,"SCIENCE",
"SCIENCE WORLD THE SOLAR SYSTEM",,978121933025,"S. CHAND PUBLISHING",,,,,,"500/WHY",,,,"WHYMAN.KATHRYN ;Author",,,,,99,,"BULSAR BOOK STORE",,,,"SCIENCE",
"SCIENCE WORLD LIVING THINGS",,978121933001,"S. CHAND PUBLISHING",,,,,,"500/WHY",,,,"WHYMAN.KATHRYN ;Author",,,,,99,,"BULSAR BOOK STORE",,,,"SCIENCE",
"SCIENCE WORLD PLANET EARTH",,978121933018,"S. CHAND PUBLISHING",,,,,,"500/PET",,,,"PETTIGREW.MARK ;Author",,,,,99,,"BULSAR BOOK STORE",,,,"SCIENCE",
"SCIENCE WORLD WEATHER",,978121933032,"S. CHAND PUBLISHING",,,,,,"500/PET",,,,"PETTIGREW.MARK ;Author",,,,,99,,"BULSAR BOOK STORE",,,,"SCIENCE",
"SCIENCE FACTORY WATER & BOATS",,9788121933216,"S. CHAND PUBLISHING",,,,,,"500/RIC",,,,"RICHARDS.JON ;Author",,,,,99,,"BULSAR BOOK STORE",,,,"SCIENCE",
"SCIENCE FACTORY SOUND & MUSIC",,9788121933230,"S. CHAND PUBLISHING",,,,,,"500/RIC",,,,"RICHARDS.JON ;Author",,,,,99,,"BULSAR BOOK STORE",,,,"SCIENCE",
"SCIENCE FACTORY MAGNETISM & MAGNETS",,9788121933223,"S. CHAND PUBLISHING",,,,,,"500/FLA",,,,"FLAHERTY.MICHAE ;Author",,,,,99,,"BULSAR BOOK STORE",,,,"SCIENCE",
"SCIENCE FACTORY LIGHT & SIGHT",,9788121933247,"S. CHAND PUBLISHING",,,,,,"500/RIC",,,,"RICHARDS.JON ;Author",,,,,99,,"BULSAR BOOK STORE",,,,"SCIENCE",
"SCIENCE FACTORY AIR AND FLIGHT",,9788121933209,"S. CHAND PUBLISHING",,,,,,"500/RIC",,,,"RICHARDS.JON ;Author",,,,,99,,"BULSAR BOOK STORE",,,,"SCIENCE",
"SCIENCE FACTORY ELECTRICITY & BATTERIES",,9788121933254,"S. CHAND PUBLISHING",,,,,,"500/FLA",,,,"FLAHERTY.MICHAE ;Author",,,,,99,,"BULSAR BOOK STORE",,,,"SCIENCE",
"SCIENCE FACTORY UNITS AND MEASUREMENTS",,9788121933261,"S. CHAND PUBLISHING",,,,,,"500/RIC",,,,"RICHARDS.JON ;Author",,,,,99,,"BULSAR BOOK STORE",,,,"SCIENCE",
"SCIENCE FACTORY FORCES & SIMPLE MACHINES",,9788121933278,"S. CHAND PUBLISHING",,,,,,"500/RIC",,,,"RICHARDS.JON ;Author",,,,,99,,"BULSAR BOOK STORE",,,,"SCIENCE",
"SCIENCE FACTORY CHEMICALS AND REACTIONS",,9788121933285,"S. CHAND PUBLISHING",,,,,,"500/RIC",,,,"RICHARDS.JON ;Author",,,,,99,,"BULSAR BOOK STORE",,,,"SCIENCE",
"GLOBAL WARMING SAVE WATER",,"978-1-60346-813-8","MACAW",2013,,,,,"500/GLO",,,,,,,,,75,,"BULSAR BOOK STORE",,,,"SCIENCE",
"GLOBAL WARMING RENEWALE AND ALTERNATIVE",,"978-1-60346-812-1","MACAW",2013,,,,,"500/GLO",,,,,,,,,75,,"BULSAR BOOK STORE",,,,"SCIENCE",
"GLOBAL WARMING SAVE ENERGY ",,"978-1-60346-811-4","MACAW",2013,,,,,"500/GLO",,,,,,,,,75,,"BULSAR BOOK STORE",,,,"SCIENCE",
"GLOBAL WARMING CLIMATE CHANGE",,"978-1-60346-804-6","MACAW",2013,,,,,"500/GLO",,,,,,,,,75,,"BULSAR BOOK STORE",,,,"SCIENCE",
"GLOBAL WARMING ORGANIC WAY",,"978-1-60346-810-7","MACAW",2013,,,,,"500/GLO",,,,,,,,,75,,"BULSAR BOOK STORE",,,,"SCIENCE",
"GLOBAL WARMING DEFORESTATION & DESERTIFICATION",,"978-1-60346-806-0","MACAW",2013,,,,,"500/GLO",,,,,,,,,75,,"BULSAR BOOK STORE",,,,"SCIENCE",
"GLOBAL WARMING EXTREME WEATHER",,"978-1-60346-805-3","MACAW",2013,,,,,"500/GLO",,,,,,,,,75,,"BULSAR BOOK STORE",,,,"SCIENCE",
"GLOBAL WARMING AND BIODIVERSITY",,"978-1-6034-808-4","MACAW",2013,,,,,"500/GLO",,,,,,,,,75,,"BULSAR BOOK STORE",,,,"SCIENCE",
"GLOBAL WARMING GREEN HOUSE, GASES AND OZONE LAYER",,"978-1-60346-807-7","MACAW",2013,,,,,"500/GLO",,,,,,,,,75,,"BULSAR BOOK STORE",,,,"SCIENCE",
"EYE WONDER EARTH",,"978-1-4053-6131-6","D.K.",2010,,,,,"500/YOR",,,,"YORK.PENELOPE;Author",,,,,150,,"BULSAR BOOK STORE",,,,"SCIENCE",
"EYE WONDER BIG CATS",,"978-1-4053-6133-0","D.K.",2010,,,,,"500/WAL",,,,"WALKER.SARAH;Author",,,,,150,,"BULSAR BOOK STORE",,,,"SCIENCE",
"EYE WONDER HUMAN BODY",,"978-1-4053-6127-9","D.K.",2010,,,,,"500/BIN",,,,"BINGHAM.CAROLINE;Author",,,,,150,,"BULSAR BOOK STORE",,,,"SCIENCE",
"EYE WONDER MAMMALS",,"978-1-4053-6130-9","D.K.",2010,,,,,"500/WAL",,,,"WALKER.SARAH;Author",,,,,150,,"BULSAR BOOK STORE",,,,"SCIENCE",
"EYE WONDER REPTILES",,"978-1-4053-6132-3","D.K.",2010,,,,,"500/HOL",,,,"HOLLAND.SIMON;Author",,,,,150,,"BULSAR BOOK STORE",,,,"SCIENCE",
"GLOBAL WARMING REUSING AND RECYCLING",,"978-1-60346-809-1","MACAW",2013,,,,,"500/GLO",,,,,,,,,75,,"BULSAR BOOK STORE",,,,"SCIENCE",
"WORLD ISSUES ENERGY CRISES",,9788121933391,"S. CHAND PUBLISHING",,,,,,"300/MCL",,,,"MCLEISH.EWAN ;Author",,,,,119,,"BULSAR BOOK STORE",,,,"SOCIAL SCIENCE",
"WORLD ISSUES NAURE S MAN",,9788121933407,"S. CHAND PUBLISHING",,,,,,"300/MAS",,,,"MASON.ANTONY ;Author",,,,,119,,"BULSAR BOOK STORE",,,,"SOCIAL SCIENCE",
"WORLD ISSUES GENETIC REVOLUTION",,9788121933414,"S. CHAND PUBLISHING",,,,,,"300/MCL",,,,"MCLEISH.EWAN ;Author",,,,,119,,"BULSAR BOOK STORE",,,,"SOCIAL SCIENCE",
"WORLD ISSUES TERRORISM",,9788121933384,"S. CHAND PUBLISHING",,,,,,"300/DON",,,,"HELEN DONOHOE;Author",,,,,119,,"BULSAR BOOK STORE",,,,"SOCIAL SCIENCE",
"MY HEALTHY BODY BREATHING",,9788121933346,"S. CHAND PUBLISHING",,,,,,"500/GRE",,,,"GREEN.JEN;Author",,,,,99,,"BULSAR BOOK STORE",,,,"SCIENCE",
"MY HEALTHY BODY SKIN, HAIR, AND HYGIENE",,9788121933339,"S. CHAND PUBLISHING",,,,,,"500/GRE",,,,"GREEN.JEN;Author",,,,,99,,"BULSAR BOOK STORE",,,,"SCIENCE",
"MY HEALTHY BODY CELLS AND REPRODUCTION",,9788121933322,"S. CHAND PUBLISHING",,,,,,"500/GRE",,,,"GREEN.JEN;Author",,,,,99,,"BULSAR BOOK STORE",,,,"SCIENCE",
"MY HEALTHY BODY BLOOD AND HEART",,9788121933315,"S. CHAND PUBLISHING",,,,,,"500/GRE",,,,"GREEN.JEN;Author",,,,,99,,"BULSAR BOOK STORE",,,,"SCIENCE",
"MY HEALTHY BODY BRAIN AND SENSES",,9788121933308,"S. CHAND PUBLISHING",2010,,,,,"500/GRE",,,,"GREEN.JEN;Author",,,,,99,,"BULSAR BOOK STORE",,,,"SCIENCE",
"MY HEALTHY BODY DIGESTION",,9788121933377,"S. CHAND PUBLISHING",,,,,,"500/GRE",,,,"GREEN.JEN;Author",,,,,99,,"BULSAR BOOK STORE",,,,"SCIENCE",
"MY HEALTHY BODY MUSCLES",,9788121933360,"S. CHAND PUBLISHING",,,,,,"500/GRE",,,,"GREEN.JEN;Author",,,,,99,,"BULSAR BOOK STORE",,,,"SCIENCE",
"MY HEALTHY BODY ",,9788121933353,"S. CHAND PUBLISHING",,,,,,"500/GRE",,,,"GREEN.JEN;Author",,,,,99,,"BULSAR BOOK STORE",,,,"SCIENCE",
"BIOLOGY SPIDER SILK IS STRONGER THAN STEEL ",,9788121932912,"S. CHAND PUBLISHING",,,,,,"500/GOR",,,,"GORE.BRYSON ;Author",,,,,99,,"BULSAR BOOK STORE",,,,"BIOLOGY",
"ASTRONOMY EVERY GALAXY HAS ABLACK HOLE",,9788121932899,"S. CHAND PUBLISHING",,,,,,"500/GOR",,,,"GORE.BRYSON ;Author",,,,,99,,"BULSAR BOOK STORE",,,,"ASTRONOMY",
"PHYSICS A HAIR IS WIDER THAN A MILLION ATOMS",,9788121932882,"S. CHAND PUBLISHING",,,,,,"500/GOR",,,,"GORE.BRYSON ;Author",,,,,99,,"BULSAR BOOK STORE",,,,"PHYSICS",
"CHEMISTRY FLAMES ARE STORED SUNLIGHT",,9788121932905,"S. CHAND PUBLISHING",,,,,,"500/GOR",,,,"GORE.BRYSON ;Author",,,,,99,,"BULSAR BOOK STORE",,,,"CHEMISTRY",
"OUR WORLD FUTURE ENERGY",,9788121933711,"S. CHAND PUBLISHING",,,,,,"500/BOW",,,,"BOWDEN.ROB ;Author",,,,,99,,"BULSAR BOOK STORE",,,,"SCIENCE",
"OUR WORLD DESERTS",,9788121933728,"S. CHAND PUBLISHING",,,,,,"910/BRO",,,,"BROWN.HARRIET ;Author",,,,,99,,"BULSAR BOOK STORE",,,,"GEOGRAPHY",
"OUR WORLD RIVERS AND LAKES",,9788121933735,"S. CHAND PUBLISHING",,,,,,"910/BED",,,,"BEDFORD.KATE ;Author",,,,,99,,"BULSAR BOOK STORE",,,,"GEOGRAPHY",
"GENETICALLY MODIFIED FOOD",,9788121932806,"S. CHAND PUBLISHING",,,,,,"500/GRE",,,,"GREEN.JEN ;Author",,,,,99,,"BULSAR BOOK STORE",,,,"SCIENCE ",
"FOOD AND THE WORLD",,9788121932875,"S. CHAND PUBLISHING",,,,,,"500/ALL",,,,"ALLEN.JULIA ;Author IGGULDEN.MARGARET ;Author",,,,,99,,"BULSAR BOOK STORE",,,,"SCIENCE ",
"WILD LIFE IN DANGER",,9788121932820,"S. CHAND PUBLISHING",,,,,,"500/GRE",,,,"GREEN.JEN ;Author",,,,,99,,"BULSAR BOOK STORE",,,,"SCIENCE ",
"FUTURE ENERGY",,9788121932837,"S. CHAND PUBLISHING",,,,,,"500/MOR",,,,"MORGAN.SALLY;Author",,,,,99,,"BULSAR BOOK STORE",,,,"SCIENCE ",
"ANIMAL RIGHTS",,9788121932844,"S. CHAND PUBLISHING",,,,,,"500/ALL",,,,"ALLEN.JULIA ;Author IGGULDEN.MARGARET ;Author",,,,,99,,"BULSAR BOOK STORE",,,,"SCIENCE ",
"GLOBAL WARMING",,9788121932851,"S. CHAND PUBLISHING",,,,,,"500/BRA",,,,"BRADLEY.SUSANNAH ;Author",,,,,99,,"BULSAR BOOK STORE",,,,"SCIENCE ",
"POLLUTION",,9788121932868,"S. CHAND PUBLISHING",,,,,,"500/LEA",,,,"LEANEY.CINDY ;Author",,,,,99,,"BULSAR BOOK STORE",,,,"SCIENCE ",
"RECYCLING",,9788121932813,"S. CHAND PUBLISHING",,,,,,"500/GRE",,,,"GREEN.JEN ;Author",,,,,99,,"BULSAR BOOK STORE",,,,"SCIENCE ",
"FASCINATING SCIENCE PROJECT HEAT AND ENERGY",,9788121933162,"S. CHAND PUBLISHING",,,,,,"500/SEA",,,,"SEARLE.BOBBI ;Author",,,,,119,,"BULSAR BOOK STORE",,,,"SCIENCE",
"FASCINATING SCIENCE PROJECT  EVERY DAY CHEMICALS",,9788121933155,"S. CHAND PUBLISHING",,,,,,"500/HEW",,,,"HEWITT.SALLY ;Author",,,,,119,,"BULSAR BOOK STORE",,,,"SCIENCE",
"FASCINATING SCIENCE PROJECT AIR",,9788121933148,"S. CHAND PUBLISHING",,,,,,"500/HEW",,,,"HEWITT.SALLY ;Author",,,,,119,,"BULSAR BOOK STORE",,,,"SCIENCE",
"FASCINATING SCIENCE PROJECT LIGHT",,9788121933131,"S. CHAND PUBLISHING",,,,,,"500/HEW",,,,"HEWITT.SALLY ;Author",,,,,119,,"BULSAR BOOK STORE",,,,"SCIENCE",
"FASCINATING SCIENCE PROJECT SOUND",,9788121933124,"S. CHAND PUBLISHING",,,,,,"500/SEA",,,,"SEARLE.BOBBI ;Author",,,,,119,,"BULSAR BOOK STORE",,,,"SCIENCE",
"FASCINATING SCIENCE PROJECT PLANTS",,9788121933193,"S. CHAND PUBLISHING",,,,,,"500/HEW",,,,"HEWITT.SALLY ;Author",,,,,119,,"BULSAR BOOK STORE",,,,"SCIENCE",
"FASCINATING SCIENCE PROJECT LIFE",,9788121933186,"S. CHAND PUBLISHING",,,,,,"500/HEW",,,,"HEWITT.SALLY ;Author",,,,,119,,"BULSAR BOOK STORE",,,,"SCIENCE",
"FASCINATING SCIENCE PROJECT ",,9788121933179,"S. CHAND PUBLISHING",,,,,,"500/SEA",,,,"SEARLE.BOBBI ;Author",,,,,119,,"BULSAR BOOK STORE",,,,"SCIENCE",
"OUR WORLD WIND ENERGY",,9788121933698,"S. CHAND PUBLISHING",,,,,,"500/BOW",,,,"BOWDEN.ROB ;Author",,,,,99,,"BULSAR BOOK STORE",,,,"SCIENCE",
"OUR WORLD GAS",,9788121933681,"S. CHAND PUBLISHING",,,,,,"500/LEV",,,,"LEVETE.SARAH ;Author",,,,,99,,"BULSAR BOOK STORE",,,,"SCIENCE",
"OUR WORLD WATER POWER",,9788121933704,"S. CHAND PUBLISHING",,,,,,"500/OXL",,,,"OXLADE.CHRIS ;Author",,,,,99,,"BULSAR BOOK STORE",,,,"SCIENCE",
"OUR WORLD MOUNTAINS",,9788121933742,"S. CHAND PUBLISHING",,,,,,"910/LEV",,,,"LEVETE.SARAH ;Author",,,,,99,,"BULSAR BOOK STORE",,,,"GEOGRAPHY",
"OUR WORLD COAL",,9788121901796,"S. CHAND PUBLISHING",,,,,,"500/BED",,,,"BEDFORD.KATE ;Author",,,,,99,,"BULSAR BOOK STORE",,,,"SCIENCE",
"OUR WORLD GLASS",,9788121933629,"S. CHAND PUBLISHING",,,,,,"500/LEV",,,,"LEVETE.SARAH ;Author",,,,,99,,"BULSAR BOOK STORE",,,,"SCIENCE",
"OUR WORLD METALS",,9788121933612,"S. CHAND PUBLISHING",,,,,,"500/LEV",,,,"LEVETE.SARAH ;Author",,,,,99,,"BULSAR BOOK STORE",,,,"SCIENCE",
"OUR WORLD PLASTICS",,9788121933636,"S. CHAND PUBLISHING",,,,,,"500/BED",,,,"BEDFORD.KATE ;Author",,,,,99,,"BULSAR BOOK STORE",,,,"SCIENCE",
"OUR WORLD WOOD",,9788121933643,"S. CHAND PUBLISHING",,,,,,"500/BED",,,,"BEDFORD.KATE ;Author",,,,,99,,"BULSAR BOOK STORE",,,,"SCIENCE",
"OUR WORLD PLANTS",,9788121933780,"S. CHAND PUBLISHING",,,,,,"500/GRI",,,,"GRIEVESON.MARGARET ;Author",,,,,99,,"BULSAR BOOK STORE",,,,"SCIENCE",
"OUR WORLD RAIN FORESTS",,9788121933766,"S. CHAND PUBLISHING",,,,,,"910/BED",,,,"BEDFORD.KATE ;Author",,,,,99,,"BULSAR BOOK STORE",,,,"GEOGRAPHY",
"OUR WORLD SEAHORES",,9788121933773,"S. CHAND PUBLISHING",,,,,,"910/BED",,,,"BEDFORD.KATE ;Author",,,,,99,,"BULSAR BOOK STORE",,,,"GEOGRAPHY",
"OUR WORLD FLOWERS AND SEEDS",,9788121933797,"S. CHAND PUBLISHING",,,,,,"500/GRI",,,,"GRIEVESON.MARGARET ;Author",,,,,99,,"BULSAR BOOK STORE",,,,"SCIENCE",
"OUR WORLD OIL",,9788121933674,"S. CHAND PUBLISHING",,,,,,"500/BED",,,,"BEDFORD.KATE ;Author",,,,,99,,"BULSAR BOOK STORE",,,,"SCIENCE",
"NUCLEAR POWER",,9788121933667,"S. CHAND PUBLISHING",,,,,,"500/BED",,,,"BEDFORD.KATE ;Author",,,,,99,,"BULSAR BOOK STORE",,,,"SCIENCE",
"OUR WORLD OCEANS",,9788121933759,"S. CHAND PUBLISHING",,,,,,"910/HAR",,,,"HARTER.KATIE;Author",,,,,99,,"BULSAR BOOK STORE",,,,"GEOGRAPHY",
"OUR WORLD SOLAR POWER",,9788121933650,"S. CHAND PUBLISHING",,,,,,"500/LEV",,,,"LEVETE.SARAH ;Author",,,,,99,,"BULSAR BOOK STORE",,,,"SCIENCE",
"THE ATLAS OF PEOPLE AND THE PLACES",,9788121933452,"S. CHAND PUBLISHING",2010,,,,,"912/STE",,,,"STEELE.PHILIP ;Author","PEOPLE AND PLACE",,,,149,,"BULSAR BOOK STORE",,,,"ATLAS",
"THE ATLAS OF SPACE",,9788121933438,"S. CHAND PUBLISHING",2010,,,,,"912/CHA",,,,"JACK CHALLONER;Author","SPACE",,,,149,,"BULSAR BOOK STORE",,,,"ATLAS",
"THE ATLAS OF OCEANS",,9788121933445,"S. CHAND PUBLISHING",2010,,,,,"912/SON",,,,"LINDA SONNTAG;Author","OCEANS",,,,149,,"BULSAR BOOK STORE",,,,"ATLAS",
"CHILDREN'S WORLD ENCYCLOPEDIA",,9788121933506,"S. CHAND PUBLISHING",2010,,,,,"030/CON",,,,"CONNOLLY.SEAN;Author",,,,,499,,"BULSAR BOOK STORE",,,,"ENCYCLOPEDIA",
"THE ATLAS OF ANIMALS",,9788121933421,"S. CHAND PUBLISHING",2010,,,,,"912/SON",,,,"SONNTAG.LINDA ;Author","ANIMALS",,,,149,,"BULSAR BOOK STORE",,,,"ATLAS",
"WOULD YOU BELIEVE…COBWEBS STOP WOULDS BLEEDINGS?!AND OTHER MEDICAL MARVELS",,"978-0-19-911497-9","OXFORD UNIVERSITY PRESS",2007,,,,,"001/PLA",,,,"PLATT.RICHARD ;Author",,,,,125,,"BULSAR BOOK STORE",,,,"KNOWLEDGE",
"WOULD YOU BELIEVE…MARZIPAN CONTAINS CYANIDE?!AND OTHER FREAKY FOOD FACTS",,"978-0-19-911499-3","OXFORD UNIVERSITY PRESS",2007,,,,,"001/PLA",,,,"PLATT.RICHARD ;Author",,,,,125,,"BULSAR BOOK STORE",,,,"KNOWLEDGE",
"WOULD YOU BELIEVE…THE LOSERS WERE KILLED IN MAYAN FOOTBALL?!AND OTHER PERILOUS PASTIMES",,"978-0-19-911501-3","OXFORD UNIVERSITY PRESS",2007,,,,,"001/PLA",,,,"PLATT.RICHARD ;Author",,,,,125,,"BULSAR BOOK STORE",,,,"KNOWLEDGE",
"WOULD YOU BELIEVE…IN 1500,PLATFORM SHOES WERE OUTLAWED?! AND OTHER FASHION FOLLIES",,"978-0-19-911503-7","OXFORD UNIVERSITY PRESS",2007,,,,,"001/PLA",,,,"PLATT.RICHARD ;Author",,,,,125,,"BULSAR BOOK STORE",,,,"KNOWLEDGE",
"WOULD YOU BELIEVE…A CIRCUS HORSE COULD COUNT?! AND OTHER EXTRAORDINARY ENTERTAINMENTS",,"978-0-19-911871-7","OXFORD UNIVERSITY PRESS",2009,,,,,"001/PLA",,,,"PLATT.RICHARD ;Author",,,,,125,,"BULSAR BOOK STORE",,,,"KNOWLEDGE",
"WOULD YOU BELIEVE…IN 1400, READING COULD SAVE YOUR LIFE?! AND OTHER ACADEMIC ADVANTAGES",,"978-0-19-911870-0","OXFORD UNIVERSITY PRESS",2009,,,,,"001/PLA",,,,"PLATT.RICHARD ;Author",,,,,125,,"BULSAR BOOK STORE",,,,"KNOWLEDGE",
"WOULD YOU BELIEVE…VATICAN CITY IS A COUNTRY?! AND OTHER METROPOLITAN MARVELS",,"978-0-19-911970-7","OXFORD UNIVERSITY PRESS",2010,,,,,"001/PLA",,,,"PLATT.RICHARD ;Author",,,,,125,,"BULSAR BOOK STORE",,,,"KNOWLEDGE",
"WOULD YOU BELIEVE…TWO CYCLISTS INVENTED THE AEROPLANE?! AND OTHER TRANSPORT TRIUMPHS",,"978-0-19-911969-1","OXFORD UNIVERSITY PRESS",2010,,,,,"001/PLA",,,,"PLATT.RICHARD ;Author",,,,,125,,"BULSAR BOOK STORE",,,,"KNOWLEDGE",
"WOULD YOU BELIEVE…BED TESTERS GET PAID TO SLEEP?! AND OTHER JAMMY JOBS",,"978-0-19-911986-8","OXFORD UNIVERSITY PRESS",2010,,,,,"001/PLA",,,,"PLATT.RICHARD ;Author",,,,,125,,"BULSAR BOOK STORE",,,,"KNOWLEDGE",
"WOULD YOU BELIEVE…IN MAXICO,PEOPLE PICNIC AT GRANNY'S GRAVE?! AND OTHER DYNASTIC DELIGHTS",,"978-0-19-911985-1","OXFORD UNIVERSITY PRESS",2010,,,,,"001/PLA",,,,"PLATT.RICHARD ;Author",,,,,125,,"BULSAR BOOK STORE",,,,"KNOWLEDGE",
"WILCO CLASSIC LIBRARY: WUTHERING HEIGHTS",,"9788-18-828006-2","WILCO",2009,,,,,"823/BRO",,,,"BRONTE.EMILY ;Author",,,,,175,,"BULSAR BOOK STORE",,,,"FICTION",
"WILCO CLASSIC LIBRARY: A LITTLE PRINCES",,"81-88280-14-3","WILCO",2009,,,,,"823/BUR",,,,"BURNETT.FRANCES H. ;Author",,,,,175,,"BULSAR BOOK STORE",,,,"FICTION",
"WILCO CLASSIC LIBRARY: SILAS MARNER",,"81-88-280-05-4","WILCO",2006,,,,,"823/ELI",,,,"ELIOT.GEORGE ;Author",,,,,175,,"BULSAR BOOK STORE",,,,"FICTION",
"WILCO CLASSIC LIBRARY: SENSE AND SENSIBILITY",,"97-88188-280-03-8","WILCO",2010,,,,,"823/AUS",,,,"AUSTEN.JANE ;Author",,,,,175,,"BULSAR BOOK STORE",,,,"FICTION",
"WILCO CLASSIC LIBRARY: FRANKESTEIN",,"97-88187-288-03-5","WILCO",2010,,,,,"823/FRA",,,,"FRANKENSTEIN;Author",,,,,175,,"BULSAR BOOK STORE",,,,"FICTION",
"WILCO CLASSIC LIBRARY: THE PICTURE OF DORIAN GRAY",,"97-88188-280-19-4","WILCO",2010,,,,,"823/WIL",,,,"WILDE.OSCAR ;Author",,,,,175,,"BULSAR BOOK STORE",,,,"FICTION",
"WILCO CLASSIC LIBRARY: AROUND THE WORLD IN EIGHTY DAYS",,"97-88188-280-22-4","WILCO",2010,,,,,"823/VER",,,,"VERNE.JULES ;Author",,,,,175,,"BULSAR BOOK STORE",,,,"FICTION",
"WILCO CLASSIC LIBRARY: THE SCARLET LETTER",,"81-88280-35-6","WILCO",2008,,,,,"823/HAW",,,,"HAWTHORNE.NATHANIEL ;Author",,,,,175,,"BULSAR BOOK STORE",,,,"FICTION",
"WILCO CLASSIC LIBRARY: JANE EYRE",,"97-88188-280-11-9","WILCO",2009,,,,,"823/BRO",,,,"BRONTE.CHARLOTTE ;Author",,,,,175,,"BULSAR BOOK STORE",,,,"FICTION",
"WILCO CLASSIC LIBRARY: THE STRANGE CASE OF DR. JEKYLL AND MR. HYDE AND OTHER",,"97-88188-280-33-X","WILCO",2011,,,,,"823/STE",,,,"STEVENSON.ROBERT LOUIS ;Author",,,,,175,,"BULSAR BOOK STORE",,,,"FICTION",
"WILCO CLASSIC LIBRARY: A TALE OF TWO CITIES",,"97-88188-280-30-5","WILCO",2010,,,,,"823/DIC",,,,"DICKENS.CHARLES ;Author",,,,,175,,"BULSAR BOOK STORE",,,,"FICTION",
"WILCO CLASSIC LIBRARY: TWENTY THOUSAND LEAGUES UNDER THE SEA",,"97-88188-280-17-8","WILCO",2010,,,,,"823/VER",,,,"VERNE.JULES ;Author",,,,,175,,"BULSAR BOOK STORE",,,,"FICTION",
"WILCO CLASSIC LIBRARY: DRACULA",,"97-88188-280-23-2","WILCO",2009,,,,,"823/STO",,,,"STOKER.BRAM ;Author",,,,,175,,"BULSAR BOOK STORE",,,,"FICTION",
"WILCO CLASSIC LIBRARY: A JOURNEY TO THE CENTRE OF THE EARTH",,"97-88188-280-50-X","WILCO",2009,,,,,"823/VER",,,,"VERNE.JULES ;Author",,,,,175,,"BULSAR BOOK STORE",,,,"FICTION",
"WILCO CLASSIC LIBRARY: ROBIN HOOD",,"97-88188-280-28-3","WILCO",2010,,,,,"823/GIL",,,,"GILBERT.HENRY ;Author",,,,,175,,"BULSAR BOOK STORE",,,,"FICTION",
"WILCO CLASSIC LIBRARY: SHORT STORIES OF KAFKA",,"97-88182-523-44-9","WILCO",2010,,,,,"823/KAF",,,,"KAFKA.FRANZ ;Author",,,,,175,,"BULSAR BOOK STORE",,,,"FICTION",
"WILCO CLASSIC LIBRARY: THREE MEN ON THE BUMMEL",,"97-88182-523-48-7","WILCO",2010,,,,,"823/JER",,,,"JEROME.JEROME K. ;Author",,,,,175,,"BULSAR BOOK STORE",,,,"FICTION",
"WILCO CLASSIC LIBRARY: THE BALLON HOAX AND THE OTHER STORIES",,"97-88182-523-49-4","WILCO",2010,,,,,"823/POE",,,,"POE.EDGAR ALLAN ;Author",,,,,175,,"BULSAR BOOK STORE",,,,"FICTION",
"WILCO CLASSIC LIBRARY: TEN DAYS SHOOK THE WORLD ",,"97-88182-523-51-7","WILCO",2010,,,,,"823/REE",,,,"REED.JOHN ;Author",,,,,175,,"BULSAR BOOK STORE",,,,"FICTION",
"WILCO CLASSIC LIBRARY: OPEN CONFESSION TO A MAIN FORM A WOMEN",,"97-88182-523-68-7","WILCO",2010,,,,,"823/COR",,,,"CORELLI.MARIE ;Author",,,,,175,,"BULSAR BOOK STORE",,,,"FICTION",
"WILCO CLASSIC LIBRARY: THE RETURN OF SHERLOCK HOLMES",,"97-88188-280-32-1","WILCO",2009,,,,,"823/DOY",,,,"DOYLE.ARTHUR CCONAN ;Author",,,,,175,,"BULSAR BOOK STORE",,,,"FICTION",
"WILCO CLASSIC LIBRARY: ANIMAL FARM",,"81-8252-2234","WILCO",2012,,,,,"823/ORW",,,,"ORWELL.GEORGE ;Author",,,,,175,,"BULSAR BOOK STORE",,,,"FICTION",
"WILCO CLASSIC LIBRARY: THE JUNGLE BOOK ",,"97-88187-288-01-9","WILCO",2011,,,,,"823/KIP",,,,"KIPLING.RUDYARD ;Author",,,,,175,,"BULSAR BOOK STORE",,,,"FICTION",
"WILCO CLASSIC LIBRARY: BLACK BEAUTY",,"97-88188-280-94-1","WILCO",2010,,,,,"823/SEW",,,,"SEWELL.ANNA ;Author",,,,,175,,"BULSAR BOOK STORE",,,,"FICTION",
"WILCO CLASSIC LIBRARY: THE MEMORIES OF SHERLOCK HOLMES",,"97-88188-280-18-6","WILCO",2010,,,,,"823/DOY",,,,"DOYLE.ARTHUR CCONAN ;Author",,,,,175,,"BULSAR BOOK STORE",,,,"FICTION",
"WILCO CLASSIC LIBRARY: AUTOBIOGRAPHY OF A YOGI",,"97-88182-520-47-9","WILCO",2013,,,,,"923.1/YOG",,,,"PARAMHANSA YOGANANDA;Author",,,,,175,,"BULSAR BOOK STORE",,,,"AUTOBIOGRAPHY",
"WILCO CLASSIC LIBRARY: ESSAYS AND ENGLISH TRAITS",,"97-88182-522-35-8","WILCO",2011,,,,,"823/EME",,,,"WALDO.RALPH ;Author",,,,,175,,"BULSAR BOOK STORE",,,,"FICTION",
"WILCO CLASSIC LIBRARY: THE MAYOR OF CASTERBRIDGE",,"97-88182-520-36-3","WILCO",2009,,,,,"823/HAR",,,,"HARDY.THOMAS ;Author",,,,,175,,"BULSAR BOOK STORE",,,,"FICTION",
"WILCO CLASSIC LIBRARY: DEMOCRACY",,"97-88182-524-30-9","WILCO",2011,,,,,"823/ADA",,,,"ADAMS.HENRY ;Author",,,,,175,,"BULSAR BOOK STORE",,,,"FICTION",
"WILCO CLASSIC LIBRARY: MOLL FLANDERS",,"81-88280-29-1","WILCO",2006,,,,,"823/DEF",,,,"DEFOE.DANIEL ;Author",,,,,175,,"BULSAR BOOK STORE",,,,"FICTION",
"WILCO CLASSIC LIBRARY: THE CALL OF THE WILD AND WHITE FANG",,"81-88280-54-2","WILCO",2010,,,,,"823/LON",,,,"LONDON.JACK ;Author",,,,,175,,"BULSAR BOOK STORE",,,,"FICTION",
"WILCO CLASSIC LIBRARY: THE BEST SHORT STORIES",,"97-88188-280-85-2","WILCO",2010,,,,,"823/MAU",,,,"MAUPASSENT.GUY DE;Author",,,,,175,,"BULSAR BOOK STORE",,,,"FICTION",
"WILCO CLASSIC LIBRARY: THE AUTOBIOGRAPHY OF BENJAMIN FRANKLIN",,"97-88182-521-22-X","WILCO",2010,,,,,"923.1/FRA",,,,"BENJAMIN FRANKLIN;Author",,,,,175,,"BULSAR BOOK STORE",,,,"AUTOBIOGRAPHY",
"WILCO CLASSIC LIBRARY: THE HOUND OF THE BASKERVILLERS",,"97-88187-288-02-7","WILCO",2009,,,,,"823/DOY",,,,"DOYLE.ARTHUR CONAN ;Author",,,,,175,,"BULSAR BOOK STORE",,,,"FICTION",
"WILCO CLASSIC LIBRARY: KING SOLOMON'S MINES",,"97-88182-520-42-8","WILCO",2011,,,,,"823/HAG",,,,"H.RIDER HAGGARD;Author",,,,,175,,"BULSAR BOOK STORE",,,,"FICTION",
"WILCO CLASSIC LIBRARY: DR. ALBERT SCHWEITZER, MEDICAL MISSIONARY",,"81-8252-127-0","WILCO",2005,,,,,"823/SIN",,,,"SINGER.KURT ;Author SHERRAD.JANE;Author",,,,,175,,"BULSAR BOOK STORE",,,,"FICTION",
"WILCO CLASSIC LIBRARY: THE ADVENTURES OF TOMSAWYER",,"97-88188-280-90-9","WILCO",2009,,,,,"823/TWA",,,,"TWAIN.MARK ;Author",,,,,175,,"BULSAR BOOK STORE",,,,"FICTION",
"WILCO CLASSIC LIBRARY: FAR FROM THE MADDING CROWD",,"97-88187-288-00-0","WILCO",2010,,,,,"823/HAR",,,,"HARDY.THOMAS ;Author",,,,,175,,"BULSAR BOOK STORE",,,,"FICTION",
"WILCO CLASSIC LIBRARY: FIVE WEEKS IN A BALLON",,"97-88182-525-17-7","WILCO",2011,,,,,"823/VER",,,,"VERNE.JULES ;Author",,,,,175,,"BULSAR BOOK STORE",,,,"FICTION",
"WILCO CLASSIC LIBRARY: FAMOUS CHINESE STORY STORIES",,"97-88182-523-11-1","WILCO",2009,,,,,"823/YUT",,,,"YUTANG.LIN;Author",,,,,175,,"BULSAR BOOK STORE",,,,"FICTION",
"WILCO CLASSIC LIBRARY: THE HUNCHBACK OF NARTREDAME",,"97-88182-280-91-7","WILCO",2011,,,,,"823/HUG",,,,"HUGO.VICTOR ;Author",,,,,175,,"BULSAR BOOK STORE",,,,"FICTION",
"WILCO CLASSIC LIBRARY: FAMOUS CSCIENCE FICTION STORIES",,"97-88182-523-09-8","WILCO",2011,,,,,"823/STU",,,,"STUART.DON A. ;Author OTHERS;Author",,,,,175,,"BULSAR BOOK STORE",,,,"FICTION",
"WILCO CLASSIC LIBRARY: THE AMBASSADORS",,"97-88182-520-41-X","WILCO",2011,,,,,"823/JAM",,,,"JAMES.HENRY ;Author",,,,,175,,"BULSAR BOOK STORE",,,,"FICTION",
"WILCO CLASSIC LIBRARY: SCARY TALES OF UNEASE",,"97-88182-523-14-2","WILCO",2011,,,,,"823/DOY",,,,"DOYLE.ARTHUR CONAN ;Author",,,,,175,,"BULSAR BOOK STORE",,,,"FICTION",
"WILCO CLASSIC LIBRARY: REBECCA OF SUNNYBROOK FARM",,"97-88182-524-38-5","WILCO",2012,,,,,"823/WIG",,,,"WIGGIN.KATE DOUGLAS ;Author",,,,,175,,"BULSAR BOOK STORE",,,,"FICTION",
"WILCO CLASSIC LIBRARY: THE WHITE COMPANY",,"97-88182-523-42-5","WILCO",2012,,,,,"823/DOY",,,,"DOYLE.ARTHUR CCONAN ;Author",,,,,175,,"BULSAR BOOK STORE",,,,"FICTION",
"WILCO CLASSIC LIBRARY: DADDY LONG LEGS",,"97-88188-280-13-5","WILCO",2011,,,,,"823/WEB",,,,"WEBSTER.JEAN ;Author",,,,,175,,"BULSAR BOOK STORE",,,,"FICTION",
"WILCO CLASSIC LIBRARY: GREAT GERMAN SHORT NOVELS AND STORIES",,"97-88182-523-16-6","WILCO",2011,,,,,"823/LAN",,,,"LANGE.VICTOR;Author",,,,,175,,"BULSAR BOOK STORE",,,,"FICTION",
"WILCO CLASSIC LIBRARY: GRIMM'S FAIRY TALES",,"97-88188-280-99-2","WILCO",2010,,,,,"823/GRI",,,,"GRIMM.J.L.C;Author GRIMM. W.C. ;Author",,,,,175,,"BULSAR BOOK STORE",,,,"FICTION",
"WILCO CLASSIC LIBRARY: THE LITTLE PRINCE",,"97-88188-280-27-5","WILCO",2009,,,,,"823/SAI",,,,"SAINT- EXUPERY.ANTOINE DE ;Author",,,,,175,,"BULSAR BOOK STORE",,,,"FICTION",
"WILCO CLASSIC LIBRARY: PRIDE AND PREJUDICE",,"97-88188-280-04-6","WILCO",2010,,,,,"823/AUS",,,,"AUSTEN.JANE ;Author",,,,,175,,"BULSAR BOOK STORE",,,,"FICTION",
"WILCO CLASSIC LIBRARY: THE WAY OF ALL FLESH",,"97-88182-520-30-4","WILCO",2011,,,,,"823/BUT",,,,"BUTLER.SAMUEL ;Author",,,,,175,,"BULSAR BOOK STORE",,,,"FICTION",
"WILCO CLASSIC LIBRARY: SELECTED ESSAYS",,"97-88182-520-38-X","WILCO",2011,,,,,"823/CHE",,,,"CHESTERTON.G.K. ;Author",,,,,175,,"BULSAR BOOK STORE",,,,"FICTION",
"WILCO CLASSIC LIBRARY: KIM",,"97-88182-520-40-1","WILCO",2010,,,,,"823/KIP",,,,"KIPLING.RUDYARD ;Author",,,,,175,,"BULSAR BOOK STORE",,,,"FICTION",
"WILCO CLASSIC LIBRARY: GITANJALI",,"97-88182-522-66-8","WILCO",2010,,,,,"823/TAG",,,,"TAGORE.RABINDRANATH ;Author",,,,,175,,"BULSAR BOOK STORE",,,,"FICTION",
"WILCO CLASSIC LIBRARY: THE WISDOM OF CONFUCIUS",,"97-88182-520-37-1","WILCO",2009,,,,,"823/YUT",,,,"YUTANG.LIN ;Author",,,,,175,,"BULSAR BOOK STORE",,,,"FICTION",
"WILCO CLASSIC LIBRARY: TESS OF THE D'URBERVILLES",,"97-88182-520-31-2","WILCO",2011,,,,,"823/HAR",,,,"HARDY.THOMAS ;Author",,,,,175,,"BULSAR BOOK STORE",,,,"FICTION",
"WILCO CLASSIC LIBRARY: TALES OF MYSTERY AND IMAGINATION",,"97-88188-280-64-X","WILCO",2011,,,,,"823/POE",,,,"POE.EDGAR ALLAN ;Author",,,,,175,,"BULSAR BOOK STORE",,,,"FICTION",
"WILCO CLASSIC LIBRARY: THE DIARY OF A YOUNG GIRL",,"97-88182-520-29-0","WILCO",2009,,,,,"823/FRA",,,,"FRANK.ANNE ;Author",,,,,175,,"BULSAR BOOK STORE",,,,"FICTION",
"WILCO CLASSIC LIBRARY: FRENCH SHORT STORIES OF THE 19TH AND 20TH CENTURIES",,"97-88182-523-12-8","WILCO",2011,,,,,"823/FRE",,,,,,,,,175,,"BULSAR BOOK STORE",,,,"FICTION",
"WILCO CLASSIC LIBRARY: VENDETTA ",,"97-88182-522-64-1","WILCO",2011,,,,,"823/COR",,,,"CORELLI.MARIE ;Author",,,,,175,,"BULSAR BOOK STORE",,,,"FICTION",
"WILCO CLASSIC LIBRARY: THE WISDOM OF KAHLIL GIBRAN",,"97-88182-525-79-5","WILCO",2011,,,,,"823/GIB",,,,"GIBRAN.KAHLIL ;Author",,,,,175,,"BULSAR BOOK STORE",,,,"FICTION",
"WILCO CLASSIC LIBRARY: SHE",,"97-88188-280-60-7","WILCO",2011,,,,,"823/HAG",,,,"HAGGARD.H. RIDER  ;Author",,,,,175,,"BULSAR BOOK STORE",,,,"FICTION",
"WILCO CLASSIC LIBRARY: A ROMANCE OF TWO WORLDS",,"97-88182-525-07-8","WILCO",2012,,,,,"823/COR",,,,"CORELLI.MARIE;Author",,,,,175,,"BULSAR BOOK STORE",,,,"FICTION",
"WILCO CLASSIC LIBRARY: SELECTED SHORT STORIES",,"97-88182-524-17-0","WILCO",2011,,,,,"823/HAW",,,,"HAWTHORNE.NATHANIEL ;Author",,,,,175,,"BULSAR BOOK STORE",,,,"FICTION",
"WILCO CLASSIC LIBRARY: THE TRIAL",,"97-88182-524-16-3","WILCO",2011,,,,,"823/KAF",,,,"KAFKA.FRANZ ;Author",,,,,175,,"BULSAR BOOK STORE",,,,"FICTION",
"WILCO CLASSIC LIBRARY: MY LIFE AND WORK",,"97-88182-520-46-0","WILCO",2011,,,,,"823/FOR",,,,"FORD.HENRY ;Author",,,,,175,,"BULSAR BOOK STORE",,,,"FICTION",
"WILCO CLASSIC LIBRARY: THE SORROWS OF SATAN",,"97-88182-523-04-3","WILCO",2011,,,,,"823/COR",,,,"CORELLI.MARIE ;Author",,,,,175,,"BULSAR BOOK STORE",,,,"FICTION",
"WILCO CLASSIC LIBRARY:THE PROPHET",,"97-88182-520-26-6","WILCO",2010,,,,,"823/GIB",,,,"GIBRAN.KAHLIL ;Author",,,,,175,,"BULSAR BOOK STORE",,,,"FICTION",
"WILCO CLASSIC LIBRARY: THELMA",,"97-88182-523-08-1","WILCO",2011,,,,,"823/COR",,,,"CORELLI.MARIE ;Author",,,,,175,,"BULSAR BOOK STORE",,,,"FICTION",
"WILCO CLASSIC LIBRARY: ODYSSEY",,"97-88188-280-51-8","WILCO",2012,,,,,"823/HOM",,,,"HOMER;Author",,,,,175,,"BULSAR BOOK STORE",,,,"FICTION",
"WILCO CLASSIC LIBRARY: THE MAN WHO WOULD BE KING AND OTHER STORIES",,"978-81-8252-315-9","WILCO",2008,,,,,"823/KIP",,,,"KIPLING.RUDYARD ;Author",,,,,175,,"BULSAR BOOK STORE",,,,"FICTION",
"WILCO CLASSIC LIBRARY: OLIVER TWIST",,9788188280216,"WILCO",2009,,,,,"823/DIC",,,,"DICKENS.CHARLES ;Author",,,,,175,,"BULSAR BOOK STORE",,,,"FICTION",
"WILCO CLASSIC LIBRARY: THE TURN OF THE SCREW & THE ASPERN PAPERS",,"81-88280-36-4","WILCO",2008,,,,,"823/JAM",,,,"JAMES.HENRY ;Author",,,,,175,,"BULSAR BOOK STORE",,,,"FICTION",
"WILCO CLASSIC LIBRARY: THE RETURN OF THE NATIVE",,9788188280097,"WILCO",2011,,,,,"823/HAR",,,,"HARDY.THOMAS ;Author",,,,,175,,"BULSAR BOOK STORE",,,,"FICTION",
"WILCO CLASSIC LIBRARY: PERSUASION",,9788188280968,"WILCO",2010,,,,,"823/AUS",,,," AUSTEN.JANE;Author",,,,,175,,"BULSAR BOOK STORE",,,,"FICTION",
"WILCO CLASSIC LIBRARY: FASCINATING SHORT STORIES",,"978-81-8252-336-4","WILCO",2010,,,,,"823/WEL",,,,"WELLS.H.G. ;Author",,,,,175,,"BULSAR BOOK STORE",,,,"FICTION",
"WILCO CLASSIC LIBRARY: THE LOST WORLD",,9788188280089,"WILCO",2011,,,,,"823/DOY",,,,"DOYLE.ARTHUR CONAN ;Author",,,,,175,,"BULSAR BOOK STORE",,,,"FICTION",
"WILCO CLASSIC LIBRARY: JUST SO STORIES",,9788182524262,"WILCO",2011,,,,,"823/KIP",,,,"KIPLING.RUDYARD ;Author",,,,,175,,"BULSAR BOOK STORE",,,,"FICTION",
"WILCO CLASSIC LIBRARY: SELECTED SHORT STORIES",,9788182523388,"WILCO",2011,,,,,"823/HAR",,,,"HARDY.THOMAS ;Author",,,,,175,,"BULSAR BOOK STORE",,,,"FICTION",
"WILCO CLASSIC LIBRARY: THE VICAR OF WAKEFIELD",,97881822520207,"WILCO",2011,,,,,"823/GOL",,,,"GOLDSMITH.OLIVER ;Author",,,,,175,,"BULSAR BOOK STORE",,,,"FICTION",
"WILCO CLASSIC LIBRARY: SELECTED SHORT STORIES",,9788182520320,"WILCO",2010,,,,,"823/KIP",,,,"KIPLING.RUDYARD ;Author",,,,,175,,"BULSAR BOOK STORE",,,,"FICTION",
"WILCO CLASSIC LIBRARY: TIME MACHINE AND THE WAR OF THE WORLDS",,9788188280313,"WILCO",2011,,,,,"823/WEL",,,,"WELLS.H.G. ;Author",,,,,175,,"BULSAR BOOK STORE",,,,"FICTION",
"WILCO CLASSIC LIBRARY: AESOP'S FABLES",,9788182520193,"WILCO",2009,,,,,"823/AES",,,,,,,,,175,,"BULSAR BOOK STORE",,,,"FICTION",
"WILCO CLASSIC LIBRARY: KIDNAPPED",,9788188280070,"WILCO",2009,,,,,"823/STE",,,,"STEVENSON.ROBERT LOUIS ;Author",,,,,175,,"BULSAR BOOK STORE",,,,"FICTION",
"WILCO CLASSIC LIBRARY: SONS AND LOVERS",,9788188280623,"WILCO",2011,,,,,"823/LAW",,,,"LAWRENCE.D.H.;Author",,,,,175,,"BULSAR BOOK STORE",,,,"FICTION",
"WILCO CLASSIC LIBRARY: THE AGE OF CHIVALRY",,9788182523708,"WILCO",2010,,,,,"823/BUL",,,,"BULFINCH.THOMAS ;Author",,,,,175,,"BULSAR BOOK STORE",,,,"FICTION",
"WILCO CLASSIC LIBRARY: GREAT SHORT STORIES",,9788182520347,"WILCO",2009,,,,,"823/CHE",,,,"CHEKHOW.ANTON ;Author",,,,,175,,"BULSAR BOOK STORE",,,,"FICTION",
"WILCO CLASSIC LIBRARY: MADAME BOVARY",,"81-8252-023-1","WILCO",2008,,,,,"823/FLA",,,,"FLAUBERT.GUSTAVE ;Author",,,,,175,,"BULSAR BOOK STORE",,,,"FICTION",
"WILCO CLASSIC LIBRARY: THE APHORISMS OF CHANAKYA",,"978-81-8252-424-8","WILCO",2011,,,,,"823/APH",,,,,,,,,175,,"BULSAR BOOK STORE",,,,"FICTION",
"WILCO CLASSIC LIBRARY: THE WIZARD OF OZ",,9788188280267,"WILCO",2011,,,,,"823/BAU",,,,"BAUM.L. FRANK ;Author",,,,,175,,"BULSAR BOOK STORE",,,,"FICTION",
"WILCO CLASSIC LIBRARY: INDIAN THOUGHT AND ITS DEVELOPMENTS",,"81-8252-160-2","WILCO",2006,,,,,"823/SCH",,,,"SCHWEITZER.ALBERT ;Author",,,,,175,,"BULSAR BOOK STORE",,,,"FICTION",
"WILCO CLASSIC LIBRARY: THE RUBAIYAT OF OMAR KHAYYAM",,"81-8252-028-2","WILCO",2005,,,,,"823/KHA",,,,"KHAYYAM.OMAR;Author",,,,,175,,"BULSAR BOOK STORE",,,,"FICTION",
"WILCO CLASSIC LIBRARY: COLLECTED AMERICAN HUMOROUS STORIES",,"978-81-8252-341-8","WILCO",2009,,,,,"823/ROB",,,,"ROBB.JOHN S.;Author",,,,,175,,"BULSAR BOOK STORE",,,,"FICTION",
"WILCO CLASSIC LIBRARY: CHILDHOOD",,9788182521297,"WILCO",2010,,,,,"823/GOR",,,,"GORKY.MAXIM ;Author",,,,,175,,"BULSAR BOOK STORE",,,,"FICTION",
"WILCO CLASSIC LIBRARY: TALES OF MYSTERY AND IMAGINATION",,"97-88188-280-64-x","WILCO",2011,,,,,"823/POE",,,,"POE.EDGAR ALLAN ;Author",,,,,175,,"BULSAR BOOK STORE",,,,"FICTION",
"WILCO CLASSIC LIBRARY: THE PRISONER OF ZENDA",,9788182524361,"WILCO",2011,,,,,"823/HOP",,,,"HOPE.ANTHONY ;Author",,,,,175,,"BULSAR BOOK STORE",,,,"FICTION",
"WILCO CLASSIC LIBRARY: SECRETS OF THE HEART ",,"978-81-8252-333-3","WILCO",2009,,,,,"823/GIB",,,,"GIBRAN.KAHLIL ;Author",,,,,175,,"BULSAR BOOK STORE",,,,"FICTION",
"WILCO CLASSIC LIBRARY: THE SECRET GARDEN",,9788182521246,"WILCO",2010,,,,,"823/BUR",,,,"BURNETT.FRANCES HODGSON ;Author",,,,,175,,"BULSAR BOOK STORE",,,,"FICTION",
"WILCO CLASSIC LIBRARY: THE PHILOSOPHIES AND RELIGIONS OS INDIA",,9788182521572,"WILCO",2011,,,,,"823/RAM",,,,"RAMACHARAKA.YOGI ;Author",,,,,175,,"BULSAR BOOK STORE",,,,"FICTION",
"WILCO CLASSIC LIBRARY: WOMEN IN LOVE ",,9788188280658,"WILCO",2011,,,,,"823/LAW",,,,"LAWRENCE.D.H.;Author",,,,,175,,"BULSAR BOOK STORE",,,,"FICTION",
"WILCO CLASSIC LIBRARY: THE GREAT GATSBY",,9788182524378,"WILCO",2011,,,,,"823/FIT",,,,"FITZEGERALD.F. SCOLT ;Author",,,,,175,,"BULSAR BOOK STORE",,,,"FICTION",
"WILCO CLASSIC LIBRARY: THE ENCHANTED CASTLE",,"978-81-8252-421-7","WILCO",2011,,,,,"823/NES",,,,"NESBIT.EDITH ;Author",,,,,175,,"BULSAR BOOK STORE",,,,"FICTION",
"WILCO CLASSIC LIBRARY: SIDDHARTH ",,9788182524231,"WILCO",2011,,,,,"823/HES",,,,"HESSE.HERMAN ;Author",,,,,175,,"BULSAR BOOK STORE",,,,"FICTION",
"WILCO CLASSIC LIBRARY: MOTHER",,9788182524293,"WILCO",2011,,,,,"823/GOR",,,,"GORKY.MAXIM ;Author",,,,,175,,"BULSAR BOOK STORE",,,,"FICTION",
"WILCO CLASSIC LIBRARY: THE SECOND JUNGLE BOOK",,"81-8252-021-5","WILCO",2008,,,,,"823/KIP",,,,"KIPLING.RUDYARD ;Author",,,,,175,,"BULSAR BOOK STORE",,,,"FICTION",
"WILCO CLASSIC LIBRARY: NORTHANGER ABBEY",,9788187288892,"WILCO",2010,,,,,"823/AUS",,,,"AUSTEN.JANE ;Author",,,,,175,,"BULSAR BOOK STORE",,,,"FICTION",
"WILCO CLASSIC LIBRARY: THE INVISIBLE MAN AND THE ISLAND OF DR. MOREAU",,9788188280348,"WILCO",2010,,,,,"823/WEL",,,,"WELLS.H.G. ;Author",,,,,175,,"BULSAR BOOK STORE",,,,"FICTION",
"WILCO CLASSIC LIBRARY: THE HOUSE OF THE SEVEN GABLES ",,"81-88280-95-x","WILCO",2004,,,,,"823/HAW",,,,"HAWTHORNE.NATHANIEL ;Author",,,,,175,,"BULSAR BOOK STORE",,,,"FICTION",
"WILCO CLASSIC LIBRARY: THE PRINCE AND THE PAUPER",,9788188280372,"WILCO",2011,,,,,"823/TWA",,,,"TWAIN.MARK ;Author",,,,,175,,"BULSAR BOOK STORE",,,,"FICTION",
"WILCO CLASSIC LIBRARY: THE WIND OF THE WILLOWS",,"81-88280-88-7","WILCO",2004,,,,,"823/GRA",,,,"GRAHAME.KENNETH ;Author",,,,,175,,"BULSAR BOOK STORE",,,,"FICTION",
"WILCO CLASSIC LIBRARY: THE RED BADGE OF COURAGE",,"81-8252-120-120-3","WILCO",2005,,,,,"823/CRA",,,,"CRANE.STEPHEN ;Author",,,,,175,,"BULSAR BOOK STORE",,,,"FICTION",
"WILCO CLASSIC LIBRARY: IVANHOE",,"81-88280-52-6","WILCO",2006,,,,,"823/SCO",,,,"SCOTT.SIR WALTER ;Author",,,,,175,,"BULSAR BOOK STORE",,,,"FICTION",
"WILCO CLASSIC LIBRARY: GREAT EXPECTATIONS",,"81-88280-38-0","WILCO",2010,,,,,"823/DIC",,,,"DICKENS.CHARLES ;Author",,,,,175,,"BULSAR BOOK STORE",,,,"FICTION",
"WILCO CLASSIC LIBRARY: THE SWIAA FAMILY ROBINSON",,"81-88280-20-8","WILCO",2003,,,,,"823/WYS",,,,"WYSS.JOHANN ;Author",,,,,175,,"BULSAR BOOK STORE",,,,"FICTION",
"WILCO CLASSIC LIBRARY: CANDIDE",,9788188280631,"WILCO",2010,,,,,"823/VOL",,,,"VOLTAIRE;Author",,,,,175,,"BULSAR BOOK STORE",,,,"FICTION",
"WILCO CLASSIC LIBRARY: SELECTED SHORT STORIES",,"81-8252-161-0","WILCO",2006,,,,,"823/CON",,,,"CONRAD.JOSEPH ;Author",,,,,175,,"BULSAR BOOK STORE",,,,"FICTION",
"WILCO CLASSIC LIBRARY: BEST GHOST STORIES",,"978818252167x","WILCO",2010,,,,,"823/DIC",,,,"DICKENS.CHARLES ;Author",,,,,175,,"BULSAR BOOK STORE",,,,"FICTION",
"WILCO CLASSIC LIBRARY: DEAD SOULS",,"81-8252-159-9","WILCO",2006,,,,,"823/GOG",,,,"GOGOL.NIKOLAI ;Author",,,,,175,,"BULSAR BOOK STORE",,,,"FICTION",
"WILCO CLASSIC LIBRARY: NOSTROMO",,"81-8252-146-7","WILCO",2006,,,,,"823/CON",,,,"CONRAD.JOSEPH ;Author",,,,,175,,"BULSAR BOOK STORE",,,,"FICTION",
"WILCO CLASSIC LIBRARY: TENDER IS THE NIGHT",,"81-8252-168-8","WILCO",2007,,,,,"823/FIT",,,,"FITZEGERALD.F. SCOLT ;Author",,,,,175,,"BULSAR BOOK STORE",,,,"FICTION",
"WILCO CLASSIC LIBRARY: THE ILIAD",,9788182522633,"WILCO",2010,,,,,"823/HOM",,,,"HOMER;Author",,,,,175,,"BULSAR BOOK STORE",,,,"FICTION",
"WILCO CLASSIC LIBRARY: VICTORY",,"81-8252-044-4","WILCO",2008,,,,,"823/CON",,,,"CONRAD.JOSEPH ;Author",,,,,175,,"BULSAR BOOK STORE",,,,"FICTION",
"WILCO CLASSIC LIBRARY:THUS SPAKE ZARATHUSTRA",,9788182520355,"WILCO",2009,,,,,"823/NIE",,,,"NIETZSCHE.FRIEDRICH ;Author",,,,,175,,"BULSAR BOOK STORE",,,,"FICTION",
"WILCO CLASSIC LIBRARY: THE AGE OF INNOCENCE",,"81-8252-163-7","WILCO",2007,,,,,"823/WHA",,,,"WHARTON.EDITH ;Author",,,,,175,,"BULSAR BOOK STORE",,,,"FICTION",
"WILCO CLASSIC LIBRARY: NANA",,"81-8252-039-8","WILCO",2006,,,,,"823/ZOL",,,,"ZOLA.EMILE ;Author",,,,,175,,"BULSAR BOOK STORE",,,,"FICTION",
"WILCO CLASSIC LIBRARY: THE WISDOM OF LAOTSE",,9788182523104,"WILCO",2009,,,,,"823/YUT",,,,"YUTANG.LIN ;Author",,,,,175,,"BULSAR BOOK STORE",,,,"FICTION",
"WILCO CLASSIC LIBRARY: FRENCH SHORT STORIES OF THE 19TH AND 20TH CENTURIES",,9788182523128,"WILCO",2011,,,,,"823/FRE",,,,,,,,,175,,"BULSAR BOOK STORE",,,,"FICTION",
"WILCO CLASSIC LIBRARY: 1984",,9788182523135,"WILCO",2009,,,,,"823/ORW",,,,"ORWELL.GEORGE ;Author",,,,,175,,"BULSAR BOOK STORE",,,,"FICTION",
"WILCO CLASSIC LIBRARY: ART OF WAR ",,9788182521718,"WILCO",2009,,,,,"823/TZU",,,,"TZU.SUN ;Author",,,,,175,,"BULSAR BOOK STORE",,,,"FICTION",
"WILCO CLASSIC LIBRARY: THE ADVENTURES AND THRILLS ",,"978-81-8252-345-6","WILCO",2009,,,,,"823/DUM",,,,"DUMAS.ALEXANDRA ;Author",,,,,175,,"BULSAR BOOK STORE",,,,"FICTION",
"WILCO CLASSIC LIBRARY: LORD JIM",,9788182520339,"WILCO",2011,,,,,"823/CON",,,,"CONRAD.JOSEPH ;Author",,,,,175,,"BULSAR BOOK STORE",,,,"FICTION",
"WILCO CLASSIC LIBRARY: THE REPUBLIC AND OTHER DIALOGUES",,9788182521238,"WILCO",2009,,,,,"823/PLA",,,,"PLATO;Author",,,,,175,,"BULSAR BOOK STORE",,,,"FICTION",
"WILCO CLASSIC LIBRARY: MANSFIELD PARK",,9788182523371,"WILCO",2011,,,,,"823/AUS",,,,"AUSTEN.JANE ;Author",,,,,175,,"BULSAR BOOK STORE",,,,"FICTION",
"WILCO INSPIRATIONAL LIBRARY: PUSHING TO THE FRONT",,"81-87288-08-6","WILCO",2002,,,,,"823/MAR",,,,"MARDEN.ORISON SWEET ;Author",,,,,175,,"BULSAR BOOK STORE",,,,"FICTION",
"WILCO INSPIRATIONAL LIBRARY: THE SECRET OF SUCCESS AND PRACTICAL MENTAL INFLUENCE",,9788182526709,"WILCO",2013,,,,,"823/ATK",,,,"MARDEN.WILLIAM WALKER ;Author",,,,,175,,"BULSAR BOOK STORE",,,,"FICTION",
"WILCO INSPIRATIONAL LIBRARY: DUTY",,"81-88280-59-3","WILCO",2004,,,,,"823/SAM",,,,"SMILES.SAMUEL ;Author",,,,,175,,"BULSAR BOOK STORE",,,,"FICTION",
"WILCO INSPIRATIONAL LIBRARY: HELPING YOURSELF WITH PSYCHIATRY",,"81-87288-91-4","WILCO",2005,,,,,"823/CAP",,,,"CAPRIO M.D.FRANK S. ;Author",,,,,175,,"BULSAR BOOK STORE",,,,"FICTION",
"WILCO INSPIRATIONAL LIBRARY: CHARACTER",,"81-88280-58-5","WILCO",2004,,,,,"823/SMI",,,,"SMILES.SAMUEL ;Author",,,,,175,,"BULSAR BOOK STORE",,,,"FICTION",
"WILCO INSPIRATIONAL LIBRARY: THRIFT",,"81-88280-57-7","WILCO",2004,,,,,"823/SMI",,,,"SMILES.SAMUEL ;Author",,,,,175,,"BULSAR BOOK STORE",,,,"FICTION",
"WILCO INSPIRATIONAL LIBRARY: SELF HELP",,9788188280569,"WILCO",2011,,,,,"823/SMI",,,,"SMILES.SAMUEL ;Author",,,,,175,,"BULSAR BOOK STORE",,,,"FICTION",
"WILCO INSPIRATIONAL LIBRARY: AS A MAN THINKETH AND OTHER TIMELESS WORKS",,9788182521815,"WILCO",2011,,,,,"823/ALL",,,,"ALLEN.JAMES;Author",,,,,175,,"BULSAR BOOK STORE",,,,"FICTION",
"WILCO INSPIRATIONAL LIBRARY: 8 PILLARS OF PROSPERITY AND OTHER ETERNAL WRITINGS",,9788182521823,"WILCO",2011,,,,,"823/ALL",,,,"ALLEN.JAMES;Author",,,,,175,,"BULSAR BOOK STORE",,,,"FICTION",
"WILCO INSPIRATIONAL LIBRARY: MAN THE UNKNOWN",,"978818728837X","WILCO",2010,,,,,"823/CAR",,,,"CARREL.ALEXIS ;Author",,,,,175,,"BULSAR BOOK STORE",,,,"FICTION",
"WILCO INSPIRATIONAL LIBRARY: EVERY MAN A KING:MEET YOURSELF",,"81-8252-196-3","WILCO",2006,,,,,"823/MAR",,,,"MARDEN.ORISON SWEET ;Author",,,,,175,,"BULSAR BOOK STORE",,,,"FICTION",
"WILCO INSPIRATIONAL LIBRARY: POWER FOR SUCCESS",,"81-8252-200-5","WILCO",2006,,,,,"823/HAD",,,,"HADDOCK.FRANK CHANNING ;Author",,,,,175,,"BULSAR BOOK STORE",,,,"FICTION",
"WILCO INSPIRATIONAL LIBRARY: THE SECRET OF ACHIEVEMENT: TO SUCCEED IN LIFE",,"81-8252-197-1","WILCO",2006,,,,,"823/MAR",,,,"MARDEN.ORISON SWEET ;Author",,,,,175,,"BULSAR BOOK STORE",,,,"FICTION",
"WILCO INSPIRATIONAL LIBRARY: POWER OF WILL",,"81-8252-199-8","WILCO",2006,,,,,"823/HAD",,,,"HADDOCK.FRANK CHANNING ;Author",,,,,175,,"BULSAR BOOK STORE",,,,"FICTION",
"WILCO INSPIRATIONAL LIBRARY: MENTAL EFFICIENCY(VOL-I) SERIES:PERSONALITY, PERSEVERANCE, PRACTICALITY",,"81-8252-201-3","WILCO",2006,,,,,"823/LAU",,,,"LAURENT.H., BESSER.H.;Author NICOLLE.R.;Author",,,,,175,,"BULSAR BOOK STORE",,,,"FICTION",
"WILCO INSPIRATIONAL LIBRARY: MENTAL EFFICIENCY SERIES: INFLUENCE & POISE",,"81-8252-202-1","WILCO",2006,,,,,"823/YOR",,,,"YORITOMO-TASHI;Author STARKE.D.;Author",,,,,175,,"BULSAR BOOK STORE",,,,"FICTION",
"WILCO INSPIRATIONAL LIBRARY:MENTAL EFFICIENCY SERIES: CHARACTER, OPPORTUNITIES, TIMIDITY",,"978818252203X","WILCO",2011,,,,,"823/STA",,,,"STARKE.D.,CHARLEY.L.;Author YORITOMO-TASHI;Author",,,,,175,,"BULSAR BOOK STORE",,,,"FICTION",
"WILCO INSPIRATIONAL LIBRARY: MENTAL EFFICIENCY SERIES: SPEECH AND COMMON SENSE",,"81-8252-204-8","WILCO",2006,,,,,"823/XAM",,,,"XANTHES AND YORITOMO-TASHI;Author",,,,,175,,"BULSAR BOOK STORE",,,,"FICTION",
"WILCO INSPIRATIONAL LIBRARY: FROM POVERTY TO POWER: MORNING AND EVENING THOUGHTS",,"81-8252-195-5","WILCO",2006,,,,,"823/ALE",,,,"JAMES.ALLEN;Author",,,,,175,,"BULSAR BOOK STORE",,,,"FICTION",
"WILCO INSPIRATIONAL LIBRARY: BOOK OF MEDITATION: FOR EVERYDAY IN THE YEAR",,9788182523937,"WILCO",2010,,,,,"823/ALL",,,,"JAMES.ALLEN;Author",,,,,175,,"BULSAR BOOK STORE",,,,"FICTION",
"WILCO INSPIRATIONAL LIBRARY: LIGHT ON LIFE'S DIFFICULTIES",,"978-81-825-266-62","WILCO",2013,,,,,"823/ALL",,,,"JAMES.ALLEN;Author",,,,,175,,"BULSAR BOOK STORE",,,,"FICTION",
"WILCO INSPIRATIONAL LIBRARY: PEACE, POWER AND PLENTY",,"978-81-8252-669-3","WILCO",2013,,,,,"823/MAR",,,,"MARDEN.ORISON SWEET ;Author",,,,,175,,"BULSAR BOOK STORE",,,,"FICTION",
"WILCO INSPIRATIONAL LIBRARY: FROM PASSION TO PEACE",,"978-818-2526-67-9","WILCO",2013,,,,,"823/ALL",,,,"JAMES.ALLEN;Author",,,,,175,,"BULSAR BOOK STORE",,,,"FICTION",
"WILCO INSPIRATIONAL LIBRARY: MAKING LIFE A MASTER PIECE",,"978-8182-526-68-6","WILCO",2013,,,,,"823/MAR",,,,"MARDEN.ORISON SWEET ;Author",,,,,175,,"BULSAR BOOK STORE",,,,"FICTION",
"WILCO INSPIRATIONAL LIBRARY: GOD'S MINUTE: 60 SECOND PRAYERS FOR EVERYDAY IN THE YEAR",,"978-8182-523-94-4","WILCO",2010,,,,,"823/CON",,,,"RUSSELL H.CONWELL.D.D. AND OTHERS;Author",,,,,175,,"BULSAR BOOK STORE",,,,"FICTION",
"WILCO GIANTS CLASSSIC LIBRARY : THE COURT OF MONTE CRISTO VOLUME II",,9788182522080,"WILCO",2011,,,,,"823/DUM",,,,"DUMAS.ALEXANDRA ;Author",,,,,299,,"BULSAR BOOK STORE",,,,"FICTION",
"WILCO GIANTS CLASSSIC LIBRARY : LES MISERABLES VOLUME II",,"978-81-8252-207-2","WILCO",2010,,,,,"823/HUG",,,,"HUGO.VICTOR ;Author",,,,,299,,"BULSAR BOOK STORE",,,,"FICTION",
"WILCO GIANTS CLASSSIC LIBRARY : THE FRENCH REVOLUTION ",,"81-8252-268-4","WILCO",2008,,,,,"823/CAR",,,,"CARLYLE.THOMAS ;Author",,,,,299,,"BULSAR BOOK STORE",,,,"FICTION",
"WILCO GIANTS CLASSSIC LIBRARY : THE IDIOT",,"81-8252-154-8","WILCO",2009,,,,,"823/DOS",,,,"DOSTOEVSKY.FYODOR ;Author",,,,,299,,"BULSAR BOOK STORE",,,,"FICTION",
"WILCO GIANTS CLASSSIC LIBRARY : CRIME AND PUNISHMENT",,"978-8182-5213-51","WILCO",2011,,,,,"823/DOS",,,,"DOSTOEVSKY.FYODOR ;Author",,,,,299,,"BULSAR BOOK STORE",,,,"FICTION",
"WILCO GIANTS CLASSSIC LIBRARY : DAVID COPPERFIELD",,"978-8182-521-37-8","WILCO",2011,,,,,"823/DIC",,,,"DICKENS.CHARLES ;Author",,,,,299,,"BULSAR BOOK STORE",,,,"FICTION",
"WILCO GIANTS CLASSSIC LIBRARY : THE GREATEST WORKS OF KAHLIL GIBRAN",,"81-8252-153-x","WILCO",2008,,,,,"823/GIB",,,,"GIBRAN.KAHLIL ;Author",,,,,299,,"BULSAR BOOK STORE",,,,"FICTION",
"WILCO GIANTS CLASSSIC LIBRARY : CAPITAL VOLUME II",,"978-8182-523-67-8","WILCO",2010,,,,,"823/MAR",,,,"MARX.KARL ;Author",,,,,299,,"BULSAR BOOK STORE",,,,"FICTION",
"WILCO GIANTS CLASSSIC LIBRARY : MOBY DICK",,"81-88280-55-0","WILCO",2009,,,,,"823/MEL",,,,"MELVILLE.HERMAN ;Author",,,,,299,,"BULSAR BOOK STORE",,,,"FICTION",
"WILCO GIANTS CLASSSIC LIBRARY : JATAKA TALES",,9788182525092,"WILCO",2011,,,,,"823/FRA",,,,"FRANCIS.H.T;Author THOMAS.E.J.;Author",,,,,299,,"BULSAR BOOK STORE",,,,"FICTION",
"WILCO GIANTS CLASSSIC LIBRARY : LES MISERABLES VOLUME I",,9788182521440,"WILCO",2010,,,,,"823/HUG",,,,"HUGO.VICTOR ;Author",,,,,299,,"BULSAR BOOK STORE",,,,"FICTION",
"WILCO GIANTS CLASSSIC LIBRARY : THE COURT OF MONTE CRISTO VOLUME I",,9788182521408,"WILCO",2011,,,,,"823/DUM",,,,"DUMAS.ALEXANDRA ;Author",,,,,299,,"BULSAR BOOK STORE",,,,"FICTION",
"WILCO GIANTS CLASSSIC LIBRARY : THE WEALTH OF NATIONS:VOLUME II",,"978-81-8252-363-0","WILCO",2009,,,,,"823/SMI",,,,"SMITH.ADAM ;Author",,,,,299,,"BULSAR BOOK STORE",,,,"FICTION",
"WILCO GIANTS CLASSSIC LIBRARY : THE OLD CURIOSITY SHOP",,9788182521521,"WILCO",2012,,,,,"823/DIC",,,,"DICKENS.CHARLES ;Author",,,,,299,,"BULSAR BOOK STORE",,,,"FICTION",
"WILCO GIANTS CLASSSIC LIBRARY : CAPITAL VOLUME I",,9788182523661,"WILCO",2010,,,,,"823/MAR",,,,"MARX.KARL ;Author",,,,,299,,"BULSAR BOOK STORE",,,,"FICTION",
"WILCO GIANTS CLASSSIC LIBRARY : THE WISDOM OF CHINA",,9788182525900,"WILCO",2012,,,,,"823/YUT",,,,"YUTANG.LIN ;Author",,,,,299,,"BULSAR BOOK STORE",,,,"FICTION",
"WILCO GIANTS CLASSSIC LIBRARY : WAR & PEACE: VOLUME I",,9788182521416,"WILCO",2011,,,,,"823/TOL",,,,"TOLSTOY.LEO;Author",,,,,299,,"BULSAR BOOK STORE",,,,"FICTION",
"WILCO GIANTS CLASSSIC LIBRARY : THE WEALTH OF NATIONS:VOLUME I",,"978-81-8252-362-3","WILCO",2009,,,,,"823/SMI",,,,"SMITH.ADAM ;Author",,,,,299,,"BULSAR BOOK STORE",,,,"FICTION",
"WILCO GIANTS CLASSSIC LIBRARY : THE PANCHATANTRA",,9788182525108,"WILCO",2011,,,,,"823/RYD",,,,"ARTHUR W. RYDER;Author",,,,,299,,"BULSAR BOOK STORE",,,,"FICTION",
"WILCO GIANTS CLASSSIC LIBRARY : THE PICKWICK PAPERS",,"81-8252-151-3","WILCO",2009,,,,,"823/DIC",,,,"DICKENS.CHARLES ;Author",,,,,299,,"BULSAR BOOK STORE",,,,"FICTION",
"WILCO GIANTS CLASSSIC LIBRARY : NAPOLEANS",,"978818252136X","WILCO",2011,,,,,"823/LUD",,,,"LUDWING.EMIL ;Author",,,,,299,,"BULSAR BOOK STORE",,,,"FICTION",
"WILCO GIANTS CLASSSIC LIBRARY : WAR & PEACE: VOLUME II",,9788182522064,"WILCO",2011,,,,,"823/TOL",,,,"TOLSTOY.LEO;Author",,,,,299,,"BULSAR BOOK STORE",,,,"FICTION",
"WILCO GIANTS CLASSSIC LIBRARY : THE THREE MUSKETEERS",,9788182521343,"WILCO",2011,,,,,"823/DUM",,,,"DUMAS.ALEXANDRA ;Author",,,,,299,,"BULSAR BOOK STORE",,,,"FICTION",
"WILCO GIANTS CLASSSIC LIBRARY : THE ORIGINAL OF SPECIES",,"978-81-8252-365-4","WILCO",2009,,,,,"823/DAR",,,,"DARWELL.CHARLES ;Author",,,,,299,,"BULSAR BOOK STORE",,,,"FICTION",
"WILCO GIANTS CLASSSIC LIBRARY : THE WISDOM OF INDIA",,9788182525894,"WILCO",2012,,,,,"823/YUT",,,,"YUTANG.LIN ;Author",,,,,299,,"BULSAR BOOK STORE",,,,"FICTION",
"WILCO GIANTS CLASSSIC LIBRARY : THE PORTRAIT OF A LADY",,"81-8252-025-8","WILCO",2005,,,,,"823/JAM",,,,"JAMES.HENRY ;Author",,,,,299,,"BULSAR BOOK STORE",,,,"FICTION",
"WILCO GIANTS CLASSSIC LIBRARY : THE SHORT STORIES OF HENRY JAMES",,"81-8252-267-6","WILCO",2008,,,,,"823/JAM",,,,"JAMES.HENRY ;Author",,,,,299,,"BULSAR BOOK STORE",,,,"FICTION",
"WILCO GIANTS CLASSSIC LIBRARY : COLLECTED STORIES OF SAKI",,9788182521335,"WILCO",2011,,,,,"823/MUN",,,,"MUNRO.HECTOR HUGH ;Author",,,,,299,,"BULSAR BOOK STORE",,,,"FICTION",
"WILCO GIANTS CLASSSIC LIBRARY : THE COMPLETE SHERLOCK HOLMES VOLUME I",,9788182521432,"WILCO",2011,,,,,"823/DOY",,,,"DOYLE.ARTHUR CONAN ;Author",,,,,299,,"BULSAR BOOK STORE",,,,"FICTION",
"WILCO GIANTS CLASSSIC LIBRARY : DON QUIXOTE",,9788182521386,"WILCO",2010,,,,,"823/CER",,,,"CERVANTES.MIGUEL DE ;Author",,,,,299,,"BULSAR BOOK STORE",,,,"FICTION",
"WILCO GIANTS CLASSSIC LIBRARY : ANNA KARENINA",,9788182521475,"WILCO",2010,,,,,"823/TOL",,,,"TOLSTOY.LEO ;Author",,,,,299,,"BULSAR BOOK STORE",,,,"FICTION",
"WILCO GIANTS CLASSSIC LIBRARY : DROLL STORIES",,"81-8252-142-4","WILCO",2008,,,,,"823/BAL",,,,"BALZAC.HONORE DE ;Author",,,,,299,,"BULSAR BOOK STORE",,,,"FICTION",
"WILCO GIANTS CLASSSIC LIBRARY : MEIN KAMPF",,9788182523586,"WILCO",2011,,,,,"823/HIT",,,,"HITLER.ADOLF ;Author",,,,,299,,"BULSAR BOOK STORE",,,,"FICTION",
"WILCO GIANTS CLASSSIC LIBRARY : THE BROTHERS KARAMAZOU",,"81-8252-148-3","WILCO",2005,,,,,"823/DOS",,,,"DOSTOEVSKY.FYODOR ;Author",,,,,299,,"BULSAR BOOK STORE",,,,"FICTION",
"SPYGLASS BOOKS: WELCOME TO BRAZIL",,9780756503703,"COMPASS POINT",2003,,,,,"981/AUC",,,,"AUCH.ALISON ;Author",,,,,125,,"BULSAR BOOK STORE",,,,"GEOGRAPHY",
"SPYGLASS BOOKS: WELCOME TO JAPAN",,9780756503680,"COMPASS POINT",2003,,,,,"952/AUC",,,,"AUCH.ALISON ;Author",,,,,125,,"BULSAR BOOK STORE",,,,"GEOGRAPHY",
"SPYGLASS BOOKS: WELCOME TO MEXICO",,9780756503734,"COMPASS POINT",2003,,,,,"972/AUC",,,,"AUCH.ALISON ;Author",,,,,125,,"BULSAR BOOK STORE",,,,"GEOGRAPHY",
"SPYGLASS BOOKS: WELCOME TO KENYA",,9780756503697,"COMPASS POINT",2003,,,,,"967.67/AUC",,,,"AUCH.ALISON ;Author",,,,,125,,"BULSAR BOOK STORE",,,,"GEOGRAPHY",
"SPYGLASS BOOKS: WELCOME TO CANADA",,9780756503727,"COMPASS POINT",2003,,,,,"971/AUC",,,,"AUCH.ALISON ;Author",,,,,125,,"BULSAR BOOK STORE",,,,"GEOGRAPHY",
"SPYGLASS BOOKS: PATTERNS",,9780756504526,"COMPASS POINT",2003,,,,,"152.14/HAM",,,,"HAMMERSMITH.CRAIG ;Author",,,,,125,,"BULSAR BOOK STORE",,,,"PSYCHOLOGY",
"SPYGLASS BOOKS: THE SHAPE OF THINGS",,9780756504533,"COMPASS POINT",2003,,,,,"516/SCO",,,,"SCOTT.JANINE ;Author","GEOMETRY",,,,125,,"BULSAR BOOK STORE",,,,"MATHEMATICS",
"SPYGLASS BOOKS: TAKE A GUESS: A LOOK AT ESTIMATION",,9780756504465,"COMPASS POINT",2003,,,,,"519/SCO",,,,"SCOTT.JANINE ;Author","MATHEMATICS",,,,125,,"BULSAR BOOK STORE",,,,"MATHEMATICS",
"SPYGLASS BOOKS: NUMBERS WE KNOW",,9780756504519,"COMPASS POINT",2003,,,,,"513/HAM",,,,"HAMMERSMITH.CRAIG ;Author","ARITHMETIC",,,,125,,"BULSAR BOOK STORE",,,,"MATHEMATICS",
"SPYGLASS BOOKS: WHY WE MEASURE",,9780756504496,"COMPASS POINT",2003,,,,,"530.8/SCO",,,,"SCOTT.JANINE ;Author","PHYSICS",,,,125,,"BULSAR BOOK STORE",,,,"SCIENCE",
"SPYGLASS BOOKS: TIME TO TELL TIME",,9780756504557,"COMPASS POINT",2003,,,,,"529/SCO",,,,"SCOTT.JANINE ;Author","CHRONOLOGY",,,,125,,"BULSAR BOOK STORE",,,,"MATHEMATICS",
"TELL ME ABOUT: MONUMENTS OF INDIA",,"978-81-7676-072-0","NITA MEHTA",2011,,,,,"954/PUR",,,,"PURI.REENA I.;Author","INDIA",,,,395,,"BULSAR BOOK STORE",,,,"GEOGRAPHY & HISTORY",
"READ & SHINE:WORLD AROUND US: THE TROUBLE WITH DINASAURUS LEVEL 4 ",,"978-81-319-0640-8","B.JAIN",,,,,,"823/BAR",,,,"BARNETT.STEPHEN ;Author","ENGLISH STORY",,,,50,,"BULSAR BOOK STORE",,,,"STORY",
"READ & SHINE:WORLD AROUND US: MY HOME",,"978-81-319-0625-5","B.JAIN",,,,,,"823/BAR",,,,"BARNETT.STEPHEN ;Author","ENGLISH STORY",,,,50,,"BULSAR BOOK STORE",,,,"STORY",
"READ & SHINE:WORLD AROUND US: PLAYING WITH FRIENDS",,"978-81-319-0626-2","B.JAIN",,,,,,"823/BAR",,,,"BARNETT.STEPHEN ;Author","ENGLISH STORY",,,,50,,"BULSAR BOOK STORE",,,,"STORY",
"READ & SHINE:WORLD AROUND US: SAM THE CAT",,"978-81-319-0628-6","B.JAIN",,,,,,"823/BAR",,,,"BARNETT.STEPHEN ;Author","ENGLISH STORY",,,,50,,"BULSAR BOOK STORE",,,,"STORY",
"READ & SHINE:WORLD AROUND US: NUMBERS",,"978-81-319-0631-6","B.JAIN",,,,,,"823/BAR",,,,"BARNETT.STEPHEN ;Author","ENGLISH STORY",,,,50,,"BULSAR BOOK STORE",,,,"STORY",
"READ & SHINE:WORLD AROUND US: WHERE ARE MY SOCKS",,"978-81-319-0629-3","B.JAIN",,,,,,"823/BAR",,,,"BARNETT.STEPHEN ;Author","ENGLISH STORY",,,,50,,"BULSAR BOOK STORE",,,,"STORY",
"READ & SHINE:WORLD AROUND US: WE LIKE ICE CREAM",,"978-81-319-0627-9","B.JAIN",,,,,,"823/BAR",,,,"BARNETT.STEPHEN ;Author","ENGLISH STORY",,,,50,,"BULSAR BOOK STORE",,,,"STORY",
"READ & SHINE:WORLD AROUND US: TIME TO GET UP",,"978-81-319-0630-9","B.JAIN",,,,,,"823/BAR",,,,"BARNETT.STEPHEN ;Author","ENGLISH STORY",,,,50,,"BULSAR BOOK STORE",,,,"STORY",
"READ & SHINE:WORLD AROUND US: IN THE GARDEN ",,"978-81-319-0632-3","B.JAIN",,,,,,"823/BAR",,,,"BARNETT.STEPHEN ;Author","ENGLISH STORY",,,,50,,"BULSAR BOOK STORE",,,,"STORY",
"AT THE ZOO: LEVEL 3",,"978-81-319-0633-0","B.JAIN",,,,,,"823/BAR",,,,"BARNETT.STEPHEN ;Author",,,,,50,,"BULSAR BOOK STORE",,,,"STORY",
"A ROCKET TO THE MOON: LEVEL 3",,"978-81-319-0638-5","B.JAIN",,,,,,"823/BAR",,,,"BARNETT.STEPHEN ;Author",,,,,50,,"BULSAR BOOK STORE",,,,"STORY",
"IN THE TENT: LEVEL 3",,"978-81-319-0634-7","B.JAIN",,,,,,"823/BAR",,,,"BARNETT.STEPHEN ;Author",,,,,50,,"BULSAR BOOK STORE",,,,"STORY",
"DOWN IN THE GRASS: LEVEL 3",,"978-81-319-0636-1","B.JAIN",,,,,,"823/BAR",,,,"BARNETT.STEPHEN ;Author",,,,,50,,"BULSAR BOOK STORE",,,,"STORY",
"READ & SHINE: WORLD AROUND US LEVEL 4;THE MYSTERY OF THE BURIED TREASURE",,"978-81-319-0639-2","B.JAIN",,,,,,"823/BAR",,,,"BARNETT.STEPHEN ;Author",,,,,50,,"BULSAR BOOK STORE",,,,"STORY",
"READ & SHINE: WORLD AROUND US LEVEL 4;THE BIG GAME",,"978-81-319-0637-8","B.JAIN",,,,,,"823/BAR",,,,"BARNETT.STEPHEN ;Author",,,,,50,,"BULSAR BOOK STORE",,,,"STORY",
"READ & SHINE: WORLD AROUND US LEVEL 4;JAMUNA",,"978-81-319-0635-4","B.JAIN",,,,,,"823/BAR",,,,"BARNETT.STEPHEN ;Author",,,,,50,,"BULSAR BOOK STORE",,,,"STORY",
"DISNEY: TALES OF ADVENTURE",,"978-1-4454-2107-0","PARRAGON(SHREE)",2011,,,,,"823/WIN",,,,"WINSKILL.JOHN;Author",,,,,125,,"BULSAR BOOK STORE",,,,"STORY",
"DISNEY .PIXAR CARS: RACE TRACK ADVENTURES",,"978-1-4454-2105-6","PARRAGON(SHREE)",2011,,,,,"823/SHE",,,,"SHEALY.DENNIS R.;Author",,,,,125,,"BULSAR BOOK STORE",,,,"STORY",
"DISNEY : ANIMAL ADVENTURES",,"978-1-4454-2108-7","PARRAGON(SHREE)",2011,,,,,"823/SAN",,,,"SANCHEZ.ANDREA POSNER;Author",,,,,125,,"BULSAR BOOK STORE",,,,"STORY",
"DISNEY PRINCESS: PRINCESS DREAMS",,"978-1-4454-2112-4","PARRAGON(SHREE)",2011,,,,,"823/LAG",,,,"LAGONEGRO.MELISSA;Author",,,,,125,,"BULSAR BOOK STORE",,,,"STORY",
"DISNEY PRINCESS: PRETTY AS A PRINCESS",,"978-1-4454-2113-1","PARRAGON(SHREE)",2011,,,,,"823/LAG",,,,"LAGONEGRO.MELISSA;Author",,,,,125,,"BULSAR BOOK STORE",,,,"STORY",
"DISNEY WINNIE THE POOH : SPECIAL SEASONS",,"978-1-4454-2116-2","PARRAGON(SHREE)",2011,,,,,"823/MIL",,,,"MILNE.A.A;Author SHEPARD.E.H.;Author",,,,,125,,"BULSAR BOOK STORE",,,,"STORY",
"DISNEY WINNIE THE POOH:FAMILY AND FRIENDSS",,"978-1-4454-2115-5","PARRAGON(SHREE)",2011,,,,,"823/GAI",,,,"GAINES.ISABEL;Author",,,,,125,,"BULSAR BOOK STORE",,,,"STORY",
"DISNEY. PIXAR TOY STORY: TOY-TASTIC ADVENTURES",,"978-1-4454-2114-8","PARRAGON(SHREE)",2011,,,,,"823/JOR",,,,"JORDAN.APPLE;Author",,,,,125,,"BULSAR BOOK STORE",,,,"STORY",
"DISNEY PIXAR CARS TEAM WORK",,"978-1-4454-2106-3","PARRAGON(SHREE)",2011,,,,,"823/LAG",,,,"LAGONEGRO.MELISSA;Author",,,,,125,,"BULSAR BOOK STORE",,,,"STORY",
"DISNEY PRINCESS: ANIMAL FRIENDS",,"978-1-4454-2110-0","PARRAGON(SHREE)",2011,,,,,"823/LAG",,,,"LAGONEGRO.MELISSA;Author",,,,,125,,"BULSAR BOOK STORE",,,,"STORY",
"STORY TIME LIBRARY PHONICS: BILL AND THE FIGS",,"978-81-7963-224-6","SHREE",,,,,,"823/PHO",,,,,,,,,60,,"BULSAR BOOK STORE",,,,"STORY",
"STORY TIME LIBRARY PHONICS: CHIPPY AND CHUCK",,"978-81-7963-226-0","SHREE",,,,,,"823/PHO",,,,,,,,,60,,"BULSAR BOOK STORE",,,,"STORY",
"STORY TIME LIBRARY PHONICS: MEG THE HEN",,"978-81-7963-228-4","SHREE",,,,,,"823/PHO",,,,,,,,,60,,"BULSAR BOOK STORE",,,,"STORY",
"STORY TIME LIBRARY PHONICS: PAT AND THE RATS",,"978-81-7963-231-4","SHREE",,,,,,"823/PHO",,,,,,,,,60,,"BULSAR BOOK STORE",,,,"STORY",
"STORY TIME LIBRARY PHONICS: TONY'S BOAT RIDE",,"978-81-7963-235-2","SHREE",,,,,,"823/PHO",,,,,,,,,60,,"BULSAR BOOK STORE",,,,"STORY",
"STORY TIME LIBRARY PHONICS: RUSTY AND LUCKY",,"978-81-7963-233-8","SHREE",,,,,,"823/PHO",,,,,,,,,60,,"BULSAR BOOK STORE",,,,"STORY",
"STORY TIME LIBRARY PHONICS: MIKE'S FLIGHT",,"978-81-7963-229-1","SHREE",,,,,,"823/PHO",,,,,,,,,60,,"BULSAR BOOK STORE",,,,"STORY",
"STORY TIME LIBRARY PHONICS: PETER STEALS A JEEP",,"978-81-7963-232-1","SHREE",,,,,,"823/PHO",,,,,,,,,60,,"BULSAR BOOK STORE",,,,"STORY",
"STORY TIME LIBRARY PHONICS: MULE GOES TO SCHOOL",,"978-81-7963-230-7","SHREE",,,,,,"823/PHO",,,,,,,,,60,,"BULSAR BOOK STORE",,,,"STORY",
"STORY TIME LIBRARY PHONICS: JAKE'S BIRTHDAY",,"978-81-7963-227-7","SHREE",,,,,,"823/PHO",,,,,,,,,60,,"BULSAR BOOK STORE",,,,"STORY",
"STORY TIME LIBRARY PHONICS:SHOES FOR SHARON",,"978-81-7963-234-5","SHREE",,,,,,"823/PHO",,,,,,,,,60,,"BULSAR BOOK STORE",,,,"STORY",
"STORY TIME LIBRARY PHONICS: BOB IS LOST",,"978-81-7963-225-3","SHREE",,,,,,"823/PHO",,,,,,,,,60,,"BULSAR BOOK STORE",,,,"STORY",
"LEARNING TIME LIBRARY GRAMMARS: INTRANSITIVE VERB",,"978-93-5049-130-0","SHREE",2011,,,,,"823/MEH",,,,"MEHTA.NATASHA;Author",,,,,60,,"BULSAR BOOK STORE",,,,"ENGLISH GRAMMAR",
"LEARNING TIME LIBRARY GRAMMARS: ARTICLE",,"978-93-5049-124-9","SHREE",2011,,,,,"823/MEH",,,,"MEHTA.NATASHA;Author",,,,,60,,"BULSAR BOOK STORE",,,,"ENGLISH GRAMMAR",
"LEARNING TIME LIBRARY GRAMMARS: FEMALE GENDER",,"978-93-5049-127-0","SHREE",2011,,,,,"823/MEH",,,,"MEHTA.NATASHA;Author",,,,,60,,"BULSAR BOOK STORE",,,,"ENGLISH GRAMMAR",
"LEARNING TIME LIBRARY GRAMMARS: PLURAL",,"978-93-5049-140-9","SHREE",2011,,,,,"823/MEH",,,,"MEHTA.NATASHA;Author",,,,,60,,"BULSAR BOOK STORE",,,,"ENGLISH GRAMMAR",
"LEARNING TIME LIBRARY GRAMMARS: ACTIVE VOICE",,"978-93-5049-121-8","SHREE",2011,,,,,"823/MEH",,,,"MEHTA.NATASHA;Author",,,,,60,,"BULSAR BOOK STORE",,,,"ENGLISH GRAMMAR",
"LEARNING TIME LIBRARY GRAMMARS: PAST TENSE",,"978-93-5049-139-3","SHREE",2011,,,,,"823/MEH",,,,"MEHTA.NATASHA;Author",,,,,60,,"BULSAR BOOK STORE",,,,"ENGLISH GRAMMAR",
"LEARNING TIME LIBRARY GRAMMARS: SINGULAR ",,"978-93-5049-146-1","SHREE",2011,,,,,"823/MEH",,,,"MEHTA.NATASHA;Author",,,,,60,,"BULSAR BOOK STORE",,,,"ENGLISH GRAMMAR",
"LEARNING TIME LIBRARY GRAMMARS: TENSES",,"978-93-5049-149-2","SHREE",2011,,,,,"823/MEH",,,,"MEHTA.NATASHA;Author",,,,,60,,"BULSAR BOOK STORE",,,,"ENGLISH GRAMMAR",
"LEARNING TIME LIBRARY GRAMMARS:COLLECTIVE NOUN",,"978-93-5049-125-6","SHREE",2011,,,,,"823/MEH",,,,"MEHTA.NATASHA;Author",,,,,60,,"BULSAR BOOK STORE",,,,"ENGLISH GRAMMAR",
"LEARNING TIME LIBRARY GRAMMARS:HOMONYM",,"978-93-5049-129-4","SHREE",2011,,,,,"823/MEH",,,,"MEHTA.NATASHA;Author",,,,,60,,"BULSAR BOOK STORE",,,,"ENGLISH GRAMMAR",
"LEARNING TIME LIBRARY GRAMMARS: SUFFIX",,"978-93-5049-147-8","SHREE",2011,,,,,"823/MEH",,,,"MEHTA.NATASHA;Author",,,,,60,,"BULSAR BOOK STORE",,,,"ENGLISH GRAMMAR",
"LEARNING TIME LIBRARY GRAMMARS: PRESENT TENSE",,"978-93-5049-143-0","SHREE",2011,,,,,"823/MEH",,,,"MEHTA.NATASHA;Author",,,,,60,,"BULSAR BOOK STORE",,,,"ENGLISH GRAMMAR",
"LEARNING TIME LIBRARY GRAMMARS: TRANSITIVE VERB",,"978-93-5049-150-8","SHREE",2011,,,,,"823/MEH",,,,"MEHTA.NATASHA;Author",,,,,60,,"BULSAR BOOK STORE",,,,"ENGLISH GRAMMAR",
"LEARNING TIME LIBRARY GRAMMARS: PROPER NOUN",,"978-93-5049-145-4","SHREE",2011,,,,,"823/MEH",,,,"MEHTA.NATASHA;Author",,,,,60,,"BULSAR BOOK STORE",,,,"ENGLISH GRAMMAR",
"LEARNING TIME LIBRARY GRAMMARS: PREFFIX",,"978-93-5049-141-6","SHREE",2011,,,,,"823/MEH",,,,"MEHTA.NATASHA;Author",,,,,60,,"BULSAR BOOK STORE",,,,"ENGLISH GRAMMAR",
"LEARNING TIME LIBRARY GRAMMARS: MALE GENDER",,"978-93-5049-132-4","SHREE",2011,,,,,"823/MEH",,,,"MEHTA.NATASHA;Author",,,,,60,,"BULSAR BOOK STORE",,,,"ENGLISH GRAMMAR",
"LEARNING TIME LIBRARY GRAMMARS: PAST IMPERFECT TENSE",,"978-93-5049-137-9","SHREE",2011,,,,,"823/MEH",,,,"MEHTA.NATASHA;Author",,,,,60,,"BULSAR BOOK STORE",,,,"ENGLISH GRAMMAR",
"LEARNING TIME LIBRARY GRAMMARS: PREPOSITION",,"978-93-5049-142-3","SHREE",2011,,,,,"823/MEH",,,,"MEHTA.NATASHA;Author",,,,,60,,"BULSAR BOOK STORE",,,,"ENGLISH GRAMMAR",
"LEARNING TIME LIBRARY GRAMMARS: NEUTER GENDER",,"978-93-5049-133-1","SHREE",2011,,,,,"823/MEH",,,,"MEHTA.NATASHA;Author",,,,,60,,"BULSAR BOOK STORE",,,,"ENGLISH GRAMMAR",
"LEARNING TIME LIBRARY GRAMMARS: PASSIVE VOICE",,"978-93-5049-139-2","SHREE",2011,,,,,"823/MEH",,,,"MEHTA.NATASHA;Author",,,,,60,,"BULSAR BOOK STORE",,,,"ENGLISH GRAMMAR",
"LEARNING TIME LIBRARY GRAMMARS: SYNONYM",,"978-93-5049-148-5","SHREE",2011,,,,,"823/MEH",,,,"MEHTA.NATASHA;Author",,,,,60,,"BULSAR BOOK STORE",,,,"ENGLISH GRAMMAR",
"LEARNING TIME LIBRARY GRAMMARS: PAST PERFECT TENSE",,"978-93-5049-138-6","SHREE",2011,,,,,"823/MEH",,,,"MEHTA.NATASHA;Author",,,,,60,,"BULSAR BOOK STORE",,,,"ENGLISH GRAMMAR",
"LEARNING TIME LIBRARY GRAMMARS: ABSTRACT NOUN",,"978-93-5049-120-1","SHREE",2011,,,,,"823/MEH",,,,"MEHTA.NATASHA;Author",,,,,60,,"BULSAR BOOK STORE",,,,"ENGLISH GRAMMAR",
"LEARNING TIME LIBRARY GRAMMARS: NOUN",,"978-93-5049-134-8","SHREE",2011,,,,,"823/MEH",,,,"MEHTA.NATASHA;Author",,,,,60,,"BULSAR BOOK STORE",,,,"ENGLISH GRAMMAR",
"LEARNING TIME LIBRARY GRAMMARS: PRONOUN",,"978-93-5049-144-7","SHREE",2011,,,,,"823/MEH",,,,"MEHTA.NATASHA;Author",,,,,60,,"BULSAR BOOK STORE",,,,"ENGLISH GRAMMAR",
"LEARNING TIME LIBRARY GRAMMARS: ADVERB",,"978-93-5049-123-2","SHREE",2011,,,,,"823/MEH",,,,"MEHTA.NATASHA;Author",,,,,60,,"BULSAR BOOK STORE",,,,"ENGLISH GRAMMAR",
"LEARNING TIME LIBRARY GRAMMARS: VERB",,"978-93-5049-151-5","SHREE",2011,,,,,"823/MEH",,,,"MEHTA.NATASHA;Author",,,,,60,,"BULSAR BOOK STORE",,,,"ENGLISH GRAMMAR",
"LEARNING TIME LIBRARY GRAMMARS: OPPOSITE",,"978-93-5049-135-5","SHREE",2011,,,,,"823/MEH",,,,"MEHTA.NATASHA;Author",,,,,60,,"BULSAR BOOK STORE",,,,"ENGLISH GRAMMAR",
"LEARNING TIME LIBRARY GRAMMARS: COMMON NOUN",,"978-93-5049-126-3","SHREE",2011,,,,,"823/MEH",,,,"MEHTA.NATASHA;Author",,,,,60,,"BULSAR BOOK STORE",,,,"ENGLISH GRAMMAR",
"LEARNING TIME LIBRARY GRAMMARS: ADJECTIVE",,"978-93-5049-122-5","SHREE",2011,,,,,"823/MEH",,,,"MEHTA.NATASHA;Author",,,,,60,,"BULSAR BOOK STORE",,,,"ENGLISH GRAMMAR",
"LEARNING TIME LIBRARY GRAMMARS: LINKING VERB",,"978-93-5049-131-7","SHREE",2011,,,,,"823/MEH",,,,"MEHTA.NATASHA;Author",,,,,60,,"BULSAR BOOK STORE",,,,"ENGLISH GRAMMAR",
"LEARNING TIME LIBRARY GRAMMARS: FUTURE TENSE",,"978-93-5049-128-7","SHREE",2011,,,,,"823/MEH",,,,"MEHTA.NATASHA;Author",,,,,60,,"BULSAR BOOK STORE",,,,"ENGLISH GRAMMAR",
"ALADDIN & THE WICKED SQUID",,"978-81-319-1742-8","B.JAIN",,,,,,"823/DE",,,,"DE.TAPASI;Author",,,,,50,,"BULSAR BOOK STORE",,,,"STORY",
"ALADDIN & THE CUNNING MAGICIAN",,"978-81-319-1740-4","B.JAIN",,,,,,"823/DE",,,,"DE.TAPASI;Author",,,,,50,,"BULSAR BOOK STORE",,,,"STORY",
"ALADDIN & THE MUMMY SCARE",,"978-81-319-1741-1","B.JAIN",,,,,,"823/DE",,,,"DE.TAPASI;Author",,,,,50,,"BULSAR BOOK STORE",,,,"STORY",
"ALADDIN'S ADVENTURES IN CHINA",,"978-81-319-1743-5","B.JAIN",,,,,,"823/DE",,,,"DE.TAPASI;Author",,,,,50,,"BULSAR BOOK STORE",,,,"STORY",
"FABULOUS STORIES FROM ARABIAN NIGHTS",,"978-93-5049-427-1","SHREE",2012,,,,,"823/FAB",,,,,"ENGLISH STORY",,,,199,,"BULSAR BOOK STORE",,,,"STORY",
"FABULOUS STORIES : AESOP'S FABLES",,"978-93-5049-402-8","SHREE",2012,,,,,"823/FAB",,,,,"ENGLISH STORY",,,,199,,"BULSAR BOOK STORE",,,,"STORY",
"MAGICAL AESOP'S FABLES",,"978-93-5049-401-1","SHREE",2012,,,,,"823/MAG",,,,,"ENGLISH STORY",,,,199,,"BULSAR BOOK STORE",,,,"STORY",
"FABULOUS FAIRY TALES",,"978-93-5049-403-5","SHREE",2012,,,,,"823/FAB",,,,,"ENGLISH STORY",,,,199,,"BULSAR BOOK STORE",,,,"STORY",
"AWESOME FAIRY TALES",,"978-93-5049-404-2","SHREE",2012,,,,,"823/AWE",,,,,"ENGLISH STORY",,,,199,,"BULSAR BOOK STORE",,,,"STORY",
"MAGICAL FAIRY TALES",,"978-93-5049-405-9","SHREE",2012,,,,,"823/MAG",,,,,"ENGLISH STORY",,,,199,,"BULSAR BOOK STORE",,,,"STORY",
"MY BIG ENCYCLOPEDIA OF SPACE AND UNIVERSE",,9788183858502,"HELLO FRIENDS",2013,,,,,"503/JAI",,,,"JAIN.DEEPIKA ;Author","SCIENCE ENCYCLPEDIA",,,,395,,"BULSAR BOOK STORE",,,,"ENCYCLOPEDIA",
"MY BIG ENCYCLOPEDIA OF ANIMALS",,9788183856829,"HELLO FRIENDS",2013,,,,,"503/BIG",,,,,"ANIMAL ENCYCLOPEDIA",,,,395,,"BULSAR BOOK STORE",,,,"ENCYCLOPEDIA",
"HOW AND WHY JUNIOR: OUR EARTH ",,"978-93-80152-10-3","TESSLOFF STERLING",2011,,,,,"500/STE",,,,"STEINHORST.STEFANIE ;Author SCHUCK.SABINE ;Author","OUR EARTH",,,,250,,"BULSAR BOOK STORE",,,,"SCIENCE",
"ULTIMATE WILDLIFE: SLICK OPERATORS;3(WITH CD)",,9771758099011,"BBC",2009,,,,,"500/MOR",,,,"MORRIS.PAT ;Author BEER.AMY-JANE;Author",,,,,295,,"BULSAR BOOK STORE",,,,"SCIENCE",
"ULTIMATE WILDLIFE: KINGS OF THE JUNGLE; 6 (WITH CD)",,9771758099011,"BBC",2009,,,,,"500/MOR",,,,"MORRIS.PAT ;Author BEER.AMY-JANE;Author",,,,,295,,"BULSAR BOOK STORE",,,,"SCIENCE",
"ULTIMATE WILDLIFE: MIGHTY MUNCHERS;10 (WITH CD)",,9771758099011,"BBC",2009,,,,,"500/MOR",,,,"MORRIS.PAT ;Author BEER.AMY-JANE;Author",,,,,295,,"BULSAR BOOK STORE",,,,"SCIENCE",
"ULTIMATE WILDLIFE: ADAPTABLE NIBBLERS;14(WITH CD)",,9771758099011,"BBC",2009,,,,,"500/MOR",,,,"MORRIS.PAT ;Author BEER.AMY-JANE;Author",,,,,295,,"BULSAR BOOK STORE",,,,"SCIENCE",
"EYEWONDER: REPTILES",,"978-1-4053-6132-3","DK",2010,,,,,"500/HOL",,,,"HOLLAND.SIMON ;Author",,,,,150,,"BULSAR BOOK STORE",,,,"SCIENCE",
"EYEWONDER: EARTH",,"978-1-4053-6131-6","DK",2010,,,,,"500/YOR",,,,"YORK.PENELOPE ;Author",,,,,150,,"BULSAR BOOK STORE",,,,"SCIENCE",
"EYEWONDER: HUMAN BODY",,"978-1-4053-6127-9","DK",2010,,,,,"500/BIN",,,,"BINGHAM.CAROLINE ;Author",,,,,150,,"BULSAR BOOK STORE",,,,"SCIENCE",
"EYEWONDER: BIG CATS",,"978-1-4053-6133-0","DK",2010,,,,,"500/WAL",,,,"WALKER.SARAH ;Author",,,,,150,,"BULSAR BOOK STORE",,,,"SCIENCE",
"EYEWONDER: MAMMALS",,"978-1-4053-6130-9","DK",2010,,,,,"500/WAL",,,,"WALKER.SARAH ;Author",,,,,150,,"BULSAR BOOK STORE",,,,"SCIENCE",
"FOLKTALES FROM CHINA",,"978-81-89973-41-4","MIND MELODIES",2011,,,,,"823/DEV",,,,"DEVI.VIDYA;Author",,,,,55,,"BULSAR BOOK STORE",,,,"STORY",
"FOLKTALES FROM INDIA",,"978-81-89973-37-7","MIND MELODIES",2008,,,,,"823/DEV",,,,"DEVI.VIDYA;Author",,,,,55,,"BULSAR BOOK STORE",,,,"STORY",
"FOLKTALES FROM AFRICA",,9788190802031,"MIND MELODIES",2009,,,,,"823/DEV",,,,"DEVI.VIDYA;Author",,,,,55,,"BULSAR BOOK STORE",,,,"STORY",
"FOLKTALES FROM JAPAN",,"978-81-89973-38-4","MIND MELODIES",2011,,,,,"823/DEV",,,,"DEVI.VIDYA;Author",,,,,55,,"BULSAR BOOK STORE",,,,"STORY",
"FOLKTALES FROM PHILIPPINES",,"978-81-89973-40-7","MIND MELODIES",2011,,,,,"823/DEV",,,,"DEVI.VIDYA;Author",,,,,55,,"BULSAR BOOK STORE",,,,"STORY",
"FOLKTALES FROM NORWAY",,"978-81-89973-39-1","MIND MELODIES",2011,,,,,"823/DEV",,,,"DEVI.VIDYA;Author",,,,,55,,"BULSAR BOOK STORE",,,,"STORY",
"FOLKTALES FROM SWEDEN",,"978-81-89973-42-1","MIND MELODIES",2011,,,,,"823/DEV",,,,"DEVI.VIDYA;Author",,,,,55,,"BULSAR BOOK STORE",,,,"STORY",
"THE MAKING OF THE NOBEL LAUREATES: ERNEST RUTHERFORD",,"978-93-80009-33-9","MIND MELODIES",2009,,,,,"920/BAN",,,,"BANSAL.MALTI ;Author",,,,,70,,"BULSAR BOOK STORE",,,,"BIOGRAPHY",
"THE MAKING OF THE NOBEL LAUREATES: MOTHER TERESA",,"978-93-80009-67-4","MIND MELODIES",2011,,,,,"920/BAN",,,,"BANSAL.MALTI ;Author",,,,,70,,"BULSAR BOOK STORE",,,,"BIOGRAPHY",
"THE MAKING OF THE NOBEL LAUREATES: C.V.RAMAN",,"978-93-80009-62-9","MIND MELODIES",2011,,,,,"920/BAN",,,,"BANSAL.MALTI ;Author",,,,,70,,"BULSAR BOOK STORE",,,,"BIOGRAPHY",
"THE MAKING OF THE NOBEL LAUREATES: RABINDRANATH TAGORE",,"978-93-80009-41-4","MIND MELODIES",2010,,,,,"920/BAN",,,,"BANSAL.MALTI ;Author",,,,,70,,"BULSAR BOOK STORE",,,,"BIOGRAPHY",
"THE MAKING OF THE NOBEL LAUREATES: MARTIN LUTHER KING, JR.",,"978-93-80009-63-6","MIND MELODIES",2010,,,,,"920/BAN",,,,"BANSAL.MALTI ;Author",,,,,70,,"BULSAR BOOK STORE",,,,"BIOGRAPHY",
"THE MAKING OF THE NOBEL LAUREATES: ALEXANDER FLEMING",,"978-93-80009-68-1","MIND MELODIES",2012,,,,,"920/BAN",,,,"BANSAL.MALTI ;Author",,,,,70,,"BULSAR BOOK STORE",,,,"BIOGRAPHY",
"THE MAKING OF THE NOBEL LAUREATES: RUDYARD KIPLING",,"978-93-80009-89-6","MIND MELODIES",2012,,,,,"920/BAN",,,,"BANSAL.MALTI ;Author",,,,,70,,"BULSAR BOOK STORE",,,,"BIOGRAPHY",
"THE MAKING OF THE NOBEL LAUREATES: NIELS BOHR",,"978-93-80009-90-2","MIND MELODIES",2012,,,,,"920/BAN",,,,"BANSAL.MALTI ;Author",,,,,70,,"BULSAR BOOK STORE",,,,"BIOGRAPHY",
"SACHITRA JUNGLE KATHAYEIN: NADAN MAGARMACH",,"978-93-80302-07-2","INDRADHANUSH",2010,,,,,"891.43301/GUP",,,,"GUPTA.ANITA ;Author","HINDI STORY",,,,55,,"BULSAR BOOK STORE",,,,"STORY",
"SACHITRA JUNGLE KATHAYEIN: SAKHAHARI SHER",,"978-93-80302-03-4","INDRADHANUSH",2010,,,,,"891.43301/GUP",,,,"GUPTA.ANITA ;Author","HINDI STORY",,,,55,,"BULSAR BOOK STORE",,,,"STORY",
"SACHITRA JUNGLE KATHAYEIN: KSMCHOR TIDHA",,"978-93-80302-12-6","INDRADHANUSH",2010,,,,,"891.43301/GUP",,,,"GUPTA.ANITA ;Author","HINDI STORY",,,,55,,"BULSAR BOOK STORE",,,,"STORY",
"SACHITRA JUNGLE KATHAYEIN: BANDAR KA DIL",,"978-93-80302-08-9","INDRADHANUSH",2010,,,,,"891.43301/GUP",,,,"GUPTA.ANITA ;Author","HINDI STORY",,,,55,,"BULSAR BOOK STORE",,,,"STORY",
"MAA MOTHER",,"978-81-246-0457-1","D.K",2009,,,,,"306.874 3/KOG",,,,"KOGATA.R.N.;Author KOGATA. LALITA ;Author",,,,,160,,"BULSAR BOOK STORE",,,,"CULTURE",
"PITA FATHER",,"978-81-246-0486-1","D.K",2009,,,,,"306.874 2/KOG",,,,"KOGATA.R.N.;Author KOGATA. LALITA ;Author",,,,,200,,"BULSAR BOOK STORE",,,,"CULTURE",
"PATI HUSBAND: IN THE EYES OF WIFE",,"978-81-246-0483-0","D.K",2009,,,,,"306.874 2/KOG",,,,"KOGATA.R.N.;Author KOGATA. LALITA ;Author",,,,,200,,"BULSAR BOOK STORE",,,,"CULTURE",
"PARIVAAR FAMILY: THE ART OF LIVING LIFE",,"978-81-246-0576-9","D.K",2011,,,,,"704.9426/KOG",,,,"KOGATA.R.N.;Author KOGATA. LALITA ;Author",,,,,180,,"BULSAR BOOK STORE",,,,"ART OF LIVING",
"BACHPAN CHILDHOOD: THE GIFT OF GOD",,"978-81-246-0596-7","D.K",2011,,,,,"704.9425/KOG",,,,"KOGATA.R.N.;Author KOGATA. LALITA ;Author",,,,,180,,"BULSAR BOOK STORE",,,,"ART OF LIVING",
"PATNEE WIFE: IN THE EYES OF HUSBAND",,"978-81-246-0484-7","D.K",2009,,,,,"306.872/KOG",,,,"KOGATA.R.N.;Author KOGATA. LALITA ;Author",,,,,220,,"BULSAR BOOK STORE",,,,"CULTURE",
"AAAO BACHON SUNO KAHANI: HAWAI KILA",,"978-93-80849-07-2","INDRADHANUSH",2011,,,,,"891.43301/MAN",,,,"MANUCHA.RATNA ;Author","HINDI STORY",,,,70,,"BULSAR BOOK STORE",,,,"STORY",
"AAAO BACHON SUNO KAHANI: KISSAN KI NADANI",,"978-93-80849-09-6","INDRADHANUSH",2011,,,,,"891.43301/MAN",,,,"MANUCHA.RATNA ;Author","HINDI STORY",,,,70,,"BULSAR BOOK STORE",,,,"STORY",
"AAAO BACHON SUNO KAHANI: EKTA ME BAL HAI",,"978-93-80849-06-5","INDRADHANUSH",2011,,,,,"891.43301/MAN",,,,"MANUCHA.RATNA ;Author","HINDI STORY",,,,70,,"BULSAR BOOK STORE",,,,"STORY",
"AAAO BACHON SUNO KAHANI: SAMAJADHAR CHIDIYA",,"978-93-80849-11-9","INDRADHANUSH",2011,,,,,"891.43301/MAN",,,,"MANUCHA.RATNA ;Author","HINDI STORY",,,,70,,"BULSAR BOOK STORE",,,,"STORY",
"AAAO BACHON SUNO KAHANI: JAB MEHANGI PADHI LOMARDHI KO SHARARAT",,"978-93-80849-08-9","INDRADHANUSH",2011,,,,,"891.43301/MAN",,,,"MANUCHA.RATNA ;Author","HINDI STORY",,,,70,,"BULSAR BOOK STORE",,,,"STORY",
"AAAO BACHON SUNO KAHANI:  KAMCHOR GADHA",,"978-93-80849-10-2","INDRADHANUSH",2011,,,,,"891.43301/MAN",,,,"MANUCHA.RATNA ;Author","HINDI STORY",,,,70,,"BULSAR BOOK STORE",,,,"STORY",
"AAAO BACHON SUNO KAHANI: CHAPLUS LOMDHI",,"978-93-80849-05-8","INDRADHANUSH",2011,,,,,"891.43301/MAN",,,,"MANUCHA.RATNA ;Author","HINDI STORY",,,,70,,"BULSAR BOOK STORE",,,,"STORY",
"AAAO BACHON SUNO KAHANI: DAYALU SHER",,"978-93-80849-04-1","INDRADHANUSH",2011,,,,,"891.43301/MAN",,,,"MANUCHA.RATNA ;Author","HINDI STORY",,,,70,,"BULSAR BOOK STORE",,,,"STORY",
"NEETIK KATHAYEIN: JAAN BACHI AUR LAKHO PAYE",,"978-93-80302-22-5","INDRADHANUSH",2010,,,,,"891.43301/BAN",,,,"BANSAL.USHA ;Author","HINDI STORY",,,,70,,"BULSAR BOOK STORE",,,,"STORY",
"NEETIK KATHAYEIN: JASI KARNI VASI BHARNI",,"978-93-80302-26-3","INDRADHANUSH",2010,,,,,"891.43301/BAN",,,,"BANSAL.USHA ;Author","HINDI STORY",,,,70,,"BULSAR BOOK STORE",,,,"STORY",
"NEETIK KATHAYEIN: LAKDHI KA TOKHRA",,"978-93-80302-24-9","INDRADHANUSH",2010,,,,,"891.43301/BAN",,,,"BANSAL.USHA ;Author","HINDI STORY",,,,70,,"BULSAR BOOK STORE",,,,"STORY",
"NEETIK KATHAYEIN: ROTI KA DEVTA",,"978-93-80302-23-2","INDRADHANUSH",2010,,,,,"891.43301/BAN",,,,"BANSAL.USHA ;Author","HINDI STORY",,,,70,,"BULSAR BOOK STORE",,,,"STORY",
"NEETIK KATHAYEIN: PHILIP KI LAPARWAHI",,"978-93-80302-25-6","INDRADHANUSH",2010,,,,,"891.43301/BAN",,,,"BANSAL.USHA ;Author","HINDI STORY",,,,70,,"BULSAR BOOK STORE",,,,"STORY",
"NEETIK KATHAYEIN: MAHAL KA SODHA",,"978-93-80302-21-8","INDRADHANUSH",2010,,,,,"891.43301/BAN",,,,"BANSAL.USHA ;Author","HINDI STORY",,,,70,,"BULSAR BOOK STORE",,,,"STORY",
"DADA DADI KI KAHANIYAIEN: NADAN KI DOSTI JI KA JANJAL",,"978-81-910092-5-5","INDRADHANUSH",2011,,,,,"891.43301/GUP",,,,"GUPTA.ANITA ;Author","HINDI STORY",,,,55,,"BULSAR BOOK STORE",,,,"STORY",
"DADA DADI KI KAHANIYAIEN: KAR BHALA HO BHALA",,"978-93-80302-11-9","INDRADHANUSH",2010,,,,,"891.43301/GUP",,,,"GUPTA.ANITA ;Author","HINDI STORY",,,,55,,"BULSAR BOOK STORE",,,,"STORY",
"DADA DADI KI KAHANIYAIEN: JASE KO TESHA",,9789380302027,"INDRADHANUSH",2010,,,,,"891.43301/GUP",,,,"GUPTA.ANITA ;Author","HINDI STORY",,,,55,,"BULSAR BOOK STORE",,,,"STORY",
"DADA DADI KI KAHANIYAIEN: RITA KI CHATURI",,9788191009248,"INDRADHANUSH",2011,,,,,"891.43301/GUP",,,,"GUPTA.ANITA ;Author","HINDI STORY",,,,55,,"BULSAR BOOK STORE",,,,"STORY",
"PRERNADAYANK KAHANIYA: SHEKH CHILLI KE HERATGANJH KARNAME",,9789380009537,"INDRADHANUSH",2012,,,,,"891.43301/GUP",,,,"GUPTA.MONA ;Author","HINDI STORY",,,,70,,"BULSAR BOOK STORE",,,,"STORY",
"PRERNADAYANK KAHANIYA: HAJIR JAWABH: TENALI RAMA",,"978-93-80009-51-3","INDRADHANUSH",2012,,,,,"891.43301/GUP",,,,"GUPTA.MONA ;Author","HINDI STORY",,,,70,,"BULSAR BOOK STORE",,,,"STORY",
"PRERNADAYANK KAHANIYA: MULAH NESIRUDIN KE SAHASIKH KARNAME",,9789380009520,"INDRADHANUSH",2012,,,,,"891.43301/GUP",,,,"GUPTA.MONA ;Author","HINDI STORY",,,,70,,"BULSAR BOOK STORE",,,,"STORY",
"PRERNADAYANK KAHANIYA: PANCHANTRA KI KAHANIYA",,9789380009506,"INDRADHANUSH",2011,,,,,"891.43301/GUP",,,,"GUPTA.MONA ;Author","HINDI STORY",,,,70,,"BULSAR BOOK STORE",,,,"STORY",
"PRERNADAYANK KAHANIYA: VIKRAM AUR BIRBAL",,9789380009544,"INDRADHANUSH",2012,,,,,"891.43301/GUP",,,,"GUPTA.MONA ;Author","HINDI STORY",,,,70,,"BULSAR BOOK STORE",,,,"STORY",
"PRERNADAYANK KAHANIYA: AKBAR BIRBAL KI MAJEDAR KISSE",,9789380009490,"INDRADHANUSH",2011,,,,,"891.43301/GUP",,,,"GUPTA.MONA ;Author","HINDI STORY",,,,70,,"BULSAR BOOK STORE",,,,"STORY",
"NANHE NAYAK: LUV KUSH",,9789380009599,"INDRADHANUSH",2012,,,,,"200/AGA",,,,"AGARWAL.LATA ;Author",,,,,85,,"BULSAR BOOK STORE",,,,"RELIGION",
"NANHE NAYAK: KRISHNA",,9789380009582,"INDRADHANUSH",2012,,,,,"200/AGA",,,,"AGARWAL.LATA ;Author",,,,,85,,"BULSAR BOOK STORE",,,,"RELIGION",
"NANHE NAYAK: BHIM",,9789380009568,"INDRADHANUSH",2012,,,,,"200/AGA",,,,"AGARWAL.LATA ;Author",,,,,85,,"BULSAR BOOK STORE",,,,"RELIGION",
"NANHE NAYAK: HANUMAN",,9789380009575,"INDRADHANUSH",2010,,,,,"200/AGA",,,,"AGARWAL.LATA ;Author",,,,,85,,"BULSAR BOOK STORE",,,,"RELIGION",
"NANHE NAYAK: GANESH",,9789380009551,"INDRADHANUSH",2012,,,,,"200/AGA",,,,"AGARWAL.LATA ;Author",,,,,85,,"BULSAR BOOK STORE",,,,"RELIGION",
"NANHE NAYAK: PRAHALAD",,9789380009605,"INDRADHANUSH",2011,,,,,"200/AGA",,,,"AGARWAL.LATA ;Author",,,,,85,,"BULSAR BOOK STORE",,,,"RELIGION",
"JANWARON KI ROCHAK KAHANIYA:LALCHHI KUTHA",,9789380302430,"INDRADHANUSH",2010,,,,,"891.43301/MAN",,,,"MANUCHA.RATNA ;Author","HINDI STORY",,,,55,,"BULSAR BOOK STORE",,,,"STORY",
"JANWARON KI ROCHAK KAHANIYA:NADAN BAKRI",,9788191009293,"INDRADHANUSH",2011,,,,,"891.43301/MAN",,,,"MANUCHA.RATNA ;Author","HINDI STORY",,,,55,,"BULSAR BOOK STORE",,,,"STORY",
"JANWARON KI ROCHAK KAHANIYA: GHAMADHI KHARGOSH",,9788191009286,"INDRADHANUSH",2011,,,,,"891.43301/MAN",,,,"MANUCHA.RATNA ;Author","HINDI STORY",,,,55,,"BULSAR BOOK STORE",,,,"STORY",
"JANWARON KI ROCHAK KAHANIYA: ERSHALU KOHA",,9789380302522,"INDRADHANUSH",2011,,,,,"891.43301/MAN",,,,"MANUCHA.RATNA ;Author","HINDI STORY",,,,55,,"BULSAR BOOK STORE",,,,"STORY",
"JANWARON KI ROCHAK KAHANIYA:KACHUA KI NASMJHI",,9788191009279,"INDRADHANUSH",2010,,,,,"891.43301/MAN",,,,"MANUCHA.RATNA ;Author","HINDI STORY",,,,55,,"BULSAR BOOK STORE",,,,"STORY",
"JANWARON KI ROCHAK KAHANIYA:AUR JAB BHARIYA AAA GAYA",,9789380302539,"INDRADHANUSH",2011,,,,,"891.43301/MAN",,,,"MANUCHA.RATNA ;Author","HINDI STORY",,,,55,,"BULSAR BOOK STORE",,,,"STORY",
"JANWARON KI ROCHAK KAHANIYA:LOMRHI KI PUCH",,9789380302423,"INDRADHANUSH",2010,,,,,"891.43301/MAN",,,,"MANUCHA.RATNA ;Author","HINDI STORY",,,,55,,"BULSAR BOOK STORE",,,,"STORY",
"JANWARON KI ROCHAK KAHANIYA: AHANKARI CHEETAH",,9788191009262,"INDRADHANUSH",2010,,,,,"891.43301/MAN",,,,"MANUCHA.RATNA ;Author","HINDI STORY",,,,55,,"BULSAR BOOK STORE",,,,"STORY",
"TAK-DHINA-DHIN: MAIN PAPA BAN JAO GA VA ANYA KAVITAYEIN",,9789380849027,"INDRADHANUSH",2011,,,,,"891.43301/CHA",,,,"CHABHRA.USHA ;Author","HINDI STORY",,,,55,,"BULSAR BOOK STORE",,,,"STORY",
"TAK-DHINA-DHIN: METRO TRAIN AAU KAVITAYEIN",,9789380849034,"INDRADHANUSH",2011,,,,,"891.43301/CHA",,,,"CHABHRA.USHA ;Author","HINDI STORY",,,,55,,"BULSAR BOOK STORE",,,,"STORY",
"HARRY POTTER AND THE PHILOSOPHER'S STONE",,"978-1-4088-1054-5","BLOOMSBURY(PENGUIN)",2010,,,,,"823/ROW",,,,"ROWLING.J.K.;Author",,,,,471,,"BULSAR BOOK STORE",,,,"FICTION",
"HARRY POTTER AND THE CHAMBER OF SECRETS",,"978-1-4088-1055-2","BLOOMSBURY(PENGUIN)",2010,,,,,"823/ROW",,,,"ROWLING.J.K.;Author",,,,,471,,"BULSAR BOOK STORE",,,,"FICTION",
"HARRY POTTER AND THE PRISONER OF AZKABAN",,"978-1-4088-1056-9","BLOOMSBURY(PENGUIN)",2010,,,,,"823/ROW",,,,"ROWLING.J.K.;Author",,,,,471,,"BULSAR BOOK STORE",,,,"FICTION",
"HARRY POTTER AND THE GOBLET OF FIRE",,"978-1-4088-1057-6","BLOOMSBURY(PENGUIN)",2010,,,,,"823/ROW",,,,"ROWLING.J.K.;Author",,,,,471,,"BULSAR BOOK STORE",,,,"FICTION",
"HARRY POTTER AND THE HALF-BLOOD PRINCE",,"978-1-4088-1058-3","BLOOMSBURY(PENGUIN)",2010,,,,,"823/ROW",,,,"ROWLING.J.K.;Author",,,,,471,,"BULSAR BOOK STORE",,,,"FICTION",
"HARRY POTTER AND THE ORDER OF THE PHOENIX",,"978-1-4088-1059-0","BLOOMSBURY(PENGUIN)",2010,,,,,"823/ROW",,,,"ROWLING.J.K.;Author",,,,,471,,"BULSAR BOOK STORE",,,,"FICTION",
"HARRY POTTER AND THE DEATHLY HALLOWS",,"978-1-4088-1060-6","BLOOMSBURY(PENGUIN)",2010,,,,,"823/ROW",,,,"ROWLING.J.K.;Author",,,,,471,,"BULSAR BOOK STORE",,,,"FICTION",
"WINNIE THE POOH: STORY COLLECTION",,"978-1-4454-2793-5","PARRAGON (SHREE)",2011,,,,,"823/MIL",,,,"MILEN.A.A;Author SHEPARD. E.H.;Author",,,,,395,,"BULSAR BOOK STORE",,,,"STORY",
"INDIA AFTER INDEPENDENCE FOR CHILDREN",,"978-81-7676-036-2","NITA MEHTA",2011,,,,,"900/MEH",,,,"MEHTA.ANURAG;Author","INDIA",,,,495,,"BULSAR BOOK STORE",,,,"GEOGRAPHY & HISTORY",
"MY BEST COLLECTION OF MORAL TALES",,"978-967-5055-90-4","NOON",2012,,,,,"823/JON",,,,"JONES.FAYE;Author","ENGLISH STORY",,,,395,,"BULSAR BOOK STORE",,,,"STORY",
"YOU CAN DRAW",,"978-1-7418-2944-0","HINKLER",2009,,,,,"700/TOL",,,,"TOLL.DAMIEN;Author","DRAWING",,,,499,,"BULSAR BOOK STORE",,,,"ART",
"100 FANTASTIC THINGS TO MAKE DO & PLAY",,"978-1-90128-910-1","HERMES",2011,,,,,"700/PAI",,,,"PAINTER.LUCY;Author","CRAFT",,,,875,,"BULSAR BOOK STORE",,,,"ART",
"FLIP-FLAP OBSERVATION 'N' LEARN BUILD A PICTURE",,"978-81-8252-364-7","WILCO",2010,,,,,"700/FLI",,,,,,,,,235,,"BULSAR BOOK STORE",,,,"ART",
"ILLUSTRATED HISTORY OF INDIA",,"978-81-8252-387-6","WILCO",2010,,,,,"934/HIS",,,,,"INDIA",,,,299,,"BULSAR BOOK STORE",,,,"HISTORY",
"1000 WONDERS OF THE WORLD",,"978-81-8252-322-7","WILCO",2011,,,,,"001/BED",,,,"BEDURFTIG.FRIEDEMANN;Author",,,,,125,,"BULSAR BOOK STORE",,,,"KNOWLEDGE",
"THE JUNGLE STORY BOOK",,"978-81-319-0449-7","B.JAIN",2012,,,,,"823/JUN",,,,,,,,,40,,"BULSAR BOOK STORE",,,,"STORY",
"ILLUSTRATED TALES FROM SHAKESPEARE: A MID-SUMMER NIGHT'S DREAM",,"978-81-8252-677-5","WILCO",2012,,,,,"823/SHA",,,,"SHAKESPEARE.WILLIAM;Author",,,,,50,,"BULSAR BOOK STORE",,,,"STORY",
"ILLUSTRATED TALES FROM SHAKESPEARE: AS YOU LIKE IT",,"978-81-8252-680-8","WILCO",2012,,,,,"823/SHA",,,,"SHAKESPEARE.WILLIAM;Author",,,,,50,,"BULSAR BOOK STORE",,,,"STORY",
"ILLUSTRATED TALES FROM SHAKESPEARE: HAMLET PRINCE OF DENMARK",,"978-81-8252-672-3","WILCO",2012,,,,,"823/SHA",,,,"SHAKESPEARE.WILLIAM;Author",,,,,50,,"BULSAR BOOK STORE",,,,"STORY",
"ILLUSTRATED TALES FROM SHAKESPEARE: JULIUS CAESAR",,"978-81-8252-683-9","WILCO",2012,,,,,"823/SHA",,,,"SHAKESPEARE.WILLIAM;Author",,,,,50,,"BULSAR BOOK STORE",,,,"STORY",
"ILLUSTRATED TALES FROM SHAKESPEARE: KING LEAR",,"978-81-8252-676-1","WILCO",2012,,,,,"823/SHA",,,,"SHAKESPEARE.WILLIAM;Author",,,,,50,,"BULSAR BOOK STORE",,,,"STORY",
"ILLUSTRATED TALES FROM SHAKESPEARE: MACBETH",,"978-81-8252-679-2","WILCO",2012,,,,,"823/SHA",,,,"SHAKESPEARE.WILLIAM;Author",,,,,50,,"BULSAR BOOK STORE",,,,"STORY",
"ILLUSTRATED TALES FROM SHAKESPEARE: MUCH ADO ABOUT NOTHING",,"978-81-8252-678-5","WILCO",2012,,,,,"823/SHA",,,,"SHAKESPEARE.WILLIAM;Author",,,,,50,,"BULSAR BOOK STORE",,,,"STORY",
"ILLUSTRATED TALES FROM SHAKESPEARE:OTHELLO; THE MOOR OF VENICE",,"978-81-8252-682-2","WILCO",2012,,,,,"823/SHA",,,,"SHAKESPEARE.WILLIAM;Author",,,,,50,,"BULSAR BOOK STORE",,,,"STORY",
"ILLUSTRATED TALES FROM SHAKESPEARE: ROMEO AMD JULIET",,"978-81-8252-675-4","WILCO",2012,,,,,"823/SHA",,,,"SHAKESPEARE.WILLIAM;Author",,,,,50,,"BULSAR BOOK STORE",,,,"STORY",
"ILLUSTRATED TALES FROM SHAKESPEARE: THE MERCHANT OF VEHICE",,"978-81-8252-674-7","WILCO",2012,,,,,"823/SHA",,,,"SHAKESPEARE.WILLIAM;Author",,,,,50,,"BULSAR BOOK STORE",,,,"STORY",
"ILLUSTRATED TALES FROM SHAKESPEARE: THE TEMPEST",,"978-81-8252-673-0","WILCO",2012,,,,,"823/SHA",,,,"SHAKESPEARE.WILLIAM;Author",,,,,50,,"BULSAR BOOK STORE",,,,"STORY",
"ILLUSTRATED TALES FROM SHAKESPEARE: TWELEFT NIGHT",,"978-81-8252-681-5","WILCO",2012,,,,,"823/SHA",,,,"SHAKESPEARE.WILLIAM;Author",,,,,50,,"BULSAR BOOK STORE",,,,"STORY",
"QUICK REFERENCE (BIOGRAPHIES) OMNIFUS: FAMOUSE PERSONALITIES OF THE WORLD",,"978-81-8499-719-4","SHREE",2010,,,,,"920/QUI",,,,,"FAMOUS PERSONALITIES",,,,160,,"BULSAR BOOK STORE",,,,"BIOGRAPHY",
"QUICK REFERENCE (BIOGRAPHIES) OMNIFUS: GREAT RULES OF THE WORLD",,"978-81-8499-715-6","SHREE",2010,,,,,"920/QUI",,,,,"GREAT RULERS",,,,160,,"BULSAR BOOK STORE",,,,"BIOGRAPHY",
"QUICK REFERENCE (BIOGRAPHIES) OMNIFUS: GREAT FREEDOM FIGHTER OF THE WORLD",,"978-81-8499-718-7","SHREE",2010,,,,,"920/QUI",,,,,"GREAT FREEDOM FIGHTERS OF THE WORLD",,,,160,,"BULSAR BOOK STORE",,,,"BIOGRAPHY",
"QUICK REFERENCE (BIOGRAPHIES) OMNIFUS: NOBEL LAUREATES",,"978-81-8499-722-4","SHREE",2010,,,,,"920/QUI",,,,,"NOBEL LAUREATES OF THE WORLD",,,,160,,"BULSAR BOOK STORE",,,,"BIOGRAPHY",
"PLANET EARTH, ENCYCLOPEDIA",,"978-1-4454-3143-7","SHREE",2011,,,,,"503/SPI",,,,"SPILSBURY.LOUISE;Author","SCIENCE ENCYCLPEDIA",,,,250,,"BULSAR BOOK STORE",,,,"ENCYCLOPEDIA",
"SCIENCE AND TECHNOLOGY ENCYCLOPEDIA",,9781445431413,"SHREE",2011,,,,,"503/SPI",,,,"SPILSBURY.LOUISE;Author","SCIENCE ENCYCLPEDIA",,,,250,,"BULSAR BOOK STORE",,,,"ENCYCLOPEDIA",
"PUZZLE FUN MIND BENDERS",,"978-1-84858-073-2","ARCTURUS",2010,,,,,"700/PUZ",,,,,"PUZZLES",,,,150,,"BULSAR BOOK STORE",,,,"ART",
"PUZZLE FUN PICTURE PUZZLE",,"978-1-84858-074-9","ARCTURUS",2012,,,,,"700/PUZ",,,,,"PUZZLES",,,,150,,"BULSAR BOOK STORE",,,,"ART",
"ILLUSTRATED OXFORD DICTIONARY",,"978-0-14341-621-0","D.K.",2012,,,,,"503/OXF",,,,,"SCIENCE ENCYCLPEDIA",,,,1999,,"BULSAR BOOK STORE",,,,"DICTIONARY",
"AMAZING Q AND A ENCYCLOPEDIA",,"978-1-4454-3139-0","PARRAGON (SHREE)",2011,,,,,"030/AMA",,,,,,,,,250,,"BULSAR BOOK STORE",,,,"ENCYCLOPEDIA",
"MY FIRST BOOK OF EARTH AND SPACE",,9781445481616,"PARRAGON (SHREE)",2012,,,,,"500/FIR",,,,,,,,,250,,"BULSAR BOOK STORE",,,,"SCIENCE",
"OXFORD HINDI ENGLISH DICTIONARY ",,9780195638462,"OXFORD",2012,,,,,"403/OXF",,,,,"HINDI-ENGLISH DICTIONARY",,,,425,,"BULSAR BOOK STORE",,,,"DICTIONARY",
"BASIC FACT SERIES GEOGRAPHY",,9788181331456,"MANOJ",,,,,,"910/GAR",,,,"GARG.C.L.;Author",,,,,40,,"BULSAR BOOK STORE",,,,"GEOGRAPHY",
"ACTIVE LEARNING DICTIONARY",,"978-81-8477-923-3","SCHOLASTIC",2012,,,,,"403/DIC",,,,,"ENGLISH ",,,,195,,"BULSAR BOOK STORE",,,,"DICTIONARY",
"101 SCIENCE EXPERIMENTS",,9788184999501,"SHREE",,,,,,"500/SCI",,,,,"EXPERIMENTS",,,,295,,"BULSAR BOOK STORE",,,,"SCIENCE",
"ASK ME ANYTHING",,"978-0-143-41457-5","D.K.",,,,,,"001/ASK",,,,,,,,,1199,,"BULSAR BOOK STORE",,,,"GENERAL KNOWLEDGE",
"WORLD FAMOUSE GREAT SCIENTISTS",,"978-81-310-0961-1","MANOJ",2012,,,,,"925/WOR",,,,,"SCIENCE",,,,60,,"BULSAR BOOK STORE",,,,"BIOGRAPHY",
"THE SOLAR SYSTEM",,9780007892365,"HARPER COLLINS",2011,,,,,"500/SOL",,,,,,,,,99,,"BULSAR BOOK STORE",,,,"SCIENCE",
"MY FIRST BOOK OF SCIENCE AND NATURE",,9781445481623,"PARRAGON (SHREE)",2012,,,,,"500/FIR",,,,,,,,,250,,"BULSAR BOOK STORE",,,,"SCIENCE",
"A MAHATMA CALLED GANDHI",,978183002645,"MEDIA FUSION",,,,,,"920/SUP",,,,"SUPRAJA.CHARUMATHI;Author","MAHATMA GANDHI",,,,85,,"BULSAR BOOK STORE",,,,"BIOGRAPHY",
"PEPPER : AT THE TABLE",,"978-81-207-5531-4","STERLING",2010,,,,,"800/STE",,,,,,,,,60,,"BULSAR BOOK STORE",,,,"STORY",
"PERRER : MEETS HIS NEW NEIGHBOUR",,"978-81-207-5537-6","STERLING",2010,,,,,"800/STE",,,,,,,,,60,,"BULSAR BOOK STORE",,,,"STORY",
"PERRER : GOES TO THE DOCTOR",,"978-81-207-5533-8","STERLING",2010,,,,,"800/STE",,,,,,,,,60,,"BULSAR BOOK STORE",,,,"STORY",
"PERRER : LEARNS ABOUT RECYCLING",,"978-81-207-5535-2","STERLING",2010,,,,,"800/STE",,,,,,,,,60,,"BULSAR BOOK STORE",,,,"STORY",
"PERRER : LENDS A HELPING HAND",,"978-81-207-5536-9","STERLING",2010,,,,,"800/STE",,,,,,,,,60,,"BULSAR BOOK STORE",,,,"STORY",
"PERRER : GETS STAGE FRIGHT",,"978-81-207-5532-1","STERLING",2010,,,,,"800/STE",,,,,,,,,60,,"BULSAR BOOK STORE",,,,"STORY",
"PERRER : STRAYS AWAY",,"978-81-207-5538-3","STERLING",2010,,,,,"800/STE",,,,,,,,,60,,"BULSAR BOOK STORE",,,,"STORY",
"PERRER : IN THE DARK",,"978-81-207-5534-5","STERLING",2010,,,,,"800/STE",,,,,,,,,60,,"BULSAR BOOK STORE",,,,"STORY",
"READ ALONE: THE OLD SANDAM",,"978-81-207-5667-0","STERLING",2010,,,,,"800/STE",,,,,,,,,60,,"BULSAR BOOK STORE",,,,"STORY",
"READ ALONE: THE PIED PIPER OF HAMELIN",,"978-81-207-5668-7","STERLING",2010,,,,,"800/STE",,,,,,,,,60,,"BULSAR BOOK STORE",,,,"STORY",
"READ ALONE: THE BRAVE LITTLE TAILOR",,"978-81-207-5666-3","STERLING",2010,,,,,"800/STE",,,,,,,,,60,,"BULSAR BOOK STORE",,,,"STORY",
"READ ALONE: PUSS IN BOOTS",,"978-81-207-5665-6","STERLING",2010,,,,,"800/STE",,,,,,,,,60,,"BULSAR BOOK STORE",,,,"STORY",
"READ ALONE: PETER PAN",,"978-81-207-5671-7","STERLING",2010,,,,,"800/STE",,,,,,,,,60,,"BULSAR BOOK STORE",,,,"STORY",
"READ ALONE: PINOCCHIO",,"978-81-207-5670-0","STERLING",2010,,,,,"800/STE",,,,,,,,,60,,"BULSAR BOOK STORE",,,,"STORY",
"READ ALONE: THE STEADFAST TIN SOLIDER",,"978-81-207-5672-4","STERLING",2010,,,,,"800/STE",,,,,,,,,60,,"BULSAR BOOK STORE",,,,"STORY",
"READ ALOUD: SLEEPIND BEAUTY",,"978-81-207-5654-0","STERLING",2010,,,,,"800/STE",,,,,,,,,60,,"BULSAR BOOK STORE",,,,"STORY",
"READ ALOUD: THUMBELINA",,"978-81-207-5655-7","STERLING",2010,,,,,"800/STE",,,,,,,,,60,,"BULSAR BOOK STORE",,,,"STORY",
"READ ALOUD: THE THREE LITTLE PIGS",,"978-81-207-5649-6","STERLING",2010,,,,,"800/STE",,,,,,,,,60,,"BULSAR BOOK STORE",,,,"STORY",
"READ ALOUD: THE UGLY DUCKLING",,"978-81-207-5651-9","STERLING",2010,,,,,"800/STE",,,,,,,,,60,,"BULSAR BOOK STORE",,,,"STORY",
"READ ALOUD: THE VAIN LITTLE MOUSE",,"978-81-207-5650-2","STERLING",2010,,,,,"800/STE",,,,,,,,,60,,"BULSAR BOOK STORE",,,,"STORY",
"READ ALONE: ALICE IN WONDERLAND",,"978-81-207-5669-4","STERLING",2010,,,,,"800/STE",,,,,,,,,60,,"BULSAR BOOK STORE",,,,"STORY",
"READ ALOUD: TOM THUMB",,"978-81-207-5656-4","STERLING",2010,,,,,"800/STE",,,,,,,,,60,,"BULSAR BOOK STORE",,,,"STORY",
"READ ALOUD: LITTLE RED RIDING HOOD",,"978-81-207-5652-6","STERLING",2010,,,,,"800/STE",,,,,,,,,60,,"BULSAR BOOK STORE",,,,"STORY",
"READ ALOUD: THE PRINCESS AND THE PEA",,"978-81-207-5653-3","STERLING",2010,,,,,"800/STE",,,,,,,,,60,,"BULSAR BOOK STORE",,,,"STORY",
"READ WITH: THE LITTLE MATCH GIRL",,"978-81-207-5660-1","STERLING",2010,,,,,"800/STE",,,,,,,,,60,,"BULSAR BOOK STORE",,,,"STORY",
"READ WITH: RUMPELSTILTSKIN",,"978-81-207-5658-8","STERLING",2010,,,,,"800/STE",,,,,,,,,60,,"BULSAR BOOK STORE",,,,"STORY",
"READ WITH: SINBAD THE SAILOR",,"978-81-207-5659-5","STERLING",2010,,,,,"800/STE",,,,,,,,,60,,"BULSAR BOOK STORE",,,,"STORY",
"READ WITH: CINDERELLA",,"978-81-207-5657-1","STERLING",2010,,,,,"800/STE",,,,,,,,,60,,"BULSAR BOOK STORE",,,,"STORY",
"READ WITH: SNOW WHITE",,"978-81-207-5664-9","STERLING",2010,,,,,"800/STE",,,,,,,,,60,,"BULSAR BOOK STORE",,,,"STORY",
"READ WITH: HANSEL AND GRETEL",,"978-81-207-5663-2","STERLING",2010,,,,,"800/STE",,,,,,,,,60,,"BULSAR BOOK STORE",,,,"STORY",
"READ WITH: ALIBABA AND THE FOURTY THIEVES",,"978-81-207-5662-5","STERLING",2010,,,,,"800/STE",,,,,,,,,60,,"BULSAR BOOK STORE",,,,"STORY",
"READ WITH: ALADDIN'S LAMP",,"978-81-207-5661-8","STERLING",2010,,,,,"800/STE",,,,,,,,,60,,"BULSAR BOOK STORE",,,,"STORY",
"PEPPER IS JEALOUS",,"978-81-207-4426-4","STERLING",2009,,,,,"800/STE",,,,,,,,,40,,"BULSAR BOOK STORE",,,,"STORY",
"PEPPER MEETS HIS NEW NEIGHBOUR",,"978-81-207-6465-1","STERLING",2009,,,,,"800/STE",,,,,,,,,40,,"BULSAR BOOK STORE",,,,"STORY",
"PEPPER LEARNS TO KEEP A PROMISE",,"978-81-207-4429-5","STERLING",2009,,,,,"800/STE",,,,,,,,,40,,"BULSAR BOOK STORE",,,,"STORY",
"PEPPER GOES TO SCHOOL",,"978-81-207-4425-7","STERLING",2009,,,,,"800/STE",,,,,,,,,40,,"BULSAR BOOK STORE",,,,"STORY",
"PEPPER IN THE DARK",,"978-81-207-6462-0","STERLING",2009,,,,,"800/STE",,,,,,,,,40,,"BULSAR BOOK STORE",,,,"STORY",
"PEPPER LEARNS GOOD HABITS",,"978-81-207-4427-1","STERLING",2009,,,,,"800/STE",,,,,,,,,40,,"BULSAR BOOK STORE",,,,"STORY",
"PEPPER LENDS A HELPING HAND",,"978-81-207-6464-4","STERLING",2009,,,,,"800/STE",,,,,,,,,40,,"BULSAR BOOK STORE",,,,"STORY",
"PEPPER GOES TO THE DOCTOR",,"978-81-207-6463-7","STERLING",2009,,,,,"800/STE",,,,,,,,,40,,"BULSAR BOOK STORE",,,,"STORY",
"PEPPER GETS STAGE FRIGHT",,"978-81-207-6467-5","STERLING",2009,,,,,"800/STE",,,,,,,,,40,,"BULSAR BOOK STORE",,,,"STORY",
"PEPPER LEARNS ABOUT RECYCLING",,"978-81-207-6466-8","STERLING",2009,,,,,"800/STE",,,,,,,,,40,,"BULSAR BOOK STORE",,,,"STORY",
"PEPPER LEARNS GOOD MANNERS",,"978-81-207-4428-8","STERLING",2009,,,,,"800/STE",,,,,,,,,40,,"BULSAR BOOK STORE",,,,"STORY",
"PEPPER AND MAMA'S NEW JOB",,"978-81-207-4430-1","STERLING",2009,,,,,"800/STE",,,,,,,,,40,,"BULSAR BOOK STORE",,,,"STORY",
"PEPPER WANTS TOO MANY TOYS",,"978-81-207-5545-1","STERLING",2010,,,,,"800/STE",,,,,,,,,60,,"BULSAR BOOK STORE",,,,"STORY",
"PEPPER BRUSHES HIS TEETH",,"978-81-207-5540-6","STERLING",2010,,,,,"800/STE",,,,,,,,,60,,"BULSAR BOOK STORE",,,,"STORY",
"PEPPER GETS A NEW PET",,"978-81-207-5541-3","STERLING",2010,,,,,"800/STE",,,,,,,,,60,,"BULSAR BOOK STORE",,,,"STORY",
"PEPPER HAS A FIGHT",,"978-81-207-5542-0","STERLING",2010,,,,,"800/STE",,,,,,,,,60,,"BULSAR BOOK STORE",,,,"STORY",
"PEPPER WATCHES TOO MUCH TV",,"978-81-207-5546-8","STERLING",2010,,,,,"800/STE",,,,,,,,,60,,"BULSAR BOOK STORE",,,,"STORY",
"FAIRY TALES: ALADDIN AND THE THE MAGIC LAMP",,"978-81-207-6733-1","STERLING",,,,,,"800/STE",,,,,,,,,60,,"BULSAR BOOK STORE",,,,"STORY",
"FAIRY TALES: THE ELVES AND THE SHOEMAKER",,"978-81-207-6734-8","STERLING",,,,,,"800/STE",,,,,,,,,60,,"BULSAR BOOK STORE",,,,"STORY",
"FAIRY TALES: THE PIED PIPER OF HAMELIN",,"978-81-207-6737-9","STERLING",,,,,,"800/STE",,,,,,,,,60,,"BULSAR BOOK STORE",,,,"STORY",
"FAIRY TALES: PINOCCHIO",,"978-81-207-6738-6","STERLING",,,,,,"800/STE",,,,,,,,,60,,"BULSAR BOOK STORE",,,,"STORY",
"FAIRY TALES: JACK AND THE BEANSTALK",,"978-81-207-6736-2","STERLING",,,,,,"800/STE",,,,,,,,,60,,"BULSAR BOOK STORE",,,,"STORY",
"FAIRY TALES:HANSEL AND GRETEL",,"978-81-207-6735-5","STERLING",,,,,,"800/STE",,,,,,,,,60,,"BULSAR BOOK STORE",,,,"STORY",
"AESOP'S FABLES:  THE SWALLOW AND THE OTHER BIRDS",,"978-81-82520-78-9","WILCO BOOK",2012,,,,,"800/WIL",,,,,,,,,40,,"BULSAR BOOK STORE",,,,"STORY",
"AESOP'S FABLES: THE WAITING GAME",,"978-81-82520-79-7","WILCO BOOK",2012,,,,,"800/WIL",,,,,,,,,40,,"BULSAR BOOK STORE",,,,"STORY",
"AESOP'S FABLES: THE WIND AND THE SUN",,"978-81-82520-80-0","WILCO BOOK",2012,,,,,"800/WIL",,,,,,,,,40,,"BULSAR BOOK STORE",,,,"STORY",
"AESOP'S FABLES: THE WISE BEAR",,"978-81-82520-81-9","WILCO BOOK",2012,,,,,"800/WIL",,,,,,,,,40,,"BULSAR BOOK STORE",,,,"STORY",
"AESOP'S FABLES: VENUS AND THE CAT",,"978-81-82520-82-7","WILCO BOOK",2012,,,,,"800/WIL",,,,,,,,,40,,"BULSAR BOOK STORE",,,,"STORY",
"AESOP'S FABLES: WHO WILL BELL THE CAT",,"978-81-82520-83-5","WILCO BOOK",2012,,,,,"800/WIL",,,,,,,,,40,,"BULSAR BOOK STORE",,,,"STORY",
"AESOP'S FABLES: THE MONKEY AND THE DOLPHIN",,"978-81-82520-72-X","WILCO BOOK",2012,,,,,"800/WIL",,,,,,,,,40,,"BULSAR BOOK STORE",,,,"STORY",
"AESOP'S FABLES: THE MOUSE AND THE LION",,"978-81-82520-73-8","WILCO BOOK",2012,,,,,"800/WIL",,,,,,,,,40,,"BULSAR BOOK STORE",,,,"STORY",
"AESOP'S FABLES: THE ANT AND THE PIGEON",,"978-81-82520-74-6","WILCO BOOK",2012,,,,,"800/WIL",,,,,,,,,40,,"BULSAR BOOK STORE",,,,"STORY",
"AESOP'S FABLES: THE ROOSTER AND THE CATS",,"978-81-82520-75-4","WILCO BOOK",2012,,,,,"800/WIL",,,,,,,,,40,,"BULSAR BOOK STORE",,,,"STORY",
"AESOP'S FABLES:THE SHEPHEARD BOY AND THE WOLF",,"978-81-82520-76-2","WILCO BOOK",2012,,,,,"800/WIL",,,,,,,,,40,,"BULSAR BOOK STORE",,,,"STORY",
"AESOP'S FABLES: THE STAG'S REFLECTION",,"978-81-82520-77-0","WILCO BOOK",2012,,,,,"800/WIL",,,,,,,,,40,,"BULSAR BOOK STORE",,,,"STORY",
"AESOP'S FABLES: THE HEN THAT LAID THE GOLDEN EGGS",,"978-81-82520-66-5","WILCO BOOK",2012,,,,,"800/WIL",,,,,,,,,40,,"BULSAR BOOK STORE",,,,"STORY",
"AESOP'S FABLES: THE LABOURER AND THE NIGHTINGALE",,"978-81-82520-67-3","WILCO BOOK",2012,,,,,"800/WIL",,,,,,,,,40,,"BULSAR BOOK STORE",,,,"STORY",
"AESOP'S FABLES: THE LION IN LOVE",,"978-81-82520-68-1","WILCO BOOK",2012,,,,,"800/WIL",,,,,,,,,40,,"BULSAR BOOK STORE",,,,"STORY",
"AESOP'S FABLES: THE LION'S SHARE",,"978-81-82520-69-X","WILCO BOOK",2012,,,,,"800/WIL",,,,,,,,,40,,"BULSAR BOOK STORE",,,,"STORY",
"AESOP'S FABLES:THE MAN, THE BOY AND THE DONKEY",,"978-81-82520-70-3","WILCO BOOK",2012,,,,,"800/WIL",,,,,,,,,40,,"BULSAR BOOK STORE",,,,"STORY",
"AESOP'S FABLES: THE MILKMAID AND HER PAIL",,"978-81-82520-71-1","WILCO BOOK",2012,,,,,"800/WIL",,,,,,,,,40,,"BULSAR BOOK STORE",,,,"STORY",
"AESOP'S FABLES: THE FOX WITHOUT A TRAIL",,"978-81-82520-60-6","WILCO BOOK",2012,,,,,"800/WIL",,,,,,,,,40,,"BULSAR BOOK STORE",,,,"STORY",
"AESOP'S FABLES: THE FOX THE COCK AND THE DOG",,"978-81-82520-61-4","WILCO BOOK",2012,,,,,"800/WIL",,,,,,,,,40,,"BULSAR BOOK STORE",,,,"STORY",
"AESOP'S FABLES: THE HARE AND THE TORTOISE",,"978-81-82520-62-2","WILCO BOOK",2012,,,,,"800/WIL",,,,,,,,,40,,"BULSAR BOOK STORE",,,,"STORY",
"AESOP'S FABLES: THE HARE WITH MANY FRIENDS",,"978-81-82520-63-0","WILCO BOOK",2012,,,,,"800/WIL",,,,,,,,,40,,"BULSAR BOOK STORE",,,,"STORY",
"AESOP'S FABLES: THE HARES AND THE FROGS",,"978-81-82520-64-9","WILCO BOOK",2012,,,,,"800/WIL",,,,,,,,,40,,"BULSAR BOOK STORE",,,,"STORY",
"AESOP'S FABLES: THE HAWK AND THE PIGEONS",,"978-81-82520-65-7","WILCO BOOK",2012,,,,,"800/WIL",,,,,,,,,40,,"BULSAR BOOK STORE",,,,"STORY",
"AESOP'S FABLES: THE FOX AND THE STORK",,"978-81-82520-59-2","WILCO BOOK",2012,,,,,"800/WIL",,,,,,,,,40,,"BULSAR BOOK STORE",,,,"STORY",
"AESOP'S FABLES: THE FOX AND THE GRAPES",,"978-81-82520-58-4","WILCO BOOK",2012,,,,,"800/WIL",,,,,,,,,40,,"BULSAR BOOK STORE",,,,"STORY",
"AESOP'S FABLES:THE FOX AND THE GOAT",,"978-81-82520-57-6","WILCO BOOK",2012,,,,,"800/WIL",,,,,,,,,40,,"BULSAR BOOK STORE",,,,"STORY",
"AESOP'S FABLES: THE FOX, THE OWL AND THE CROW",,"978-81-82520-56-8","WILCO BOOK",2012,,,,,"800/WIL",,,,,,,,,40,,"BULSAR BOOK STORE",,,,"STORY",
"AESOP'S FABLES: THE FARMER AND SERPENT",,"978-81-82520-55-X","WILCO BOOK",2012,,,,,"800/WIL",,,,,,,,,40,,"BULSAR BOOK STORE",,,,"STORY",
"AESOP'S FABLES: THE DONKEY THAT TALKED",,"978-81-82520-54-1","WILCO BOOK",2012,,,,,"800/WIL",,,,,,,,,40,,"BULSAR BOOK STORE",,,,"STORY",
"AESOP'S FABLES: THE DOG AND THE MEAT",,"978-81-82520-53-3","WILCO BOOK",2012,,,,,"800/WIL",,,,,,,,,40,,"BULSAR BOOK STORE",,,,"STORY",
"AESOP'S FABLES: THE CROW AND THE PITCHER",,"978-81-82520-52-5","WILCO BOOK",2012,,,,,"800/WIL",,,,,,,,,40,,"BULSAR BOOK STORE",,,,"STORY",
"AESOP'S FABLES: THE BOYS AND THE FROGS",,"978-81-82520-51-7","WILCO BOOK",2012,,,,,"800/WIL",,,,,,,,,40,,"BULSAR BOOK STORE",,,,"STORY",
"AESOP'S FABLES: THE ANT AND THE CRICKET",,"978-81-82520-50-9","WILCO BOOK",2012,,,,,"800/WIL",,,,,,,,,40,,"BULSAR BOOK STORE",,,,"STORY",
"AESOP'S FABLES: HERCULES AND THE WAGONER",,"978-81-82520-49-5","WILCO BOOK",2012,,,,,"800/WIL",,,,,,,,,40,,"BULSAR BOOK STORE",,,,"STORY",
"AESOP'S FABLES: FOUR OXEN AND THE LION",,"978-81-82520-48-7","WILCO BOOK",2012,,,,,"800/WIL",,,,,,,,,40,,"BULSAR BOOK STORE",,,,"STORY",
"I LIKE TO READ: AT THE BEACH-4",,"978-1-78175-016-2","STERLING",2012,,,,,"800/STE",,,,,,,,,55,,"BULSAR BOOK STORE",,,,"STORY",
"I LIKE TO READ: THE ACCIDENT-4",,"978-1-78175-005-6","STERLING",2012,,,,,"800/STE",,,,,,,,,55,,"BULSAR BOOK STORE",,,,"STORY",
"I LIKE TO READ: A SUMMAR HOLIDAY-4",,"978-1-78175-014-8","STERLING",2012,,,,,"800/STE",,,,,,,,,55,,"BULSAR BOOK STORE",,,,"STORY",
"I LIKE TO READ: FUN AT THE FAIR-4",,"978-1-78175-004-9","STERLING",2012,,,,,"800/STE",,,,,,,,,55,,"BULSAR BOOK STORE",,,,"STORY",
"I LIKE TO READ: A VISIT TO GRANDMA'S-3",,"978-1-78175-006-3","STERLING",2012,,,,,"800/STE",,,,,,,,,55,,"BULSAR BOOK STORE",,,,"STORY",
"I LIKE TO READ: LET'S HAVE LUNCH-3",,"978-1-78175-008-7","STERLING",2012,,,,,"800/STE",,,,,,,,,55,,"BULSAR BOOK STORE",,,,"STORY",
"I LIKE TO READ: A SHOPPING TRIP-3",,"978-1-84557-505-2","STERLING",2005,,,,,"800/STE",,,,,,,,,55,,"BULSAR BOOK STORE",,,,"STORY",
"I LIKE TO READ: AT THE SUPERMARKET-3",,"978-1-84557-506-9","STERLING",2005,,,,,"800/STE",,,,,,,,,55,,"BULSAR BOOK STORE",,,,"STORY",
"I LIKE TO READ: AT SCHOOL-3",,"978-1-78175-012-4","STERLING",2012,,,,,"800/STE",,,,,,,,,55,,"BULSAR BOOK STORE",,,,"STORY",
"I LIKE TO READ: THE TOY SHOP-2",,"978-1-84557-106-1","STERLING",2004,,,,,"800/STE",,,,,,,,,55,,"BULSAR BOOK STORE",,,,"STORY",
"I LIKE TO READ: THE PICNIC-2",,"978-1-78175-010-0","STERLING",2012,,,,,"800/STE",,,,,,,,,55,,"BULSAR BOOK STORE",,,,"STORY",
"I LIKE TO READ: IN THE PARK-1",,"978-1-78175-007-0","STERLING",2012,,,,,"800/STE",,,,,,,,,55,,"BULSAR BOOK STORE",,,,"STORY",
"I LIKE TO READ: ON TH FARM-1",,"978-1-78175-009-4","STERLING",2012,,,,,"800/STE",,,,,,,,,55,,"BULSAR BOOK STORE",,,,"STORY",
"I LIKE TO READ: ACHRISTMAS PARTY-1",,"978-1-84557-101-0","STERLING",2004,,,,,"800/STE",,,,,,,,,55,,"BULSAR BOOK STORE",,,,"STORY",
"I LIKE TO READ: THE BIRTHDAT PARTY-1",,"978-1-78175-002-5","STERLING",2011,,,,,"800/STE",,,,,,,,,55,,"BULSAR BOOK STORE",,,,"STORY",
"BRUNO FINDS A BALL",,"978-81-7686-118-2","STERLING",,,,,,"800/STE",,,,,,,,,40,,"BULSAR BOOK STORE",,,,"STORY",
"BRUNO GETS LOST",,"978-81-7686-117-5","STERLING",,,,,,"800/STE",,,,,,,,,40,,"BULSAR BOOK STORE",,,,"STORY",
"BRUNO THE ARTIST",,"978-81-7686-116-8","STERLING",,,,,,"800/STE",,,,,,,,,40,,"BULSAR BOOK STORE",,,,"STORY",
"BRUNO TELLS THE TRUTH",,"978-81-7686-115-1","STERLING",,,,,,"800/STE",,,,,,,,,40,,"BULSAR BOOK STORE",,,,"STORY",
"BRUNO LEARNS TO SHARE",,"978-81-7686-114-4","STERLING",,,,,,"800/STE",,,,,,,,,40,,"BULSAR BOOK STORE",,,,"STORY",
"BRUNO YOUR TOYS AWAY",,"978-81-7686-113-7","STERLING",,,,,,"800/STE",,,,,,,,,40,,"BULSAR BOOK STORE",,,,"STORY",
"STORIES FOR 5- YEARS- OLDS",,"978-81-8485-069-7","LEARNERS",2008,,,,,"800/LER",,,,,,,,,100,,"BULSAR BOOK STORE",,,,"STORY",
"STORIES FOR 6- YEARS- OLDS",,"978-81-8485-070-3","LEARNERS",2008,,,,,"800/LER",,,,,,,,,100,,"BULSAR BOOK STORE",,,,"STORY",
"STORIES FOR 7- YEARS- OLDS",,"978-81-8485-071-0","LEARNERS",2008,,,,,"823/STO",,,,,,,,,125,,"BULSAR BOOK STORE",,,,"STORY",
"STORIES FOR 8- YEARS- OLDS",,"978-81-8485-072-7","LEARNERS",2008,,,,,"823/STO",,,,,,,,,125,,"BULSAR BOOK STORE",,,,"STORY",
"CHILDREN'S ILLUSTRATED BOOK OF SYNONYMS, ANTONYMS AND HOMONYMS",,"978-81-207-5722-6","STERLING",2010,,,,,"415/STE",,,,,,,,,295,,"BULSAR BOOK STORE",,,,"ENGLISH GRAMMAR",
"THE ILLUSTRATED SCHOOL THESAURUS: SYNONYMS OF COMMONLY USED WORDS",,"978-81-207-5883-4","STERLING",2011,,,,,"403/STE",,,,,"SYNONYMS",,,,225,,"BULSAR BOOK STORE",,,,"THESAURUS",
"TASHI THE CURIOUS MONKEY AND THE OTHER STORIES",,"978-1-84557-601-1","RISING SUN(STERLING)",2006,,,,,"800/STE",,,,,,,,,40,,"BULSAR BOOK STORE",,,,"STORY",
"FRISKY GETS A NEW MASTER AND OTHER STORIES",,"978-1-84557-600-4","STERLING",2006,,,,,"800/STE",,,,,,,,,40,,"BULSAR BOOK STORE",,,,"STORY",
"HARRY GOES TO WORK AND OTHER STORIES",,"978-81-207-4798-2","STERLING",2009,,,,,"800/SHA",,,,"SHANKAR.ALAKA;Author",,,,,70,,"BULSAR BOOK STORE",,,,"STORY",
"MAROONED AND OTHER STORIES",,"978-81-207-4801-9","STERLING",2009,,,,,"800/SHA",,,,"SHANKAR.ALAKA;Author",,,,,70,,"BULSAR BOOK STORE",,,,"STORY",
"THE KITE FESTIVAL AND THE OTHER STORIES",,"978-81-207-4800-2","STERLING",2009,,,,,"800/SHA",,,,"SHANKAR.ALAKA;Author",,,,,70,,"BULSAR BOOK STORE",,,,"STORY",
"THE NAUGHTY BROTHERS AND THE OTHER STORIES",,"978-81-207-4799-9","STERLING",2009,,,,,"800/SHA",,,,"SHANKAR.ALAKA;Author",,,,,70,,"BULSAR BOOK STORE",,,,"STORY",
"FESTIVALS OF THE WORLD",,"978-1-84557-574-1","RISING SUN(STERLING)",2006,,,,,"200/MEH",,,,"MEHRA.KOMAL;Author",,,,,90,,"BULSAR BOOK STORE",,,,"RELIGION",
"CHRISTMAS SPECIAL",,"978-1-84557-636-3","RISING SUN(STERLING)",2006,,,,,"230/CHR",,,,,,,,,195,,"BULSAR BOOK STORE",,,,"RELIGION",
"HOW AND WHY: LIGHT AND COLOUR",,"978-93-80152-69-1","TESSLOFF STERLING",2009,,,,,"530/ERB",,,,"ERB.ROGER;Author ZELEWSKI.STEPHAN;Author",,,,,175,,"BULSAR BOOK STORE",,,,"SCIENCE",
"HOW AND WHY: ELECTRICITY",,"978-93-80152-73-8","TESSLOFF STERLING",2009,,,,,"530/KOT",,,,"KOTHE.RAINER;Author",,,,,175,,"BULSAR BOOK STORE",,,,"SCIENCE",
"HOW AND WHY: ENERGY",,"978-93-80152-74-5","TESSLOFF STERLING",2009,,,,,"530/UBE",,,,"UBELACKER.ERICH ;Author",,,,,175,,"BULSAR BOOK STORE",,,,"SCIENCE",
"HOW AND WHY: AIR AND WATER",,"978-93-80152-71-4","TESSLOFF STERLING",2009,,,,,"530/CRU",,,,"CRUMMENERL.RAINER ;Author",,,,,175,,"BULSAR BOOK STORE",,,,"SCIENCE",
"HOW AND WHY: THE STARS",,"978-93-80152-33-2","TESSLOFF STERLING",2012,,,,,"530/HAB",,,,"HABER.HEINZ ;Author",,,,,175,,"BULSAR BOOK STORE",,,,"SCIENCE",
"HOW AND WHY: SOUND",,"978-93-80152-68-4","TESSLOFF STERLING",2009,,,,,"530/KOT",,,,"KOTHE.RAINER ;Author",,,,,175,,"BULSAR BOOK STORE",,,,"SCIENCE",
"HOW AND WHY: OUR UNIVERSE WITH THE BOUNDARIES OF SPACE AND TIME",,"978-93-80152-32-5","TESSLOFF STERLING",2010,,,,,"530/UBE",,,,"UBELACKER.ERICH ;Author",,,,,175,,"BULSAR BOOK STORE",,,,"SCIENCE",
"HOW AND WHY: CHEMISTRY",,"978-93-80152-70-7","TESSLOFF STERLING",2011,,,,,"540/KOT",,,,"KOTHE.RAINER ;Author",,,,,175,,"BULSAR BOOK STORE",,,,"SCIENCE",
"THE TIGER AND THE HARE AND OTHER STORIES",,"978-1-84557-602-8","RISING SUN(STERLING)",2006,,,,,"800/STE",,,,,,,,,40,,"BULSAR BOOK STORE",,,,"STORY",
"TEDDY TRIES TO BAKE A CAKE AND OTHER STORIES",,"978-1-84557-599-1","RISING SUN(STERLING)",2006,,,,,"800/STE",,,,,,,,,40,,"BULSAR BOOK STORE",,,,"STORY",
"MY FIRST DICTIONARY",,"978-81-207-5841-4","STERLING",2011,,,,,"403/STE",,,,,,,,,225,,"BULSAR BOOK STORE",,,,"ENGLISH DICTIONARY",
"EXPLORING: BIRDS",,"978-81-207-6124-7","STERLING",2011,,,,,"500/EXP",,,,,,,,,150,,"BULSAR BOOK STORE",,,,"SCIENCE",
"EXPLORING: REPTILES AND AMPHIBIANS",,"978-81-207-6126-1","STERLING",2011,,,,,"500/EXP",,,,,,,,,150,,"BULSAR BOOK STORE",,,,"SCIENCE",
"EXPLORING: MAMMALS ",,"978-81-207-6160-5","STERLING",2011,,,,,"500/EXP",,,,,,,,,150,,"BULSAR BOOK STORE",,,,"SCIENCE",
"EXPLORING: PLANETS",,"978-81-207-6125-4","STERLING",2011,,,,,"500/EXP",,,,,,,,,150,,"BULSAR BOOK STORE",,,,"SCIENCE",
"EXPLORING: WEATHER AND CLIMATE",,"978-81-207-6127-8","STERLING",2011,,,,,"500/EXP",,,,,,,,,150,,"BULSAR BOOK STORE",,,,"SCIENCE",
"EXPLORING: EARTHQUAKES AND VOLCANOES",,"978-81-207-6159-9","STERLING",2011,,,,,"500/EXP",,,,,,,,,150,,"BULSAR BOOK STORE",,,,"SCIENCE",
"EXPLORING: INVENTIONS AND DISCOVERIES",,"978-81-207-6225-1","STERLING",2011,,,,,"500/EXP",,,,,,,,,150,,"BULSAR BOOK STORE",,,,"SCIENCE",
"HOW AND WHY: MAGNETISM",,"978-93-80152-72-1","TESSLOFF STERLING",2009,,,,,"500/LUH",,,,"LUHRS.OTTO ;Author",,,,,175,,"BULSAR BOOK STORE",,,,"SCIENCE",
"EXPLORING: MARINE ANIMAL",,"978-81-207-6361-6","STERLING",2011,,,,,"500/EXP",,,,,,,,,150,,"BULSAR BOOK STORE",,,,"SCIENCE",
"EXPERIMENTS WITH WEATHER",,"978-81-8485-184-7","LEARNERS",2011,,,,,"500/EXP",,,,,,,,,150,,"BULSAR BOOK STORE",,,,"SCIENCE",
"EXPERIMENTS WITH  FOOD",,"978-81-8485-181-6","LEARNERS",2011,,,,,"500/EXP",,,,,,,,,150,,"BULSAR BOOK STORE",,,,"SCIENCE",
"EXPERIMENTS WITH AIR",,"978-81-8485-084-0","LEARNERS",2009,,,,,"500/EXP",,,,,,,,,150,,"BULSAR BOOK STORE",,,,"SCIENCE",
"EXPERIMENTS WITH WATER",,"978-81-8485-086-4","LEARNERS",2009,,,,,"500/EXP",,,,,,,,,150,,"BULSAR BOOK STORE",,,,"SCIENCE",
"EXPERIMENTS WITH MOTION",,"978-81-8485-085-7","LEARNERS",2009,,,,,"500/EXP",,,,,,,,,150,,"BULSAR BOOK STORE",,,,"SCIENCE",
"MY PICTURE DICTONARY",,"978-93-80152-58-5","TESSLOFF STERLING",2010,,,,,"403/PIC",,,,,,,,,195,,"BULSAR BOOK STORE",,,,"PICTURE DICTIONARY ",
"BRIGHT BOOK OF ANSWERS OUR BODY",,"978-93-80152-95-0","TESSLOFF STERLING",2009,,,,,"500/KOT",,,,"KOTHE.RAINER ;Author",,,,,250,,"BULSAR BOOK STORE",,,,"SCIENCE",
"BRIGHT BOOK OF ANSWERS NATURE AND WILDLIFE",,"978-93-80152-96-7","TESSLOFF STERLING",2009,,,,,"500/KOT",,,,"KOTHE.RAINER ;Author",,,,,250,,"BULSAR BOOK STORE",,,,"SCIENCE",
"BRIGHT BOOK OF ANSWERS  EARTH AND UNIVERSE",,"978-93-80152-94-3","TESSLOFF STERLING",2009,,,,,"500/KOT",,,,"KOTHE.RAINER ;Author",,,,,250,,"BULSAR BOOK STORE",,,,"SCIENCE",
"STEP- BY -STEP: ORIGAMI PAPER CRAFT WITH PAPER PROVIDED INSIDE-YELLOW",,"978-81-207-7015-7","STERLING",,,,,,"700/STE",,,,,,,,,50,,"BULSAR BOOK STORE",,,,"CRAFT",
"STEP- BY -STEP: ORIGAMI PAPER CRAFT WITH PAPER PROVIDED INSIDE-SKY",,"978-81-207-7014-0","STERLING",,,,,,"700/STE",,,,,,,,,50,,"BULSAR BOOK STORE",,,,"CRAFT",
"STEP- BY -STEP: ORIGAMI PAPER CRAFT WITH PAPER PROVIDED INSIDE-BLUE",,"978-81-207-7016-4","STERLING",,,,,,"700/STE",,,,,,,,,50,,"BULSAR BOOK STORE",,,,"CRAFT",
"STEP- BY -STEP: ORIGAMI PAPER CRAFT WITH PAPER PROVIDED INSIDE-ORANGE",,"978-81-207-7013-3","STERLING",,,,,,"700/STE",,,,,,,,,50,,"BULSAR BOOK STORE",,,,"CRAFT",
"MY EXCITING TRIP TO  JAPAN",,"978-81-207-5114-9","STERLING",2010,,,,,"910/SIN",,,,"SINGLA.SAAKSHI KAPOOR ;Author",,,,,70,,"BULSAR BOOK STORE",,,,"TRAVELS",
"MY EXCITING TRIP TO CHINA",,"978-81-207-5111-8","STERLING",2010,,,,,"910/SIN",,,,"SINGLA.SAAKSHI KAPOOR ;Author",,,,,70,,"BULSAR BOOK STORE",,,,"TRAVELS",
"MY EXCITING TRIP TO EGYPT",,"978-81-207-5112-5","STERLING",2010,,,,,"910/SIN",,,,"SINGLA.SAAKSHI KAPOOR ;Author",,,,,70,,"BULSAR BOOK STORE",,,,"TRAVELS",
"MY EXCITING TRIP TO ITALY",,"978-81-207-5113-2","STERLING",2010,,,,,"910/SIN",,,,"SINGLA.SAAKSHI KAPOOR ;Author",,,,,70,,"BULSAR BOOK STORE",,,,"TRAVELS",
"WINDOW ON THE UNIVERSE: THE EARTH",,"978-81-7862-571-3","STERLING",,,,,,"500/WIN",,,,,,,,,70,,"BULSAR BOOK STORE",,,,"SCIENCE",
"WINDOW ON THE UNIVERSE: GALAXIES",,"978-81-7862-568-3","STERLING",,,,,,"500/WIN",,,,,,,,,70,,"BULSAR BOOK STORE",,,,"SCIENCE",
"WINDOW ON THE UNIVERSE: THE SUN",,"978-81-7862-567-6","STERLING",,,,,,"500/WIN",,,,,,,,,70,,"BULSAR BOOK STORE",,,,"SCIENCE",
"WINDOW ON THE UNIVERSE: THE MOON",,"978-81-7862-566-9","STERLING",,,,,,"500/WIN",,,,,,,,,70,,"BULSAR BOOK STORE",,,,"SCIENCE",
"THE LIVING PLANTS:THE LAND",,"978-81-207-2767-0","STERLING",2006,,,,,"500/GIL",,,,"MIQUEL ANGEL GILBERT;Author",,,,,70,,"BULSAR BOOK STORE",,,,"SCIENCE",
"THE LIVING PLANTS: WEATHER",,"978-81-207-2768-1","STERLING",2006,,,,,"500/GIL",,,,"MIQUEL ANGEL GILBERT;Author",,,,,70,,"BULSAR BOOK STORE",,,,"SCIENCE",
"THE LIVING PLANTS: DESERTS",,"978-81-207-2839-4","STERLING",2006,,,,,"500/ROC",,,,"NURIA ROCA;Author",,,,,70,,"BULSAR BOOK STORE",,,,"SCIENCE",
"THE LIVING PLANTS: OCEANS",,"978-81-207-2838-6","STERLING",2006,,,,,"500/SER",,,,"MARTA SERRANO;Author",,,,,70,,"BULSAR BOOK STORE",,,,"SCIENCE",
"ELMER FUDD'S CELLAR",,"978-81-207-4398-4","STERLING",2009,,,,,"800/ELM",,,,,,,,,60,,"BULSAR BOOK STORE",,,,"STORY",
"THE DAFFY DUCK",,"978-81-207-4397-7","STERLING",2009,,,,,"800/DAF",,,,,,,,,60,,"BULSAR BOOK STORE",,,,"STORY",
"FULL MOON FELINA",,"978-81-207-4395-3","STERLING",2009,,,,,"800/FUL",,,,,,,,,60,,"BULSAR BOOK STORE",,,,"STORY",
"TOM AND JERRY PIRATES AT SEA",,"978-81-207-5159-0","STERLING",2010,,,,,"800/BRI",,,,"KEVIN BRICKLIN;Author",,,,,60,,"BULSAR BOOK STORE",,,,"STORY",
"STORY TIME WITH LOONEY TUNES",,"978-81-207-5427-0","STERLING",2010,,,,,"800/STO",,,,,,,,,150,,"BULSAR BOOK STORE",,,,"STORY",
"STORY TIME WITH TOM AND JERRY",,"978-81-207-5429-4","STERLING",2010,,,,,"800/STO",,,,"KEVIN BRICKLIN;Author",,,,,150,,"BULSAR BOOK STORE",,,,"STORY",
"STORY TIME WITH  SESAME STREET GANG",,"978-81-207-5428-7","STERLING",2006,,,,,"800/SHA",,,,"P.J.SHAW;Author",,,,,150,,"BULSAR BOOK STORE",,,,"STORY",
"MY MAGIC STORY COLLECTION: BARNEY",,"978-81-207-5564-2","STERLING",2010,,,,,"800/BER",,,,"MARK S. BERNTHAL;Author",,,,,450,,"BULSAR BOOK STORE",,,,"STORY",
"MY MAGIC STORY COLLECTION: LOONEY TUNES",,"978-81-207-5565-9","STERLING",2010,,,,,"800/MAG",,,,,,,,,450,,"BULSAR BOOK STORE",,,,"STORY",
"fULL MOON FELINA",,"978-81-207-3676-4","STERLING",2008,,,,,"800/SCO",,,,,,,,,70,,"BULSAR BOOK STORE",,,,"STORY",
"SCOOBY DOO: WEIRD WATER PARK",,"978-81-207-3678-8","STERLING",2007,,,,,"800/MCC",,,,"MCCANN.JESSE LEON ;Author",,,,,70,,"BULSAR BOOK STORE",,,,"STORY",
"SCOOBY DOO ON ZOMBIES ISLAND",,"978-81-207-3680-1","STERLING",2008,,,,,"800/LEO",,,,"LEOPOLD.GLENN ;Author DOI. DAVIS ;Author",,,,,70,,"BULSAR BOOK STORE",,,,"STORY",
"SCOOBY DOO: JUNGLE JEOPARDY",,"978-81-207-3677-1","STERLING",2007,,,,,"800/MCC",,,,"MCCANN.JESSE LEON ;Author",,,,,70,,"BULSAR BOOK STORE",,,,"STORY",
"SCOOBY DOO AND THE WICHES GHOST",,"978-81-207-3679-5","STERLING",2007,,,,,"800/COP",,,,"COPP.RICK ;Author GOODMAN.DAVID ;Author",,,,,70,,"BULSAR BOOK STORE",,,,"STORY",
"SCOOBY DOO AND ZOMBIES TOO",,"978-81-207-3681-8","STERLING",2007,,,,,"800/LEO",,,,"LEOPOLD.GLENN ;Author DOI.DAVIS ;Author",,,,,70,,"BULSAR BOOK STORE",,,,"STORY",
"BATMAN: FROSTBITE",,"978-81-207-4056-3","STERLING",2008,,,,,"800/MIC",,,,"STEELE.MICHAEL ANTHONY ;Author",,,,,70,,"BULSAR BOOK STORE",,,,"STORY",
"BATMAN: COOL CAT",,"978-81-207-4057-0","STERLING",2008,,,,,"800/MIC",,,,"STEELE.MICHAEL ANTHONY ;Author",,,,,70,,"BULSAR BOOK STORE",,,,"STORY",
"GOLDEN TEMPLE",,"978-81-8252-569-6","WILCO ",2011,,,,,"200/GOL",,,,,,,,,50,,"BULSAR BOOK STORE",,,,"STORY",
"HISTORIC CITY OF DELHI",,"978-81-8252-515-3","WILCO ",2011,,,,,"200/HIS",,,,,,,,,50,,"BULSAR BOOK STORE",,,,"STORY",
"TIRUMALA TIPUPATI",,"978-81-8252-514-6","WILCO ",2011,,,,,"200/TIR",,,,,,,,,50,,"BULSAR BOOK STORE",,,,"STORY",
"VARANASI",,"978-81-8252-570-2","WILCO ",2011,,,,,"200/VAR",,,,,,,,,50,,"BULSAR BOOK STORE",,,,"STORY",
"BOB THE BUILDER: BOBS BUSY DAYS",,"978-81-207-4624-4","STERLING",2011,,,,,"800/BOB",,,,,,,,,295,,"BULSAR BOOK STORE",,,,"STORY",
"WORLD'S GREAT SCIENTISTS: ISSAC NEWTON",,"978-81-8341-577-4","ROHAAN",,,,,,"925/WOR",,,,,"SCIENTISTS",,,,50,,"BULSAR BOOK STORE",,,,"BIOGRAPHY",
"WORLD'S GREAT SCIENTISTS: WRIGHT BROTHERS",,"978-81-8341-588-0","ROHAAN",,,,,,"925/WOR",,,,,"SCIENTISTS",,,,50,,"BULSAR BOOK STORE",,,,"BIOGRAPHY",
"WORLD'S GREAT SCIENTISTS: ALEXANDER GRAHAM BELL",,"978-81-8341-565-1","ROHAAN",,,,,,"925/WOR",,,,,"SCIENTISTS",,,,50,,"BULSAR BOOK STORE",,,,"BIOGRAPHY",
"WORLD'S GREAT SCIENTISTS: ALBERT EINSTEIN",,"978-81-8341-564-4","ROHAAN",,,,,,"925/WOR",,,,,"SCIENTISTS",,,,50,,"BULSAR BOOK STORE",,,,"BIOGRAPHY",
"WORLD'S GREAT SCIENTISTS: THOMAS ALVA EDISON",,"978-81-8341-586-6","ROHAAN",,,,,,"925/WOR",,,,,"SCIENTISTS",,,,50,,"BULSAR BOOK STORE",,,,"BIOGRAPHY",
"WORLD'S GREAT SCIENTISTS: NICOLAUS COPERNICUS",,"978-81-8341-585-9","ROHAAN",,,,,,"925/WOR",,,,,"SCIENTISTS",,,,50,,"BULSAR BOOK STORE",,,,"BIOGRAPHY",
"WORLD'S GREAT SCIENTISTS: MICHAEL FARADAY",,"978-81-8341-584-2","ROHAAN",,,,,,"925/WOR",,,,,"SCIENTISTS",,,,50,,"BULSAR BOOK STORE",,,,"BIOGRAPHY",
"WORLD'S GREAT SCIENTISTS: MARIE CURIE",,"978-81-8341-583-5","ROHAAN",,,,,,"925/WOR",,,,,"SCIENTISTS",,,,50,,"BULSAR BOOK STORE",,,,"BIOGRAPHY",
"WORLD'S GREAT SCIENTISTS: LOUIS PASTEUR",,"978-81-8341-582-8","ROHAAN",,,,,,"925/WOR",,,,,"SCIENTISTS",,,,50,,"BULSAR BOOK STORE",,,,"BIOGRAPHY",
"WORLD'S GREAT SCIENTISTS: JOHN LOGIE BAIRD",,"978-81-8341-580-4","ROHAAN",,,,,,"925/WOR",,,,,"SCIENTISTS",,,,50,,"BULSAR BOOK STORE",,,,"BIOGRAPHY",
"WORLD'S GREAT SCIENTISTS: JOHANNES KEPLER",,"978-81-8341-579-8","ROHAAN",,,,,,"925/WOR",,,,,"SCIENTISTS",,,,50,,"BULSAR BOOK STORE",,,,"BIOGRAPHY",
"WORLD'S GREAT SCIENTISTS: JAMES WATT",,"978-81-8341-578-1","ROHAAN",,,,,,"925/WOR",,,,,"SCIENTISTS",,,,50,,"BULSAR BOOK STORE",,,,"BIOGRAPHY",
"WORLD'S GREAT SCIENTISTS: HUMPHRY DAVY",,"978-81-8341-576-7","ROHAAN",,,,,,"925/WOR",,,,,"SCIENTISTS",,,,50,,"BULSAR BOOK STORE",,,,"BIOGRAPHY",
"WORLD'S GREAT SCIENTISTS: GUGLIELMO MARCONI",,"978-81-8341-575-0","ROHAAN",,,,,,"925/WOR",,,,,"SCIENTISTS",,,,50,,"BULSAR BOOK STORE",,,,"BIOGRAPHY",
"WORLD'S GREAT SCIENTISTS: GALILEO GALILEI",,"978-81-8341-574-3","ROHAAN",,,,,,"925/WOR",,,,,"SCIENTISTS",,,,50,,"BULSAR BOOK STORE",,,,"BIOGRAPHY",
"WORLD'S GREAT SCIENTISTS: EDWARD JENNER",,"978-81-8341-572-9","ROHAAN",,,,,,"925/WOR",,,,,"SCIENTISTS",,,,50,,"BULSAR BOOK STORE",,,,"BIOGRAPHY",
"WORLD'S GREAT SCIENTISTS: EDWIN HUBBLE",,"978-81-8341-573-6","ROHAAN",,,,,,"925/WOR",,,,,"SCIENTISTS",,,,50,,"BULSAR BOOK STORE",,,,"BIOGRAPHY",
"WORLD'S GREAT SCIENTISTS: EDMUND HALLEY",,"978-81-8341-571-2","ROHAAN",,,,,,"925/WOR",,,,,"SCIENTISTS",,,,50,,"BULSAR BOOK STORE",,,,"BIOGRAPHY",
"WORLD'S GREAT SCIENTISTS: CHARLES DARWIN",,"978-81-8341-570-5","ROHAAN",,,,,,"925/WOR",,,,,"SCIENTISTS",,,,50,,"BULSAR BOOK STORE",,,,"BIOGRAPHY",
"WORLD'S GREAT SCIENTISTS: CHARLES BABBAGE",,"978-81-8341-569-9","ROHAAN",,,,,,"925/WOR",,,,,"SCIENTISTS",,,,50,,"BULSAR BOOK STORE",,,,"BIOGRAPHY",
"WORLD'S GREAT SCIENTISTS: ARCHIMEDES",,"978-81-8341-568-2","ROHAAN",,,,,,"925/WOR",,,,,"SCIENTISTS",,,,50,,"BULSAR BOOK STORE",,,,"BIOGRAPHY",
"WORLD'S GREAT SCIENTISTS: ANTONIE VAN LEEUWENHOEK",,"978-81-8341-567-5","ROHAAN",,,,,,"925/WOR",,,,,"SCIENTISTS",,,,50,,"BULSAR BOOK STORE",,,,"BIOGRAPHY",
"WORLD'S GREAT SCIENTISTS: ALFRED NOBEL",,"978-81-8341-566-8","ROHAAN",,,,,,"925/WOR",,,,,"SCIENTISTS",,,,50,,"BULSAR BOOK STORE",,,,"BIOGRAPHY",
"KALIDAS",,"978-81-8252-574-0","wILCO ",2011,,,,,"920/KAL",,,,,,,,,50,,"BULSAR BOOK STORE",,,,"BIOGRAPHY",
"SURDAS",,"978-81-8252-580-1","wILCO ",2012,,,,,"920/SUR",,,,,,,,,50,,"BULSAR BOOK STORE",,,,"BIOGRAPHY",
"ADOLF HITLER",,"978-81-8252-502-3","wILCO ",2011,,,,,"920/ADO",,,,,,,,,50,,"BULSAR BOOK STORE",,,,"BIOGRAPHY",
"MOTHER TERESA",,"978-81-8252-503-0","wILCO ",2011,,,,,"920/MOT",,,,,,,,,50,,"BULSAR BOOK STORE",,,,"BIOGRAPHY",
"JAWAHARLAL NEHRU ",,"978-81-8252-478-1","wILCO ",2011,,,,,"920/JAW",,,,,,,,,50,,"BULSAR BOOK STORE",,,,"BIOGRAPHY",
"WINSTON CHURCHILL",,"978-81-8252-505-4","wILCO ",2011,,,,,"920/WIN",,,,,,,,,50,,"BULSAR BOOK STORE",,,,"BIOGRAPHY",
"RABINDRANATH TAGORE",,"978-81-8252-504-7","wILCO ",2011,,,,,"920/RAB",,,,,,,,,50,,"BULSAR BOOK STORE",,,,"BIOGRAPHY",
"BHAGAT SINGH",,"978-81-8252-449-1","wILCO ",2011,,,,,"920/BHA",,,,,,,,,50,,"BULSAR BOOK STORE",,,,"BIOGRAPHY",
"MAHATMA GANDHI",,"978-81-8252-501-6","wILCO ",2011,,,,,"920/MAH",,,,,,,,,50,,"BULSAR BOOK STORE",,,,"BIOGRAPHY",
"SUBHASH CHANDRA BOSE",,"978-81-8252-477-4","wILCO ",2011,,,,,"920/SUB",,,,,,,,,50,,"BULSAR BOOK STORE",,,,"BIOGRAPHY",
"DR. AMBEDKAR",,"978-81-8252-581-8","wILCO ",2012,,,,,"920/AMB",,,,,,,,,50,,"BULSAR BOOK STORE",,,,"BIOGRAPHY",
"THE STORY OF THE CAMERA",,"978-81-8252-575-7","WILCO ",2011,,,,,"500/STO",,,,,,,,,50,,"BULSAR BOOK STORE",,,,"INVENTION AND DISCOVERIES",
"THE STORY OF THE AIRPLANE",,"978-81-8252-543-6","WILCO ",2011,,,,,"500/STO",,,,,,,,,50,,"BULSAR BOOK STORE",,,,"INVENTION AND DISCOVERIES",
"TELEPHONE",,"978-81-8252-521-4","WILCO ",2011,,,,,"500/TEL",,,,,,,,,50,,"BULSAR BOOK STORE",,,,"INVENTION AND DISCOVERIES",
"THE STORY OF THE  SHIP",,"978-81-8252-576-4","WILCO ",2011,,,,,"500/STO",,,,,,,,,50,,"BULSAR BOOK STORE",,,,"INVENTION AND DISCOVERIES",
"COMPUTE",,"978-81-8252-520-7","WILCO ",2011,,,,,"500/COM",,,,,,,,,50,,"BULSAR BOOK STORE",,,,"INVENTION AND DISCOVERIES",
"VIKRAM & BETAL II",,"978-81-8252-459-0","WILCO ",2011,,,,,"800/VIK",,,,,,,,,50,,"BULSAR BOOK STORE",,,,"STORY",
"ANCIENT TALES OF WIT & WISDOM II",,"978-81-8252-497-2","WILCO ",2011,,,,,"800/ANC",,,,,,,,,50,,"BULSAR BOOK STORE",,,,"STORY",
"NALA DAMAYANTI",,"978-81-8252-479-8","WILCO ",2011,,,,,"800/NAL",,,,,,,,,50,,"BULSAR BOOK STORE",,,,"STORY",
" AKBAR & BIRBAL III",,"978-81-8252-588-7","WILCO ",2012,,,,,"800/AKB",,,,,,,,,50,,"BULSAR BOOK STORE",,,,"STORY",
"BHEESHMA",,"978-81-8252-464-4","WILCO ",2011,,,,,"800/BHE",,,,,,,,,50,,"BULSAR BOOK STORE",,,,"STORY",
"RANI OF JHANSI",,"978-81-8252-465-2","WILCO ",2011,,,,,"800/RAN",,,,,,,,,50,,"BULSAR BOOK STORE",,,,"STORY",
"CHANAKYA",,"978-81-8252-463-7","WILCO ",2011,,,,,"800/CHA",,,,,,,,,50,,"BULSAR BOOK STORE",,,,"STORY",
"VIKRAMADITYA",,"978-81-8252-574-0","WILCO ",2011,,,,,"800/VIK",,,,,,,,,50,,"BULSAR BOOK STORE",,,,"STORY",
"GURU GOBIND SINGH",,"978-81-8252-494-1","WILCO ",2011,,,,,"800/GUR",,,,,,,,,50,,"BULSAR BOOK STORE",,,,"STORY",
"SHIVAJI",,"978-81-8252-500-9","WILCO ",2011,,,,,"800/SHI",,,,,,,,,50,,"BULSAR BOOK STORE",,,,"STORY",
"GARUDA",,"978-81-8252-518-4","WILCO ",2011,,,,,"800/GAR",,,,,,,,,50,,"BULSAR BOOK STORE",,,,"STORY",
"JAHANGIR",,"978-81-8252-447-7","WILCO ",2011,,,,,"800/JAH",,,,,,,,,50,,"BULSAR BOOK STORE",,,,"STORY",
"ASHOKA",,"978-81-8252-498-9","WILCO ",2011,,,,,"800/ASH",,,,,,,,,50,,"BULSAR BOOK STORE",,,,"STORY",
"RANA PRATAP",,"978-81-8252-465-1","WILCO ",2011,,,,,"800/RAN",,,,,,,,,50,,"BULSAR BOOK STORE",,,,"STORY",
"BHEESHMA",,"978-81-8252-464-4","WILCO ",2011,,,,,"800/BHE",,,,,,,,,50,,"BULSAR BOOK STORE",,,,"STORY",
"GANDHARI",,"978-81-8252-584-9","WILCO ",2012,,,,,"800/GAN",,,,,,,,,50,,"BULSAR BOOK STORE",,,,"STORY",
"SAMUDRAGUPTA",,"978-81-8252-578-8","WILCO ",2011,,,,,"800/SAM",,,,,,,,,50,,"BULSAR BOOK STORE",,,,"STORY",
"JAHANGIR",,"978-81-8252-447-7","WILCO ",2011,,,,,"800/JAH",,,,,,,,,50,,"BULSAR BOOK STORE",,,,"STORY",
"PRITHVIRAJ CHAUHAN",,"978-81-8252-470-5","WILCO ",2011,,,,,"800/PRI",,,,,,,,,50,,"BULSAR BOOK STORE",,,,"STORY",
"NALA DAMAYANTI",,"978-81-8252-479-8","WILCO ",2011,,,,,"800/NAL",,,,,,,,,50,,"BULSAR BOOK STORE",,,,"STORY",
"GANGA",,"978-81-8252-467-5","WILCO ",2011,,,,,"800/GAN",,,,,,,,,50,,"BULSAR BOOK STORE",,,,"STORY",
"ARJUNA",,"978-81-8252-461-3","WILCO ",2011,,,,,"800/ARJ",,,,,,,,,50,,"BULSAR BOOK STORE",,,,"STORY",
"DASHARATHA",,"978-81-8252-583-2","WILCO ",2012,,,,,"800/DAS",,,,,,,,,50,,"BULSAR BOOK STORE",,,,"STORY",
"MULLAH NASRUDDIN",,"978-81-8252-491-0","WILCO ",2011,,,,,"800/MUL",,,,,,,,,50,,"BULSAR BOOK STORE",,,,"STORY",
"SHAH JAHAN",,"978-81-8252-473-6","WILCO ",2011,,,,,"800/SHA",,,,,,,,,50,,"BULSAR BOOK STORE",,,,"STORY",
"CHANDRAGUPTA MAURYA",,"978-81-8252-493-4","WILCO ",2011,,,,,"800/CHA",,,,,,,,,50,,"BULSAR BOOK STORE",,,,"STORY",
"HITOPADESHA III",,"978-81-8252-546-7","WILCO ",2011,,,,,"800/HIT",,,,,,,,,50,,"BULSAR BOOK STORE",,,,"STORY",
"JATAKA TALES II",,"978-81-8252-483-5","WILCO ",2011,,,,,"800/JAT",,,,,,,,,50,,"BULSAR BOOK STORE",,,,"STORY",
"ANCIENT TALES OF WIT & WISDOM I",,"978-81-8252-496-5","WILCO ",2011,,,,,"800/ANC",,,,,,,,,50,,"BULSAR BOOK STORE",,,,"STORY",
"AKBAR & BIRBAL II",,"978-81-8252-474-3","WILCO ",2011,,,,,"800/AKB",,,,,,,,,50,,"BULSAR BOOK STORE",,,,"STORY",
"PANCHATANTRA-III",,"978-81-8252-568-9","WILCO ",2011,,,,,"800/PAN",,,,,,,,,50,,"BULSAR BOOK STORE",,,,"STORY",
"JATAKA TALES III",,"978-81-8252-519-1","WILCO ",2011,,,,,"800/JAT",,,,,,,,,50,,"BULSAR BOOK STORE",,,,"STORY",
"VIKRAM & BETAL III",,"978-81-8252-572-6","WILCO ",2011,,,,,"800/VIK",,,,,,,,,50,,"BULSAR BOOK STORE",,,,"STORY",
"PANCHATANTRA-I",,"978-81-8252-512-2","WILCO ",2011,,,,,"800/PAN",,,,,,,,,50,,"BULSAR BOOK STORE",,,,"STORY",
"RAMAN OF TENALI II",,"978-81-8252-472-9","WILCO ",2011,,,,,"800/RAM",,,,,,,,,50,,"BULSAR BOOK STORE",,,,"STORY",
"HITOPADESHA II",,"978-81-8252-495-8","WILCO ",2011,,,,,"800/HIT",,,,,,,,,50,,"BULSAR BOOK STORE",,,,"STORY",
"AKBAR",,"978-81-8252-492-7","WILCO ",2011,,,,,"800/AKB",,,,,,,,,50,,"BULSAR BOOK STORE",,,,"STORY",
"AKBAR & BIRBAL I",,"978-81-8252-485-9","WILCO ",2011,,,,,"800/AKB",,,,,,,,,50,,"BULSAR BOOK STORE",,,,"STORY",
"VIKRAM & BETAL I",,"978-81-8252-458-3","WILCO ",2011,,,,,"800/VIK",,,,,,,,,50,,"BULSAR BOOK STORE",,,,"STORY",
"ANCIENT TALES OF WIT & WISDOM-III",,"978-81-8252-525-2","WILCO ",2011,,,,,"800/ANC",,,,,,,,,50,,"BULSAR BOOK STORE",,,,"STORY",
"RAMAN OF TENALI I",,"978-81-8252-486-6","WILCO ",2011,,,,,"800/RAM",,,,,,,,,50,,"BULSAR BOOK STORE",,,,"STORY",
"HITOPADESHA I",,"978-81-8252446-0","WILCO ",2011,,,,,"800/HIT",,,,,,,,,50,,"BULSAR BOOK STORE",,,,"STORY",
"MAHABHARATA",,"978-81-8252-489-7","WILCO ",2011,,,,,"800/MAH",,,,,,,,,250,,"BULSAR BOOK STORE",,,,"STORY",
"RAMAYANA",,"978-81-8252-490-3","WILCO ",2011,,,,,"800/RAM",,,,,,,,,250,,"BULSAR BOOK STORE",,,,"STORY",
"MY GIANT STORY BOOK : DORA'S BOOK OF MANNERS",,"978-81-207-5213-9","SHREE",2010,,,,,"800/RIC",,,,"RICCI.CHRISTINE ;Author",,,,,125,,"BULSAR BOOK STORE",,,,"STORY",
"MY GIANT STORY BOOK TOM & JERRY ANYBODY HOME?",,"978-81-207-5219-1","SHREE",2010,,,,,"800/GIA",,,,,,,,,125,,"BULSAR BOOK STORE",,,,"STORY",
"MY GIANT STORY BOOK  TOM & JERRY PARADE OF THE STARS",,"978-81-207-5220-7","SHREE",2010,,,,,"800/GIA",,,,,,,,,125,,"BULSAR BOOK STORE",,,,"STORY",
"MY GIANT STORY BOOK : BARBIE AND THE THREE MUSKETEERS",,"978-81-207-5215-3","SHREE",2010,,,,,"800/GIA",,,,,,,,,125,,"BULSAR BOOK STORE",,,,"STORY",
"MY GIANT STORY BOOK BARBIE MARIPOSA",,"978-81-207-5216-0","SHREE",2010,,,,,"800/KON",,,,"MAN- KONG.MARY;Author",,,,,125,,"BULSAR BOOK STORE",,,,"STORY",
"MY GIANT STORY BOOK :BEN 10 TO THE RESCUE",,"978-81-207-5218-4","SHREE",2010,,,,,"800/GIA",,,,,,,,,125,,"BULSAR BOOK STORE",,,,"STORY",
"MY GIANT STORY BOOK : BEN 10 AND LAKE MONSTER",,"978-81-207-5217-7","SHREE",2010,,,,,"800/GIA",,,,,,,,,125,,"BULSAR BOOK STORE",,,,"STORY",
"WINNIE THE POOH: PIGLET THE BRAVE",,"978-81-286-3631-8","EURO BOOK (SHREE)",2013,,,,,"800/HAP",,,,"HAPKA.CATHERINE ;Author",,,,,65,,"BULSAR BOOK STORE",,,,"STORY",
"WINNIE THE POOH: EEYORE'S GLOOMY DAY",,"978-81-286-3625-7","EURO BOOK (SHREE)",2013,,,,,"800/HAP",,,,"HAPKA.CATHERINE ;Author",,,,,65,,"BULSAR BOOK STORE",,,,"STORY",
"WINNIE THE POOH:FRIENDLY BOTHERS",,"978-81-286-3627-1","EURO BOOK (SHREE)",2013,,,,,"800/HAP",,,,"HAPKA.CATHERINE ;Author",,,,,65,,"BULSAR BOOK STORE",,,,"STORY",
"WINNIE THE POOH: SEEDS OF FRIENDSHIP",,"978-81-286-3634-9","EURO BOOK (SHREE)",2013,,,,,"800/FEL",,,,"FELDAM.THEA;Author",,,,,65,,"BULSAR BOOK STORE",,,,"STORY",
"WINNIE THE POOH: HIDE AND POOH SEEK",,"978-81-286-3628-8","EURO BOOK (SHREE)",2013,,,,,"800/HAP",,,,"HAPKA.CATHERINE ;Author",,,,,65,,"BULSAR BOOK STORE",,,,"STORY",
"WINNIE THE POOH: OWL BE SEEING YOU",,"978-81-286-3629-5","EURO BOOK (SHREE)",2013,,,,,"800/FEL",,,,"FELDAM.THEA;Author",,,,,65,,"BULSAR BOOK STORE",,,,"STORY",
"WINNIE THE POOH: THE POOH STICKS GAME",,"978-81-286-3636-3","EURO BOOK (SHREE)",2013,,,,,"800/FEL",,,,"FELDAM.THEA;Author",,,,,65,,"BULSAR BOOK STORE",,,,"STORY",
"WINNIE THE POOH: FORGET ME KNOT",,"978-81-286-3626-4","EURO BOOK (SHREE)",2013,,,,,"800/FEL",,,,"FELDAM.THEA;Author",,,,,65,,"BULSAR BOOK STORE",,,,"STORY",
"WINNIE THE POOH: BETTER THAN HONEY?",,"978-81-286-3622-6","EURO BOOK (SHREE)",2013,,,,,"800/HAP",,,,"HAPKA.CATHERINE ;Author",,,,,65,,"BULSAR BOOK STORE",,,,"STORY",
"WINNIE THE POOH: DON'T BE ROO-DICULOUS ",,"978-81-286-3624-0","EURO BOOK (SHREE)",2013,,,,,"800/FEL",,,,"FELDAM.THEA;Author",,,,,65,,"BULSAR BOOK STORE",,,,"STORY",
"WINNIE THE POOH: UNDER-THE-WEATHER FRIENDS",,"978-81-286-3637-0","EURO BOOK (SHREE)",2013,,,,,"800/FEL",,,,"FELDAM.THEA;Author",,,,,65,,"BULSAR BOOK STORE",,,,"STORY",
"WINNIE THE POOH: A PORTRAIT OF FRIENDSHIP",,"978-81-286-3621-9","EURO BOOK (SHREE)",2013,,,,,"800/FEL",,,,"FELDAM.THEA;Author",,,,,65,,"BULSAR BOOK STORE",,,,"STORY",
"WINNIE THE POOH:  OWL'S READING LESSONS",,"978-81-286-3630-1","EURO BOOK (SHREE)",2013,,,,,"800/HAP",,,,"HAPKA.CATHERINE ;Author",,,,,65,,"BULSAR BOOK STORE",,,,"STORY",
"WINNIE THE POOH: ROO'S DAY AWAY",,"978-81-286-3632-5","EURO BOOK (SHREE)",2013,,,,,"800/HAP",,,,"HAPKA.CATHERINE ;Author",,,,,65,,"BULSAR BOOK STORE",,,,"STORY",
"WINNIE THE POOH: THE SWEETEST OF FRIENDS",,"978-81-286-3635-6","EURO BOOK (SHREE)",2013,,,,,"800/FEL",,,,"FELDAM.THEA;Author",,,,,65,,"BULSAR BOOK STORE",,,,"STORY",
"WINNIE THE POOH:  A BOUNCIFUL FRIENDSHIP",,"978-81-286-3620-2","EURO BOOK (SHREE)",2013,,,,,"800/FEL",,,,"FELDAM.THEA;Author",,,,,65,,"BULSAR BOOK STORE",,,,"STORY",
"WINNIE THE POOH: ROO'S NEW TOY",,"978-81-286-3633-2","EURO BOOK (SHREE)",2013,,,,,"800/HAP",,,,"HAPKA.CATHERINE ;Author",,,,,65,,"BULSAR BOOK STORE",,,,"STORY",
"WINNIE THE POOH: BOUNCE WITH ME!",,"978-81-286-3623-3","EURO BOOK (SHREE)",2013,,,,,"800/HAP",,,,"HAPKA.CATHERINE ;Author",,,,,65,,"BULSAR BOOK STORE",,,,"STORY",
"THE DARK KNIGHT: KILLER CROC OF DOOM",,"978-1-4342-4215-0","STONE ARCH(SHREE)",2012,,,,,"800/SUT",,,,"SUTTON.LAURIE S. ;Author",,,,,199,,"BULSAR BOOK STORE",,,,"STORY",
"THE MAN OF STEEL: PARASITE'S FEEDING FRENZY",,"978-1-4342-4221-1","STONE ARCH(SHREE)",2012,,,,,"800/PET",,,,"PETERSON.SCOTT ;Author",,,,,199,,"BULSAR BOOK STORE",,,,"STORY",
"THE DARK KNIGHT: CAT COMMANDER",,"978-1-4342-4214-3","STONE ARCH(SHREE)",2012,,,,,"800/BRI",,,,"BRIGHT.J.E.;Author",,,,,199,,"BULSAR BOOK STORE",,,,"STORY",
"SUPERMAN: THE STOLEN SUPERPOWERS",,"978-1-4342-1373-0","STONE ARCH(SHREE)",2009,,,,,"800/POW",,,,"POWELL.MARTIN;Author",,,,,199,,"BULSAR BOOK STORE",,,,"STORY",
"BATMAN: EMPEROR OF THE AIRWAVES",,"978-1-4342-1364-8","STONE ARCH(SHREE)",2009,,,,,"800/LEM",,,,"LEMKE.DONALD ;Author",,,,,199,,"BULSAR BOOK STORE",,,,"STORY",
"SUPERMAN: LAST SON OF KRTPTON",,"978-1-4342-1370-9","STONE ARCH(SHREE)",2009,,,,,"800/DAH",,,,"DAHL.MICHAEL ;Author",,,,,199,,"BULSAR BOOK STORE",,,,"STORY",
"SUPERMAN: THE KID WHO SAVED SUPERMAN",,"978-1-4342-1937-4","STONE ARCH(SHREE)",2010,,,,,"800/KUP",,,,"KUPPERBERG.PAUL ;Author",,,,,199,,"BULSAR BOOK STORE",,,,"STORY",
"THE MAN OF STEEL: DEMONS OF DEEP SPACE",,"978-1-4342-4220-4","STONE ARCH(SHREE)",2012,,,,,"800/SUT",,,,"SUTTON.LAURIE S. ;Author",,,,,199,,"BULSAR BOOK STORE",,,,"STORY",
"BATMAN: FUN HOUSE OF EVIL",,"978-1-4342-1367-9","STONE ARCH(SHREE)",2009,,,,,"800/LEM",,,,"LEMKE.DONALD ;Author",,,,,199,,"BULSAR BOOK STORE",,,,"STORY",
"BATMAN: MY FROZEN VALENTINE",,"978-1-4342-1731-8","STONE ARCH(SHREE)",2010,,,,,"800/FEI",,,,"FEIN.ERIC ;Author",,,,,199,,"BULSAR BOOK STORE",,,,"STORY",
"THE DARK KNIGHT: THE JOKER VIRUS",,"978-1-4342-4212-1","STONE ARCH(SHREE)",2012,,,,,"800/PET",,,,"PETERSON.SCOTT ;Author",,,,,199,,"BULSAR BOOK STORE",,,,"STORY",
"BATMAN:FIVE RIDDLES FOR ROBIN",,"978-1-4342-1366-2","STONE ARCH(SHREE)",2009,,,,,"800/DAH",,,,"DAHL.MICHAEL ;Author",,,,,199,,"BULSAR BOOK STORE",,,,"STORY",
"SUPERMAN: TOYS OF TERROR",,"978-1-4342-1374-7","STONE ARCH(SHREE)",2009,,,,,"800/EVE",,,,"EVERHEART.CHRIS ;Author",,,,,199,,"BULSAR BOOK STORE",,,,"STORY",
"THE DARK KNIGHT: SCARECROW'S FLOCK OF FEAR",,"978-1-4342-4217-4","STONE ARCH(SHREE)",2012,,,,,"800/MAN",,,,"MANNING.MATTHEW K. ;Author",,,,,199,,"BULSAR BOOK STORE",,,,"STORY",
"SUPERMAN: METEOR OF DOOM",,"978-1-4342-1734-9","STONE ARCH(SHREE)",2010,,,,,"800/KUP",,,,"KUPPERBERG.PAUL;Author",,,,,199,,"BULSAR BOOK STORE",,,,"STORY",
"SUPERMAN: THE MUSEUM MONSTERS",,"978-1-4342-1372-3","STONE ARCH(SHREE)",2009,,,,,"800/DAH",,,,"DAHL.MICHAEL ;Author",,,,,199,,"BULSAR BOOK STORE",,,,"STORY",
"THE MAN OF STEEL: THE MAN OF GOLD",,"978-1-4342-4222-8","STONE ARCH(SHREE)",2012,,,,,"800/WEI",,,,"WEISSBURG.PAUL;Author",,,,,199,,"BULSAR BOOK STORE",,,,"STORY",
"THE MAN OF STEEL: THE POISONED PLANT",,"978-1-4342-4224-2","STONE ARCH(SHREE)",2012,,,,,"800/MAN",,,,"MANNING.MATTHEW K. ;Author",,,,,199,,"BULSAR BOOK STORE",,,,"STORY",
"BATMAN: THE FOG OF FEAR",,"978-1-4342-1365-5","STONE ARCH(SHREE)",2009,,,,,"800/POW",,,,"POWELL.MARTIN;Author",,,,,199,,"BULSAR BOOK STORE",,,,"STORY",
"BATMAN: POISON IVY'S DEADLY GARDEN",,"978-1-4342-1368-6","STONE ARCH(SHREE)",2009,,,,,"800/HOE",,,,"HOENA.LAKE A.;Author",,,,,199,,"BULSAR BOOK STORE",,,,"STORY",
"SUPERMAN: THE MENACE OF METALLO",,"978-1-4342-1317-6","STONE ARCH(SHREE)",2009,,,,,"800/STE",,,,"STEVENS.ERIC;Author",,,,,199,,"BULSAR BOOK STORE",,,,"STORY",
"BATMAN: THE REVENGE OF CLAYFACE",,"978-1-4342-1369-3","STONE ARCH(SHREE)",2009,,,,,"800/STE",,,,"STEVENS.ERIC;Author",,,,,199,,"BULSAR BOOK STORE",,,,"STORY",
"BATMAN: THE MAN BEHIND THE MASK",,"978-1-4342-1730-1","STONE ARCH(SHREE)",2010,,,,,"800/DAH",,,,"DAHL.MICHAEL ;Author",,,,,199,,"BULSAR BOOK STORE",,,,"STORY",
"ANIMAL ADVENTURE STORIES: FRET AND POLLY",,"978-81-7963-208-6","SHREE",,,,,,"800/ANI",,,,,,,,,20,,"BULSAR BOOK STORE",,,,"STORY",
"ANIMAL ADVENTURE STORIES: WOOLY AND THE MAGIC GLASSES",,"978-81-7963-214-7","SHREE",,,,,,"800/ANI",,,,,,,,,20,,"BULSAR BOOK STORE",,,,"STORY",
"ANIMAL ADVENTURE STORIES: SUE, HAYDEN AND THE RAFT",,"978-81-7963-213-0","SHREE",,,,,,"800/ANI",,,,,,,,,20,,"BULSAR BOOK STORE",,,,"STORY",
"ANIMAL ADVENTURE STORIES: JACK AND THE TREASURE",,"978-81-7963-209-3","SHREE",,,,,,"800/ANI",,,,,,,,,20,,"BULSAR BOOK STORE",,,,"STORY",
"ANIMAL ADVENTURE STORIES: KATHY AND THE TIME MACHINE",,"978-81-7963-210-9","SHREE",,,,,,"800/ANI",,,,,,,,,20,,"BULSAR BOOK STORE",,,,"STORY",
"ANIMAL ADVENTURE STORIES: MIKE AND THE BUNNY",,"978-81-7963-211-6","SHREE",,,,,,"800/ANI",,,,,,,,,20,,"BULSAR BOOK STORE",,,,"STORY",
"ANIMAL ADVENTURE STORIES: ZENDER AND THE GLOWING TOY",,"978-81-7963-215-4","SHREE",,,,,,"800/ANI",,,,,,,,,20,,"BULSAR BOOK STORE",,,,"STORY",
"ANIMAL ADVENTURE STORIES: ROBBIE AND DEAN",,"978-81-7963-212-3","SHREE",,,,,,"800/ANI",,,,,,,,,20,,"BULSAR BOOK STORE",,,,"STORY",
"BARBIE LITTLE STORY: HAWAIIAN HOLIDAY",,"978-81-286-1864-2","EURO BOOK (SHREE)",2011,,,,,"800/BAR",,,,,,,,,30,,"BULSAR BOOK STORE",,,,"STORY",
"BARBIE LITTLE STORY: BARBIE LOVES BALLET",,"978-81-286-1858-1","EURO BOOK (SHREE)",2011,,,,,"800/BAR",,,,,,,,,30,,"BULSAR BOOK STORE",,,,"STORY",
"BARBIE LITTLE STORY: SUPER SPY",,"978-81-286-1859-8","EURO BOOK (SHREE)",2011,,,,,"800/INC",,,,"INCHES.ALISON;Author",,,,,30,,"BULSAR BOOK STORE",,,,"STORY",
"BARBIE LITTLE STORY:  BARBIE LOVES SPRINGTIME",,"978-81-286-1863-5","EURO BOOK (SHREE)",2011,,,,,"800/BAR",,,,,,,,,30,,"BULSAR BOOK STORE",,,,"STORY",
"BARBIE LITTLE STORY: BARBIE LOVES HER SISTERS",,"978-81-286-1862-8","EURO BOOK (SHREE)",2011,,,,,"800/BAR",,,,,,,,,30,,"BULSAR BOOK STORE",,,,"STORY",
"BARBIE LITTLE STORY:  THE NUTCRACKER",,"978-81-286-1857-4","EURO BOOK (SHREE)",2011,,,,,"800/KAS",,,,"KASSIRER.SUE;Author",,,,,30,,"BULSAR BOOK STORE",,,,"STORY",
"BARBIE LITTLE STORY: BARBIE AS THE ISLAND PRINCESS",,"978-81-286-1861-1","EURO BOOK (SHREE)",2011,,,,,"800/KON",,,,"MAN-KONG.MARY;Author",,,,,30,,"BULSAR BOOK STORE",,,,"STORY",
"NODDY MINI READER: MR JUMBO AND THE TOY-TOWN BUS",,"978-81-286-1872-7","EURO BOOK (SHREE)",2011,,,,,"800/BLY",,,,"BLYTON.ENID;Author",,,,,30,,"BULSAR BOOK STORE",,,,"STORY",
"NODDY MINI READER: MR SPARK'S CLEVER FIRE ENGINE",,"978-81-286-1871-0","EURO BOOK (SHREE)",2011,,,,,"800/BLY",,,,"BLYTON.ENID;Author",,,,,30,,"BULSAR BOOK STORE",,,,"STORY",
"NODDY MINI READER:BIG-EARS TO THE RESCUE",,"978-81-286-1870-3","EURO BOOK (SHREE)",2011,,,,,"800/BLY",,,,"BLYTON.ENID;Author",,,,,30,,"BULSAR BOOK STORE",,,,"STORY",
"NODDY MINI READER: THE GOBLINS AND THE ICE-CREAM",,"978-81-286-1868-0","EURO BOOK (SHREE)",2011,,,,,"800/BLY",,,,"BLYTON.ENID;Author",,,,,30,,"BULSAR BOOK STORE",,,,"STORY",
"NODDY MINI READER: MR. STRAW'S NEW COW",,"978-81-286-1866-6","EURO BOOK (SHREE)",2011,,,,,"800/BLY",,,,"BLYTON.ENID;Author",,,,,30,,"BULSAR BOOK STORE",,,,"STORY",
"NODDY MINI READER: MR. PLOD AND THE SORE ARM",,"978-81-286-1865-9","EURO BOOK (SHREE)",2011,,,,,"800/BLY",,,,"BLYTON.ENID;Author",,,,,30,,"BULSAR BOOK STORE",,,,"STORY",
"NODDY MINI READER: BUMPY- DOG HELPS OUT",,"978-81-286-1869-7","EURO BOOK (SHREE)",2011,,,,,"800/BLY",,,,"BLYTON.ENID;Author",,,,,30,,"BULSAR BOOK STORE",,,,"STORY",
"NODDY MINI READER: BIG EARS AND THE NAUGHTY TRICK",,"978-81-286-1867-3","EURO BOOK (SHREE)",2011,,,,,"800/BLY",,,,"BLYTON.ENID;Author",,,,,30,,"BULSAR BOOK STORE",,,,"STORY",
"DISNEY ADVENTURE STORY: THE JUNGLE BOOK",,9781445416625,"PARRAGON(SHREE)",2011,,,,,"800/KIP",,,,"KIPLING.RUDYARD ;Author",,,,,95,,"BULSAR BOOK STORE",,,,"STORY",
"DISNEY ADVENTURE STORY: PETER PAN",,"978-14-454-166-25","PARRAGON(SHREE)",2011,,,,,"800/DIS",,,,,,,,,95,,"BULSAR BOOK STORE",,,,"STORY",
"DISNEY ADVENTURE STORY: CARS",,"978-14-454-166-25","PARRAGON(SHREE)",2011,,,,,"800/DIS",,,,,,,,,95,,"BULSAR BOOK STORE",,,,"STORY",
"DISNEY ADVENTURE STORY: TOY STORY",,"978-14-454-166-25","PARRAGON(SHREE)",2011,,,,,"800/DIS",,,,,,,,,95,,"BULSAR BOOK STORE",,,,"STORY",
"DONALD DUCK & FRIENDS: TOTAL RESET BUTTON",,"978-81-286-3329-4","EURO BOOKS(SHREE)",2012,,,,,"800/DON",,,,,,,,,70,,"BULSAR BOOK STORE",,,,"STORY",
"DONALD DUCK & FRIENDS: BEFORE THE PREMIERE",,"978-81-286-3327-0","EURO BOOKS(SHREE)",2012,,,,,"800/DON",,,,,,,,,70,,"BULSAR BOOK STORE",,,,"STORY",
"DONALD DUCK & FRIENDS: BUGGED DUCK",,"978-81-286-3332-4","EURO BOOKS(SHREE)",2012,,,,,"800/DON",,,,,,,,,70,,"BULSAR BOOK STORE",,,,"STORY",
"DONALD DUCK & FRIENDS: SON OF THE RISING SUN",,"978-81-286-3330-0","EURO BOOKS(SHREE)",2012,,,,,"800/DON",,,,,,,,,70,,"BULSAR BOOK STORE",,,,"STORY",
"DONALD DUCK & FRIENDS: SOUVENIR DE PARIS",,"978-81-286-3328-7","EURO BOOKS(SHREE)",2012,,,,,"800/DON",,,,,,,,,70,,"BULSAR BOOK STORE",,,,"STORY",
"DONALD DUCK & FRIENDS: SPECIAL CORRESPONDENT",,"978-81-286-3331-7","EURO BOOKS(SHREE)",2012,,,,,"800/DON",,,,,,,,,70,,"BULSAR BOOK STORE",,,,"STORY",
"WOW! OCEAN LIFE",,"978-1-906370-17-6","SALARIYA(SHREE)",2008,,,,,"500/FRA",,,,"FRANKLIN.CAROLYN ;Author",,,,,135,,"BULSAR BOOK STORE",,,,"SCIENCE",
"WOW! LIVING WORLD",,"978-1-906370-47-3","SALARIYA(SHREE)",2008,,,,,"500/CHE",,,,"CHESHIRE.GERARD ;Author",,,,,135,,"BULSAR BOOK STORE",,,,"SCIENCE",
"WOW! EARTH AND THE UNIVERSE",,"978-1-906370-45-9","SALARIYA(SHREE)",2008,,,,,"500/GRA",,,,"GRAHAM.IAN;Author",,,,,135,,"BULSAR BOOK STORE",,,,"SCIENCE",
"WOW! MACHINES AND INVENTIONS",,"978-1-906370-43-5","SALARIYA(SHREE)",2008,,,,,"500/GRA",,,,"GRAHAM.IAN;Author",,,,,135,,"BULSAR BOOK STORE",,,,"SCIENCE",
"WOW! DINOSAURS",,"978-1-905638-25-3","SALARIYA(SHREE)",2007,,,,,"500/STE",,,,"STEWART.DAVID ;Author",,,,,135,,"BULSAR BOOK STORE",,,,"SCIENCE",
"WOW! PEOPLE AND PLACES",,"978-1-906370-41-1","SALARIYA(SHREE)",2008,,,,,"500/CHE",,,,"CHESHIRE.GERARD ;Author",,,,,135,,"BULSAR BOOK STORE",,,,"SCIENCE",
"THE SECRET OF SPIGGY HOLES:2",,"978-1-84135-675-4","AWARD(SHREE)",2011,,,,,"823/BLY",,,,"BLYTON.ENID;Author",,,,,199,,"BULSAR BOOK STORE",,,,"STORY",
"THE SECRET FOREST: 4",,"978-1-84135-677-8","AWARD(SHREE)",2011,,,,,"823/BLY",,,,"BLYTON.ENID;Author",,,,,199,,"BULSAR BOOK STORE",,,,"STORY",
"THE SECRET VALLEY:6",,"978-1-84135-678-5","AWARD(SHREE)",2010,,,,,"823/BLY",,,,"BLYTON.ENID;Author BOLTON.T.F.;Author",,,,,199,,"BULSAR BOOK STORE",,,,"STORY",
"THE SECRET MOUNTAIN:3",,"978-1-84135-676-1","AWARD(SHREE)",2011,,,,,"823/BLY",,,,"BLYTON.ENID;Author",,,,,199,,"BULSAR BOOK STORE",,,,"STORY",
"THE SECRET OF ISLAND:1",,"978-1-84135-673-0","AWARD(SHREE)",2011,,,,,"823/BLY",,,,"BLYTON.ENID;Author",,,,,199,,"BULSAR BOOK STORE",,,,"STORY",
"THE SECRET OF MOON CASTLE:5",,"978-1-84135-674-7","AWARD(SHREE)",2011,,,,,"823/BLY",,,,"BLYTON.ENID;Author",,,,,199,,"BULSAR BOOK STORE",,,,"STORY",
"501 AMAZING FACTS",,"978-81-7963-758-6","SHREE",2013,,,,,"001/AMA",,,,,,,,,85,,"BULSAR BOOK STORE",,,,"GENERAL KNOWLEDGE",
"501 FASCINATING FACTS",,"978-81-7963-759-3","SHREE",2013,,,,,"001/FAS",,,,,,,,,85,,"BULSAR BOOK STORE",,,,"GENERAL KNOWLEDGE",
"501 INCREDIBLE FACTS",,"978-81-7963-761-6","SHREE",2013,,,,,"001/INC",,,,,,,,,85,,"BULSAR BOOK STORE",,,,"GENERAL KNOWLEDGE",
"501 WONDERFUL FACTS",,"978-81-7963-760-9","SHREE",2013,,,,,"001/WON",,,,,,,,,85,,"BULSAR BOOK STORE",,,,"GENERAL KNOWLEDGE",
"HOW A CATERPILLAR GROWS INTO A BUTTERFLY",,"978-1-905087-24-2","SALARIYA(SHREE)",2009,,,,,"500/KAN",,,,"KANT.TANYA;Author",,,,,135,,"BULSAR BOOK STORE",,,,"SCIENCE",
"HOW AN EGG GROWS INTO A CHICKEN",,"978-1-906370-39-8","SALARIYA(SHREE)",2009,,,,,"500/KAN",,,,"KANT.TANYA;Author",,,,,135,,"BULSAR BOOK STORE",,,,"SCIENCE",
"THE MIGRATION OF A WHALE",,"978-1-906370-64-0","SALARIYA(SHREE)",,,,,,"500/KAN",,,,"KANT.TANYA;Author",,,,,135,,"BULSAR BOOK STORE",,,,"SCIENCE",
"HOW A TADPOLE GROWS INTO A FROG",,"978-1-905087-22-8","SALARIYA(SHREE)",2007,,,,,"500/STE",,,,"STEWART.DAVID ;Author",,,,,135,,"BULSAR BOOK STORE",,,,"SCIENCE",
"HOW A SEED GROWS INTO A SUNFLOWER",,"978-1-905087-26-6","SALARIYA(SHREE)",2009,,,,,"500/STE",,,,"STEWART.DAVID ;Author",,,,,135,,"BULSAR BOOK STORE",,,,"SCIENCE",
"THE MIGRATION OF A BUTTERFLY",,"978-1-906370-66-4","SALARIYA(SHREE)",,,,,,"500/KAN",,,,"KANT.TANYA;Author",,,,,135,,"BULSAR BOOK STORE",,,,"SCIENCE",
"MOSTLY GHOSTLY STORIES: THE SHROUDED STATUE AND OTHER STORIES",,"978-81-8499-371-4","SHREE",2011,,,,,"823/VAS",,,,"VAS.GRATIAN ;Author",,,,,99,,"BULSAR BOOK STORE",,,,"FICTION",
"MOSTLY GHOSTLY STORIES: THE HEADLESS HORSEMAN AND OTHER STORIES",,"978-81-8499-416-2","SHREE",2011,,,,,"823/VAS",,,,"VAS.GRATIAN ;Author",,,,,99,,"BULSAR BOOK STORE",,,,"FICTION",
"MOSTLY GHOSTLY STORIES: THE HIDDEN TREASURE AND OTHER STORIES",,"978-81-8499-415-5","SHREE",2011,,,,,"823/VAS",,,,"VAS.GRATIAN ;Author",,,,,99,,"BULSAR BOOK STORE",,,,"FICTION",
"MOSTLY GHOSTLY STORIES: THE TRAGIC TEEN PARTY AND OTHER STORIES",,"978-81-8499-414-8","SHREE",2011,,,,,"823/VAS",,,,"VAS.GRATIAN ;Author",,,,,99,,"BULSAR BOOK STORE",,,,"FICTION",
"MOSTLY GHOSTLY STORIES: THE GHOST TRAIN AND OTHER STORIES",,"978-81-8499-413-1","SHREE",2011,,,,,"823/VAS",,,,"VAS.GRATIAN ;Author",,,,,99,,"BULSAR BOOK STORE",,,,"FICTION",
"MOSTLY GHOSTLY STORIES: THE HIDEOUS MONSTERAND OTHER STORIES",,"978-81-8499-418-6","SHREE",2011,,,,,"823/VAS",,,,"VAS.GRATIAN ;Author",,,,,99,,"BULSAR BOOK STORE",,,,"FICTION",
"MOSTLY GHOSTLY STORIES: THE SATURDAY DATE AND OTHER STORIES",,"978-81-8499-370-7","SHREE",2011,,,,,"823/VAS",,,,"VAS.GRATIAN ;Author",,,,,99,,"BULSAR BOOK STORE",,,,"FICTION",
"MOSTLY GHOSTLY STORIES: KEEPER OF THE FOREST AND OTHER STORIES",,"978-81-8499-417-9","SHREE",2011,,,,,"823/VAS",,,,"VAS.GRATIAN ;Author",,,,,99,,"BULSAR BOOK STORE",,,,"FICTION",
"MICKEY MOUSE AND FRIENDS: LEGEND OF THE ROBO-PRESIDENT",,"978-81-286-3334-8","EURO BOOKS(SHREE)",2012,,,,,"800/MIC",,,,,,,,,70,,"BULSAR BOOK STORE",,,,"STORY",
"MICKEY MOUSE AND FRIENDS: CATCH AS CAT CAN",,"978-81-286-3338-6","EURO BOOKS(SHREE)",2012,,,,,"800/MIC",,,,,,,,,70,,"BULSAR BOOK STORE",,,,"STORY",
"MICKEY MOUSE AND FRIENDS: 300 MICKEYS",,"978-81-286-3333-1","EURO BOOKS(SHREE)",2012,,,,,"800/MIC",,,,,,,,,70,,"BULSAR BOOK STORE",,,,"STORY",
"MICKEY MOUSE AND FRIENDS: METAMORPHOSIS",,"978-81-286-3337-9","EURO BOOKS(SHREE)",2012,,,,,"800/MIC",,,,,,,,,70,,"BULSAR BOOK STORE",,,,"STORY",
"MICKEY MOUSE AND FRIENDS: THE TOOLS OF THE TRADE",,"978-81-286-3336-2","EURO BOOKS(SHREE)",2012,,,,,"800/MIC",,,,,,,,,70,,"BULSAR BOOK STORE",,,,"STORY",
"MICKEY MOUSE AND FRIENDS: THE PIRATE GHOSTSHIP",,"978-81-286-3335-5","EURO BOOKS(SHREE)",2012,,,,,"800/MIC",,,,,,,,,70,,"BULSAR BOOK STORE",,,,"STORY",
"FOLLOWING THE TRAIL OF MARCO POLO",,"978-81-286-3460-4","EURO BOOKS(SHREE)",2012,,,,,"800/STI",,,,"STILTON.GERONIMO ;Author",,,,,100,,"BULSAR BOOK STORE",,,,"STORY",
"THE DISCOVERY OF AMERICAN",,"978-81-286-3462-8","EURO BOOKS(SHREE)",2012,,,,,"800/STI",,,,"STILTON.GERONIMO ;Author",,,,,100,,"BULSAR BOOK STORE",,,,"STORY",
"THE COLISEUM CON",,"978-81-286-3461-1","EURO BOOKS(SHREE)",2012,,,,,"800/STI",,,,"STILTON.GERONIMO ;Author",,,,,100,,"BULSAR BOOK STORE",,,,"STORY",
"WHO STOLEN THE MONA LISA?",,"978-81-286-3465-9","EURO BOOKS(SHREE)",2012,,,,,"800/STI",,,,"STILTON.GERONIMO ;Author",,,,,100,,"BULSAR BOOK STORE",,,,"STORY",
"THE GREAT ICE AGE",,"978-81-286-3463-5","EURO BOOKS(SHREE)",2012,,,,,"800/STI",,,,"STILTON.GERONIMO ;Author",,,,,100,,"BULSAR BOOK STORE",,,,"STORY",
"THE SECRET OF THE SPHINX",,"978-81-286-3464-2","EURO BOOKS(SHREE)",2012,,,,,"800/STI",,,,"STILTON.GERONIMO ;Author",,,,,100,,"BULSAR BOOK STORE",,,,"STORY",
"ARCHIE FRESHMAN YEAR PART 1TO OF 5 #17",,"978-81-286-3136-8","ARCHIE (SHREE)",2012,,,,,"800/SMI",,,,"SMITH.GALVAN ;Author",,,,,30,,"BULSAR BOOK STORE",,,,"STORY",
"ARCHIE ONE CLICK AWAY #16",,"978-81-286-3135-1","ARCHIE (SHREE)",2012,,,,,"800/SMI",,,,"SMITH.BOB;Author",,,,,30,,"BULSAR BOOK STORE",,,,"STORY",
"ARCHIE FRESHMAN YEAR PART 3TO OF 5 #19",,"978-81-286-3138-2","ARCHIE (SHREE)",2012,,,,,"800/SMI",,,,"SMITH.GALVAN ;Author",,,,,30,,"BULSAR BOOK STORE",,,,"STORY",
"ARCHIE A YELP FOR HELP! #15",,"978-81-286-3134-4","ARCHIE (SHREE)",2012,,,,,"800/SMI",,,,"SMITH.BOB;Author",,,,,30,,"BULSAR BOOK STORE",,,,"STORY",
"ARCHIE TWO RING CIRCUS # 14",,"978-81-286-3133-7","ARCHIE (SHREE)",2012,,,,,"800/SMI",,,,"SMITH.BOB;Author",,,,,30,,"BULSAR BOOK STORE",,,,"STORY",
"ARCHIE FRESHMAN YEAR PART 2 TO OF 5 #19",,"978-81-286-3137-5","ARCHIE (SHREE)",2012,,,,,"800/SMI",,,,"SMITH.GALVAN ;Author",,,,,30,,"BULSAR BOOK STORE",,,,"STORY",
"ARCHIE FRESHMAN YEAR PART 5 TO OF 5 #21",,"978-81-286-3140-5","ARCHIE (SHREE)",2012,,,,,"800/SMI",,,,"SMITH.GALVAN ;Author",,,,,30,,"BULSAR BOOK STORE",,,,"STORY",
"ARCHIE  THE DEMO # 22",,"978-81-286-3141-2","ARCHIE (SHREE)",2012,,,,,"800/SMI",,,,"SMITH.BOB;Author",,,,,30,,"BULSAR BOOK STORE",,,,"STORY",
"ARCHIE WRECK -OMMENDATION #21",,"978-81-286-3142-9","ARCHIE (SHREE)",2012,,,,,"800/SMI",,,,"SMITH.BOB;Author",,,,,30,,"BULSAR BOOK STORE",,,,"STORY",
"ARCHIE RUNNING IN THE FAST LANE",,"978-81-286-3143-6","ARCHIE (SHREE)",2012,,,,,"800/SMI",,,,"SMITH.BOB;Author",,,,,30,,"BULSAR BOOK STORE",,,,"STORY",
"ARCHIE THE BIG DRAW #13",,"978-81-286-3132-0","ARCHIE (SHREE)",2012,,,,,"800/SMI",,,,"SMITH.BOB;Author",,,,,30,,"BULSAR BOOK STORE",,,,"STORY",
"ARCHIE FRESHMAN YEAR PART 4 TO OF 5 #20",,"978-81-286-3139-9","ARCHIE (SHREE)",2012,,,,,"800/SMI",,,,"SMITH.GALVAN ;Author",,,,,30,,"BULSAR BOOK STORE",,,,"STORY",
"ARCHIE WILL YOU MARRY ME? - EPILOGUE PART 7 OF 7",,"978-81-286-2857-3","ARCHIE (SHREE)",,,,,,"800/PAR",,,,"PARENT.DAN;Author",,,,,30,,"BULSAR BOOK STORE",,,,"STORY",
"MARRIES VERONICA: "" THE WEDDING""",,"978-81-286-2852-8","ARCHIE (SHREE)",,,,,,"800/SMI",,,,"SMITH.BOB;Author",,,,,30,,"BULSAR BOOK STORE",,,,"STORY",
"ARCHIE MARRIES BETTY: ""HAPPILY EVER AFTER"" PART 6 OF 7",,"978-81-286-2856-6","ARCHIE (SHREE)",,,,,,"800/SMI",,,,"SMITH.BOB;Author",,,,,30,,"BULSAR BOOK STORE",,,,"STORY",
"ARCHIE MARRIES BETTY: ""THE WEDDING"" PART 5 OF 7",,"978-81-286-2855-9","ARCHIE (SHREE)",,,,,,"800/SMI",,,,"SMITH.BOB;Author",,,,,30,,"BULSAR BOOK STORE",,,,"STORY",
"ARCHIE MARRIES VERONICA: ""THE PROPOSAL"" PART 1 OF 7",,"978-81-286-2851-1","ARCHIE (SHREE)",,,,,,"800/SMI",,,,"SMITH.BOB;Author",,,,,30,,"BULSAR BOOK STORE",,,,"STORY",
"ARCHIE MARRIES BETTY: ""WILL YOU MARRY ME?"" PART 4 OF 7",,"978-81-286-2854-2","ARCHIE (SHREE)",,,,,,"800/SMI",,,,"SMITH.BOB;Author",,,,,30,,"BULSAR BOOK STORE",,,,"STORY",
"ARCHIE MARRIES VERONICA: ""IT'S TWINS"" PART 3 OF 7",,"978-81-286-2853-5","ARCHIE (SHREE)",,,,,,"800/SMI",,,,"SMITH.BOB;Author",,,,,30,,"BULSAR BOOK STORE",,,,"STORY",
"ARCHIE "" THE VOLUNTEER""",,"978-81-286-2849-8","ARCHIE (SHREE)",,,,,,"800/SMI",,,,"SMITH.BOB;Author",,,,,30,,"BULSAR BOOK STORE",,,,"STORY",
"ARCHIE RIVERSTOCK",,"978-81-286-2850-4","ARCHIE (SHREE)",,,,,,"800/SMI",,,,"SMITH.BOB;Author",,,,,30,,"BULSAR BOOK STORE",,,,"STORY",
"ARCHIE "" HOME INSECURITY""",,"978-81-286-2846-7","ARCHIE (SHREE)",,,,,,"800/SMI",,,,"SMITH.BOB;Author",,,,,30,,"BULSAR BOOK STORE",,,,"STORY",
"ARCHIE EXPERIENCE ATYPICAL DAY WITH ARCHIE!",,"978-81-286-2848-1","ARCHIE (SHREE)",,,,,,"800/SMI",,,,"SMITH.BOB;Author",,,,,30,,"BULSAR BOOK STORE",,,,"STORY",
"ARCHIE  "" THE BIG FLIP""",,"978-81-286-2847-4","ARCHIE (SHREE)",,,,,,"800/SMI",,,,"SMITH.BOB;Author",,,,,30,,"BULSAR BOOK STORE",,,,"STORY",
"EARLY READERS THREE READ ALONG STORIES LIGHT BLUE",,"978-0-7097-1801-7","BROWN WATSON(SHREE)",2012,,,,,"800/DAV",,,,"DAVIES.GILL;Author",,,,,125,,"BULSAR BOOK STORE",,,,"STORY",
"EARLY READERS THREE READ ALONG STORIES YELLOW",,"978-0-7097-1802-4","BROWN WATSON(SHREE)",2012,,,,,"800/DAV",,,,"DAVIES.GILL;Author",,,,,125,,"BULSAR BOOK STORE",,,,"STORY",
"EARLY READERS THREE READ ALONG STORIES DARK BLUE",,"978-0-7097-1803-1","BROWN WATSON(SHREE)",2012,,,,,"800/DAV",,,,"DAVIES.GILL;Author",,,,,125,,"BULSAR BOOK STORE",,,,"STORY",
"EARLY READERS THREE READ ALONG STORIES RED",,"978-0-7097-1804-8","BROWN WATSON(SHREE)",2012,,,,,"800/DAV",,,,"DAVIES.GILL;Author",,,,,125,,"BULSAR BOOK STORE",,,,"STORY",
"EARLY READERS THREE PLAYTUME STORIES",,"978-0-7097-1741-6","BROWN WATSON(SHREE)",2012,,,,,"800/DAV",,,,"DAVIES.GILL;Author",,,,,125,,"BULSAR BOOK STORE",,,,"STORY",
"EARLY READERS THREE DREAMTIME STORIES",,"978-0-7097-1742-3","BROWN WATSON(SHREE)",2012,,,,,"800/DAV",,,,"DAVIES.GILL;Author",,,,,125,,"BULSAR BOOK STORE",,,,"STORY",
"EARLY READERS THREE FUNTIME STORIES",,"978-0-7097-1740-9","BROWN WATSON(SHREE)",2012,,,,,"800/DAV",,,,"DAVIES.GILL;Author",,,,,125,,"BULSAR BOOK STORE",,,,"STORY",
"EARLY READERS THREE HAPPYTIME STORIES",,"978-0-7097-1743-0","BROWN WATSON(SHREE)",2012,,,,,"800/DAV",,,,"DAVIES.GILL;Author",,,,,125,,"BULSAR BOOK STORE",,,,"STORY",
"THE PHANTHOM : RETURN OF CHATU",,"978-81-286-2704-0","EURO BOOKS",2010,,,,,"800/PHA",,,,,,,,,50,,"BULSAR BOOK STORE",,,,"STORY",
"THE PHANTHOM :JUNGLE MYSTERY",,"978-81-286-2701-9","EURO BOOKS",2010,,,,,"800/PHA",,,,,,,,,50,,"BULSAR BOOK STORE",,,,"STORY",
"THE PHANTHOM : THE TREASURE HUNTERS",,"978-81-286-2709-5","EURO BOOKS",2010,,,,,"800/PHA",,,,,,,,,50,,"BULSAR BOOK STORE",,,,"STORY",
"THE PHANTHOM : THE CHALLENGE",,"978-81-286-2689-0","EURO BOOKS",2010,,,,,"800/PHA",,,,,,,,,50,,"BULSAR BOOK STORE",,,,"STORY",
"THE PHANTHOM : THE SECRET CITY",,"978-81-286-2705-7","EURO BOOKS",2010,,,,,"800/PHA",,,,,,,,,50,,"BULSAR BOOK STORE",,,,"STORY",
"THE PHANTHOM : THE LOCUST GOD",,"978-81-286-2702-6","EURO BOOKS",2010,,,,,"800/PHA",,,,,,,,,50,,"BULSAR BOOK STORE",,,,"STORY",
"THE PHANTHOM : STRIPES",,"978-81-286-2707-1","EURO BOOKS",2010,,,,,"800/PHA",,,,,,,,,50,,"BULSAR BOOK STORE",,,,"STORY",
"THE PHANTHOM : THE DOORMAN",,"978-81-286-2693-7","EURO BOOKS",2010,,,,,"800/PHA",,,,,,,,,50,,"BULSAR BOOK STORE",,,,"STORY",
"THE PHANTHOM : THE IMMORTAL MAN",,"978-81-286-2700-2","EURO BOOKS",2010,,,,,"800/PHA",,,,,,,,,50,,"BULSAR BOOK STORE",,,,"STORY",
"THE PHANTHOM : SECRET TEMPLE ON EDEN",,"978-81-286-2706-4","EURO BOOKS",2010,,,,,"800/PHA",,,,,,,,,50,,"BULSAR BOOK STORE",,,,"STORY",
"THE PHANTHOM : VALLEY OF THE GORILLA MAN",,"978-81-286-2697-5","EURO BOOKS",2010,,,,,"800/PHA",,,,,,,,,50,,"BULSAR BOOK STORE",,,,"STORY",
"THE PHANTHOM : ORDEAL AT SEA",,"978-81-286-2703-3","EURO BOOKS",2010,,,,,"800/PHA",,,,,,,,,50,,"BULSAR BOOK STORE",,,,"STORY",
"THE PHANTHOM :THE CRIME APPRENTICES",,"978-81-286-2691-3","EURO BOOKS",2010,,,,,"800/PHA",,,,,,,,,50,,"BULSAR BOOK STORE",,,,"STORY",
"THE PHANTHOM :THE ANIMAL COLLECTOR",,"978-81-286-2688-3","EURO BOOKS",2010,,,,,"800/PHA",,,,,,,,,50,,"BULSAR BOOK STORE",,,,"STORY",
"THE PHANTHOM : THE DARK PIRATES",,"978-81-286-2692-0","EURO BOOKS",2010,,,,,"800/PHA",,,,,,,,,50,,"BULSAR BOOK STORE",,,,"STORY",
"THE PHANTHOM : THE VIPER GOD",,"978-81-286-2711-8","EURO BOOKS",2010,,,,,"800/PHA",,,,,,,,,50,,"BULSAR BOOK STORE",,,,"STORY",
"THE PHANTHOM : GHOST QUEST",,"978-81-286-2695-1","EURO BOOKS",2010,,,,,"800/PHA",,,,,,,,,50,,"BULSAR BOOK STORE",,,,"STORY",
"THE PHANTHOM : U- BOAT MYSTERY",,"978-81-286-2710-1","EURO BOOKS",2010,,,,,"800/PHA",,,,,,,,,50,,"BULSAR BOOK STORE",,,,"STORY",
"THE PHANTHOM : THE HIT MEN",,"978-81-286-2699-9","EURO BOOKS",2010,,,,,"800/PHA",,,,,,,,,50,,"BULSAR BOOK STORE",,,,"STORY",
"THE PHANTHOM : THE JUNGLE GANG",,"978-81-286-2708-8","EURO BOOKS",2010,,,,,"800/PHA",,,,,,,,,50,,"BULSAR BOOK STORE",,,,"STORY",
"THE PHANTHOM : THE CONNOISSEURS",,"978-81-286-2690-6","EURO BOOKS",2010,,,,,"800/PHA",,,,,,,,,50,,"BULSAR BOOK STORE",,,,"STORY",
"THE PHANTHOM : THE GHOST WALL",,"978-81-286-2696-8","EURO BOOKS",2010,,,,,"800/PHA",,,,,,,,,50,,"BULSAR BOOK STORE",,,,"STORY",
"THE PHANTHOM : GHOST PIRATES",,"978-81-286-2694-4","EURO BOOKS",2010,,,,,"800/PHA",,,,,,,,,50,,"BULSAR BOOK STORE",,,,"STORY",
"THE PHANTHOM : GRAFFITI",,"978-81-286-2698-2","EURO BOOKS",2010,,,,,"800/PHA",,,,,,,,,50,,"BULSAR BOOK STORE",,,,"STORY",
"DISNEY STORY LIBRARY: ALADDIN",,"978-81-286-2466-7","EURO BOOKS(SHREE)",2010,,,,,"800/DIS",,,,,,,,,50,,"BULSAR BOOK STORE",,,,"STORY",
"DISNEY STORY LIBRARY: BEAUTY AND THE BEAST",,"978-81-286-2467-4","EURO BOOKS(SHREE)",2010,,,,,"800/DIS",,,,,,,,,50,,"BULSAR BOOK STORE",,,,"STORY",
"DISNEY STORY LIBRARY: PIXAR FINDING NEMO",,"978-81-286-2469-8","EURO BOOKS(SHREE)",2010,,,,,"800/DIS",,,,,,,,,50,,"BULSAR BOOK STORE",,,,"STORY",
"DISNEY STORY LIBRARY: BAMBI",,"978-81-286-2579-4","EURO BOOKS(SHREE)",2010,,,,,"800/DIS",,,,,,,,,50,,"BULSAR BOOK STORE",,,,"STORY",
"DISNEY STORY LIBRARY: PIXAR CARS",,"978-81-286-2468-1","EURO BOOKS(SHREE)",2010,,,,,"800/DIS",,,,,,,,,50,,"BULSAR BOOK STORE",,,,"STORY",
"DISNEY STORY LIBRARY: THE PRINCESS FROG",,"978-81-286-2472-8","EURO BOOKS(SHREE)",2010,,,,,"800/DIS",,,,,,,,,50,,"BULSAR BOOK STORE",,,,"STORY",
"DISNEY STORY LIBRARY: THE JUNGLE BOOK",,"978-81-286-2577-0","EURO BOOKS(SHREE)",2010,,,,,"800/DIS",,,,,,,,,50,,"BULSAR BOOK STORE",,,,"STORY",
"DISNEY STORY LIBRARY: THE LION KING",,"978-81-286-2470-4","EURO BOOKS(SHREE)",2010,,,,,"800/DIS",,,,,,,,,50,,"BULSAR BOOK STORE",,,,"STORY",
"DISNEY STORY LIBRARY: PINOCCHION",,"978-81-286-2473-5","EURO BOOKS(SHREE)",2010,,,,,"800/DIS",,,,,,,,,50,,"BULSAR BOOK STORE",,,,"STORY",
"DISNEY STORY LIBRARY: PIXAR MONSTERS, INC.",,"978-81-286-2578-7","EURO BOOKS(SHREE)",2010,,,,,"800/DIS",,,,,,,,,50,,"BULSAR BOOK STORE",,,,"STORY",
"DISNEY STORY LIBRARY: 101 DALMATIANS",,"978-81-286-2576-3","EURO BOOKS(SHREE)",2010,,,,,"800/DIS",,,,,,,,,50,,"BULSAR BOOK STORE",,,,"STORY",
"DISNEY STORY LIBRARY: PETER PAN",,"978-81-286-2471-1","EURO BOOKS(SHREE)",2010,,,,,"800/DIS",,,,,,,,,50,,"BULSAR BOOK STORE",,,,"STORY",
"FIRST STUDENT'S CLASSICS: GULLIVER'S TRAVELS",,"978-981-4357-49-4","SAP EDUCATION(SHREE)",2012,,,,,"800/SWI",,,,"SWIFT.JONATHAN;Author",,,,,199,,"BULSAR BOOK STORE",,,,"STORY",
"FIRST STUDENT'S CLASSICS: FIVE CHILDREN AND IT",,"978-981-4357-48-7","SAP EDUCATION(SHREE)",2012,,,,,"800/NES",,,,"NESBIT.EDITH;Author",,,,,199,,"BULSAR BOOK STORE",,,,"STORY",
"FIRST STUDENT'S CLASSICS: ADVENTURES OF HUCKLEBERRY FINN",,"978-981-4357-45-6","SAP EDUCATION(SHREE)",2012,,,,,"800/TWA",,,,"TWAIN.MARK;Author",,,,,199,,"BULSAR BOOK STORE",,,,"STORY",
"FIRST STUDENT'S CLASSICS: JOURNEY TO THE CENTRE OF THE EARTH",,"978-981-4357-50-2","SAP EDUCATION(SHREE)",2012,,,,,"800/VER",,,,"VERNE.JULES ;Author",,,,,199,,"BULSAR BOOK STORE",,,,"STORY",
"FIRST STUDENT'S CLASSICS: THE SECRET GARDEN",,"978-981-4357-53-1","SAP EDUCATION(SHREE)",2012,,,,,"800/BUR",,,,"BURNETT.FRANCES HODGSON ;Author",,,,,199,,"BULSAR BOOK STORE",,,,"STORY",
"FIRST STUDENT'S CLASSICS: 20,000 LEAGUES UNDER THE SEA",,"978-981-4357-44-9","SAP EDUCATION(SHREE)",2012,,,,,"800/VER",,,,"VERNE.JULES ;Author",,,,,199,,"BULSAR BOOK STORE",,,,"STORY",
"FIRST STUDENT'S CLASSICS: MOBY- DICK",,"978-981-4357-51-7","SAP EDUCATION(SHREE)",2012,,,,,"800/MEL",,,,"MELVILLE.HERMAN ;Author",,,,,199,,"BULSAR BOOK STORE",,,,"STORY",
"FIRST STUDENT'S CLASSICS: TREASURE ISLAND",,"978-981-4357-55-5","SAP EDUCATION(SHREE)",2012,,,,,"800/STE",,,,"STEVENSON.ROBERT LOUIS ;Author",,,,,199,,"BULSAR BOOK STORE",,,,"STORY",
"FIRST STUDENT'S CLASSICS: ALICE'S ADVENTURES IN WONDERLAND",,"978-981-4357-46-3","SAP EDUCATION(SHREE)",2012,,,,,"800/CAR",,,,"CARROLL.LEWIS ;Author",,,,,199,,"BULSAR BOOK STORE",,,,"STORY",
"FIRST STUDENT'S CLASSICS: BLACK BEAUTY",,"978-981-4357-47-0","SAP EDUCATION(SHREE)",2012,,,,,"800/SEW",,,,"SEWELL.ANNA ;Author",,,,,199,,"BULSAR BOOK STORE",,,,"STORY",
"FIRST STUDENT'S CLASSICS: THE BOSCOMBE VALLLEY MYSTERY",,"978-981-4357-52-4","SAP EDUCATION(SHREE)",2012,,,,,"800/DOY",,,,"DOYLE.SIR ARTHUR CONAN ;Author",,,,,199,,"BULSAR BOOK STORE",,,,"STORY",
"THE SPECIAL GUEST AND OTHER STORIES",,"978-93-5049-117-1","SHREE",2013,,,,,"800/TAG",,,,"TAGORE.RABINDRA NATH;Author",,,,,99,,"BULSAR BOOK STORE",,,,"STORY",
"THE HIDDEN TREASURE AND OTHER STORIES",,"978-93-5049-118-8","SHREE",2013,,,,,"800/TAG",,,,"TAGORE.RABINDRA NATH;Author",,,,,99,,"BULSAR BOOK STORE",,,,"STORY",
"BEST SCHOOL ESSAYS",,"978-81-8499-282-3","SHREE",2012,,,,,"824/BAR",,,,"BARIA.FARIDA;Author",,,,,135,,"BULSAR BOOK STORE",,,,"ENGLISH ESSAYS",
"CREATIVE SCHOOL ESSAYS",,"978-81-8499-281-6","SHREE",2012,,,,,"824/SAI",,,,"SAINI.PRIYANKA ANN ;Author",,,,,160,,"BULSAR BOOK STORE",,,,"ENGLISH ESSAYS",
"CHILD'S PLAY MAGIC",,859530817,"CHILD'S PLAY(SHREE)",1992,,,,,"800/CHI",,,,,,,,,99,,"BULSAR BOOK STORE",,,,"STORY",
"CHILD'S PLAY  DAY DREAMS",,895930825,"CHILD'S PLAY(SHREE)",1978,,,,,"800/CHI",,,,,,,,,99,,"BULSAR BOOK STORE",,,,"STORY",
"POPEYE THE SAILOR MAN: TRACK MEET CHEAT",,"978-81-286-3088-0","EURO BOOKS (SHREE)",2012,,,,,"800/POP",,,,,,,,,25,,"BULSAR BOOK STORE",,,,"STORY",
"POPEYE THE SAILOR MAN: COUNTRY FAIR",,"978-81-286-3084-2","EURO BOOKS (SHREE)",2012,,,,,"800/POP",,,,,,,,,25,,"BULSAR BOOK STORE",,,,"STORY",
"POPEYE THE SAILOR MAN: VOO-DOO TO YOU TOO!",,"978-81-286-3086-6","EURO BOOKS (SHREE)",2012,,,,,"800/POP",,,,,,,,,25,,"BULSAR BOOK STORE",,,,"STORY",
"POPEYE THE SAILOR MAN: STRANGE HAPPENINGS!",,"978-81-286-3087-3","EURO BOOKS (SHREE)",2012,,,,,"800/POP",,,,,,,,,25,,"BULSAR BOOK STORE",,,,"STORY",
"POPEYE THE SAILOR MAN: GEM JAM",,"978-81-286-3085-9","EURO BOOKS (SHREE)",2012,,,,,"800/POP",,,,,,,,,25,,"BULSAR BOOK STORE",,,,"STORY",
"POPEYE THE SAILOR MAN: ALADDIN'S LAMP",,"978-81-286-3083-5","EURO BOOKS (SHREE)",2012,,,,,"800/POP",,,,,,,,,25,,"BULSAR BOOK STORE",,,,"STORY",
"JUNIOUR  CLASSICS: ALICE IN WONDERLAND",,"978-81-8499-899-3","SHREE",,,,,,"800/CAR",,,,"CARROLL.LEWIS ;Author",,,,,125,,"BULSAR BOOK STORE",,,,"STORY",
"JUNIOUR  CLASSICS: THE HUNCHBACK OF NOTRE DAME",,"978-81-8499-938-9","SHREE",,,,,,"800/HUG",,,,"HUGO.VICTOR ;Author",,,,,125,,"BULSAR BOOK STORE",,,,"STORY",
"JUNIOUR  CLASSICS: TOM SAWYER",,"978-81-8499-943-3","SHREE",,,,,,"800/TWA",,,,"TWAIN.MARK;Author",,,,,125,,"BULSAR BOOK STORE",,,,"STORY",
"JUNIOUR  CLASSICS: BLACK BEAUTY",,"978-81-8499-900-6","SHREE",,,,,,"800/SEW",,,,"SEWELL.ANNA;Author",,,,,125,,"BULSAR BOOK STORE",,,,"STORY",
"JUNIOUR  CLASSICS: ROBINSON CRUSOE",,"978-81-8499-942-6","SHREE",,,,,,"800/DEF",,,,"DEFOE.DANIEL ;Author",,,,,125,,"BULSAR BOOK STORE",,,,"STORY",
"JUNIOUR  CLASSICS: TREASURE ISLAND",,"978-81-8499-944-0","SHREE",,,,,,"800/STE",,,,"STEVENSON.LOUIS ;Author",,,,,125,,"BULSAR BOOK STORE",,,,"STORY",
"JUNIOUR  CLASSICS:  GULLIVER'S TRAVELS",,"978-81-8499-902-0","SHREE",,,,,,"800/SWI",,,,"SWIFT.JONATHAN;Author",,,,,125,,"BULSAR BOOK STORE",,,,"STORY",
"JUNIOUR  CLASSICS: HEIDI",,"978-81-8499-903-7","SHREE",,,,,,"800/SPY",,,,"SPYRI.JOHANNA ;Author",,,,,125,,"BULSAR BOOK STORE",,,,"STORY",
"JUNIOUR  CLASSICS: JOURNEY TO THE CENTRE OF THE EARTH",,"978-81-8499-939-6","SHREE",,,,,,"800/VER",,,,"VERNE.JULES ;Author",,,,,125,,"BULSAR BOOK STORE",,,,"STORY",
"JUNIOUR  CLASSICS: HUCKLEBERRY FINN",,"978-81-8499-937-2","SHREE",,,,,,"800/TWA",,,,"TWAIN.MARK;Author",,,,,125,,"BULSAR BOOK STORE",,,,"STORY",
"JUNIOUR  CLASSICS: A CHRISTMAS CAROL",,"978-81-8499-901-3","SHREE",,,,,,"800/DIC",,,,"DICKENS.CHARLES;Author",,,,,125,,"BULSAR BOOK STORE",,,,"STORY",
"JUNIOUR  CLASSICS: WHITE FANG",,"978-81-8499-945-7","SHREE",,,,,,"800/LON",,,,"LONDON.JACK;Author",,,,,125,,"BULSAR BOOK STORE",,,,"STORY",
"JUNIOUR  CLASSICS: POCAHONTAS",,"978-81-8499-940-2","SHREE",,,,,,"800/JUN",,,,,,,,,125,,"BULSAR BOOK STORE",,,,"STORY",
"JUNIOUR  CLASSICS: THE WIZARD OF Oz",,"978-81-8499-946-4","SHREE",,,,,,"800/BAU",,,,"BAUM.L.FRANK ;Author",,,,,125,,"BULSAR BOOK STORE",,,,"STORY",
"JUNIOUR  CLASSICS: AROUND THE WORLD IN 80 DAYS",,"978-81-8499-898-6","SHREE",,,,,,"800/VER",,,,"VERNE.JULES ;Author",,,,,125,,"BULSAR BOOK STORE",,,,"STORY",
"PANCHATANTRA 2IN1: THE OWL AND THE SWAN/THE SNAKE AND THE FOOLISH FROGS",,"978-81-7963-443-1","SHREE",,,,,,"800/PAN",,,,,,,,,60,,"BULSAR BOOK STORE",,,,"STORY",
"PANCHATANTRA 2IN1:THE TREE THAT TALKED/THE CROW AND THE POT OF WATER",,"978-81-7963-445-5","SHREE",,,,,,"800/PAN",,,,,,,,,60,,"BULSAR BOOK STORE",,,,"STORY",
"PANCHATANTRA 2IN1: THE FOUR LEARNED BRAHMINS/THE DONKEY WHO WOULD SING",,"978-81-7963-436-3","SHREE",,,,,,"800/PAN",,,,,,,,,60,,"BULSAR BOOK STORE",,,,"STORY",
"PANCHATANTRA 2IN1:THE FAITHFUL MONGOOSE/THE FOOLISH MONKEY",,"978-81-7963-441-7","SHREE",,,,,,"800/PAN",,,,,,,,,60,,"BULSAR BOOK STORE",,,,"STORY",
"PANCHATANTRA 2IN1:THE CROW AND THE JACKLE/THE BARBER AND THE SAINTS",,"978-81-7963-447-9","SHREE",,,,,,"800/PAN",,,,,,,,,60,,"BULSAR BOOK STORE",,,,"STORY",
"PANCHATANTRA 2IN1: THE LION AND THE WOODCUTTER/THE CRANE AND THE CRAB",,"978-81-7963-440-0","SHREE",,,,,,"800/PAN",,,,,,,,,60,,"BULSAR BOOK STORE",,,,"STORY",
"PANCHATANTRA 2IN1: THE LION AND THE TALKING DEN/THE JACKAL AND THE WAR DRUM",,"978-81-7963-439-4","SHREE",,,,,,"800/PAN",,,,,,,,,60,,"BULSAR BOOK STORE",,,,"STORY",
"PANCHATANTRA 2IN1:THE INDIGO JACKAL/THE WISE FROG",,"978-81-7963-438-7","SHREE",,,,,,"800/PAN",,,,,,,,,60,,"BULSAR BOOK STORE",,,,"STORY",
"PANCHATANTRA 2IN1:THE BRAHMIN AND HIS DREAM/THE CAP SELLER AND THE MONKEYS",,"978-81-7963-446-2","SHREE",,,,,,"800/PAN",,,,,,,,,60,,"BULSAR BOOK STORE",,,,"STORY",
"TOM AND JERRY : ADVENTURES 5 STORIES",,"978-81-207-4165-2","STERLING(SHREE)",,,,,,"800/TOM",,,,,,,,,250,,"BULSAR BOOK STORE",,,,"STORY",
"KITTY'S SPECIAL JOB",,"978-0-276-44355-8","SHREE",,,,,,"800/CLE",,,,"CLEMENT.CLAUDE ;Author",,,,,150,,"BULSAR BOOK STORE",,,,"STORY",
"BEDTIME STORIES",,"978-1-4454-1979-4","PARRAGON(SHREE)",,,,,,"800/BED",,,,,,,,,150,,"BULSAR BOOK STORE",,,,"STORY",
"DISNEY PIXAR CARS HOLIDAY ANNUAL",,"978-1-4052-5647-6","SHREE",,,,,,"800/NAS",,,,"NASH.DEBORAH ;Author",,,,,299,,"BULSAR BOOK STORE",,,,"STORY",
"LITTLE MISS TROUBLE MOVING HOUSE",,"978-0-6035-6572-4","EGMONT(SHREE)",,,,,,"800/HAN",,,,"HANGNEAUES.ROGER ;Author",,,,,99,,"BULSAR BOOK STORE",,,,"STORY",
"LITTLE MISS SPLENDID AND THE HOUSE WITH A VIEW",,"978-0-6035-6569-4","EGMONT(SHREE)",,,,,,"800/HAN",,,,"HANGNEAUES.ROGER ;Author",,,,,99,,"BULSAR BOOK STORE",,,,"STORY",
"LITTLE MISS TINY JUST THE RIGHT SIZE",,"978-0-6035-6571-7","EGMONT(SHREE)",,,,,,"800/HAN",,,,"HANGNEAUES.ROGER ;Author",,,,,99,,"BULSAR BOOK STORE",,,,"STORY",
"LITTLE MISS HELPFUL AND THE GREEN HOUSE",,"978-0-6035-6568-7","EGMONT(SHREE)",,,,,,"800/HAN",,,,"HANGNEAUES.ROGER ;Author",,,,,99,,"BULSAR BOOK STORE",,,,"STORY",
"LITTLE MISS SUNSHINE KEEPS HER SMILE",,"978-0-6035-6570-0","EGMONT(SHREE)",,,,,,"800/HAN",,,,"HANGNEAUES.ROGER ;Author",,,,,99,,"BULSAR BOOK STORE",,,,"STORY",
"LITTLE MISS NAUGHTY WORRIES MR. WORRY",,"978-0-6035-6573-1","EGMONT(SHREE)",,,,,,"800/HAN",,,,"HANGNEAUES.ROGER ;Author",,,,,99,,"BULSAR BOOK STORE",,,,"STORY",
"CHILDREN'S ANIMAL ENCYCLOPEDIA",,"978-1-4454-0789-0","SHREE",,,,,,"503/MOR",,,,"MORGAN.SALLY;Author","SCIENCE",,,,195,,"BULSAR BOOK STORE",,,,"ENCYCLOPEDIA",
"FANTASTIC BOOK OF EVERYTHING YOU NEED TO KNOW",,"978-1-4454-8158-6","SHREE",,,,,,"001/FAR",,,,"FARNDON.JOHN ;Author OTHERS;Author",,,,,195,,"BULSAR BOOK STORE",,,,"G.K",
"FANTASTIC BOOK OF Q & A",,"978-1-4454-8160-9","SHREE",,,,,,"001/FAN",,,,,,,,,195,,"BULSAR BOOK STORE",,,,"G.K",
"THOMAS & FRIENDS: THOMAS,PERCY AND THE FUNFAIR",,"978-0-6035-6522-9","EGMONT(SHREE)",,,,,,"800/DEA",,,,"DEAN;Author",,,,,99,,"BULSAR BOOK STORE",,,,"STORY",
"THOMAS & FRIENDS: THOMAS IN TROUBLE",,"978-0-6035-6524-3","EGMONT(SHREE)",,,,,,"800/DEA",,,,"DEAN;Author",,,,,99,,"BULSAR BOOK STORE",,,,"STORY",
"THOMAS & FRIENDS: THOMAS,EMILY AND THE SPECIAL COACHES",,"978-0-6035-6521-2","EGMONT(SHREE)",,,,,,"800/DEA",,,,"DEAN;Author",,,,,99,,"BULSAR BOOK STORE",,,,"STORY",
"THOMAS & FRIENDS: THOMAS AND THE GREEN CONTROLLER",,"978-0-6035-6523-6","EGMONT(SHREE)",,,,,,"800/DEA",,,,"DEAN;Author",,,,,99,,"BULSAR BOOK STORE",,,,"STORY",
"THOMAS & FRIENDS: HENRY AND THE FLAGPOLE",,"978-0-6035-6412-3","EGMONT(SHREE)",,,,,,"800/DEA",,,,"DEAN;Author",,,,,99,,"BULSAR BOOK STORE",,,,"STORY",
"TECHNOLOGY AT WORK AT THE FACTORY",,"978-1-4062-0985-3","RAINTREE(SHREE)",2009,,,,,"600/SPI",,,,"SPILSBURY.LOUISE ;Author",,,,,199,,"BULSAR BOOK STORE",,,,"TECHNOLOGY",
"TECHNOLOGY AT WORK AT THE HOME",,"978-1-4062-0982-2","RAINTREE(SHREE)",2009,,,,,"600/SPI",,,,"SPILSBURY.LOUISE ;Author",,,,,199,,"BULSAR BOOK STORE",,,,"TECHNOLOGY",
"TECHNOLOGY AT WORK AT THE FIRE STATION",,"978-1-4062-0986-0","RAINTREE(SHREE)",2009,,,,,"600/SPI",,,,"SPILSBURY.LOUISE ;Author",,,,,199,,"BULSAR BOOK STORE",,,,"TECHNOLOGY",
"TECHNOLOGY AT WORK AT THE BUILDING SITE",,"978-1-4062-0983-9","RAINTREE(SHREE)",2009,,,,,"600/SPI",,,,"SPILSBURY.RICHARD ;Author",,,,,199,,"BULSAR BOOK STORE",,,,"TECHNOLOGY",
"TECHNOLOGY AT WORK AT THE AIRPORT",,"978-1-4062-0981-1","RAINTREE(SHREE)",2009,,,,,"600/SPI",,,,"SPILSBURY.RICHARD ;Author",,,,,199,,"BULSAR BOOK STORE",,,,"TECHNOLOGY",
"TECHNOLOGY AT WORK ON THE FILM SET ",,"978-1-4062-0984-6","RAINTREE(SHREE)",2009,,,,,"600/SPI",,,,"SPILSBURY.RICHARD ;Author",,,,,199,,"BULSAR BOOK STORE",,,,"TECHNOLOGY",
"BODY NEEDS: VITAMINS AND MINERALS FOR A HEALTHY BODY",,"978-0-431-16725-1","HEINEMANN(SHREE)",2009,,,,,"500/ROY",,,,"ROYSTON.ANGELA ;Author",,,,,199,,"BULSAR BOOK STORE",,,,"SCIENCE",
"BODY NEEDS: CARBOHYDRATES FOR A HEALTHY BODY",,"978-0-431-16724-4","HEINEMANN(SHREE)",2009,,,,,"500/KIN",,,,"KING.HAZEL ;Author",,,,,199,,"BULSAR BOOK STORE",,,,"SCIENCE",
"BODY NEEDS: FATS FOR A HEALTHY BODY",,"978-0-431-16723-7","HEINEMANN(SHREE)",2009,,,,,"500/POW",,,,"POWELL.JULLAN ;Author",,,,,199,,"BULSAR BOOK STORE",,,,"SCIENCE",
"BODY NEEDS: WATER AND FIBRE FOR A HEALTHY BODY",,"978-0-431-16726-8","HEINEMANN(SHREE)",2009,,,,,"500/ROY",,,,"ROYSTON.ANGELA ;Author",,,,,199,,"BULSAR BOOK STORE",,,,"SCIENCE",
"STORIES FROM FAITHS ISLAM",,9780431082233,"HEINEMANN(SHREE)",2009,,,,,"200/ASL",,,," ASLAM.ROHAIL;Author",,,,,199,,"BULSAR BOOK STORE",,,,"RELIGION",
"STORIES FROM FAITHS CHRISTIANITY",,9780431082219,"HEINEMANN(SHREE)",2009,,,,,"200/HOD",,,,"HODGE.SUSIE ;Author",,,,,199,,"BULSAR BOOK STORE",,,,"RELIGION",
"STORIES FROM FAITHS BUDDHISM",,9780431082202,"HEINEMANN(SHREE)",2009,,,,,"200/GAN",,,,"GANERI.ANITA;Author",,,,,199,,"BULSAR BOOK STORE",,,,"RELIGION",
"STORIES FROM FAITHS HINDUISM",,9780431082226,"HEINEMANN(SHREE)",2009,,,,,"200/GAN",,,,"GANERI.ANITA;Author",,,,,199,,"BULSAR BOOK STORE",,,,"RELIGION",
"STORIES FROM FAITHS JUDAISM",,9780431082240,"HEINEMANN(SHREE)",2009,,,,,"200/NUT",,,,"NUTTALL.GINA;Author",,,,,199,,"BULSAR BOOK STORE",,,,"RELIGION",
"STORIES FROM FAITHS SIKHISM",,9780431082257,"HEINEMANN(SHREE)",2009,,,,,"200/MEN",,,,"MENON.SUJATHA ;Author",,,,,199,,"BULSAR BOOK STORE",,,,"RELIGION",
"LANDFORM TOP TENS: THE WORLD'S MOST AMAZING VOLCANOES ",,"978-1-406-21100-9","RAINTREE(SHREE)",2009,,,,,"300/CLA",,,,"CLAYBOURNE.ANNA;Author",,,,,199,,"BULSAR BOOK STORE",,,,"SOCIAL SCIENCE",
"LANDFORM TOP TENS: THE WORLD'S MOST AMAZING  COASTS",,"978-1-406-21099-6","RAINTREE(SHREE)",2009,,,,,"300/CLA",,,,"CLAYBOURNE.ANNA;Author",,,,,199,,"BULSAR BOOK STORE",,,,"SOCIAL SCIENCE",
"LANDFORM TOP TENS: THE WORLD'S MOST AMAZING DESERTS",,"978-1-406-21098-9","RAINTREE(SHREE)",2009,,,,,"300/CLA",,,,"CLAYBOURNE.ANNA;Author",,,,,199,,"BULSAR BOOK STORE",,,,"SOCIAL SCIENCE",
"LANDFORM TOP TENS: THE WORLD'S MOST AMAZING ISLANDS",,"978-1-406-21097-2","RAINTREE(SHREE)",2009,,,,,"300/GAN",,,,"GANERI.ANITA;Author",,,,,199,,"BULSAR BOOK STORE",,,,"SOCIAL SCIENCE",
"LANDFORM TOP TENS: THE WORLD'S MOST AMAZING RIVERS",,"978-1-406-21096-5","RAINTREE(SHREE)",2009,,,,,"300/GAN",,,,"GANERI.ANITA;Author",,,,,199,,"BULSAR BOOK STORE",,,,"SOCIAL SCIENCE",
"LANDFORM TOP TENS: THE WORLD'S MOST AMAZING LAKES",,"978-1-406-21095-8","RAINTREE(SHREE)",2009,,,,,"300/HUR",,,,"HURLEY.MICHAEL;Author",,,,,199,,"BULSAR BOOK STORE",,,,"SOCIAL SCIENCE",
"LANDFORM TOP TENS: THE WORLD'S MOST AMAZING MOUNTAINS",,"978-1-406-21094-1","RAINTREE(SHREE)",2009,,,,,"300/HUR",,,,"HURLEY.MICHAEL;Author",,,,,199,,"BULSAR BOOK STORE",,,,"SOCIAL SCIENCE",
"TRUE STORIES: STORY BEHIND TOILETS",,"978-0-431-11497-2","HEINEMANN(SHREE)",2009,,,,,"500/RAU",,,,"RAUM.ELIZABETH ;Author",,,,,199,,"BULSAR BOOK STORE",,,,"SCIENCE",
"TRUE STORIES: STORY BEHIND SKYSCRAPERS",,"978-0-431-11496-5","HEINEMANN(SHREE)",2009,,,,,"500/PRI",,,,"PRICE.SEAN STEWART ;Author",,,,,199,,"BULSAR BOOK STORE",,,,"SCIENCE",
"TRUE STORIES: STORY BEHIND DIAMONDS",,"978-0-431-11492-7","HEINEMANN(SHREE)",2009,,,,,"500/MOO",,,,"MOORE.HEIDI;Author",,,,,199,,"BULSAR BOOK STORE",,,,"SCIENCE",
"TRUE STORIES: STORY BEHIND SALT",,"978-0-431-11495-8","HEINEMANN(SHREE)",2009,,,,,"500/MOO",,,,"MOORE.HEIDI;Author",,,,,199,,"BULSAR BOOK STORE",,,,"SCIENCE",
"TRUE STORIES: STORY BEHIND BREAD",,"978-0-431-11493-4","HEINEMANN(SHREE)",2009,,,,,"500/RAU",,,,"RAUM.ELIZABETH ;Author",,,,,199,,"BULSAR BOOK STORE",,,,"SCIENCE",
"TRUE STORIES: STORY BEHIND ELECTRICITY",,"978-0-431-11485-9","HEINEMANN(SHREE)",2009,,,,,"500/PRI",,,,"PRICE.SEAN STEWART ;Author",,,,,199,,"BULSAR BOOK STORE",,,,"SCIENCE",
"TRUE STORIES: STORY BEHIND COTTON",,"978-0-431-11488-0","HEINEMANN(SHREE)",2009,,,,,"500/MOO",,,,"MOORE.HEIDI;Author",,,,,199,,"BULSAR BOOK STORE",,,,"SCIENCE",
"TRUE STORIES: STORY BEHIND GRAVITY",,"978-0-431-11490-3","HEINEMANN(SHREE)",2009,,,,,"500/PRI",,,,"PRICE.SEAN STEWART ;Author",,,,,199,,"BULSAR BOOK STORE",,,,"SCIENCE",
"TRUE STORIES: STORY BEHIND TIME",,"978-0-431-11489-7","HEINEMANN(SHREE)",2009,,,,,"500/RAU",,,,"RAUM.ELIZABETH ;Author",,,,,199,,"BULSAR BOOK STORE",,,,"SCIENCE",
"MY WORLD OF SCIENCE: LIVING AND NON-LIVING",,"978-0-431-13758-2","HEINEMANN(SHREE)",2008,,,,,"500/ROY",,,,"ROYSTON.ANGELA ;Author",,,,,150,,"BULSAR BOOK STORE",,,,"SCIENCE",
"MY WORLD OF SCIENCE: WATER",,"978-0-431-13760-5","HEINEMANN(SHREE)",2008,,,,,"500/ROY",,,,"ROYSTON.ANGELA ;Author",,,,,150,,"BULSAR BOOK STORE",,,,"SCIENCE",
"MY WORLD OF SCIENCE: MAGNETS",,"978-0-431-13767-4","HEINEMANN(SHREE)",2008,,,,,"500/ROY",,,,"ROYSTON.ANGELA ;Author",,,,,150,,"BULSAR BOOK STORE",,,,"SCIENCE",
"MY WORLD OF SCIENCE: SOUND AND HEARING",,"978-0-431-13770-4","HEINEMANN(SHREE)",2008,,,,,"500/ROY",,,,"ROYSTON.ANGELA ;Author",,,,,150,,"BULSAR BOOK STORE",,,,"SCIENCE",
"MY WORLD OF SCIENCE: SMOOTH AND ROUGH",,"978-0-431-13775-8","HEINEMANN(SHREE)",2008,,,,,"500/ROY",,,,"ROYSTON.ANGELA ;Author",,,,,150,,"BULSAR BOOK STORE",,,,"SCIENCE",
"MY WORLD OF SCIENCE: HUMAN GROWTH",,"978-0-431-13757-5","HEINEMANN(SHREE)",2008,,,,,"500/ROY",,,,"ROYSTON.ANGELA ;Author",,,,,150,,"BULSAR BOOK STORE",,,,"SCIENCE",
"MY WORLD OF SCIENCE: HEAVY AND LIGHT",,"978-0-431-13762-9","HEINEMANN(SHREE)",2008,,,,,"500/ROY",,,,"ROYSTON.ANGELA ;Author",,,,,150,,"BULSAR BOOK STORE",,,,"SCIENCE",
"MY WORLD OF SCIENCE: SOFT AND HARD",,"978-0-431-13773-5","HEINEMANN(SHREE)",2008,,,,,"500/ROY",,,,"ROYSTON.ANGELA ;Author",,,,,150,,"BULSAR BOOK STORE",,,,"SCIENCE",
"MY WORLD OF SCIENCE: NATURAL AND MAN-MADE",,"978-0-431-13759-9","HEINEMANN(SHREE)",2008,,,,,"500/ROY",,,,"ROYSTON.ANGELA ;Author",,,,,150,,"BULSAR BOOK STORE",,,,"SCIENCE",
"MY WORLD OF SCIENCE: SOLIDS, LIQUIDS, AND GASES",,"978-0-431-13769-8","HEINEMANN(SHREE)",2008,,,,,"500/ROY",,,,"ROYSTON.ANGELA ;Author",,,,,150,,"BULSAR BOOK STORE",,,,"SCIENCE",
"MY WORLD OF SCIENCE: CONDUCTORS AND INSULATORS",,"978-0-431-13777-3","HEINEMANN(SHREE)",2008,,,,,"500/ROY",,,,"ROYSTON.ANGELA ;Author",,,,,150,,"BULSAR BOOK STORE",,,,"SCIENCE",
"MY WORLD OF SCIENCE: TRANSPARENT AND OPAQUE",,"978-0-431-13775-9","HEINEMANN(SHREE)",2008,,,,,"500/ROY",,,,"ROYSTON.ANGELA ;Author",,,,,150,,"BULSAR BOOK STORE",,,,"SCIENCE",
"MY WORLD OF SCIENCE: SHINY AND DULL",,"978-0-431-13774-2","HEINEMANN(SHREE)",2008,,,,,"500/ROY",,,,"ROYSTON.ANGELA ;Author",,,,,150,,"BULSAR BOOK STORE",,,,"SCIENCE",
"MY WORLD OF SCIENCE: USING ELECTRICITY",,"978-0-431-13766-7","HEINEMANN(SHREE)",2008,,,,,"500/ROY",,,,"ROYSTON.ANGELA ;Author",,,,,150,,"BULSAR BOOK STORE",,,,"SCIENCE",
"MY WORLD OF SCIENCE: MAGNETIC AND NON-MAGNETIC",,"978-0-431-13776-6","HEINEMANN(SHREE)",2008,,,,,"500/ROY",,,,"ROYSTON.ANGELA ;Author",,,,,150,,"BULSAR BOOK STORE",,,,"SCIENCE",
"MY WORLD OF SCIENCE: HOT AND COLD",,"978-0-431-13761-2","HEINEMANN(SHREE)",2008,,,,,"500/ROY",,,,"ROYSTON.ANGELA ;Author",,,,,150,,"BULSAR BOOK STORE",,,,"SCIENCE",
"MY WORLD OF SCIENCE: FORCES AND MOTION",,"978-0-431-13765-0","HEINEMANN(SHREE)",2008,,,,,"500/ROY",,,,"ROYSTON.ANGELA ;Author",,,,,150,,"BULSAR BOOK STORE",,,,"SCIENCE",
"MY WORLD OF SCIENCE: MATERIALS",,"978-0-431-13768-1","HEINEMANN(SHREE)",2008,,,,,"500/ROY",,,,"ROYSTON.ANGELA ;Author",,,,,150,,"BULSAR BOOK STORE",,,,"SCIENCE",
"MY WORLD OF SCIENCE: FLEXIBLE AND RIGID",,"978-0-431-13778-0","HEINEMANN(SHREE)",2008,,,,,"500/ROY",,,,"ROYSTON.ANGELA ;Author",,,,,150,,"BULSAR BOOK STORE",,,,"SCIENCE",
"WORLD IN PERIL: GLASSLANDS UNDER THREAT",,"978-0-431-02060-0","HEINEMANN(SHREE)",2009,,,,,"500/MAS",,,,"MASON.PAUL;Author",,,,,199,,"BULSAR BOOK STORE",,,,"SCIENCE",
"WORLD IN PERIL: MOUNTAINS UNDER THREAT ",,"978-0-431-02061-7","HEINEMANN(SHREE)",2009,,,,,"500/MAS",,,,"MASON.PAUL;Author",,,,,199,,"BULSAR BOOK STORE",,,,"SCIENCE",
"WORLD IN PERIL: FOREST UNDER THREAT",,"978-0-431-02058-7","HEINEMANN(SHREE)",2009,,,,,"500/MAS",,,,"MASON.PAUL;Author",,,,,199,,"BULSAR BOOK STORE",,,,"SCIENCE",
"WORLD IN PERIL: OCEANS UNDER THREAT",,"978-0-431-02056-3","HEINEMANN(SHREE)",2009,,,,,"500/MAS",,,,"MASON.PAUL;Author",,,,,199,,"BULSAR BOOK STORE",,,,"SCIENCE",
"WORLD IN PERIL: CITIES IN CRISIS",,"978-0-431-02059-4","HEINEMANN(SHREE)",2009,,,,,"500/MAS",,,,"MASON.PAUL;Author",,,,,199,,"BULSAR BOOK STORE",,,,"SCIENCE",
"LITTLE MOUSE'S RESCUE",,"978-0-276-44236-0","READER DIGEST(SHREE)",2007,,,,,"800/CHO",,,,"CHOTTIN.ARIANE ;Author",,,,,150,,"BULSAR BOOK STORE",,,,"STORY",
"THE CURIOUS LITTLE DOLPHIN",,"978-0-276-44237-7","READER DIGEST(SHREE)",2007,,,,,"800/CHO",,,,"CHOTTIN.ARIANE ;Author",,,,,150,,"BULSAR BOOK STORE",,,,"STORY",
"BRAVE LITTLE FOX",,"978-0-276-44353-4","READER DIGEST(SHREE)",2008,,,,,"800/PEP",,,,"PEPIN.MURIEL ;Author",,,,,150,,"BULSAR BOOK STORE",,,,"STORY",
"PROUD LITTLE PEACOCK",,"978-0-276-44238-4","READER DIGEST(SHREE)",2007,,,,,"800/WIL",,,,"WILSDON.CHRISTINA ;Author",,,,,150,,"BULSAR BOOK STORE",,,,"STORY",
"LITTLE POLAR BEAR",,"978-0-276-44239-1","READER DIGEST(SHREE)",2008,,,,,"800/CHO",,,,"CHOTTIN.ARIANE ;Author",,,,,150,,"BULSAR BOOK STORE",,,,"STORY",
"LITTLE SKUNK FEELS LEFT OUT",,"978-0-276-44360-2","READER DIGEST(SHREE)",2008,,,,,"800/ARL",,,,"ARLINGTON.JANE;Author",,,,,150,,"BULSAR BOOK STORE",,,,"STORY",
"POLITE LITTLE PIG",,"978-0-276-44352-7","READER DIGEST(SHREE)",2008,,,,,"800/ALB",,,,"ALBEE.SARAH;Author",,,,,150,,"BULSAR BOOK STORE",,,,"STORY",
"DON'T OVERDO IT,LITTLE COLT",,"978-0-276-44365-7","READER DIGEST(SHREE)",2008,,,,,"800/PRI",,,,"PRINCE.SARAH;Author",,,,,150,,"BULSAR BOOK STORE",,,,"STORY",
"LITTLE PUPPY SAVES THE DAY",,"978-0-276-44351-0","READER DIGEST(SHREE)",2008,,,,,"800/PEP",,,,"PEPIN.MURIEL ;Author",,,,,150,,"BULSAR BOOK STORE",,,,"STORY",
"THE HUNGRY DUCKLING",,"978-0-276-44233-9","READER DIGEST(SHREE)",2008,,,,,"800/CLE",,,,"CLEMENT.CLAUDE ;Author",,,,,150,,"BULSAR BOOK STORE",,,,"STORY",
"LITTLE BEAR'S NEW FRIEND",,"978-0-276-44232-2","READER DIGEST(SHREE)",2008,,,,,"800/PEP",,,,"PEPIN.MURIEL ;Author",,,,,150,,"BULSAR BOOK STORE",,,,"STORY",
"BEAVER GETS LOST",,"978-0-276-44235-3","READER DIGEST(SHREE)",2007,,,,,"800/CHO",,,,"CHOTTIN.ARIANE ;Author",,,,,150,,"BULSAR BOOK STORE",,,,"STORY",
"KEEP TRYING LITTLE ZEBRA",,"978-0-276-44234-6","READER DIGEST(SHREE)",2008,,,,,"800/WIL",,,,"WILSDON.CHRISTINA ;Author",,,,,150,,"BULSAR BOOK STORE",,,,"STORY",
"HOLD YOUR HEAD HIGH LITTLE GIRAFFE",,"978-0-276-44240-7","READER DIGEST(SHREE)",2008,,,,,"800/LUK",,,,"LUKAS.CATHERINE ;Author",,,,,150,,"BULSAR BOOK STORE",,,,"STORY",
"CARING LITTLE CHIMP",,"978-0-276-44354-1","READER DIGEST(SHREE)",2008,,,,,"800/LUK",,,,"LUKAS.CATHERINE ;Author",,,,,150,,"BULSAR BOOK STORE",,,,"STORY",
"BE YOURSELF, LITTLE PENGUIN",,"978-0-276-44357-2","READER DIGEST(SHREE)",2008,,,,,"800/SAM",,,,"SAMUEL.CATHERINE ;Author",,,,,150,,"BULSAR BOOK STORE",,,,"STORY",
"A HOME FOR LITTLE TORTOISE",,"978-0-276-44359-6","READER DIGEST(SHREE)",2008,,,,,"800/CHO",,,,"CHOTTIN.ARIANE ;Author",,,,,150,,"BULSAR BOOK STORE",,,,"STORY",
"HELP, help LITTLE FROG",,"978-0-276-44241-4","READER DIGEST(SHREE)",2008,,,,,"800/WIL",,,,"WILSDON.CHRISTINA ;Author",,,,,150,,"BULSAR BOOK STORE",,,,"STORY",
"A VERY DIFFERENT LITTLE BEE",,"978-0-276-44358-9","READER DIGEST(SHREE)",2008,,,,,"800/PEP",,,,"PEPIN.MURIEL ;Author",,,,,150,,"BULSAR BOOK STORE",,,,"STORY",
"THE CRAFTY HERON",,"978-93-5049-357-1","SHREE",2012,,,,,"800/CRA",,,,,,,,,60,,"BULSAR BOOK STORE",,,,"STORY",
"THE MAN AND HIS ANIMAL FRIENDS",,"978-93-5049-354-0","SHREE",2012,,,,,"800/MAN",,,,,,,,,60,,"BULSAR BOOK STORE",,,,"STORY",
"THE SHEPHERD BOY AND THE WOLF",,"978-93-5049-347-2","SHREE",2012,,,,,"800/SHE",,,,,,,,,60,,"BULSAR BOOK STORE",,,,"STORY",
"THE DOG AND THE OYSTER",,"978-93-5049-352-6","SHREE",2012,,,,,"800/DOG",,,,,,,,,60,,"BULSAR BOOK STORE",,,,"STORY",
"THE MAN AND THE SERPENT",,"978-93-5049-349-6","SHREE",2012,,,,,"800/MAN",,,,,,,,,60,,"BULSAR BOOK STORE",,,,"STORY",
"THE MONKEY AND THE FISHERMEN",,"978-93-5049-350-2","SHREE",2012,,,,,"800/MON",,,,,,,,,60,,"BULSAR BOOK STORE",,,,"STORY",
"THE ASS AND THE GRASSHOPPER",,"978-93-5049-348-9","SHREE",2012,,,,,"800/ASS",,,,,,,,,60,,"BULSAR BOOK STORE",,,,"STORY",
"THE HAWK AND THE PIGEONS",,"978-93-5049-358-8","SHREE",2012,,,,,"800/HAW",,,,,,,,,60,,"BULSAR BOOK STORE",,,,"STORY",
"THE SWOLLEN FOX",,"978-93-5049-351-9","SHREE",2012,,,,,"800/SWO",,,,,,,,,60,,"BULSAR BOOK STORE",,,,"STORY",
"THE SIX BAD BOYS",,"978-1-84135-650-1","SHREE",2010,,,,,"823/BLY",,,,"BLYTON.ENID;Author",,,,,199,,"BULSAR BOOK STORE",,,,"FICTION",
"THE FAMILY AT RED- ROOFS",,"978-1-84135-648-8","SHREE",2010,,,,,"823/BLY",,,,"BLYTON.ENID;Author",,,,,199,,"BULSAR BOOK STORE",,,,"FICTION",
"HOUSE AT THE CORNER",,"978-1-84135-647-1","SHREE",2010,,,,,"823/BLY",,,,"BLYTON.ENID;Author",,,,,199,,"BULSAR BOOK STORE",,,,"FICTION",
"THE PUT-EM-RIGHTS",,"978-1-84135-649-5","SHREE",2010,,,,,"823/BLY",,,,"BLYTON.ENID;Author",,,,,199,,"BULSAR BOOK STORE",,,,"FICTION",
"THOSE DREADFUL CHILDREN",,"978-1-84135-646-4","SHREE",2010,,,,,"823/BLY",,,,"BLYTON.ENID;Author",,,,,199,,"BULSAR BOOK STORE",,,,"FICTION",
"THE CHILDREN AT GREEN MEADOWS",,"978-1-84135-645-7","SHREE",2010,,,,,"823/BLY",,,,"BLYTON.ENID;Author",,,,,199,,"BULSAR BOOK STORE",,,,"FICTION",
"NODDY CLASSIC READER: NODDY GOES TO TOYLAND",,"978-81-286-3520-5","EURO BOOKS (SHREE)",2012,,,,,"800/BLY",,,,"BLYTON.ENID;Author",,,,,75,,"BULSAR BOOK STORE",,,,"FICTION",
"NODDY CLASSIC READER: HURRAH FOR LITTLE NODDY",,"978-81-286-3521-2","EURO BOOKS (SHREE)",2012,,,,,"800/BLY",,,,"BLYTON.ENID;Author",,,,,75,,"BULSAR BOOK STORE",,,,"FICTION",
"NODDY CLASSIC READER: NODDY AND HIS CAR",,"978-81-286-3522-9","EURO BOOKS (SHREE)",2012,,,,,"800/BLY",,,,"BLYTON.ENID;Author",,,,,75,,"BULSAR BOOK STORE",,,,"FICTION",
"NODDY CLASSIC READER: HERE COMES NODDY AGAIN!",,"978-81-286-3523-6","EURO BOOKS (SHREE)",2012,,,,,"800/BLY",,,,"BLYTON.ENID;Author",,,,,75,,"BULSAR BOOK STORE",,,,"FICTION",
"NODDY CLASSIC READER: WELL DONE NODDY!",,"978-81-286-3524-3","EURO BOOKS (SHREE)",2012,,,,,"800/BLY",,,,"BLYTON.ENID;Author",,,,,75,,"BULSAR BOOK STORE",,,,"FICTION",
"NODDY CLASSIC READER: NODDY GOES TO SCHOOL",,"978-81-286-3525-0","EURO BOOKS (SHREE)",2012,,,,,"800/BLY",,,,"BLYTON.ENID;Author",,,,,75,,"BULSAR BOOK STORE",,,,"FICTION",
"NODDY CLASSIC READER: NODDY AT THE SEASIDE",,"978-81-286-3526-7","EURO BOOKS (SHREE)",2012,,,,,"800/BLY",,,,"BLYTON.ENID;Author",,,,,75,,"BULSAR BOOK STORE",,,,"FICTION",
"NODDY CLASSIC READER: NODDY GETS INTO TROUBLE",,"978-81-286-3527-4","EURO BOOKS (SHREE)",2012,,,,,"800/BLY",,,,"BLYTON.ENID;Author",,,,,75,,"BULSAR BOOK STORE",,,,"FICTION",
"NODDY CLASSIC READER: NODDY AND THE MAGIC RUBBER",,"978-81-286-3528-1","EURO BOOKS (SHREE)",2011,,,,,"800/BLY",,,,"BLYTON.ENID;Author",,,,,75,,"BULSAR BOOK STORE",,,,"FICTION",
"NODDY CLASSIC READER: YOU FUNNY LITTLE NODDY",,"978-81-286-3529-8","EURO BOOKS (SHREE)",2011,,,,,"800/BLY",,,,"BLYTON.ENID;Author",,,,,75,,"BULSAR BOOK STORE",,,,"FICTION",
"NODDY CLASSIC READER: NODDY MEETS FATHER CHRISTMAS",,"978-81-286-3530-4","EURO BOOKS (SHREE)",2012,,,,,"800/BLY",,,,"BLYTON.ENID;Author",,,,,75,,"BULSAR BOOK STORE",,,,"FICTION",
"NODDY CLASSIC READER: NODDY AND TESSIE BEAR",,"978-81-286-3531-1","EURO BOOKS (SHREE)",2012,,,,,"800/BLY",,,,"BLYTON.ENID;Author",,,,,75,,"BULSAR BOOK STORE",,,,"FICTION",
"NODDY CLASSIC READER: BE BRAVE LITTLE NODDY!",,"978-81-286-3532-8","EURO BOOKS (SHREE)",2012,,,,,"800/BLY",,,,"BLYTON.ENID;Author",,,,,75,,"BULSAR BOOK STORE",,,,"FICTION",
"NODDY CLASSIC READER: NODDY AND THE BUMPY DOG",,"978-81-286-3533-5","EURO BOOKS (SHREE)",2012,,,,,"800/BLY",,,,"BLYTON.ENID;Author",,,,,75,,"BULSAR BOOK STORE",,,,"FICTION",
"NODDY CLASSIC READER: DO LOOK OUT NODDY",,"978-81-286-3534-2","EURO BOOKS (SHREE)",2012,,,,,"800/BLY",,,,"BLYTON.ENID;Author",,,,,75,,"BULSAR BOOK STORE",,,,"FICTION",
"NODDY CLASSIC READER: YOU'RE A GOOD FRIEND NODDY!",,"978-81-286-3535-9","EURO BOOKS (SHREE)",2012,,,,,"800/BLY",,,,"BLYTON.ENID;Author",,,,,75,,"BULSAR BOOK STORE",,,,"FICTION",
"NODDY CLASSIC READER: NODDY HAS AN ADVENTURE",,"978-81-286-3536-6","EURO BOOKS (SHREE)",2012,,,,,"800/BLY",,,,"BLYTON.ENID;Author",,,,,75,,"BULSAR BOOK STORE",,,,"FICTION",
"NODDY CLASSIC READER: NODDY GOES TO SEA",,"978-81-286-3537-3","EURO BOOKS (SHREE)",2012,,,,,"800/BLY",,,,"BLYTON.ENID;Author",,,,,75,,"BULSAR BOOK STORE",,,,"FICTION",
"NODDY CLASSIC READER: NODDY AND THE BUNKEY",,"978-81-286-3538-0","EURO BOOKS (SHREE)",2012,,,,,"800/BLY",,,,"BLYTON.ENID;Author",,,,,75,,"BULSAR BOOK STORE",,,,"FICTION",
"NODDY CLASSIC READER: CHEER UP LITTLE NODDY!",,"978-81-286-3539-7","EURO BOOKS (SHREE)",2012,,,,,"800/BLY",,,,"BLYTON.ENID;Author",,,,,75,,"BULSAR BOOK STORE",,,,"FICTION",
"NODDY CLASSIC READER: NODDY GOES TO THE FAIR",,"978-81-286-3540-3","EURO BOOKS (SHREE)",2012,,,,,"800/BLY",,,,"BLYTON.ENID;Author",,,,,75,,"BULSAR BOOK STORE",,,,"FICTION",
"NODDY CLASSIC READER: MR. PLOD AND LITTLE NODDY",,"978-81-286-3541-0","EURO BOOKS (SHREE)",2012,,,,,"800/BLY",,,,"BLYTON.ENID;Author",,,,,75,,"BULSAR BOOK STORE",,,,"FICTION",
"NODDY CLASSIC READER: NODDY AND THE TOOTLES",,"978-81-286-3542-7","EURO BOOKS (SHREE)",2012,,,,,"800/BLY",,,,"BLYTON.ENID;Author",,,,,75,,"BULSAR BOOK STORE",,,,"FICTION",
"NODDY CLASSIC READER: NODDY AND THE AEROPLANE",,"978-81-286-3543-4","EURO BOOKS (SHREE)",2012,,,,,"800/BLY",,,,"BLYTON.ENID;Author",,,,,75,,"BULSAR BOOK STORE",,,,"FICTION",
"ANTONY AND CLEOPATRA",,"978-1-84121-338-5","SHREE",2003,,,,,"823/SHA",,,,"SHAKESPEARE;Author",,,,,135,,"BULSAR BOOK STORE",,,,"FICTION",
"THE MERCHANT OF VENICE",,"978-1-40830-504-1","SHREE",2010,,,,,"823/SHA",,,,"SHAKESPEARE;Author",,,,,135,,"BULSAR BOOK STORE",,,,"FICTION",
"A MIDSUMMER NIGHT'S DREAM",,"978-1-84121-332-3","SHREE",2003,,,,,"823/SHA",,,,"SHAKESPEARE;Author",,,,,135,,"BULSAR BOOK STORE",,,,"FICTION",
"HENRY v",,"978-1-84121-342-2","SHREE",2003,,,,,"823/SHA",,,,"SHAKESPEARE;Author",,,,,135,,"BULSAR BOOK STORE",,,,"FICTION",
"THE TEMPEST",,"978-1-84121-346-0","SHREE",2003,,,,,"823/SHA",,,,"SHAKESPEARE;Author",,,,,135,,"BULSAR BOOK STORE",,,,"FICTION",
"ROMEO AND JULIET",,"978-1-84121-336-1","SHREE",2003,,,,,"823/SHA",,,,"SHAKESPEARE;Author",,,,,135,,"BULSAR BOOK STORE",,,,"FICTION",
"OTHELLO",,"978-1-84616-184-1","SHREE",2007,,,,,"823/SHA",,,,"SHAKESPEARE;Author",,,,,135,,"BULSAR BOOK STORE",,,,"FICTION",
"AS YOU LIKE IT",,"978-1-84616-187-2","SHREE",2007,,,,,"823/SHA",,,,"SHAKESPEARE;Author",,,,,135,,"BULSAR BOOK STORE",,,,"FICTION",
"MACBETH",,"978-1-84121-344-6","SHREE",2003,,,,,"823/SHA",,,,"SHAKESPEARE;Author",,,,,135,,"BULSAR BOOK STORE",,,,"FICTION",
"HAMLET",,"978-1-84121-340-8","SHREE",2003,,,,,"823/SHA",,,,"SHAKESPEARE;Author",,,,,135,,"BULSAR BOOK STORE",,,,"FICTION",
"RICHARD III",,"978-1-84616-185-8","SHREE",2007,,,,,"823/SHA",,,,"SHAKESPEARE;Author",,,,,135,,"BULSAR BOOK STORE",,,,"FICTION",
"MUCH ADO ABOUT NOTHING",,"978-1-84616-183-4","SHREE",2007,,,,,"823/SHA",,,,"SHAKESPEARE;Author",,,,,135,,"BULSAR BOOK STORE",,,,"FICTION",
"THE TAMING OF THE SHREW",,"978-1-40830-505-8","SHREE",2010,,,,,"823/SHA",,,,"SHAKESPEARE;Author",,,,,135,,"BULSAR BOOK STORE",,,,"FICTION",
"JULIUS CAESAR",,"978-1-40830-506-5","SHREE",2010,,,,,"823/SHA",,,,"SHAKESPEARE;Author",,,,,135,,"BULSAR BOOK STORE",,,,"FICTION",
"TWELFTH NIGHT",,"978-1-84121-334-7","SHREE",2003,,,,,"823/SHA",,,,"SHAKESPEARE;Author",,,,,135,,"BULSAR BOOK STORE",,,,"FICTION",
"DISNEY. PIXAR TOY STORY: TOY-TASTIC ADVENTURES",,"978-1-4454-2114-8","SHREE",2011,,,,,"800/JOR",,,,"APPLE JORDAN;Author",,,,,125,,"BULSAR BOOK STORE",,,,"STORY",
"DISNEY PIXAR CARS TEAM WORK",,"978-1-4454-2106-3","SHREE",2011,,,,,"800/LAG",,,,"LAGONEGRO.MELISSA ;Author",,,,,125,,"BULSAR BOOK STORE",,,,"STORY",
"DISNEY PRINCESS: PRETTY AS A PRINCESS",,"978-1-4454-2113-1","SHREE",2011,,,,,"800/LAG",,,,"LAGONEGRO.MELISSA ;Author",,,,,125,,"BULSAR BOOK STORE",,,,"STORY",
"DISNEY PRINCESS: ANIMAL FRIENDS",,"978-1-4454-2110-0","SHREE",2011,,,,,"800/LAG",,,,"LAGONEGRO.MELISSA ;Author",,,,,125,,"BULSAR BOOK STORE",,,,"STORY",
"DISNEY WINNIE THE POOH : SPECIAL SEASONS",,"978-1-4454-2116-2","SHREE",2011,,,,,"800/MIL",,,,"MILNE.A.A.;Author SHEPARD.E.H.;Author",,,,,125,,"BULSAR BOOK STORE",,,,"STORY",
"DISNEY PRINCESS: PRINCESS DREAMS",,"978-1-4454-2112-4","SHREE",2011,,,,,"800/LAG",,,,"LAGONEGRO.MELISSA ;Author",,,,,125,,"BULSAR BOOK STORE",,,,"STORY",
"TALES FROM THE ARABIAN NIGHTS: THE THREE APPLES/SINDBAD THE SAILOR",,"978-81-7963-694-7","SHREE",2012,,,,,"800/ARA",,,,,,,,,60,,"BULSAR BOOK STORE",,,,"STORY",
"TALES FROM THE ARABIAN NIGHTS: THE MONKEY ADVISOR/THE MONKEY AND HIS FALCON",,"978-81-7963-695-4","SHREE",2012,,,,,"800/ARA",,,,,,,,,60,,"BULSAR BOOK STORE",,,,"STORY",
"TALES FROM THE ARABIAN NIGHTS: ABDULLAH'S GREED/THE ENCHANTING HORSE",,"978-81-7963-696-1","SHREE",2012,,,,,"800/ARA",,,,,,,,,60,,"BULSAR BOOK STORE",,,,"STORY",
"TALES FROM THE ARABIAN NIGHTS: THE FISHERMAN AND THE GENIE/THE DWARF WITH THE LONG BEARD",,"978-81-7963-697-8","SHREE",2012,,,,,"800/ARA",,,,,,,,,60,,"BULSAR BOOK STORE",,,,"STORY",
"TALES FROM THE ARABIAN NIGHTS: THE LOST CAMEL/THE STOLEN RUBY",,"978-81-7963-692-3","SHREE",2012,,,,,"800/ARA",,,,,,,,,60,,"BULSAR BOOK STORE",,,,"STORY",
"TALES FROM THE ARABIAN NIGHTS: FACE TO FACE WITH A DEMON",,"978-81-7963-699-2","SHREE",2012,,,,,"800/ARA",,,,,,,,,60,,"BULSAR BOOK STORE",,,,"STORY",
"TALES FROM THE ARABIAN NIGHTS: THE GOOD NEIGHBOUR/THE TALE OF A MULE",,"978-81-7963-698-5","SHREE",2012,,,,,"800/ARA",,,,,,,,,60,,"BULSAR BOOK STORE",,,,"STORY",
"TALES FROM THE ARABIAN NIGHTS: ALADDIN AND THE MAGIC LAMP/THE PRINCE AND THE OGRESS",,"978-81-7963-693-0","SHREE",2012,,,,,"800/ARA",,,,,,,,,60,,"BULSAR BOOK STORE",,,,"STORY",
"TALES FROM THE ARABIAN NIGHTS: ALI BABA AND THE FORTY THIEVES/THE NINTH STATUE",,"978-81-7963-691-6","SHREE",2012,,,,,"800/ARA",,,,,,,,,60,,"BULSAR BOOK STORE",,,,"STORY",
"AESOP'S FABLES:THE BEAR AND THE BEES/THE CROW AND THE MOUSE",,"978-81-7963-468-4","SHREE",2012,,,,,"800/AES",,,,,,,,,60,,"BULSAR BOOK STORE",,,,"STORY",
"AESOP'S FABLES: THE DEER AND HIS ANTLERS/THE OWL AND THE GRASSHOPPER",,"978-81-7963-467-7","SHREE",2012,,,,,"800/AES",,,,,,,,,60,,"BULSAR BOOK STORE",,,,"STORY",
"AESOP'S FABLES:THE DOG AND THE LOG/THE PEACOCK AND THE CRANE",,"978-81-7963-462-2","SHREE",2012,,,,,"800/AES",,,,,,,,,60,,"BULSAR BOOK STORE",,,,"STORY",
"AESOP'S FABLES:THE FOX AND THE CRANE/THE VILLAGE MOUSE AND THE CITY MOUSE",,"978-81-7963-466-0","SHREE",2012,,,,,"800/AES",,,,,,,,,60,,"BULSAR BOOK STORE",,,,"STORY",
"AESOP'S FABLES:THE HARE AND THE TORTOISE",,"978-81-7963-464-6","SHREE",2012,,,,,"800/AES",,,,,,,,,60,,"BULSAR BOOK STORE",,,,"STORY",
"AESOP'S FABLES:THE LEOPARD AND THE HARE/THE COCK, THE FOX AND THE DOG",,"978-81-7963-469-1","SHREE",2012,,,,,"800/AES",,,,,,,,,60,,"BULSAR BOOK STORE",,,,"STORY",
"AESOP'S FABLES:THE FARMER,HIS SON AND THE DONKEY/THE LION, THE MONKEY AND THE CAMEL",,"978-81-7963-465-3","SHREE",2012,,,,,"800/AES",,,,,,,,,60,,"BULSAR BOOK STORE",,,,"STORY",
"AESOP'S FABLES:THE WOLF IN SHEEP'S CLOTHING/THE MONKEY AND THE BELL",,"978-81-7963-470-7","SHREE",2012,,,,,"800/AES",,,,,,,,,60,,"BULSAR BOOK STORE",,,,"STORY",
"TALES OF GODS & DEMONS FROM INDIAN MYTHOLOGY:THE CURSE OF BIDHATA/KRISHNA AND RUKMINI",,"978-81-7963-688-6","SHREE",2012,,,,,"200/GOD",,,,,,,,,60,,"BULSAR BOOK STORE",,,,"RELIGIOUS",
"TALES OF GODS & DEMONS FROM INDIAN MYTHOLOGY:BHIMA SLAYS VAKASURA/SHIVA AND RAVANA",,"978-81-7963-687-9","SHREE",2012,,,,,"200/GOD",,,,,,,,,60,,"BULSAR BOOK STORE",,,,"RELIGIOUS",
"TALES OF GODS & DEMONS FROM INDIAN MYTHOLOGY:PRINCE DHRUVA/SHIVA AND KALI",,"978-81-7963-683-1","SHREE",2012,,,,,"200/GOD",,,,,,,,,60,,"BULSAR BOOK STORE",,,,"RELIGIOUS",
"TALES OF GODS & DEMONS FROM INDIAN MYTHOLOGY:CHURNING OF THE OCEAN/BRAHMA AND THE TWO DEMONS",,"978-81-7963-682-4","SHREE",2012,,,,,"200/GOD",,,,,,,,,60,,"BULSAR BOOK STORE",,,,"RELIGIOUS",
"TALES OF GODS & DEMONS FROM INDIAN MYTHOLOGY:THE TRISHANKU HEAVAN/NALA AND DAMAYANTI",,"978-81-7963-684-8","SHREE",2012,,,,,"200/GOD",,,,,,,,,60,,"BULSAR BOOK STORE",,,,"RELIGIOUS",
"TALES OF GODS & DEMONS FROM INDIAN MYTHOLOGY:DURGA SLAYS MAHISHASURA/RANTIDEVA AND THE GODS",,"978-81-7963-690-9","SHREE",2012,,,,,"200/GOD",,,,,,,,,60,,"BULSAR BOOK STORE",,,,"RELIGIOUS",
"TALES OF GODS & DEMONS FROM INDIAN MYTHOLOGY:SHIVA AND BHASMASURA/INDRA AND HIS COWS",,"978-81-7963-689-3","SHREE",2012,,,,,"200/GOD",,,,,,,,,60,,"BULSAR BOOK STORE",,,,"RELIGIOUS",
"TALES OF GODS & DEMONS FROM INDIAN MYTHOLOGY:KING HARISHCHANDRA/URVASHI AND PURURAVAS",,"978-81-7963-686-2","SHREE",2012,,,,,"200/GOD",,,,,,,,,60,,"BULSAR BOOK STORE",,,,"RELIGIOUS",
"STORIES FROM INDIAN MYTHOLOGY: SHIVA AND SATI/THE PANDAVAS' JOURNEY TO HEAVEN",,"978-81-7963-740-1","SHREE",2012,,,,,"200/IND",,,,,,,,,60,,"BULSAR BOOK STORE",,,,"RELIGIOUS",
"STORIES FROM INDIAN MYTHOLOGY: SATYAVAN AND SAVITRI/PRAHLADA",,"978-81-7963-739-5","SHREE",2012,,,,,"200/IND",,,,,,,,,60,,"BULSAR BOOK STORE",,,,"RELIGIOUS",
"STORIES FROM INDIAN MYTHOLOGY:GANESHA WRITES THE MAHABHARATA/JATAYU, THE BRAVE BIRD",,"978-81-7963-737-1","SHREE",2012,,,,,"200/IND",,,,,,,,,60,,"BULSAR BOOK STORE",,,,"RELIGIOUS",
"STORIES FROM INDIAN MYTHOLOGY: THE SYAMANTAKA GEM/RISHI VALMIKI",,"978-81-7963-736-4","SHREE",2012,,,,,"200/IND",,,,,,,,,60,,"BULSAR BOOK STORE",,,,"RELIGIOUS",
"STORIES FROM INDIAN MYTHOLOGY: KRISHNA AND KALIYA/BHEEMA MEETS HANUMAN",,"978-81-7963-738-8","SHREE",2012,,,,,"200/IND",,,,,,,,,60,,"BULSAR BOOK STORE",,,,"RELIGIOUS",
"STORIES FROM INDIAN MYTHOLOGY:THE BIRTH OF PANDAVAS/DRAUPADI'S SWAYAMVARA",,"978-81-7963-735-7","SHREE",2012,,,,,"200/IND",,,,,,,,,60,,"BULSAR BOOK STORE",,,,"RELIGIOUS",
"STORIES FROM INDIAN MYTHOLOGY: KRISHNA SLAYS KAMSA/SUGREEVA AND BALI",,"978-81-7963-734-0","SHREE",2012,,,,,"200/IND",,,,,,,,,60,,"BULSAR BOOK STORE",,,,"RELIGIOUS",
"VALLEYS",,"978-0-7613-4370-7","LERNER(SHREE)",2010,,,,,"300/AND",,,,"ANDERSON.SHEILA ;Author",,,,,110,,"BULSAR BOOK STORE",,,,"SOCIAL SCIENCE",
"PLAINS",,"978-0-7613-4368-4","LERNER(SHREE)",2010,,,,,"300/AND",,,,"ANDERSON.SHEILA ;Author",,,,,110,,"BULSAR BOOK STORE",,,,"SOCIAL SCIENCE",
"ISLANDS",,"978-0-7613-4366-0","LERNER(SHREE)",2010,,,,,"300/AND",,,,"ANDERSON.SHEILA ;Author",,,,,110,,"BULSAR BOOK STORE",,,,"SOCIAL SCIENCE",
"PLATEAUS",,"978-0-7613-4369-1","LERNER(SHREE)",2010,,,,,"300/AND",,,,"ANDERSON.SHEILA ;Author",,,,,110,,"BULSAR BOOK STORE",,,,"SOCIAL SCIENCE",
"MOUNTAINS",,"978-0-7613-4367-7","LERNER(SHREE)",2010,,,,,"300/AND",,,,"ANDERSON.SHEILA ;Author",,,,,110,,"BULSAR BOOK STORE",,,,"SOCIAL SCIENCE",
"COASTS",,"978-0-7613-4365-3","LERNER(SHREE)",2010,,,,,"300/AND",,,,"ANDERSON.SHEILA ;Author",,,,,110,,"BULSAR BOOK STORE",,,,"SOCIAL SCIENCE",
"A WINDY DAY",,"978-1-58013-308-1","LERNER(SHREE)",2008,,,,,"300/NEL",,,,"NELSON.ROBIN ;Author",,,,,110,,"BULSAR BOOK STORE",,,,"SOCIAL SCIENCE",
"DESERTS",,"978-1-58013-441-5","LERNER(SHREE)",2008,,,,,"300/RIV",,,,"RIVERA.SHEILA ;Author",,,,,110,,"BULSAR BOOK STORE",,,,"SOCIAL SCIENCE",
"WETLAND",,"978-1-58013-444-6","LERNER(SHREE)",2008,,,,,"300/RIV",,,,"RIVERA.SHEILA ;Author",,,,,110,,"BULSAR BOOK STORE",,,,"SOCIAL SCIENCE",
"OCEAN",,"978-1-58013-443-9","LERNER(SHREE)",2008,,,,,"300/RIV",,,,"RIVERA.SHEILA ;Author",,,,,110,,"BULSAR BOOK STORE",,,,"SOCIAL SCIENCE",
"FOREST",,"978-1-58013-442-2","LERNER(SHREE)",2008,,,,,"300/RIV",,,,"RIVERA.SHEILA ;Author",,,,,110,,"BULSAR BOOK STORE",,,,"SOCIAL SCIENCE",
"PUSH AND PULL",,"978-1-58013-369-2","LERNER(SHREE)",2008,,,,,"500/NEL",,,,"NELSON.ROBIN ;Author",,,,,110,,"BULSAR BOOK STORE",,,,"SCIENCE",
"MAGNETS",,"978-1-58013-368-5","LERNER(SHREE)",2008,,,,,"500/NEL",,,,"NELSON.ROBIN ;Author",,,,,110,,"BULSAR BOOK STORE",,,,"SCIENCE",
"GRAVITY",,"978-1-58013-367-8","LERNER(SHREE)",2008,,,,,"500/NEL",,,,"NELSON.ROBIN ;Author",,,,,110,,"BULSAR BOOK STORE",,,,"SCIENCE",
"WAYS THINGS MOVE",,"978-1-58013-370-8","LERNER(SHREE)",2008,,,,,"500/NEL",,,,"NELSON.ROBIN ;Author",,,,,110,,"BULSAR BOOK STORE",,,,"SCIENCE",
"GRAINS",,"978-1-58013-390-6","LERNER(SHREE)",2008,,,,,"500/NEL",,,,"NELSON.ROBIN ;Author",,,,,110,,"BULSAR BOOK STORE",,,,"SCIENCE",
"FRUITS",,"978-1-58013-389-0","LERNER(SHREE)",2008,,,,,"500/NEL",,,,"NELSON.ROBIN ;Author",,,,,110,,"BULSAR BOOK STORE",,,,"SCIENCE",
"MEATS AND PROTEINS",,"978-1-58013-391-3","LERNER(SHREE)",2008,,,,,"500/NEL",,,,"NELSON.ROBIN ;Author",,,,,110,,"BULSAR BOOK STORE",,,,"SCIENCE",
"DAIRY",,"978-1-58013-387-6","LERNER(SHREE)",2008,,,,,"500/NEL",,,,"NELSON.ROBIN ;Author",,,,,110,,"BULSAR BOOK STORE",,,,"SCIENCE",
"ANIMALS AND THE ENVIRONMENT",,"978-0-7613-4302-8","LERNER(SHREE)",2009,,,,,"500/BOO",,,,"BOOTHROYD.JENNIFER ;Author",,,,,110,,"BULSAR BOOK STORE",,,,"SCIENCE",
"FATS,OILS AND SWEETS",,"978-1-58013-388-3","LERNER(SHREE)",2008,,,,,"500/NEL",,,,"NELSON.ROBIN ;Author",,,,,110,,"BULSAR BOOK STORE",,,,"SCIENCE",
"WHAT IS A SOLID?",,"978-1-58013-477-4","LERNER(SHREE)",2009,,,,,"500/BOO",,,,"BOOTHROYD.JENNIFER ;Author",,,,,110,,"BULSAR BOOK STORE",,,,"SCIENCE",
"WHAT IS A GAS?",,"978-1-58013-475-0","LERNER(SHREE)",2009,,,,,"500/BOO",,,,"BOOTHROYD.JENNIFER ;Author",,,,,110,,"BULSAR BOOK STORE",,,,"SCIENCE",
"WHAT IS A LIQUID?",,"978-1-58013-476-7","LERNER(SHREE)",2009,,,,,"500/BOO",,,,"BOOTHROYD.JENNIFER ;Author",,,,,110,,"BULSAR BOOK STORE",,,,"SCIENCE",
"TELEPHONES",,"978-0-7565-0138-5","COMPASS BOOK POINT(SHREE)",2002,,,,,"600/STI",,,,"STILLE.DARLENE R. ;Author",,,,,150,,"BULSAR BOOK STORE",,,,"TECHNOLOGY",
"TELEPHONES",,"978-0-7565-0138-5","COMPASS BOOK POINT(SHREE)",2002,,,,,"600/STI",,,,"STILLE.DARLENE R. ;Author",,,,,150,,"BULSAR BOOK STORE",,,,"TECHNOLOGY",
"RADIO",,"978-0-7565-0136-9","COMPASS BOOK POINT(SHREE)",2002,,,,,"600/STI",,,,"STILLE.DARLENE R. ;Author",,,,,150,,"BULSAR BOOK STORE",,,,"TECHNOLOGY",
"SATELLITES",,"978-0-7565-0137-7","COMPASS BOOK POINT(SHREE)",2002,,,,,"600/STI",,,,"STILLE.DARLENE R. ;Author",,,,,150,,"BULSAR BOOK STORE",,,,"TECHNOLOGY",
"TELEVISION",,"978-0-7565-0139-3","COMPASS BOOK POINT(SHREE)",2002,,,,,"600/STI",,,,"STILLE.DARLENE R. ;Author",,,,,150,,"BULSAR BOOK STORE",,,,"TECHNOLOGY",
"EXERCISING",,"978-1-58013-400-2","LERNER(SHREE)",2008,,,,,"610/NEL",,,,"NELSON.ROBIN ;Author",,,,,110,,"BULSAR BOOK STORE",,,,"HEALTH",
"STAYING HAPPY",,"978-1-58013-405-7","LERNER(SHREE)",2006,,,,,"610/MUR",,,,"MURPHY.PATRICIA J.;Author",,,,,110,,"BULSAR BOOK STORE",,,,"HEALTH",
"GETTING REST",,"978-1-58013-409-5","LERNER(SHREE)",2008,,,,,"610/NEL",,,,"NELSON.ROBIN ;Author",,,,,110,,"BULSAR BOOK STORE",,,,"HEALTH",
"AVOIDING DRUGS",,"978-1-58013-399-9","LERNER(SHREE)",2008,,,,,"610/MUR",,,,"MURPHY.PATRICIA J. ;Author",,,,,110,,"BULSAR BOOK STORE",,,,"HEALTH",
"PLAYING SAFELY",,"978-1-58013-402-6","LERNER(SHREE)",2008,,,,,"610/NEL",,,,"NELSON.ROBIN ;Author",,,,,110,,"BULSAR BOOK STORE",,,,"HEALTH",
"STAYING SAFE IN EMERGENCIES",,"978-1-58013-406-4","LERNER(SHREE)",2008,,,,,"610/NEL",,,,"NELSON.ROBIN ;Author",,,,,110,,"BULSAR BOOK STORE",,,,"HEALTH",
"WORKING WITH OTHERS",,"978-1-58013-407-1","LERNER(SHREE)",2008,,,,,"610/NEL",,,,"NELSON.ROBIN ;Author",,,,,110,,"BULSAR BOOK STORE",,,,"HEALTH",
"EATING WELL ",,"978-1-58013-408-8","LERNER(SHREE)",2008,,,,,"610/MIT",,,,"MITCHELL.MELANIE ;Author",,,,,110,,"BULSAR BOOK STORE",,,,"HEALTH",
"STAYING CLEAN",,"978-1-58013-404-0","LERNER(SHREE)",2008,,,,,"610/NEL",,,,"NELSON.ROBIN ;Author",,,,,110,,"BULSAR BOOK STORE",,,,"HEALTH",
"KILLING GERMS",,"978-1-58013-401-9","LERNER(SHREE)",2008,,,,,"610/MIT",,,,"MITCHELL.MELANIE ;Author",,,,,110,,"BULSAR BOOK STORE",,,,"HEALTH",
"SEEING AND HEARING WELL",,"978-1-58013-403-3","LERNER(SHREE)",2008,,,,,"610/NEL",,,,"NELSON.ROBIN ;Author",,,,,110,,"BULSAR BOOK STORE",,,,"HEALTH",
"BARNEY: ONE DAY AT SCHOOL",,"978-81-207-6497-2","LYONS PARTNERSHIP(SHREE)",2011,,,,,"800/BER",,,,"BERNTHAL.MARK S. ;Author",,,,,60,,"BULSAR BOOK STORE",,,,"STORY",
"BARNEY: ONE DAY AT THE FARM",,"978-81-207-6490-3","LYONS PARTNERSHIP(SHREE)",2011,,,,,"800/BER",,,,"BERNTHAL.MARK S. ;Author",,,,,60,,"BULSAR BOOK STORE",,,,"STORY",
"BARNEY: ONE DAY AT THE DENTIST",,"978-81-207-6487-3","LYONS PARTNERSHIP(SHREE)",2011,,,,,"800/DOW",,,,"DOWDY.LINDA CRESS ;Author",,,,,60,,"BULSAR BOOK STORE",,,,"STORY",
"BARNEY: ONE DAY AT THE DOCTOR",,"978-81-207-6488-0","LYONS PARTNERSHIP(SHREE)",2011,,,,,"800/LAR",,,,"LARSEN.MARGIE ;Author",,,,,60,,"BULSAR BOOK STORE",,,,"STORY",
"BARNEY: ONE DAY AT THE FIRE STATION",,"978-81-207-6491-0","LYONS PARTNERSHIP(SHREE)",2011,,,,,"800/BER",,,,"BERNTHAL.MARK S. ;Author",,,,,60,,"BULSAR BOOK STORE",,,,"STORY",
"BARNEY: ONE DAY AT THE LIBRARY",,"978-81-207-6493-4","LYONS PARTNERSHIP(SHREE)",2011,,,,,"800/BER",,,,"BERNTHAL.MARK S. ;Author",,,,,60,,"BULSAR BOOK STORE",,,,"STORY",
"BARNEY: ONE DAY AT THE FAIR",,"978-81-207-6489-7","LYONS PARTNERSHIP(SHREE)",2011,,,,,"800/VAL",,,,"VALVASSORI.MAUREEN M. ;Author",,,,,60,,"BULSAR BOOK STORE",,,,"STORY",
"BARNEY: ONE DAY AT THE POLICE STATION",,"978-81-207-6495-8","LYONS PARTNERSHIP(SHREE)",2011,,,,,"800/BER",,,,"BERNTHAL.MARK S. ;Author",,,,,60,,"BULSAR BOOK STORE",,,,"STORY",
"BARNEY: ONE DAY AT THE GROCERY STORE",,"978-81-207-6492-7","LYONS PARTNERSHIP(SHREE)",2011,,,,,"800/COO",,,,"COONER.DONNA ;Author",,,,,60,,"BULSAR BOOK STORE",,,,"STORY",
"THE THOMAS TV SERIES: EMILY'S NEW COACHES",,"978-0-6035-6629-5","EGMONT (SHREE)",2011,,,,,"800/AWD",,,,"AWDRY.REVEREND W. ;Author",,,,,99,,"BULSAR BOOK STORE",,,,"STORY",
"THE THOMAS TV SERIES: BULGY RIDES AGAIN",,"978-0-6035-6630-1","EGMONT (SHREE)",2011,,,,,"800/AWD",,,,"AWDRY.REVEREND W. ;Author",,,,,99,,"BULSAR BOOK STORE",,,,"STORY",
"THE THOMAS TV SERIES: NO SLEEP FOR CRANKY",,"978-0-6035-6635-6","EGMONT (SHREE)",2011,,,,,"800/AWD",,,,"AWDRY.REVEREND W. ;Author",,,,,99,,"BULSAR BOOK STORE",,,,"STORY",
"THE THOMAS TV SERIES: A BAD DAY FOR HAROLD",,"978-0-6035-6632-5","EGMONT (SHREE)",2011,,,,,"800/AWD",,,,"AWDRY.REVEREND W. ;Author",,,,,99,,"BULSAR BOOK STORE",,,,"STORY",
"THE THOMAS TV SERIES: THOMS AND THE GHOST ENGINE",,"978-0-6035-6634-9","EGMONT (SHREE)",2011,,,,,"800/AWD",,,,"AWDRY.REVEREND W. ;Author",,,,,99,,"BULSAR BOOK STORE",,,,"STORY",
"THE THOMAS TV SERIES: PERCY'S CHOCOLATE CRUNCH",,"978-0-6035-6627-1","EGMONT (SHREE)",2011,,,,,"800/AWD",,,,"AWDRY.REVEREND W. ;Author",,,,,99,,"BULSAR BOOK STORE",,,,"STORY",
"THE THOMAS TV SERIES: GORDON TAKES A TUMBLE",,"978-0-6035-6628-8","EGMONT (SHREE)",2011,,,,,"800/AWD",,,,"AWDRY.REVEREND W. ;Author",,,,,99,,"BULSAR BOOK STORE",,,,"STORY",
"THE THOMAS TV SERIES: TOBY HAD A LITTLE LAMB",,"978-0-6035-6631-8","EGMONT (SHREE)",2011,,,,,"800/AWD",,,,"AWDRY.REVEREND W. ;Author",,,,,99,,"BULSAR BOOK STORE",,,,"STORY",
"THE THOMAS TV SERIES: THOMAS AND THE JET ENGINE",,"978-0-6035-6626-4","EGMONT (SHREE)",2011,,,,,"800/AWD",,,,"AWDRY.REVEREND W. ;Author",,,,,99,,"BULSAR BOOK STORE",,,,"STORY",
"THE THOMAS TV SERIES: THOMAS ,JAMES AND THE RED BALLOON",,"978-0-6035-6633-2","EGMONT (SHREE)",2011,,,,,"800/AWD",,,,"AWDRY.REVEREND W. ;Author",,,,,99,,"BULSAR BOOK STORE",,,,"STORY",
"FIRST SCIENCE EXPERIMENTS:MIGHTY MACHINES",,"978-1-4027-0900-5","STERLING (SHREE)",2004,,,,,"540/LEV",,,,"LEVINE.SHAR ;Author JOHNSTONE.LESLIE ;Author",,,,,225,,"BULSAR BOOK STORE",,,,"SCIENCE",
"FIRST SCIENCE EXPERIMENTS: WONDERFUL WEATHER",,"978-0-8069-7249-1","STERLING (SHREE)",2003,,,,,"540/LEV",,,,"LEVINE.SHAR ;Author JOHNSTONE.LESLIE ;Author",,,,,225,,"BULSAR BOOK STORE",,,,"SCIENCE",
"FIRST SCIENCE EXPERIMENTS: SUPER SENSES",,"978-0-8069-7247-5","STERLING (SHREE)",2003,,,,,"540/LEV",,,,"LEVINE.SHAR ;Author JOHNSTONE.LESLIE ;Author",,,,,225,,"BULSAR BOOK STORE",,,,"SCIENCE",
"CONSTELLATIONS",,"978-0-7368-1382-9","BRIDGESTONE(SHREE)",2003,,,,,"500/GRE",,,,"VOGT.GREGORY L. ;Author",,,,,150,,"BULSAR BOOK STORE",,,,"SCIENCE",
"MARS",,"978-0-7368-0520-6","BRIDGESTONE(SHREE)",2003,,,,,"500/KIP",,,,"KIPP.STEVEN L.;Author",,,,,150,,"BULSAR BOOK STORE",,,,"SCIENCE",
"THE MILKY WAY",,"978-0-7368-1384-5","BRIDGESTONE(SHREE)",2003,,,,,"500/VOG",,,,"VOGT.GREGORY L. ;Author",,,,,150,,"BULSAR BOOK STORE",,,,"SCIENCE",
"MERCURY",,"978-0-7368-0518-4","BRIDGESTONE(SHREE)",2000,,,,,"500/KIP",,,,"KIPP.STEVEN L.;Author",,,,,150,,"BULSAR BOOK STORE",,,,"SCIENCE",
"COMETS",,"978-0-7368-1119-4","BRIDGESTONE(SHREE)",2002,,,,,"500/VOG",,,,"VOGT.GREGORY L. ;Author",,,,,150,,"BULSAR BOOK STORE",,,,"SCIENCE",
"EARTH",,"978-0-7368-0521-4","BRIDGESTONE(SHREE)",2000,,,,,"500/KIP",,,,"KIPP.STEVEN L.;Author",,,,,150,,"BULSAR BOOK STORE",,,,"SCIENCE",
"ASTEROIDS",,"978-0-7368-1118-4","BRIDGESTONE(SHREE)",2002,,,,,"500/VOG",,,,"VOGT.GREGORY L. ;Author",,,,,150,,"BULSAR BOOK STORE",,,,"SCIENCE",
"JUPITER",,"978-0-7368-0512-5","BRIDGESTONE(SHREE)",2000,,,,,"500/VOG",,,,"VOGT.GREGORY L. ;Author",,,,,150,,"BULSAR BOOK STORE",,,,"SCIENCE",
"THE ANT AND THE BUTTERFLY LEVEL 4",,"978-93-5049-377-9","SHREE",2013,,,,,"823/ANT",,,,,,,,,60,,"BULSAR BOOK STORE",,,,"STORY",
"THE ANT AND THE BUTTERFLY LEVEL 4",,"978-93-5049-377-9","SHREE",2013,,,,,"823/ANT",,,,,,,,,60,,"BULSAR BOOK STORE",,,,"STORY",
"THE FOX AND THE GRAPES LEVEL 4",,"978-93-5049-378-6","SHREE",2013,,,,,"823/FOX",,,,,,,,,60,,"BULSAR BOOK STORE",,,,"STORY",
"THE FOX AND THE GRAPES LEVEL 4",,"978-93-5049-378-6","SHREE",2013,,,,,"823/FOX",,,,,,,,,60,,"BULSAR BOOK STORE",,,,"STORY",
"THE FOX AND THE STORK LEVEL 4",,"978-93-5049-379-3","SHREE",2013,,,,,"823/FOX",,,,,,,,,60,,"BULSAR BOOK STORE",,,,"STORY",
"THE FOX AND THE STORK LEVEL 4",,"978-93-5049-379-3","SHREE",2013,,,,,"823/FOX",,,,,,,,,60,,"BULSAR BOOK STORE",,,,"STORY",
"THE GOLDEN FISH  LEVEL 4",,"978-93-5049-380-9","SHREE",2013,,,,,"823/GOL",,,,,,,,,60,,"BULSAR BOOK STORE",,,,"STORY",
"THE GOLDEN FISH  LEVEL 4",,"978-93-5049-380-9","SHREE",2013,,,,,"823/GOL",,,,,,,,,60,,"BULSAR BOOK STORE",,,,"STORY",
"THE PORCUPINE'S LEGACY LEVEL 4",,"978-93-5049-381-6","SHREE",2013,,,,,"823/POR",,,,,,,,,60,,"BULSAR BOOK STORE",,,,"STORY",
"THE PORCUPINE'S LEGACY LEVEL 4",,"978-93-5049-381-6","SHREE",2013,,,,,"823/POR",,,,,,,,,60,,"BULSAR BOOK STORE",,,,"STORY",
"THE HORSE AND THE LION LEVEL 3",,"978-93-5049-375-5","SHREE",2013,,,,,"823/HOR",,,,,,,,,60,,"BULSAR BOOK STORE",,,,"STORY",
"THE HORSE AND THE LION LEVEL 3",,"978-93-5049-375-5","SHREE",2013,,,,,"823/HOR",,,,,,,,,60,,"BULSAR BOOK STORE",,,,"STORY",
"THE PIKE AND THE SEA FISH LEVEL 3",,"978-93-5049-376-2","SHREE",2013,,,,,"823/PIK",,,,,,,,,60,,"BULSAR BOOK STORE",,,,"STORY",
"THE PIKE AND THE SEA FISH LEVEL 3",,"978-93-5049-376-2","SHREE",2013,,,,,"823/PIK",,,,,,,,,60,,"BULSAR BOOK STORE",,,,"STORY",
"THE MOUSE AND THE FROG LEVEL 2",,"978-93-5049-370-0","SHREE",2013,,,,,"823/MOU",,,,,,,,,60,,"BULSAR BOOK STORE",,,,"STORY",
"THE MOUSE AND THE FROG LEVEL 2",,"978-93-5049-370-0","SHREE",2013,,,,,"823/MOU",,,,,,,,,60,,"BULSAR BOOK STORE",,,,"STORY",
"THE LION AND THE CLEVER FOX LEVEL 2",,"978-93-5049-369-4","SHREE",2013,,,,,"823/LIO",,,,,,,,,60,,"BULSAR BOOK STORE",,,,"STORY",
"THE LION AND THE CLEVER FOX LEVEL 2",,"978-93-5049-369-4","SHREE",2013,,,,,"823/LIO",,,,,,,,,60,,"BULSAR BOOK STORE",,,,"STORY",
"THE HORSE AND THE PIG LEVEL 2",,"978-93-5049-368-7","SHREE",2013,,,,,"823/HOR",,,,,,,,,60,,"BULSAR BOOK STORE",,,,"STORY",
"THE HORSE AND THE PIG LEVEL 2",,"978-93-5049-368-7","SHREE",2013,,,,,"823/HOR",,,,,,,,,60,,"BULSAR BOOK STORE",,,,"STORY",
"THE HAWK AND THE NIGHTINGALE LEVEL 2",,"978-93-5049-367-0","SHREE",2013,,,,,"823/HAW",,,,,,,,,60,,"BULSAR BOOK STORE",,,,"STORY",
"THE HAWK AND THE NIGHTINGALE LEVEL 2",,"978-93-5049-367-0","SHREE",2013,,,,,"823/HAW",,,,,,,,,60,,"BULSAR BOOK STORE",,,,"STORY",
"THE FATHER DOG LEVEL 2",,"978-93-5049-366-3","SHREE",2013,,,,,"823/FAT",,,,,,,,,60,,"BULSAR BOOK STORE",,,,"STORY",
"THE FATHER DOG LEVEL 2",,"978-93-5049-366-3","SHREE",2013,,,,,"823/FAT",,,,,,,,,60,,"BULSAR BOOK STORE",,,,"STORY",
"A BOAR AND THE DONKEY LEVEL 2",,"978-93-5049-365-6","SHREE",2013,,,,,"823/BOA",,,,,,,,,60,,"BULSAR BOOK STORE",,,,"STORY",
"A BOAR AND THE DONKEY LEVEL 2",,"978-93-5049-365-6","SHREE",2013,,,,,"823/BOA",,,,,,,,,60,,"BULSAR BOOK STORE",,,,"STORY",
"THE WOLF AND THE FOX LEVEL 4",,"978-93-5049-382-3","SHREE",2013,,,,,"823/WOL",,,,,,,,,60,,"BULSAR BOOK STORE",,,,"STORY",
"THE WOLF AND THE FOX LEVEL 4",,"978-93-5049-382-3","SHREE",2013,,,,,"823/WOL",,,,,,,,,60,,"BULSAR BOOK STORE",,,,"STORY",
"THE WOLVES AND THE SHEEP LEVEL 1",,"978-93-5049-364-9","SHREE",2013,,,,,"823/WOL",,,,,,,,,60,,"BULSAR BOOK STORE",,,,"STORY",
"THE WOLVES AND THE SHEEP LEVEL 1",,"978-93-5049-364-9","SHREE",2013,,,,,"823/WOL",,,,,,,,,60,,"BULSAR BOOK STORE",,,,"STORY",
"THE LARGE TREE LEVEL 1",,"978-93-5049-363-2","SHREE",2013,,,,,"823/LAR",,,,,,,,,60,,"BULSAR BOOK STORE",,,,"STORY",
"THE LARGE TREE LEVEL 1",,"978-93-5049-363-2","SHREE",2013,,,,,"823/LAR",,,,,,,,,60,,"BULSAR BOOK STORE",,,,"STORY",
"THE FOX AND THE CROW LEVEL 1",,"978-93-5049-362-5","SHREE",2013,,,,,"823/FOX",,,,,,,,,60,,"BULSAR BOOK STORE",,,,"STORY",
"THE FOX AND THE CROW LEVEL 1",,"978-93-5049-362-5","SHREE",2013,,,,,"823/FOX",,,,,,,,,60,,"BULSAR BOOK STORE",,,,"STORY",
"THE CROW AND THE SHEEP LEVEL 1",,"978-93-5049-361-8","SHREE",2013,,,,,"823/CRO",,,,,,,,,60,,"BULSAR BOOK STORE",,,,"STORY",
"THE CROW AND THE SHEEP LEVEL 1",,"978-93-5049-361-8","SHREE",2013,,,,,"823/CRO",,,,,,,,,60,,"BULSAR BOOK STORE",,,,"STORY",
"THE ANT AND THE GRASSHOPPER LEVEL 1",,"978-93-5049-360-1","SHREE",2013,,,,,"823/ANT",,,,,,,,,60,,"BULSAR BOOK STORE",,,,"STORY",
"THE ANT AND THE GRASSHOPPER LEVEL 1",,"978-93-5049-360-1","SHREE",2013,,,,,"823/ANT",,,,,,,,,60,,"BULSAR BOOK STORE",,,,"STORY",
"THE ANT AND THE DOVE LEVEL 1",,"978-93-5049-359-5","SHREE",2013,,,,,"823/ANT",,,,,,,,,60,,"BULSAR BOOK STORE",,,,"STORY",
"THE ANT AND THE DOVE LEVEL 1",,"978-93-5049-359-5","SHREE",2013,,,,,"823/ANT",,,,,,,,,60,,"BULSAR BOOK STORE",,,,"STORY",
"THE BIRDS AND THE MONKEY LEVEL 3",,"978-93-5049-371-7","SHREE",2013,,,,,"823/BIR",,,,,,,,,60,,"BULSAR BOOK STORE",,,,"STORY",
"THE BIRDS AND THE MONKEY LEVEL 3",,"978-93-5049-371-7","SHREE",2013,,,,,"823/BIR",,,,,,,,,60,,"BULSAR BOOK STORE",,,,"STORY",
"THE DOG AND THE CROCODILE LEVEL 3",,"978-93-5049-372-4","SHREE",2013,,,,,"823/DOG",,,,,,,,,60,,"BULSAR BOOK STORE",,,,"STORY",
"THE DOG AND THE CROCODILE LEVEL 3",,"978-93-5049-372-4","SHREE",2013,,,,,"823/DOG",,,,,,,,,60,,"BULSAR BOOK STORE",,,,"STORY",
"THE JACKDAW AND THE MAGPIE LEVEL 3",,"978-93-5049-373-1","SHREE",2013,,,,,"823/JAC",,,,,,,,,60,,"BULSAR BOOK STORE",,,,"STORY",
"THE JACKDAW AND THE MAGPIE LEVEL 3",,"978-93-5049-373-1","SHREE",2013,,,,,"823/JAC",,,,,,,,,60,,"BULSAR BOOK STORE",,,,"STORY",
"THE HARE WITH LONG EARS LEVEL 3",,"978-93-5049-374-8","SHREE",2013,,,,,"823/HAR",,,,,,,,,60,,"BULSAR BOOK STORE",,,,"STORY",
"THE HARE WITH LONG EARS LEVEL 3",,"978-93-5049-374-8","SHREE",2013,,,,,"823/HAR",,,,,,,,,60,,"BULSAR BOOK STORE",,,,"STORY",
"QUESTIONS KIDS ASK: ABOUT EARTH AND SKY",,"0-7172-2390-6","GROLIER(SHREE)",1991,,,,,"523/QUE",,,,,,,,,100,,"BULSAR BOOK STORE",,,,"SCIENCE",
"QUESTIONS KIDS ASK: ABOUT TOYS, GAMES & SPORTS",,"0-7172-2543-7","GROLIER(SHREE)",1991,,,,,"790/QUE",,,,,,,,,100,,"BULSAR BOOK STORE",,,,"ART",
"QUESTIONS KIDS ASK: ABOUT FISH AND SEA LIFE",,"0-7172-2544-5","GROLIER(SHREE)",1991,,,,,"597/QUE",,,,,,,,,100,,"BULSAR BOOK STORE",,,,"SCIENCE",
"QUESTIONS KIDS ASK: ABOUT FAMOUS PEOPLE",,"0-7172-2545-3","GROLIER(SHREE)",1991,,,,,"920/QUE",,,,,,,,,100,,"BULSAR BOOK STORE",,,,"BIOGRAPHY",
"QUESTIONS KIDS ASK: ABOUT BIRDS",,"0-7172-2546-1","GROLIER(SHREE)",1989,,,,,"598/QUE",,,,,,,,,100,,"BULSAR BOOK STORE",,,,"SCIENCE",
"QUESTIONS KIDS ASK: ABOUT CUSTOMES & TRADITIONS",,"0-7172-2547-X","GROLIER(SHREE)",1989,,,,,"390/QUE",,,,,,,,,100,,"BULSAR BOOK STORE",,,,"SOCIAL SCIENCE",
"QUESTIONS KIDS ASK: ABOUT PLANTS",,"0-7172-2548-8","GROLIER(SHREE)",1989,,,,,"581/QUE",,,,,,,,,100,,"BULSAR BOOK STORE",,,,"SCIENCE",
"QUESTIONS KIDS ASK: ABOUT ART & ENTERTAINMENT",,"0-7172-2549-6","GROLIER(SHREE)",1989,,,,,"700/QUE",,,,,,,,,100,,"BULSAR BOOK STORE",,,,"ART",
"QUESTIONS KIDS ASK: ABOUT INSPECT AND SPIDERS",,"0-7172-2550-X","GROLIER(SHREE)",1989,,,,,"595/QUE",,,,,,,,,100,,"BULSAR BOOK STORE",,,,"SCIENCE",
"QUESTIONS KIDS ASK: ABOUT FOOD",,"0-7172-2551-8","GROLIER(SHREE)",1989,,,,,"641/QUE",,,,,,,,,100,,"BULSAR BOOK STORE",,,,"TECHNOLOGY",
"QUESTIONS KIDS ASK: ABOUT INVENTIONS",,"0-7175-2552-6","GROLIER(SHREE)",1989,,,,,"609/QUE",,,,,,,,,100,,"BULSAR BOOK STORE",,,,"TECHNOLOGY",
"QUESTIONS KIDS ASK: ABOUT MAMMALS",,"0-7172-2553-4","GROLIER(SHREE)",1989,,,,,"599/QUE",,,,,,,,,100,,"BULSAR BOOK STORE",,,,"SCIENCE",
"QUESTIONS KIDS ASK: ABOUT EVERYDAY LIFE",,"0-7172-2554-2","GROLIER(SHREE)",1989,,,,,"500/QUE",,,,,,,,,100,,"BULSAR BOOK STORE",,,,"SCIENCE",
"QUESTIONS KIDS ASK: ABOUT MYTHS AND LEGEND",,"0-7172-2555-0","GROLIER(SHREE)",1989,,,,,"291/QUE",,,,,,,,,100,,"BULSAR BOOK STORE",,,,"RELIGION",
"QUESTIONS KIDS ASK: ABOUT SNAKES AND FROG",,"0-7172-2556-9","GROLIER(SHREE)",1989,,,,,"597/QUE",,,,,,,,,100,,"BULSAR BOOK STORE",,,,"SCIENCE",
"QUESTIONS KIDS ASK: ABOUT SCIENCE",,"0-7172-2557-7","GROLIER(SHREE)",1989,,,,,"500/QUE",,,,,,,,,100,,"BULSAR BOOK STORE",,,,"SCIENCE",
"QUESTIONS KIDS ASK: ABOUT THE HUMAN BODY",,"0-7172-2258-5","GROLIER(SHREE)",1989,,,,,"612/QUE",,,,,,,,,100,,"BULSAR BOOK STORE",,,,"TECHNOLOGY",
"QUESTIONS KIDS ASK: ABOUT WEATHER",,"0-7172-2559-3","GROLIER(SHREE)",1989,,,,,"551/QUE",,,,,,,,,100,,"BULSAR BOOK STORE",,,,"SCIENCE",
"QUESTIONS KIDS ASK: ABOUT HISTORY",,"0-7172-2560-7","GROLIER(SHREE)",1989,,,,,"909/QUE",,,,,,,,,100,,"BULSAR BOOK STORE",,,,"WORLD HISTORY",
"QUESTIONS KIDS ASK: ABOUT HOW THINGS WORK",,"0-7172-2561-5","GROLIER(SHREE)",1989,,,,,"600/QUE",,,,,,,,,100,,"BULSAR BOOK STORE",,,,"TECHNOLOGY",
"QUESTIONS KIDS ASK: ABOUT SPACE & STARS",,"0-7172-2562-3","GROLIER(SHREE)",1989,,,,,"523/QUE",,,,,,,,,100,,"BULSAR BOOK STORE",,,,"SCIENCE",
"QUESTIONS KIDS ASK: ABOUT FAREWAY PLACES",,"0-7172-2563-1","GROLIER(SHREE)",1989,,,,,"909/QUE",,,,,,,,,100,,"BULSAR BOOK STORE",,,,"WORLD HISTORY",
"QUESTIONS KIDS ASK: ABOUT WORDS & EXPRESSIONS",,"0-7172-2564-X","GROLIER(SHREE)",1989,,,,,"400/QUE",,,,,,,,,100,,"BULSAR BOOK STORE",,,,"LANGUAGE",
"QUESTIONS KIDS ASK: ABOUT STORIES & FAIRY TALES",,"0-7172-2565-8","GROLIER(SHREE)",1989,,,,,"398/QUE",,,,,,,,,100,,"BULSAR BOOK STORE",,,,"SOCIAL SCIENCE",
"QUESTIONS KIDS ASK: ABOUT THIS AND THAT",,"0-7172-2566-6","GROLIER(SHREE)",1989,,,,,"001/QUE",,,,,,,,,100,,"BULSAR BOOK STORE",,,,"KNOWLEDGE",
"QUESTIONS KIDS ASK: INDEX",,"0-7172-2567-4","GROLIER(SHREE)",1989,,,,,"031.02/QUE",,,,,,,,,100,,"BULSAR BOOK STORE",,,,"INDEX",
"MARTIN LUTHER KING",,"978-0-7613-4373-8","LERNER(SHREE)",2009,,,,,"920/RIV",,,,"RIVERA.SHEILA ;Author",,,,,110,,"BULSAR BOOK STORE",,,,"BIOGRAHY",
"MOTHER TERESA",,"978-0-7613-4375-2","LERNER(SHREE)",2009,,,,,"920/NEL",,,,"NELSON.ROBIN;Author",,,,,110,,"BULSAR BOOK STORE",,,,"BIOGRAHY",
"NELSON MANDELA",,"978-0-7613-4376-9","LERNER(SHREE)",2009,,,,,"920/BOO",,,,"BOOTHROYD.JENNIFER ;Author",,,,,110,,"BULSAR BOOK STORE",,,,"BIOGRAHY",
"MOHANDAS GANDHI",,"978-0-7613-4374-5","LERNER(SHREE)",2009,,,,,"920/RIV",,,,"RIVERA.SHEILA ;Author",,,,,110,,"BULSAR BOOK STORE",,,,"BIOGRAHY",
"ALEXANDER GRAHAM BELL",,"978-0-7613-4372-1","LERNER(SHREE)",2009,,,,,"920/RIV",,,,"RIVERA.SHEILA ;Author",,,,,110,,"BULSAR BOOK STORE",,,,"BIOGRAHY",
"BUBBLE KE DATH MAI DARD HAI",,"978-81-8499-309-7","SHREE",,,,,,"891.43301/BUB",,,,,"HINDI STORY",,,,30,,"BULSAR BOOK STORE",,,,"STORY",
"BUBBLE NE KACHRA SAFF KIYA",,"978-81-8499-310-3","SHREE",,,,,,"891.43301/BUB",,,,,"HINDI STORY",,,,30,,"BULSAR BOOK STORE",,,,"STORY",
"BUBBLE LALCHI HAI",,"978-81-8499-304-2","SHREE",,,,,,"891.43301/BUB",,,,,"HINDI STORY",,,,30,,"BULSAR BOOK STORE",,,,"STORY",
"CHITRAKAR BUBBLE",,"978-81-8499-307-3","SHREE",,,,,,"891.43301/CHI",,,,,"HINDI STORY",,,,30,,"BULSAR BOOK STORE",,,,"STORY",
"BUBBLE NE GALTI MARI",,"978-81-8499-303-5","SHREE",,,,,,"891.43301/BUB",,,,,"HINDI STORY",,,,30,,"BULSAR BOOK STORE",,,,"STORY",
"BUBBLE JAB SCHOOL GAYA",,"978-81-8499-306-6","SHREE",,,,,,"891.43301/BUB",,,,,"HINDI STORY",,,,30,,"BULSAR BOOK STORE",,,,"STORY",
"BUBBLE NAI JAB AAG JALAI",,"978-81-8499-308-0","SHREE",,,,,,"891.43301/BUB",,,,,"HINDI STORY",,,,30,,"BULSAR BOOK STORE",,,,"STORY",
"BUBBLE EMANDAR HAI",,"978-81-8499-300-4","SHREE",,,,,,"891.43301/BUB",,,,,"HINDI STORY",,,,30,,"BULSAR BOOK STORE",,,,"STORY",
"BUBBLE GUM HO GAYA",,"978-81-8499-301-1","SHREE",,,,,,"891.43301/BUB",,,,,"HINDI STORY",,,,30,,"BULSAR BOOK STORE",,,,"STORY",
"BUBBLE LAPARWAH HAI",,"978-81-8499-302-8","SHREE",,,,,,"891.43301/BUB",,,,,"HINDI STORY",,,,30,,"BULSAR BOOK STORE",,,,"STORY",
"PANCHANTRA KI PRERAK KAHANIYA",,"978-81-7963-772-2","SHREE",,,,,,"891.43301/PAN",,,,,,,,,175,,"BULSAR BOOK STORE",,,,"HINDI LITERATURE",
"PANCHANTRA KI ANYA PRERAK KAHANIYA",,"978-81-7963-773-9","SHREE",,,,,,"891.43301/PAN",,,,,,,,,175,,"BULSAR BOOK STORE",,,,"HINDI LITERATURE",
"100 GAMES FROM AROUND THE WORLD",,"978-81-286-1771-3","EURO BOOKS (SHREE)",2008,,,,,"790/RIP",,,,"RIPOLL.ORIOL;Author","GAMES",,,,399,,"BULSAR BOOK STORE",,,,"ART",
"HOW DOES IT WORK?",,"978-93-5049-187-4","SHREE",2011,,,,,"500/EAS",,,,"EASON.SARAH ;Author",,,,,350,,"BULSAR BOOK STORE",,,,"SCIENCE",
"ONE SMALL STEP: SAVE THE EARTH",,"978-81-286-2783-5","SHREE",2011,,,,,"550/KNI",,,,"KNIGHT.M.J.;Author",,,,,260,,"BULSAR BOOK STORE",,,,"SCIENCE",
"DUDLEY AND LOST MOUSE",,"978-1-84155-059-2","AWARD(SHREE)",2003,,,,,"823/JEN",,,,"JENNINGS.LINDA M. ;Author",,,,,199,,"BULSAR BOOK STORE",,,,"STORY",
"DUDLEY CAT-FLAP",,"978-1-84135-060-8","AWARD(SHREE)",2003,,,,,"823/JEN",,,,"JENNINGS.LINDA M. ;Author",,,,,199,,"BULSAR BOOK STORE",,,,"STORY",
"DUDLEY NEW NEIGHBOUR",,"978-1-84135-058-5","AWARD(SHREE)",2003,,,,,"823/JEN",,,,"JENNINGS.LINDA M. ;Author",,,,,199,,"BULSAR BOOK STORE",,,,"STORY",
"DUDLEY BOX",,"978-1-84135-061-3","AWARD(SHREE)",2003,,,,,"823/JEN",,,,"JENNINGS.LINDA M. ;Author",,,,,199,,"BULSAR BOOK STORE",,,,"STORY",
"THINGS TO MAKE! FOR KIDS!",,"978-81-8499-949-5","STERLING (SHREE)",2011,,,,,"700/PLO",,,,"PLOMER.ANNA OLIMOS ;Author",,,,,295,,"BULSAR BOOK STORE",,,,"CRAFT",
"BARBIE AS THE ISLAND PRINCES",,"978-81-286-2830-6","EURO BOOKS (SHREE)",2010,,,,,"823/KON",,,,"MAN- KONG.MARY;Author",,,,,65,,"BULSAR BOOK STORE",,,,"STORY",
"BARBIE THUMBELINA",,"978-81-286-2834-4","EURO BOOKS (SHREE)",2012,,,,,"823/BAR",,,,,,,,,65,,"BULSAR BOOK STORE",,,,"STORY",
"BARBIE MARIPOSA",,"978-81-286-2831-3","EURO BOOKS (SHREE)",2010,,,,,"823/KON",,,,"MAN- KONG.MARY;Author",,,,,65,,"BULSAR BOOK STORE",,,,"STORY",
"BARBIE THE DIAMOND CASTLE",,"978-81-286-2829-0","EURO BOOKS (SHREE)",2012,,,,,"823/BAR",,,,,,,,,65,,"BULSAR BOOK STORE",,,,"STORY",
"BARBIE IN MERMAID",,"978-81-286-2832-0","EURO BOOKS (SHREE)",2012,,,,,"823/KON",,,,"MAN- KONG.MARY;Author",,,,,65,,"BULSAR BOOK STORE",,,,"STORY",
"BARBIE AND THE THREE MUSKETEERS",,"978-81-286-2833-7","EURO BOOKS (SHREE)",2012,,,,,"823/KON",,,,"MAN- KONG.MARY;Author",,,,,65,,"BULSAR BOOK STORE",,,,"STORY",
"LET'S READ: THE PICNIC AT SCHOOL",,"978-81-207-3761-7","SHREE",,,,,,"823/LET",,,,,,,,,65,,"BULSAR BOOK STORE",,,,"STORY",
"LET'S READ: PLAYTIME /THE TOY SHOP",,"978-81-207-3760-0","SHREE",,,,,,"823/LET",,,,,,,,,65,,"BULSAR BOOK STORE",,,,"STORY",
"LET'S READ: A CHRISTMAS PARTY/THE BIRTHDAY PARTY",,"978-81-207-3758-7","SHREE",,,,,,"823/LET",,,,,,,,,65,,"BULSAR BOOK STORE",,,,"STORY",
"LET'S READ: A SHOPPING TRIP/A VISIT TO GRANDMA'S",,"978-81-207-3763-1","SHREE",,,,,,"823/LET",,,,,,,,,65,,"BULSAR BOOK STORE",,,,"STORY",
"LET'S READ: LET'S HAVE LUNCH/AT THE SUPERMARKET",,"978-81-207-3762-4","SHREE",,,,,,"823/LET",,,,,,,,,65,,"BULSAR BOOK STORE",,,,"STORY",
"LET'S READ: A SUMMER HOLIDAY/ AT THE BEACH",,"978-81-207-3764-8","SHREE",,,,,,"823/LET",,,,,,,,,65,,"BULSAR BOOK STORE",,,,"STORY",
"LET'S READ: FUN AT THE FAIR/THE ACCIDENT",,"978-81-207-3765-5","SHREE",,,,,,"823/LET",,,,,,,,,65,,"BULSAR BOOK STORE",,,,"STORY",
"DICKENS HIS WORK AND HIS WORLD",,"978-0-7636-3888-7","CANDLEWICK (SHREE)",2008,,,,,"823.8/ROS",,,,"ROSEN.MICHAEL;Author",,,,,299,,"BULSAR BOOK STORE",,,,"FICTION",
"SHAKESPEARE  HIS WORK AND HIS WORLD",,"978-0-7636-3201-4","CANDLEWICK (SHREE)",,,,,,"823.8/ROS",,,,"ROSEN.MICHAEL;Author",,,,,299,,"BULSAR BOOK STORE",,,,"FICTION",
"NATURE'S FRIENDS: FROGS",,"0-7565-0436-8","COMPASS BOOK POINT(SHREE)",2003,,,,,"597/HEI",,,,"HEINRICHS.ANN;Author",,,,,199,,"BULSAR BOOK STORE",,,,"SCIENCE",
"NATURE'S FRIENDS: WORMS",,"0-7565-0589-5","COMPASS BOOK POINT(SHREE)",2004,,,,,"592/HEI",,,,"HEINRICHS.ANN;Author",,,,,199,,"BULSAR BOOK STORE",,,,"SCIENCE",
"NATURE'S FRIENDS: FIREFLIES",,"0-7565-0588-7","COMPASS BOOK POINT(SHREE)",2004,,,,,"595/HEI",,,,"HEINRICHS.ANN;Author",,,,,199,,"BULSAR BOOK STORE",,,,"SCIENCE",
"NATURE'S FRIENDS:SPIDERS",,"0-7565-0590-9","COMPASS BOOK POINT(SHREE)",2004,,,,,"595/HEI",,,,"HEINRICHS.ANN;Author",,,,,199,,"BULSAR BOOK STORE",,,,"SCIENCE",
"NATURE'S FRIENDS: FISH",,"0-7565-0435-X","COMPASS BOOK POINT(SHREE)",2003,,,,,"597/HEI",,,,"HEINRICHS.ANN;Author",,,,,199,,"BULSAR BOOK STORE",,,,"SCIENCE",
"NATURE'S FRIENDS: GRASSHOPPERS",,"0-7565-0166-0","COMPASS BOOK POINT(SHREE)",2002,,,,,"595/HEI",,,,"HEINRICHS.ANN;Author",,,,,199,,"BULSAR BOOK STORE",,,,"SCIENCE",
"NATURE'S FRIENDS: ANTS",,"0-7565-0164-4","COMPASS BOOK POINT(SHREE)",2002,,,,,"595/HEI",,,,"HEINRICHS.ANN;Author",,,,,199,,"BULSAR BOOK STORE",,,,"SCIENCE",
"FAVOURITE CLASSIC STORIES",,"978-1-84239-469-4","ALLIGATOR(SHREE)",2005,,,,,"823/FAV",,,,,,,,,250,,"BULSAR BOOK STORE",,,,"STORY",
"FAVOURITE FAIRY TALES",,"978-1-84750-969-7","ALLIGATOR(SHREE)",2010,,,,,"823/FAV",,,,,,,,,250,,"BULSAR BOOK STORE",,,,"STORY",
"FAVOURITE FAIRY TALES: A COLLECTION OF CLASSIC FAIRY TALES",,"978-1-84239-470-0","ALLIGATOR(SHREE)",2006,,,,,"823/FAV",,,,,,,,,250,,"BULSAR BOOK STORE",,,,"STORY",
"MY TREASURE OF FAVOURITE TALES (BLUE)",,"978-1-84239-106-8","ALLIGATOR(SHREE)",2003,,,,,"823/BYL",,,,"BLYTON.ENID;Author",,,,,250,,"BULSAR BOOK STORE",,,,"STORY",
"MY TREASURE OF FAVOURITE TALES (YELLOW)",,"978-1-84239-193-8","ALLIGATOR(SHREE)",2003,,,,,"823/BYL",,,,"BLYTON.ENID;Author",,,,,250,,"BULSAR BOOK STORE",,,,"STORY",
"FAVOURITE PRINCESS TALES",,"978-1-84239-438-0","ALLIGATOR(SHREE)",2006,,,,,"823/FAV",,,,,,,,,250,,"BULSAR BOOK STORE",,,,"STORY",
"FIRST LIBRARY OF KNOWLEDGE: CULTURES OF THE PAST",,"1-4103-0344-6","ORPHEUS BOOKD(SHREE)",2005,,,,,"306/BRU",,,,"BRUCE.JULIA;Author",,,,,199,,"BULSAR BOOK STORE",,,,"SOCIAL SCIENCE",
"FIRST LIBRARY OF KNOWLEDGE: THE WORLD AROUND US",,"1-4103-0347-0","ORPHEUS BOOKD(SHREE)",2006,,,,,"300/BRU",,,,"BRUCE.JULIA;Author",,,,,199,,"BULSAR BOOK STORE",,,,"SOCIAL SCIENCE",
"FIRST LIBRARY OF KNOWLEDGE: ANIMALS OF THE WORLD",,"1-4103-0348-9","ORPHEUS BOOKD(SHREE)",2005,,,,,"590/HAR",,,,"HARRIS.NICHOLAS ;Author",,,,,199,,"BULSAR BOOK STORE",,,,"SCIENCE",
"FIRST LIBRARY OF KNOWLEDGE: EVERY DAY SCIENCE",,"1-4103-0351-9","ORPHEUS BOOKD(SHREE)",2006,,,,,"500/HEL",,,,"HELBROUGH.EMMA ;Author HARRIS.NICHOLAS;Author",,,,,199,,"BULSAR BOOK STORE",,,,"SCIENCE",
"FIRST LIBRARY OF KNOWLEDGE: THE ANCIENT WORLD",,"1-4103-0352-7","ORPHEUS BOOKD(SHREE)",2005,,,,,"909/BRU",,,,"BRUCE.JULIA;Author",,,,,199,,"BULSAR BOOK STORE",,,,"GENERALITIES",
"FIRST LIBRARY OF KNOWLEDGE: THE LIVING WORLD",,"1-4103-0349-7","ORPHEUS BOOKD(SHREE)",2006,,,,,"500/PAR",,,,"PARKER.STEVE;Author",,,,,199,,"BULSAR BOOK STORE",,,,"SCIENCE",
"SINDBAD THE SAILOR & ALI BABA & FORTY THIEVES",,"978-8179-633-94-6","ORPHEUS BOOKD(SHREE)",,,,,,"823/SIN",,,,,,,,,99,,"BULSAR BOOK STORE",,,,"STORY",
"EXPERIMENTS WITH ENERGY",,"978-81-8485-165-6","LEARNERS",2010,,,,,"500/EXP",,,,,,,,,150,,"BULSAR BOOK STORE",,,,"SCIENCE",
"SHAH JAHAN: EMPEROR, SOLDIER, MASTER BUILDING",,9788184821925,"AMAR CHITRA KATHA",2012,,,,,"823/CHI",,,,"CHINOY.COOMI B.;Author","BRAVE HEARTS",,,,50,,"BULSAR BOOK STORE",,,,"STORY",
"RATNAVALI: A ROYAL PROPHESY IS HAPPILY FULFILLED",,9788189999933,"AMAR CHITRA KATHA",2011,,,,,"823/RAO",,,,"RAO.SUBBA;Author","INDIAN CLASSICS",,,,50,,"BULSAR BOOK STORE",,,,"STORY",
"ARUNI AND UTTANKA: TALES OF DEVOTION AND REWARD",,9788184821277,"AMAR CHITRA KATHA",2012,,,,,"823/CHA",,,,"CHANDRAKANT.KAMALA;Author","EPICS & MYTHOLOGY",,,,50,,"BULSAR BOOK STORE",,,,"STORY",
"GANDHARI: A MOTHER BLINDED BY LOVE",,9788189999698,"AMAR CHITRA KATHA",2011,,,,,"823/DUT",,,,"DUTT.GAYATRI MADAN;Author","EPICS & MYTHOLOGY",,,,50,,"BULSAR BOOK STORE",,,,"STORY",
"ANIRUDDHA: BELOVED GRANDSON OF KRISHNA",,9788184821970,"AMAR CHITRA KATHA",2012,,,,,"823/CHA",,,,"CHANDRAKANT.KAMALA;Author","EPICS & MYTHOLOGY",,,,50,,"BULSAR BOOK STORE",,,,"STORY",
"AHILYABAI HOLKAR: SAINT-QUEEN OF MALWA",,9788184823974,"AMAR CHITRA KATHA",2011,,,,,"823/RAN",,,,"RANADE.MEENA;Author","BRAVE HEARTS",,,,50,,"BULSAR BOOK STORE",,,,"STORY",
"MEGASTHENES: AMBASSADOR, TRAVELLER AND OBSERVER",,9788184821529,"AMAR CHITRA KATHA",2012,,,,,"823/KHA",,,,"KHANDEKAR.SHUBHA;Author","VISIONARIES",,,,50,,"BULSAR BOOK STORE",,,,"STORY",
"JALLIANWALLA BAGH:MASSACRE OF THE INNOCENTS",,9788184821208,"AMAR CHITRA KATHA",2012,,,,,"823/PAT",,,,"PATEL.TONI;Author","BRAVE HEARTS",,,,50,,"BULSAR BOOK STORE",,,,"STORY",
"SWAMI CHINMAYANANDA: MODERN LIFE MEETS ANCIENT WISDOM",,9788189999889,"AMAR CHITRA KATHA",2011,,,,,"823/SAS",,,,"SASTRY.MARGIE;Author","VISIONARIES",,,,50,,"BULSAR BOOK STORE",,,,"STORY",
"ULOOPI: THE NAGA PRINCESS WHO FELL IN LOVE WITH ARJUNA",,9788184821093,"AMAR CHITRA KATHA",2011,,,,,"823/CHA",,,,"CHANDRAKANT.KAMALA;Author","EPICS & MYTHOLOGY",,,,50,,"BULSAR BOOK STORE",,,,"STORY",
"RANA SANGA: THE VALIANT WARRIOR-KING",,9788184821291,"AMAR CHITRA KATHA",2011,,,,,"823/SAN",,,,"SANJAY.RAJENDRA;Author","BRAVE HEARTS",,,,50,,"BULSAR BOOK STORE",,,,"STORY",
"HOW FRIENDS ARE PARTED: TALES FROM THE HITOPADESH",,9788189999124,"AMAR CHITRA KATHA",2011,,,,,"823/FRI",,,,,"FABLES & HUMOUR",,,,50,,"BULSAR BOOK STORE",,,,"STORY",
"NANDIVISHALA: WIT AND WISDOM FROM BUDDHIST LORE",,9788184821048,"AMAR CHITRA KATHA",2011,,,,,"823/CHA",,,,"CHANDRAKANT.KAMALA;Author","FABLES & HUMOUR",,,,50,,"BULSAR BOOK STORE",,,,"STORY",
"THE HIDDEN TREASURE: WISDOM WINS A WAR",,9788184821666,"AMAR CHITRA KATHA",2011,,,,,"823/UGR",,,,"UGRA.MEERA;Author","FABLES & HUMOUR",,,,50,,"BULSAR BOOK STORE",,,,"STORY",
"TRUE FRIENDS: JATAKA TALES OF GOOD CONDUCT",,9788184821512,"AMAR CHITRA KATHA",2011,,,,,"823/SAS",,,,"SASTRY.MARGIE;Author","FABLES & HUMOUR",,,,50,,"BULSAR BOOK STORE",,,,"STORY",
"URVASHI: THE APSARA WHO FELL IN LOVE WITH A KING",,9788184822847,"AMAR CHITRA KATHA",2011,,,,,"823/CHA",,,,"CHANDRAKANT.KAMALA;Author","INDIAN CLASSICS",,,,50,,"BULSAR BOOK STORE",,,,"STORY",
"ADI SHANKARA: A LIGHT IN THE DARKNESS",,9788184821420,"AMAR CHITRA KATHA",2011,,,,,"823/NAR",,,,"NARASIMHAYYA.PADAM SHRI P ;Author","VISIONARIES",,,,50,,"BULSAR BOOK STORE",,,,"STORY",
"STORIES OF COURAGE: JATAKA TALES VALOUR AND VICTORY",,9788189999117,"AMAR CHITRA KATHA",2012,,,,,"823/SAS",,,,"SASTRY.MARGIE;Author","FABLES & HUMOUR",,,,50,,"BULSAR BOOK STORE",,,,"STORY",
"CHAITANYA MAHAPRABHU: THE MIRACLE MESSENGER OF LOVE",,9788189999674,"AMAR CHITRA KATHA",2011,,,,,"823/CHA",,,,,"VISIONARIES",,,,50,,"BULSAR BOOK STORE",,,,"STORY",
"VIDYASAGAR: SCHOLAR AND SOCIAL REFORMER OF BENGAL",,9788184820621,"AMAR CHITRA KATHA",2011,,,,,"823/MUK",,,,"MUKHERJI.DEBASHIS ;Author","VISIONARIES",,,,50,,"BULSAR BOOK STORE",,,,"STORY",
"CHANDRAGUPTA MAURYA: THE DETERMINED PRINCE",,9788189999155,"AMAR CHITRA KATHA",2011,,,,,"823/RAO",,,,"RAO.SUBBA;Author","BRAVE HEARTS",,,,50,,"BULSAR BOOK STORE",,,,"STORY",
"VASANTASENA: A DANCER AND HER MOST PRECIOUS JEWEL",,9788189999711,"AMAR CHITRA KATHA",2011,,,,,"823/CHA",,,,"CHANDRAKANT.KAMALA;Author","INDIAN CLASSICS",,,,50,,"BULSAR BOOK STORE",,,,"STORY",
"THE ADVENTURES OF BADDU & CHHOTU: WHO IS THE SMARTER ONE",,9788189999148,"AMAR CHITRA KATHA",2011,,,,,"823/FER",,,,"FERNANDES.LUIS M.;Author GUPTA.RUPA;Author","FABLES & HUMOUR",,,,50,,"BULSAR BOOK STORE",,,,"STORY",
"AMRAPALI: CHOSEN BY BUDDHA",,9788184821499,"AMAR CHITRA KATHA",2011,,,,,"823/RAO",,,,"RAO.SUBBA;Author","FABLES & HUMOUR",,,,50,,"BULSAR BOOK STORE",,,,"STORY",
"HARSHA: A GALLANT KING OF KANAUJ",,9788189999667,"AMAR CHITRA KATHA",2011,,,,,"823/SHA",,,,"SHARMA YAGYA;Author SINGH.A.P.;Author","BRAVE HEARTS",,,,50,,"BULSAR BOOK STORE",,,,"STORY",
"THE PANDAVA PRINCES: PANDU'S FIVE BRAVE SONS",,9788190599061,"AMAR CHITRA KATHA",2012,,,,,"823/BHA",,,,"BHAGWAT.B.R.;Author","EPICS & MYTHOLOGY",,,,50,,"BULSAR BOOK STORE",,,,"STORY",
"THE TIGER AND THE WOODPECKER: ANIMAL TALES FROM A TELUGU CLASSIC",,9788189999926,"AMAR CHITRA KATHA",2011,,,,,"823/SHA",,,,"SHARMA.C.R.;Author CHANDRAKANT.KAMALA;Author","FABLES & HUMOUR",,,,50,,"BULSAR BOOK STORE",,,,"STORY",
"KABIR: HE SPOKE OF TOLERANCE ANS MERCY",,9788184821765,"AMAR CHITRA KATHA",2011,,,,,"823/RIZ",,,,"RIZVI.DOLLY;Author","VISIONARIES",,,,50,,"BULSAR BOOK STORE",,,,"STORY",
"A BAG OF GOLD COINS: ANCIENT TALES OF WISDOM AND ADVENTURE",,9788189999094,"AMAR CHITRA KATHA",2012,,,,,"823/MOT",,,,"MOTICHANDRA.SHANTI DEVI;Author","FABLES & HUMOUR",,,,50,,"BULSAR BOOK STORE",,,,"STORY",
"RANI DURGAVATI : THE BRAVE AND WISW QUEEN",,9788184821871,"AMAR CHITRA KATHA",2011,,,,,"823/CHA",,,,"CHANDRAKANT.KAMALA;Author","BRAVE HEARTS",,,,50,,"BULSAR BOOK STORE",,,,"STORY",
"TALES OF SAI BABA: THE SAINTS OF SHIRDI",,9788184820393,"AMAR CHITRA KATHA",2012,,,,,"823/GAN",,,,"GANGOLI.SHOBHA ;Author","VISIONARIES",,,,50,,"BULSAR BOOK STORE",,,,"STORY",
"TALES OF MISERS: A COLLECTION OF JATAKA TALES",,9788184820409,"AMAR CHITRA KATHA",2012,,,,,"823/FER",,,,"FERNANDES.LUIS M. ;Author","FABLES & HUMOUR",,,,50,,"BULSAR BOOK STORE",,,,"STORY",
"BIRBAL TO THE RESCUE : THE MASTER PSYCHOLOGIST",,9788184820546,"AMAR CHITRA KATHA",2011,,,,,"823/UGR",,,,"UGRA.MEERA;Author","FABLES & HUMOUR",,,,50,,"BULSAR BOOK STORE",,,,"STORY",
"DAYANANDA: HIS STRENGTH WAS HIS VIRTUE",,9788184821673,"AMAR CHITRA KATHA",2011,,,,,"823/SHA",,,,"SHARMA.OMKARNATH;Author","VISIONARIES",,,,50,,"BULSAR BOOK STORE",,,,"STORY",
"LOKAMANYA TILAK: FIREBRAND NATIONALIST",,9788184821185,"AMAR CHITRA KATHA",2011,,,,,"823/TIL",,,,"TILAK.INDU J.;Author","VISIONARIES",,,,50,,"BULSAR BOOK STORE",,,,"STORY",
"TALES FROM THE UPANISHADS: TALES OF PEACE AND WISDOM",,9788184820478,"AMAR CHITRA KATHA",2012,,,,,"823/NAD",,,,"NADKARNI.DEV;Author","EPICS & MYTHOLOGY",,,,50,,"BULSAR BOOK STORE",,,,"STORY",
"JAYADRATHA: RETOLD FROM THE MAHABHARATA",,9788184820218,"AMAR CHITRA KATHA",2011,,,,,"823/RAO",,,,"RAO.SUBBA;Author","EPICS & MYTHOLOGY",,,,50,,"BULSAR BOOK STORE",,,,"STORY",
"TALES OF BALARAMA: VALIANT BROTHER OF KRISHNA",,9788184822861,"AMAR CHITRA KATHA",2012,,,,,"823/UGR",,,,"UGRA.MEERA;Author","EPICS & MYTHOLOGY",,,,50,,"BULSAR BOOK STORE",,,,"STORY",
"ANANDA MATH: A PATRIOTIC NOVEL BY BANKIM CHANDRA",,9788184820126,"AMAR CHITRA KATHA",2011,,,,,"823/PAU",,,,"PAUL.PRADIP;Author","INDIAN CLASSICS",,,,50,,"BULSAR BOOK STORE",,,,"STORY",
"PRITHVIRAJ CHAUHAN: A LEGEND OF VALOUR AND CHIVALRY",,9788184821413,"AMAR CHITRA KATHA",2012,,,,,"823/SHA",,,,"SHARMA.YAGYA;Author","BRAVE HEARTS",,,,50,,"BULSAR BOOK STORE",,,,"STORY",
"BATTLE OF WITS: TALES OF THE BODHISATTVA AUSHADHA KUMAR",,9788189999131,"AMAR CHITRA KATHA",2011,,,,,"823/SHA",,,,"SHARMA.YAGYA;Author","FABLES & HUMOUR",,,,50,,"BULSAR BOOK STORE",,,,"STORY",
"AKBAR: A VISIONARY MONARCH",,9788184821079,"AMAR CHITRA KATHA",2012,,,,,"823/PAT",,,,"PATEL.TONI;Author","BRAVE HEARTS",,,,50,,"BULSAR BOOK STORE",,,,"STORY",
"FRIENDS AND FOES: ANIMAL TALES FROM THE MAHABHARATA",,9788189999100,"AMAR CHITRA KATHA",2011,,,,,"823/PAT",,,,"PATEL.TONI;Author","FABLES & HUMOUR",,,,50,,"BULSAR BOOK STORE",,,,"STORY",
"BHAGAT SINGH: THE CHEERFUL YOUNG MARTYR",,9788184821406,"AMAR CHITRA KATHA",2011,,,,,"823/RAJ",,,,"RAJ.RAJINDER SINGH;Author RAO.SUBBA;Author","BRAVE HEARTS",,,,50,,"BULSAR BOOK STORE",,,,"STORY",
"RAVANA HUMBLED: AN ARROGANT KING FINDS NEW FRIENDS",,9788184822823,"AMAR CHITRA KATHA",2012,,,,,"823/SAR",,,,"SARASWATI.A.;Author","EPICS & MYTHOLOGY",,,,50,,"BULSAR BOOK STORE",,,,"STORY",
"SOORDAS: THE BLIND BARD",,9788184821659,"AMAR CHITRA KATHA",2011,,,,,"823/BHA",,,,"BHARATI.PUSHPA;Author","VISIONARIES",,,,50,,"BULSAR BOOK STORE",,,,"STORY",
"PAURAVA AND ALEXANDER",,9788189999551,"AMAR CHITRA KATHA",2012,,,,,"823/RAO",,,,"RAO.SUBBA;Author","BRAVE HEARTS",,,,50,,"BULSAR BOOK STORE",,,,"STORY",
"BABASAHEB AMBEDKAR: HE DARED TO FIGHT",,9788184821819,"AMAR CHITRA KATHA",2012,,,,,"823/REG",,,,"REGE.S.S.;Author","VISIONARIES",,,,50,,"BULSAR BOOK STORE",,,,"STORY",
"THE PANDIT AND THE MILKMAID",,9788189999612,"AMAR CHITRA KATHA",2011,,,,,"823/DUT",,,,"DUTT.GAYATRI MADAN;Author","FABLES & HUMOUR",,,,50,,"BULSAR BOOK STORE",,,,"STORY",
"LAL BAHADUR SHASTRI: THE GENTLE WARRIOR",,9788184820027,"AMAR CHITRA KATHA",2011,,,,,"823/GHA",,,,"GHAI.VIBHA;Author","VISIONARIES",,,,50,,"BULSAR BOOK STORE",,,,"STORY",
"SAMUDRA GUPTA: THE LUTE-PLAYING CONQUEROR",,9788189999704,"AMAR CHITRA KATHA",2012,,,,,"823/CHA",,,,"CHANDRAKANT.KAMALA;Author","BRAVE HEARTS",,,,50,,"BULSAR BOOK STORE",,,,"STORY",
"GOPAL AND THE COWHERD: A DELIGHTFUL BENGALI FOLKTALE",,9788184820522,"AMAR CHITRA KATHA",2011,,,,,"823/DUT",,,,"DUTT.GAYATRI MADAN;Author","FABLES & HUMOUR",,,,50,,"BULSAR BOOK STORE",,,,"STORY",
"DRAUPADI : THE DUSKY FIREBRAND",,9788184821826,"AMAR CHITRA KATHA",2012,,,,,"823/CHA",,,,"CHANDRAKANT.KAMALA;Author","EPICS & MYTHOLOGY",,,,50,,"BULSAR BOOK STORE",,,,"STORY",
"PANNA AND HADI RANI : LOYALITY, HONOUR AND LOVE",,9788184822960,"AMAR CHITRA KATHA",2011,,,,,"823/UGR",,,,"UGRA.MEERA ;Author DUBE.DINANATH;Author","BRAVE HEARTS",,,,50,,"BULSAR BOOK STORE",,,,"STORY",
"CHANDRALALAT: THE BOY WITH THE MOON ON HIS FOREHEAD",,9788184822007,"AMAR CHITRA KATHA",2012,,,,,"823/CHA",,,,"CHANDRAKANT.KAMALA;Author","FABLES & HUMOUR",,,,50,,"BULSAR BOOK STORE",,,,"STORY",
"KUNWAR SINGH: HIS AGE WAS NO BAR TO HIS PASSION FOR FREEDOM",,9788184822090,"AMAR CHITRA KATHA",2011,,,,,"823/SAN",,,,"SANJAY.RAJENDRA;Author SUBBA RAO.SUBBA;Author","BRAVE HEARTS",,,,50,,"BULSAR BOOK STORE",,,,"STORY",
"THE RANI OF KITTUR: THE DEFIANT QUEEN",,9788184822069,"AMAR CHITRA KATHA",2012,,,,,"823/RAG",,,,"RAGHAVAN.RAJALAKSHMI;Author","BRAVE HEARTS",,,,50,,"BULSAR BOOK STORE",,,,"STORY",
"SHER SHAH: ABLE STATESMAN,BRAVE WARRIOR",,9788184822045,"AMAR CHITRA KATHA",2011,,,,,"823/RIZ",,,,"RIZVI.DOLLY;Author","BRAVE HEARTS",,,,50,,"BULSAR BOOK STORE",,,,"STORY",
"TAPATI: DAUGHTER OF THE SUN GOD",,9788189999902,"AMAR CHITRA KATHA",2011,,,,,"823/DUT",,,,"DUTT.GAYATRI MADAN;Author","EPICS & MYTHOLOGY",,,,50,,"BULSAR BOOK STORE",,,,"STORY",
"THE PRINCE AND THE MAGICIAN: THE STRANGE ADVENTURES OF A YOUNG PRINCE",,9788184820980,"AMAR CHITRA KATHA",2011,,,,,"823/FER",,,,"FERNANDES.LUIS.M.;Author","FABLES & HUMOUR",,,,50,,"BULSAR BOOK STORE",,,,"STORY",
"RANI ABBAKKA: THE QUEEN WHO KNEW NO FEAR",,9788184822083,"AMAR CHITRA KATHA",2012,,,,,"823/RAO",,,,"RAO.SUBBA;Author","BRAVE HEARTS",,,,50,,"BULSAR BOOK STORE",,,,"STORY",
"VELU THAMPI: THE COURAGEOUS DIWAN OF TRAVANCORE",,9788184822076,"AMAR CHITRA KATHA",2011,,,,,"823/NAI",,,,"NAIR.RADHA M.;Author","BRAVE HEARTS",,,,50,,"BULSAR BOOK STORE",,,,"STORY",
"SEA ROUTE TO INDIA: IN QUEST OF THE ULTIMATE DESTINATION",,9788184822052,"AMAR CHITRA KATHA",2011,,,,,"823/ATM",,,,"ATMARAM.H.;Author","BRAVE HEARTS",,,,50,,"BULSAR BOOK STORE",,,,"STORY",
"THE PIOUS CAT: AND OTHER ANIMAL TALES FROM RAJASTHAN",,9788184823950,"AMAR CHITRA KATHA",2011,,,,,"823/PAT",,,,"PATEL.TONI;Author","FABLES & HUMOUR",,,,50,,"BULSAR BOOK STORE",,,,"STORY",
"SHRENIK: JAIN TALES OF ASTUTENESS AND INSIGHT",,9788184822038,"AMAR CHITRA KATHA",2011,,,,,"823/JAI",,,,"JAIN.INDU;Author","FABLES & HUMOUR",,,,50,,"BULSAR BOOK STORE",,,,"STORY",
"KALPANA CHAWLA: THE FIRST INDIAN WOMEN IN SPACE",,9788190599009,"AMAR CHITRA KATHA",2012,,,,,"823/SAS",,,,"SASTRY.MARGIE;Author","BRAVE HEARTS",,,,50,,"BULSAR BOOK STORE",,,,"STORY",
"JAMSETJI TATA: THE MAN WHO SAW TOMORROW",,9788189999988,"AMAR CHITRA KATHA",2012,,,,,"823/SHA",,,,"SHARMA.YAGYA;Author","VISIONARIES",,,,50,,"BULSAR BOOK STORE",,,,"STORY",
"BANDA BAHADUR: A VALIANT SIKH WARRIOR",,9788184820447,"AMAR CHITRA KATHA",2012,,,,,"823/SIN",,,,"SINGH.S.KHUSHWANT ;Author","BRAVE HEARTS",,,,50,,"BULSAR BOOK STORE",,,,"STORY",
"BABUR: THE FOUNDER OF THE MUGHAL DYNASTY",,9788184822250,"AMAR CHITRA KATHA",2012,,,,,"823/PAT",,,,"PATEL.TONI;Author","BRAVE HEARTS",,,,50,,"BULSAR BOOK STORE",,,,"STORY",
"THE SECRET OF THE TALKING BIRD: A FOLK TALE FROM KARNATAKA",,9788184825091,"AMAR CHITRA KATHA",2012,,,,,"823/RAO",,,,"RAO.SUBBA;Author","FABLES & HUMOUR",,,,50,,"BULSAR BOOK STORE",,,,"STORY",
"SUKHU AND DUKHU: AND OTHER FOLKTALES FROM BENGAL",,9788184825619,"AMAR CHITRA KATHA",2011,,,,,"823/DUT",,,,"DUTTA.SWAPNA ;Author","FABLES & HUMOUR",,,,50,,"BULSAR BOOK STORE",,,,"STORY",
"SATWANT KAUR: THE TALE OF AN UNLIKELY FRIENDSHIP",,9788184825138,"AMAR CHITRA KATHA",2011,,,,,"823/SIN",,,,"SINGH.SUKHPAL ;Author RAJNEESH;Author","FABLES & HUMOUR",,,,50,,"BULSAR BOOK STORE",,,,"STORY",
"CHENNAMMA OF KELANDI: THE QUEEN WHO DEFIED AURANGAZEB",,9788184824933,"AMAR CHITRA KATHA",2011,,,,,"823/DUT",,,,"DUTT.GAYATRI MADAN;Author","BRAVE HEARTS",,,,50,,"BULSAR BOOK STORE",,,,"STORY",
"SHARAN KAUR: THE SELFLESS SPY",,9788184825121,"AMAR CHITRA KATHA",2011,,,,,"823/SOH",,,,"SOHI.B.K.;Author","FABLES & HUMOUR",,,,50,,"BULSAR BOOK STORE",,,,"STORY",
"SUNDARI: THE GIRL WHO BECAME A WARRIOR",,9788184825114,"AMAR CHITRA KATHA",2011,,,,,"823/PHU",,,,"PHUL.GURUDIAL SINGH ;Author","FABLES & HUMOUR",,,,50,,"BULSAR BOOK STORE",,,,"STORY",
"BHANUMATI: GRANDDAUGHTER OF KRISHNA ",,9788184823462,"AMAR CHITRA KATHA",2011,,,,,"823/CHA",,,,"CHANDRAKANT.KAMALA;Author","EPICS & MYTHOLOGY",,,,50,,"BULSAR BOOK STORE",,,,"STORY",
"THE PARIJATA TREE: AND OTHER TALES OF KRISHNA",,9788184823479,"AMAR CHITRA KATHA",2012,,,,,"823/PAR",,,,,"EPICS & MYTHOLOGY",,,,50,,"BULSAR BOOK STORE",,,,"STORY",
"GHANSHYAMDAS BIRBAL: A BUILDER OF MODERN INDIA",,9788184820454,"AMAR CHITRA KATHA",2012,,,,,"823/SHA",,,,"SHARMA.YAGYA;Author","VISIONARIES",,,,50,,"BULSAR BOOK STORE",,,,"STORY",
"ELLORA CAVES: THE GLORY OF THE RASHTRAKOOTAS",,9788184820856,"AMAR CHITRA KATHA",2011,,,,,"823/ATM",,,,"ATMARAM.H.;Author","BRAVE HEARTS",,,,50,,"BULSAR BOOK STORE",,,,"STORY",
"THE LOST PRINCE: A TALE OF TREACHERY",,9788184824988,"AMAR CHITRA KATHA",2011,,,,,"823/RAO",,,,"RAO.SUBBA;Author","FABLES & HUMOUR",,,,50,,"BULSAR BOOK STORE",,,,"STORY",
"BALADITYA AND YASHODHARMA: BANE OF THE HUNAS",,9788184822984,"AMAR CHITRA KATHA",2011,,,,,"823/PAN",,,,"PANDEY.KAMLASH ;Author","BRAVE HEARTS",,,,50,,"BULSAR BOOK STORE",,,,"STORY",
"RAMANUJA: A GREAT VAISHNAVA SAINT",,"978-81-8482-123-9","AMAR CHITRA KATHA",2012,,,,,"823/ANA",,,,"ANANTACHAR.CHAKRAVARTI;Author","VISIONARIES",,,,50,,"BULSAR BOOK STORE",,,,"STORY",
"MANDUKA: THE ACCIDENTAL ASTROLOGER",,"978-81-8482-501-5","AMAR CHITRA KATHA",2011,,,,,"823/FER",,,,"FERNANDES.LUIS.M.;Author","FABLES & HUMOUR",,,,50,,"BULSAR BOOK STORE",,,,"STORY",
"THE SILENT TEACHER: THE PRINCE WHO WOULD NOT SPEAK",,9788184824995,"AMAR CHITRA KATHA",2011,,,,,"823/RAO",,,,"RAO.SUBBA;Author","FABLES & HUMOUR",,,,50,,"BULSAR BOOK STORE",,,,"STORY",
"THE PROPHECY: A BUDDHIST TALE FOR FROM TIBET",,9788184824971,"AMAR CHITRA KATHA",2011,,,,,"823/CHA",,,,"CHANDRAKANT.KAMALA;Author","FABLES & HUMOUR",,,,50,,"BULSAR BOOK STORE",,,,"STORY",
"PAREEK SHIT: SON OF ABHIMANYU",,9788184823424,"AMAR CHITRA KATHA",2011,,,,,"823/BHA",,,,"BHAGWAT.B.R.;Author","EPICS & MYTHOLOGY",,,,50,,"BULSAR BOOK STORE",,,,"STORY",
"PRADYUMNA: SON OF KRISHNA",,9788184823400,"AMAR CHITRA KATHA",2011,,,,,"823/CHA",,,,"CHANDRAKANT.KAMALA;Author","EPICS & MYTHOLOGY",,,,50,,"BULSAR BOOK STORE",,,,"STORY",
"BASAVESHWARA: THE REVOLUTIONARY SOCIAL REFORMER",,"978-81-8482-299-1","AMAR CHITRA KATHA",2012,,,,,"823/RAO",,,,"RAO.SUBBA;Author","VISIONARIES",,,,50,,"BULSAR BOOK STORE",,,,"STORY",
"JNANESHWAR: FOUNDER OF THE BHAKTI MOVEMENT IN MAHARASHTRA",,"978-81-8482-201-4","AMAR CHITRA KATHA",2011,,,,,"823/APT",,,,"APTE.S.S;Author","VISIONARIES",,,,50,,"BULSAR BOOK STORE",,,,"STORY",
"BAPPA RAWAL: A GREAT RAJPUT HERO",,9788189999957,"AMAR CHITRA KATHA",2011,,,,,"823/SAN",,,,"SANJAY.RAJENDRA ;Author","BRAVE HEARTS",,,,50,,"BULSAR BOOK STORE",,,,"STORY",
"SHANTALA: THE QUEEN WHO LOVED PEACE",,9788184825626,"AMAR CHITRA KATHA",2011,,,,,"823/DUT",,,,"DUTT.GAYATRI MADAN;Author","BRAVE HEARTS",,,,50,,"BULSAR BOOK STORE",,,,"STORY",
"KUMANAN: THE KING WHO LOVED POETRY",,9788184825640,"AMAR CHITRA KATHA",2011,,,,,"823/NAD",,,,"ATMARAM.H.;Author NADODI;Author","INDIAN CLASSICS",,,,50,,"BULSAR BOOK STORE",,,,"STORY",
"PRINCE JIVAKA: FROM THE EPIC TAMIL POEM, JIVAKA CHINTAMANI",,9788184825633,"AMAR CHITRA KATHA",2011,,,,,"823/DUT",,,,"DUTT.GAYATRI MADAN;Author","INDIAN CLASSICS",,,,50,,"BULSAR BOOK STORE",,,,"STORY",
"TIPU SULTAN: THE TIGER OF MYSORE",,"978-81-8482-003-4","AMAR CHITRA KATHA",2012,,,,,"823/RAO",,,,"RAO.SUBBA;Author","BRAVE HEARTS",,,,50,,"BULSAR BOOK STORE",,,,"STORY",
"THE PIG AND THE DOG: AND OTHER ANIMALS TALES FROM ARUNACHAL PRADESH",,9788184823967,"AMAR CHITRA KATHA",2011,,,,,"823/FER",,,,"FERNANDES.LUIS;Author","FABLES & HUMOUR",,,,50,,"BULSAR BOOK STORE",,,,"STORY",
"BAJI RAO 1: THE WARRIOR PESHWA",,"978-81-7508-131-4","AMAR CHITRA KATHA",2012,,,,,"823/BHA",,,,"BHAGWAT.B.R.;Author","BRAVE HEARTS",,,,50,,"BULSAR BOOK STORE",,,,"STORY",
"INDRA AND VRITRA: THE DEMON WHO TERRORISED THE GODS",,9788184822212,"AMAR CHITRA KATHA",2011,,,,,"823/RAO",,,,"RAO.SUBBA;Author","EPICS & MYTHOLOGY",,,,50,,"BULSAR BOOK STORE",,,,"STORY",
"PRABHAVATI: THE ASURA PRINCES",,9788184823417,"AMAR CHITRA KATHA",2011,,,,,"823/CHA ",,,,"CHANDRAKANT.KAMALA;Author","EPICS & MYTHOLOGY",,,,50,,"BULSAR BOOK STORE",,,,"STORY",
"SUKANYA: THE PRINCESS WHO MARRIED A SAGE",,9788184823394,"AMAR CHITRA KATHA",2011,,,,,"823/IYE",,,,"IYER.SHANTA;Author","EPICS & MYTHOLOGY",,,,50,,"BULSAR BOOK STORE",,,,"STORY",
"RAJA RAJA CHOLA: DESTINED FOR GREATNESS",,"978-81-8482-202-1","AMAR CHITRA KATHA",2012,,,,,"823/ANA",,,,"ANANTHARAMAN.SITA;Author","BRAVE HEARTS",,,,50,,"BULSAR BOOK STORE",,,,"STORY",
"DESHBANDHU CHITTARANJAN DAS: HE SACRIFIED HIS ALL FOR THE COUNTRY",,"978-81-89999-62-9","AMAR CHITRA KATHA",2012,,,,,"823/ATM",,,,"ATMARAM.H.;Author","VISIONARIES",,,,50,,"BULSAR BOOK STORE",,,,"STORY",
"BAGHA JATIN: THE TIGER REVOLUTIONARY",,"978-81-89999-96-4","AMAR CHITRA KATHA",2011,,,,,"823/PAT",,,,"PATIL.SHANTA;Author RAO.SUBBA;Author","BRAVE HEARTS",,,,50,,"BULSAR BOOK STORE",,,,"STORY",
"SULTANA RAZIA: EMPRESS OF INDIA",,9788184822854,"AMAR CHITRA KATHA",2011,,,,,"823/SUL",,,,,"BRAVE HEARTS",,,,50,,"BULSAR BOOK STORE",,,,"STORY",
"RANJIT SINGH: THE LION OF PUNJAB",,"978-81-8482-095-9","AMAR CHITRA KATHA",2012,,,,,"823/SIN",,,,"SINGH.RAHUL;Author","BRAVE HEARTS",,,,50,,"BULSAR BOOK STORE",,,,"STORY",
"THE GREEN DEMON: A COLLLECTION OF SUFI TALES",,9788184825077,"AMAR CHITRA KATHA",2011,,,,,"823/CHA",,,,"CHANDRAKANT.KAMALA;Author","FABLES & HUMOUR",,,,50,,"BULSAR BOOK STORE",,,,"STORY",
"THE CLEVER DANCE: A BATTLE OF WITS",,"978-81-8482-504-6","AMAR CHITRA KATHA",2012,,,,,"823/UPP",,,,"UPPAL.JAGJIT ;Author","FABLES & HUMOUR",,,,50,,"BULSAR BOOK STORE",,,,"STORY",
"THE GOLDEN SAND: FOLK TALES FROM NEPAL",,"978-81-8482-503-9","AMAR CHITRA KATHA",2011,,,,,"823/UPA",,,,"UPADHYAYA.KASHIRAJ;Author","FABLES & HUMOUR",,,,50,,"BULSAR BOOK STORE",,,,"STORY",
"HAKKA AND BUKKA: FOUNDERS OF THE VIJAYNAGAR EMPIRE",,9788184824957,"AMAR CHITRA KATHA",2011,,,,,"823/RAO",,,,"RAO.SUBBA;Author","BRAVE HEARTS",,,,50,,"BULSAR BOOK STORE",,,,"STORY",
"KOCHUNNI: THE HIGHWAYMAN WITH A HEART",,9788184824940,"AMAR CHITRA KATHA",2011,,,,,"823/NAI",,,,"NAIR.RADHA;Author","BRAVE HEARTS",,,,50,,"BULSAR BOOK STORE",,,,"STORY",
"HEMU: BRILLIANT STRATEGIST, SHREWD STATESMAN",,"978-81-8482-393-6","AMAR CHITRA KATHA",2012,,,,,"823/UPP",,,,"UPPAL.JAGJIT ;Author","BRAVE HEARTS",,,,50,,"BULSAR BOOK STORE",,,,"STORY",
"SAKSHI GOPAL: HIS LOVE WROUGHT A MIRACLE",,9788189999773,"AMAR CHITRA KATHA",2011,,,,,"823/DAS",,,,"DAS.MANOJ;Author","FABLES & HUMOUR",,,,50,,"BULSAR BOOK STORE",,,,"STORY",
"ANDHAKA: THE DARK LORD WHO SAW LIGHT",,"978-81-8482-132-1","AMAR CHITRA KATHA",2012,,,,,"823/DUT",,,,"DUTT.GAYATRI MADAN;Author","EPICS & MYTHOLOGY",,,,50,,"BULSAR BOOK STORE",,,,"STORY",
"SUBRAMANIA BHARATI: THE TAMIL VOICE OF FREEDOM",,"978-81-8482-006-5","AMAR CHITRA KATHA",2012,,,,,"823/GOP",,,,"GOPLAKRISHNAN.KALVI;Author FERNANDES.LUIS;Author","VISIONARIES",,,,50,,"BULSAR BOOK STORE",,,,"STORY",
"PARASHURAMA: SIXTH INCARNATION OF VISHNU",,"978-81-8482-344-8","AMAR CHITRA KATHA",2012,,,,,"823/CHA",,,,"CHANDRAKANT.KAMALA;Author","EPICS & MYTHOLOGY",,,,50,,"BULSAR BOOK STORE",,,,"STORY",
"KANWAL AND KEHAR: A ROMANTIC TALE FROM GUJARAT",,"978-81-8482-421-6","AMAR CHITRA KATHA",2011,,,,,"823/CHU",,,,"CHUNDAWAT.LAKSMI KUMARI;Author","FABLES & HUMOUR",,,,50,,"BULSAR BOOK STORE",,,,"STORY",
"JAGANNATHA OF PURI: DREAMT BY A KING, SCULPTED BY THE GODS",,"978-81-89999-17-9","AMAR CHITRA KATHA",2012,,,,,"823/DUT",,,,"DUTT.GAYATRI MADAN;Author","EPICS & MYTHOLOGY",,,,50,,"BULSAR BOOK STORE",,,,"STORY",
"THE FEARLESS BOY: BUDDHIST TALES, THE PATH TO HAPPINESS",,9788184820973,"AMAR CHITRA KATHA",2011,,,,,"823/FER",,,,"FERNANDES.LUIS.M.;Author","FABLES & HUMOUR",,,,50,,"BULSAR BOOK STORE",,,,"STORY",
"JAHAGIR: THE GENTLE MUGHAL",,9788184820362,"AMAR CHITRA KATHA",2011,,,,,"823/CHU",,,,"CHANDRAKANT.KAMALA;Author","BRAVE HEARTS",,,,50,,"BULSAR BOOK STORE",,,,"STORY",
"ALBERT EINSTEIN: HE NEVER STOPPED QUESTIONNING",,"978-81-8482-408-7","AMAR CHITRA KATHA",2011,,,,,"823/GOP",,,,"GOPAL.VESU;Author","VISIONARIES",,,,50,,"BULSAR BOOK STORE",,,,"STORY",
"THE FOOL'S DISCIPLES: TALES OF SENSE AND NONSENSE",,9788189999780,"AMAR CHITRA KATHA",2011,,,,,"823/ANA",,,,"ANANTHAKRISHNAN.INDIRA;Author N.G. PRATIBHA ;Author","FABLES & HUMOUR",,,,50,,"BULSAR BOOK STORE",,,,"STORY",
"HARISCHANDRA: THE KING WHO CHOSE RAGS OVER RICHES",,"978-81-8482-175-8","AMAR CHITRA KATHA",2011,,,,,"823/PAI",,,,"PAI.ANANT;Author","EPICS & MYTHOLOGY",,,,50,,"BULSAR BOOK STORE",,,,"STORY",
"THE TIGER - EATER: BRAIN BEATS BRAWN",,9788184820140,"AMAR CHITRA KATHA",2011,,,,,"823/RAO",,,,"RAO.SUBBA;Author","FABLES & HUMOUR",,,,50,,"BULSAR BOOK STORE",,,,"STORY",
"ANDHER NAGARI: THE CITY OF DARKNESS",,"978-81-8482-500-8","AMAR CHITRA KATHA",2011,,,,,"823/UGR",,,,"UGRA.MEERA,FERNANDES.LUIS;Author NILESHWAR.SUDHA;Author","FABLES & HUMOUR",,,,50,,"BULSAR BOOK STORE",,,,"STORY",
"THE MIRACULOUS CONCH: AND A GAME OF CHESS",,9788184825022,"AMAR CHITRA KATHA",2011,,,,,"823/FER",,,,"FERNANDES.LUIS.M.;Author","FABLES & HUMOUR",,,,50,,"BULSAR BOOK STORE",,,,"STORY",
"THE QUEEN'S NECKLACE: A COLLECTION OF JATAKA TALES",,9788184820249,"AMAR CHITRA KATHA",2011,,,,,"823/FER",,,,"FERNANDES.LUIS.M.;Author G.R.KAMAT.G.R.;Author","FABLES & HUMOUR",,,,50,,"BULSAR BOOK STORE",,,,"STORY",
"THE ADVENTURES OF AGAD DATTA: JAIN TALES OF LONG AGO",,"978-81-8482-297-7","AMAR CHITRA KATHA",2012,,,,,"823/MOT",,,,"MOTICHANDRA.SHANTI DEVI;Author","FABLES & HUMOUR",,,,50,,"BULSAR BOOK STORE",,,,"STORY",
"PURUSHOTTAM DEV AND PADMAVATI: THEIR ALLY WAS JAGANNATHA",,9788184823486,"AMAR CHITRA KATHA",2011,,,,,"823/DAS",,,,"DAS.MANOJ;Author","EPICS & MYTHOLOGY",,,,50,,"BULSAR BOOK STORE",,,,"STORY",
"SHANKAR DEV: PREACHING THE RELIGION OF LOVE",,"978-81-8482-160-4","AMAR CHITRA KATHA",2012,,,,,"823/APT",,,,"APTE.S.S.;Author DUTT.GAYATRI MADAN ;Author","VISIONARIES",,,,50,,"BULSAR BOOK STORE",,,,"STORY",
"THE ADVENTURES OF PRATAPAN",,9788184825657,"AMAR CHITRA KATHA",2011,,,,,"823/ANA",,,,"ANANTHAKRISHNAN.INDIRA ;Author","INDIAN CLASSICS",,,,50,,"BULSAR BOOK STORE",,,,"STORY",
"MANONMANI: AN ADAPTATION OF SUNDARAM PILLAI'S MANONMANIYAM",,9788184825664,"AMAR CHITRA KATHA",2011,,,,,"823/RAG",,,,"RAGHUPATHI.LALITHA ;Author","INDIAN CLASSICS",,,,50,,"BULSAR BOOK STORE",,,,"STORY",
"THE MYSTERY OF THE MISSING GIFTS: FOLK TALES FROM MADHYA PRADESH AND KARNATAKA",,"978-81-8482-508-4","AMAR CHITRA KATHA",2011,,,,,"823/RAO",,,,"RAO.SUBBA;Author KAMBAR.CHANDRASHEKHAR ;Author","FABLES & HUMOUR",,,,50,,"BULSAR BOOK STORE",,,,"STORY",
"TACHCHOLI OTHENAN: THE LEGENDARY HERO OF KERALA",,9788184822199,"AMAR CHITRA KATHA",2011,,,,,"823/CHA",,,,"CHANDRAKANT.KAMALA;Author","BRAVE HEARTS",,,,50,,"BULSAR BOOK STORE",,,,"STORY",
"AGASTYA: RENOWNED AMONG THE SAPTARSHI",,9788184823431,"AMAR CHITRA KATHA",2011,,,,,"823/CHA",,,,"CHANDRAKANT.KAMALA;Author","EPICS & MYTHOLOGY",,,,50,,"BULSAR BOOK STORE",,,,"STORY",
"J.R.D.TATA: THE QUIET CONQUEROR",,9788189999797,"AMAR CHITRA KATHA",2011,,,,,"823/SAS",,,,"SASTRY.MARGIE;Author","VISIONARIES",,,,50,,"BULSAR BOOK STORE",,,,"STORY",
"SUBHADRA: BELOVED SISTER OF KRISHNA AND BALARAMA",,9788184822267,"AMAR CHITRA KATHA",2011,,,,,"823/CHA",,,,"CHANDRAKANT.KAMALA;Author","EPICS & MYTHOLOGY",,,,50,,"BULSAR BOOK STORE",,,,"STORY",
"ROOPMATI: THE TRAGIC STORY OF A RAJPUT PRINCESS",,9788184822229,"AMAR CHITRA KATHA",2011,,,,,"823/UPP",,,,"UPPAL.JAGJIT ;Author","BRAVE HEARTS",,,,50,,"BULSAR BOOK STORE",,,,"STORY",
"CHOKHA MELA: THE BOY WHO HEARD GOD",,9788184821611,"AMAR CHITRA KATHA",2011,,,,,"823/CHA",,,,"CHANDRAKANT.KAMALA;Author","VISIONARIES",,,,50,,"BULSAR BOOK STORE",,,,"STORY",
"THE CELESTIAL NECKLACE: HOW A PROMISE MUST BE KEPT",,9788184821895,"AMAR CHITRA KATHA",2011,,,,,"823/PAT",,,,"PATEL.TONI;Author","FABLES & HUMOUR",,,,50,,"BULSAR BOOK STORE",,,,"STORY",
"CHANDRA SHEKHAR AZAD: FREEDOM WAS HIS MISSION",,9788189999162,"AMAR CHITRA KATHA",2011,,,,,"823/TIW",,,,"TIWARI.SHAIL;Author","BRAVE HEARTS",,,,50,,"BULSAR BOOK STORE",,,,"STORY",
"CHAND BIBI: THE FEARLESS QUEEN",,9788184820263,"AMAR CHITRA KATHA",2011,,,,,"823/PAT",,,,"PATEL.TONI;Author","BRAVE HEARTS",,,,50,,"BULSAR BOOK STORE",,,,"STORY",
"GURA TEGH BAHADUR: THE GENTLE SIKH WARRIOR",,9788184821710,"AMAR CHITRA KATHA",2011,,,,,"823/SUD",,,,"SUDHAKAR.RAMKRISHNA ;Author","VISIONARIES",,,,50,,"BULSAR BOOK STORE",,,,"STORY",
"JAYAPRAKASH NARAYAN: A SOLDIER FOR JUSTICE ",,9788184821253,"AMAR CHITRA KATHA",2011,,,,,"823/BHA",,,,"BHARATI.PUSHPA;Author","VISIONARIES",,,,50,,"BULSAR BOOK STORE",,,,"STORY",
"VEER HAMMIR: THE NOBLE WARRIOR",,9788189999766,"AMAR CHITRA KATHA",2011,,,,,"823/SAN",,,,"SANJAY.RAJENDRA ;Author","BRAVE HEARTS",,,,50,,"BULSAR BOOK STORE",,,,"STORY",
"HIUEN TSANG: A BUDDHIST PILGRIM FROM CHINA",,9788184820041,"AMAR CHITRA KATHA",2011,,,,,"823/KHA",,,,"KHANDEKAR.SHUBHA ;Author","VISIONARIES",,,,50,,"BULSAR BOOK STORE",,,,"STORY",
"JAGADIS CHANDRA BOSE: THE SCIENTIST WHO BEFRIENDED PLANTS AND METALS",,9788184821741,"AMAR CHITRA KATHA",2011,,,,,"823/KAM",,,,"KAMATH.G.R.;Author FERNANDES.LUIS;Author","VISIONARIES",,,,50,,"BULSAR BOOK STORE",,,,"STORY",
"RAM SHASTRI: CRUSADER FOR JUSTICE AND TRUTH",,9788184822816,"AMAR CHITRA KATHA",2011,,,,,"823/CHA",,,,"CHANDRAKANT.KAMALA;Author","VISIONARIES",,,,50,,"BULSAR BOOK STORE",,,,"STORY",
"F A HIEN: THE FEARLESS MONK",,9788184821307,"AMAR CHITRA KATHA",2011,,,,,"823/KHA",,,,"KHANDEKAR.SHUBHA ;Author","VISIONARIES",,,,50,,"BULSAR BOOK STORE",,,,"STORY",
"THE MAGIC GROVE: A JAIN TALE ABOUT DESTINY",,9788184821703,"AMAR CHITRA KATHA",2011,,,,,"823/CHA",,,,"CHANDRAKANT.KAMALA;Author","FABLES & HUMOUR",,,,50,,"BULSAR BOOK STORE",,,,"STORY",
"CHANDRAHASA: FAITH CANNOT BE VANQUISHED",,9788184821864,"AMAR CHITRA KATHA",2011,,,,,"823/RAO",,,,"RAO.SUBBA;Author","EPICS & MYTHOLOGY",,,,50,,"BULSAR BOOK STORE",,,,"STORY",
"THE HISTORIC CITY OF DELHI: A TALE OF POWER AND PASSION",,"978-81-8482-191-8","AMAR CHITRA KATHA",2012,,,,,"823/FER",,,,"FERNANDES.LUIS.M.;Author","BRAVE HEARTS",,,,50,,"BULSAR BOOK STORE",,,,"STORY",
"ASHWINI KUMARS: TALES OF DEVOTION FROM THE VEDAS",,"978-81-8482-169-7","AMAR CHITRA KATHA",2012,,,,,"823/GAN",,,,"GANGAL.V.V.;Author","MYTHOLOGY & EPICS",,,,50,,"BULSAR BOOK STORE",,,,"STORY",
"BAHUBALI: HE GAVE UP HIS EMPIRE TO LEARN THE TRUTH",,9788184822946,"AMAR CHITRA KATHA",2011,,,,,"823/RAO",,,,"RAO.SUBBA;Author","EPICS & MYTHOLOGY",,,,50,,"BULSAR BOOK STORE",,,,"STORY",
"LACHIT BARPHUKAN: LEGENDARY COMMANDER OF ASSAM",,9788184822953,"AMAR CHITRA KATHA",2011,,,,,"823/DAS",,,,"DAS.DHRUBANANDA;Author RAO.SUBBA;Author","BRAVE HEARTS",,,,50,,"BULSAR BOOK STORE",,,,"STORY",
"THE ACROBAT: A COLLECTION OF BUDDHIST TALES",,9788184822878,"AMAR CHITRA KATHA",2011,,,,,"823/DUT",,,,"DUTT.GAYATRI MADAN;Author","FABLES & HUMOUR",,,,50,,"BULSAR BOOK STORE",,,,"STORY",
"RANA KUMBHA: PILLAR OF RAJPUT PRIDE",,9788184821284,"AMAR CHITRA KATHA",2011,,,,,"823/UPP",,,,"UPPAL.JAGJIT ;Author","BRAVE HEARTS",,,,50,,"BULSAR BOOK STORE",,,,"STORY",
"VEER SAVARKAR: HE FOUGHT FOR DIGNITY AND FREEDOM",,"978-81-89999-56-8","AMAR CHITRA KATHA",2012,,,,,"823/RAO",,,,"RAO.SUBBA;Author","BRAVE HEARTS",,,,50,,"BULSAR BOOK STORE",,,,"STORY",
"THE GOLDEN MONGOOSE: TALES OF DUTY FROM THE MAHABHARATA",,"978-81-8482-288-5","AMAR CHITRA KATHA",2012,,,,,"823/FER",,,,"FERNANDES.LUIS.M.;Author","EPICS & MYTHOLOGY",,,,50,,"BULSAR BOOK STORE",,,,"STORY",
"BIKAL THE TERRIBLE: THE TALE OF A FRIGHTENED TIGER",,9788184820775,"AMAR CHITRA KATHA",2011,,,,,"823/UGR",,,,"UGRA.MEERA;Author FERNANDES.LUIS.M.;Author","FABLES & HUMOUR",,,,50,,"BULSAR BOOK STORE",,,,"STORY",
"KANNAGI: HER LOVE CONQUERS ALL",,9788184820171,"AMAR CHITRA KATHA",2011,,,,,"823/RAG",,,,"RAGHUPATHI.LALITHA ;Author","INDIAN CLASSICS",,,,50,,"BULSAR BOOK STORE",,,,"STORY",
"THE DEADLY FEAST: JATAKA TALES-WISDOM CONQUERS ALL",,9788189999735,"AMAR CHITRA KATHA",2011,,,,,"823/SHA",,,,"SHARMA.YAGYA;Author","FABLES & HUMOUR",,,,50,,"BULSAR BOOK STORE",,,,"STORY",
"KING KUSHA: A JATAKA ABOUT INNER BEAUTY",,9788184821888,"AMAR CHITRA KATHA",2011,,,,,"823/CHA",,,,"CHANDRAKANT.KAMALA;Author","FABLES & HUMOUR",,,,50,,"BULSAR BOOK STORE",,,,"STORY",
"MANGAL PANDE: HE FIRED THE FIRST SHOT",,"978-81-8482-195-6","AMAR CHITRA KATHA",2012,,,,,"823/PAT",,,,"PATEL.TONI;Author","BRAVE HEARTS",,,,50,,"BULSAR BOOK STORE",,,,"STORY",
"VASAVADATT: THE PRINCESS WHO CAPTIVATED A TRUE KSHATRIYA",,9788189999940,"AMAR CHITRA KATHA",2011,,,,,"823/TAL",,,,"TALIM.MEENA;Author","INDIAN CLASSICS",,,,50,,"BULSAR BOOK STORE",,,,"STORY",
"AYYAPPAN: THE LORD OF SHABARIMALA",,"978-81-8482-016-4","AMAR CHITRA KATHA",2012,,,,,"823/MAH",,,,"MAHADEVAN.SHYAMALA ;Author","EPICS & MYTHOLOGY",,,,50,,"BULSAR BOOK STORE",,,,"STORY",
"THE PRICELESS GEM: A JATAKA TALE- ADVENTURES OF A BODHISATTVA",,9788189999742,"AMAR CHITRA KATHA",2011,,,,,"823/SHA",,,,"SHARMA.YOGYA;Author","FABLES & HUMOUR",,,,50,,"BULSAR BOOK STORE",,,,"STORY",
"THE COWHERD OF ALAWI: GENTLE LESSONS FROM BUDDHA",,9788184820966,"AMAR CHITRA KATHA",2011,,,,,"823/RAO",,,,"RAO.SUBBA;Author","FABLES & HUMOUR",,,,50,,"BULSAR BOOK STORE",,,,"STORY",
"BIMBISARA: MODEL KING OF MAGADHA",,9788189999681,"AMAR CHITRA KATHA",2011,,,,,"823/ATM",,,,"ATMARAM.H.;Author","BRAVE HEARTS",,,,50,,"BULSAR BOOK STORE",,,,"STORY",
"TRIPURA: THE THREE IMPREGNABLE CITIES OF MAYA",,9788189999759,"AMAR CHITRA KATHA",2011,,,,,"823/FER",,,,"FERNANDES.LUIS.M.;Author","EPICS & MYTHOLOGY",,,,50,,"BULSAR BOOK STORE",,,,"STORY",
"LALIT ADITYA: THE WARRIOR- POET OF KASHMIR",,9788184821260,"AMAR CHITRA KATHA",2011,,,,,"823/SHA",,,,"SHARMA.YAGYA;Author","BRAVE HEARTS",,,,50,,"BULSAR BOOK STORE",,,,"STORY",
"AMAR SINGH RATHOR: OF RAJPUT PRIDE AND HONOUR",,9788184821857,"AMAR CHITRA KATHA",2011,,,,,"823/PAN",,,,"PANDEY.KAMLASH ;Author","BRAVE HEARTS",,,,50,,"BULSAR BOOK STORE",,,,"STORY",
"TANAJI: THE MARATHA LION",,"978-81-8482-159-8","AMAR CHITRA KATHA",2011,,,,,"823/TAL",,,,"TALIM.MEENA;Author","BRAVE HEARTS",,,,50,,"BULSAR BOOK STORE",,,,"STORY",
"JAWAHARLAL NEHRU: THE EARLY DAYS",,"978-81-8482-119-2","AMAR CHITRA KATHA",2011,,,,,"823/SAS",,,,"SASTRY.MARGIE;Author","VISIONARIES",,,,50,,"BULSAR BOOK STORE",,,,"STORY",
"NOOR JAHAN: THE LLIGHT OF THE WORLD",,"978-81-8482-001-0","AMAR CHITRA KATHA",2012,,,,,"823/MAH",,,,"MAHAJAN.LAILA;Author","BRAVE HEARTS",,,,50,,"BULSAR BOOK STORE",,,,"STORY",
"NACHIKETA: A COLLECTION OF STORIES FROM THE UPANISHADS",,"978-81-8482-015-7","AMAR CHITRA KATHA",2012,,,,,"823/RAO",,,,"RAO.SUBBA;Author","EPICS & MYTHOLOGY",,,,50,,"BULSAR BOOK STORE",,,,"STORY",
"TALES OF YUDHISHTHIRA: JUSTICE FOR THE PANDAVA",,"978-81-8482-005-8","AMAR CHITRA KATHA",2012,,,,,"823/RAO",,,,"RAO.SUBBA;Author","EPICS & MYTHOLOGY",,,,50,,"BULSAR BOOK STORE",,,,"STORY",
"UDAYANA: LOVE OVERCOMES ALL ODDS",,9788184822922,"AMAR CHITRA KATHA",2011,,,,,"823/CHA",,,,"CHANDRAKANT.KAMALA;Author","INDIAN CLASSICS",,,,50,,"BULSAR BOOK STORE",,,,"STORY",
"HANUMAN: THE EPITOME OF DEVOTION AND COURAGE",,"978-81-89999-24-7","AMAR CHITRA KATHA",2011,,,,,"823/PAI",,,,"PAI.ANANT;Author","EPICS & MYTHOLOGY",,,,50,,"BULSAR BOOK STORE",,,,"STORY",
"KRISHNA: RETOLD FROM THE BHAGAWAT PURAN",,"978-81-89999-23-0","AMAR CHITRA KATHA",2012,,,,,"823/PAI",,,,"PAI.ANANT;Author","EPICS & MYTHOLOGY",,,,50,,"BULSAR BOOK STORE",,,,"STORY",
"SHIVAJI: THE GREAT MARATHA",,"978-81-8482-075-1","AMAR CHITRA KATHA",2012,,,,,"823/BHA",,,,"BHAGWAT.B.R.;Author","BRAVE HEARTS",,,,50,,"BULSAR BOOK STORE",,,,"STORY",
"RANA PRATAP: HE FOUGHT FOR FREEDOM",,"978-81-8482-143-7","AMAR CHITRA KATHA",2012,,,,,"823/SHA",,,,"SHARMA.YAGYA;Author","BRAVE HEARTS",,,,50,,"BULSAR BOOK STORE",,,,"STORY",
"THE BRAHNMIN AND THE GOAT: TALES FROM THE PANCHATANTRA",,"978-81-8482-041-6","AMAR CHITRA KATHA",2012,,,,,"823/KUT",,,,"KUTTY.SHYAMALA;Author","FABLES & HUMOUR",,,,50,,"BULSAR BOOK STORE",,,,"STORY",
"CROWS AND OWLS: TALES FROM THE PANCHANTRA",,"978-81-8482-031-7","AMAR CHITRA KATHA",2012,,,,,"823/FER",,,,"FERNANDES.LUIS;Author","FABLES & HUMOUR",,,,50,,"BULSAR BOOK STORE",,,,"STORY",
"HOW THE JACKAL ATE THE ELEPHANT: TALES FROM THE PANCHANTANTRA",,"978-81-8482-030-0","AMAR CHITRA KATHA",2012,,,,,"823/CHA",,,,"CHANDRAKANT.KAMALA;Author","FABLES & HUMOUR",,,,50,,"BULSAR BOOK STORE",,,,"STORY",
"THE SONS OF RAMA: LUV AND KUSH-THE INVINCIBLE TWINS ",,"978-81-89999-25-4","AMAR CHITRA KATHA",2011,,,,,"823/PAI",,,,"PAI.ANANT;Author","EPICS & MYTHOLOGY",,,,50,,"BULSAR BOOK STORE",,,,"STORY",
"RAMA: RETOLD FROM THE RAMAYANA",,"978-81-89999-26-1","AMAR CHITRA KATHA",2012,,,,,"823/PAI",,,,"PAI.ANANT;Author","EPICS & MYTHOLOGY",,,,50,,"BULSAR BOOK STORE",,,,"STORY",
"THE GITA: THE SONG OF ETERNAL WISDOM",,"978-81-89999-27-8","AMAR CHITRA KATHA",2012,,,,,"823/PAI",,,,"PAI.ANANT;Author","EPICS & MYTHOLOGY",,,,50,,"BULSAR BOOK STORE",,,,"STORY",
"SHIVA PARVATI: A STORY OF DIVINE LOVE",,"978-81-89999-28-5","AMAR CHITRA KATHA",2011,,,,,"823/CHA",,,,"CHANDRAKANT.KAMALA;Author","EPICS & MYTHOLOGY",,,,50,,"BULSAR BOOK STORE",,,,"STORY",
"NALA DAMAYANTI: THE STEADFAST LOVERS",,"978-81-89999-29-2","AMAR CHITRA KATHA",2012,,,,,"823/SUR",,,,"SURTI.ABID;Author","EPICS & MYTHOLOGY",,,,50,,"BULSAR BOOK STORE",,,,"STORY",
"CHANAKYA: THE KINGMAKER",,"978-81-89999-30-8","AMAR CHITRA KATHA",2012,,,,,"823/SHA",,,,"SHARMA.YAGYA;Author","VISIONARIES",,,,50,,"BULSAR BOOK STORE",,,,"STORY",
"BUDDHA: HE LIT THE PATH",,"978-81-89999-32-2","AMAR CHITRA KATHA",2012,,,,,"823/RAO",,,," RAO.S.K.RAMACHANDRA;Author","VISIONARIES",,,,50,,"BULSAR BOOK STORE",,,,"STORY",
"NAHUSHA: HE BECAME THE KING OF HEAVEN",,"978-81-8482-190-1","AMAR CHITRA KATHA",2012,,,,,"823/DUT",,,,"DUTT.GAYATRI MADAN;Author","EPICS & MYTHOLOGY",,,,50,,"BULSAR BOOK STORE",,,,"STORY",
"AJATASHATRU: A SON'S STORY OF SORROW AND SUCCESS",,9788189999728,"AMAR CHITRA KATHA",2011,,,,,"823/RAO",,,,"RAO.SUBBA;Author","BRAVE HEARTS",,,,50,,"BULSAR BOOK STORE",,,,"STORY",
"KACHA AND DEVAYANI: STAR-CROSSED LOVERS",,"978-81-8482-000-3","AMAR CHITRA KATHA",2012,,,,,"823/CHA",,,,"CHANDRAKANT.KAMALA;Author","EPICS & MYTHOLOGY",,,,50,,"BULSAR BOOK STORE",,,,"STORY",
"KRISHNA AND THE FALSE VAASUDEVA: PRIDE MEETS ITS DOOM",,"978-81-8482-018-8","AMAR CHITRA KATHA",2012,,,,,"823/CHA",,,,"CHANDRAKANT.KAMALA;Author","EPICS & MYTHOLOGY",,,,50,,"BULSAR BOOK STORE",,,,"STORY",
"SHALIVAHANA: THE MAN WHO STARTED AN ERA",,9788184821444,"AMAR CHITRA KATHA",2011,,,,,"823/UPP",,,,"UPPAL.JAGJIT ;Author","BRAVE HEARTS",,,,50,,"BULSAR BOOK STORE",,,,"STORY",
"BIRBAL THE WISE: THE ADVENTURES OF AKBAR'S FAVOURITE MINISTER",,"978-81-8482-053-9","AMAR CHITRA KATHA",2012,,,,,"823/PAI",,,,"PAI.ANANT;Author","FABLES & HUMOUR",,,,50,,"BULSAR BOOK STORE",,,,"STORY",
"TALES OF MARYADA RAMA: THE FAIREST JUDGE OF ALL",,9788184821376,"AMAR CHITRA KATHA",2011,,,,,"823/CHA",,,,"CHANDRAKANT.KAMALA;Author","FABLES & HUMOUR",,,,50,,"BULSAR BOOK STORE",,,,"STORY",
"KRISHNADEVA RAYA: THE ILLUSTRIOUS KING OF VIJAYANAGARA",,"978-81-8482-196-3","AMAR CHITRA KATHA",2012,,,,,"823/RAO",,,,"RAO.SUBBA;Author","BRAVE HEARTS",,,,50,,"BULSAR BOOK STORE",,,,"STORY",
"YAYATI: RETOLD FROM THE MAHABHARATA",,9788184820225,"AMAR CHITRA KATHA",2011,,,,,"823/RAO",,,,"RAO.SUBBA;Author","EPICS & MYTHOLOGY",,,,50,,"BULSAR BOOK STORE",,,,"STORY",
"BIRBAL THE JUST: TALES OF BIRBAL",,"978-81-8482-027-0","AMAR CHITRA KATHA",2011,,,,,"823/PAI",,,,"PAI.ANANT;Author","FABLES & HUMOUR",,,,50,,"BULSAR BOOK STORE",,,,"STORY",
"BIRBAL THE CLEVER: TALES OF BIRBAL",,"978-81-8482-029-4","AMAR CHITRA KATHA",2012,,,,,"823/UGR",,,,"UGRA.MEERA;Author","FABLES & HUMOUR",,,,50,,"BULSAR BOOK STORE",,,,"STORY",
"BIRBAL THE WITTY: TALES OF BIRBAL",,"978-81-8482-028-7","AMAR CHITRA KATHA",2012,,,,,"823/CHA",,,,"CHANDRAKANT.KAMALA;Author","FABLES & HUMOUR",,,,50,,"BULSAR BOOK STORE",,,,"STORY",
"CHOICE OF FRIENDS: TALES FROM THE HITOPADESHA",,"978-81-8482-059-1","AMAR CHITRA KATHA",2011,,,,,"823/CHA",,,,"CHANDRAKANT.KAMALA;Author","FABLES & HUMOUR",,,,50,,"BULSAR BOOK STORE",,,,"STORY",
"DEER STORIES: THE GENTLE WISDOM OF THE JATAKA",,"978-81-8482-198-7","AMAR CHITRA KATHA",2011,,,,,"823/DEE",,,,,"FABLES & HUMOUR",,,,50,,"BULSAR BOOK STORE",,,,"STORY",
"TALES OF VISHNU: THE GENTLE GOD",,"978-81-89999-33-9","AMAR CHITRA KATHA",2012,,,,,"823/RAO",,,,"RAO.SUBBA;Author","EPICS & MYTHOLOGY",,,,50,,"BULSAR BOOK STORE",,,,"STORY",
"BIRBAL THE WISE: THE ADVENTURES OF AKBAR'S FAVOURITE MINISTER",,"978-81-8482-053-9","AMAR CHITRA KATHA",2012,,,,,"823/PAI",,,,"PAI.ANANT;Author","FABLES & HUMOUR",,,,50,,"BULSAR BOOK STORE",,,,"STORY",
"BUDDHA: HE LIT THE PATH",,"978-81-899999-32-2","AMAR CHITRA KATHA",2012,,,,,"823/RAO",,,," RAO.S.K.RAMACHANDRA;Author","VISIONARIES",,,,50,,"BULSAR BOOK STORE",,,,"STORY",
"DHRUVA AND ASHTAVAKRA: THEY REACHED FOR THE SKIES",,"978-81-8482-011-9","AMAR CHITRA KATHA",2012,,,,,"823/GAN",,,,"GANGULY.SHAILAJA;Author SHENOY.MALATI;Author","EPICS & MYTHOLOGY",,,,50,,"BULSAR BOOK STORE",,,,"STORY",
"DASHARATHA: THE STORY OF RAMA'S FATHER",,"978-81-8482-289-2","AMAR CHITRA KATHA",2011,,,,,"823/CHA",,,,"CHANDRAKANT.KAMALA;Author","EPICS & MYTHOLOGY",,,,50,,"BULSAR BOOK STORE",,,,"STORY",
"MALAVIKA: A PLAY BY KALIDASA RETOLD",,9788189999636,"AMAR CHITRA KATHA",2011,,,,,"823/PAN",,,,"PANDEY.KAMLESH;Author","INDIAN CLASSICS",,,,50,,"BULSAR BOOK STORE",,,,"STORY",
"VIKRAMADITYA: COURAGE AND HONOUR WIN THE DAY",,"978-81-8482-164-2","AMAR CHITRA KATHA",2012,,,,,"823/SIN",,,,"SINGH.A.P.;Author","BRAVE HEARTS",,,,50,,"BULSAR BOOK STORE",,,,"STORY",
"INDRA AND SHACHI: THE LORD OF HEAVEN AND HIS DEVOTED WIFE",,"978-81-89999-07-0","AMAR CHITRA KATHA",2012,,,,,"823/SES",,,,"SESHADRI.LAKSHMI;Author","EPICS & MYTHOLOGY",,,,50,,"BULSAR BOOK STORE",,,,"STORY",
"SURYA: HOW THE SUN GOD WAS TAMED",,"978-81-8482-055-3","AMAR CHITRA KATHA",2012,,,,,"823/BAL",,,,"BALSE.MAYAH;Author","EPICS & MYTHOLOGY",,,,50,,"BULSAR BOOK STORE",,,,"STORY",
"DRONA: VALIANT ARCHER, SUPREME TEACHER",,"978-81-8482-121-5","AMAR CHITRA KATHA",2012,,,,,"823/CHA",,,,"CHANDRAKANT.KAMALA;Author","EPICS & MYTHOLOGY",,,,50,,"BULSAR BOOK STORE",,,,"STORY",
"TULSIDAS: THE POET WHO WROTE RAM-CHARIT-MANAS",,"978-81-8482-060-7","AMAR CHITRA KATHA",2011,,,,,"823/SHA",,,,"SHARMA.SURESH CHANDRA ;Author","VISIONARIES",,,,50,,"BULSAR BOOK STORE",,,,"STORY",
"TALES OF ARJUNA: THE EXPLOITSOF EXCEPTIONAL WARRIOR",,"978-81-89999-44-5","AMAR CHITRA KATHA",2012,,,,,"823/CHA",,,,"CHANDRAKANT.KAMALA;Author","EPICS & MYTHOLOGY",,,,50,,"BULSAR BOOK STORE",,,,"STORY",
"INDRA AND SHIBI: TALES OF THE WISE LORD OF HEAVEN",,"978-81-89999-05-6","AMAR CHITRA KATHA",2012,,,,,"823/IND",,,,,"EPICS & MYTHOLOGY",,,,50,,"BULSAR BOOK STORE",,,,"STORY",
"RAMAN OF TENALI: BIRBAL OF THE SOUTH",,"978-81-89999-43-8","AMAR CHITRA KATHA",2011,,,,,"823/CHA",,,,"CHANDRAKANT.KAMALA;Author","FABLES & HUMOUR",,,,50,,"BULSAR BOOK STORE",,,,"STORY",
"MAHIRAVANA: A MAGICIAN OUTWITTED",,"978-81-89999-45-2","AMAR CHITRA KATHA",2012,,,,,"823/UGR",,,,"UGRA.MEERA;Author","EPICS & MYTHOLOGY",,,,50,,"BULSAR BOOK STORE",,,,"STORY",
"THE MOUSE MERCHANT: A JATAKA TALE",,"978-81-8482-050-8","AMAR CHITRA KATHA",2012,,,,,"823/RAO",,,,"RAO.SUBBA;Author","FABLES & HUMOUR",,,,50,,"BULSAR BOOK STORE",,,,"STORY",
"THE INIMITABLE BIRBAL: A FRIEND, PHILOSOPHER AND GUIDE TO AKBAR",,"978-81-8482-043-0","AMAR CHITRA KATHA",2012,,,,,"823/SAS",,,,"SASTRY.MARGIE;Author","FABLES & HUMOUR",,,,50,,"BULSAR BOOK STORE",,,,"STORY",
"MADHVACHARYA: A VAISHNAVA SAINT-PHILOSOPHER",,9788184820515,"AMAR CHITRA KATHA",2011,,,,,"823/SHA",,,,"SHARMA.B.N.K.;Author","VISIONARIES",,,,50,,"BULSAR BOOK STORE",,,,"STORY",
"KESARI THE FLYING THIEF: TALES OF ENLIGHTENMENT",,"978-81-8482-283-0","AMAR CHITRA KATHA",2012,,,,,"823/CHA",,,,"CHANDRAKANT.KAMALA;Author","FABLES & HUMOUR",,,,50,,"BULSAR BOOK STORE",,,,"STORY",
"SATI AND SHIVA: PERFECTION REWARDED",,"978-81-8482-146-8","AMAR CHITRA KATHA",2012,,,,,"823/CHA",,,,"CHANDRAKANT.KAMALA;Author","EPICS & MYTHOLOGY",,,,50,,"BULSAR BOOK STORE",,,,"STORY",
"TALES OF SHIVA: THE MIGHTY LORD OF KAILASH",,"978-81-89999-59-9","AMAR CHITRA KATHA",2011,,,,,"823/RAO",,,,"RAO.SUBBA;Author","EPICS & MYTHOLOGY",,,,50,,"BULSAR BOOK STORE",,,,"STORY",
"RABINDRANATH TAGORE: INDIA'S GENTLE TORCH- BEARER",,"978-81-8482-105-5","AMAR CHITRA KATHA",2012,,,,,"823/BAN",,,,"BANERJEE.KALYANAKSHA ;Author","VISIONARIES",,,,50,,"BULSAR BOOK STORE",,,,"STORY",
"GARUDA: VISHNU'S DIVINE MOUNT",,"978-81-8482-122-2","AMAR CHITRA KATHA",2012,,,,,"823/CHA",,,,"CHANDRAKANT.KAMALA;Author","EPICS & MYTHOLOGY",,,,50,,"BULSAR BOOK STORE",,,,"STORY",
"VALI: THE DOWNFALL OF AN ARROGANT KING",,"978-81-8482-108-6","AMAR CHITRA KATHA",2012,,,,,"823/SHA",,,,"SHARMA.TYAGARAJ;Author","EPICS & MYTHOLOGY",,,,50,,"BULSAR BOOK STORE",,,,"STORY",
"SUBHAS CHANDRA BOSE: BORN TO LEAD",,"978-81-8482-058-4","AMAR CHITRA KATHA",2012,,,,,"823/SHA",,,,"SHARMA.YAGYA;Author SHETTY. HARIDAS ;Author","BRAVE HEARTS",,,,50,,"BULSAR BOOK STORE",,,,"STORY",
"GOPAL THE JESTER: THE BRILLIANT BENGALI WIT",,"978-81-8482-023-2","AMAR CHITRA KATHA",2012,,,,,"823/SIN",,,,"SINHA.URMILA;Author","FABLES & HUMOUR",,,,50,,"BULSAR BOOK STORE",,,,"STORY",
"THE GREEDY MOTHER-IN-LAW: PANCHATANTRA TALES THAT COUNSEL AND CAUTION",,9788189999544,"AMAR CHITRA KATHA",2011,,,,,"823/RAO",,,,"RAO.SUBBA;Author","FABLES & HUMOUR",,,,50,,"BULSAR BOOK STORE",,,,"STORY",
"MAHABHARATA: THE GREAT EPIC OF INDIA",,"978-81-8482-020-1","AMAR CHITRA KATHA",2012,,,,,"823/BHA",,,,"BHAGWAT.B.R.;Author","EPICS & MYTHOLOGY",,,,50,,"BULSAR BOOK STORE",,,,"STORY",
"RAMAN THE MATCHLESS WIT: THE ADVENTURES OF A UNIQUE COUNT JESTER",,"978-81-89999-60-5","AMAR CHITRA KATHA",2012,,,,,"823/RAO",,,,"RAO.SUBBA;Author","FABLES & HUMOUR",,,,50,,"BULSAR BOOK STORE",,,,"STORY",
"GHATOTKACHA: THE CHIVALROUS DEMON",,"978-81-8482-199-4","AMAR CHITRA KATHA",2012,,,,,"823/SES",,,,"SESHADRI.LAKSHMI ;Author","EPICS & MYTHOLOGY",,,,50,,"BULSAR BOOK STORE",,,,"STORY",
"THE SYAMANTAKA GEM: THE SUN-GOD'S PRECIOUS ORNAMENT",,"978-81-89999-64-3","AMAR CHITRA KATHA",2012,,,,,"823/CHA",,,,"CHANDRAKANT.KAMALA;Author","EPICS & MYTHOLOGY",,,,50,,"BULSAR BOOK STORE",,,,"STORY",
"GURU NANAKA: THE FOUNDING GURU OF SIKHISM",,"978-81-90599-09-2","AMAR CHITRA KATHA",2011,,,,,"823/MAN",,,,"MANSUKHANI.G.S.;Author MANSUKHANI.NANIKI;Author","VISIONARIES",,,,50,,"BULSAR BOOK STORE",,,,"STORY",
"KRISHNA AND SHISHUPALA: HE WAS FORGIVEN A HUNDRED TIMES",,"978-81-8482-193-2","AMAR CHITRA KATHA",2012,,,,,"823/CHA",,,,"CHANDRAKANT.KAMALA;Author","EPICS & MYTHOLOGY",,,,50,,"BULSAR BOOK STORE",,,,"STORY",
"GURU GOBIND SINGH: THE TENTH SIKH GURU",,"978-81-8482-177-2","AMAR CHITRA KATHA",2011,,,,,"823/SIN",,,,"SINGH.MALA;Author","VISIONARIES",,,,50,,"BULSAR BOOK STORE",,,,"STORY",
"BIRBAL THE GENIUS: WIT AND WIDSOM AT AKBAR'S COURT",,"978-81-8482-042-3","AMAR CHITRA KATHA",2012,,,,,"823/NAD",,,,"NADKARNI.DEV;Author","FABLES & HUMOUR",,,,50,,"BULSAR BOOK STORE",,,,"STORY",
"STORIES OF WISDOM: RIGHT THINKING FROM THE JATAKA TALES",,"978-81-8482-147-5","AMAR CHITRA KATHA",2011,,,,,"823/FER",,,,"FERNANDES.LUIS.M.;Author","FABLES & HUMOUR",,,,50,,"BULSAR BOOK STORE",,,,"STORY",
"THE DULLARD: TALES FROM THE PANCHATANTRA",,9788184820461,"AMAR CHITRA KATHA",2011,,,,,"823/CHA",,,,"CHANDRAKANT.KAMALA;Author","FABLES & HUMOUR",,,,50,,"BULSAR BOOK STORE",,,,"STORY",
"KALIDASA: MASTER POET AND DRAMATIST",,"978-81-8482-057-7","AMAR CHITRA KATHA",2012,,,,,"823/SHA",,,,"SHARMA.YAGYA;Author","VISIONARIES",,,,50,,"BULSAR BOOK STORE",,,,"STORY",
"VISHWAMITRA: THE KING WHO BECAME AN ASCETIC",,9788184820768,"AMAR CHITRA KATHA",2011,,,,,"823/CHA",,,,"CHANDRAKANT.KAMALA;Author","EPICS & MYTHOLOGY",,,,50,,"BULSAR BOOK STORE",,,,"STORY",
"VIKRAMADITYA'S THRONE: A SPECIAL SEAT FOR A SPECIAL MONARCH",,"978-81-8482-180-2","AMAR CHITRA KATHA",2012,,,,,"823/CHA",,,,"CHANDRAKANT.KAMALA;Author","FABLES & HUMOUR",,,,50,,"BULSAR BOOK STORE",,,,"STORY",
"TALES OF SHIVAJI: THE LEGENDARY MARATHA WARRIOR-KING",,"978-81-89999-08-7","AMAR CHITRA KATHA",2012,,,,,"823/RAO",,,,"RAO.SUBBA;Author","BRAVE HEARTS",,,,50,,"BULSAR BOOK STORE",,,,"STORY",
"RAJA BHOJA: A PATRON OF THE ARTS AND LITERATURE",,"978-81-8482-049-2","AMAR CHITRA KATHA",2012,,,,,"823/CHA",,,,"CHANDRAKANT.KAMALA;Author","BRAVE HEARTS",,,,50,,"BULSAR BOOK STORE",,,,"STORY",
"SRI RAMAKRISHNA: THE SAINT OF DAKSHINESWAR",,"978-81-8482-048-5","AMAR CHITRA KATHA",2011,,,,,"823/DUT",,,,"DUTT.GAYATRI MADAN;Author","VISIONARIES",,,,50,,"BULSAR BOOK STORE",,,,"STORY",
"MAHAVIRA: THE WARRIOR OF NON-VIOLENCE",,9788189999650,"AMAR CHITRA KATHA",2011,,,,,"823/RAN",,,,"RANKA.RISHABHDAS ;Author","VISIONARIES",,,,50,,"BULSAR BOOK STORE",,,,"STORY",
"THE PANDVAS IN HIDING: OUTWITTING A WILY ENEMY",,"978-81-8482-178-9","AMAR CHITRA KATHA",2012,,,,,"823/RAO",,,,"RAO.SUBBA;Author","EPICS & MYTHOLOGY",,,,50,,"BULSAR BOOK STORE",,,,"STORY",
"ABHIMANYU: STAR-CROSSED PRINCE",,"978-81-8482-106-2","AMAR CHITRA KATHA",2012,,,,,"823/CHA",,,,"CHANDRAKANT.KAMALA;Author","EPICS & MYTHOLOGY",,,,50,,"BULSAR BOOK STORE",,,,"STORY",
"SUDAMA: THE POWER OF TRUE FRIENDSHIP",,"978-81-8482-038-6","AMAR CHITRA KATHA",2012,,,,,"823/CHA",,,,"CHANDRAKANT.KAMALA;Author","EPICS & MYTHOLOGY",,,,50,,"BULSAR BOOK STORE",,,,"STORY",
"KARANA: BRAVE, GENEROUS,ILL-FATED PRINCE",,"978-81-89999-49-0","AMAR CHITRA KATHA",2012,,,,,"823/CHA",,,,"CHANDRAKANT.KAMALA;Author","EPICS & MYTHOLOGY",,,,50,,"BULSAR BOOK STORE",,,,"STORY",
"SHAKUNTALA: THE FORGOTTEN WIFE",,"978-81-89999-48-3","AMAR CHITRA KATHA",2012,,,,,"823/DOO",,,,"DOONGAJI. DOLAT H. ;Author DOONGAJI.A.K.;Author","INDIAN CLASSICS",,,,50,,"BULSAR BOOK STORE",,,,"STORY",
"KARTTIKEYA: A SON OF SHIVA",,"978-81-89999-47-6","AMAR CHITRA KATHA",2011,,,,,"823/BHA",,,,"BHATTACHARYA.PRADIP;Author UGRA.MEERA;Author","EPICS & MYTHOLOGY",,,,50,,"BULSAR BOOK STORE",,,,"STORY",
"ANCESTORS OF RAMA: A NOBLE INHERITANCE",,"978-81-8482-290-8","AMAR CHITRA KATHA",2012,,,,,"823/CHA",,,,"CHANDRAKANT.KAMALA;Author","INDIAN CLASSICS",,,,50,,"BULSAR BOOK STORE",,,,"STORY",
"BIRD STORIES: JATAKA TALES OF BRAINS VERSUS BRAWN",,9788189999537,"AMAR CHITRA KATHA",2011,,,,,"823/CHA",,,,"CHANDRAKANT.KAMALA;Author","FABLES & HUMOUR",,,,50,,"BULSAR BOOK STORE",,,,"STORY",
"THE MAGIC CHANT: LESSONS IN LIVING FROM THE JATAKA TALES",,"978-81-8482-150-5","AMAR CHITRA KATHA",2012,,,,,"823/UGR",,,,"UGRA.MEERA;Author","FABLES & HUMOUR",,,,50,,"BULSAR BOOK STORE",,,,"STORY",
"THE GIANT AND THE DWARF: A JATAKA TALE OF WIT AND WISDOM",,"978-81-8482-061-4","AMAR CHITRA KATHA",2012,,,,,"823/FER",,,,"FERNANDES.LUIS.M.;Author","FABLES & HUMOUR",,,,50,,"BULSAR BOOK STORE",,,,"STORY",
"BHEEMA AND HANUMAN: THE SONS OF VAYU, THE WIND GOD",,9788190599054,"AMAR CHITRA KATHA",2011,,,,,"823/CHA",,,,"CHANDRAKANT.KAMALA;Author","EPICS & MYTHOLOGY",,,,50,,"BULSAR BOOK STORE",,,,"STORY",
"KUMBHAKARNA: THE SLEEPING GIANT",,"978-81-89999-46-9","AMAR CHITRA KATHA",2012,,,,,"823/RAO",,,,"RAO.SUBBA;Author DAS. NANDINI ;Author","MYTHOLOGY & EPICS",,,,50,,"BULSAR BOOK STORE",,,,"STORY",
"SAVITRI: THE PERFECT WIFE",,"978-81-89999-03-2","AMAR CHITRA KATHA",2011,,,,,"823/PAI",,,,"PAI.ANANT;Author","EPICS & MYTHOLOGY",,,,50,,"BULSAR BOOK STORE",,,,"STORY",
"GANESHA: THE REMOVER OF ALL OBSTACLES",,"978-81-89999-31-5","AMAR CHITRA KATHA",2012,,,,,"823/CHA",,,,"CHANDRAKANT.KAMALA;Author","EPICS & MYTHOLOGY",,,,50,,"BULSAR BOOK STORE",,,,"STORY",
"ELEPHANT STORIES: JATAKA TALES OF NOBILITY",,"978-81-8482-145-1","AMAR CHITRA KATHA",2011,,,,,"823/LAL",,,,"LAKSHMI.LAL;Author","FABLES & HUMOUR",,,,50,,"BULSAR BOOK STORE",,,,"STORY",
"HANUMAN TO THE RESCUE: HANUMAN BRINGS THE SANJEEVANI",,"978-81-89999-34-6","AMAR CHITRA KATHA",2011,,,,,"823/FER",,,,"FERNANDES.LUIS.M.;Author","EPICS & MYTHOLOGY",,,,50,,"BULSAR BOOK STORE",,,,"STORY",
"TANSEN: THE MUSICAL GEM",,9788189999896,"AMAR CHITRA KATHA",2011,,,,,"823/RIZ",,,,"RIZVI.DOLLY;Author","VISIONARIES",,,,50,,"BULSAR BOOK STORE",,,,"STORY",
"MONKEY STORIES: JATAKA TALES OF WILE AND WISDOM",,"978-81-8482-163-5","AMAR CHITRA KATHA",2012,,,,,"823/TAL",,,,"TALIM.MEERA;Author","FABLES & HUMOUR",,,,50,,"BULSAR BOOK STORE",,,,"STORY",
"VIVEKANANDA: HE KINDLED THE SPIRIT OF MODERN INDIA",,"978-81-89999-38-4","AMAR CHITRA KATHA",2011,,,,,"823/VIV",,,,,"VISIONARIES",,,,50,,"BULSAR BOOK STORE",,,,"STORY",
"KRISHNA AND RUKMINI: A LOVE THAT WILL NOT BE DEFIED",,"978-81-89999-37-7","AMAR CHITRA KATHA",2012,,,,,"823/CHA",,,,"CHANDRAKANT.KAMALA;Author","EPICS & MYTHOLOGY",,,,50,,"BULSAR BOOK STORE",,,,"STORY",
"GANAGA: TH EDIVINE BEAUTY",,"978-81-89999-36-0","AMAR CHITRA KATHA",2012,,,,,"823/SHE",,,,"SHESHADRI.LAKSHMI;Author","EPICS & MYTHOLOGY",,,,50,,"BULSAR BOOK STORE",,,,"STORY",
"TALES OF DURGA: TALES OF THE MOTHER GODDESS",,"978-81-89999-35-3","AMAR CHITRA KATHA",2011,,,,,"823/RAO",,,,"RAO.SUBBA;Author","EPICS & MYTHOLOGY",,,,50,,"BULSAR BOOK STORE",,,,"STORY",
"KRISHNA AND JARASANDHA: KRISHNA OUTSMARTS HIS FIERCE ADVERSARY",,"978-81-89999-39-1","AMAR CHITRA KATHA",2012,,,,,"823/CHA",,,,"CHANDRAKANT.KAMALA;Author","EPICS & MYTHOLOGY",,,,50,,"BULSAR BOOK STORE",,,,"STORY",
"ELEPHANTA: THE ISLAND OF SHIVA",,"978-81-89999-40-7","AMAR CHITRA KATHA",2012,,,,,"823/JAG",,,,"JAGANNATHAN.SHAKUNTHALA ;Author","EPICS & MYTHOLOGY",,,,50,,"BULSAR BOOK STORE",,,,"STORY",
"TALES OF NARADA: TALES OF DEVOTIONAL AND RIVALRY",,"978-81-89999-04-9","AMAR CHITRA KATHA",2012,,,,,"823/SHA",,,,"SHARMA.ONKAR NATH ;Author","EPICS & MYTHOLOGY",,,,50,,"BULSAR BOOK STORE",,,,"STORY",
"ANGULIMALA: THE BANDIT WHO TOOK REFUGE IN BUDDHA ",,9788189999414,"AMAR CHITRA KATHA",2011,,,,,"823/RAO",,,,"RAO.SUBBA;Author","FABLES & HUMOUR",,,,50,,"BULSAR BOOK STORE",,,,"STORY",
"KRISHNA AND NARAKASURA: CONFIDENCE VERSUS ARROGANCE",,"978-81-89999-42-1","AMAR CHITRA KATHA",2012,,,,,"823/CHA",,,,"CHANDRAKANT.KAMALA;Author","EPICS & MYTHOLOGY",,,,50,,"BULSAR BOOK STORE",,,,"STORY",
"JACKAL STORIES: JATAKA TALES OF THE SLY AND THE SHREWD",,"978-81-8482-179-6","AMAR CHITRA KATHA",2012,,,,,"823/CHA",,,,"CHANDRAKANT.KAMALA;Author","FABLES & HUMOUR",,,,50,,"BULSAR BOOK STORE",,,,"STORY",
"THE LORD OF LANKA: THE RISE AND FALL OF A DEMON KING",,"978-81-8482-056-0","AMAR CHITRA KATHA",2012,,,,,"823/PAI",,,,"PAI.ANANT;Author","EPICS & MYTHOLOGY",,,,50,,"BULSAR BOOK STORE",,,,"STORY",
"THE JACKAL AND THE WARDRUM: PANCHATANTRA STORIES OF COURAGE AND CURIOSITY",,"978-81-89999-52-0","AMAR CHITRA KATHA",2011,,,,,"823/CHA",,,,"CHANDIRAMANI.G.L.;Author","FABLES & HUMOUR",,,,50,,"BULSAR BOOK STORE",,,,"STORY",
"RANI OF JHANSI: THE FLAME OF FREEDOM",,"978-81-89999-58-2","AMAR CHITRA KATHA",2012,,,,,"823/SIN",,,,"SINGH.MALA;Author","BRAVE HEARTS",,,,50,,"BULSAR BOOK STORE",,,,"STORY",
"THE CHURNING OF THE OCEAN: VISHNU SAVES CREATION",,"978-81-89999-91-9","AMAR CHITRA KATHA",2012,,,,,"823/PAT",,,,"PATEL.TONI;Author","EPICS & MYTHOLOGY",,,,50,,"BULSAR BOOK STORE",,,,"STORY",
"PRAHLAD: A TALE OF DEVOTION FROM THE BHAGAWAT PURANA",,"978-81-8482-019-5","AMAR CHITRA KATHA",2011,,,,,"823/CHA",,,,"CHANDRAKANT.KAMALA;Author","EPICS & MYTHOLOGY",,,,50,,"BULSAR BOOK STORE",,,,"STORY",
"ASHOKA: THE WARRIOR WHO SPOKE OF PEACE",,"978-81-89999-06-3","AMAR CHITRA KATHA",2012,,,,,"823/TAL",,,,"TALIM.MEERA;Author","BRAVE HEARTS",,,,50,,"BULSAR BOOK STORE",,,,"STORY",
"MIRABAI: SHE GAVE HER HEART TO KRISHNA",,"978-81-8482-037-9","AMAR CHITRA KATHA",2012,,,,,"823/CHA",,,,"CHANDRAKANT.KAMALA;Author","VISIONARIES",,,,50,,"BULSAR BOOK STORE",,,,"STORY",
"BHEESHMA: SELFLESSNESS PERSONIFIED",,"978-81-8482-162-8","AMAR CHITRA KATHA",2012,,,,,"823/CHA",,,,"CHANDRAKANT.KAMALA;Author","EPICS & MYTHOLOGY",,,,50,,"BULSAR BOOK STORE",,,,"STORY",
"KAPALA KUNDALA: THE FEARLESS CHILD OF THE FOREST",,"978-81-8482-124-6","AMAR CHITRA KATHA",2011,,,,,"823/MIT",,,,"MITRA.DEBRANI ;Author","INDIAN CLASSICS",,,,35,,"BULSAR BOOK STORE",,,,"STORY",
"DEVI CHOUDHURANI: THE BANDIT QUEEN",,"978-81-8482-007-2","AMAR CHITRA KATHA",2010,,,,,"823/MIT",,,,"MITRA.DEBRANI ;Author","INDIAN CLASSICS",,,,40,,"BULSAR BOOK STORE",,,,"STORY",
"MOTHER TERESA: LITTLE ACTS OF LOVE",,9788184824704,"AMAR CHITRA KATHA",2010,,,,,"823/SRI",,,,"SRINIVASAN.SHALINI ;Author","VISIONARIES",,,,40,,"BULSAR BOOK STORE",,,,"STORY",
"BENI MADHO AND PIR ALI: HEROES OF 1857",,9788184822106,"AMAR CHITRA KATHA",2010,,,,,"823/VER",,,,"VERMA.RAJNIKANT;Author UGRA.MEERA;Author","BRAVE HEARTS",,,,40,,"BULSAR BOOK STORE",,,,"STORY",
"GURU ARJAN: THE MAN WHO KNEW NO FEAR",,9788184821369,"AMAR CHITRA KATHA",2010,,,,,"823/RAJ",,,,"RAJ.RAJNIKANT;Author","VISIONARIES",,,,40,,"BULSAR BOOK STORE",,,,"STORY",
"SAMBHAJI: VALIANT SON OF SHIVAJI",,9788184823943,"AMAR CHITRA KATHA",2010,,,,,"823/KHE",,,,"KHER.SANJIVANI;Author OTHERS;Author","BRAVE HEARTS",,,,40,,"BULSAR BOOK STORE",,,,"STORY",
"RASH BEHARI BOSE: INDEPENDENT INDIA WAS HIS LIFE-LONG DREAM",,9788184821949,"AMAR CHITRA KATHA",2010,,,,,"823/GHO",,,,"GHOSH. SATYAVRATA;Author FERNANDES.LUIS;Author","BRAVE HEARTS",,,,40,,"BULSAR BOOK STORE",,,,"STORY",
"MARIE AND PIERRE CURIE: THEY SHARED A PASSION FOR SCIENCE",,9788184824094,"AMAR CHITRA KATHA",2010,,,,,"823/SAS",,,,"SASTRY.MARGIE;Author","VISIONARIES",,,,40,,"BULSAR BOOK STORE",,,,"STORY",
"VIDYUT CHORA: A JAIN TALE ABOUT REDEEMING A PLEDGE",,9788184822205,"AMAR CHITRA KATHA",2010,,,,,"823/FER",,,,"FERNANDES.LUIS.M.;Author","FABLES & HUMOUR",,,,40,,"BULSAR BOOK STORE",,,,"STORY",
"ZARATHUSHTRA: GOD'S MESSENGER FROM ANCIENT PERSIA",,9788184820133,"AMAR CHITRA KATHA",2010,,,,,"823/KAR",,,,"KARKARIA.BACHI;Author","VISIONARIES",,,,40,,"BULSAR BOOK STORE",,,,"STORY",
"DURGADAS: THE LOYAL COURTIER",,9788184821352,"AMAR CHITRA KATHA",2010,,,,,"823/SIN",,,,"SINHA.RAMESH;Author","BRAVE HEARTS",,,,40,,"BULSAR BOOK STORE",,,,"STORY",
"DHOLA AND MARU: A ROMANCE FROM RAJASTHAN",,9788184824070,"AMAR CHITRA KATHA",2010,,,,,"823/DUT",,,,"DUTT.GAYATRI MADAN;Author","FABLES & HUMOUR",,,,40,,"BULSAR BOOK STORE",,,,"STORY",
"RAJ SINGH: A HISTORICAL ROMANCE BY BANKIM CHANDRA",,9788184825671,"AMAR CHITRA KATHA",2010,,,,,"823/MIT",,,,"MITRA.DEBRANI ;Author","INDIAN CLASSICS",,,,40,,"BULSAR BOOK STORE",,,,"STORY",
"HOTHAL: THE STORY OF A CELESTIAL DANCER",,9788184824209,"AMAR CHITRA KATHA",2010,,,,,"823/VYA",,,,"VYAS.BHARATI;Author","FABLES & HUMOUR",,,,40,,"BULSAR BOOK STORE",,,,"STORY",
"DURGESH NANDINI: A STORY BY BANKIM CHANRDA CHATTOPADHYAY",,9788184825688,"AMAR CHITRA KATHA",2010,,,,,"823/MIT",,,,"MITRA.DEBRANI;Author UGRA.MEERA;Author","INDIAN CLASSICS",,,,40,,"BULSAR BOOK STORE",,,,"STORY",
"THE LEARNED PANDIT: TALES TOLD BY SRI RAMAKRISHNA",,9788189999971,"AMAR CHITRA KATHA",2010,,,,,"823/DUT",,,,"DUTT.GAYATRI MADAN;Author","FABLES & HUMOUR",,,,40,,"BULSAR BOOK STORE",,,,"STORY",
"RAMANA MAHARSHI: THE GENTLE SAINT OF TIRUVANNAMALAI",,9788184821680,"AMAR CHITRA KATHA",2010,,,,,"823/DUT",,,,"DUTT.GAYATRI MADAN;Author","VISIONARIES",,,,40,,"BULSAR BOOK STORE",,,,"STORY",
"PADMINI: A TALE OF LOVE AND HONOUR",,9788184822915,"AMAR CHITRA KATHA",2010,,,,,"823/SHA",,,,"SHARMA.YAGYA;Author","BRAVE HEARTS",,,,40,,"BULSAR BOOK STORE",,,,"STORY",
"CHARLIE AND THE GREAT GLASS ELEVATOR",,"978-0-141-32625-2","PENGUIN",1995,,,,,"823/DAH",,,,"DAHL.ROALD;Author",,,,,267,,"BULSAR BOOK STORE",,,,"FICTION",
"THE MAGIC FINGER",,"978-0-141-32630-6","PENGUIN",1995,,,,,"823/DAH",,,,"DAHL.ROALD;Author",,,,,267,,"BULSAR BOOK STORE",,,,"FICTION",
"MATILDA",,"978-0-141-32622-1","PENGUIN",1989,,,,,"823/DAH",,,,"DAHL.ROALD;Author",,,,,267,,"BULSAR BOOK STORE",,,,"FICTION",
"THE BFG",,"978-0-141-32623-8","PENGUIN",1982,,,,,"823/DAH",,,,"DAHL.ROALD;Author",,,,,267,,"BULSAR BOOK STORE",,,,"FICTION",
"FANTASTIC MR FOX",,"978-0-141-32624-5","PENGUIN",1996,,,,,"823/DAH",,,,"DAHL.ROALD;Author",,,,,267,,"BULSAR BOOK STORE",,,,"FICTION",
"ESIO TROT",,"978-0-141-32629-0","PENGUIN",1990,,,,,"823/DAH",,,,"DAHL.ROALD;Author",,,,,267,,"BULSAR BOOK STORE",,,,"FICTION",
"THE WITCHES",,"978-0-141-32621-4","PENGUIN",1985,,,,,"823/DAH",,,,"DAHL.ROALD;Author",,,,,267,,"BULSAR BOOK STORE",,,,"FICTION",
"THE TWIITS",,"978-0-141-32620-7","PENGUIN",1980,,,,,"823/DAH",,,,"DAHL.ROALD;Author",,,,,267,,"BULSAR BOOK STORE",,,,"FICTION",
"THE GIRAFFE AND THE PELLY AND ME",,"978-0-141-32631-3","PENGUIN",1992,,,,,"823/DAH",,,,"DAHL.ROALD;Author",,,,,267,,"BULSAR BOOK STORE",,,,"FICTION",
"CHARLIE AND THE CHOCOLATE FACTORY",,"978-0-141-32619-1","PENGUIN",1995,,,,,"823/DAH",,,,"DAHL.ROALD;Author",,,,,267,,"BULSAR BOOK STORE",,,,"FICTION",
"GEORGE'S MARVELLOUS MEDICINE",,"978-0-141-32626-9","PENGUIN",1982,,,,,"823/DAH",,,,"DAHL.ROALD;Author",,,,,267,,"BULSAR BOOK STORE",,,,"FICTION",
"BOY TALES OF CHILDHOOD",,"978-0-141-32628-3","PENGUIN",1986,,,,,"823/DAH",,,,"DAHL.ROALD;Author",,,,,267,,"BULSAR BOOK STORE",,,,"FICTION",
"GOING SOLO",,"978-0-141-32632-0","PENGUIN",1988,,,,,"823/DAH",,,,"DAHL.ROALD;Author",,,,,267,,"BULSAR BOOK STORE",,,,"FICTION",
"DANNY THE CHAMPION OF THE WORLD",,"978-0-141-32617-7","PENGUIN",1994,,,,,"823/DAH",,,,"DAHL.ROALD;Author",,,,,267,,"BULSAR BOOK STORE",,,,"FICTION",
"AMES AND THE GIANT PEACH",,"978-0-141-32618-4","PENGUIN",1995,,,,,"823/DAH",,,,"DAHL.ROALD;Author",,,,,267,,"BULSAR BOOK STORE",,,,"FICTION",
"DIARY OF A WIMPY KID: CABIN FEVER",,"978-0-141-34208-5","PENGUIN",2012,,,,,"823/KIN",,,,"KINNEY.JEFF;Author",,,,,217,,"BULSAR BOOK STORE",,,,"FICTION",
"DIARY OF A WIMPY KID: THE UGLY TRUTH",,"978-0-141-34082-1","PENGUIN",2012,,,,,"823/KIN",,,,"KINNEY.JEFF;Author",,,,,217,,"BULSAR BOOK STORE",,,,"FICTION",
"DIARY OF A WIMPY KID: DOG DAYS",,"978-0-141-33197-3","PENGUIN",2011,,,,,"823/KIN",,,,"KINNEY.JEFF;Author",,,,,217,,"BULSAR BOOK STORE",,,,"FICTION",
"DIARY OF A WIMPY KID: THE LAST STRAW",,"978-0-141-32492-0","PENGUIN",2010,,,,,"823/KIN",,,,"KINNEY.JEFF;Author",,,,,217,,"BULSAR BOOK STORE",,,,"FICTION",
"DIARY OF A WIMPY KID: RODRICK RULES",,"978-0-141-32491-3","PENGUIN",2010,,,,,"823/KIN",,,,"KINNEY.JEFF;Author",,,,,217,,"BULSAR BOOK STORE",,,,"FICTION",
"DIARY OF A WIMPY KID",,"978-0-141-32490-6","PENGUIN",2010,,,,,"823/KIN",,,,"KINNEY.JEFF;Author",,,,,217,,"BULSAR BOOK STORE",,,,"FICTION",
"DIARY OF A WIMPY KID: CABIN FEVER",,"978-0-141-34208-5","PENGUIN",2012,,,,,"823/KIN",,,,"KINNEY.JEFF;Author",,,,,217,,"BULSAR BOOK STORE",,,,"FICTION",
"DIARY OF A WIMPY KID: THE UGLY TRUTH",,"978-0-141-34082-1","PENGUIN",2012,,,,,"823/KIN",,,,"KINNEY.JEFF;Author",,,,,217,,"BULSAR BOOK STORE",,,,"FICTION",
"DIARY OF A WIMPY KID: DOG DAYS",,"978-0-141-33197-3","PENGUIN",2011,,,,,"823/KIN",,,,"KINNEY.JEFF;Author",,,,,217,,"BULSAR BOOK STORE",,,,"FICTION",
"DIARY OF A WIMPY KID: THE LAST STRAW",,"978-0-141-32492-0","PENGUIN",2010,,,,,"823/KIN",,,,"KINNEY.JEFF;Author",,,,,217,,"BULSAR BOOK STORE",,,,"FICTION",
"DIARY OF A WIMPY KID: RODRICK RULES",,"978-0-141-32491-3","PENGUIN",2010,,,,,"823/KIN",,,,"KINNEY.JEFF;Author",,,,,217,,"BULSAR BOOK STORE",,,,"FICTION",
"DIARY OF A WIMPY KID",,"978-0-141-32490-6","PENGUIN",2010,,,,,"823/KIN",,,,"KINNEY.JEFF;Author",,,,,217,,"BULSAR BOOK STORE",,,,"FICTION",
"DIARY OF A WIMPY KID: CABIN FEVER",,"978-0-141-34208-5","PENGUIN",2012,,,,,"823/KIN",,,,"KINNEY.JEFF;Author",,,,,217,,"BULSAR BOOK STORE",,,,"FICTION",
"DIARY OF A WIMPY KID: THE UGLY TRUTH",,"978-0-141-34082-1","PENGUIN",2012,,,,,"823/KIN",,,,"KINNEY.JEFF;Author",,,,,217,,"BULSAR BOOK STORE",,,,"FICTION",
"DIARY OF A WIMPY KID: DOG DAYS",,"978-0-141-33197-3","PENGUIN",2011,,,,,"823/KIN",,,,"KINNEY.JEFF;Author",,,,,217,,"BULSAR BOOK STORE",,,,"FICTION",
"DIARY OF A WIMPY KID: THE LAST STRAW",,"978-0-141-32492-0","PENGUIN",2010,,,,,"823/KIN",,,,"KINNEY.JEFF;Author",,,,,217,,"BULSAR BOOK STORE",,,,"FICTION",
"DIARY OF A WIMPY KID: RODRICK RULES",,"978-0-141-32491-3","PENGUIN",2010,,,,,"823/KIN",,,,"KINNEY.JEFF;Author",,,,,217,,"BULSAR BOOK STORE",,,,"FICTION",
"DIARY OF A WIMPY KID",,"978-0-141-32490-6","PENGUIN",2010,,,,,"823/KIN",,,,"KINNEY.JEFF;Author",,,,,217,,"BULSAR BOOK STORE",,,,"FICTION",
"DIARY OF A WIMPY KID: THE THIRD WHEEL",,"978-0-141-34498-0","PENGUIN",2012,,,,,"823/KIN",,,,"KINNEY.JEFF;Author",,,,,325,,"BULSAR BOOK STORE",,,,"FICTION",
"DIARY OF A WIMPY KID: THE THIRD WHEEL",,"978-0-141-34498-0","PENGUIN",2012,,,,,"823/KIN",,,,"KINNEY.JEFF;Author",,,,,325,,"BULSAR BOOK STORE",,,,"FICTION",
"DIARY OF A WIMPY KID: THE THIRD WHEEL",,"978-0-141-34498-0","PENGUIN",2012,,,,,"823/KIN",,,,"KINNEY.JEFF;Author",,,,,325,,"BULSAR BOOK STORE",,,,"FICTION",
"IDNITED MINDS: UNLEASING THE POWER WITHIN INDIA",,"978-0-143-41807-8","PENGUIN",2003,,,,,"823/ABD",,,,"ABDUL KALAM.A.P.J.;Author",,,,,150,,"BULSAR BOOK STORE",,,,"FICTION",
"THE GOD OF SMALL THINGS",,"978-0-143-41788-0","PENGUIN",2012,,,,,"823/ROY",,,,"ROY.ARUNDHATI;Author",,,,,250,,"BULSAR BOOK STORE",,,,"FICTION",
"THE GUIDE",,"978-0-143-41795-8","PENGUIN",2012,,,,,"823/NAR",,,,"NARAYAN.R.K;Author",,,,,250,,"BULSAR BOOK STORE",,,,"FICTION",
"MY EXPERIEIMENTS WITH TRUTH",,"978-0-143-41801-6","PENGUIN",2012,,,,,"923/GAN",,,,"GANDHI.M.K.;Author",,,,,250,,"BULSAR BOOK STORE",,,,"AUTOBIOGRAPHY",
"THE PATH TO TRANQUILLITY",,"978-0-143-41802-3","PENGUIN",2012,,,,,"823/LAM",,,,"LAMA.DALAI;Author",,,,,250,,"BULSAR BOOK STORE",,,,"FICTION",
"THE IDEA OF INDIA",,"978-0-143-41800-9","PENGUIN",2012,,,,,"823/KHI",,,,"KHILNANI.SUNIL;Author",,,,,250,,"BULSAR BOOK STORE",,,,"FICTION",
"DIARY OF A CRICKET GOD",,"978-0-143-33203-9","PENGUIN",2011,,,,,"823/FLI",,,,"FLINT.SHAMINI ;Author",,,,,99,,"BULSAR BOOK STORE",,,,"FICTION",
"HOW LANGUAGE WORKS",,"978-0-14-103736-3","PENGUIN",2008,,,,,"823/DAV",,,,"CRYSTAL.DAVID ;Author",,,,,199,,"BULSAR BOOK STORE",,,,"FICTION",
"EMPIRE: HOW BRITAIN MADE THE MODERN WORLD",,"978-0-14-103731-8","PENGUIN",2008,,,,,"823/FER",,,,"FERGUSON.NIALL ;Author",,,,,250,,"BULSAR BOOK STORE",,,,"FICTION",
"KEY WORDS WITH PETER AND JANE: PLAY WITH US (1a)",,"978-1-40930-111-0","PENGUIN",,,,,,"823/MUR",,,,"MURRAY.W.;Author",,,,,99,,"BULSAR BOOK STORE",,,,"FICTION",
"KEY WORDS WITH PETER AND JANE: LOOK AT THIS (1b)",,"978-1-40930-143-1","PENGUIN",,,,,,"823/MUR",,,,"MURRAY.W.;Author",,,,,99,,"BULSAR BOOK STORE",,,,"FICTION",
"KEY WORDS WITH PETER AND JANE: READ AND WRITE (1c)",,"978-1-40930-144-8","PENGUIN",,,,,,"823/MUR",,,,"MURRAY.W.;Author",,,,,99,,"BULSAR BOOK STORE",,,,"FICTION",
"KEY WORDS WITH PETER AND JANE: WE HAVE FUN (2a)",,"978-1-40930-112-7","PENGUIN",,,,,,"823/MUR",,,,"MURRAY.W.;Author",,,,,99,,"BULSAR BOOK STORE",,,,"FICTION",
"KEY WORDS WITH PETER AND JANE: HAVE A GO (2b)",,"978-1-40930-149-3","PENGUIN",,,,,,"823/MUR",,,,"MURRAY.W.;Author",,,,,99,,"BULSAR BOOK STORE",,,,"FICTION",
"KEY WORDS WITH PETER AND JANE: I LIKE TO WRITE(2c)",,"978-1-40930-117-2","PENGUIN",,,,,,"823/MUR",,,,"MURRAY.W.;Author",,,,,99,,"BULSAR BOOK STORE",,,,"FICTION",
"KEY WORDS WITH PETER AND JANE: THINGS WE LIKE (3a)",,"978-1-40930-113-4","PENGUIN",,,,,,"823/MUR",,,,"MURRAY.W.;Author",,,,,99,,"BULSAR BOOK STORE",,,,"FICTION",
"KEY WORDS WITH PETER AND JANE: BOYS AND GIRLS (3b)",,"978-1-40930-118-9","PENGUIN",,,,,,"823/MUR",,,,"MURRAY.W.;Author",,,,,99,,"BULSAR BOOK STORE",,,,"FICTION",
"KEY WORDS WITH PETER AND JANE: LET ME WRITE (3c)",,"978-1-40930-119-6","PENGUIN",,,,,,"823/MUR",,,,"MURRAY.W.;Author",,,,,99,,"BULSAR BOOK STORE",,,,"FICTION",
"KEY WORDS WITH PETER AND JANE: THINGS WE DO (4a)",,"978-1-40930-116-5","PENGUIN",,,,,,"823/MUR",,,,"MURRAY.W.;Author",,,,,99,,"BULSAR BOOK STORE",,,,"FICTION",
"KEY WORDS WITH PETER AND JANE: FUN AT THE FARM (4b)",,"978-1-40930-120-2","PENGUIN",,,,,,"823/MUR",,,,"MURRAY.W.;Author",,,,,99,,"BULSAR BOOK STORE",,,,"FICTION",
"KEY WORDS WITH PETER AND JANE: WHERE WE GO (5a)",,"978-1-40930-114-1","PENGUIN",,,,,,"823/MUR",,,,"MURRAY.W.;Author",,,,,99,,"BULSAR BOOK STORE",,,,"FICTION",
"KEY WORDS WITH PETER AND JANE: OUT IN THE SUN (5b)",,"978-1-40930-122-6","PENGUIN",,,,,,"823/MUR",,,,"MURRAY.W.;Author",,,,,99,,"BULSAR BOOK STORE",,,,"FICTION",
"KEY WORDS WITH PETER AND JANE: MORE SOUNDS TO SAY (5C)",,"978-1-40930-123-3","PENGUIN",,,,,,"823/MUR",,,,"MURRAY.W.;Author",,,,,99,,"BULSAR BOOK STORE",,,,"FICTION",
"KEY WORDS WITH PETER AND JANE: OUR FRIENDS (6a)",,"978-1-40930-115-8","PENGUIN",,,,,,"823/MUR",,,,"MURRAY.W.;Author",,,,,99,,"BULSAR BOOK STORE",,,,"FICTION",
"KEY WORDS WITH PETER AND JANE: WE LIKE TO HELP ( 6b)",,"978-1-40930-124-0","PENGUIN",,,,,,"823/MUR",,,,"MURRAY.W.;Author",,,,,99,,"BULSAR BOOK STORE",,,,"FICTION",
"KEY WORDS WITH PETER AND JANE: READING WITH SOUNDS (6C)",,"978-1-40930-125-7","PENGUIN",,,,,,"823/MUR",,,,"MURRAY.W.;Author",,,,,99,,"BULSAR BOOK STORE",,,,"FICTION",
"KEY WORDS WITH PETER AND JANE: HAPPY HOLIDAY (7a)",,"978-1-40930-126-4","PENGUIN",,,,,,"823/MUR",,,,"MURRAY.W.;Author",,,,,99,,"BULSAR BOOK STORE",,,,"FICTION",
"KEY WORDS WITH PETER AND JANE: FUN AND GAMES (7b)",,"978-1-40930-127-1","PENGUIN",,,,,,"823/MUR",,,,"MURRAY.W.;Author",,,,,99,,"BULSAR BOOK STORE",,,,"FICTION",
"KEY WORDS WITH PETER AND JANE: EASY TO SOUND (7c)",,"978-1-40930-128-8","PENGUIN",,,,,,"823/MUR",,,,"MURRAY.W.;Author",,,,,99,,"BULSAR BOOK STORE",,,,"FICTION",
"KEY WORDS WITH PETER AND JANE: SUNNY DAYS (8a)",,"978-1-40930-129-5","PENGUIN",,,,,,"823/MUR",,,,"MURRAY.W.;Author",,,,,99,,"BULSAR BOOK STORE",,,,"FICTION",
"KEY WORDS WITH PETER AND JANE: THE BIG HOUSE (8b)",,"978-1-40930-130-1","PENGUIN",,,,,,"823/MUR",,,,"MURRAY.W.;Author",,,,,99,,"BULSAR BOOK STORE",,,,"FICTION",
"KEY WORDS WITH PETER AND JANE: FUN WITH SOUNDS (8C)",,"978-1-40930-131-8","PENGUIN",,,,,,"823/MUR",,,,"MURRAY.W.;Author",,,,,99,,"BULSAR BOOK STORE",,,,"FICTION",
"KEY WORDS WITH PETER AND JANE: GAMES WE LIKE (9a)",,"978-1-40930-148-6","PENGUIN",,,,,,"823/MUR",,,,"MURRAY.W.;Author",,,,,99,,"BULSAR BOOK STORE",,,,"FICTION",
"KEY WORDS WITH PETER AND JANE: JUMP FROM THE SKY (9b)",,"978-1-40930-145-5","PENGUIN",,,,,,"823/MUR",,,,"MURRAY.W.;Author",,,,,99,,"BULSAR BOOK STORE",,,,"FICTION",
"KEY WORDS WITH PETER AND JANE: ENJOYING READING (9c)",,"978-1-40930-146-2","PENGUIN",,,,,,"823/MUR",,,,"MURRAY.W.;Author",,,,,99,,"BULSAR BOOK STORE",,,,"FICTION",
"KEY WORDS WITH PETER AND JANE: ADVENTURE ON THE ISLAND (10a)",,"978-1-40930-135-6","PENGUIN",,,,,,"823/MUR",,,,"MURRAY.W.;Author",,,,,99,,"BULSAR BOOK STORE",,,,"FICTION",
"KEY WORDS WITH PETER AND JANE: LEARNING IS FUN(10c)",,"978-1-40930-136-3","PENGUIN",,,,,,"823/MUR",,,,"MURRAY.W.;Author",,,,,99,,"BULSAR BOOK STORE",,,,"FICTION",
"KEY WORDS WITH PETER AND JANE: MYSTERY ON THE ISLAND(11a)",,"978-1-40930-137-0","PENGUIN",,,,,,"823/MUR",,,,"MURRAY.W.;Author",,,,,99,,"BULSAR BOOK STORE",,,,"FICTION",
"KEY WORDS WITH PETER AND JANE: THE CARNIVAL(11b)",,"978-1-40930-138-7","PENGUIN",,,,,,"823/MUR",,,,"MURRAY.W.;Author",,,,,99,,"BULSAR BOOK STORE",,,,"FICTION",
"KEY WORDS WITH PETER AND JANE: BOOKS ARE EXCITING(11C)",,"978-1-40930-139-4","PENGUIN",,,,,,"823/MUR",,,,"MURRAY.W.;Author",,,,,99,,"BULSAR BOOK STORE",,,,"FICTION",
"KEY WORDS WITH PETER AND JANE: THE HOLIDAY CAMP MYSTERY(12a)",,"978-1-40930-140-0","PENGUIN",,,,,,"823/MUR",,,,"MURRAY.W.;Author",,,,,99,,"BULSAR BOOK STORE",,,,"FICTION",
"KEY WORDS WITH PETER AND JANE: MOUNTAIN ADVENTURE(12b)",,"978-1-40930-141-7","PENGUIN",,,,,,"823/MUR",,,,"MURRAY.W.;Author",,,,,99,,"BULSAR BOOK STORE",,,,"FICTION",
"KEY WORDS WITH PETER AND JANE: THE OPEN DOOR TO READING(12C)",,"978-1-40930-142-4","PENGUIN",,,,,,"823/MUR",,,,"MURRAY.W.;Author",,,,,99,,"BULSAR BOOK STORE",,,,"FICTION",
"READ IT YOURSELF: GOLDILOCKS AND THE THREE BEARS :LEVEL 1",,"978-1-84646-071-5","LADYBIRD",,,,,,"823/GOL",,,,,,,,,117,,"BULSAR BOOK STORE",,,,"STORY",
"READ IT YOURSELF:THE UGLY DUCKING: LEVEL 1",,"978-1-84646-070-8","LADYBIRD",,,,,,"823/UGL",,,,,,,,,117,,"BULSAR BOOK STORE",,,,"STORY",
"READ IT YOURSELF: THE ENORMOUS TURNIP:LEVEL 1",,"978-1-84646-067-8","LADYBIRD",,,,,,"823/ENO",,,,,,,,,117,,"BULSAR BOOK STORE",,,,"STORY",
"READ IT YOURSELF: THE MAGIC PORRIDGE POT:LEVEL 1",,"978-1-84646-072-2","LADYBIRD",,,,,,"823/MAG",,,,,,,,,117,,"BULSAR BOOK STORE",,,,"STORY",
"READ IT YOURSELF: THE THREE BILLY GOATS GRUFF:LEVEL 1",,"978-1-84646-069-2","LADYBIRD",,,,,,"823/THR",,,,,,,,,117,,"BULSAR BOOK STORE",,,,"STORY",
"READ IT YOURSELF: LITTLE RED HEN:LEVEL 1",,"978-1-84646-068-5","LADYBIRD",,,,,,"823/LIT",,,,,,,,,117,,"BULSAR BOOK STORE",,,,"STORY",
"READ IT YOURSELF: GOLDILOCKS AND THE THREE BEARS :LEVEL 1",,"978-1-84646-071-5","LADYBIRD",,,,,,"823/GOL",,,,,,,,,117,,"BULSAR BOOK STORE",,,,"STORY",
"READ IT YOURSELF:THE UGLY DUCKING: LEVEL 1",,"978-1-84646-070-8","LADYBIRD",,,,,,"823/UGL",,,,,,,,,117,,"BULSAR BOOK STORE",,,,"STORY",
"READ IT YOURSELF: THE ENORMOUS TURNIP:LEVEL 1",,"978-1-84646-067-8","LADYBIRD",,,,,,"823/ENO",,,,,,,,,117,,"BULSAR BOOK STORE",,,,"STORY",
"READ IT YOURSELF: THE MAGIC PORRIDGE POT:LEVEL 1",,"978-1-84646-072-2","LADYBIRD",,,,,,"823/MAG",,,,,,,,,117,,"BULSAR BOOK STORE",,,,"STORY",
"READ IT YOURSELF: THE THREE BILLY GOATS GRUFF:LEVEL 1",,"978-1-84646-069-2","LADYBIRD",,,,,,"823/THR",,,,,,,,,117,,"BULSAR BOOK STORE",,,,"STORY",
"READ IT YOURSELF: LITTLE RED HEN:LEVEL 1",,"978-1-84646-068-5","LADYBIRD",,,,,,"823/LIT",,,,,,,,,117,,"BULSAR BOOK STORE",,,,"STORY",
"READ IT YOURSELF: LITTLE RED RIDING HOOD:LEVEL 2",,"978-1-84646-077-7","LADYBIRD",,,,,,"823/LIT",,,,,,,,,117,,"BULSAR BOOK STORE",,,,"STORY",
"READ IT YOURSELF: THE THREE LITTLE PIGS:LEVEL 2",,"978-1-84646-074-6","LADYBIRD",,,,,,"823/THR",,,,,,,,,117,,"BULSAR BOOK STORE",,,,"STORY",
"READ IT YOURSELF: SLY FOX AND RED HEN:LEVEL 2",,"978-1-84646-075-3","LADYBIRD",,,,,,"823/SLY",,,,,,,,,117,,"BULSAR BOOK STORE",,,,"STORY",
"READ IT YOURSELF: THE GINGERBREAD MAN:LEVEL 2",,"978-1-84646-073-9","LADYBIRD",,,,,,"823/GIN",,,,,,,,,117,,"BULSAR BOOK STORE",,,,"STORY",
"READ IT YOURSELF: TOWN MOUSE AND COUNTRY MOUSE:LEVEL 2",,"978-1-84646-084-5","LADYBIRD",,,,,,"823/TOW",,,,,,,,,117,,"BULSAR BOOK STORE",,,,"STORY",
"READ IT YOURSELF: CHICKEN LICKEN LEVEL 2",,"978-1-84646-076-0","LADYBIRD",,,,,,"823/CHI",,,,,,,,,117,,"BULSAR BOOK STORE",,,,"STORY",
"READ IT YOURSELF: LITTLE RED RIDING HOOD:LEVEL 2",,"978-1-84646-077-7","LADYBIRD",,,,,,"823/LIT",,,,,,,,,117,,"BULSAR BOOK STORE",,,,"STORY",
"READ IT YOURSELF: THE THREE LITTLE PIGS:LEVEL 2",,"978-1-84646-074-6","LADYBIRD",,,,,,"823/THR",,,,,,,,,117,,"BULSAR BOOK STORE",,,,"STORY",
"READ IT YOURSELF: SLY FOX AND RED HEN:LEVEL 2",,"978-1-84646-075-3","LADYBIRD",,,,,,"823/SLY",,,,,,,,,117,,"BULSAR BOOK STORE",,,,"STORY",
"READ IT YOURSELF: THE GINGERBREAD MAN:LEVEL 2",,"978-1-84646-073-9","LADYBIRD",,,,,,"823/GIN",,,,,,,,,117,,"BULSAR BOOK STORE",,,,"STORY",
"READ IT YOURSELF: TOWN MOUSE AND COUNTRY MOUSE:LEVEL 2",,"978-1-84646-084-5","LADYBIRD",,,,,,"823/TOW",,,,,,,,,117,,"BULSAR BOOK STORE",,,,"STORY",
"READ IT YOURSELF: CHICKEN LICKEN LEVEL 2",,"978-1-84646-076-0","LADYBIRD",,,,,,"823/CHI",,,,,,,,,117,,"BULSAR BOOK STORE",,,,"STORY",
"READ IT YOURSELF: HANSAL AND GRETEL :LEVEL 3",,"978-1-84422-932-1","LADYBIRD",,,,,,"823/HAN",,,,,,,,,117,,"BULSAR BOOK STORE",,,,"STORY",
"READ IT YOURSELF: THE ELVES AND THE SHOEMAKER:LEVEL 3",,"978-1-84646-085-2","LADYBIRD",,,,,,"823/ELV",,,,,,,,,117,,"BULSAR BOOK STORE",,,,"STORY",
"READ IT YOURSELF: THE ELVES AND THE SHOEMAKER:LEVEL 3",,"978-1-84646-085-2","LADYBIRD",,,,,,"823/ELV",,,,,,,,,117,,"BULSAR BOOK STORE",,,,"STORY",
"READ IT YOURSELF: PUSS IN BOOTS: LEVEL 3",,"978-1-84646-087-6","LADYBIRD",,,,,,"823/PUS",,,,,,,,,117,,"BULSAR BOOK STORE",,,,"STORY",
"READ IT YOURSELF: THUMBELINA:LEVEL 3",,"978-1-84422-931-4","LADYBIRD",,,,,,"823/THU",,,,,,,,,117,,"BULSAR BOOK STORE",,,,"STORY",
"READ IT YOURSELF: JACK AND THE BEANSTALK:LEVEL 3",,"978-1-84422-930-7","LADYBIRD",,,,,,"823/JAC",,,,,,,,,117,,"BULSAR BOOK STORE",,,,"STORY",
"READ IT YOURSELF: HANSAL AND GRETEL :LEVEL 3",,"978-1-84422-932-1","LADYBIRD",,,,,,"823/HAN",,,,,,,,,117,,"BULSAR BOOK STORE",,,,"STORY",
"READ IT YOURSELF: THE ELVES AND THE SHOEMAKER:LEVEL 3",,"978-1-84646-085-2","LADYBIRD",,,,,,"823/ELV",,,,,,,,,117,,"BULSAR BOOK STORE",,,,"STORY",
"READ IT YOURSELF: RAPUNZEL:LEVEL 3",,"978-1-84646-086-9","LADYBIRD",,,,,,"823/RAP",,,,,,,,,117,,"BULSAR BOOK STORE",,,,"STORY",
"READ IT YOURSELF: PUSS IN BOOTS: LEVEL 3",,"978-1-84646-087-6","LADYBIRD",,,,,,"823/PUS",,,,,,,,,117,,"BULSAR BOOK STORE",,,,"STORY",
"READ IT YOURSELF: THUMBELINA:LEVEL 3",,"978-1-84422-931-4","LADYBIRD",,,,,,"823/THU",,,,,,,,,117,,"BULSAR BOOK STORE",,,,"STORY",
"READ IT YOURSELF: JACK AND THE BEANSTALK:LEVEL 3",,"978-1-84422-930-7","LADYBIRD",,,,,,"823/JAC",,,,,,,,,117,,"BULSAR BOOK STORE",,,,"STORY",
"READ IT YOURSELF: DICK WHITTINGTON:LEVEL 4",,"978-1-84422-945-1","LADYBIRD",,,,,,"823/DIC",,,,,,,,,117,,"BULSAR BOOK STORE",,,,"STORY",
"READ IT YOURSELF: SNOW WHITE AND SEVEN DWARFS:LEVEL 4",,"978-1-84422-935-2","LADYBIRD",,,,,,"823/SNO",,,,,,,,,117,,"BULSAR BOOK STORE",,,,"STORY",
"READ IT YOURSELF: THE WIZARD OF Oz:LEVEL 4",,"978-1-84422-934-5","LADYBIRD",,,,,,"823/WIZ",,,,,,,,,117,,"BULSAR BOOK STORE",,,,"STORY",
"READ IT YOURSELF: HEIDI:LEVEL 4",,"978-1-84422-937-6","LADYBIRD",,,,,,"823/HEI",,,,,,,,,117,,"BULSAR BOOK STORE",,,,"STORY",
"READ IT YOURSELF: PETER SND THE WOLF:LEVEL 4",,"978-1-84422-936-9","LADYBIRD",,,,,,"823/PET",,,,,,,,,117,,"BULSAR BOOK STORE",,,,"STORY",
"READ IT YOURSELF: THE PIED PIPER OF HAMELIN:LEVEL 4",,"978-1-84422-933-8","LADYBIRD",,,,,,"823/PIE",,,,,,,,,117,,"BULSAR BOOK STORE",,,,"STORY",
"READ IT YOURSELF: DICK WHITTINGTON:LEVEL 4",,"978-1-84422-945-1","LADYBIRD",,,,,,"823/DIC",,,,,,,,,117,,"BULSAR BOOK STORE",,,,"STORY",
"READ IT YOURSELF: SNOW WHITE AND SEVEN DWARFS:LEVEL 4",,"978-1-84422-935-2","LADYBIRD",,,,,,"823/SNO",,,,,,,,,117,,"BULSAR BOOK STORE",,,,"STORY",
"READ IT YOURSELF: THE WIZARD OF Oz:LEVEL 4",,"978-1-84422-934-5","LADYBIRD",,,,,,"823/WIZ",,,,,,,,,117,,"BULSAR BOOK STORE",,,,"STORY",
"READ IT YOURSELF: HEIDI:LEVEL 4",,"978-1-84422-937-6","LADYBIRD",,,,,,"823/HEI",,,,,,,,,117,,"BULSAR BOOK STORE",,,,"STORY",
"READ IT YOURSELF: PETER SND THE WOLF:LEVEL 4",,"978-1-84422-936-9","LADYBIRD",,,,,,"823/PET",,,,,,,,,117,,"BULSAR BOOK STORE",,,,"STORY",
"READ IT YOURSELF: THE PIED PIPER OF HAMELIN:LEVEL 4",,"978-1-84422-933-8","LADYBIRD",,,,,,"823/PIE",,,,,,,,,117,,"BULSAR BOOK STORE",,,,"STORY",
"THE ADVENTURES OF THE FLYING MAGIC JHAROKHA: PARADISE",,"978-0-143-33181-0","PENGUIN",2011,,,,,"823/PAD",,,,"PADAMSEE.SHAMIM;Author",,,,,125,,"BULSAR BOOK STORE",,,,"STORY",
"TRADITIONAL TALES FOR GIRLS",,"978-0-71819-911-1","LADYBIRD",,,,,,"823/TRA",,,,,,,,,550,,"BULSAR BOOK STORE",,,,"STORY",
"POCKET EYEWITNESS ANIMALS: FACTS AT YOUR FINGERTIPS",,"978-1-4093-8660-5","DK",2012,,,,,"500/ANI",,,,,"ANIMALS",,,,299,,"BULSAR BOOK STORE",,,,"SCIENCE",
"POCKET EYEWITNESS SHARKS: FACTS AT YOUR FINGERTIPS",,"978-1-4093-8657-5","DK",2012,,,,,"500/SHA",,,,,"SHARKS",,,,299,,"BULSAR BOOK STORE",,,,"SCIENCE",
"POCKET EYEWITNESS DINOSAURS: FACTS AT YOUR FINGERTIPS",,"978-1-4093-8658-2","DK",2012,,,,,"500/DIN",,,,,"DINOSAURS",,,,299,,"BULSAR BOOK STORE",,,,"SCIENCE",
"POCKET EYEWITNESS ROCKS AND MINERALS : FACTS AT YOUR FINGERTIPS",,"978-1-4093-8659-9","DK",2012,,,,,"500/ROC",,,,,"ROCKS AND MINERALS",,,,299,,"BULSAR BOOK STORE",,,,"SCIENCE",
"BUSY AIRPORT : A LADYBIRD LIFT-THE -FLIP BOOK",,"978-1-40931-130-0","LADYBIRD",,,,,,"823/BUS",,,,,,,,,299,,"BULSAR BOOK STORE",,,,"STORY",
"BUSY ZOO : A LADYBIRD LIFT-THE -FLIP BOOK",,"978-1-40930-855-3","LADYBIRD",,,,,,"823/BUS",,,,,,,,,299,,"BULSAR BOOK STORE",,,,"STORY",
"BUSY POLICE STATION : A LADYBIRD LIFT-THE -FLIP BOOK",,"978-1-40931-129-4","LADYBIRD",,,,,,"823/BUS",,,,,,,,,299,,"BULSAR BOOK STORE",,,,"STORY",
"BUSY TOWN : A LADYBIRD LIFT-THE -FLIP BOOK",,"978-1-40930-854-6","LADYBIRD",,,,,,"823/BUS",,,,,,,,,299,,"BULSAR BOOK STORE",,,,"STORY",
"V IS FOR VULNERABLE: LIFE OUTSIDE THE COMFORT ZONE",,"978-1-59184-610-9","PENGUIN",2012,,,,,"823/GOD",,,,"GODIN.SETH;Author",,,,,399,,"BULSAR BOOK STORE",,,,"STORY",
"MY FIRST LADYBIRD THESAURUS",,"978-1-40930-874-4","PENGUIN",,,,,,"403/VIC",,,,"VICKERS.CLARE;Author SUMMERS.DELLA;Author",,,,,299,,"BULSAR BOOK STORE",,,,"THESAURUS",
"MY FIRST LADYBIRD DICTIONARY",,"978-1-40930-875-1","LADYBIRD(PENGUIN)",,,,,,"403/DIC",,,,,,,,,299,,"BULSAR BOOK STORE",,,,"DICTONARY",
"SPACE ENCYCLOPEDIA",,"978-1-40534-691-7","DK(PENGUIN)",2010,,,,,"503/BIN",,,,"BINGHAM.CAROLINE;Author","SCIENCE ENCYLOPEDIA",,,,250,,"BULSAR BOOK STORE",,,,"ENCYCLOPEDIA",
"HUMAN BODY ENCYCLOPEDIA",,"978-1-4053-5805-7","PENGUIN",2010,,,,,"503/HUM",,,,,"HUMAN BODY ENCYLOPEDIA",,,,225,,"BULSAR BOOK STORE",,,,"ENCYCLOPEDIA",
"GUIDE SAVAGE EARTH",,"978-1-4503-1402-2","DK(PENGUIN)",2006,,,,,"525/DAY",,,,"DAY.TREVOR;Author","EARTH",,,,350,,"BULSAR BOOK STORE",,,,"SCIENCE",
"THAT'S LIFE",,"978-1-4053-9150-4","DK(PENGUIN)",2012,,,,,"570/WIN",,,,"WINSTON.ROBERT ;Author","BIOLOGY",,,,450,,"BULSAR BOOK STORE",,,,"SCIENCE",
"MATHMAGICIANS: HOW MATHS APPLIES TO EVERYTHING",,"978-1-40533-727-4","DK(PENGUIN)",2009,,,,,"510/BAL",,,,"BALL.JOHNNY ;Author",,,,,450,,"BULSAR BOOK STORE",,,,"MATHEMATICS",
"THE MOST EXPLOSIVE SCIENCE BOOK IN THE UNIVERSE BY THE BRAINWAVES",,"978-1-4093-8392-5","DK(PENGUIN)",2012,,,,,"500/WAT",,,,"WATTS. CLAIRE;Author",,,,,450,,"BULSAR BOOK STORE",,,,"SCIENCE",
"LIVING DANGEROUSLY: EXTREME SPORTS AND SCARY JOBS",,"978-1-4053-6790-2","DK(PENGUIN)",2011,,,,,"796/SMI",,,,"SMITH.PENNY;Author","SPORTS",,,,450,,"BULSAR BOOK STORE",,,,"ART",
"WHO'S IN CHARGE?: HOW PEOPLE AND IDEAS MAKE THE WORLD GO ROUND",,"978-1-40535-069-3","DK(PENGUIN)",2010,,,,,"324/MAR",,,,"MARR.ANDREW;Author",,,,,450,,"BULSAR BOOK STORE",,,,"SOCIAL SCIENCE",
"SHOW ME THE MONEY: PUTTING THE FUN INTO FINANCE!",,"978-1-40532-189-1","DK(PENGUIN)",2008,,,,,"336/HAL",,,,"HALL.ALVIN;Author",,,,,450,,"BULSAR BOOK STORE",,,,"SOCIAL SCIENCE",
"SUCCESS NOW: PERPECTUAL FLIP CALENDAR",,"978-1-4019-2394-5","HAY HOUSE",,,,,,"808/HIL",,,,"HILDEN.ROBERT ;Author",,,,,799,,"BULSAR BOOK STORE",,,,"LITERATURE",
"TELL ME A STORY: CLASSICS",,"978-81-319-1038-2","B.JAIN",,,,,,"823/TEL",,,,,,,,,165,,"BULSAR BOOK STORE",,,,"STORY",
"TELL ME A STORY: AESOP'S FABLES",,"978-81-319-1036-8","B.JAIN",,,,,,"823/TEL",,,,,,,,,165,,"BULSAR BOOK STORE",,,,"STORY",
"TELL ME A STORY:FAIRY TALES",,"978-81-319-1039-9","B.JAIN",,,,,,"823/TEL",,,,,,,,,165,,"BULSAR BOOK STORE",,,,"STORY",
"TELL ME A STORY: BEDTIME STORIES",,"978-81-319-1037-5","B.JAIN",,,,,,"823/TEL",,,,,,,,,165,,"BULSAR BOOK STORE",,,,"STORY",
"THE MAGIC WORLD OF BENNY AND BUZO: THE MAGIC OF BRUSHING",,"978-81-319-1981-1","B.JAIN",,,,,,"823/NAR",,,,"NARANG.MANMEET;Author",,,,,99,,"BULSAR BOOK STORE",,,,"STORY",
"THE MAGIC WORLD OF BENNY AND BUZO: THE MAGIC OF HEALTHY FOOD",,"978-81-319-1983-5","B.JAIN",,,,,,"823/NAR",,,,"NARANG.MANMEET;Author",,,,,99,,"BULSAR BOOK STORE",,,,"STORY",
"THE MAGIC WORLD OF BENNY AND BUZO: THE MAGIC OF SHARING",,"978-81-319-1982-8","B.JAIN",,,,,,"823/NAR",,,,"NARANG.MANMEET;Author",,,,,99,,"BULSAR BOOK STORE",,,,"STORY",
"THE MAGIC WORLD OF BENNY AND BUZO: THE MAGIC OF HONESTY",,"978-81-319-1984-2","B.JAIN",,,,,,"823/NAR",,,,"NARANG.MANMEET;Author",,,,,99,,"BULSAR BOOK STORE",,,,"STORY",
"SEE AND READ: THE ELVES AND THE SHOEMAKER",,"978-81-319-1872-2","B.JAIN",,,,,,"823/SEE",,,,,,,,,40,,"BULSAR BOOK STORE",,,,"STORY",
"SEE AND READ: THE TOWN MOUSE AND THE COUNTRY MOUSE",,"978-81-319-1875-3","B.JAIN",,,,,,"823/SEE",,,,,,,,,40,,"BULSAR BOOK STORE",,,,"STORY",
"SEE AND READ:THE ADVENTURES OF PINOCCHIO",,"978-81-319-1873-9","B.JAIN",,,,,,"823/SEE",,,,,,,,,40,,"BULSAR BOOK STORE",,,,"STORY",
"SEE AND READ: SNOW WHITE AND THE SEVEN DWARFS",,"978-81-319-1874-6","B.JAIN",,,,,,"823/SEE",,,,,,,,,40,,"BULSAR BOOK STORE",,,,"STORY",
"POP- UP BOOKS:ALADDIN & HIS ADVENTURES: ALADDIN & THE MUMMY SCARE",,"978-81-319-1917-0","B.JAIN",,,,,,"823/POP",,,,,,,,,99,,"BULSAR BOOK STORE",,,,"STORY",
"POP- UP BOOKS:ALADDIN & HIS ADVENTURES: ALADDIN & THE WICKED SQUID",,"978-81-319-1918-7","B.JAIN",,,,,,"823/POP",,,,,,,,,99,,"BULSAR BOOK STORE",,,,"STORY",
"POP- UP BOOKS:ALADDIN & HIS ADVENTURES: ALADDIN'S ADVENTURES IN CHINA",,"978-81-319-1919-4","B.JAIN",,,,,,"823/POP",,,,,,,,,99,,"BULSAR BOOK STORE",,,,"STORY",
"POP- UP BOOKS:ALADDIN & HIS ADVENTURES: ALADDIN & THE CUNNING MAGICIAN",,"978-81-319-1920-0","B.JAIN",,,,,,"823/POP",,,,,,,,,99,,"BULSAR BOOK STORE",,,,"STORY",
"PEGASUS ILLUSTRATED SHAKESPEARE STORIES: THE MERCHANT OF VENICE",,"978-81-319-1953-8","B.JAIN",,,,,,"823/SHA",,,,"SHAKESPEARE;Author",,,,,75,,"BULSAR BOOK STORE",,,,"STORY",
"PEGASUS ILLUSTRATED SHAKESPEARE STORIES: THE COMEDY OF ERRORS",,"978-81-319-1949-1","B.JAIN",,,,,,"823/SHA",,,,"SHAKESPEARE;Author",,,,,75,,"BULSAR BOOK STORE",,,,"STORY",
"PEGASUS ILLUSTRATED SHAKESPEARE STORIES: THE TRAGEDY OF HAMLET",,"978-81-319-1951-4","B.JAIN",,,,,,"823/SHA",,,,"SHAKESPEARE;Author",,,,,75,,"BULSAR BOOK STORE",,,,"STORY",
"PEGASUS ILLUSTRATED SHAKESPEARE STORIES: THE TEMPEST",,"978-81-319-1954-5","B.JAIN",,,,,,"823/SHA",,,,"SHAKESPEARE;Author",,,,,75,,"BULSAR BOOK STORE",,,,"STORY",
"PEGASUS ILLUSTRATED SHAKESPEARE STORIES: KING LEAR",,"978-81-319-1952-1","B.JAIN",,,,,,"823/SHA",,,,"SHAKESPEARE;Author",,,,,75,,"BULSAR BOOK STORE",,,,"STORY",
"PEGASUS ILLUSTRATED SHAKESPEARE STORIES: THE TRAGEDY OF MACBETH",,"978-81-319-1950-7","B.JAIN",,,,,,"823/SHA",,,,"SHAKESPEARE;Author",,,,,75,,"BULSAR BOOK STORE",,,,"STORY",
"PEGASUS ABRIDGED CLASSICS: AROUND THE WORLD IN 80 DAYS",,"978-81-319-1451-9","B.JAIN",,,,,,"823/VER",,,,"JULES VERNE;Author",,,,,75,,"BULSAR BOOK STORE",,,,"STORY",
"PEGASUS ABRIDGED CLASSICS: GULLIVER'S TRAVELS",,"978-81-319-1769-5","B.JAIN",,,,,,"823/SWI",,,,"SWIFT.JONATHAN;Author",,,,,75,,"BULSAR BOOK STORE",,,,"STORY",
"PEGASUS ABRIDGED CLASSICS: DR. JEKYLL AND MR HYDE",,"978-81-319-3028-1","B.JAIN",,,,,,"823/STE",,,,"STEVENSON.R.L.;Author",,,,,75,,"BULSAR BOOK STORE",,,,"STORY",
"PEGASUS ABRIDGED CLASSICS: THE THREE MUSKETEERS",,"978-81-319-1816-6","B.JAIN",,,,,,"823/DUM",,,,"DUMAS.ALEXANDRE;Author",,,,,75,,"BULSAR BOOK STORE",,,,"STORY",
"PEGASUS ABRIDGED CLASSICS: FRANKENSTEIN",,"978-81-319-1779-4","B.JAIN",,,,,,"823/SHE",,,,"SHELLEY.MARY;Author",,,,,75,,"BULSAR BOOK STORE",,,,"STORY",
"PEGASUS ABRIDGED CLASSICS: ROBIN HOOD",,"978-81-319-1771-8","B.JAIN",,,,,,"823/PEG",,,,,,,,,75,,"BULSAR BOOK STORE",,,,"STORY",
"PEGASUS ABRIDGED CLASSICS: PETER PAN",,"978-81-319-3024-3","B.JAIN",,,,,,"823/BAR",,,,"BARRIE.J.M;Author",,,,,75,,"BULSAR BOOK STORE",,,,"STORY",
"PEGASUS ABRIDGED CLASSICS: KING SOLOMAN'S MINES",,"978-81-319-1926-2","B.JAIN",,,,,,"823/HAG",,,,"HAGGARD.H.RIDER;Author",,,,,75,,"BULSAR BOOK STORE",,,,"STORY",
"PEGASUS ABRIDGED CLASSICS: ADVENTURES OF HUCKLEBERRY FINN",,"978-81-319-1455-7","B.JAIN",,,,,,"823/TWA",,,,"TWAIN.MARK;Author",,,,,75,,"BULSAR BOOK STORE",,,,"STORY",
"PEGASUS ABRIDGED CLASSICS: OLIVER TWIST",,"978-81-319-1770-1","B.JAIN",,,,,,"823/DIC",,,,"DICKENS.CHARLES;Author",,,,,75,,"BULSAR BOOK STORE",,,,"STORY",
"PEGASUS ABRIDGED CLASSICS: LITTLE WOMEN",,"978-81-319-1459-5","B.JAIN",,,,,,"823/ALC",,,,"ALCOTT.LOUISA MAY;Author",,,,,75,,"BULSAR BOOK STORE",,,,"STORY",
"PEGASUS ABRIDGED CLASSICS: THE TIME MACHINE",,"978-81-319-1458-8","B.JAIN",,,,,,"823/WEL",,,,"WELLS.H.G.;Author",,,,,75,,"BULSAR BOOK STORE",,,,"STORY",
"PEGASUS ABRIDGED CLASSICS: A JOURNEY TO THE CENTRE OF THE EARTH",,"978-81-319-1778-7","B.JAIN",,,,,,"823/VER",,,,"VERNE.JULES;Author",,,,,75,,"BULSAR BOOK STORE",,,,"STORY",
"PEGASUS ABRIDGED CLASSICS: TREASURE ISLAND",,"978-81-319-1456-4","B.JAIN",,,,,,"823/STE",,,,"STEVENSON.ROBERT LOUIS;Author",,,,,75,,"BULSAR BOOK STORE",,,,"STORY",
"PEGASUS ABRIDGED CLASSICS: SWISS FAMILY ROBINSON",,"978-81-319-1452-6","B.JAIN",,,,,,"823/WYS",,,,"WYSS.JOHANN;Author",,,,,75,,"BULSAR BOOK STORE",,,,"STORY",
"PEGASUS ABRIDGED CLASSICS: TOM BROWN'S SCHOOLDAYS",,"978-81-319-1454-0","B.JAIN",,,,,,"823/HUG",,,,"HUGHES.THOMAS;Author",,,,,75,,"BULSAR BOOK STORE",,,,"STORY",
"PEGASUS ABRIDGED CLASSICS: THE AVENTURES OF TOM SAWYER",,"978-81-319-1453-3","B.JAIN",,,,,,"823/TWA",,,,"TWAIN.MARK;Author",,,,,75,,"BULSAR BOOK STORE",,,,"STORY",
"PEGASUS ABRIDGED CLASSICS: DAVID COPPERFIELD",,"978-81-319-1457-1","B.JAIN",,,,,,"823/DIC",,,,"DICKENS.CHARLES;Author",,,,,75,,"BULSAR BOOK STORE",,,,"STORY",
"PEGASUS YOUNG READERS: TIMELESS TALES",,"978-81-319-1730-5","B.JAIN",,,,,,"823/PEG",,,,,,,,,99,,"BULSAR BOOK STORE",,,,"STORY",
"PEGASUS YOUNG READERS: PRINCESS STORIES",,"978-81-319-1731-2","B.JAIN",,,,,,"823/PEG",,,,,,,,,99,,"BULSAR BOOK STORE",,,,"STORY",
"PEGASUS YOUNG READERS: AESOP'S FABLES",,"978-81-319-1729-9","B.JAIN",,,,,,"823/PEG",,,,,,,,,99,,"BULSAR BOOK STORE",,,,"STORY",
"PEGASUS YOUNG READERS: TALES OF ADVENTURE",,"978-81-319-1728-2","B.JAIN",,,,,,"823/PEG",,,,,,,,,99,,"BULSAR BOOK STORE",,,,"STORY",
"PEGASUS YOUNG READERS: CLEVER STORIES",,"978-81-319-1735-0","B.JAIN",,,,,,"823/PEG",,,,,,,,,99,,"BULSAR BOOK STORE",,,,"STORY",
"PEGASUS YOUNG READERS: MAGICAL STORIES",,"978-81-319-1734-3","B.JAIN",,,,,,"823/PEG",,,,,,,,,99,,"BULSAR BOOK STORE",,,,"STORY",
"PEGASUS YOUNG READERS: TREASURED ANIMAL STORIES",,"978-81-319-1732-9","B.JAIN",,,,,,"823/PEG",,,,,,,,,99,,"BULSAR BOOK STORE",,,,"STORY",
"PEGASUS YOUNG READERS: FAIRY TALES",,"978-81-319-1733-6","B.JAIN",,,,,,"823/PEG",,,,,,,,,99,,"BULSAR BOOK STORE",,,,"STORY",
"PEGASUS YOUNG READERS: FAVOURITE STORIES",,"978-81-319-1739-8","B.JAIN",,,,,,"823/PEG",,,,,,,,,99,,"BULSAR BOOK STORE",,,,"STORY",
"PEGASUS YOUNG READERS: PRINCE AND PRINCESS STORIES",,"978-81-319-1736-7","B.JAIN",,,,,,"823/PEG",,,,,,,,,99,,"BULSAR BOOK STORE",,,,"STORY",
"PEGASUS YOUNG READERS: ARABIAN NIGHTS",,"978-81-319-1737-4","B.JAIN",,,,,,"823/PEG",,,,,,,,,99,,"BULSAR BOOK STORE",,,,"STORY",
"PEGASUS YOUNG READERS: CLEVER ANIMAL STORIES",,"978-81-319-1738-1","B.JAIN",,,,,,"823/PEG",,,,,,,,,99,,"BULSAR BOOK STORE",,,,"STORY",
"PEGASUS YOUNG READERS: CLASSICS TALES",,"978-81-319-1744-2","B.JAIN",,,,,,"823/PEG",,,,,,,,,99,,"BULSAR BOOK STORE",,,,"STORY",
"PEGASUS YOUNG READERS: ANIMAL STORIES",,"978-81-319-1746-6","B.JAIN",,,,,,"823/PEG",,,,,,,,,99,,"BULSAR BOOK STORE",,,,"STORY",
"PEGASUS YOUNG READERS: ADVENTURE TALES",,"978-81-319-1745-9","B.JAIN",,,,,,"823/PEG",,,,,,,,,99,,"BULSAR BOOK STORE",,,,"STORY",
"PEGASUS YOUNG READERS: AMAZING STORIES",,"978-81-319-1747-3","B.JAIN",,,,,,"823/PEG",,,,,,,,,99,,"BULSAR BOOK STORE",,,,"STORY",
"PHONICS FUN: ALPHABET BUDDIES(LEVEL 1a)",,"978-81-319-0683-5","B.JAIN",,,,,,"823/NAT",,,,"NATH.GITA;Author",,,,,50,,"BULSAR BOOK STORE",,,,"STORY",
"PHONICS FUN:PAT, JACK'S FAT CAT (LEVEL 1b)",,"978-81-319-0684-2","B.JAIN",,,,,,"823/NAT",,,,"NATH.GITA;Author",,,,,50,,"BULSAR BOOK STORE",,,,"STORY",
"PHONICS FUN: BILL AND THE FISH(LEVEL 2a)",,"978-81-319-0685-9","B.JAIN",,,,,,"823/NAT",,,,"NATH.GITA;Author",,,,,50,,"BULSAR BOOK STORE",,,,"STORY",
"PHONICS FUN:SPITE THE IMPOLITE (LEVEL 2b)",,"978-81-319-0686-6","B.JAIN",,,,,,"823/NAT",,,,"NATH.GITA;Author",,,,,50,,"BULSAR BOOK STORE",,,,"STORY",
"PHONICS FUN: BEAR CLARE'S PEAR (LEVEL 3a)",,"978-81-319-0687-3","B.JAIN",,,,,,"823/NAT",,,,"NATH.GITA;Author",,,,,50,,"BULSAR BOOK STORE",,,,"STORY",
"PHONICS FUN:FYODOR AND THE DINOSAUR(LEVEL 3b)",,"978-81-319-0688-0","B.JAIN",,,,,,"823/NAT",,,,"NATH.GITA;Author",,,,,50,,"BULSAR BOOK STORE",,,,"STORY",
"PHONICS FUN: FREDDIE(LEVEL 4a)",,"978-81-319-0689-7","B.JAIN",,,,,,"823/NAT",,,,"NATH.GITA;Author",,,,,50,,"BULSAR BOOK STORE",,,,"STORY",
"PHONICS FUN: MISS GRUNDY'S GREAT DANE GRAHAM(LEVEL 4b)",,"978-81-319-0690-3","B.JAIN",,,,,,"823/NAT",,,,"NATH.GITA;Author",,,,,50,,"BULSAR BOOK STORE",,,,"STORY",
"BLACK BEAUTY",,"978-81-319-1996-5","B.JAIN",,,,,,"823/SEW",,,,"SEWELL.ANNA;Author",,,,,99,,"BULSAR BOOK STORE",,,,"STORY",
"PETER PAN",,"978-81-319-1994-1","B.JAIN",,,,,,"823/BAR",,,,"BARRIE.JAMES M.;Author",,,,,99,,"BULSAR BOOK STORE",,,,"STORY",
"THE WONDERFUL WIZARD OF Oz",,"978-81-319-1995-8","B.JAIN",,,,,,"823/BAU",,,,"BAUM.L.FRANK;Author",,,,,99,,"BULSAR BOOK STORE",,,,"STORY",
"GULLIVER'S TRAVELS",,"978-81-319-1993-4","B.JAIN",,,,,,"823/SWI",,,,"SWIFT.JONATHAN;Author",,,,,99,,"BULSAR BOOK STORE",,,,"STORY",
"GERALD GRUMBLE",,"978-81-319-0462-6","B.JAIN",,,,,,"823/NAT",,,,"NATH.GITA;Author",,,,,40,,"BULSAR BOOK STORE",,,,"STORY",
"BRIAN BRAG",,"978-81-319-0457-2","B.JAIN",,,,,,"823/NAT",,,,"NATH.GITA;Author",,,,,40,,"BULSAR BOOK STORE",,,,"STORY",
"GRETA GREEDY",,"978-81-319-0460-2","B.JAIN",,,,,,"823/NAT",,,,"NATH.GITA;Author",,,,,40,,"BULSAR BOOK STORE",,,,"STORY",
"DAISY HAPPY",,"978-81-319-0461-9","B.JAIN",,,,,,"823/NAT",,,,"NATH.GITA;Author",,,,,40,,"BULSAR BOOK STORE",,,,"STORY",
"CONFUCUS MUDDLE",,"978-81-319-0458-9","B.JAIN",,,,,,"823/NAT",,,,"NATH.GITA;Author",,,,,40,,"BULSAR BOOK STORE",,,,"STORY",
"SNOOTY UPPITY",,"978-81-319-0465-7","B.JAIN",,,,,,"823/NAT",,,,"NATH.GITA;Author",,,,,40,,"BULSAR BOOK STORE",,,,"STORY",
"SCURRY HURRY",,"978-81-319-0466-4","B.JAIN",,,,,,"823/NAT",,,,"NATH.GITA;Author",,,,,40,,"BULSAR BOOK STORE",,,,"STORY",
"NOEL WORRY",,"978-81-319-0463-3","B.JAIN",,,,,,"823/NAT",,,,"NATH.GITA;Author",,,,,40,,"BULSAR BOOK STORE",,,,"STORY",
"FRANK FORGETFUL",,"978-81-319-0459-6","B.JAIN",,,,,,"823/NAT",,,,"NATH.GITA;Author",,,,,40,,"BULSAR BOOK STORE",,,,"STORY",
"SARA MISCHIEF",,"978-81-319-0464-0","B.JAIN",,,,,,"823/NAT",,,,"NATH.GITA;Author",,,,,40,,"BULSAR BOOK STORE",,,,"STORY",
"THE HORSE,HUNTER & THE STAG & OTHER STORIES",,"978-81-319-0897-6","B.JAIN",,,,,,"823/HOR",,,,,,,,,50,,"BULSAR BOOK STORE",,,,"STORY",
"BEAUTY & THE BEAST",,"978-81-319-0443-5","B.JAIN",,,,,,"823/BEA",,,,,,,,,50,,"BULSAR BOOK STORE",,,,"STORY",
"SLEEPING BEAUTY",,"978-81-319-0479-4","B.JAIN",,,,,,"823/SLE",,,,,,,,,50,,"BULSAR BOOK STORE",,,,"STORY",
"THE GINGERBREAD MAN",,"978-81-319-1120-4","B.JAIN",,,,,,"823/GIN",,,,,,,,,50,,"BULSAR BOOK STORE",,,,"STORY",
"THE BRAVE TIN SOLIDER",,"978-81-319-1127-3","B.JAIN",,,,,,"823/BRA",,,,,,,,,50,,"BULSAR BOOK STORE",,,,"STORY",
"THE THREE BILLY GOATS",,"978-81-319-1126-6","B.JAIN",,,,,,"823/THR",,,,,,,,,50,,"BULSAR BOOK STORE",,,,"STORY",
"THUMBELINA",,"978-81-319-0455-8","B.JAIN",,,,,,"823/THU",,,,,,,,,50,,"BULSAR BOOK STORE",,,,"STORY",
"PINOCCHIO",,"978-81-319-0451-0","B.JAIN",,,,,,"823/PIN",,,,,,,,,50,,"BULSAR BOOK STORE",,,,"STORY",
"LITTLE RED RIDING HOOD",,"978-81-319-0450-3","B.JAIN",,,,,,"823/LIT",,,,,,,,,50,,"BULSAR BOOK STORE",,,,"STORY",
"SNOW WHITE & THE SEVEN DRARFS",,"978-81-319-0480-0","B.JAIN",,,,,,"823/SNO",,,,,,,,,50,,"BULSAR BOOK STORE",,,,"STORY",
"THE ADVENTURES OF TOM SAWYER",,"978-81-319-0481-7","B.JAIN",,,,,,"823/ADV",,,,,,,,,50,,"BULSAR BOOK STORE",,,,"STORY",
"HANSEL & GRETEL",,"978-81-319-0446-6","B.JAIN",,,,,,"823/HAN",,,,,,,,,50,,"BULSAR BOOK STORE",,,,"STORY",
"JACK & THE BEANSTALK",,"978-81-319-0448-0","B.JAIN",,,,,,"823/JAC",,,,,,,,,50,,"BULSAR BOOK STORE",,,,"STORY",
"ADVENTURES OF HUCKLEBERRY FINN",,"978-81-319-0447-3","B.JAIN",,,,,,"823/ADV",,,,,,,,,50,,"BULSAR BOOK STORE",,,,"STORY",
"THE GIFT OF THE MAGI",,"978-81-319-1467-0","B.JAIN",,,,,,"823/GIF",,,,,,,,,40,,"BULSAR BOOK STORE",,,,"STORY",
"LITTLE TOM THUMB",,"978-81-319-1121-1","B.JAIN",,,,,,"823/LIT",,,,,,,,,40,,"BULSAR BOOK STORE",,,,"STORY",
"THE BREMEN TOWN MUSICIANS",,"978-81-319-1119-8","B.JAIN",,,,,,"823/BRE",,,,,,,,,40,,"BULSAR BOOK STORE",,,,"STORY",
"THE THREE TREES",,"978-81-319-1469-4","B.JAIN",,,,,,"823/THR",,,,,,,,,40,,"BULSAR BOOK STORE",,,,"STORY",
"THE MILLIONAIRE MISER",,"978-81-319-1464-9","B.JAIN",,,,,,"823/MIL",,,,,,,,,40,,"BULSAR BOOK STORE",,,,"STORY",
"MASHA & THE BEAR",,"978-81-319-1462-5","B.JAIN",,,,,,"823/MAS",,,,,,,,,40,,"BULSAR BOOK STORE",,,,"STORY",
"FORTY FORTUNES",,"978-81-319-1460-1","B.JAIN",,,,,,"823/FOR",,,,,,,,,40,,"BULSAR BOOK STORE",,,,"STORY",
"THE FIR TREE",,"978-81-319-1465-6","B.JAIN",,,,,,"823/FIR",,,,,,,,,40,,"BULSAR BOOK STORE",,,,"STORY",
"THE WOODEN SHOES",,"978-81-319-1466-3","B.JAIN",,,,,,"823/WOO",,,,,,,,,40,,"BULSAR BOOK STORE",,,,"STORY",
"THE HIDDEN HUNTER",,"978-81-319-1461-8","B.JAIN",,,,,,"823/HID",,,,,,,,,40,,"BULSAR BOOK STORE",,,,"STORY",
"THE MAGIC BROCADE",,"978-81-319-1463-2","B.JAIN",,,,,,"823/MAG",,,,,,,,,40,,"BULSAR BOOK STORE",,,,"STORY",
"THE ANT & THE GRASSHOPPER & OTHER STORIES",,"978-81-319-0894-5","B.JAIN",,,,,,"823/ANT",,,,,,,,,40,,"BULSAR BOOK STORE",,,,"STORY",
"THE HARE & THE TORTOISE & OTHER STORIES",,"978-81-319-0896-9","B.JAIN",,,,,,"823/HAR",,,,,,,,,40,,"BULSAR BOOK STORE",,,,"STORY",
"HEIDI",,"978-81-319-0476-3","B.JAIN",,,,,,"823/HEI",,,,,,,,,40,,"BULSAR BOOK STORE",,,,"STORY",
"THE LITTLE MERMAID",,"978-81-319-0477-0","B.JAIN",,,,,,"823/LIT",,,,,,,,,40,,"BULSAR BOOK STORE",,,,"STORY",
"ALI COJIA AND THE JAR OF OLIVES",,"978-81-319-1118-1","B.JAIN",,,,,,"823/ALI",,,,,,,,,40,,"BULSAR BOOK STORE",,,,"STORY",
"THE FROG PRINCE",,"978-81-319-0470-1","B.JAIN",,,,,,"823/FRO",,,,,,,,,40,,"BULSAR BOOK STORE",,,,"STORY",
"UGLY DUCKLING",,"978-81-319-0482-4","B.JAIN",,,,,,"823/UGL",,,,,,,,,40,,"BULSAR BOOK STORE",,,,"STORY",
"THE SLY FOX & THE LITTLE RED HEN",,"978-81-319-0453-4","B.JAIN",,,,,,"823/SLY",,,,,,,,,40,,"BULSAR BOOK STORE",,,,"STORY",
"ROBINSON CRUSOE",,"978-81-319-0452-7","B.JAIN",,,,,,"823/ROB",,,,,,,,,40,,"BULSAR BOOK STORE",,,,"STORY",
"THE ASS & THE LAPDOG & OTHER STORIES",,"978-81-319-0895-2","B.JAIN",,,,,,"823/ASS",,,,,,,,,40,,"BULSAR BOOK STORE",,,,"STORY",
"CINDERELLA",,"978-81-319-0474-9","B.JAIN",,,,,,"823/CIN",,,,,,,,,40,,"BULSAR BOOK STORE",,,,"STORY",
"GULLIVER'S TRAVELS",,"978-81-319-0445-9","B.JAIN",,,,,,"823/GUL",,,,,,,,,40,,"BULSAR BOOK STORE",,,,"STORY",
"TREASURE ISLAND",,"978-81-319-0472-5","B.JAIN",,,,,,"823/TRE",,,,,,,,,40,,"BULSAR BOOK STORE",,,,"STORY",
"PETER PAN",,"978-81-319-0478-7","B.JAIN",,,,,,"823/PET",,,,,,,,,40,,"BULSAR BOOK STORE",,,,"STORY",
"THE MILKMAID & HER PAIL & OTHER STORIES",,"978-81-319-0898-3","B.JAIN",,,,,,"823/MIL",,,,,,,,,40,,"BULSAR BOOK STORE",,,,"STORY",
"RAPUNZEL",,"978-81-319-0905-8","B.JAIN",,,,,,"823/RAP",,,,,,,,,40,,"BULSAR BOOK STORE",,,,"STORY",
"PIED PIPER OF HAMELIN",,"978-81-319-0904-1","B.JAIN",,,,,,"823/PIE",,,,,,,,,40,,"BULSAR BOOK STORE",,,,"STORY",
"THE NIGHTINGALE",,"978-81-319-0906-5","B.JAIN",,,,,,"823/NIG",,,,,,,,,40,,"BULSAR BOOK STORE",,,,"STORY",
"JUNGLE BOOK",,"978-81-319-0449-7","B.JAIN",,,,,,"823/JUN",,,,,,,,,40,,"BULSAR BOOK STORE",,,,"STORY",
"ALIBABA & THE FORTY THIEVES",,"978-81-319-0471-8","B.JAIN",,,,,,"823/ALI",,,,,,,,,40,,"BULSAR BOOK STORE",,,,"STORY",
"PUSS IN BOOTS",,"978-81-319-0468-8","B.JAIN",,,,,,"823/PUS",,,,,,,,,40,,"BULSAR BOOK STORE",,,,"STORY",
"THE WOLF & THE SEVEN KIDS",,"978-81-319-0907-2","B.JAIN",,,,,,"823/WOL",,,,,,,,,40,,"BULSAR BOOK STORE",,,,"STORY",
"ALADDIN & THE MAGIC LAMP",,"978-81-319-0467-1","B.JAIN",,,,,,"823/ALA",,,,,,,,,40,,"BULSAR BOOK STORE",,,,"STORY",
"GOLDILOCKS AND THE THREE BEARS",,"978-81-319-0475-6","B.JAIN",,,,,,"823/GOL",,,,,,,,,40,,"BULSAR BOOK STORE",,,,"STORY",
"EMPEROR'S NEW CLOTHS",,"978-81-319-0903-4","B.JAIN",,,,,,"823/EMP",,,,,,,,,40,,"BULSAR BOOK STORE",,,,"STORY",
"RUMPELSTILTSKIN",,"978-81-319-1122-8","B.JAIN",,,,,,"823/RUM",,,,,,,,,40,,"BULSAR BOOK STORE",,,,"STORY",
"THE VOYAGE OF SINDBAD",,"978-81-319-1123-5","B.JAIN",,,,,,"823/VOY",,,,,,,,,40,,"BULSAR BOOK STORE",,,,"STORY",
"MY FAVOURITE CHRISTMAS STORIES",,"978-81-319-1496-0","B.JAIN",,,,,,"823/FAV",,,,,,,,,225,,"BULSAR BOOK STORE",,,,"STORY",
"MY FAVOURITE AESOP'S FABLES",,"978-81-319-1199-0","B.JAIN",,,,,,"823/FAV",,,,,,,,,225,,"BULSAR BOOK STORE",,,,"STORY",
"MY FAVOURITE FOLK TALES",,"978-81-319-1493-3","B.JAIN",,,,,,"823/FAV",,,,,,,,,225,,"BULSAR BOOK STORE",,,,"STORY",
"READ & SHINE: WORLD AROUND US LEVEL 4; JAMUNA",,"978-81-319-0635-4","B.JAIN",,,,,,"823/BAR",,,,"BARNETT.STEPHEN;Author",,,,,50,,"BULSAR BOOK STORE",,,,"STORY",
"READ & SHINE: WORLD AROUND US LEVEL 1 ;PLAYING WITH FRIENDS",,"978-81-319-0626-2","B.JAIN",,,,,,"823/BAR",,,,"BARNETT.STEPHEN;Author",,,,,50,,"BULSAR BOOK STORE",,,,"STORY",
"READ & SHINE: WORLD AROUND US LEVEL 1;NUMBERS",,"978-81-319-0631-6","B.JAIN",,,,,,"823/BAR",,,,"BARNETT.STEPHEN;Author",,,,,50,,"BULSAR BOOK STORE",,,,"STORY",
"READ & SHINE: WORLD AROUND US LEVEL 1;SAM THE CAT",,"978-81-319-0628-6","B.JAIN",,,,,,"823/BAR",,,,"BARNETT.STEPHEN;Author",,,,,50,,"BULSAR BOOK STORE",,,,"STORY",
"READ & SHINE: WORLD AROUND US LEVEL 1;MY HOME",,"978-81-319-0625-5","B.JAIN",,,,,,"823/BAR",,,,"BARNETT.STEPHEN;Author",,,,,50,,"BULSAR BOOK STORE",,,,"STORY",
"READ & SHINE: WORLD AROUND US LEVEL 2;WHERE ARE MY SOCKS?",,"978-81-319-0629-3","B.JAIN",,,,,,"823/BAR",,,,"BARNETT.STEPHEN;Author",,,,,50,,"BULSAR BOOK STORE",,,,"STORY",
"READ & SHINE: WORLD AROUND US LEVEL 2;WE LIKE ICE CREAM",,"978-81-319-0627-9","B.JAIN",,,,,,"823/BAR",,,,"BARNETT.STEPHEN;Author",,,,,50,,"BULSAR BOOK STORE",,,,"STORY",
"READ & SHINE: WORLD AROUND US LEVEL 2;IN THE GARDEN",,"978-81-319-0632-3","B.JAIN",,,,,,"823/BAR",,,,"BARNETT.STEPHEN;Author",,,,,50,,"BULSAR BOOK STORE",,,,"STORY",
"READ & SHINE: WORLD AROUND US LEVEL 2;TIME TO GET UP",,"978-81-319-0630-9","B.JAIN",,,,,,"823/BAR",,,,"BARNETT.STEPHEN;Author",,,,,50,,"BULSAR BOOK STORE",,,,"STORY",
"READ & SHINE: WORLD AROUND US LEVEL 3;AT THE ZOO",,"978-81-319-0633-0","B.JAIN",,,,,,"823/BAR",,,,"BARNETT.STEPHEN;Author",,,,,50,,"BULSAR BOOK STORE",,,,"STORY",
"READ & SHINE: WORLD AROUND US LEVEL 3;DOWN IN THE GRASS",,"978-81-319-0636-1","B.JAIN",,,,,,"823/BAR",,,,"BARNETT.STEPHEN;Author",,,,,50,,"BULSAR BOOK STORE",,,,"STORY",
"READ & SHINE: WORLD AROUND US LEVEL 3;A ROCKET TO THE MOON",,"978-81-319-0638-5","B.JAIN",,,,,,"823/BAR",,,,"BARNETT.STEPHEN;Author",,,,,50,,"BULSAR BOOK STORE",,,,"STORY",
"READ & SHINE: WORLD AROUND US LEVEL 3;IN THE TENT",,"978-81-319-0634-7","B.JAIN",,,,,,"823/BAR",,,,"BARNETT.STEPHEN;Author",,,,,50,,"BULSAR BOOK STORE",,,,"STORY",
"READ & SHINE: WORLD AROUND US LEVEL 4;THE BIG GAME",,"978-81-319-0637-8","B.JAIN",,,,,,"823/BAR",,,,"BARNETT.STEPHEN;Author",,,,,50,,"BULSAR BOOK STORE",,,,"STORY",
"READ & SHINE: WORLD AROUND US LEVEL 4;THE MYSTERY OF THE BURIED TREASURE",,"978-81-319-0639-2","B.JAIN",,,,,,"823/BAR",,,,"BARNETT.STEPHEN;Author",,,,,50,,"BULSAR BOOK STORE",,,,"STORY",
"READ & SHINE: WORLD AROUND US LEVEL 4;THE TROUBLE WITH DINOSAURS",,"978-81-319-0640-8","B.JAIN",,,,,,"823/BAR",,,,"BARNETT.STEPHEN;Author",,,,,50,,"BULSAR BOOK STORE",,,,"STORY",
"LEARNING TO COOK:MY FIRST EXPERIENCE LEVEL 2",,"978-81-319-1941-5","B.JAIN",,,,,,"823/LEA",,,,,,,,,40,,"BULSAR BOOK STORE",,,,"STORY",
"READ & SHINE :MORAL STORIES LEVEL 1;A HELPING HAND AT MEALTIMES",,"978-81-319-0872-3","B.JAIN",,,,,,"823/BAR",,,,"BARNETT.STEPHEN;Author",,,,,40,,"BULSAR BOOK STORE",,,,"STORY",
"READ & SHINE :MORAL STORIES LEVEL 1;CLEAN AND TIDY",,"978-81-319-0873-0","B.JAIN",,,,,,"823/BAR",,,,"BARNETT.STEPHEN;Author",,,,,40,,"BULSAR BOOK STORE",,,,"STORY",
"READ & SHINE :MORAL STORIES LEVEL 1;HELPING OTHERS",,"978-81-319-0874-7","B.JAIN",,,,,,"823/BAR",,,,"BARNETT.STEPHEN;Author",,,,,40,,"BULSAR BOOK STORE",,,,"STORY",
"READ & SHINE :MORAL STORIES LEVEL 1;MANNERS",,"978-81-319-0875-4","B.JAIN",,,,,,"823/BAR",,,,"BARNETT.STEPHEN;Author",,,,,40,,"BULSAR BOOK STORE",,,,"STORY",
"READ & SHINE :MORAL STORIES LEVEL 2;HELP OTHERS AND OTHERS WILL HELP YOU",,"978-81-319-0876-1","B.JAIN",,,,,,"823/BAR",,,,"BARNETT.STEPHEN;Author",,,,,40,,"BULSAR BOOK STORE",,,,"STORY",
"READ & SHINE :MORAL STORIES LEVEL 2;GOOD MANNERS",,"978-81-319-0877-8","B.JAIN",,,,,,"823/BAR",,,,"BARNETT.STEPHEN;Author",,,,,40,,"BULSAR BOOK STORE",,,,"STORY",
"READ & SHINE :MORAL STORIES LEVEL 2;BE CHEERFUL",,"978-81-319-0878-5","B.JAIN",,,,,,"823/BAR",,,,"BARNETT.STEPHEN;Author",,,,,40,,"BULSAR BOOK STORE",,,,"STORY",
"READ & SHINE :MORAL STORIES LEVEL 2;BE PEACEFUL",,"978-81-319-0879-2","B.JAIN",,,,,,"823/BAR",,,,"BARNETT.STEPHEN;Author",,,,,40,,"BULSAR BOOK STORE",,,,"STORY",
"READ & SHINE :MORAL STORIES LEVEL 3;BE BRAVE",,"978-81-319-0880-8","B.JAIN",,,,,,"823/BAR",,,,"BARNETT.STEPHEN;Author",,,,,40,,"BULSAR BOOK STORE",,,,"STORY",
"READ & SHINE :MORAL STORIES LEVEL 3;LOOK BEFORE YOU LEAP",,"978-81-319-0882-2","B.JAIN",,,,,,"823/BAR",,,,"BARNETT.STEPHEN;Author",,,,,40,,"BULSAR BOOK STORE",,,,"STORY",
"READ & SHINE :MORAL STORIES LEVEL 3;COUNT YOUR BLESSINGS",,"978-81-319-0881-5","B.JAIN",,,,,,"823/BAR",,,,"BARNETT.STEPHEN;Author",,,,,40,,"BULSAR BOOK STORE",,,,"STORY",
"READ & SHINE :MORAL STORIES LEVEL 3;IF YOU WANT A FRIEND BE A FRIEND",,"978-81-319-0883-9","B.JAIN",,,,,,"823/BAR",,,,"BARNETT.STEPHEN;Author",,,,,40,,"BULSAR BOOK STORE",,,,"STORY",
"READ & SHINE :MORAL STORIES LEVEL 4; CONSEQUENCES",,"978-81-319-0884-6","B.JAIN",,,,,,"823/BAR",,,,"BARNETT.STEPHEN;Author",,,,,40,,"BULSAR BOOK STORE",,,,"STORY",
"READ & SHINE :MORAL STORIES LEVEL 4;LEARN FROM YOUR MISTAKES",,"978-81-319-0885-3","B.JAIN",,,,,,"823/BAR",,,,"BARNETT.STEPHEN;Author",,,,,40,,"BULSAR BOOK STORE",,,,"STORY",
"READ & SHINE :MORAL STORIES LEVEL 4; REWARDS FOR HARD WORK ",,"978-81-319-0886-0","B.JAIN",,,,,,"823/BAR",,,,"BARNETT.STEPHEN;Author",,,,,40,,"BULSAR BOOK STORE",,,,"STORY",
"READ & SHINE :MORAL STORIES LEVEL 4;MONEY CAN'T BUY HAPPINESS",,"978-81-319-0887-7","B.JAIN",,,,,,"823/BAR",,,,"BARNETT.STEPHEN;Author",,,,,40,,"BULSAR BOOK STORE",,,,"STORY",
"MY FIRST EXPERIENCE LEVEL 1: AT THE ZOO",,"978-81-319-1947-7","B.JAIN",,,,,,"823/ZOO",,,,,,,,,40,,"BULSAR BOOK STORE",,,,"STORY",
"MY FIRST EXPERIENCE LEVEL 1: GOING TO SCHOOL",,"978-81-319-1946-0","B.JAIN",,,,,,"823/GOI",,,,,,,,,40,,"BULSAR BOOK STORE",,,,"STORY",
"MY FIRST EXPERIENCE LEVEL 1: MY FIRST PET",,"978-81-319-1942-2","B.JAIN",,,,,,"823/FIR",,,,,,,,,40,,"BULSAR BOOK STORE",,,,"STORY",
"MY FIRST EXPERIENCE LEVEL 1: LAYING IN THE PARK",,"978-81-319-1944-6","B.JAIN",,,,,,"823/PLA",,,,,,,,,40,,"BULSAR BOOK STORE",,,,"STORY",
"MY FIRST EXPERIENCE LEVEL 2: AT THE BEACH",,"978-81-319-1945-3","B.JAIN",,,,,,"823/BEA",,,,,,,,,40,,"BULSAR BOOK STORE",,,,"STORY",
"MY FIRST EXPERIENCE LEVEL 2: GROWING FLOWERS",,"978-81-319-1943-9","B.JAIN",,,,,,"823/GRO",,,,,,,,,40,,"BULSAR BOOK STORE",,,,"STORY",
"MY FIRST EXPERIENCE LEVEL 2: OFF TO A PICNIC",,"978-81-319-1940-8","B.JAIN",,,,,,"823/OFF",,,,,,,,,40,,"BULSAR BOOK STORE",,,,"STORY",
"PEGASUS ENCYCLOPEDIA LIBRARY: TRANSPORT; AIR TRANSPORT",,"978-81-319-1291-1","B.JAIN",,,,,,"387/TRA",,,,,"SOCIAL SCIENCE",,,,125,,"BULSAR BOOK STORE",,,,"ENCYCLOPEDIA",
"PEGASUS ENCYCLOPEDIA LIBRARY: TRANSPORT; WATER TRANSPORT",,"978-81-319-1294-2","B.JAIN",,,,,,"387/TRA",,,,,"SOCIAL SCIENCE",,,,125,,"BULSAR BOOK STORE",,,,"ENCYCLOPEDIA",
"PEGASUS ENCYCLOPEDIA LIBRARY: TRANSPORT; LAND TRANSPORT",,"978-81-319-1293-5","B.JAIN",,,,,,"387/TRA",,,,,"SOCIAL SCIENCE",,,,125,,"BULSAR BOOK STORE",,,,"ENCYCLOPEDIA",
"PEGASUS ENCYCLOPEDIA LIBRARY: TRANSPORT;TRUCKS",,"978-81-319-1295-9","B.JAIN",,,,,,"387/TRA",,,,,"SOCIAL SCIENCE",,,,125,,"BULSAR BOOK STORE",,,,"ENCYCLOPEDIA",
"PEGASUS ENCYCLOPEDIA LIBRARY: TRANSPORT; CARS",,"978-81-319-1292-8","B.JAIN",,,,,,"387/TRA",,,,,"SOCIAL SCIENCE",,,,125,,"BULSAR BOOK STORE",,,,"ENCYCLOPEDIA",
"PEGASUS ENCYCLOPEDIA LIBRARY: NATURAL DISASTERS;EARTHQUAKES",,"978-81-319-1311-6","B.JAIN",,,,,,"503/NAT",,,,,"SCIENCE",,,,125,,"BULSAR BOOK STORE",,,,"ENCYCLOPEDIA",
"PEGASUS ENCYCLOPEDIA LIBRARY: NATURAL DISASTERS;FLOODS",,"978-81-319-1312-3","B.JAIN",,,,,,"503/NAT",,,,,"SCIENCE",,,,125,,"BULSAR BOOK STORE",,,,"ENCYCLOPEDIA",
"PEGASUS ENCYCLOPEDIA LIBRARY: NATURAL DISASTERS;HURRICANES",,"978-81-319-1313-0","B.JAIN",,,,,,"503/NAT",,,,,"SCIENCE",,,,125,,"BULSAR BOOK STORE",,,,"ENCYCLOPEDIA",
"PEGASUS ENCYCLOPEDIA LIBRARY: NATURAL DISASTERS;TORNADOES",,"978-81-319-1314-7","B.JAIN",,,,,,"503/NAT",,,,,"SCIENCE",,,,125,,"BULSAR BOOK STORE",,,,"ENCYCLOPEDIA",
"PEGASUS ENCYCLOPEDIA LIBRARY: NATURAL DISASTERS;VOLCANOES",,"978-81-319-1315-4","B.JAIN",,,,,,"503/NAT",,,,,"SCIENCE",,,,125,,"BULSAR BOOK STORE",,,,"ENCYCLOPEDIA",
"PEGASUS ENCYCLOPEDIA LIBRARY: ENVIRONMENT; FOREST",,"978-81-319-1334-5","B.JAIN",,,,,,"503/ENN",,,,,"SCIENCE",,,,125,,"BULSAR BOOK STORE",,,,"ENCYCLOPEDIA",
"PEGASUS ENCYCLOPEDIA LIBRARY: ENVIRONMENT;FLOWERS",,"978-81-319-1333-8","B.JAIN",,,,,,"503/ENN",,,,,"SCIENCE",,,,125,,"BULSAR BOOK STORE",,,,"ENCYCLOPEDIA",
"PEGASUS ENCYCLOPEDIA LIBRARY: ENVIRONMENT;ATMOSPHERE,WEATHER AND CLIMATE",,"978-81-319-1331-4","B.JAIN",,,,,,"503/ENN",,,,,"SCIENCE",,,,125,,"BULSAR BOOK STORE",,,,"ENCYCLOPEDIA",
"PEGASUS ENCYCLOPEDIA LIBRARY: ENVIRONMENT;GLOBAL WARMING",,"978-81-319-1335-2","B.JAIN",,,,,,"503/ENN",,,,,"SCIENCE",,,,125,,"BULSAR BOOK STORE",,,,"ENCYCLOPEDIA",
"PEGASUS ENCYCLOPEDIA LIBRARY: ENVIRONMENT;TREES",,"978-81-319-1332-1","B.JAIN",,,,,,"503/ENN",,,,,"SCIENCE",,,,125,,"BULSAR BOOK STORE",,,,"ENCYCLOPEDIA",
"ILLUSTRATED ENCYCLOPEDIA: SPACE",,"978-81-319-0730-6","B.JAIN",,,,,,"503/ENN",,,,,"SCIENCE",,,,125,,"BULSAR BOOK STORE",,,,"ENCYCLOPEDIA",
"ILLUSTRATED ENCYCLOPEDIA: TRANSPORT",,"978-81-319-0737-5","B.JAIN",,,,,,"388/TRA",,,,,"SOCIAL SCIENCE",,,,125,,"BULSAR BOOK STORE",,,,"ENCYCLOPEDIA",
"ILLUSTRATED ENCYCLOPEDIA: SEA WORLD",,"978-81-319-0736-8","B.JAIN",,,,,,"500/SEA",,,,,"SCIENCE",,,,125,,"BULSAR BOOK STORE",,,,"ENCYCLOPEDIA",
"ILLUSTRATED ENCYCLOPEDIA: SCIENCE",,"978-81-319-0735-1","B.JAIN",,,,,,"500/SCI",,,,,"SCIENCE",,,,125,,"BULSAR BOOK STORE",,,,"ENCYCLOPEDIA",
"ILLUSTRATED ENCYCLOPEDIA: NATURE",,"978-81-319-0734-4","B.JAIN",,,,,,"500/NAT",,,,,"SCIENCE",,,,125,,"BULSAR BOOK STORE",,,,"ENCYCLOPEDIA",
"ILLUSTRATED ENCYCLOPEDIA: HUMAN BODY",,"978-81-319-0733-7","B.JAIN",,,,,,"500/HUM",,,,,"SCIENCE",,,,125,,"BULSAR BOOK STORE",,,,"ENCYCLOPEDIA",
"ILLUSTRATED ENCYCLOPEDIA: COMMUNICATION",,"978-81-319-0732-0","B.JAIN",,,,,,"384/COM",,,,,"SOCIAL SCIENCE",,,,125,,"BULSAR BOOK STORE",,,,"ENCYCLOPEDIA",
"ILLUSTRATED ENCYCLOPEDIA: ANIMAL WORLD",,"978-81-319-0731-3","B.JAIN",,,,,,"590/ANI",,,,,"SCIENCE",,,,125,,"BULSAR BOOK STORE",,,,"ENCYCLOPEDIA",
"PEGASUS ENCYCLOPEDIA LIBRARY: CHEMISTRY;ACIDS,BASES & SALTS",,"978-81-319-1251-5","B.JAIN",,,,,,"540/CHE",,,,,"SCIENCE",,,,125,,"BULSAR BOOK STORE",,,,"ENCYCLOPEDIA",
"PEGASUS ENCYCLOPEDIA LIBRARY: CHEMISTRY;CARBON & ITS COMPOUNDS",,"978-81-319-1253-9","B.JAIN",,,,,,"540/CHE",,,,,"SCIENCE",,,,125,,"BULSAR BOOK STORE",,,,"ENCYCLOPEDIA",
"PEGASUS ENCYCLOPEDIA LIBRARY: CHEMISTRY;BASICS OF CHEMISTRY",,"978-81-319-1252-2","B.JAIN",,,,,,"540/CHE",,,,,"SCIENCE",,,,125,,"BULSAR BOOK STORE",,,,"ENCYCLOPEDIA",
"PEGASUS ENCYCLOPEDIA LIBRARY: CHEMISTRY;STATES OF MATTER",,"978-81-319-1255-3","B.JAIN",,,,,,"540/CHE",,,,,"SCIENCE",,,,125,,"BULSAR BOOK STORE",,,,"ENCYCLOPEDIA",
"PEGASUS ENCYCLOPEDIA LIBRARY: CHEMISTRY;ELEMENTS AND COMPOUNDS",,"978-81-319-1254-6","B.JAIN",,,,,,"540/CHE",,,,,"SCIENCE",,,,125,,"BULSAR BOOK STORE",,,,"ENCYCLOPEDIA",
"PEGASUS ENCYCLOPEDIA LIBRARY: PHYSICS;WORK,FORCE AND ENERGY",,"978-81-319-1245-4","B.JAIN",,,,,,"530/PHY",,,,,"SCIENCE",,,,125,,"BULSAR BOOK STORE",,,,"ENCYCLOPEDIA",
"PEGASUS ENCYCLOPEDIA LIBRARY: PHYSICS;WAVES AND SOUND",,"978-81-319-1243-0","B.JAIN",,,,,,"530/PHY",,,,,"SCIENCE",,,,125,,"BULSAR BOOK STORE",,,,"ENCYCLOPEDIA",
"PEGASUS ENCYCLOPEDIA LIBRARY: PHYSICS;LIGHT AND COLOUR",,"978-81-319-1242-3","B.JAIN",,,,,,"530/PHY",,,,,"SCIENCE",,,,125,,"BULSAR BOOK STORE",,,,"ENCYCLOPEDIA",
"PEGASUS ENCYCLOPEDIA LIBRARY: PHYSICS;MOTION",,"978-81-319-1244-7","B.JAIN",,,,,,"530/PHY",,,,,"SCIENCE",,,,125,,"BULSAR BOOK STORE",,,,"ENCYCLOPEDIA",
"PEGASUS ENCYCLOPEDIA LIBRARY: PHYSICS;ELECTRICITY",,"978-81-319-1241-6","B.JAIN",,,,,,"530/PHY",,,,,"SCIENCE",,,,125,,"BULSAR BOOK STORE",,,,"ENCYCLOPEDIA",
"PEGASUS ENCYCLOPEDIA LIBRARY: HUMAN BODY;SKELETAL SYSTEM",,"978-81-319-1225-6","B.JAIN",,,,,,"570/SKE",,,,,"SCIENCE",,,,125,,"BULSAR BOOK STORE",,,,"ENCYCLOPEDIA",
"PEGASUS ENCYCLOPEDIA LIBRARY:HUMAN BODY; NERVOUS SYSTEM",,"978-81-319-1223-2","B.JAIN",,,,,,"570/NER",,,,,"SCIENCE",,,,125,,"BULSAR BOOK STORE",,,,"ENCYCLOPEDIA",
"PEGASUS ENCYCLOPEDIA LIBRARY: HUMAN BODY;MUSCULAR SYSTEM",,"978-81-319-1222-5","B.JAIN",,,,,,"570/MUS",,,,,"SCIENCE",,,,125,,"BULSAR BOOK STORE",,,,"ENCYCLOPEDIA",
"PEGASUS ENCYCLOPEDIA LIBRARY: HUMAN BODY;RESPIRATORY SYSTEM",,"978-81-319-1224-9","B.JAIN",,,,,,"570/RES",,,,,"SCIENCE",,,,125,,"BULSAR BOOK STORE",,,,"ENCYCLOPEDIA",
"PEGASUS ENCYCLOPEDIA LIBRARY: HUMAN BODY;DIGESTIVE SYSTEM",,"978-81-319-1221-8","B.JAIN",,,,,,"570/DIG",,,,,"SCIENCE",,,,125,,"BULSAR BOOK STORE",,,,"ENCYCLOPEDIA",
"PEGASUS ENCYCLOPEDIA LIBRARY: ANIMAL WORLD;REPTILES",,"978-81-319-1200-3","B.JAIN",,,,,,"590/ANI",,,,,"SCIENCE",,,,125,,"BULSAR BOOK STORE",,,,"ENCYCLOPEDIA",
"PEGASUS ENCYCLOPEDIA LIBRARY: ANIMAL WORLD;MAMMALS",,"978-81-319-1204-1","B.JAIN",,,,,,"590/ANI",,,,,"SCIENCE",,,,125,,"BULSAR BOOK STORE",,,,"ENCYCLOPEDIA",
"PEGASUS ENCYCLOPEDIA LIBRARY: ANIMAL WORLD;BIRDS",,"978-81-319-1202-7","B.JAIN",,,,,,"590/ANI",,,,,"SCIENCE",,,,125,,"BULSAR BOOK STORE",,,,"ENCYCLOPEDIA",
"PEGASUS ENCYCLOPEDIA LIBRARY: ANIMAL WORLD;AMPHIBIANS",,"978-81-319-1201-0","B.JAIN",,,,,,"590/ANI",,,,,"SCIENCE",,,,125,,"BULSAR BOOK STORE",,,,"ENCYCLOPEDIA",
"PEGASUS ENCYCLOPEDIA LIBRARY: ANIMAL WORLD;DINOSAURS",,"978-81-319-1203-4","B.JAIN",,,,,,"590/ANI",,,,,"SCIENCE",,,,125,,"BULSAR BOOK STORE",,,,"ENCYCLOPEDIA",
"PEGASUS ENCYCLOPEDIA LIBRARY: EXPERIMENTS AND ACTIVITIES;BIOLOGY",,"978-81-319-1261-4","B.JAIN",,,,,,"500/EXP",,,,,"BIOLOGY",,,,125,,"BULSAR BOOK STORE",,,,"ENCYCLOPEDIA",
"PEGASUS ENCYCLOPEDIA LIBRARY: EXPERIMENTS AND ACTIVITIES;GENERAL SCIENCE",,"978-81-319-1265-2","B.JAIN",,,,,,"500/EXP",,,,,,,,,125,,"BULSAR BOOK STORE",,,,"ENCYCLOPEDIA",
"PEGASUS ENCYCLOPEDIA LIBRARY: EXPERIMENTS AND ACTIVITIES;CHEMISTRY",,"978-81-319-1262-1","B.JAIN",,,,,,"500/EXP",,,,,"CHEMISTRY",,,,125,,"BULSAR BOOK STORE",,,,"ENCYCLOPEDIA",
"PEGASUS ENCYCLOPEDIA LIBRARY: EXPERIMENTS AND ACTIVITIES;PHYSICS",,"978-81-319-1264-5","B.JAIN",,,,,,"500/EXP",,,,,"PHYSICS",,,,125,,"BULSAR BOOK STORE",,,,"ENCYCLOPEDIA",
"PEGASUS ENCYCLOPEDIA LIBRARY: EXPERIMENTS AND ACTIVITIES;NATURE",,"978-81-319-1263-8","B.JAIN",,,,,,"500/EXP",,,,,,,,,125,,"BULSAR BOOK STORE",,,,"ENCYCLOPEDIA",
"PEGASUS ENCYCLOPEDIA LIBRARY: DISCOVERIES & INVENTIONS;INVENTIONS & INVENTORS",,"978-81-319-1274-4","B.JAIN",,,,,,"500/DIS",,,,,"DISCOVERIES",,,,125,,"BULSAR BOOK STORE",,,,"ENCYCLOPEDIA",
"PEGASUS ENCYCLOPEDIA LIBRARY: DISCOVERIES & INVENTIONS;ANCIENT INVENTIONS",,"978-81-319-1271-3","B.JAIN",,,,,,"500/DIS",,,,,"DISCOVERIES",,,,125,,"BULSAR BOOK STORE",,,,"ENCYCLOPEDIA",
"PEGASUS ENCYCLOPEDIA LIBRARY: DISCOVERIES & INVENTIONS;SCIENTIFIC BREAKTHOUGH",,"978-81-319-1275-1","B.JAIN",,,,,,"500/DIS",,,,,"DISCOVERIES",,,,125,,"BULSAR BOOK STORE",,,,"ENCYCLOPEDIA",
"PEGASUS ENCYCLOPEDIA LIBRARY: DISCOVERIES & INVENTIONS;DISCOVERIES",,"978-81-319-1273-7","B.JAIN",,,,,,"500/DIS",,,,,"DISCOVERIES",,,,125,,"BULSAR BOOK STORE",,,,"ENCYCLOPEDIA",
"PEGASUS ENCYCLOPEDIA LIBRARY: DISCOVERIES & INVENTIONS;COMPUTER",,"978-81-319-1272-0","B.JAIN",,,,,,"500/DIS",,,,,"DISCOVERIES",,,,125,,"BULSAR BOOK STORE",,,,"ENCYCLOPEDIA",
"PEGASUS ENCYCLOPEDIA LIBRARY: SPACE;UNIVERSE",,"978-81-319-1285-0","B.JAIN",,,,,,"500/SPA",,,,,"SPACE",,,,125,,"BULSAR BOOK STORE",,,,"ENCYCLOPEDIA",
"PEGASUS ENCYCLOPEDIA LIBRARY: SPACE;EARTH",,"978-81-319-1281-2","B.JAIN",,,,,,"500/SPA",,,,,"SPACE",,,,125,,"BULSAR BOOK STORE",,,,"ENCYCLOPEDIA",
"PEGASUS ENCYCLOPEDIA LIBRARY: SPACE;MOON",,"978-81-319-1282-9","B.JAIN",,,,,,"500/SPA",,,,,"SPACE",,,,125,,"BULSAR BOOK STORE",,,,"ENCYCLOPEDIA",
"PEGASUS ENCYCLOPEDIA LIBRARY: SPACE;SUN",,"978-81-319-1284-3","B.JAIN",,,,,,"500/SPA",,,,,"SPACE",,,,125,,"BULSAR BOOK STORE",,,,"ENCYCLOPEDIA",
"PEGASUS ENCYCLOPEDIA LIBRARY: SPACE;STARS",,"978-81-319-1283-6","B.JAIN",,,,,,"500/SPA",,,,,"SPACE",,,,125,,"BULSAR BOOK STORE",,,,"ENCYCLOPEDIA",
"PEGASUS ENCYCLOPEDIA LIBRARY: GEOGRAPHY;DESERTS",,"978-81-319-1301-7","B.JAIN",,,,,,"300/GEO",,,,,"GEOGRAPHY",,,,125,,"BULSAR BOOK STORE",,,,"ENCYCLOPEDIA",
"PEGASUS ENCYCLOPEDIA LIBRARY: GEOGRAPHY;LANDFORMS",,"978-81-319-1302-4","B.JAIN",,,,,,"300/GEO",,,,,"GEOGRAPHY",,,,125,,"BULSAR BOOK STORE",,,,"ENCYCLOPEDIA",
"PEGASUS ENCYCLOPEDIA LIBRARY: GEOGRAPHY;MOUNTAINS",,"978-81-319-1303-1","B.JAIN",,,,,,"300/GEO",,,,,"GEOGRAPHY",,,,125,,"BULSAR BOOK STORE",,,,"ENCYCLOPEDIA",
"PEGASUS ENCYCLOPEDIA LIBRARY: GEOGRAPHY;WATER",,"978-81-319-1305-5","B.JAIN",,,,,,"300/GEO",,,,,"GEOGRAPHY",,,,125,,"BULSAR BOOK STORE",,,,"ENCYCLOPEDIA",
"PEGASUS ENCYCLOPEDIA LIBRARY: GEOGRAPHY;NATURAL WONDERS",,"978-81-319-1304-8","B.JAIN",,,,,,"300/GEO",,,,,"GEOGRAPHY",,,,125,,"BULSAR BOOK STORE",,,,"ENCYCLOPEDIA",
"PEGASUS ENCYCLOPEDIA LIBRARY: CONTINENTS;SOUTH AMERICA",,"978-81-319-1324-6","B.JAIN",,,,,,"300/CON",,,,,"CONTINENTS",,,,125,,"BULSAR BOOK STORE",,,,"ENCYCLOPEDIA",
"PEGASUS ENCYCLOPEDIA LIBRARY: CONTINENTS;NORTH AMERICA",,"978-81-319-1323-9","B.JAIN",,,,,,"300/CON",,,,,"CONTINENTS",,,,125,,"BULSAR BOOK STORE",,,,"ENCYCLOPEDIA",
"PEGASUS ENCYCLOPEDIA LIBRARY: CONTINENTS;EUROPE",,"978-81-319-1322-2","B.JAIN",,,,,,"300/CON",,,,,"CONTINENTS",,,,125,,"BULSAR BOOK STORE",,,,"ENCYCLOPEDIA",
"PEGASUS ENCYCLOPEDIA LIBRARY: CONTINENTS;ASIA",,"978-81-319-1325-3","B.JAIN",,,,,,"300/CON",,,,,"CONTINENTS",,,,125,,"BULSAR BOOK STORE",,,,"ENCYCLOPEDIA",
"PEGASUS ENCYCLOPEDIA LIBRARY: CONTINENTS;AFRICA",,"978-81-319-1321-5","B.JAIN",,,,,,"300/CON",,,,,"CONTINENTS",,,,125,,"BULSAR BOOK STORE",,,,"ENCYCLOPEDIA",
"PEGASUS ENCYCLOPEDIA LIBRARY: WORLD HISTORY; PREHISTORY",,"978-81-319-1365-9","B.JAIN",,,,,,"909/WOR",,,,,"WORLD HISTORY",,,,125,,"BULSAR BOOK STORE",,,,"ENCYCLOPEDIA",
"PEGASUS ENCYCLOPEDIA LIBRARY: WORLD HISTORY;MIDDLE AGES",,"978-81-319-1363-5","B.JAIN",,,,,,"909/WOR",,,,,"WORLD HISTORY",,,,125,,"BULSAR BOOK STORE",,,,"ENCYCLOPEDIA",
"PEGASUS ENCYCLOPEDIA LIBRARY: WORLD HISTORY;ANCIENT CIVILIZATIONS AND EMPIRES",,"978-81-319-1361-1","B.JAIN",,,,,,"909/WOR",,,,,"WORLD HISTORY",,,,125,,"BULSAR BOOK STORE",,,,"ENCYCLOPEDIA",
"PEGASUS ENCYCLOPEDIA LIBRARY: WORLD HISTORY;ANCIENT HISTORY",,"978-81-319-1362-8","B.JAIN",,,,,,"909/WOR",,,,,"WORLD HISTORY",,,,125,,"BULSAR BOOK STORE",,,,"ENCYCLOPEDIA",
"PEGASUS ENCYCLOPEDIA LIBRARY: WORLD HISTORY;MODERN HISTORY",,"978-81-319-1364-2","B.JAIN",,,,,,"909/WOR",,,,,"WORLD HISTORY",,,,125,,"BULSAR BOOK STORE",,,,"ENCYCLOPEDIA",
"PEGASUS ENCYCLOPEDIA LIBRARY: FOOD & NUTRITION;DIET & RECIPES",,"978-81-319-1231-7","B.JAIN",,,,,,"664/FOO",,,,,"FOOD & NUTRITION",,,,125,,"BULSAR BOOK STORE",,,,"ENCYCLOPEDIA",
"PEGASUS ENCYCLOPEDIA LIBRARY: FOOD & NUTRITION;FOOD",,"978-81-319-1233-1","B.JAIN",,,,,,"664/FOO",,,,,"FOOD & NUTRITION",,,,125,,"BULSAR BOOK STORE",,,,"ENCYCLOPEDIA",
"PEGASUS ENCYCLOPEDIA LIBRARY: FOOD & NUTRITION;DISEASES & ILLNESS",,"978-81-319-1232-4","B.JAIN",,,,,,"664/FOO",,,,,"FOOD & NUTRITION",,,,125,,"BULSAR BOOK STORE",,,,"ENCYCLOPEDIA",
"PEGASUS ENCYCLOPEDIA LIBRARY: FOOD & NUTRITION;NUTRITION",,"978-81-319-1235-5","B.JAIN",,,,,,"664/FOO",,,,,"FOOD & NUTRITION",,,,125,,"BULSAR BOOK STORE",,,,"ENCYCLOPEDIA",
"PEGASUS ENCYCLOPEDIA LIBRARY: FOOD & NUTRITION;FRUITS & VEGETABLES",,"978-81-319-1234-8","B.JAIN",,,,,,"664/FOO",,,,,"FOOD & NUTRITION",,,,125,,"BULSAR BOOK STORE",,,,"ENCYCLOPEDIA",
"PEGASUS ENCYCLOPEDIA LIBRARY: SPORTS;CRICKET",,"978-81-319-1342-0","B.JAIN",,,,,,"796/SPO",,,,,"SPORTS",,,,125,,"BULSAR BOOK STORE",,,,"ENCYCLOPEDIA",
"PEGASUS ENCYCLOPEDIA LIBRARY: SPORTS;TENNIS",,"978-81-319-1345-1","B.JAIN",,,,,,"796/SPO",,,,,"SPORTS",,,,125,,"BULSAR BOOK STORE",,,,"ENCYCLOPEDIA",
"PEGASUS ENCYCLOPEDIA LIBRARY: SPORTS;BASKETBALL",,"978-81-319-1341-3","B.JAIN",,,,,,"796/SPO",,,,,"SPORTS",,,,125,,"BULSAR BOOK STORE",,,,"ENCYCLOPEDIA",
"PEGASUS ENCYCLOPEDIA LIBRARY: SPORTS;FOOTBALL",,"978-81-319-1343-7","B.JAIN",,,,,,"796/SPO",,,,,"SPORTS",,,,125,,"BULSAR BOOK STORE",,,,"ENCYCLOPEDIA",
"PEGASUS ENCYCLOPEDIA LIBRARY: SPORTS;GOLF",,"978-81-319-1344-4","B.JAIN",,,,,,"796/SPO",,,,,"SPORTS",,,,125,,"BULSAR BOOK STORE",,,,"ENCYCLOPEDIA",
"PEGASUS ENCYCLOPEDIA LIBRARY: SPORT OLYMPICS;OLYMPICS AND PARALIMPICS",,"978-81-319-1915-6","B.JAIN",,,,,,"796/SPO",,,,,"SPORTS",,,,125,,"BULSAR BOOK STORE",,,,"ENCYCLOPEDIA",
"ILLUSTRATED ENCYCLOPEDIA: ANIMAL WORLD",,"978-81-319-0642-2","B.JAIN",,,,,,"500/ANI",,,,,"SCIENCE",,,,90,,"BULSAR BOOK STORE",,,,"ENCYCLOPEDIA",
"ILLUSTRATED ENCYCLOPEDIA: SPACE",,"978-81-319-0641-5","B.JAIN",,,,,,"500/SPA",,,,,"SCIENCE",,,,90,,"BULSAR BOOK STORE",,,,"ENCYCLOPEDIA",
"ILLUSTRATED ENCYCLOPEDIA: SEA WORLD",,"978-81-319-0681-1","B.JAIN",,,,,,"500/SEA",,,,,"SCIENCE",,,,90,,"BULSAR BOOK STORE",,,,"ENCYCLOPEDIA",
"ILLUSTRATED ENCYCLOPEDIA: NATURE",,"978-81-319-0679-8","B.JAIN",,,,,,"500/NAT",,,,,"SCIENCE",,,,90,,"BULSAR BOOK STORE",,,,"ENCYCLOPEDIA",
"ILLUSTRATED ENCYCLOPEDIA: TRANSPORT",,"978-81-319-0682-8","B.JAIN",,,,,,"388/TRA",,,,,"SOCIAL SCIENCE",,,,90,,"BULSAR BOOK STORE",,,,"ENCYCLOPEDIA",
"ILLUSTRATED ENCYCLOPEDIA: SCIENCE",,"978-81-319-0680-4","B.JAIN",,,,,,"500/SCI",,,,,"SCIENCE",,,,90,,"BULSAR BOOK STORE",,,,"ENCYCLOPEDIA",
"ILLUSTRATED ENCYCLOPEDIA: HUMAN BODY",,"978-81-319-0644-6","B.JAIN",,,,,,"500/HUM",,,,,"SCIENCE",,,,90,,"BULSAR BOOK STORE",,,,"ENCYCLOPEDIA",
"ILLUSTRATED ENCYCLOPEDIA: COMMUNICATION",,"978-81-319-0643-9","B.JAIN",,,,,,"380/COM",,,,,"SOCIAL SCIENCE",,,,90,,"BULSAR BOOK STORE",,,,"ENCYCLOPEDIA",
"MY KNOWLEDGE BOOK: SPACE",,"978-81-319-1428-1","B.JAIN",,,,,,"500/KNO",,,,,"SCIENCE",,,,50,,"BULSAR BOOK STORE",,,,"ENCYCLOPEDIA",
"MY KNOWLEDGE BOOK: FOOD & NUTRITION",,"978-81-319-1425-0","B.JAIN",,,,,,"664/KNO",,,,,"TECHNOLOGY",,,,50,,"BULSAR BOOK STORE",,,,"ENCYCLOPEDIA",
"MY KNOWLEDGE BOOK:  PLANTS & TREES",,"978-81-319-1421-2","B.JAIN",,,,,,"500/KNO",,,,,"SCIENCE",,,,50,,"BULSAR BOOK STORE",,,,"ENCYCLOPEDIA",
"SCIENCE FACTORY: SHAPES & STRUCTURES",,"9788121933292","S. CHAND PUBLISHING",,,,,,"500/RIC",,,,"RICHARDS.JON ;Author",,,,,99,,"BULSAR BOOK STORE",,,,"SCIENCE",
"DOLLAR BAHU",,"978-0-143-10376-9","PENGUIN",2007,,,,,"823/MUR",,,,"MURTY.SUDHA;Author",,,,,175,,"BULSAR BOOK STORE",,,,"FICTION",
"THE OLD MAN & HIS GOD",,"978-0-144-00101-9","PENGUIN",2006,,,,,"823/MUR",,,,"MURTY.SUDHA;Author",,,,,175,,"BULSAR BOOK STORE",,,,"NON-FICTION",
"WISE & OTHERWISE: A SALUTE TO LIFE",,"978-0-143-06222-6","PENGUIN",2006,,,,,"823/MUR",,,,"MURTY.SUDHA;Author",,,,,199,,"BULSAR BOOK STORE",,,,"NON-FICTION",
"WHAT YOUNG INDIA WANTS: SELECTED ESSAYS AND COLUMNS",,"978-81-291-2021-2","RUPA",2012,,,,,"823/BHA",,,,"BHAGAT.CHETAN;Author",,,,,140,,"BULSAR BOOK STORE",,,,"NON-FICTION",
"THE MAGIC DRUM AND OTHER FAVOURITE STORIES",,"978-0-143-33006-6","PENGUIN",2006,,,,,"823/MUR",,,,"MURTY.SUDHA;Author",,,,,175,,"BULSAR BOOK STORE",,,,"FICTION",
"GENTLY FALLS: THE BAKULA",,"978-0-143-10377-6","PENGUIN",2008,,,,,"823/MUR",,,,"MURTY.SUDHA;Author",,,,,175,,"BULSAR BOOK STORE",,,,"FICTION",
"TURNING POINTS: A JOURNEY THROUGH CHALLENGES;THE INSPIRING SEQUEL TO WINGS OF FIRE",,"978-93-5029-347-8","HARPER COLLINS",2012,,,,,"923/ABD",,,,"ABDUL KALAM.A.P.J.;Author",,,,,199,,"BULSAR BOOK STORE",,,,"AUTOBIOGRAPHY",
"WINGS OF FIRE: AN AUTIBIOGRAPHY",,"978-81-7371-146-6","UNIVERSITIES PRESS",2013,,,,,"923/ABD",,,,"ABDUL KALAM.A.P.J.;Author",,,,,275,,"BULSAR BOOK STORE",,,,"AUTOBIOGRAPHY",
"THE TWO GOATS",,"978-1-60346-046-0","MACAW",2010,,,,,"823/TWO",,,,,"ENGLISH STORY",,,,45,,"BULSAR BOOK STORE",,,,"STORY",
"THE LION & THE MOUSE",,"978-1-60346-042-2","MACAW",2010,,,,,"823/LIO",,,,,"ENGLISH STORY",,,,45,,"BULSAR BOOK STORE",,,,"STORY",
"THE FROGS BEGGING FOR A KING",,"978-1-60346-037-8","MACAW",2010,,,,,"823/FRO",,,,,"ENGLISH STORY",,,,45,,"BULSAR BOOK STORE",,,,"STORY",
"THE HAWK & THE CROW",,"978-1-60346-039-2","MACAW",2010,,,,,"823/HAW",,,,,"ENGLISH STORY",,,,45,,"BULSAR BOOK STORE",,,,"STORY",
"THE SHEPHERD BOY",,"978-1-60346-044-6","MACAW",2010,,,,,"823/SHE",,,,,"ENGLISH STORY",,,,45,,"BULSAR BOOK STORE",,,,"STORY",
"THE HORSE & THE LION",,"978-1-60346-041-5","MACAW",2010,,,,,"823/HOR",,,,,"ENGLISH STORY",,,,45,,"BULSAR BOOK STORE",,,,"STORY",
"THE STORK & THE FOX",,"978-1-60346-045-3","MACAW",2010,,,,,"823/STO",,,,,"ENGLISH STORY",,,,45,,"BULSAR BOOK STORE",,,,"STORY",
"THE BULLFROG & THE COW",,"978-1-60346-035-4","MACAW",2010,,,,,"823/BUL",,,,,"ENGLISH STORY",,,,45,,"BULSAR BOOK STORE",,,,"STORY",
"THE HARE & THE TORTOISE ",,"978-1-60346-038-5","MACAW",2010,,,,,"823/HAR",,,,,"ENGLISH STORY",,,,45,,"BULSAR BOOK STORE",,,,"STORY",
"THE FOX & THE GOAT",,"978-1-60346-036-1","MACAW",2010,,,,,"823/FOX",,,,,"ENGLISH STORY",,,,45,,"BULSAR BOOK STORE",,,,"STORY",
"THE LION, THE COCK & THE DONKEY",,"978-1-60346-043-9","MACAW",2010,,,,,"823/LIO",,,,,"ENGLISH STORY",,,,45,,"BULSAR BOOK STORE",,,,"STORY",
"THE HAWK & THE NIGHTINGALE",,"978-1-60346-040-8","MACAW",2010,,,,,"823/HAW",,,,,"ENGLISH STORY",,,,45,,"BULSAR BOOK STORE",,,,"STORY",
"STEP-BY-STEP: PAPERMAKING",,"978-0-85532-913-6","SEARCH PRESS",2009,,,,,"700/WAT",,,,"WATSON.DAVID;Author","PAPERMAKING",,,,100,,"BULSAR BOOK STORE",,,,"ART",
"STEP-BY-STEP: PAPIER MACHE",,"978-0-85532-912-9","SEARCH PRESS",2005,,,,,"700/BAL",,,,"BALCHIN.JUDY;Author","CRAFT",,,,100,,"BULSAR BOOK STORE",,,,"ART",
"STEP-BY-STEP: CREATIVE LETTERING",,"978-0-85532-907-5","SEARCH PRESS",2005,,,,,"700/BAL",,,,"BALCHIN.JUDY;Author",,,,,100,,"BULSAR BOOK STORE",,,,"ART",
"STEP-BY-STEP: DECORATIVE PAINTING",,"978-0-85532-910-5","SEARCH PRESS",2005,,,,,"700/BAL",,,,"BALCHIN.JUDY;Author","PAINTING",,,,100,,"BULSAR BOOK STORE",,,,"ART",
"STEP-BY-STEP: ORIGAMI",,"978-0-903975-35-0","SEARCH PRESS",2005,,,,,"700/STE",,,,"STEVENS.CLIVE;Author",,,,,100,,"BULSAR BOOK STORE",,,,"ART",
"STEP-BY-STEP: CLAY MODELLING",,"978-0-85532-914-3","SEARCH PRESS",2000,,,,,"700/SPE",,,,"SPEECHLEY.GRETA;Author",,,,,100,,"BULSAR BOOK STORE",,,,"ART",
"I DIDN'T KNOW THAT SOME PLANTS GROW IN MID-AIR:AND OTHER AMAZING FACTS ABOUT RAINFORESTS",,9788121937894,"S.CHAND",2013,,,,,"500/LLE",,,,"LLEWELLYN.CLAIRE;Author",,,,,99,,"BULSAR BOOK STORE",,,,"SCIENCE",
"I DIDN'T KNOW THAT YOU CAN JUMP HIGHER ON THE MOON:AND OTHER AMAZING FACTS ABOUT SPACE EXPLORATION",,9788121937788,"S.CHAND",2013,,,,,"500/PET",,,,"PETTY.KATE;Author",,,,,99,,"BULSAR BOOK STORE",,,,"SCIENCE",
"I DIDN'T KNOW THAT THE SUN IS A STAR:AND OTHER AMAZIND FACTS ABOUT THE UNIVERSE",,9788121937795,"S.CHAND",2013,,,,,"500/PET",,,,"PETTY.KATE;Author",,,,,99,,"BULSAR BOOK STORE",,,,"SCIENCE",
"I DIDN'T KNOW THAT SOME PLANES HOVER:AND OTHER AMAZIND FACTS ABOUT FLYING MACHINES",,9788121937870,"S.CHAND",2013,,,,,"500/PET",,,,"PETTY.KATE;Author",,,,,99,,"BULSAR BOOK STORE",,,,"SCIENCE",
"I DIDN'T KNOW THAT SOME BOATS HAVE WINGS:AND OTHER AMAZIND FACTS ABOUT SHIPS AND SUBMARINES",,9788121937900,"S.CHAND",2013,,,,,"500/OLI",,,,"OLIVER.CLARE;Author",,,,,99,,"BULSAR BOOK STORE",,,,"SCIENCE",
"I DIDN'T KNOW THAT SOME TRAINS RUN ON WATER :AND OTHER AMAZIND FACTS ABOUT RAIL TRANSPORT",,9788121937825,"S.CHAND",2013,,,,,"500/PET",,,,"PETTY.KATE;Author",,,,,99,,"BULSAR BOOK STORE",,,,"SCIENCE",
"I DIDN'T KNOW THAT SOME CARS CAN SWIM:AND OTHER AMAZIND FACTS ABOUT CARS",,9788121937986,"S.CHAND",2013,,,,,"500/PET",,,,"PETTY.WILLIAM;Author",,,,,99,,"BULSAR BOOK STORE",,,,"SCIENCE",
"I DIDN'T KNOW THAT A TRUCK CAN BE AS A HOUSE:AND OTHER AMAZIND FACTS ABOUT TRUCKS",,9788121937962,"S.CHAND",2013,,,,,"500/PET",,,,"PETTY.WILLIAM;Author",,,,,99,,"BULSAR BOOK STORE",,,,"SCIENCE",
"I DIDN'T KNOW THAT PEOPLE CHASE TWISTERS :AND OTHER AMAZIND FACTS ABOUT VIOLENT WEATHER",,9788121937863,"S.CHAND",2013,,,,,"500/PET",,,,"PETTY.KATE;Author",,,,,99,,"BULSAR BOOK STORE",,,,"SCIENCE",
"I DIDN'T KNOW THAT WHALES CAN SING:AND OTHER AMAZIND FACTS ABOUT SEA MAMMALS",,9788121937917,"S.CHAND",2013,,,,,"500/PET",,,,"PETTY.KATE;Author",,,,,99,,"BULSAR BOOK STORE",,,,"SCIENCE",
"I DIDN'T KNOW THAT WOLVES HOWL AT TH MOON :AND OTHER AMAZIND FACTS ABOUT CREATURES OF THE NIGHT",,9788121938006,"S.CHAND",2013,,,,,"500/FIT",,,,"FITZSIMONS.CECILIA;Author",,,,,99,,"BULSAR BOOK STORE",,,,"SCIENCE",
"I DIDN'T KNOW THAT MOUNTAINS GUSH LAVA AND ASH:AND OTHER AMAZIND FACTS ABOUT VOLCANOES",,9788121937924,"S.CHAND",2013,,,,,"500/OLI",,,,"OLIVER.CLARE;Author",,,,,99,,"BULSAR BOOK STORE",,,,"SCIENCE",
"I DIDN'T KNOW THAT TIDAL WAVES WASH AWAY CITIES:AND OTHER AMAZIND FACTS ABOUT STORMY SEATS",,9788121937993,"S.CHAND",2013,,,,,"500/PET",,,,"PETTY.KATE;Author",,,,,99,,"BULSAR BOOK STORE",,,,"SCIENCE",
"I DIDN'T KNOW THAT QUAKES SPLIT THE GROUND OPEN:AND OTHER AMAZIND FACTS ABOUT RAINFORESTS",,9788121937979,"S.CHAND",2013,,,,,"500/OLI",,,,"OLIVER.CLARE;Author",,,,,99,,"BULSAR BOOK STORE",,,,"SCIENCE",
"I DIDN'T KNOW THAT CROCODILES YAWN TO KEEP COOL  :AND OTHER AMAZIND FACTS ABOUT CROCODILES AND ALLIGATORS",,9788121937931,"S.CHAND",2013,,,,,"500/PET",,,,"PETTY.KATE;Author",,,,,99,,"BULSAR BOOK STORE",,,,"SCIENCE",
"I DIDN'T KNOW THAT CHIMPS USE TOOLS:AND OTHER AMAZIND FACTS ABOUT APES AND MONKEYS",,9788121937955,"S.CHAND",2013,,,,,"500/LLE",,,,"LLEWELLYN.CLAIRE;Author",,,,,99,,"BULSAR BOOK STORE",,,,"SCIENCE",
"I DIDN'T KNOW THAT :AND OTHER AMAZIND FACTS ABOUT PREHISTORIC REPTILES",,9788121937832,"S.CHAND",2013,,,,,"500/PET",,,,"PETTY.KATE;Author",,,,,99,,"BULSAR BOOK STORE",,,,"SCIENCE",
"I DIDN'T KNOW THAT SOME SNAKES SPIT POISON :AND OTHER AMAZIND FACTS ABOUT SNAKES",,9788121937818,"S.CHAND",2013,,,,,"500/LLE",,,,"LLEWELLYN.CLAIRE;Author",,,,,99,,"BULSAR BOOK STORE",,,,"SCIENCE",
"I DIDN'T KNOW THAT SHARKS KEEP LOSING THEIR TEETH :AND OTHER AMAZIND FACTS ABOUT SHARKS",,9788121937887,"S.CHAND",2013,,,,,"500/LLE",,,,"LLEWELLYN.CLAIRE;Author",,,,,99,,"BULSAR BOOK STORE",,,,"SCIENCE",
"I DIDN'T KNOW THAT SOME BIRDS HANG UPSIDE DOWN:AND OTHER AMAZIND FACTS ABOUT BIRDS",,9788121937849,"S.CHAND",2013,,,,,"500/LLE",,,,"LLEWELLYN.CLAIRE;Author",,,,,99,,"BULSAR BOOK STORE",,,,"SCIENCE",
"I DIDN'T KNOW THAT SOME BUGS GLOW IN THE DARK:AND OTHER AMAZIND FACTS ABOUT INSECTS",,9788121937801,"S.CHAND",2013,,,,,"500/LLE",,,,"LLEWELLYN.CLAIRE;Author",,,,,99,,"BULSAR BOOK STORE",,,,"SCIENCE",
"I DIDN'T KNOW THAT ONLY SOME BIG CATS CAN ROAR :AND OTHER AMAZIND FACTS ABOUT WILD CATS",,9788121937948,"S.CHAND",2013,,,,,"500/LLE",,,,"LLEWELLYN.CLAIRE;Author",,,,,99,,"BULSAR BOOK STORE",,,,"SCIENCE",
"I DIDN'T KNOW THAT GIANTS PANDAS EAT ALL DAY LONG :AND OTHER AMAZIND FACTS ABOUT GIANT ANIMALS ",,9788121938013,"S.CHAND",2013,,,,,"500/FIT",,,,"FITZSIMONS.CECILIA;Author",,,,,99,,"BULSAR BOOK STORE",,,,"SCIENCE",
"I DIDN'T KNOW THAT SPIDERS HAVE FANGS:AND OTHER AMAZIND FACTS ABOUT ARACHNIDS",,9788121937856,"S.CHAND",2013,,,,,"500/LLE",,,,"LLEWELLYN.CLAIRE;Author",,,,,99,,"BULSAR BOOK STORE",,,,"SCIENCE",
"SLEEP TIGHT",,9788175961395,"CAMBRIDGE UNIVERSITY PRESS(FOUNDATION BOOKS)",2006,,,,,"823/HAL",,,,"HALLWORTH.GRACE;Author",,,,,50,,"BULSAR BOOK STORE",,,,"STORY",
"THE ANIMAL WRESTLERS",,9788175961449,"CAMBRIDGE UNIVERSITY PRESS",2008,,,,,"823/TRO",,,,"TROUGHTON.JOANNA;Author",,,,,50,,"BULSAR BOOK STORE",,,,"STORY",
"GRACIE'S CAT",,9788175961432,"CAMBRIDGE UNIVERSITY PRESS(FOUNDATION BOOKS)",2006,,,,,"823/HAL",,,,"HALLWORTH.GRACE;Author BROWN.RICHARD;Author",,,,,50,,"BULSAR BOOK STORE",,,,"STORY",
"ANIMAL SENSES",,9788175961371,"CAMBRIDGE UNIVERSITY PRESS",2012,,,,,"500/GAT",,,,"GATES.PHIL;Author",,,,,50,,"BULSAR BOOK STORE",,,,"SCIENCE",
"HOW THE ANIMALS GOT THEIR TAILS ",,9788175961319,"CAMBRIDGE UNIVERSITY PRESS(FOUNDATION BOOKS)",2006,,,,,"823/GRE",,,,"GREEN.MONA;Author",,,,,50,,"BULSAR BOOK STORE",,,,"STORY",
"THE PUPPY CHASE",,9788175961241,"CAMBRIDGE UNIVERSITY PRESS(FOUNDATION BOOKS)",2006,,,,,"823/CRE",,,,"CREBBIN.JUNE;Author",,,,,50,,"BULSAR BOOK STORE",,,,"STORY",
"GRANNY'S TEETH",,9788175961159,"CAMBRIDGE UNIVERSITY PRESS(FOUNDATION BOOKS)",2006,,,,,"823/CRE",,,,"CREBBIN.JUNE;Author",,,,,50,,"BULSAR BOOK STORE",,,,"STORY",
"BUBBLES",,9788175961227,"CAMBRIDGE UNIVERSITY PRESS(FOUNDATION BOOKS)",2006,,,,,"500/GAT",,,,"GATES.PHIL;Author",,,,,50,,"BULSAR BOOK STORE",,,,"SCIENCE",
"IMRAN AND THE WATCH",,9788175961418,"CAMBRIDGE UNIVERSITY PRESS(FOUNDATION BOOKS)",2006,,,,,"823/BRA",,,,"BRADMAN.TONY;Author",,,,,50,,"BULSAR BOOK STORE",,,,"STORY",
"YOU CAN'T CATCH ME!",,9788175961425,"CAMBRIDGE UNIVERSITY PRESS(FOUNDATION BOOKS)",2006,,,,,"823/ROS",,,,"ROSE.GERALD;Author",,,,,50,,"BULSAR BOOK STORE",,,,"STORY",
"LUCY'S BOX",,9788175961135,"CAMBRIDGE UNIVERSITY PRESS(FOUNDATION BOOKS)",2006,,,,,"823/PRA",,,,"PRATER.JOHN;Author",,,,,40,,"BULSAR BOOK STORE",,,,"STORY",
"PEAS IN A POD",,9788175961296,"CAMBRIDGE UNIVERSITY PRESS(FOUNDATION BOOKS)",2006,,,,,"823/PEA",,,,,,,,,40,,"BULSAR BOOK STORE",,,,"STORY",
"GOING TO SCHOOL",,9788175961258,"CAMBRIDGE UNIVERSITY PRESS(FOUNDATION BOOKS)",2006,,,,,"823/HAL",,,,"HALLWORTH.GRACE;Author BROWN.RICHARD;Author",,,,,40,,"BULSAR BOOK STORE",,,,"STORY",
"YASMINI'S BOX",,9788175961265,"CAMBRIDGE UNIVERSITY PRESS(FOUNDATION BOOKS)",2006,,,,,"823/PRA",,,,"PRATER.JOHN;Author",,,,,40,,"BULSAR BOOK STORE",,,,"STORY",
"SHOW-AND-TELL",,9788175961272,"CAMBRIDGE UNIVERSITY PRESS(FOUNDATION BOOKS)",2006,,,,,"823/BRA",,,,"BRADMAN.TONY;Author",,,,,40,,"BULSAR BOOK STORE",,,,"STORY",
"GOING FISHING",,9788175961180,"CAMBRIDGE UNIVERSITY PRESS(FOUNDATION BOOKS)",2006,,,,,"823/PAR",,,,"PARTRIDGE.JULIET;Author",,,,,40,,"BULSAR BOOK STORE",,,,"STORY",
"DINOSAUR",,9788175961166,"CAMBRIDGE UNIVERSITY PRESS(FOUNDATION BOOKS)",2006,,,,,"500/HOO",,,,"HOOPER.MEREDITH;Author",,,,,40,,"BULSAR BOOK STORE",,,,"STORY",
"THE RAVEN AND THE FOX",,9788175961401,"CAMBRIDGE UNIVERSITY PRESS(FOUNDATION BOOKS)",2006,,,,,"823/ROS",,,,"ROSE.GERALD;Author",,,,,45,,"BULSAR BOOK STORE",,,,"STORY",
"THE SLIPPERY PLANET",,9788175961487,"CAMBRIDGE UNIVERSITY PRESS(FOUNDATION BOOKS)",2006,,,,,"823/HAY",,,,"HAYES.ROSEMARY;Author",,,,,45,,"BULSAR BOOK STORE",,,,"STORY",
"A CAT FOR KEEPS",,9788175961500,"CAMBRIDGE UNIVERSITY PRESS(FOUNDATION BOOKS)",2006,,,,,"823/CRE",,,,"CREBBIN.JUNE;Author",,,,,45,,"BULSAR BOOK STORE",,,,"STORY",
"THE HAYSTACK",,9788175961333,"CAMBRIDGE UNIVERSITY PRESS(FOUNDATION BOOKS)",2006,,,,,"823/BRO",,,,"BROWN.RICHARD;Author",,,,,45,,"BULSAR BOOK STORE",,,,"STORY",
"DILLY AND THE SCHOOL PLAY",,9788175961548,"CAMBRIDGE UNIVERSITY PRESS(FOUNDATION BOOKS)",2006,,,,,"823/BRA",,,,"BRADMAN.TONY;Author",,,,,45,,"BULSAR BOOK STORE",,,,"STORY",
"DILLY BREAKS THE RULES",,9788175961555,"CAMBRIDGE UNIVERSITY PRESS(FOUNDATION BOOKS)",2006,,,,,"823/BRA",,,,"BRADMAN.TONY;Author",,,,,45,,"BULSAR BOOK STORE",,,,"STORY",
"ASIAN ELEPHANTS",,9788175961456,"CAMBRIDGE UNIVERSITY PRESS(FOUNDATION BOOKS)",2006,,,,,"500/CAN",,,,"CANNON.IERESA;Author DAVIS.PETER;Author",,,,,45,,"BULSAR BOOK STORE",,,,"STORY",
"THE WEATHER DRUM",,"978-81-7596-151-7","CAMBRIDGE UNIVERSITY PRESS(FOUNDATION BOOKS)",2006,,,,,"823/KER",,,,"KERVEN.ROSALIND;Author",,,,,45,,"BULSAR BOOK STORE",,,,"STORY",
"THE PEACE RING",,9788175961340,"CAMBRIDGE UNIVERSITY PRESS",2008,,,,,"823/HAY",,,,"HAYES.ROSEMARY;Author",,,,,45,,"BULSAR BOOK STORE",,,,"STORY",
"A SHOOT OF CORN",,9788175961470,"CAMBRIDGE UNIVERSITY PRESS(FOUNDATION BOOKS)",2006,,,,,"823/BRO",,,,"BROWN.RICHARD;Author",,,,,45,,"BULSAR BOOK STORE",,,,"STORY",
"THE LITTLE RED HEN",,9788175961234,"CAMBRIDGE UNIVERSITY PRESS(FOUNDATION BOOKS)",2006,,,,,"823/ROS",,,,"ROSE.GERALD;Author",,,,,45,,"BULSAR BOOK STORE",,,,"STORY",
"THE STORY OF RUNNING WATER",,9788175961388,"CAMBRIDGE UNIVERSITY PRESS(FOUNDATION BOOKS)",2006,,,,,"823/TRO",,,,"TROUGHTON.JOANNA;Author",,,,,45,,"BULSAR BOOK STORE",,,,"STORY",
"THE LION AND THE MOUSE",,9788175961197,"CAMBRIDGE UNIVERSITY PRESS(FOUNDATION BOOKS)",2006,,,,,"823/ROS",,,,"ROSE.GERALD;Author",,,,,45,,"BULSAR BOOK STORE",,,,"STORY",
"THE BIG SHRINK",,9788175961302,"CAMBRIDGE UNIVERSITY PRESS",2010,,,,,"823/HAY",,,,"HAYES.ROSEMARY;Author",,,,,45,,"BULSAR BOOK STORE",,,,"STORY",
"WHERE'S SAM?: LEVEL 1",,"978-81-7596-441-9","CAMBRIDGE UNIVERSITY PRESS",2009,,,,,"823/OBE",,,,"OBERSTAR.LUCIA;Author",,,,,27.5,,"BULSAR BOOK STORE",,,,"STORY",
"WHAT GAME SHALL I PLAY?: LEVEL 1",,"978-81-7596-587-4","CAMBRIDGE UNIVERSITY PRESS",2009,,,,,"823/RAO",,,,"RAO.CHERYL;Author",,,,,27.5,,"BULSAR BOOK STORE",,,,"STORY",
"PODLET AND SPIKE: LEVEL 1",,"978-81-7596-438-9","CAMBRIDGE UNIVERSITY PRESS",2011,,,,,"823/PLA",,,,"PLANT.ANDREW;Author",,,,,27.5,,"BULSAR BOOK STORE",,,,"STORY",
"MAX'S BIRTHDAY : LEVEL 1",,"978-81-7596-450-1","CAMBRIDGE UNIVERSITY PRESS",2009,,,,,"823/LAN",,,,"LANDRY.DEBRA;Author",,,,,27.5,,"BULSAR BOOK STORE",,,,"STORY",
"MIKE THE MAGICIAN : LEVEL 1",,"978-81-7596-454-9","CAMBRIDGE UNIVERSITY PRESS",2012,,,,,"823/DEA",,,,"DEAN.MARTIN;Author",,,,,27.5,,"BULSAR BOOK STORE",,,,"STORY",
"LOOKING FOR MUM: LEVEL 1",,"978-81-7596-448-8","CAMBRIDGE UNIVERSITY PRESS",2009,,,,,"823/PLA",,,,"PLANT.ANDREW;Author",,,,,27.5,,"BULSAR BOOK STORE",,,,"STORY",
"THE TRUCK DRIVER: LEVEL 1",,"978-81-7596-447-1","CAMBRIDGE UNIVERSITY PRESS",2009,,,,,"823/OSB",,,,"OSBORNE.MURIEL;Author",,,,,27.5,,"BULSAR BOOK STORE",,,,"STORY",
"HIDE ANS SEEK: LEVEL 1",,"978-81-7596-451-8","CAMBRIDGE UNIVERSITY PRESS",2009,,,,,"823/PLA",,,,"PLANT.ANDREW;Author",,,,,27.5,,"BULSAR BOOK STORE",,,,"STORY",
"THAT'S MY LUNCH: LEVEL 1",,"978-81-7596-529-4","CAMBRIDGE UNIVERSITY PRESS",2009,,,,,"823/PLA",,,,"PLANT.ANDREW;Author",,,,,27.5,,"BULSAR BOOK STORE",,,,"STORY",
"WATCH OUT: LEVEL 1",,"978-81-7596-453-2","CAMBRIDGE UNIVERSITY PRESS",2009,,,,,"823/PLA",,,,"PLANT.ANDREW;Author",,,,,27.5,,"BULSAR BOOK STORE",,,,"STORY",
"SCHOOL HOLIDAYS: LEVEL 1",,"978-81-7596-452-5","CAMBRIDGE UNIVERSITY PRESS",2009,,,,,"823/WEL",,,,"WELLS.LEANNE;Author",,,,,27.5,,"BULSAR BOOK STORE",,,,"STORY",
"FRUIT SALAD: LEVEL 1",,"978-81-7596-440-2","CAMBRIDGE UNIVERSITY PRESS",2009,,,,,"823/HAY",,,,"HAYES.CHRISTINE;Author",,,,,27.5,,"BULSAR BOOK STORE",,,,"STORY",
"FIVE COCKATOOS: LEVEL 1",,"978-81-7596-442-6","CAMBRIDGE UNIVERSITY PRESS",2009,,,,,"823/MOT",,,,"MOTTI. LIVIA;Author",,,,,27.5,,"BULSAR BOOK STORE",,,,"STORY",
"WHAT A DAY! LEVEL 1",,"978-81-7596-445-7","CAMBRIDGE UNIVERSITY PRESS",2009,,,,,"823/DEA",,,,"DEAN.MARTIN;Author",,,,,27.5,,"BULSAR BOOK STORE",,,,"STORY",
"MOSQUITO BITES: LEVEL 1",,"978-81-7596-530-0","CAMBRIDGE UNIVERSITY PRESS",2009,,,,,"823/HAY",,,,"HAYES.PETER;Author",,,,,27.5,,"BULSAR BOOK STORE",,,,"STORY",
"THE NEW NEIGHBOURS: LEVEL 2",,"978-81-7596-471-6","CAMBRIDGE UNIVERSITY PRESS",2009,,,,,"823/ADO",,,,"ADOLPHS.ROBIN;Author",,,,,27.5,,"BULSAR BOOK STORE",,,,"STORY",
"ARE WE THERE YET? LEVEL 2",,"978-81-7596-461-7","CAMBRIDGE UNIVERSITY PRESS",2009,,,,,"823/BRO",,,,"BROWN.SUSIE;Author",,,,,27.5,,"BULSAR BOOK STORE",,,,"STORY",
"NICK'S TREE HOUSE: LEVEL 2",,"978-81-7596-473-0","CAMBRIDGE UNIVERSITY PRESS",2009,,,,,"823/MEN",,,,"MENDOZA.DEL;Author",,,,,27.5,,"BULSAR BOOK STORE",,,,"STORY",
"A SPECIAL DRESS: LEVEL 2",,"978-81-7596-527-0","CAMBRIDGE UNIVERSITY PRESS",2009,,,,,"823/WIG",,,,"WIGNELL.EDEL;Author",,,,,27.5,,"BULSAR BOOK STORE",,,,"STORY",
"THE BIG BLACK BLOB: LEVEL 2",,"978-81-7596-462-4","CAMBRIDGE UNIVERSITY PRESS",2009,,,,,"823/WHI",,,,"WHITING.SUE;Author",,,,,27.5,,"BULSAR BOOK STORE",,,,"STORY",
"WHERE'S MY SHELL?: LEVEL 2",,"978-81-7596-467-9","CAMBRIDGE UNIVERSITY PRESS",2009,,,,,"823/PLA",,,,"PLANT.ANDREW;Author",,,,,27.5,,"BULSAR BOOK STORE",,,,"STORY",
"GONE FISHING: LEVEL 2",,"978-81-7596-472-3","CAMBRIDGE UNIVERSITY PRESS",2009,,,,,"823/FLE",,,,"FLEW.ALISON;Author",,,,,27.5,,"BULSAR BOOK STORE",,,,"STORY",
"BILLY'S ADVENTURE: LEVEL 2",,"978-81-7596-469-3","CAMBRIDGE UNIVERSITY PRESS",2009,,,,,"823/OBE",,,,"OBERSTAR.LUCIA;Author",,,,,27.5,,"BULSAR BOOK STORE",,,,"STORY",
"FRIENDS IN THE PARK: LEVEL 2",,"978-81-7596-769-4","CAMBRIDGE UNIVERSITY PRESS",2010,,,,,"823/RAO",,,,"RAO.CHERYL;Author",,,,,27.5,,"BULSAR BOOK STORE",,,,"STORY",
"THE HUNGRY SPIDER: LEVEL 2",,"978-81-7596-457-0","CAMBRIDGE UNIVERSITY PRESS",2009,,,,,"823/HAY",,,,"HAYES.PETER;Author",,,,,27.5,,"BULSAR BOOK STORE",,,,"STORY",
"MY MUM IS LOST: LEVEL 2",,"978-81-7596-463-1","CAMBRIDGE UNIVERSITY PRESS",2009,,,,,"823/OSB",,,,"OSBORNE.MURIEL;Author",,,,,27.5,,"BULSAR BOOK STORE",,,,"STORY",
"AT THE FAIR: LEVEL 2",,"978-81-7596-550-8","CAMBRIDGE UNIVERSITY PRESS",2009,,,,,"823/RAO",,,,"RAO.CHERYL;Author",,,,,27.5,,"BULSAR BOOK STORE",,,,"STORY",
"THE BEST BEAK: LEVEL 2",,"978-81-7596-459-4","CAMBRIDGE UNIVERSITY PRESS",2009,,,,,"823/PLA",,,,"PLANT.ANDREW;Author",,,,,27.5,,"BULSAR BOOK STORE",,,,"STORY",
"NOBODY QUITE LIKE ME: LEVEL 2",,"978-81-7596-466-2","CAMBRIDGE UNIVERSITY PRESS",2009,,,,,"823/RUS",,,,"RUSHBY.PAMELA;Author",,,,,27.5,,"BULSAR BOOK STORE",,,,"STORY",
"MY MAGIC BOX: LEVEL 2",,"978-81-7596-465-5","CAMBRIDGE UNIVERSITY PRESS",2009,,,,,"823/GRA",,,,"GRAHAM.PAMELA;Author",,,,,27.5,,"BULSAR BOOK STORE",,,,"STORY",
"I CAN FLY: LEVEL 2",,"978-81-7596-455-6","CAMBRIDGE UNIVERSITY PRESS",2009,,,,,"823/PLA",,,,"PLANT.ANDREW;Author",,,,,27.5,,"BULSAR BOOK STORE",,,,"STORY",
"GOATS IN BLUE COATS: LEVEL 2",,"978-81-7596-470-9","CAMBRIDGE UNIVERSITY PRESS",2009,,,,,"823/LOB",,,,"LOBENDHAN.DEIDRE;Author",,,,,27.5,,"BULSAR BOOK STORE",,,,"STORY",
"JERRY THE TAXI DRIVER: LEVEL 2",,"978-81-7596-468-6","CAMBRIDGE UNIVERSITY PRESS",2009,,,,,"823/OSB",,,,"OSBORNE.MURIEL;Author",,,,,27.5,,"BULSAR BOOK STORE",,,,"STORY",
"LATE FOR SCHOOL: LEVEL 2",,"978-81-7596-596-6","CAMBRIDGE UNIVERSITY PRESS",2009,,,,,"823/RAO",,,,"RAO.CHERYL;Author",,,,,27.5,,"BULSAR BOOK STORE",,,,"STORY",
"ANTS IN RED PANTS: LEVEL 3",,"978-81-7596-494-5","CAMBRIDGE UNIVERSITY PRESS",2009,,,,,"823/LOB",,,,"LOBENDHAN.DEIDRE;Author",,,,,27.5,,"BULSAR BOOK STORE",,,,"STORY",
"THE WALKING LEAF: LEVEL 3",,"978-81-7596-523-2","CAMBRIDGE UNIVERSITY PRESS",2009,,,,,"823/MIT",,,,"MITCHELL.JULIE;Author",,,,,27.5,,"BULSAR BOOK STORE",,,,"STORY",
"SPORTS DAY AT SCHOOL: LEVEL 3",,"978-81-7596-588-1","CAMBRIDGE UNIVERSITY PRESS",2009,,,,,"823/RAO",,,,"RAO.CHERYL;Author",,,,,27.5,,"BULSAR BOOK STORE",,,,"STORY",
"A BONE FOR GROZZLE: LEVEL 3",,"978-81-7596-488-4","CAMBRIDGE UNIVERSITY PRESS",2009,,,,,"823/GRA",,,,"GRAHAM.PAMELA;Author",,,,,27.5,,"BULSAR BOOK STORE",,,,"STORY",
"A BIT TOO SMALL: LEVEL 3",,"978-81-7596-525-6","CAMBRIDGE UNIVERSITY PRESS",2009,,,,,"823/FEN",,,,"FENTON.CORINNE;Author",,,,,27.5,,"BULSAR BOOK STORE",,,,"STORY",
"THE HANUKKAH PARTY: LEVEL 3",,"978-81-7596-487-7","CAMBRIDGE UNIVERSITY PRESS",2009,,,,,"823/CAS",,,,"CASE.MARGARET;Author",,,,,27.5,,"BULSAR BOOK STORE",,,,"STORY",
"THE KITE FESTIVAL: LEVEL 3",,"978-81-7596-551-5","CAMBRIDGE UNIVERSITY PRESS",2009,,,,,"823/RAO",,,,"RAO.CHERYL;Author",,,,,27.5,,"BULSAR BOOK STORE",,,,"STORY",
"YOU CAN DO IT ELLA!: LEVEL 3",,"978-81-7596-476-1","CAMBRIDGE UNIVERSITY PRESS",2009,,,,,"823/MIT",,,,"MITCHELL.JULIE;Author",,,,,27.5,,"BULSAR BOOK STORE",,,,"STORY",
"THE CROWN AND GOWN: LEVEL 3",,"978-81-7596-474-7","CAMBRIDGE UNIVERSITY PRESS",2009,,,,,"823/MOR",,,,"MORGAN.ANNE;Author",,,,,27.5,,"BULSAR BOOK STORE",,,,"STORY",
"FIDDLY FINGERS: LEVEL 3",,"978-81-7596-490-7","CAMBRIDGE UNIVERSITY PRESS",2009,,,,,"823/BEL",,,,"BELL.CHRIS;Author",,,,,27.5,,"BULSAR BOOK STORE",,,,"STORY",
"MUM AND THE BUMBLEBEE: LEVEL 3",,"978-81-7596-538-6","CAMBRIDGE UNIVERSITY PRESS",2009,,,,,"823/FEN",,,,"FENTON.CORINNE;Author",,,,,27.5,,"BULSAR BOOK STORE",,,,"STORY",
"SUSIE'S SHOELACES: LEVEL 3",,"978-81-7596-484-6","CAMBRIDGE UNIVERSITY PRESS",2009,,,,,"823/MAC",,,,"MACDONALD.WENDY M.;Author",,,,,27.5,,"BULSAR BOOK STORE",,,,"STORY",
"THE SPACE KID'S BIG RACE: LEVEL 3",,"978-81-7596-489-1","CAMBRIDGE UNIVERSITY PRESS",2009,,,,,"823/BEL",,,,"BELL.CHRIS;Author",,,,,27.5,,"BULSAR BOOK STORE",,,,"STORY",
"PLEASE LISTEN: LEVEL 3",,"978-81-7596-483-9","CAMBRIDGE UNIVERSITY PRESS",2009,,,,,"823/HAR",,,,"HARTH.ANN;Author",,,,,27.5,,"BULSAR BOOK STORE",,,,"STORY",
"LAST WEEK,IN THE CREEK: LEVEL 3",,"978-81-7596-479-2","CAMBRIDGE UNIVERSITY PRESS",2009,,,,,"823/RUS",,,,"RUSHBY.PAMELA;Author",,,,,27.5,,"BULSAR BOOK STORE",,,,"STORY",
"CHICKS.AWAY: LEVEL 3",,"978-81-7596-524-9","CAMBRIDGE UNIVERSITY PRESS",2009,,,,,"823/MOT",,,,"MOTTI. LIVIA;Author",,,,,27.5,,"BULSAR BOOK STORE",,,,"STORY",
"JESSIE'S DAYDREAM: LEVEL 3",,"978-81-7596-480-8","CAMBRIDGE UNIVERSITY PRESS",2009,,,,,"823/MEN",,,,"MENDOZA.DEL;Author",,,,,27.5,,"BULSAR BOOK STORE",,,,"STORY",
"FLIES IN GREEN TIES: LEVEL 3",,"978-81-7596-477-8","CAMBRIDGE UNIVERSITY PRESS",2009,,,,,"823/LOB",,,,"LOBENDHAN.DEIDRE;Author",,,,,27.5,,"BULSAR BOOK STORE",,,,"STORY",
"THE WATER FESTIVAL: LEVEL 3",,"978-81-7596-522-5","CAMBRIDGE UNIVERSITY PRESS",2009,,,,,"823/CAS",,,,"CASE.MARGARET;Author",,,,,27.5,,"BULSAR BOOK STORE",,,,"STORY",
"SWEET GEMMA: LEVEL 3",,"978-81-7596-486-0","CAMBRIDGE UNIVERSITY PRESS",2009,,,,,"823/LAN",,,,"LANE.KERRI;Author",,,,,27.5,,"BULSAR BOOK STORE",,,,"STORY",
"IS THE SPAGHETTI READY: LEVEL 3",,"978-81-7596-482-2","CAMBRIDGE UNIVERSITY PRESS",2009,,,,,"823/MCT",,,,"MCTRUSTRY.CHRIS;Author",,,,,27.5,,"BULSAR BOOK STORE",,,,"STORY",
"WHAT IF…..?: LEVEL 3",,"978-81-7596-475-4","CAMBRIDGE UNIVERSITY PRESS",2009,,,,,"823/MEN",,,,"MENDOZA.DEL;Author",,,,,27.5,,"BULSAR BOOK STORE",,,,"STORY",
"ON THE TRAIN: LEVEL 3",,"978-81-7596-597-3","CAMBRIDGE UNIVERSITY PRESS",2009,,,,,"823/RAO",,,,"RAO.CHERYL;Author",,,,,27.5,,"BULSAR BOOK STORE",,,,"STORY",
"PIGS LOVE MUD!: LEVEL 3",,"978-81-7596-485-3","CAMBRIDGE UNIVERSITY PRESS",2009,,,,,"823/WHI",,,,"SUE.WHITING;Author",,,,,27.5,,"BULSAR BOOK STORE",,,,"STORY",
"THE FARMER: LEVEL 1",,"978-81-7596-439-6","CAMBRIDGE UNIVERSITY PRESS",2009,,,,,"823/HAY",,,,"HAYES.PETER;Author",,,,,27.5,,"BULSAR BOOK STORE",,,,"STORY",
"LOOKING FOR MUM: LEVEL 1",,"978-81-7596-448-8","CAMBRIDGE UNIVERSITY PRESS",2009,,,,,"823/PLA",,,,"PLANT.ANDREW;Author",,,,,27.5,,"BULSAR BOOK STORE",,,,"STORY",
"JUNIOR ENCYCLOPEDIA: AWESOME FACTS ABOUT HISTORY OF INDIA",,"978-81-7187-288-6","BOOK PARADISE",2012,,,,,"903/HIT",,,,"HILTON.ROSS;Author","HISTORY OF INDIA",,,,125,,"BULSAR BOOK STORE",,,,"ENCYCLOPEDIA",
"JUNIOR ENCYCLOPEDIA: AWESOME FACTS ABOUT HISTORY",,"978-81-7187-298-5","BOOK PARADISE",2012,,,,,"903/HIT",,,,"HILTON.ROSS;Author","HISTORY ",,,,125,,"BULSAR BOOK STORE",,,,"ENCYCLOPEDIA",
"JUNIOR ENCYCLOPEDIA: AWESOME FACTS ABOUT BIRDS",,"978-81-7187-311-1","BOOK PARADISE",2012,,,,,"503/STE",,,,"STEPNOV.DARREN;Author","BIRDS",,,,125,,"BULSAR BOOK STORE",,,,"ENCYCLOPEDIA",
"JUNIOUR ENCYCLOPEDIA: AWESOME FACTS ABOUT SCIENCE",,"978-81-7187-297-8","BOOK PARADISE",2012,,,,,"503/PIE",,,,"PIERCES.ADRIEN;Author","SCIENCE",,,,125,,"BULSAR BOOK STORE",,,,"ENCYCLOPEDIA",
"JUNIOUR ENCYCLOPEDIA: AWESOME FACTS ABOUT THE HUMAN BODY",,"978-81-7187-296-1","BOOK PARADISE",2011,,,,,"503/MUR",,,,"MURREY.JOHN;Author","HUMAN BODY",,,,110,,"BULSAR BOOK STORE",,,,"ENCYCLOPEDIA",
"JUNIOUR ENCYCLOPEDIA: AWESOME FACTS ABOUT ENVIRONMENT",,"978-81-7187-299-2","BOOK PARADISE",2011,,,,,"503/DUF",,,,"DUFF.RAYMOND;Author","ENVIRONMENT",,,,110,,"BULSAR BOOK STORE",,,,"ENCYCLOPEDIA",
"JUNIOUR ENCYCLOPEDIA: AWESOME FACTS ABOUT COMPUTERS",,"978-81-7187-295-6","BOOK PARADISE",2008,,,,,"005/COL",,,,"COLLODI.LEE;Author","COMPUTERS",,,,110,,"BULSAR BOOK STORE",,,,"ENCYCLOPEDIA",
"JUNIOUR ENCYCLOPEDIA: AWESOME FACTS ABOUT NATIONS OF THE WORLD",,"978-81-7187-290-9","BOOK PARADISE",2011,,,,,"903/STE",,,,"STEPNOV.DARREN;Author","WORLD",,,,110,,"BULSAR BOOK STORE",,,,"ENCYCLOPEDIA",
"JUNIOUR ENCYCLOPEDIA: AWESOME FACTS ABOUT ANIMALS",,"978-81-7187-294-7","BOOK PARADISE",2011,,,,,"503/CON",,,,"CONNOLY.SAN;Author","ANIMALS",,,,110,,"BULSAR BOOK STORE",,,,"ENCYCLOPEDIA",
"JUNIOUR ENCYCLOPEDIA: AWESOME FACTS ABOUT WONDERS OF THE WORLD",,"978-81-7187-312-8","BOOK PARADISE",2011,,,,,"903/STE",,,,"STEPNOV.DARREN;Author","WORLD",,,,110,,"BULSAR BOOK STORE",,,,"ENCYCLOPEDIA",
"JUNIOUR ENCYCLOPEDIA: AWESOME FACTS ABOUT SCIENCE PROJECTS",,"978-81-7187-289-3","BOOK PARADISE",2011,,,,,"503/PIE",,,,"PIERCES.ADRIEN;Author","SCIENCE",,,,110,,"BULSAR BOOK STORE",,,,"ENCYCLOPEDIA",
"PUFFIN YOUNG READERS: LEVEL 1; DICK AND JANE GO,GO,GO",,"978-0-448-45788-8","PUFFIN (PENGUIN)",2011,,,,,"823/DIC",,,,,,,,,150,,"BULSAR BOOK STORE",,,,"STORY",
"PUFFIN YOUNG READERS: LEVEL 1;TINY GOES TO THE LIBRARY",,"978-0-448-45787-1","PUFFIN (PENGUIN)",2011,,,,,"823/MEI",,,,"MEISTER.CARI;Author",,,,,150,,"BULSAR BOOK STORE",,,,"STORY",
"PUFFIN YOUNG READERS: LEVEL 1;TINY'S BATH",,"978-0-448-46118-2","PUFFIN (PENGUIN)",2012,,,,,"823/MEI",,,,"MEISTER.CARI;Author",,,,,150,,"BULSAR BOOK STORE",,,,"STORY",
"PUFFIN YOUNG READERS: LEVEL 1;DICK AND JANE SOMETHING FUNNY",,"978-0-448-46117-5","PUFFIN (PENGUIN)",2012,,,,,"823/DIC",,,,,,,,,150,,"BULSAR BOOK STORE",,,,"STORY",
"PUFFIN YOUNG READERS: LEVEL 1;WHEN TINY WAS TINY",,"978-0-448-49476-0","PUFFIN (PENGUIN)",2012,,,,,"823/MEI",,,,"MEISTER.CARI;Author",,,,,150,,"BULSAR BOOK STORE",,,,"STORY",
"PUFFIN YOUNG READERS: LEVEL 1;TINY THE SNOW DOG",,"978-0-448-45810-6","PUFFIN (PENGUIN)",2011,,,,,"823/MEI",,,,"MEISTER.CARI;Author",,,,,150,,"BULSAR BOOK STORE",,,,"STORY",
"PUFFIN YOUNG READERS: LEVEL 1;DICK AND JANE JUMP AND RUN",,"978-0-448-45809-0","PUFFIN (PENGUIN)",2011,,,,,"823/DIC",,,,,,,,,150,,"BULSAR BOOK STORE",,,,"STORY",
"PUFFIN YOUNG READERS: LEVEL 2; SNUG BUG",,"978-0-448-45817-5","PUFFIN (PENGUIN)",2011,,,,,"823/DUB",,,,"DUBOWSKI.CATHY EAST;Author DUBOWSKI.MARK;Author",,,,,150,,"BULSAR BOOK STORE",,,,"STORY",
"PUFFIN YOUNG READERS: LEVEL 2;DICK AND JANE JUMP WE SEE",,"978-0-448-46617-0","PUFFIN (PENGUIN)",2013,,,,,"823/DIC",,,,,,,,,150,,"BULSAR BOOK STORE",,,,"STORY",
"PUFFIN YOUNG READERS: LEVEL 2;DICK AND JANE JUMP WE WORK",,"978-0-448-46618-7","PUFFIN (PENGUIN)",2013,,,,,"823/DIC",,,,,,,,,150,,"BULSAR BOOK STORE",,,,"STORY",
"PUFFIN YOUNG READERS: LEVEL 2; KIT AND KAT",,"978-0-448-45811-3","PUFFIN (PENGUIN)",2011,,,,,"823/DEP",,,,"DEPAOLA.TOMIE;Author",,,,,150,,"BULSAR BOOK STORE",,,,"STORY",
"PUFFIN YOUNG READERS: LEVEL 2; MY TOOTH IS LOOSE",,"978-0-448-49480-7","PUFFIN (PENGUIN)",2012,,,,,"823/SIL",,,,"SILVERMAN.MARTIN;Author",,,,,150,,"BULSAR BOOK STORE",,,,"STORY",
"PUFFIN YOUNG READERS: LEVEL 2; NICKY UPSTAIRS AND DOWN",,"978-0-448-45818-2","PUFFIN (PENGUIN)",2011,,,,,"823/ZIE",,,,"ZIEFERT.HARRIET;Author",,,,,150,,"BULSAR BOOK STORE",,,,"STORY",
"PUFFIN YOUNG READERS: LEVEL 2; HARRY TAKES A BATH ",,"978-0-448-49478-4","PUFFIN (PENGUIN)",2012,,,,,"823/ZIE",,,,"ZIEFERT.HARRIET;Author",,,,,150,,"BULSAR BOOK STORE",,,,"STORY",
"PUFFIN YOUNG READERS: LEVEL 2;WATER",,"978-0-448-45791-8","PUFFIN (PENGUIN)",2011,,,,,"823/NEY",,,,"NEYE.EMILY;Author",,,,,150,,"BULSAR BOOK STORE",,,,"STORY",
"PUFFIN YOUNG READERS: LEVEL 2; STAR WARS,THE CLONE WARS: THE SECRET VILLAIN",,"978-0-448-49486-9","PUFFIN (PENGUIN)",2012,,,,,"823/VAL",,,,"VALOIS.ROB;Author",,,,,150,,"BULSAR BOOK STORE",,,,"STORY",
"PUFFIN YOUNG READERS: LEVEL 2;PONIES",,"978-0-448-49484-5","PUFFIN (PENGUIN)",2012,,,,,"823/POL",,,,"POLLACK.PAM;Author BELVISO.MEG;Author",,,,,150,,"BULSAR BOOK STORE",,,,"STORY",
"PUFFIN YOUNG READERS: LEVEL 2;SPIDER'S LUNCH: ALL ABOUT GARDEN SPIDERS",,"978-0-448-45797-0","PUFFIN (PENGUIN)",2011,,,,,"823/COL",,,,"COLE.JOANNA;Author",,,,,150,,"BULSAR BOOK STORE",,,,"STORY",
"PUFFIN YOUNG READERS: LEVEL 2;SHAPE SPOTTERS",,"978-0-448-46125-0","PUFFIN (PENGUIN)",2012,,,,,"823/BRY",,,,"BRYANT.MEGAN E.;Author",,,,,150,,"BULSAR BOOK STORE",,,,"STORY",
"PUFFIN YOUNG READERS: LEVEL 2;PRINCESS BUTTERCUP:A FLOWER PRINCESS STORY",,"978-0-448-46123-6","PUFFIN (PENGUIN)",2012,,,,,"823/LEW",,,,"LEWISON.WENDY CHEYETTE;Author",,,,,150,,"BULSAR BOOK STORE",,,,"STORY",
"PUFFIN YOUNG READERS: LEVEL 2;BAD HAIR DAY",,"978-0-448-45815-1","PUFFIN (PENGUIN)",2011,,,,,"823/HOO",,,,"HOOD.SUSAN;Author",,,,,150,,"BULSAR BOOK STORE",,,,"STORY",
"PUFFIN YOUNG READERS: LEVEL 2;PAJAMA PARTY",,"978-0-448-46122-9","PUFFIN (PENGUIN)",2012,,,,,"823/HOL",,,,"HOLUB.JOAN;Author",,,,,150,,"BULSAR BOOK STORE",,,,"STORY",
"PUFFIN YOUNG READERS: LEVEL 2;TURTLES",,"978-0-448-46126-7","PUFFIN (PENGUIN)",2012,,,,,"823/HUE",,,,"HUELIN.JODI;Author",,,,,150,,"BULSAR BOOK STORE",,,,"STORY",
"PUFFIN YOUNG READERS: LEVEL 2;COWBOY ROY",,"978-0-448-45819-9","PUFFIN (PENGUIN)",2011,,,,,"823/DUB",,,,"DUBOWSKI.CATHY EAST;Author DUBOWSKI.MARK;Author",,,,,150,,"BULSAR BOOK STORE",,,,"STORY",
"PUFFIN YOUNG READERS: LEVEL 2;WHO STOLE THE COOKIES",,"978-0-448-45795-6","PUFFIN (PENGUIN)",2011,,,,,"823/MOF",,,,"MOFFATT.JUDITH;Author",,,,,150,,"BULSAR BOOK STORE",,,,"STORY",
"PUFFIN YOUNG READERS: LEVEL 2;PAL AND SAL",,"978-0-448-45812-0","PUFFIN (PENGUIN)",2011,,,,,"823/HER",,,,"HERMAN.R.A.;Author",,,,,150,,"BULSAR BOOK STORE",,,,"STORY",
"PUFFIN YOUNG READERS: LEVEL 2;JASON'S BUS RIDE",,"978-0-448-46127-4","PUFFIN (PENGUIN)",2012,,,,,"823/ZIE",,,,"ZIEFERT.HARRIET;Author",,,,,150,,"BULSAR BOOK STORE",,,,"STORY",
"PUFFIN YOUNG READERS: LEVEL 2;GOOD NIGHT,GOOD KNIGHT",,"978-0-448-45799-4","PUFFIN (PENGUIN)",2011,,,,,"823/THO",,,,"THOMAS.SHELLEY MOORE;Author",,,,,150,,"BULSAR BOOK STORE",,,,"STORY",
"PUFFIN YOUNG READERS: LEVEL 2;THE TEENY-TINY WOMAN",,"978-0-448-49481-4","PUFFIN (PENGUIN)",2012,,,,,"823/ZIE",,,,"ZIEFERT.HARRIET;Author",,,,,150,,"BULSAR BOOK STORE",,,,"STORY",
"PUFFIN YOUNG READERS: LEVEL 2;MADELINE AND HER DOG",,"978-0-448-45792-5","PUFFIN (PENGUIN)",2011,,,,,"823/MAR",,,,"MARCIANO.JOHN BEMELMANS;Author",,,,,150,,"BULSAR BOOK STORE",,,,"STORY",
"PUFFIN YOUNG READERS: LEVEL 2;FROGS",,"978-0-448-45820-5","PUFFIN (PENGUIN)",2011,,,,,"823/DRI",,,,"DRISCOLL.LAURA;Author",,,,,150,,"BULSAR BOOK STORE",,,,"STORY",
"PUFFIN YOUNG READERS: LEVEL 2;LOOK! I CAN READ",,"978-0-448-45794-9","PUFFIN (PENGUIN)",2011,,,,,"823/HOO",,,,"HOOD.SUSAN;Author",,,,,150,,"BULSAR BOOK STORE",,,,"STORY",
"PUFFIN YOUNG READERS: LEVEL 2;SCAT,CATS!",,"978-0-448-46124-3","PUFFIN (PENGUIN)",2012,,,,,"823/HOL",,,,"HOLUB.JOAN;Author",,,,,150,,"BULSAR BOOK STORE",,,,"STORY",
"PUFFIN YOUNG READERS: LEVEL 2;PAL THE PONY",,"978-0-448-45796-3","PUFFIN (PENGUIN)",2011,,,,,"823/HER",,,,"HERMAN.R.A.;Author",,,,,150,,"BULSAR BOOK STORE",,,,"STORY",
"PUFFIN YOUNG READERS: LEVEL 2;THE BOOKSTORE GHOST",,"978-0-448-46131-1","PUFFIN (PENGUIN)",2012,,,,,"823/MAI",,,,"MAITLAND.BARBARA;Author",,,,,150,,"BULSAR BOOK STORE",,,,"STORY",
"PUFFIN YOUNG READERS: LEVEL 2;THE BRAVEST CAT!THE TRUE STORY OF SCARLETT",,"978-0-448-49482-1","PUFFIN (PENGUIN)",2012,,,,,"823/DRI",,,,"DRISCOLL.LAURA;Author",,,,,150,,"BULSAR BOOK STORE",,,,"STORY",
"PUFFIN YOUNG READERS: LEVEL 2;THE BARKER TWINS "" HIDE-AND-SEEK ALL WEEK",,"978-0-448-46130-4","PUFFIN (PENGUIN)",2012,,,,,"823/DEP",,,,"DEPAOLA.TOMIE;Author",,,,,150,,"BULSAR BOOK STORE",,,,"STORY",
"PUFFIN YOUNG READERS: LEVEL 2;BUSY BUGS,A BOOK ABOUT PATTERNS",,"978-0-448-45816-8","PUFFIN (PENGUIN)",2011,,,,,"823/HAR",,,,"HARVEY.JAYNE;Author",,,,,150,,"BULSAR BOOK STORE",,,,"STORY",
"PUFFIN YOUNG READERS: LEVEL 2;THE BARKER TWINS,T-REX IS MISSING!",,"978-0-448-49479-1","PUFFIN (PENGUIN)",2012,,,,,"823/DEP",,,,"DEPAOLA.TOMIE;Author",,,,,150,,"BULSAR BOOK STORE",,,,"STORY",
"PUFFIN YOUNG READERS: LEVEL 2;JOHNNY APPLESEED",,"978-0-448-46128-1","PUFFIN (PENGUIN)",2012,,,,,"823/DEM",,,,"DEMUTH.PATRICIA;Author",,,,,150,,"BULSAR BOOK STORE",,,,"STORY",
"PUFFIN YOUNG READERS: LEVEL 2;BUTTERFLIES",,"978-0-448-49483-8","PUFFIN (PENGUIN)",2012,,,,,"823/NEY",,,,"NEYE.EMILY;Author",,,,,150,,"BULSAR BOOK STORE",,,,"STORY",
"PUFFIN YOUNG READERS: LEVEL 2;THE PIZZA THAT WE MADE",,"978-0-448-45798-7","PUFFIN (PENGUIN)",2011,,,,,"823/HOL",,,,"HOLUB.JOAN;Author",,,,,150,,"BULSAR BOOK STORE",,,,"STORY",
"PUFFIN YOUNG READERS: LEVEL 2;THAT BAD,BAD CAT!",,"978-0-448-45813-7","PUFFIN (PENGUIN)",2011,,,,,"823/MAS",,,,"MASUREL.CLAIRE;Author",,,,,150,,"BULSAR BOOK STORE",,,,"STORY",
"PUFFIN YOUNG READERS: LEVEL 2;PRINCESS FOR A DAY",,"978-0-448-49485-2","PUFFIN (PENGUIN)",2012,,,,,"823/COC",,,,"COCCA-LEFFLER.MARYANNA;Author",,,,,150,,"BULSAR BOOK STORE",,,,"STORY",
"PUFFIN YOUNG READERS: LEVEL 2;WAHAT A HUNGRY PUPPY!",,"978-0-448-45814-4","PUFFIN (PENGUIN)",2011,,,,,"823/HER",,,,"HERMAN.GAIL;Author",,,,,150,,"BULSAR BOOK STORE",,,,"STORY",
"PUFFIN YOUNG READERS: LEVEL 3;A IS FOR AMBER,WHAT A TRIP AMBER BROWN",,"978-0-448-45827-4","PUFFIN (PENGUIN)",2011,,,,,"823/DAN",,,,"DANZIGER.PAULA;Author",,,,,150,,"BULSAR BOOK STORE",,,,"STORY",
"PUFFIN YOUNG READERS: LEVEL 3; POUCH BABIES",,"978-0-448-45828-1","PUFFIN (PENGUIN)",2011,,,,,"823/DAN",,,,"CLARKE.GINJER;Author",,,,,150,,"BULSAR BOOK STORE",,,,"STORY",
"PUFFIN YOUNG READERS: LEVEL 3;PIRATE SCHOOL",,"978-0-448-45821-2","PUFFIN (PENGUIN)",2011,,,,,"823/DUB",,,,"DUBOWSKI.CATHY EAST;Author DUBOWSKI.MARK;Author",,,,,150,,"BULSAR BOOK STORE",,,,"STORY",
"PUFFIN YOUNG READERS: LEVEL 3;YOUNG CAM JANSEN AND THE DINOSAUR GAME",,"978-0-448-45802-1","PUFFIN (PENGUIN)",2011,,,,,"823/ADL",,,,"ADLER.DAVID A.;Author",,,,,150,,"BULSAR BOOK STORE",,,,"STORY",
"PUFFIN YOUNG READERS: LEVEL 3;A IS FOR AMBER,SECOND GRADE RULES,AMBER BROWN",,"978-0-448-45804-5","PUFFIN (PENGUIN)",2011,,,,,"823/DAN",,,,"DANZIGER.PAULA;Author",,,,,150,,"BULSAR BOOK STORE",,,,"STORY",
"PUFFIN YOUNG READERS: LEVEL 3;BUG OUT! THE WORLD'S CREEPIEST,CRAWLIEST CRITTERS",,"978-0-448-45806-9","PUFFIN (PENGUIN)",2011,,,,,"823/CLA",,,,"CLARKE.GINJER L.;Author",,,,,150,,"BULSAR BOOK STORE",,,,"STORY",
"PUFFIN YOUNG READERS: LEVEL 3;MY BROTHER,ANT",,"978-0-448-45801-4","PUFFIN (PENGUIN)",2011,,,,,"823/BYA",,,,"BYARS.BETSY;Author",,,,,150,,"BULSAR BOOK STORE",,,,"STORY",
"PUFFIN YOUNG READERS: LEVEL 3;WHY DO CATS MEOW?",,"978-0-448-45826-7","PUFFIN (PENGUIN)",2011,,,,,"823/HOL",,,,"HOLUB.JOAN;Author",,,,,150,,"BULSAR BOOK STORE",,,,"STORY",
"PUFFIN YOUNG READERS: LEVEL 3;FREAK OUT!ANIMALS BEYOND YOUR WILDEST IMAGINATION",,"978-0-448-46141-0","PUFFIN (PENGUIN)",2012,,,,,"823/CLA",,,,"CLARKE.GINJER ;Author",,,,,150,,"BULSAR BOOK STORE",,,,"STORY",
"PUFFIN YOUNG READERS: LEVEL 3;WHY DO DOGS BARK?",,"978-0-448-46140-3","PUFFIN (PENGUIN)",2012,,,,,"823/HOL",,,,"HOLUB.JOAN;Author",,,,,150,,"BULSAR BOOK STORE",,,,"STORY",
"PUFFIN YOUNG READERS: LEVEL 3;VOLCANOES,MOUNTAINS THAT BLOW THEIR TOPS",,"978-0-448-45830-4","PUFFIN (PENGUIN)",2011,,,,,"823/NIR",,,,"NIRGIOTIS.NICHOLAS;Author",,,,,150,,"BULSAR BOOK STORE",,,,"STORY",
"PUFFIN YOUNG READERS: LEVEL 3;I BROUGHT MY RAT FOR SHOW-AND-TELL AND OTHER FUNNY SCHOOL POEMS",,"978-0-448-46641-5","PUFFIN (PENGUIN)",2013,,,,,"823/HOR",,,,"HORTON.JOAN;Author",,,,,150,,"BULSAR BOOK STORE",,,,"STORY",
"PUFFIN YOUNG READERS: LEVEL 3;BABY MEERKATS",,"978-0-448-46638-5","PUFFIN (PENGUIN)",2013,,,,,"823/CLA",,,,"CLARKE.GINJER;Author",,,,,150,,"BULSAR BOOK STORE",,,,"STORY",
"PUFFIN YOUNG READERS: LEVEL 3;THE GIANT JELLY BEAN JAR",,"978-0-448-46624-8","PUFFIN (PENGUIN)"," ",,,,,"823/ABO",,,,"ABOFF.MARCIE;Author",,,,,150,,"BULSAR BOOK STORE",,,,"STORY",
"PUFFIN YOUNG READERS: LEVEL 3;FOX BE NIMBLE",,"978-0-448-45800-7","PUFFIN (PENGUIN)",2011,,,,,"823/MAR",,,,"MARSHALL.JAMES;Author",,,,,150,,"BULSAR BOOK STORE",,,,"STORY",
"PUFFIN YOUNG READERS: LEVEL 3;GET WELL,GOOD KNIGHT",,"978-0-448-49489-0","PUFFIN (PENGUIN)",2012,,,,,"823/THO",,,,"THOMAS.SHELLEY MOORE;Author",,,,,150,,"BULSAR BOOK STORE",,,,"STORY",
"PUFFIN YOUNG READERS: LEVEL 3;POLAR BEARS IN DANGER",,"978-0-448-46642-2","PUFFIN (PENGUIN)",2013,,,,,"823/EDW",,,,"EDWARDS.ROBERTA;Author",,,,,150,,"BULSAR BOOK STORE",,,,"STORY",
"PUFFIN YOUNG READERS: LEVEL 3;PRINCESS LULU GOES TO CAMP",,"978-0-448-46139-7","PUFFIN (PENGUIN)",2012,,,,,"823/CRI",,,,"CRISTALDI.KATHRYN;Author",,,,,150,,"BULSAR BOOK STORE",,,,"STORY",
"PUFFIN YOUNG READERS: LEVEL 3;THE MIRACLE OF EASTER",,"978-0-448-49490-6","PUFFIN (PENGUIN)",2012,,,,,"823/MAL",,,,"MALONE.JEAN M.;Author",,,,,150,,"BULSAR BOOK STORE",,,,"STORY",
"PUFFIN YOUNG READERS: LEVEL 3;CHEETAH CUBS",,"978-0-448-46138-0","PUFFIN (PENGUIN)",2012,,,,,"823/CLA",,,,"CLARKE.GINJER L.;Author",,,,,150,,"BULSAR BOOK STORE",,,,"STORY",
"PUFFIN YOUNG READERS: LEVEL 3;YOUNG CAM JANSEN AND THE LOST TOOTH",,"978-0-448-45824-3","PUFFIN (PENGUIN)",2011,,,,,"823/ADL",,,,"ADLER.DAVID A.;Author",,,,,150,,"BULSAR BOOK STORE",,,,"STORY",
"PUFFIN YOUNG READERS: LEVEL 3;FOX ON THE JOB",,"978-0-448-49488-3","PUFFIN (PENGUIN)",2012,,,,,"823/MAR",,,,"MARSHALL.JAMES;Author",,,,,150,,"BULSAR BOOK STORE",,,,"STORY",
"PUFFIN YOUNG READERS: LEVEL 3; THE SECRET GARDEN",,"978-0-448-49498-2","PUFFIN (PENGUIN)",2012,,,,,"823/BUR",,,,"BURNETT'S.FRANCES HODGSON ;Author",,,,,150,,"BULSAR BOOK STORE",,,,"STORY",
"PUFFIN YOUNG READERS: LEVEL 3;YOUNG CAM JANSEN AND THE MISSING COOKIE",,"978-0-448-45823-6","PUFFIN (PENGUIN)",2011,,,,,"823/ADL",,,,"ADLER.DAVID A.;Author",,,,,150,,"BULSAR BOOK STORE",,,,"STORY",
"PUFFIN YOUNG READERS: LEVEL 3;BONES AND THE BIG YELLOW MYSTERY",,"978-0-448-46136-6","PUFFIN (PENGUIN)",2012,,,,,"823/ADL",,,,"ADLER.DAVID A.;Author",,,,,150,,"BULSAR BOOK STORE",,,,"STORY",
"PUFFIN YOUNG READERS: LEVEL 3;CORK & FUZZ BEST FRIENDS",,"978-0-448-46134-2","PUFFIN (PENGUIN)",2012,,,,,"823/CHA",,,,"CHACONAS.DORI;Author",,,,,150,,"BULSAR BOOK STORE",,,,"STORY",
"PUFFIN YOUNG READERS: LEVEL 3;OLIVER AND AMANDA,AMANDA PIG AND THE REALLY HOT DAY",,"978-0-448-45805-2","PUFFIN (PENGUIN)",2011,,,,,"823/LEE",,,,"LEEUWEN.JEAN VAN;Author",,,,,150,,"BULSAR BOOK STORE",,,,"STORY",
"PUFFIN YOUNG READERS: LEVEL 3;PEARL AND WAGNER TWO GOOD FRIENDS",,"978-0-448-45803-8","PUFFIN (PENGUIN)",2011,,,,,"823/MCM",,,,"McMULLAN.KATE;Author",,,,,150,,"BULSAR BOOK STORE",,,,"STORY",
"PUFFIN YOUNG READERS: LEVEL 3;YOUNG CAM JANSEN AND THE PIZZA SHOP MYSTERY",,"978-0-448-46135-9","PUFFIN (PENGUIN)",2012,,,,,"823/ADL",,,,"ADLER.DAVID A.;Author",,,,,150,,"BULSAR BOOK STORE",,,,"STORY",
"PUFFIN YOUNG READERS: LEVEL 3;BIG CATS",,"978-0-448-49494-4","PUFFIN (PENGUIN)",2012,,,,,"823/MIL",,,,"MILTON.JOYCE;Author",,,,,150,,"BULSAR BOOK STORE",,,,"STORY",
"PUFFIN YOUNG READERS: LEVEL 3;GEORGE WASHINGTON'S MOTHER",,"978-0-448-49497-5","PUFFIN (PENGUIN)",2012,,,,,"823/FRI",,,,"FRITZ.JEAN;Author",,,,,150,,"BULSAR BOOK STORE",,,,"STORY",
"PUFFIN YOUNG READERS: LEVEL 3;DINOSAUR EGGS",,"978-0-448-49496-8","PUFFIN (PENGUIN)",2012,,,,,"823/DUS",,,,"DUSSLING.JENNIFER;Author",,,,,150,,"BULSAR BOOK STORE",,,,"STORY",
"PUFFIN YOUNG READERS: LEVEL 3;YOUNG CAM JANSEN AND THE BASEBALL MYSTERY",,"978-0-448-49492-0","PUFFIN (PENGUIN)",2012,,,,,"823/ADL",,,,"ADLER.DAVID A.;Author",,,,,150,,"BULSAR BOOK STORE",,,,"STORY",
"PUFFIN YOUNG READERS: LEVEL 3;HONEYBEES",,"978-0-448-49493-7","PUFFIN (PENGUIN)",2012,,,,,"823/MIL",,,,"MILTON.JOYCE;Author",,,,,150,,"BULSAR BOOK STORE",,,,"STORY",
"PUFFIN YOUNG READERS: LEVEL 3;GRASSHOPPER PIE AND OTHER POEMS",,"978-0-448-49495-1","PUFFIN (PENGUIN)",2012,,,,,"823/STE",,,,"STEINBERG.D.J.;Author",,,,,150,,"BULSAR BOOK STORE",,,,"STORY",
"PUFFIN YOUNG READERS: LEVEL 3; A LITTLE PRINCESS",,"978-0-448-45825-0","PUFFIN (PENGUIN)",2011,,,,,"823/BUR",,,,"BURNETT'S.FRANCES HODGSON ;Author",,,,,150,,"BULSAR BOOK STORE",,,,"STORY",
"PUFFIN YOUNG READERS: LEVEL 3;MUMMIES",,"978-0-448-45829-8","PUFFIN (PENGUIN)",2011,,,,,"823/MIL",,,,"MILTON.JOYCE;Author",,,,,150,,"BULSAR BOOK STORE",,,,"STORY",
"PUFFIN YOUNG READERS: LEVEL 3;RED,WHITE,AND BLUE, THE STORY OF THE AMERICAN FLAG",,"978-0-448-46142-7","PUFFIN (PENGUIN)",2012,,,,,"823/HER",,,,"HERMAN.JOHN;Author",,,,,150,,"BULSAR BOOK STORE",,,,"STORY",
"PUFFIN YOUNG READERS: LEVEL 3;YOUNG CAM JANSEN AND THE ICE SKATE MYSTERY",,"978-0-448-49491-3","PUFFIN (PENGUIN)",2012,,,,,"823/ADL",,,,"ADLER.DAVID A.;Author",,,,,150,,"BULSAR BOOK STORE",,,,"STORY",
"PUFFIN YOUNG READERS: LEVEL 3;SHARKS!",,"978-0-448-45822-9","PUFFIN (PENGUIN)",2011,,,,,"823/CLA",,,,"CLARKE.GINJER L.;Author",,,,,150,,"BULSAR BOOK STORE",,,,"STORY",
"PUFFIN YOUNG READERS: LEVEL 3;FLOWER GIRL",,"978-0-448-49487-6","PUFFIN (PENGUIN)",2012,,,,,"823/HER",,,,"HERMAN.GAIL;Author",,,,,150,,"BULSAR BOOK STORE",,,,"STORY",
"PUFFIN YOUNG READERS: LEVEL 3;OLIVER AND AMANDA,AMANDA PIG AND HER BEST FRIEND LOLLIPOP",,"978-0-448-46137-3","PUFFIN (PENGUIN)",2012,,,,,"823/LEE",,,,"LEEUWEN.JEAN VAN;Author",,,,,150,,"BULSAR BOOK STORE",,,,"STORY",
"PUFFIN YOUNG READERS: LEVEL 4;JUST A FEW WORDS,MR.LINCOLN,THE STORY OF THE GETTYSBURG ADDRESS",,"978-0-448-45808-3","PUFFIN (PENGUIN)",2011,,,,,"823/FRI",,,,"FRITZ.JEAN;Author",,,,,150,,"BULSAR BOOK STORE",,,,"STORY",
"PUFFIN YOUNG READERS: LEVEL 4;TRUE BLUE",,"978-0-448-46145-8","PUFFIN (PENGUIN)",2012,,,,,"823/ELS",,,,"ELSTE.JOAN;Author",,,,,150,,"BULSAR BOOK STORE",,,,"STORY",
"PUFFIN YOUNG READERS: LEVEL 4;YOU CAN'T SMELL A FLOWER WITH YOUR EAR!ALL ABOUT YOUR 5 SENSES",,"978-0-448-49550-7","PUFFIN (PENGUIN)",2012,,,,,"823/COL",,,,"COLE.JOANNA;Author",,,,,150,,"BULSAR BOOK STORE",,,,"STORY",
"PUFFIN YOUNG READERS: LEVEL 4;CIVIL WAR SUB,THE MYSTERY OF THE HUNLEY",,"978-0-448-49551-4","PUFFIN (PENGUIN)",2012,,,,,"823/JER",,,,"JEROME.KATE BOEHM;Author",,,,,150,,"BULSAR BOOK STORE",,,,"STORY",
"PUFFIN YOUNG READERS: LEVEL 4;SACAJAWEA HER TRUE STORY",,"978-0-448-45831-1","PUFFIN (PENGUIN)",2011,,,,,"823/MIL",,,,"MILTON.JOYCE;Author",,,,,150,,"BULSAR BOOK STORE",,,,"STORY",
"PUFFIN YOUNG READERS: LEVEL 4;TITANIC THE STORY LIVES ON!",,"978-0-448-49499-9","PUFFIN (PENGUIN)",2012,,,,,"823/DRI",,,,"DRISCOLL.LAURA;Author",,,,,150,,"BULSAR BOOK STORE",,,,"STORY",
"PUFFIN YOUNG READERS: LEVEL 4;BLACK BEAUTY",,"978-0-448-45807-6","PUFFIN (PENGUIN)",2011,,,,,"823/SEW",,,,"SEWELL.ANNA;Author",,,,,150,,"BULSAR BOOK STORE",,,,"STORY",
"PUFFIN YOUNG READERS: LEVEL 4;I AM ROSE PARKS",,"978-0-448-45832-8","PUFFIN (PENGUIN)",2011,,,,,"823/PAR",,,,"PARKS.ROSE;Author HASKINS.JIM;Author",,,,,150,,"BULSAR BOOK STORE",,,,"STORY",
"SPY PUPS SNIFFING OUT DANGER WHEREVER THEY GO: TRAINING SCHOOL",,"978-0-141-33881-1","PUFFIN (PENGUIN)",2012,,,,,"823/COP",,,,"COPE.ANDREW;Author COBURN.ANN;Author",,,,,250,,"BULSAR BOOK STORE",,,,"STORY",
"SPY PUPS SNIFFING OUT DANGER WHEREVER THEY GO: PRISON BREAK",,"978-0-141-32604-7","PUFFIN (PENGUIN)",2010,,,,,"823/COP",,,,"COPE.ANDREW ;Author",,,,,250,,"BULSAR BOOK STORE",,,,"STORY",
"SPY DOG SNIFFING OUT DANGER WHEREVER SHE GOES: SECRET SANTA ",,"978-0-141-32997-0","PUFFIN (PENGUIN)",2010,,,,,"823/COP",,,,"COPE.ANDREW ;Author",,,,,250,,"BULSAR BOOK STORE",,,,"STORY",
"SPY PUPS : TREASURE QUEST",,"978-0-141-32603-0","PUFFIN (PENGUIN)",2009,,,,,"823/COP",,,,"COPE.ANDREW ;Author",,,,,250,,"BULSAR BOOK STORE",,,,"STORY",
"SPY DOG SNIFFING OUT DANGER WHEREVER SHE GOES: SUPERBRAIN",,"978-0-141-32244-5","PUFFIN (PENGUIN)",2008,,,,,"823/COP",,,,"COPE.ANDREW;Author",,,,,250,,"BULSAR BOOK STORE",,,,"STORY",
"SPY PUPS SNIFFING OUT DANGER WHEREVER THEY GO: SURVIVAL CAMP",,"978-0-141-33880-4","PUFFIN (PENGUIN)",2012,,,,,"823/COP",,,,"COPE.ANDREW;Author COBURN.ANN;Author",,,,,250,,"BULSAR BOOK STORE",,,,"STORY",
"SPY DOG SNIFFING OUT DANGER WHEREVER SHE GOES: TEACHER'S PET",,"978-0-141-33620-6","PUFFIN (PENGUIN)",2010,,,,,"823/COP",,,,"COPE.ANDREW ;Author",,,,,250,,"BULSAR BOOK STORE",,,,"STORY",
"SPY PUPS SNIFFING OUT DANGER WHEREVER THEY GO: DANGER ISLAND",,"978-0-141-32606-1","PUFFIN (PENGUIN)",2011,,,,,"823/COP",,,,"COPE.ANDREW;Author",,,,,250,,"BULSAR BOOK STORE",,,,"STORY",
"SPY DOG SNIFFING OUT DANGER WHEREVER SHE GOES: UNLEASHED!",,"978-0-141-32123-3","PUFFIN (PENGUIN)",2007,,,,,"823/COP",,,,"COPE.ANDREW ;Author",,,,,250,,"BULSAR BOOK STORE",,,,"STORY",
"SPY DOG: ROCKET RIDER",,"978-0-141-32245-2","PUFFIN (PENGUIN)",2009,,,,,"823/COP",,,,"COPE.ANDREW ;Author",,,,,250,,"BULSAR BOOK STORE",,,,"STORY",
"SPY DOG SNIFFING OUT DANGER WHEREVER SHE GOES",,"978-0-141-31884-4","PUFFIN (PENGUIN)",2005,,,,,"823/COP",,,,"COPE.ANDREW ;Author",,,,,250,,"BULSAR BOOK STORE",,,,"STORY",
"SPY DOG SNIFFING OUT DANGER WHEREVER SHE GOES: ROLLERCOASTER!",,"978-0-141-33882-8","PUFFIN (PENGUIN)",2012,,,,,"823/COP",,,,"COPE.ANDREW;Author",,,,,250,,"BULSAR BOOK STORE",,,,"STORY",
"SPY PUPS SNIFFING OUT DANGER WHEREVER THEY GO: CIRCUS ACT",,"978-0-141-32605-4","PUFFIN (PENGUIN)",2012,,,,,"823/COP",,,,"COPE.ANDREW ;Author",,,,,250,,"BULSAR BOOK STORE",,,,"STORY",
"THE ELVES AND THE SHOEMAKER",,"978-1-40931-428-8","LADYBIRD(PENGUIN)",,,,,,"823/ELV",,,,,,,,,99,,"BULSAR BOOK STORE",,,,"STORY",
"CINDERELLA",,"978-1-40931-413-4","LADYBIRD(PENGUIN)",1964,,,,,"823/CIN",,,,,,,,,99,,"BULSAR BOOK STORE",,,,"STORY",
"THE GINGERBREAD MAN",,"978-1-40931-418-9","LADYBIRD(PENGUIN)",1964,,,,,"823/GIN",,,,,,,,,99,,"BULSAR BOOK STORE",,,,"STORY",
"RUMPELSTILTSKIN",,"978-1-40931-422-6","LADYBIRD(PENGUIN)",,,,,,"823/RUM",,,,,,,,,99,,"BULSAR BOOK STORE",,,,"STORY",
"THE THREE BILLY GOATS GRUFF",,"978-1-40931-419-6","LADYBIRD(PENGUIN)",1964,,,,,"823/THR",,,,,,,,,99,,"BULSAR BOOK STORE",,,,"STORY",
"HANSAL AND GRETEL",,"978-1-40931-415-8","LADYBIRD(PENGUIN)",1964,,,,,"823/HAN",,,,,,,,,99,,"BULSAR BOOK STORE",,,,"STORY",
"SNOW WHITE & THE SEVEN DRARFS",,"978-1-40931-423-3","LADYBIRD(PENGUIN)",,,,,,"823/SNO",,,,,,,,,99,,"BULSAR BOOK STORE",,,,"STORY",
"RAPUNZEL",,"978-1-40931-424-0","LADYBIRD(PENGUIN)",,,,,,"823/RAP",,,,,,,,,99,,"BULSAR BOOK STORE",,,,"STORY",
"PUSS IN BOOTS",,"978-1-40931-427-1","LADYBIRD(PENGUIN)",,,,,,"823/PUS",,,,,,,,,99,,"BULSAR BOOK STORE",,,,"STORY",
"SUPERHERO PHONIC READERS: SUPER ROBORT; LEVEL 8",,"978-1-4093-0167-7","LADYBIRD(PENGUIN)",,,,,,"823/CRO",,,,"CROSSLEY.DICK;Author",,,,,99,,"BULSAR BOOK STORE",,,,"STORY",
"SUPERHERO PHONIC READERS: THE SUPER READER; LEVEL 10",,"978-1-4093-0169-1","LADYBIRD(PENGUIN)",,,,,,"823/ROS",,,,"ROSS.MANDY;Author",,,,,99,,"BULSAR BOOK STORE",,,,"STORY",
"SUPERHERO PHONIC READERS: THE CAT IN THE MASK; LEVEL 1",,"978-1-40930-157-8","LADYBIRD(PENGUIN)",,,,,,"823/CRO",,,,"CROSSLEY.DICK;Author",,,,,99,,"BULSAR BOOK STORE",,,,"STORY",
"ANIMAL STORIES: STRIPEY SAM",,"978-1-40930-998-7","LADYBIRD(PENGUIN)",,,,,,"823/ROS",,,,"ROSS.MANDY;Author",,,,,99,,"BULSAR BOOK STORE",,,,"STORY",
"ANIMAL STORIES: HUGE HENRY",,"978-1-40930-990-1","LADYBIRD(PENGUIN)",,,,,,"823/ROS",,,,"ROSS.MANDY;Author",,,,,99,,"BULSAR BOOK STORE",,,,"STORY",
"ANIMAL STORIES: HISSING HATTIE",,"978-1-40930-988-8","LADYBIRD(PENGUIN)",,,,,,"823/JOY",,,,"JOYCE.MELANIE;Author",,,,,99,,"BULSAR BOOK STORE",,,,"STORY",
"ANIMAL STORIES: SWINGING SALLY",,"978-1-40930-992-5","LADYBIRD(PENGUIN)",,,,,,"823/RAN",,,,"RANDALL.RONNE;Author JOYCE.MELANIE;Author",,,,,99,,"BULSAR BOOK STORE",,,,"STORY",
"ANIMAL STORIES: MUDDY MOLLY",,"978-1-40930-994-9","LADYBIRD(PENGUIN)",,,,,,"823/RON",,,,"RANDALL.RONNE;Author",,,,,99,,"BULSAR BOOK STORE",,,,"STORY",
"ANIMAL STORIES: ROARING RORY",,"978-1-40930-996-3","LADYBIRD(PENGUIN)",,,,,,"823/RON",,,,"RANDALL.RONNE;Author",,,,,99,,"BULSAR BOOK STORE",,,,"STORY",
"FIRST SKILL: BIG AND LITTLE",,"978-1-40931-030-3","LADYBIRD(PENGUIN)",,,,,,"823/CLA",,,,"CLARK.LESLEY;Author",,,,,99,,"BULSAR BOOK STORE",,,,"STORY",
"FIRST SKILL:  ABC",,"978-1-40931-028-0","LADYBIRD(PENGUIN)",,,,,,"823/CLA",,,,"CLARK.LESLEY;Author",,,,,99,,"BULSAR BOOK STORE",,,,"STORY",
"FIRST SKILL: COLOURS AND SHAPES",,"978-1-40931-029-7","LADYBIRD(PENGUIN)",,,,,,"823/CLA",,,,"CLARK.LESLEY;Author",,,,,99,,"BULSAR BOOK STORE",,,,"STORY",
"READ WITH ME KEY WORDS READING SCHEME: THE DRAGON DEN  ",,"978-1-40931-077-8","LADYBIRD(PENGUIN)",,,,,,"823/MUR",,,,"MURRAY.WILLIAM;Author CORBY.JILL ;Author",,,,,99,,"BULSAR BOOK STORE",,,,"STORY",
"READ WITH ME KEY WORDS READING SCHEME: THE SPACE BOAT",,"978-1-40931-074-7","LADYBIRD(PENGUIN)",,,,,,"823/MUR",,,,"MURRAY.WILLIAM;Author CORBY.JILL ;Author",,,,,99,,"BULSAR BOOK STORE",,,,"STORY",
"READ WITH ME KEY WORDS READING SCHEME: SAM TO THE RESCUE",,"978-1-40931-078-5","LADYBIRD(PENGUIN)",,,,,,"823/MUR",,,,"MURRAY.WILLIAM;Author CORBY.JILL ;Author",,,,,99,,"BULSAR BOOK STORE",,,,"STORY",
"READ WITH ME KEY WORDS READING SCHEME: THE DAY TRIP",,"978-1-40931-081-5","LADYBIRD(PENGUIN)",,,,,,"823/MUR",,,,"MURRAY.WILLIAM;Author CORBY.JILL ;Author",,,,,99,,"BULSAR BOOK STORE",,,,"STORY",
"READ WITH ME KEY WORDS READING SCHEME: MAGIC MUSIC",,"978-1-40931-084-6","LADYBIRD(PENGUIN)",,,,,,"823/MUR",,,,"MURRAY.WILLIAM;Author CORBY.JILL ;Author",,,,,99,,"BULSAR BOOK STORE",,,,"STORY",
"READ WITH ME KEY WORDS READING SCHEME: THE BIG SECRET",,"978-1-40931-073-0","LADYBIRD(PENGUIN)",,,,,,"823/MUR",,,,"MURRAY.WILLIAM;Author CORBY.JILL ;Author",,,,,99,,"BULSAR BOOK STORE",,,,"STORY",
"READ WITH ME KEY WORDS READING SCHEME: THE FIERCE GIANT",,"978-1-40931-086-0","LADYBIRD(PENGUIN)",,,,,,"823/MUR",,,,"MURRAY.WILLIAM;Author CORBY.JILL ;Author",,,,,99,,"BULSAR BOOK STORE",,,,"STORY",
"READ WITH ME KEY WORDS READING SCHEME: LOST IN PIPER'S PARK",,"978-1-40931-087-7","LADYBIRD(PENGUIN)",,,,,,"823/MUR",,,,"MURRAY.WILLIAM;Author CORBY.JILL ;Author",,,,,99,,"BULSAR BOOK STORE",,,,"STORY",
"READ WITH ME KEY WORDS READING SCHEME: A BUSY NIGHT",,"978-1-40931-089-1","LADYBIRD(PENGUIN)",,,,,,"823/MUR",,,,"MURRAY.WILLIAM;Author CORBY.JILL ;Author",,,,,99,,"BULSAR BOOK STORE",,,,"STORY",
"THE WIND IN THE WILLOWS",,"978-1-40931-356-4","LADYBIRD(PENGUIN)",,,,,,"823/GRA",,,,"GRAHAME.KENNETH;Author",,,,,199,,"BULSAR BOOK STORE",,,,"STORY",
"PETER PAN",,"978-1-40931-222-2","LADYBIRD(PENGUIN)",,,,,,"823/BAR",,,,"BARRIE.J.M.;Author",,,,,199,,"BULSAR BOOK STORE",,,,"STORY",
"HEIDI",,"978-1-40931-357-1","LADYBIRD(PENGUIN)",,,,,,"823/SPY",,,,"SPYRI.JOHANNA;Author",,,,,199,,"BULSAR BOOK STORE",,,,"STORY",
"A CHRISTMAS CAROL",,"978-1-40931-221-5","LADYBIRD(PENGUIN)",,,,,,"823/DIC",,,,"DICKENS.CHARLES;Author",,,,,199,,"BULSAR BOOK STORE",,,,"STORY",
"TRUCK TROUBLE: BEGINNING 1 TO READ",,"978-1-40938-084-9","DK(PENGUIN)",2013,,,,,"300/ROY",,,,"ROYSTON.ANGELA;Author",,,,,299,,"BULSAR BOOK STORE",,,,"SOCIAL SCIENCE",
"ROCKETS AND SPACESHIPS: BEGINNING 1 TO READ",,"978-1-40536-318-1","DK(PENGUIN)",2001,,,,,"500/WAL",,,,"WALLACE.KAREN;Author",,,,,299,,"BULSAR BOOK STORE",,,,"SCIENCE",
"BORN TO BE A BUTTERFLY: BEGINNING 1 TO READ",,"978-1-40535-344-1","DK(PENGUIN)",2010,,,,,"500/WAL",,,,"WALLACE.KAREN;Author",,,,,299,,"BULSAR BOOK STORE",,,,"SCIENCE",
"TRAIN TRAVEL: BEGINNING 1 TO READ",,"978-1-40932-660-1","DK(PENGUIN)",2013,,,,,"385/LOC",,,,"LOCK.DEBORAH;Author",,,,,199,,"BULSAR BOOK STORE",,,,"SOCIAL SCIENCE",
"BIG TRUCKS: LEARNING PRE-LEVEL TO READ",,"978-1-4093-2659-5","DK(PENGUIN)",2013,,,,,"388/TRU",,,,,,,,,199,,"BULSAR BOOK STORE",,,,"SOCIAL SCIENCE",
"A TRIP TO THE LIBRARY: BEGINNING 1 TO READ",,"978-1-4053-0543-3","DK(PENGUIN)",,,,,,"021/LOC",,,,"LOCK.DEBORAH;Author",,,,,199,,"BULSAR BOOK STORE",,,,"LIBRARY ",
"DIVING DOLPHIN: BEGINNING 1 TO READ",,"978-1-40536-319-8","DK(PENGUIN)",2001,,,,,"500/WAL",,,,"WALLACE.KAREN;Author",,,,,299,,"BULSAR BOOK STORE",,,,"SCIENCE",
"FIREFIGHTER!: BEGINNING 2 TO READ ALONE",,"978-1-40536-409-6","DK(PENGUIN)",2011,,,,,"823/ROY",,,,"ROYSTON.ANGELA;Author","FIREFIGHTER",,,,299,,"BULSAR BOOK STORE",,,,"STORY",
"SLINKY,SCALY SNAKES: BEGINNING 2 TO READ ALONE",,"978-1-40536-410-2","DK(PENGUIN)",2011,,,,,"500/DUS",,,,"DUSSLING.JENNIFER;Author",,,,,299,,"BULSAR BOOK STORE",,,,"SCIENCE",
"ASTRONAUT LIVING IN SPACE: BEGINNING 2 TO READ ALONE",,"978-1-4093-1839-2","DK(PENGUIN)",2013,,,,,"500/HAY",,,,"HAYDER.KATE;Author",,,,,299,,"BULSAR BOOK STORE",,,,"SCIENCE",
"ERUPTION!THE STORY OF VOLCANOES: BEGINNING 2 TO READ ALONE",,"978-1-40535-249-9","DK(PENGUIN)",2010,,,,,"500/GAN",,,,"GANERI.ANITA;Author",,,,,299,,"BULSAR BOOK STORE",,,,"SCIENCE",
"TWISTERS!: BEGINNING 2 TO READ ALONE",,"978-1-40535-250-5","DK(PENGUIN)",2010,,,,,"500/HAY",,,,"HAYDER.KATE;Author",,,,,299,,"BULSAR BOOK STORE",,,,"SCIENCE",
"BUGS!BUGS!BUGS!: BEGINNING 2 TO READ ALONE",,"978-1-40536-317-4","DK(PENGUIN)",1998,,,,,"500/DUS",,,,"DUSSLING.JENNIFER;Author",,,,,299,,"BULSAR BOOK STORE",,,,"SCIENCE",
"TELLING THE TIME: BEGINNING 2 TO READ ALONE",,"978-1-40532-146-4","DK(PENGUIN)",2007,,,,,"500/MUR",,,,"MURPHY.PATRICIA J.;Author",,,,,199,,"BULSAR BOOK STORE",,,,"SCIENCE",
"THE BIG DINOSAUR DIG: READING 3 ALONE",,"978-1-40534-108-0","DK(PENGUIN)",2003,,,,,"500/RIP",,,,"RIPLEY.ESTHER;Author",,,,,299,,"BULSAR BOOK STORE",,,,"SCIENCE",
"THE STORY OF CHOCOLATE: READING 3 ALONE",,"978-1-4053-0387-3","DK(PENGUIN)",2005,,,,,"500/POL",,,,"POLIN.G.J.;Author",,,,,299,,"BULSAR BOOK STORE",,,,"SCIENCE",
"APE ADVENTURES: READING 3 ALONE",,"978-1-4093-1842-2","DK(PENGUIN)",2013,,,,,"500/CHA",,,,"CHAMBERS.CATHERINE;Author",,,,,299,,"BULSAR BOOK STORE",,,,"SCIENCE",
"SECRETS OF THE MUMMIES: PROFICIENT 4 READERS",,"978-0-7513-5715-8","DK(PENGUIN)",1998,,,,,"500/GRI",,,,"GRIFFEY.HARRIET;Author",,,,,299,,"BULSAR BOOK STORE",,,,"SCIENCE",
"DINOSAUR DETECTIVES: PROFICIENT 4 READERS",,"978-1-40534-109-7","DK(PENGUIN)",2001,,,,,"500/CHR",,,,"CHRISP.PETER;Author",,,,,299,,"BULSAR BOOK STORE",,,,"SCIENCE",
"TOPSY AND TIM: SAFETY FIRST",,"978-1-40930-882-9","DK(PENGUIN)",,,,,,"823/JEA",,,,"JEAN;Author GARETH ADAMSON;Author",,,,,250,,"BULSAR BOOK STORE",,,,"STORY",
"TOPSY AND TIM: GO TO HOSPITAL",,"978-1-40930-423-4","DK(PENGUIN)",,,,,,"823/JEA",,,,"JEAN;Author GARETH ADAMSON;Author",,,,,250,,"BULSAR BOOK STORE",,,,"STORY",
"TOPSY AND TIM: VISIT LONDON",,"978-1-40930-947-5","DK(PENGUIN)",,,,,,"823/JEA",,,,"JEAN;Author GARETH ADAMSON;Author",,,,,199,,"BULSAR BOOK STORE",,,,"STORY",
"TOPSY AND TIM: GO ON A TRAIN",,"978-1-40930-424-1","DK(PENGUIN)",,,,,,"823/JEA",,,,"JEAN;Author GARETH ADAMSON;Author",,,,,250,,"BULSAR BOOK STORE",,,,"STORY",
"TOPSY AND TIM: GO FOR GOLD",,"978-1-40930-946-8","DK(PENGUIN)",,,,,,"823/JEA",,,,"JEAN;Author GARETH ADAMSON;Author",,,,,199,,"BULSAR BOOK STORE",,,,"STORY",
"RICHARD SCARRY'S READERS LEVEL 1: GO, HUCKLE,GO!",,"978-1-4027-7316-7","STERLING(PENGUIN)",,,,,,"823/FAR",,,,"FARBER.ERICA;Author",,,,,150,,"BULSAR BOOK STORE",,,,"STORY",
"RICHARD SCARRY'S READERS LEVEL 2: A SMELLY STORY ",,"978-1-4027-7319-8","STERLING(PENGUIN)",,,,,,"823/FAR",,,,"FARBER.ERICA;Author",,,,,150,,"BULSAR BOOK STORE",,,,"STORY",
"RICHARD SCARRY'S READERS LEVEL 3: ICE CREAM FOR BREAKFAST",,"978-1-4027-7320-4","STERLING(PENGUIN)",,,,,,"823/FAR",,,,"FARBER.ERICA;Author",,,,,150,,"BULSAR BOOK STORE",,,,"STORY",
"ME & MY MONSTERS: MONSTER MANNERS!",,"978-0-141-33670-1","PUFFIN(PENGUIN)",2011,,,,,"823/GRO",,,,"GROWLER.RORY;Author",,,,,199,,"BULSAR BOOK STORE",,,,"FICTION",
"ME & MY MONSTERS: MONSTER SCHOOL!",,"978-0-141-33669-5","PUFFIN(PENGUIN)",2011,,,,,"823/GRO",,,,"GROWLER.RORY;Author",,,,,199,,"BULSAR BOOK STORE",,,,"FICTION",
"MADAGASCAR 3: THE NOVEL",,"978-0-8431-6903-4","PUFFIN(PENGUIN)",2012,,,,,"823/BAD",,,,"BADER.BONNIE;Author",,,,,250,,"BULSAR BOOK STORE",,,,"FICTION",
"ME & MY MONSTERS: MONSTER IN THE BASEMENT!",,"978-0-141-33631-2","PUFFIN(PENGUIN)",2011,,,,,"823/GRO",,,,"GROWLER.RORY;Author",,,,,199,,"BULSAR BOOK STORE",,,,"FICTION",
"MADAGASCAR 3: THE NOVEL",,"978-0-8431-6998-0","PUFFIN(PENGUIN)",2012,,,,,"823/PRI",,,,"PRICE.ROGER;Author STERN.LEONARD ;Author",,,,,150,,"BULSAR BOOK STORE",,,,"FICTION",
"MADAGASCAR 3: ON THE RUN!",,"978-0-8431-6904-1","PUFFIN(PENGUIN)",2012,,,,,"823/BOB",,,,"BOBOWICZ.PAMELA;Author",,,,,150,,"BULSAR BOOK STORE",,,,"FICTION",
"MADAGASCAR 3: SILLY CIRCUS CREW",,"978-0-8431-7072-6","PUFFIN(PENGUIN)",2012,,,,,"823/MAD",,,,,,,,,150,,"BULSAR BOOK STORE",,,,"STORY",
"MADAGASCAR 3: STICKER ACTIVITY BOOK",,"978-0-8431-6997-3","PUFFIN(PENGUIN)",2012,,,,,"823/MAD",,,,,,,,,250,,"BULSAR BOOK STORE",,,,"STORY",
"USBORNE YOUNG READING:THE STORY OF FLYING",,"978-0-7460-5789-6","UNBORNE(SCHOLASTIC)",2007,,,,,"823/SIM",,,,"SIMS.LESLEY;Author",,,,,125,,"BULSAR BOOK STORE",,,,"STORY",
"USBORNE YOUNG READING:ADVENTURES OF ROBIN HOOD",,"978-1-4095-3251-4","UNBORNE(SCHOLASTIC)",2011,,,,,"823/ADV",,,,,,,,,125,,"BULSAR BOOK STORE",,,,"STORY",
"USBORNE YOUNG READING: HERCULES THE WORLD'S STRONGEST MAN",,"978-1-4095-6284-9","UNBORNE(SCHOLASTIC)",2011,,,,,"823/HER",,,,,,,,,125,,"BULSAR BOOK STORE",,,,"STORY",
"USBORNE YOUNG READING: PINOCCHIO",,"978-1-4095-1251-6","UNBORNE(SCHOLASTIC)",2004,,,,,"823/COL",,,,"COLLODI.CARLO;Author",,,,,125,,"BULSAR BOOK STORE",,,,"STORY",
"USBORNE YOUNG READING: THE SWAN PRINCESS",,"978-1-4095-1245-5","UNBORNE(SCHOLASTIC)",2005,,,,,"823/AND",,,,"ANDERSEN.HANS CHRISTIAN;Author",,,,,125,,"BULSAR BOOK STORE",,,,"STORY",
"USBORNE YOUNG READING: THE FAIRGROUND GHOST",,"978-0-7460-4857-3","UNBORNE(SCHOLASTIC)",2007,,,,,"823/EVE",,,,"EVERETT.FELICITY;Author",,,,,125,,"BULSAR BOOK STORE",,,,"STORY",
"USBORNE YOUNG READING: MACBETH",,"978-1-4095-1205-9","UNBORNE(SCHOLASTIC)",2008,,,,,"823/SHA",,,,"SHAKESPEAR.WILLIAM;Author",,,,,125,,"BULSAR BOOK STORE",,,,"STORY",
"USBORNE YOUNG READING:THE TEMPEST",,"978-1-4095-5235-2","UNBORNE(SCHOLASTIC)",2010,,,,,"823/SHA",,,,"SHAKESPEAR.WILLIAM;Author",,,,,125,,"BULSAR BOOK STORE",,,,"STORY",
"USBORNE YOUNG READING: TREASURE ISLAND",,"978-1-4095-1226-4","UNBORNE(SCHOLASTIC)",2003,,,,,"823/STE",,,,"STEVENSON.ROBERT LOUIS;Author",,,,,125,,"BULSAR BOOK STORE",,,,"STORY",
"USBORNE YOUNG READING: A LITTLE PRINCESS",,"978-1-4095-1244-8","UNBORNE(SCHOLASTIC)",2005,,,,,"823/BUR",,,,"BURNET.FRANCES HODGSON;Author",,,,,125,,"BULSAR BOOK STORE",,,,"STORY",
"USBORNE YOUNG READING: THE HOUSE OF SHADOWS",,"978-0-7460-6227-2","UNBORNE(SCHOLASTIC)",2006,,,,,"823/DOL",,,,"DOLBY.KAREN;Author",,,,,125,,"BULSAR BOOK STORE",,,,"STORY",
"USBORNE YOUNG READING:ALICE THROUGH THE LOOKING-GLASS",,"978-1-4095-1209-7","UNBORNE(SCHOLASTIC)",2009,,,,,"823/CAR",,,,"CARROLL.LEWIS;Author",,,,,125,,"BULSAR BOOK STORE",,,,"STORY",
"USBORNE YOUNG READING: THE SECRET GARDEN",,"978-1-4095-1255-4","UNBORNE(SCHOLASTIC)",2007,,,,,"823/BUR",,,,"BURNET.FRANCES HODGSON;Author",,,,,125,,"BULSAR BOOK STORE",,,,"STORY",
"USBORNE YOUNG READING: THE STORY OF SHIPS",,"978-0-7460-5780-3","UNBORNE(SCHOLASTIC)",2007,,,,,"823/BIN",,,,"BINGHAM.JANE;Author",,,,,125,,"BULSAR BOOK STORE",,,,"STORY",
"USBORNE YOUNG READING: ROMEO & JULIET",,"978-1-4095-1243-1","UNBORNE(SCHOLASTIC)",2006,,,,,"823/SHA",,,,"SHAKESPEAR.WILLIAM;Author",,,,,125,,"BULSAR BOOK STORE",,,,"STORY",
"USBORNE YOUNG READING: BLACK BEAUTY",,"978-1-4095-1233-2","UNBORNE(SCHOLASTIC)",2005,,,,,"823/SEW",,,,"SEWELL.ANNA;Author",,,,,125,,"BULSAR BOOK STORE",,,,"STORY",
"USBORNE YOUNG READING: THE RAILWAY CHILDREN",,"978-1-4095-1252-3","UNBORNE(SCHOLASTIC)",2007,,,,,"823/NES",,,,"NESBIT.E.;Author",,,,,125,,"BULSAR BOOK STORE",,,,"STORY",
"USBORNE YOUNG READING: THE MIDNIGHT GHOSTS",,"978-0-7460-6228-9","UNBORNE(SCHOLASTIC)",2006,,,,,"823/FIS",,,,"FISCHEL.EMMA;Author",,,,,125,,"BULSAR BOOK STORE",,,,"STORY",
"USBORNE YOUNG READING: THE ADVENTURES OF KING ARTHUR",,"978-1-4095-1211-0","UNBORNE(SCHOLASTIC)",2006,,,,,"823/ADV",,,,,,,,,125,,"BULSAR BOOK STORE",,,,"STORY",
"USBORNE YOUNG READING: A MIDSUMMER NIGHT'S DREAM",,"978-1-4095-1247-9","UNBORNE(SCHOLASTIC)",2007,,,,,"823/SHA",,,,"SHAKESPEAR.WILLIAM;Author",,,,,125,,"BULSAR BOOK STORE",,,,"STORY",
"USBORNE YOUNG READING: THE FABULOUS STORY OF FASHION",,"978-0-7460-8007-8","UNBORNE(SCHOLASTIC)",2006,,,,,"823/DAY",,,,"DAYNES.KATIE;Author",,,,,125,,"BULSAR BOOK STORE",,,,"STORY",
"USBORNE YOUNG READING: THE REVEALING STORY OF UNDERWEAR",,"978-1-4095-2073-3","UNBORNE(SCHOLASTIC)",2006,,,,,"823/DAY",,,,"DAYNES.KATIE;Author",,,,,125,,"BULSAR BOOK STORE",,,,"STORY",
"USBORNE YOUNG READING: THE STORY OF TRAINS",,"978-0-7460-5783-4","UNBORNE(SCHOLASTIC)",2007,,,,,"823/BIN",,,,"BINGHAM.JANE;Author",,,,,125,,"BULSAR BOOK STORE",,,,"STORY",
"USBORNE YOUNG READING: THE CLUMSY CROCODILE",,"978-1-4095-1234-9","UNBORNE(SCHOLASTIC)",2007,,,,,"823/EVE",,,,"EVERETT.FELICITY;Author",,,,,125,,"BULSAR BOOK STORE",,,,"STORY",
"USBORNE YOUNG READING: THE STORY OF HEIDI",,"978-1-4095-1242-4","UNBORNE(SCHOLASTIC)",2006,,,,,"823/SPY",,,,"SPYRI.JOHANNA;Author",,,,,125,,"BULSAR BOOK STORE",,,,"STORY",
"USBORNE YOUNG READING: PERSEUS & THE GORGON",,"978-1-4095-4408-1","UNBORNE(SCHOLASTIC)",2011,,,,,"823/PER",,,,,,,,,125,,"BULSAR BOOK STORE",,,,"STORY",
"USBORNE YOUNG READING: THE PRINCE AND THE PAUPER",,"978-1-4095-1257-8","UNBORNE(SCHOLASTIC)",2008,,,,,"823/TWA",,,,"TWAIN.MARK;Author",,,,,125,,"BULSAR BOOK STORE",,,,"STORY",
"USBORNE YOUNG READING: ROBIN HOOD",,"978-1-4095-1207-3","UNBORNE(SCHOLASTIC)",2008,,,,,"823/ROB",,,,,,,,,125,,"BULSAR BOOK STORE",,,,"STORY",
"USBORNE YOUNG READING: THE MAGICAL BOOK",,"978-0-7460-8721-3","UNBORNE(SCHOLASTIC)",2007,,,,,"823/NES",,,,"NESBIT.E.;Author",,,,,125,,"BULSAR BOOK STORE",,,,"STORY",
"USBORNE YOUNG READING: HAMLET",,"978-1-4095-1259-2","UNBORNE(SCHOLASTIC)",2009,,,,,"823/SHA",,,,"SHAKESPEAR.WILLIAM;Author",,,,,125,,"BULSAR BOOK STORE",,,,"STORY",
"USBORNE YOUNG READING: THE STORY OF CARS",,"978-0-7460-6224-1","UNBORNE(SCHOLASTIC)",2007,,,,,"823/DAY",,,,"DAYNES.KATIE;Author",,,,,125,,"BULSAR BOOK STORE",,,,"STORY",
"USBORNE YOUNG READING: THE ADVENTURES OF KING ARTHUR",,"978-1-4095-1211-0","UNBORNE(SCHOLASTIC)",2006,,,,,"823/ADV",,,,,,,,,125,,"BULSAR BOOK STORE",,,,"STORY",
"USBORNE YOUNG READING: A CHRISTMAS CAROL",,"978-1-4095-1248-6","UNBORNE(SCHOLASTIC)",2003,,,,,"823/DIC",,,,"DICKENS.CHARLES;Author",,,,,125,,"BULSAR BOOK STORE",,,,"STORY",
"USBORNE YOUNG READING: THE SNOW QUEEN",,"978-1-4095-1249-3","UNBORNE(SCHOLASTIC)",2004,,,,,"823/AND",,,,"ANDERSEN.HANS CHRISTIAN;Author",,,,,125,,"BULSAR BOOK STORE",,,,"STORY",
"USBORNE YOUNG READING: AROUND THE WORLD IN EIGHTY DAYS",,"978-1-4095-1250-9","UNBORNE(SCHOLASTIC)",2004,,,,,"823/VER",,,,"VERNE.JULES;Author",,,,,125,,"BULSAR BOOK STORE",,,,"STORY",
"USBORNE YOUNG READING: THE CANTERVILLE GHOST",,"978-0-7460-6016-2","UNBORNE(SCHOLASTIC)",2006,,,,,"823/WIL",,,,"WILDE.OSCAR;Author",,,,,125,,"BULSAR BOOK STORE",,,,"STORY",
"USBORNE YOUNG READING: THE FIREBIRD",,"978-1-4095-5238-3","UNBORNE(SCHOLASTIC)",2010,,,,,"823/FIR",,,,,,,,,125,,"BULSAR BOOK STORE",,,,"STORY",
"USBORNE YOUNG READING: GULLIVER'S TRAVELS",,"978-1-4095-1235-6","UNBORNE(SCHOLASTIC)",2007,,,,,"823/SWI",,,,"SWIFT.JONATHAN;Author",,,,,125,,"BULSAR BOOK STORE",,,,"STORY",
"USBORNE YOUNG READING: STAGE FRIGHT",,"978-0-7460-6225-8","UNBORNE(SCHOLASTIC)",2007,,,,,"823/STE",,,,"STEWART.PAUL;Author",,,,,125,,"BULSAR BOOK STORE",,,,"STORY",
"USBORNE YOUNG READING: THE AMAZING ADVENTURES OF ULYSSES",,"978-1-4095-1218-9","UNBORNE(SCHOLASTIC)",2007,,,,,"823/AMA",,,,,,,,,125,,"BULSAR BOOK STORE",,,,"STORY",
"USBORNE YOUNG READING:THE STORY OF FOOTBALL",,"978-1-4095-2074-0","UNBORNE(SCHOLASTIC)",2007,,,,,"823/JON",,,,"JONES.ROB LLOYD;Author",,,,,125,,"BULSAR BOOK STORE",,,,"STORY",
"USBORNE YOUNG READING: BEAUTY & THE BEAST",,"978-1-4095-1246-2","UNBORNE(SCHOLASTIC)",2006,,,,,"823/BEA",,,,,,,,,125,,"BULSAR BOOK STORE",,,,"STORY",
"USBORNE YOUNG READING: THE SHOCKING STORY OF ELECTRICITY",,"978-0-7460-6813-7","UNBORNE(SCHOLASTIC)",2007,,,,,"823/CLA",,,,"CLAYBOURNE.ANNA;Author",,,,,125,,"BULSAR BOOK STORE",,,,"STORY",
"USBORNE YOUNG READING: MYSTERY MANSION",,"978-0-7460-6226-5","UNBORNE(SCHOLASTIC)",2004,,,,,"823/COX",,,,"COX.PHIL ROXBEE;Author",,,,,125,,"BULSAR BOOK STORE",,,,"STORY",
"USBORNE YOUNG READING: DIWALI",,"978-1-4095-0089-6","UNBORNE(SCHOLASTIC)",2008,,,,,"823/DAY",,,,"DAYNES.KATIE;Author",,,,,125,,"BULSAR BOOK STORE",,,,"STORY",
"IT'S HALLOWEEN, YOU 'FRAIDY MOUSE!",,"978-0-439-55973-7","SCHOLASTIC",2013,,,,,"823/STI",,,,"STILTON.GERONIMO;Author",,,,,230,,"BULSAR BOOK STORE",,,,"FICTION",
"VALENTINE'S DAY DISASTER",,"978-04-3969-147-5","SCHOLASTIC",2013,,,,,"823/STI",,,,"STILTON.GERONIMO;Author",,,,,230,,"BULSAR BOOK STORE",,,,"FICTION",
"VALLEY OF THE GIANT SKELETONS",,"978-05-4502-132-6","SCHOLASTIC",2013,,,,,"823/STI",,,,"STILTON.GERONIMO;Author",,,,,230,,"BULSAR BOOK STORE",,,,"FICTION",
"THE MOUSE ISLAND MARATHON",,"978-04-3984-121-4","SCHOLASTIC",2013,,,,,"823/STI",,,,"STILTON.GERONIMO;Author",,,,,230,,"BULSAR BOOK STORE",,,,"FICTION",
"SAVE THE WHITE WHALE!",,"978-0-545-10377-0","SCHOLASTIC",2013,,,,,"823/STI",,,,"STILTON.GERONIMO;Author",,,,,230,,"BULSAR BOOK STORE",,,,"FICTION",
"FOUR MICE DEEP IN THE JUNGLE",,"978-0-439-55967-6","SCHOLASTIC",2013,,,,,"823/STI",,,,"STILTON.GERONIMO;Author",,,,,230,,"BULSAR BOOK STORE",,,,"FICTION",
"RED PIZZAS FOR A BLUE COUNT",,"978-0-439-55969-0","SCHOLASTIC",2013,,,,,"823/STI",,,,"STILTON.GERONIMO;Author",,,,,230,,"BULSAR BOOK STORE",,,,"FICTION",
"CAT AND MOUSE IN A HAUNTED HOUSE",,"978-0-439-55965-2","SCHOLASTIC",2013,,,,,"823/STI",,,,"STILTON.GERONIMO;Author",,,,,230,,"BULSAR BOOK STORE",,,,"FICTION",
"WATCH YOUR WHISKERS,STILTON!",,"978-0-439-69140-6","SCHOLASTIC",2013,,,,,"823/STI",,,,"STILTON.GERONIMO;Author",,,,,230,,"BULSAR BOOK STORE",,,,"FICTION",
"THE WAY OF THE SAMURAI",,"978-0-545-34101-1","SCHOLASTIC",2013,,,,,"823/STI",,,,"STILTON.GERONIMO;Author",,,,,230,,"BULSAR BOOK STORE",,,,"FICTION",
"MOUSE IN SPACE!",,"978-0-545-48191-5","SCHOLASTIC",2013,,,,,"823/STI",,,,"STILTON.GERONIMO;Author",,,,,230,,"BULSAR BOOK STORE",,,,"FICTION",
"A FABUMOUSE SCHOOL ADVENTURE",,"978-05-4502-138-8","SCHOLASTIC",2013,,,,,"823/STI",,,,"STILTON.GERONIMO;Author",,,,,230,,"BULSAR BOOK STORE",,,,"FICTION",
"RUN FOR THE HILLS, GERONIMO!",,"978-0-545-33132-6","SCHOLASTIC",2013,,,,,"823/STI",,,,"STILTON.GERONIMO;Author",,,,,230,,"BULSAR BOOK STORE",,,,"FICTION",
"THE KARATE MOUSE",,"978-05-4510-369-5","SCHOLASTIC",2013,,,,,"823/STI",,,,"STILTON.GERONIMO;Author",,,,,230,,"BULSAR BOOK STORE",,,,"FICTION",
"THIS HOTEL IS HAUNTED!",,"978-0-545-34102-8","SCHOLASTIC",2013,,,,,"823/STI",,,,"STILTON.GERONIMO;Author",,,,,230,,"BULSAR BOOK STORE",,,,"FICTION",
"THE CHRISTMAS TOY FACTORY",,"978-04-3984-118-4","SCHOLASTIC",2013,,,,,"823/STI",,,,"STILTON.GERONIMO;Author",,,,,230,,"BULSAR BOOK STORE",,,,"FICTION",
"ATTACK OF THE BANDIT CATS",,"978-0-439-55970-6","SCHOLASTIC",2013,,,,,"823/STI",,,,"STILTON.GERONIMO;Author",,,,,230,,"BULSAR BOOK STORE",,,,"FICTION",
"THE SECRET OF CACKLEFUR CASTLE",,"978-0-439-69145-1","SCHOLASTIC",2013,,,,,"823/STI",,,,"STILTON.GERONIMO;Author",,,,,230,,"BULSAR BOOK STORE",,,,"FICTION",
"I'M NOT A SUPERMOUSE!",,"978-0-545-10375-6","SCHOLASTIC",2013,,,,,"823/STI",,,,"STILTON.GERONIMO;Author",,,,,230,,"BULSAR BOOK STORE",,,,"FICTION",
"THE MYSTERIOUS CHEESE THIEF",,"978-04-3902-312-2","SCHOLASTIC",2013,,,,,"823/STI",,,,"STILTON.GERONIMO;Author",,,,,230,,"BULSAR BOOK STORE",,,,"FICTION",
"A CHEESE-COLORED CAMPER",,"978-0-439-69139-0","SCHOLASTIC",2013,,,,,"823/STI",,,,"STILTON.GERONIMO;Author",,,,,230,,"BULSAR BOOK STORE",,,,"FICTION",
"THE MONA MOUSE CODE",,"978-0-439-66164-5","SCHOLASTIC",2013,,,,,"823/STI",,,,"STILTON.GERONIMO;Author",,,,,230,,"BULSAR BOOK STORE",,,,"FICTION",
"THE CURSE OF THE CHEESE PYRAMID",,"978-0-439-55964-5","SCHOLASTIC",2013,,,,,"823/STI",,,,"STILTON.GERONIMO;Author",,,,,230,,"BULSAR BOOK STORE",,,,"FICTION",
"GERONIMO'S VALENTINE",,"978-05-4502-136-4","SCHOLASTIC",2013,,,,,"823/STI",,,,"STILTON.GERONIMO;Author",,,,,230,,"BULSAR BOOK STORE",,,,"FICTION",
"MIGHTY MOUNT KILIMANJARO",,"978-0-545-10371-8","SCHOLASTIC",2013,,,,,"823/STI",,,,"STILTON.GERONIMO;Author",,,,,230,,"BULSAR BOOK STORE",,,,"FICTION",
"SPECIAL EDITION: CHRISTMAS CATASTROPHE",,"978-0-545-00902-7","SCHOLASTIC",2013,,,,,"823/STI",,,,"STILTON.GERONIMO;Author",,,,,230,,"BULSAR BOOK STORE",,,,"FICTION",
"GERONIMO AND THE GOLD MEDAL MYSTERY",,"978-05-4502-133-3","SCHOLASTIC",2013,,,,,"823/STI",,,,"STILTON.GERONIMO;Author",,,,,230,,"BULSAR BOOK STORE",,,,"FICTION",
"WEDDING CRASHER",,"978-04-3984-119-1","SCHOLASTIC",2013,,,,,"823/STI",,,,"STILTON.GERONIMO;Author",,,,,230,,"BULSAR BOOK STORE",,,,"FICTION",
"MY NAME IS STILTON,GERONIMO STILTON",,"978-0-439-69142-0","SCHOLASTIC",2013,,,,,"823/STI",,,,"STILTON.GERONIMO;Author",,,,,230,,"BULSAR BOOK STORE",,,,"FICTION",
"MERRY CHRISTMAS, GERONIMO!",,"978-0-439-55974-4","SCHOLASTIC",2013,,,,,"823/STI",,,,"STILTON.GERONIMO;Author",,,,,230,,"BULSAR BOOK STORE",,,,"FICTION",
"A VERY MERRY CHRISTMAS",,"978-05-4502-135-7","SCHOLASTIC",2013,,,,,"823/STI",,,,"STILTON.GERONIMO;Author",,,,,230,,"BULSAR BOOK STORE",,,,"FICTION",
"GERONIMO STILTON, SECRET AGENT",,"978-05-4502-134-0","SCHOLASTIC",2013,,,,,"823/STI",,,,"STILTON.GERONIMO;Author",,,,,230,,"BULSAR BOOK STORE",,,,"FICTION",
"THE MUMMY WITH NO NAME",,"978-04-3984-117-7","SCHOLASTIC",2013,,,,,"823/STI",,,,"STILTON.GERONIMO;Author",,,,,230,,"BULSAR BOOK STORE",,,,"FICTION",
"SHIPWRECK ON THE PIRATE ISLANDS",,"978-0-439-69141-3","SCHOLASTIC",2013,,,,,"823/STI",,,,"STILTON.GERONIMO;Author",,,,,230,,"BULSAR BOOK STORE",,,,"FICTION",
"THE RACE ACROSS AMERICA",,"978-05-4502-137-1","SCHOLASTIC",2013,,,,,"823/STI",,,,"STILTON.GERONIMO;Author",,,,,230,,"BULSAR BOOK STORE",,,,"FICTION",
"THE SEARCH FOR SUNKEN TREASURE",,"978-04-3984-116-0","SCHOLASTIC",2013,,,,,"823/STI",,,,"STILTON.GERONIMO;Author",,,,,230,,"BULSAR BOOK STORE",,,,"FICTION",
"FIELD TRIP TO NIAGARA FALLS",,"978-04-3969-146-8","SCHOLASTIC",2013,,,,,"823/STI",,,,"STILTON.GERONIMO;Author",,,,,230,,"BULSAR BOOK STORE",,,,"FICTION",
"SURF'S UP, GERONIMO!",,"978-0-439-69143-7","SCHOLASTIC",2013,,,,,"823/STI",,,,"STILTON.GERONIMO;Author",,,,,230,,"BULSAR BOOK STORE",,,,"FICTION",
"THE GIANT DIAMOND ROBBERY",,"978-0-545-10376-3","SCHOLASTIC",2013,,,,,"823/STI",,,,"STILTON.GERONIMO;Author",,,,,230,,"BULSAR BOOK STORE",,,,"FICTION",
"THE WILD, WILD WEST",,"978-0-439-69144-4","SCHOLASTIC",2013,,,,,"823/STI",,,,"STILTON.GERONIMO;Author",,,,,230,,"BULSAR BOOK STORE",,,,"FICTION",
"THE TEMPLE OF THE RUBY OF FIRE",,"978-0-439-66163-8","SCHOLASTIC",2013,,,,,"823/STI",,,,"STILTON.GERONIMO;Author",,,,,230,,"BULSAR BOOK STORE",,,,"FICTION",
"A FAMUMOUSE VACATION FOR GERONNIMO",,"978-0-439-55971-3","SCHOLASTIC",2013,,,,,"823/STI",,,,"STILTON.GERONIMO;Author",,,,,230,,"BULSAR BOOK STORE",,,,"FICTION",
"THE PHANTOM OF THE SUBWAY",,"978-0-439-66162-1","SCHOLASTIC",2013,,,,,"823/STI",,,,"STILTON.GERONIMO;Author",,,,,230,,"BULSAR BOOK STORE",,,,"FICTION",
"I'M TOO FOND OF MY FUR!",,"978-0-439-55966-9","SCHOLASTIC",2013,,,,,"823/STI",,,,"STILTON.GERONIMO;Author",,,,,230,,"BULSAR BOOK STORE",,,,"FICTION",
"PAWS OFF, CHEDDARFACE!",,"978-0-439-55968-3","SCHOLASTIC",2013,,,,,"823/STI",,,,"STILTON.GERONIMO;Author",,,,,230,,"BULSAR BOOK STORE",,,,"FICTION",
"LOST TREASURE OF THE EMERALD EYE",,"978-0-439-55963-8","SCHOLASTIC",2013,,,,,"823/STI",,,,"STILTON.GERONIMO;Author",,,,,230,,"BULSAR BOOK STORE",,,,"FICTION",
"THE ENORMOUSE PEARL HEIST",,"978-0-545-34103-5","SCHOLASTIC",2013,,,,,"823/STI",,,,"STILTON.GERONIMO;Author",,,,,230,,"BULSAR BOOK STORE",,,,"FICTION",
"THE MYSTERY IN VENICE",,"978-05-4534-097-7","SCHOLASTIC",2013,,,,,"823/STI",,,,"STILTON.GERONIMO;Author",,,,,230,,"BULSAR BOOK STORE",,,,"FICTION",
"THE HAUNTED CASTLE",,"978-05-4510-374-9","SCHOLASTIC",2013,,,,,"823/STI",,,,"STILTON.GERONIMO;Author",,,,,230,,"BULSAR BOOK STORE",,,,"FICTION",
"DOWN AND OUT DOWN UNDER",,"978-04-3984-120-7","SCHOLASTIC",2013,,,,,"823/STI",,,,"STILTON.GERONIMO;Author",,,,,230,,"BULSAR BOOK STORE",,,,"FICTION",
"THE PECULIAR PUMPKIN THIEF",,"978-0-545-10372-5","SCHOLASTIC",2013,,,,,"823/STI",,,,"STILTON.GERONIMO;Author",,,,,230,,"BULSAR BOOK STORE",,,,"FICTION",
"THEA STILTON AND THE SECRET OF THE OLD CASTLE",,"978-0-54534-107-3","SCHOLASTIC",2013,,,,,"823/STI",,,,"STILTON.GERONIMO;Author",,,,,250,,"BULSAR BOOK STORE",,,,"FICTION",
"THEA STILTON: BIG TROUBLE IN THE BIG APPLE",,"978-0-54522-775-9","SCHOLASTIC",2013,,,,,"823/STI",,,,"STILTON.GERONIMO;Author",,,,,250,,"BULSAR BOOK STORE",,,,"FICTION",
"THEA STILTON AND THE MYSTERY ON THE ORIENT EXPRESS",,"978-0-545-34105-9","SCHOLASTIC",2013,,,,,"823/STI",,,,"STILTON.GERONIMO;Author",,,,,275,,"BULSAR BOOK STORE",,,,"FICTION",
"THEA STILTON AND THE PRINCE'S EMERALD",,"978-0-54534-108-0","SCHOLASTIC",2013,,,,,"823/STI",,,,"STILTON.GERONIMO;Author",,,,,275,,"BULSAR BOOK STORE",,,,"FICTION",
"THEA STILTON AND THE ICE TREASURE",,"978-0-54533-134-0","SCHOLASTIC",2013,,,,,"823/STI",,,,"STILTON.GERONIMO;Author",,,,,275,,"BULSAR BOOK STORE",,,,"FICTION",
"THEA STILTON AND THE GHOST OF THE SHIPWRECK",,"978-0-545-15059-0","SCHOLASTIC",2013,,,,,"823/STI",,,,"STILTON.GERONIMO;Author",,,,,275,,"BULSAR BOOK STORE",,,,"FICTION",
"THEA STILTON AND THE BLUE SCARAB HUNT",,"978-0-54534-104-2","SCHOLASTIC",2013,,,,,"823/STI",,,,"STILTON.GERONIMO;Author",,,,,275,,"BULSAR BOOK STORE",,,,"FICTION",
"THEA STILTON AND THE SECRET CITY",,"978-0-545-15061-3","SCHOLASTIC",2013,,,,,"823/STI",,,,"STILTON.GERONIMO;Author",,,,,275,,"BULSAR BOOK STORE",,,,"FICTION",
"THEA STILTON AND THE MYSTERY IN PARIS",,"978-0-545-22773-5","SCHOLASTIC",2013,,,,,"823/STI",,,,"STILTON.GERONIMO;Author",,,,,275,,"BULSAR BOOK STORE",,,,"FICTION",
"THEA STILTON AND THE STAR CASTAWAYS",,"978-0-54522-774-2","SCHOLASTIC",2013,,,,,"823/STI",,,,"STILTON.GERONIMO;Author",,,,,275,,"BULSAR BOOK STORE",,,,"FICTION",
"THEA STILTON AND THE CHERRY BLOSSOM ADVENTURE",,"978-05-4522-772-8","SCHOLASTIC",2013,,,,,"823/STI",,,,"STILTON.GERONIMO;Author",,,,,275,,"BULSAR BOOK STORE",,,,"FICTION",
"USBORNE YOUNG READING: THE BURGLAR'S BREAKFAST",,"978-1-4095-5232-1","USBORNE (SCHOLASTIC)",2007,,,,,"823/EVE",,,,"EVERETT.FELICITY;Author",,,,,125,,"BULSAR BOOK STORE",,,,"FICTION",
"USBORNE YOUNG READING: STORIES OF FAIRYTALE CASTLES",,"978-0-7460-8737-4","USBORNE (SCHOLASTIC)",2007,,,,,"823/LES",,,,"LESTER.ANNA;Author",,,,,125,,"BULSAR BOOK STORE",,,,"FICTION",
"USBORNE YOUNG READING: THE NUTCRACKER",,"978-1-4095-5230-7","USBORNE (SCHOLASTIC)",2005,,,,,"823/NUT",,,,,,,,,125,,"BULSAR BOOK STORE",,,,"FICTION",
"USBORNE YOUNG READING: THE WOODEN HORSE",,"978-1-4095-3210-1","USBORNE (SCHOLASTIC)",2011,,,,,"823/WOO",,,,,,,,,125,,"BULSAR BOOK STORE",,,,"FICTION",
"USBORNE YOUNG READING: SLEEPING BEAUTY",,"978-1-4095-1156-4","USBORNE (SCHOLASTIC)",2007,,,,,"823/SLE",,,,,,,,,125,,"BULSAR BOOK STORE",,,,"FICTION",
"USBORNE YOUNG READING: STORIES OF ROBOTS",,"978-0-7460-6003-2","USBORNE (SCHOLASTIC)",2007,,,,,"823/PUN",,,,"PUNTER.RUSSELL;Author",,,,,125,,"BULSAR BOOK STORE",,,,"FICTION",
"USBORNE YOUNG READING: THE MONKEY KING",,9780746084830,"USBORNE (SCHOLASTIC)",2007,,,,,"823/MON",,,,,,,,,125,,"BULSAR BOOK STORE",,,,"FICTION",
"USBORNE YOUNG READING: SAINT GEORGE AND THE DRAGON",,"978-1-4095-6280-1","USBORNE (SCHOLASTIC)",2012,,,,,"823/SAI",,,,,,,,,125,,"BULSAR BOOK STORE",,,,"FICTION",
"USBORNE YOUNG READING: STORIES OF COWBOYS",,"978-0-7460-9084-8","USBORNE (SCHOLASTIC)",2008,,,,,"823/PUN",,,,"PUNTER.RUSSELL;Author",,,,,125,,"BULSAR BOOK STORE",,,,"FICTION",
"USBORNE YOUNG READING: STORIES OF PRINCES & PRINCESSES",,"978-0-7460-5406-2","USBORNE (SCHOLASTIC)",2007,,,,,"823/RAW",,,,"RAWSON.CHRISTOPHER;Author",,,,,125,,"BULSAR BOOK STORE",,,,"FICTION",
"USBORNE YOUNG READING: THE ELVES AND THE MAKER",,"978-1-4095-1182-3","USBORNE (SCHOLASTIC)",2004,,,,,"823/GRI",,,,"GRIMM.BROTHERS;Author",,,,,125,,"BULSAR BOOK STORE",,,,"FICTION",
"USBORNE YOUNG READING: CHRISTMAS AROUND THE WORLD",,"978-1-4095-1197-7","USBORNE (SCHOLASTIC)",2006,,,,,"823/SIM",,,,"SIMS.LESLEY;Author",,,,,125,,"BULSAR BOOK STORE",,,,"FICTION",
"USBORNE YOUNG READING:STORIES OF MERMAIDS",,978746067840,"USBORNE (SCHOLASTIC)",2007,,,,,"823/PUN",,,,"PUNTER.RUSSELL;Author",,,,,125,,"BULSAR BOOK STORE",,,,"FICTION",
"USBORNE YOUNG READING: RUMPELSTILTSKIN",,"978-1-4095-1158-8","USBORNE (SCHOLASTIC)",2007,,,,,"823/GRI",,,,"GRIMM.BROTHERS;Author",,,,,125,,"BULSAR BOOK STORE",,,,"FICTION",
"USBORNE YOUNG READING: THE STORY OF PEGASUS",,"978-1-4095-3253-8","USBORNE (SCHOLASTIC)",2011,,,,,"823/PEG",,,,,,,,,125,,"BULSAR BOOK STORE",,,,"FICTION",
"USBORNE YOUNG READING: THE STORY OF TOILETS,TELEPHONES & OTHER USEFUL INVENTIONS",,"978-0-7460-7019-2","USBORNE (SCHOLASTIC)",2007,,,,,"823/DAY",,,,"DAYNES.KATIE;Author",,,,,125,,"BULSAR BOOK STORE",,,,"FICTION",
"USBORNE YOUNG READING: THE PRINCESS AND THE PEA",,"978-1-4095-1174-8","USBORNE (SCHOLASTIC)",2004,,,,,"823/AND",,,,"ANDERSEN.HANS CHRISTIAN;Author",,,,,125,,"BULSAR BOOK STORE",,,,"FICTION",
"USBORNE YOUNG READING: STORIES OF MERLIN",,"978-1-4095-6281-8","USBORNE (SCHOLASTIC)",2012,,,,,"823/MER",,,,,,,,,125,,"BULSAR BOOK STORE",,,,"FICTION",
"USBORNE YOUNG READING: STORIES OF GIANTS",,"978-0-7460-5403-1","USBORNE (SCHOLASTIC)",2007,,,,,"823/RAW",,,,"RAWSON.CHRISTOPHER;Author",,,,,125,,"BULSAR BOOK STORE",,,,"FICTION",
"USBORNE YOUNG READING: STORIES OF WITCHES",,"978-0-7460-5402-4","USBORNE (SCHOLASTIC)",2007,,,,,"823/RAW",,,,"RAWSON.CHRISTOPHER;Author",,,,,125,,"BULSAR BOOK STORE",,,,"FICTION",
"USBORNE YOUNG READING: ALI BABA AND THE FORTY THIEVES",,"978-1-4095-1166-3","USBORNE (SCHOLASTIC)",2007,,,,,"823/ALI",,,,,,,,,125,,"BULSAR BOOK STORE",,,,"FICTION",
"USBORNE YOUNG READING: THE MAGIC GIFTS",,"978-1-4095-0624-9","USBORNE (SCHOLASTIC)",2009,,,,,"823/MAG",,,,,,,,,125,,"BULSAR BOOK STORE",,,,"FICTION",
"USBORNE YOUNG READING: STORIES OF SNOWMEN",,"978-1-4095-2068-9","USBORNE (SCHOLASTIC)",2007,,,,,"823/PUN",,,,"PUNTER.RUSSELL;Author",,,,,125,,"BULSAR BOOK STORE",,,,"FICTION",
"USBORNE YOUNG READING: RAPUNZEL",,"978-1-4095-1175-5","USBORNE (SCHOLASTIC)",2005,,,,,"823/GRI",,,,"GRIMM.BROTHERS;Author",,,,,125,,"BULSAR BOOK STORE",,,,"FICTION",
"USBORNE YOUNG READING: THE ADVENTURES OF SINBAD THE SAILOR",,"978-1-4095-5229-1","USBORNE (SCHOLASTIC)",2005,,,,,"823/ADV",,,,,,,,,125,,"BULSAR BOOK STORE",,,,"FICTION",
"USBORNE YOUNG READING: STORIES OF DINOSAURS",,9780746074268,"USBORNE (SCHOLASTIC)",2006,,,,,"823/PUN",,,,"PUNTER.RUSSELL;Author",,,,,125,,"BULSAR BOOK STORE",,,,"FICTION",
"USBORNE YOUNG READING: THE TWELVE DANCING PRINCESSES",,"978-1-4095-5233-8","USBORNE (SCHOLASTIC)",2009,,,,,"823/GRI",,,,"GRIMM.BROTHERS;Author",,,,,125,,"BULSAR BOOK STORE",,,,"FICTION",
"USBORNE YOUNG READING: THE FROG PRINCE",,"978-1-4095-1179-3","USBORNE (SCHOLASTIC)",2005,,,,,"823/GRI",,,,"GRIMM.BROTHERS;Author",,,,,125,,"BULSAR BOOK STORE",,,,"FICTION",
"USBORNE YOUNG READING: STORIES OF GHOSTS",,"978-0-7460-5778-0","USBORNE (SCHOLASTIC)",2007,,,,,"823/PUN",,,,"PUNTER.RUSSELL;Author",,,,,125,,"BULSAR BOOK STORE",,,,"FICTION",
"USBORNE YOUNG READING: PIRATE ADVENTURES",,"978-0-7460-7643-9","USBORNE (SCHOLASTIC)",2007,,,,,"823/PUN",,,,"PUNTER.RUSSELL;Author",,,,,125,,"BULSAR BOOK STORE",,,,"FICTION",
"USBORNE YOUNG READING: THE MINOTAUR",,"978-1-4095-0622-5","USBORNE (SCHOLASTIC)",2009,,,,,"823/MIN",,,,,,,,,125,,"BULSAR BOOK STORE",,,,"FICTION",
"USBORNE YOUNG READING: STORIES OF HAUNTED HOUSES",,"978-0-7460-7123-6","USBORNE (SCHOLASTIC)",2007,,,,,"823/PUN",,,,"PUNTER.RUSSELL;Author",,,,,125,,"BULSAR BOOK STORE",,,,"FICTION",
"USBORNE YOUNG READING: STORIES OF UNICORNS",,"978-1-4095-0067-4","USBORNE (SCHOLASTIC)",2006,,,,,"823/DIC",,,,"DICKINS.ROSIE;Author",,,,,125,,"BULSAR BOOK STORE",,,,"FICTION",
"USBORNE YOUNG READING: CINDERELLA",,"978-1-4095-1173-1","USBORNE (SCHOLASTIC)",2005,,,,,"823/CIN",,,,,,,,,125,,"BULSAR BOOK STORE",,,,"FICTION",
"USBORNE YOUNG READING: STORIES OF SANTA",,"978-0-7460-8668-1","USBORNE (SCHOLASTIC)",2006,,,,,"823/PUN",,,,"PUNTER.RUSSELL;Author",,,,,125,,"BULSAR BOOK STORE",,,,"FICTION",
"USBORNE YOUNG READING: THE EMPEROR'S NEW CLOTHES",,"978-1-4095-1168-7","USBORNE (SCHOLASTIC)",2005,,,,,"823/AND",,,,"ANDERSEN.HANS CHRISTIAN;Author",,,,,125,,"BULSAR BOOK STORE",,,,"FICTION",
"USBORNE YOUNG READING: SNOW WHITE AND THE SEVEN DRARFS",,"978-1-4095-1177-9","USBORNE (SCHOLASTIC)",2005,,,,,"823/GRI",,,,"GRIMM.BROTHERS;Author",,,,,125,,"BULSAR BOOK STORE",,,,"FICTION",
"USBORNE YOUNG READING: THE MONSTER GANG",,"978-0-7460-4852-8","USBORNE (SCHOLASTIC)",2004,,,,,"823/EVE",,,,"EVERETT.FELICITY;Author",,,,,125,,"BULSAR BOOK STORE",,,,"FICTION",
"USBORNE YOUNG READING: THE BILLY GOATS GRUFF",,"978-1-4095-1181-6","USBORNE (SCHOLASTIC)",2005,,,,,"823/BIL",,,,,,,,,125,,"BULSAR BOOK STORE",,,,"FICTION",
"USBORNE YOUNG READING: THE STORY OF CHOCOLATE",,"978-0-7460-6014-8","USBORNE (SCHOLASTIC)",2006,,,,,"823/DAY",,,,"DAYNES.KATIE;Author",,,,,125,,"BULSAR BOOK STORE",,,,"FICTION",
"USBORNE YOUNG READING: STORIES OF MAGIC PONIES",,"978-0-7460-8484-7","USBORNE (SCHOLASTIC)",2007,,,,,"823/DAV",,,,"DAVIDSON.SUSANNA;Author",,,,,125,,"BULSAR BOOK STORE",,,,"FICTION",
"USBORNE YOUNG READING: JACK AND THE BEANSTALK",,"978-1-4095-1170-0","USBORNE (SCHOLASTIC)",2006,,,,,"823/JAC",,,,,,,,,125,,"BULSAR BOOK STORE",,,,"FICTION",
"USBORNE YOUNG READING: STORIES OF DOGS",,"978-0-7460-9040-4","USBORNE (SCHOLASTIC)",2008,,,,,"823/PUN",,,,"PUNTER.RUSSELL;Author",,,,,125,,"BULSAR BOOK STORE",,,,"FICTION",
"USBORNE YOUNG READING: THE DINOSAURS NEXT DOOR",,"978-1-4095-1161-8","USBORNE (SCHOLASTIC)",2007,,,,,"823/CAS",,,,"CASTOR.HARRIET;Author",,,,,125,,"BULSAR BOOK STORE",,,,"FICTION",
"USBORNE YOUNG READING: THE SORCERER'S APPRENTICE",,"978-0-7460-8482-3","USBORNE (SCHOLASTIC)",2007,,,,,"823/SOR",,,,,,,,,125,,"BULSAR BOOK STORE",,,,"FICTION",
"USBORNE YOUNG READING: STORIES OF GNOMES & GOBLINS",,"978-0-7460-5405-5","USBORNE (SCHOLASTIC)",2006,,,,,"823/RAW",,,,"RAWSON.CHRISTOPHER;Author",,,,,125,,"BULSAR BOOK STORE",,,,"FICTION",
"USBORNE YOUNG READING: STORIES OF PONIES",,"978-0-7460-6783-3","USBORNE (SCHOLASTIC)",2007,,,,,"823/DIC",,,,"DICKINS.ROSIE;Author",,,,,125,,"BULSAR BOOK STORE",,,,"FICTION",
"USBORNE YOUNG READING: PUSS IN BOOTS",,"978-1-4095-5231-4","USBORNE (SCHOLASTIC)",2005,,,,,"823/PUS",,,,,,,,,125,,"BULSAR BOOK STORE",,,,"FICTION",
"USBORNE YOUNG READING: HANSAL & GRETEL",,"978-1-4095-1169-4","USBORNE (SCHOLASTIC)",2005,,,,,"823/GRI",,,,"GRIMM.BROTHERS;Author",,,,,125,,"BULSAR BOOK STORE",,,,"FICTION",
"USBORNE YOUNG READING: STORIES OF DRAGONS",,"978-0-7460-5404-8","USBORNE (SCHOLASTIC)",2007,,,,,"823/RAW",,,,"RAWSON.CHRISTOPHER;Author",,,,,125,,"BULSAR BOOK STORE",,,,"FICTION",
"USBORNE YOUNG READING: THE LITTLE MERMAID",,"978-1-4095-1171-7","USBORNE (SCHOLASTIC)",2005,,,,,"823/AND",,,,"ANDERSEN.HANS CHRISTIAN;Author",,,,,125,,"BULSAR BOOK STORE",,,,"FICTION",
"USBORNE YOUNG READING: STORIES OF MAGICAL ANIMALS",,"978-0-7460-5407-9","USBORNE (SCHOLASTIC)",2007,,,,,"823/MAG",,,,,,,,,125,,"BULSAR BOOK STORE",,,,"FICTION",
"USBORNE YOUNG READING: STORIES OF WIZARDS",,"978-0-7460-5310-2","USBORNE (SCHOLASTIC)",2007,,,,,"823/RAW",,,,"RAWSON.CHRISTOPHER;Author",,,,,125,,"BULSAR BOOK STORE",,,,"FICTION",
"USBORNE YOUNG READING: ANIMAL LEGENDS",,"978-0-7460-5492-5","USBORNE (SCHOLASTIC)",2007,,,,,"823/ANI",,,,,,,,,125,,"BULSAR BOOK STORE",,,,"FICTION",
"USBORNE YOUNG READING: STORIES OF PIRATES",,"978-0-7460-5771-1","USBORNE (SCHOLASTIC)",2007,,,,,"823/PUN",,,,"PUNTER.RUSSELL;Author",,,,,125,,"BULSAR BOOK STORE",,,,"FICTION",
"USBORNE FIRST READING: POLAR BEARS",,"978-1-4095-0612-6","USBORNE (SCHOLASTIC)",2009,,,,,"823/MAS",,,,"MASON.CONRAD;Author",,,,,125,,"BULSAR BOOK STORE",,,,"FICTION",
"USBORNE FIRST READING: ANDROCLES AND THE LION",,"978-1-4095-1138-0","USBORNE (SCHOLASTIC)",2009,,,,,"823/AND",,,,"PUNTER.RUSSELL;Author",,,,,125,,"BULSAR BOOK STORE",,,,"FICTION",
"USBORNE FIRST READING: THE HARE AND THE TORTOISE",,"978-1-4095-1141-0","USBORNE (SCHOLASTIC)",2007,,,,,"823/HAR",,,,,,,,,125,,"BULSAR BOOK STORE",,,,"FICTION",
"USBORNE FIRST READING: THUMBELINA",,"978-1-4095-0437-5","USBORNE (SCHOLASTIC)",2007,,,,,"823/THU",,,,"ANDERSEN.HANS CHRISTIAN;Author",,,,,125,,"BULSAR BOOK STORE",,,,"FICTION",
"USBORNE FIRST READING: BABA YAGA THE FLYING WITCH",,"978-0-7460-9312-2","USBORNE (SCHOLASTIC)",2008,,,,,"823/BAB",,,,,,,,,125,,"BULSAR BOOK STORE",,,,"FICTION",
"USBORNE FIRST READING: BUTTERFLIES",,"978-1-4095-2066-5","USBORNE (SCHOLASTIC)",2008,,,,,"823/DAV",,,,"DAVIES.KATE;Author",,,,,125,,"BULSAR BOOK STORE",,,,"FICTION",
"USBORNE FIRST READING: PERCY AND THE PIRATES",,"978-1-4095-1131-1","USBORNE (SCHOLASTIC)",2007,,,,,"823/PUN",,,,"PUNTER.RUSSELL;Author",,,,,125,,"BULSAR BOOK STORE",,,,"FICTION",
"USBORNE FIRST READING: THE DRAGON PAINTER",,"978-1-4095-1133-5","USBORNE (SCHOLASTIC)",2006,,,,,"823/DRA",,,,,,,,,125,,"BULSAR BOOK STORE",,,,"FICTION",
"USBORNE FIRST READING: OWLS",,"978-1-4095-0579-2","USBORNE (SCHOLASTIC)",2009,,,,,"823/COU",,,,"COURTAULD.SARAH;Author",,,,,125,,"BULSAR BOOK STORE",,,,"FICTION",
"USBORNE FIRST READING: THE OWL AND THE PUSSYCAT",,"978-0-7460-9878-3","USBORNE (SCHOLASTIC)",2009,,,,,"823/LEA",,,,"LEAR.EDWARD;Author",,,,,125,,"BULSAR BOOK STORE",,,,"FICTION",
"USBORNE FIRST READING: THE UGLY DUCKLING",,"978-1-4095-1135-9","USBORNE (SCHOLASTIC)",2006,,,,,"823/AND",,,,"ANDERSEN.HANS CHRISTIAN;Author",,,,,125,,"BULSAR BOOK STORE",,,,"FICTION",
"USBORNE FIRST READING: THE TOWN MOUSE AND THE COUNTRY MOUSE",,"978-1-4095-1142-7","USBORNE (SCHOLASTIC)",2007,,,,,"823/TOW",,,,,,,,,125,,"BULSAR BOOK STORE",,,,"FICTION",
"USBORNE FIRST READING: LITTLE RED RIDING HOOD",,"978-1-4095-1130-4","USBORNE (SCHOLASTIC)",2006,,,,,"823/GRI",,,,"GRIMM.BROTHERS;Author",,,,,125,,"BULSAR BOOK STORE",,,,"FICTION",
"USBORNE FIRST READING: THE TIN SOLDIER",,"978-1-4095-6277-1","USBORNE (SCHOLASTIC)",2012,,,,,"823/TIN",,,,,,,,,125,,"BULSAR BOOK STORE",,,,"FICTION",
"USBORNE FIRST READING: THE INCH PRINCE",,"978-1-4095-0330-9","USBORNE (SCHOLASTIC)",2009,,,,,"823/INC",,,,,,,,,125,,"BULSAR BOOK STORE",,,,"FICTION",
"USBORNE FIRST READING: WHY THE SEA IS SALTY",,"978-1-4095-0455-9","USBORNE (SCHOLASTIC)",2009,,,,,"823/WHY",,,,,,,,,125,,"BULSAR BOOK STORE",,,,"FICTION",
"USBORNE FIRST READING: THE RELUCTANT DRAGON",,"978-1-4095-0686-7","USBORNE (SCHOLASTIC)",2009,,,,,"823/GRA",,,,"GRAHAME.KENNETH;Author",,,,,125,,"BULSAR BOOK STORE",,,,"FICTION",
"USBORNE FIRST READING: THE STORY OF BABY JESUS",,"978-1-4095-6279-5","USBORNE (SCHOLASTIC)",2012,,,,,"823/BAB",,,,,,,,,125,,"BULSAR BOOK STORE",,,,"FICTION",
"USBORNE FIRST READING: GOLDILOCKS AND THE THREE BEARS",,"978-1-4095-1136-6","USBORNE (SCHOLASTIC)",2007,,,,,"823/GOL",,,,,,,,,125,,"BULSAR BOOK STORE",,,,"FICTION",
"USBORNE FIRST READING: ELEPHANTS",,"978-1-4095-0833-5","USBORNE (SCHOLASTIC)",2009,,,,,"823/DAV",,,,"DAVIES.KATE;Author",,,,,125,,"BULSAR BOOK STORE",,,,"FICTION",
"USBORNE FIRST READING: THE MOUSE'S WEDDING",,"978-1-4095-1101-4","USBORNE (SCHOLASTIC)",2009,,,,,"823/MOU",,,,,,,,,125,,"BULSAR BOOK STORE",,,,"FICTION",
"USBORNE FIRST READING: THE GOLDEN GOOSE",,"978-1-4095-1100-7","USBORNE (SCHOLASTIC)",2009,,,,,"823/MAS",,,,"GRIMM.BROTHERS;Author",,,,,125,,"BULSAR BOOK STORE",,,,"FICTION",
"USBORNE FIRST READING: THE PEACH BOY",,"978-1-4095-1122-9","USBORNE (SCHOLASTIC)",2009,,,,,"823/PEA",,,,,,,,,125,,"BULSAR BOOK STORE",,,,"FICTION",
"USBORNE FIRST READING: DANNY THE DRAGON",,"978-1-4095-0018-6","USBORNE (SCHOLASTIC)",2009,,,,,"823/PUN",,,,"PUNTER.RUSSELL;Author",,,,,125,,"BULSAR BOOK STORE",,,,"FICTION",
"USBORNE FIRST READING: THE MUSICIANS OF BREMAN",,"978-1-4095-1111-3","USBORNE (SCHOLASTIC)",2007,,,,,"823/MUS",,,,,,,,,125,,"BULSAR BOOK STORE",,,,"FICTION",
"USBORNE FIRST READING: THE LEOPARD AND THE SKY GOD",,"978-1-4095-1110-6","USBORNE (SCHOLASTIC)",2007,,,,,"823/LEO",,,,,,,,,125,,"BULSAR BOOK STORE",,,,"FICTION",
"USBORNE FIRST READING: THE DINOSAUR WHO LOST HIS ROAR",,"978-1-4095-1104-5","USBORNE (SCHOLASTIC)",2007,,,,,"823/PUN",,,,"PUNTER.RUSSELL;Author",,,,,125,,"BULSAR BOOK STORE",,,,"FICTION",
"USBORNE FIRST READING: THE ENORMOUS TURNIP",,"978-0-7460-9134-0","USBORNE (SCHOLASTIC)",2006,,,,,"823/TOL",,,,"TOLSTOY.ALEXEI;Author",,,,,125,,"BULSAR BOOK STORE",,,,"FICTION",
"USBORNE FIRST READING: THE LITTLE RED HEN",,"978-1-4095-1107-6","USBORNE (SCHOLASTIC)",2006,,,,,"823/LIT",,,,,,,,,125,,"BULSAR BOOK STORE",,,,"FICTION",
"USBORNE FIRST READING: THE MAGIC PEAR TREE",,"978-1-4095-0453-5","USBORNE (SCHOLASTIC)",2009,,,,,"823/MAG",,,,,,,,,125,,"BULSAR BOOK STORE",,,,"FICTION",
"USBORNE FIRST READING: BUGS",,"978-1-4095-2063-4","USBORNE (SCHOLASTIC)",2008,,,,,"823/COU",,,,"COURTAULD.SARAH;Author",,,,,125,,"BULSAR BOOK STORE",,,,"FICTION",
"USBORNE FIRST READING: THE CASTLE THAT JACK BUILT",,"978-1-4095-1103-8","USBORNE (SCHOLASTIC)",2007,,,,,"823/SIM",,,,"SIMS.LESLEY;Author",,,,,125,,"BULSAR BOOK STORE",,,,"FICTION",
"USBORNE FIRST READING: THE FISH THAT TALKED",,"978-1-4095-1099-4","USBORNE (SCHOLASTIC)",2008,,,,,"823/FIS",,,,,,,,,125,,"BULSAR BOOK STORE",,,,"FICTION",
"USBORNE FIRST READING: THE MAGIC PORRIDGE POT",,"978-0-7460-9030-5","USBORNE (SCHOLASTIC)",2008,,,,,"823/GRI",,,,"GRIMM.BROTHERS;Author",,,,,125,,"BULSAR BOOK STORE",,,,"FICTION",
"USBORNE FIRST READING: THE SCAREDY CAT",,"978-1-4095-0020-9","USBORNE (SCHOLASTIC)",2009,,,,,"823/PUN",,,,"PUNTER.RUSSELL;Author",,,,,125,,"BULSAR BOOK STORE",,,,"FICTION",
"USBORNE FIRST READING: THE BOY WHO CRIED WOLF",,"978-1-4095-1112-0","USBORNE (SCHOLASTIC)",2008,,,,,"823/AES",,,,,,,,,125,,"BULSAR BOOK STORE",,,,"FICTION",
"USBORNE FIRST READING: THE THREE LITTLE PIGS",,"978-1-4095-1115-1","USBORNE (SCHOLASTIC)",2007,,,,,"823/THR",,,,,,,,,125,,"BULSAR BOOK STORE",,,,"FICTION",
"USBORNE FIRST READING: MONKEYS",,"978-1-4095-0546-4","USBORNE (SCHOLASTIC)",2009,,,,,"823/COU",,,,"COURTAULD.SARAH;Author",,,,,125,,"BULSAR BOOK STORE",,,,"FICTION",
"USBORNE FIRST READING: THE GINGERBREAD MAN",,"978-1-4095-1108-3","USBORNE (SCHOLASTIC)",2006,,,,,"823/GIN",,,,,,,,,125,,"BULSAR BOOK STORE",,,,"FICTION",
"USBORNE FIRST READING: THE STONECUTTER",,"978-1-4095-1026-0","USBORNE (SCHOLASTIC)",2010,,,,,"823/STO",,,,,,,,,125,,"BULSAR BOOK STORE",,,,"FICTION",
"USBORNE FIRST READING: CLEVER RABBIT AND THE WOLVES",,"978-1-4095-1079-6","USBORNE (SCHOLASTIC)",2009,,,,,"823/CLE",,,,,,,,,125,,"BULSAR BOOK STORE",,,,"FICTION",
"USBORNE FIRST READING: DOCTOR FOSTER WENT TO GLOUCESTER",,"978-1-4095-6275-7","USBORNE (SCHOLASTIC)",2012,,,,,"823/DOC",,,,,,,,,125,,"BULSAR BOOK STORE",,,,"FICTION",
"USBORNE FIRST READING: THE LITTLE GIRAFFE",,"978-1-4095-1087-1","USBORNE (SCHOLASTIC)",2008,,,,,"823/LIT",,,,,,,,,125,,"BULSAR BOOK STORE",,,,"FICTION",
"USBORNE FIRST READING: THE BAOBAB TREE",,"978-1-4095-0525-9","USBORNE (SCHOLASTIC)",2009,,,,,"823/BAO",,,,,,,,,125,,"BULSAR BOOK STORE",,,,"FICTION",
"USBORNE FIRST READING: THE CHILLY LITTLE PENGUIN",,"978-1-4095-1082-6","USBORNE (SCHOLASTIC)",2009,,,,,"823/PUN",,,,"PUNTER.RUSSELL;Author",,,,,125,,"BULSAR BOOK STORE",,,,"FICTION",
"USBORNE FIRST READING: THE ROLY-POLY RICE BALL",,"978-1-4095-6276-4","USBORNE (SCHOLASTIC)",2012,,,,,"823/ROL",,,,,,,,,125,,"BULSAR BOOK STORE",,,,"FICTION",
"USBORNE FIRST READING: THE MAGIC MELON",,"978-1-4095-5582-7","USBORNE (SCHOLASTIC)",2012,,,,,"823/MAG",,,,,,,,,125,,"BULSAR BOOK STORE",,,,"FICTION",
"USBORNE FIRST READING: THE DRAGON AND THE PHOENIX",,"978-1-4095-1086-4","USBORNE (SCHOLASTIC)",2008,,,,,"823/DRA",,,,,,,,,125,,"BULSAR BOOK STORE",,,,"FICTION",
"USBORNE FIRST READING: OLD MOTHER HUBBARD",,"978-1-4095-2542-4","USBORNE (SCHOLASTIC)",2010,,,,,"823/OLD",,,,,,,,,125,,"BULSAR BOOK STORE",,,,"FICTION",
"USBORNE FIRST READING: LITTLE MISS MUFFET",,"978-1-4095-5581-0","USBORNE (SCHOLASTIC)",2012,,,,,"823/LIT",,,,,,,,,125,,"BULSAR BOOK STORE",,,,"FICTION",
"USBORNE FIRST READING: BEARS",,"978-1-4095-1734-4","USBORNE (SCHOLASTIC)",2010,,,,,"823/COU",,,,"COURTAULD.SARAH;Author",,,,,125,,"BULSAR BOOK STORE",,,,"FICTION",
"USBORNE FIRST READING: BRER RABBIT DOWN THE WELL",,"978-1-4095-0979-0","USBORNE (SCHOLASTIC)",2009,,,,,"823/BRE",,,,,,,,,125,,"BULSAR BOOK STORE",,,,"FICTION",
"USBORNE FIRST READING: THE OLD WOMEN WHO LIVED IN A SHOE",,"978-1-4095-1084-0","USBORNE (SCHOLASTIC)",2009,,,,,"823/OLD",,,,,,,,,125,,"BULSAR BOOK STORE",,,,"FICTION",
"USBORNE FIRST READING: THE GENIE IN THE BOTTLE",,"978-1-4095-0070-4","USBORNE (SCHOLASTIC)",2009,,,,,"823/GEN",,,,,,,,,125,,"BULSAR BOOK STORE",,,,"FICTION",
"USBORNE FIRST READING: CLEVER RABBIT AND THE LION",,"978-1-4095-1088-8","USBORNE (SCHOLASTIC)",2008,,,,,"823/CLE",,,,,,,,,125,,"BULSAR BOOK STORE",,,,"FICTION",
"USBORNE FIRST READING: SNAILS",,"978-1-4095-0115-2","USBORNE (SCHOLASTIC)",2009,,,,,"823/DAV",,,,"DAVIDSON.SUSANNA;Author",,,,,125,,"BULSAR BOOK STORE",,,,"FICTION",
"USBORNE FIRST READING: HOW ELEPhANTS LOST THEIR WINGS",,"978-1-4095-1085-7","USBORNE (SCHOLASTIC)",2008,,,,,"823/ELE",,,,,,,,,125,,"BULSAR BOOK STORE",,,,"FICTION",
"USBORNE FIRST READING: THERE WAS A CROOKED MAN",,"978-1-4095-0999-8","USBORNE (SCHOLASTIC)",2010,,,,,"823/CRO",,,,,,,,,125,,"BULSAR BOOK STORE",,,,"FICTION",
"USBORNE FIRST READING: HOW ZEBRAS GOT THEIR STRIPES",,"978-1-4095-1091-8","USBORNE (SCHOLASTIC)",2009,,,,,"823/ZEB",,,,,,,,,125,,"BULSAR BOOK STORE",,,,"FICTION",
"USBORNE FIRST READING: THE DAYDREAMER",,"978-1-4095-1934-8","USBORNE (SCHOLASTIC)",2010,,,,,"823/DAY",,,,,,,,,125,,"BULSAR BOOK STORE",,,,"FICTION",
"USBORNE FIRST READING: KING DONKEY EARS",,"978-1-4095-0926-4","USBORNE (SCHOLASTIC)",2009,,,,,"823/KIN",,,,,,,,,125,,"BULSAR BOOK STORE",,,,"FICTION",
"USBORNE FIRST READING: ONE,TWO,BUCKLE MY SHOE",,"978-1-4095-2591-2","USBORNE (SCHOLASTIC)",2010,,,,,"823/ONE",,,,,,,,,125,,"BULSAR BOOK STORE",,,,"FICTION",
"USBORNE FIRST READING: BRER RABBIT AND THE BLACKBERRY BUSH",,"978-1-4095-1083-3","USBORNE (SCHOLASTIC)",2009,,,,,"823/BRE",,,,,,,,,125,,"BULSAR BOOK STORE",,,,"FICTION",
"USBORNE FIRST READING: THE TORTOISE AND THE EAGLE",,"978-1-4095-1089-5","USBORNE (SCHOLASTIC)",2009,,,,,"823/AES",,,,,,,,,125,,"BULSAR BOOK STORE",,,,"FICTION",
"USBORNE FIRST READING: KING MIDAS AND THE GOLD",,"978-1-4095-1071-0","USBORNE (SCHOLASTIC)",2009,,,,,"823/KIN",,,,,,,,,125,,"BULSAR BOOK STORE",,,,"FICTION",
"USBORNE FIRST READING: ON THE FARM",,"978-1-4095-5226-0","USBORNE (SCHOLASTIC)",2011,,,,,"823/DAV",,,,"DAVIDSON.SUSANNA;Author",,,,,125,,"BULSAR BOOK STORE",,,,"FICTION",
"USBORNE FIRST READING: THE WISH FISH",,"978-1-4095-1073-4","USBORNE (SCHOLASTIC)",2007,,,,,"823/WIS",,,,,,,,,125,,"BULSAR BOOK STORE",,,,"FICTION",
"USBORNE FIRST READING: OLD MAC DONALD HAD A FARM",,"978-1-4095-5228-4","USBORNE (SCHOLASTIC)",2009,,,,,"823/OLD",,,,,,,,,125,,"BULSAR BOOK STORE",,,,"FICTION",
"USBORNE FIRST READING: UNDER THE GROUND",,"978-1-4095-5227-7","USBORNE (SCHOLASTIC)",2011,,,,,"823/MIL",,,,"MILBOURNE.ANNA;Author",,,,,125,,"BULSAR BOOK STORE",,,,"FICTION",
"USBORNE FIRST READING: ANANSI AND THE TUG OF WAR",,"978-1-4095-6274-0","USBORNE (SCHOLASTIC)",2012,,,,,"823/ANA",,,,,,,,,125,,"BULSAR BOOK STORE",,,,"FICTION",
"USBORNE FIRST READING: THE FOX AND THE CROW",,"978-1-4095-1076-5","USBORNE (SCHOLASTIC)",2007,,,,,"823/FOX",,,,,,,,,125,,"BULSAR BOOK STORE",,,,"FICTION",
"USBORNE FIRST READING: THE ANT AND THE GRASSHOPPER",,"978-1-4095-1070-3","USBORNE (SCHOLASTIC)",2009,,,,,"823/ANT",,,,,,,,,125,,"BULSAR BOOK STORE",,,,"FICTION",
"USBORNE FIRST READING: IN THE CASTLE",,"978-1-4095-5578-0","USBORNE (SCHOLASTIC)",2012,,,,,"823/MIL",,,,"MILBOURNE.ANNA;Author",,,,,125,,"BULSAR BOOK STORE",,,,"FICTION",
"USBORNE FIRST READING: THE RABBIT'S TALE",,"978-1-4095-5580-3","USBORNE (SCHOLASTIC)",2012,,,,,"823/RAB",,,,,,,,,125,,"BULSAR BOOK STORE",,,,"FICTION",
"USBORNE FIRST READING: THE GREEDY DOG",,"978-1-4095-5579-7","USBORNE (SCHOLASTIC)",2012,,,,,"823/GRE",,,,,,,,,125,,"BULSAR BOOK STORE",,,,"FICTION",
"USBORNE FIRST READING: ON THE MOON",,"978-1-4095-3087-9","USBORNE (SCHOLASTIC)",2012,,,,,"823/MIL",,,,"MILBOURNE.ANNA;Author",,,,,125,,"BULSAR BOOK STORE",,,,"FICTION",
"USBORNE FIRST READING: THE SUN AND THE WIND",,"978-1-4095-1074-1","USBORNE (SCHOLASTIC)",2007,,,,,"823/SUN",,,,,,,,,125,,"BULSAR BOOK STORE",,,,"FICTION",
"USBORNE FIRST READING: ANANSI AND THE BAG OF WISDOM",,"978-1-4095-3091-6","USBORNE (SCHOLASTIC)",2011,,,,,"823/ANA",,,,,,,,,125,,"BULSAR BOOK STORE",,,,"FICTION",
"USBORNE FIRST READING: THE THREE WISHES",,"978-1-4095-1077-2","USBORNE (SCHOLASTIC)",2009,,,,,"823/THR",,,,,,,,,125,,"BULSAR BOOK STORE",,,,"FICTION",
"USBORNE VERY FIRST READING: BOOK 5; GRIZZLY BEAR ROCK",,"978-1-4095-5212-3","USBORNE (SCHOLASTIC)",2010,,,,,"823/SIM",,,,"SIMS.LESLEY;Author",,,,,125,,"BULSAR BOOK STORE",,,,"FICTION",
"USBORNE VERY FIRST READING: BOOK4; DOG DIARY",,"978-1-4095-5211-6","USBORNE (SCHOLASTIC)",2010,,,,,"823/MAC",,,,"MACKINNON.MAIRI;Author",,,,,125,,"BULSAR BOOK STORE",,,,"FICTION",
"USBORNE VERY FIRST READING: BOOK 3; A BUS FOR MISS MOSS",,"978-1-4095-5210-9","USBORNE (SCHOLASTIC)",2010,,,,,"823/MAC",,,,"MACKINNON.MAIRI;Author",,,,,125,,"BULSAR BOOK STORE",,,,"FICTION",
"USBORNE VERY FIRST READING: BOOK 2; THE DRESSING-UP BOX",,"978-1-4095-5209-3","USBORNE (SCHOLASTIC)",2010,,,,,"823/MAC",,,,"MACKINNON.MAIRI;Author",,,,,125,,"BULSAR BOOK STORE",,,,"FICTION",
"USBORNE VERY FIRST READING: BOOK 11; WILD SCHOOL",,"978-1-4095-5218-5","USBORNE (SCHOLASTIC)",2010,,,,,"823/MAC",,,,"MACKINNON.MAIRI;Author",,,,,125,,"BULSAR BOOK STORE",,,,"FICTION",
"USBORNE VERY FIRST READING: BOOK 1; PIRATE PAT",,"978-1-4095-5208-6","USBORNE (SCHOLASTIC)",2010,,,,,"823/MAC",,,,"MACKINNON.MAIRI;Author",,,,,125,,"BULSAR BOOK STORE",,,,"FICTION",
"USBORNE VERY FIRST READING: BOOK 10; LATE NIGHT AT THE ZOO",,"978-1-4095-5217-8","USBORNE (SCHOLASTIC)",2010,,,,,"823/MAC",,,,"MACKINNON.MAIRI;Author",,,,,125,,"BULSAR BOOK STORE",,,,"FICTION",
"USBORNE VERY FIRST READING: BOOK 8; MOON ZOOM",,"978-1-4095-5212-4","USBORNE (SCHOLASTIC)",2010,,,,,"823/SIM",,,,"SIMS.LESLEY;Author",,,,,125,,"BULSAR BOOK STORE",,,,"FICTION",
"USBORNE VERY FIRST READING: BOOK 7; STOP THAT COW!",,"978-1-4095-5214-7","USBORNE (SCHOLASTIC)",2010,,,,,"823/MAC",,,,"MACKINNON.MAIRI;Author",,,,,125,,"BULSAR BOOK STORE",,,,"FICTION",
"USBORNE VERY FIRST READING: BOOK 6; THE QUEEN MAKES A SCENE",,"978-1-4095-5213-0","USBORNE (SCHOLASTIC)",2010,,,,,"823/MAC",,,,"MACKINNON.MAIRI;Author",,,,,125,,"BULSAR BOOK STORE",,,,"FICTION",
"USBORNE VERY FIRST READING: BOOK 15; MR. MYSTERY",,"978-1-4095-5222-2","USBORNE (SCHOLASTIC)",2010,,,,,"823/MAC",,,,"MACKINNON.MAIRI;Author",,,,,125,,"BULSAR BOOK STORE",,,,"FICTION",
"USBORNE VERY FIRST READING: BOOK 14; KNIGHT FIGHT",,"978-1-4095-5221-5","USBORNE (SCHOLASTIC)",2010,,,,,"823/SIM",,,,"SIMS.LESLEY;Author",,,,,125,,"BULSAR BOOK STORE",,,,"FICTION",
"USBORNE VERY FIRST READING: BOOK 13; THE MONSTER DINER",,"978-1-4095-5220-8","USBORNE (SCHOLASTIC)",2010,,,,,"823/MAC",,,,"MACKINNON.MAIRI;Author",,,,,125,,"BULSAR BOOK STORE",,,,"FICTION",
"USBORNE VERY FIRST READING: BOOK 12; THE CIRCUS UNDER THE SEA",,"978-1-4095-5219-2","USBORNE (SCHOLASTIC)",2010,,,,,"823/MAC",,,,"MACKINNON.MAIRI;Author",,,,,125,,"BULSAR BOOK STORE",,,,"FICTION",
"USBORNE YOUNG READING: THE PRISONER OF ZENDA",,"978-1-4095-5492-9","USBORNE (SCHOLASTIC)",2009,,,,,"823/HOP",,,,"HOPE.ANTHONY;Author",,,,,125,,"BULSAR BOOK STORE",,,,"FICTION",
"USBORNE YOUNG READING: TITANIC",,"978-1-4095-1272-1","USBORNE (SCHOLASTIC)",2006,,,,,"823/CLA",,,,"CLAYBOURNE.ANNA;Author DAYNES.KATIE;Author",,,,,125,,"BULSAR BOOK STORE",,,,"FICTION",
"USBORNE YOUNG READING: THE STORY OF SPYING",,"978-1-4095-2079-5","USBORNE (SCHOLASTIC)",2007,,,,,"823/JON",,,,"JONES.ROB LLOYD;Author",,,,,125,,"BULSAR BOOK STORE",,,,"FICTION",
"USBORNE YOUNG READING:THE 39 STEPS",,"978-1-4095-5244-4","USBORNE (SCHOLASTIC)",2011,,,,,"823/BUC",,,,"BUCHAN.JOHN;Author",,,,,125,,"BULSAR BOOK STORE",,,,"FICTION",
"USBORNE YOUNG READING: LITTLE WOMEN",,"978-1-4095-1262-2","USBORNE (SCHOLASTIC)",2007,,,,,"823/ALC",,,,"ALCOTT.LOUISA MAY;Author",,,,,125,,"BULSAR BOOK STORE",,,,"FICTION",
"USBORNE YOUNG READING: PRIDE AND PREJUDICE",,"978-1-4095-2391-8","USBORNE (SCHOLASTIC)",2011,,,,,"823/AUS",,,,"AUSTEN.JANE;Author",,,,,125,,"BULSAR BOOK STORE",,,,"FICTION",
"USBORNE YOUNG READING: KIDNAPPED",,"978-1-4095-6282-5","USBORNE (SCHOLASTIC)",2012,,,,,"823/STE",,,,"STEVENSON.ROBERT LOUIS;Author",,,,,125,,"BULSAR BOOK STORE",,,,"FICTION",
"USBORNE YOUNG READING: THE ODYSSEY",,"978-1-4095-3255-2","USBORNE (SCHOLASTIC)",2011,,,,,"823/ODY",,,,,,,,,125,,"BULSAR BOOK STORE",,,,"FICTION",
"USBORNE YOUNG READING: WHITE FANG",,"978-1-4095-0457-3","USBORNE (SCHOLASTIC)",2010,,,,,"823/LON",,,,"LONDON.JACK;Author",,,,,125,,"BULSAR BOOK STORE",,,,"FICTION",
"USBORNE YOUNG READING: NELSON",,"978-0-7460-7815-0","USBORNE (SCHOLASTIC)",2006,,,,,"823/LAC",,,,"LACEY.MINNA;Author",,,,,125,,"BULSAR BOOK STORE",,,,"FICTION",
"USBORNE YOUNG READING: WILLIAM SHAKESPEARE",,"978-1-4095-1293-6","USBORNE (SCHOLASTIC)",2008,,,,,"823/DIC",,,,"DICKINS.ROSIE;Author",,,,,125,,"BULSAR BOOK STORE",,,,"FICTION",
"USBORNE YOUNG READING: QUEEN VICTORIA",,"978-1-4095-6285-6","USBORNE (SCHOLASTIC)",2012,,,,,"823/DAV",,,,"DAVIDSON.SUSANNA;Author",,,,,125,,"BULSAR BOOK STORE",,,,"FICTION",
"USBORNE YOUNG READING: FLORENCE NIGHTINGALE",,"978-1-4095-1279-0","USBORNE (SCHOLASTIC)",2005,,,,,"823/LET",,,,"LETHBRIDGE.LUCY;Author",,,,,125,,"BULSAR BOOK STORE",,,,"FICTION",
"USBORNE YOUNG READING: CHRISTOPHER COLUMBUS",,"978-1-4095-1292-9","USBORNE (SCHOLASTIC)",2005,,,,,"823/LAC",,,,"LACEY.MINNA;Author",,,,,125,,"BULSAR BOOK STORE",,,,"FICTION",
"USBORNE YOUNG READING: DAVID COPPERFIELD",,"978-1-4095-5252-9","USBORNE (SCHOLASTIC)",2008,,,,,"823/DIC",,,,"DICKENS.CHARLES;Author","ENGLISH STORY",,,,125,,"BULSAR BOOK STORE",,,,"FICTION",
"USBORNE YOUNG READING: MARTIN LUTHER KING",,"978-1-4095-1284-4","USBORNE (SCHOLASTIC)",2006,,,,,"823/JON",,,,"JONES.ROB LLOYD;Author","ENGLISH STORY",,,,125,,"BULSAR BOOK STORE",,,,"FICTION",
"USBORNE YOUNG READING: ADOLF HITLER",,"978-1-4095-1287-5","USBORNE (SCHOLASTIC)",2006,,,,,"823/DAY",,,,"DAYNES.KATIE;Author","ENGLISH STORY",,,,125,,"BULSAR BOOK STORE",,,,"FICTION",
"USBORNE YOUNG READING:JULIUS CAESAR",,"978-1-4095-1264-6","USBORNE (SCHOLASTIC)",2007,,,,,"823/FIR",,,,"FIRTH.RACHEL;Author","ENGLISH STORY",,,,125,,"BULSAR BOOK STORE",,,,"FICTION",
"USBORNE YOUNG READING: CLEOPATRA",,"978-1-4095-1291-2","USBORNE (SCHOLASTIC)",2005,,,,,"823/DAY",,,,"DAYNES.KATIE;Author","ENGLISH STORY",,,,125,,"BULSAR BOOK STORE",,,,"FICTION",
"USBORNE YOUNG READING: SAMURAI",,"978-1-4095-1266-0","USBORNE (SCHOLASTIC)",2007,,,,,"823/STO",,,,"STOWELL.LOUIE;Author","ENGLISH STORY",,,,125,,"BULSAR BOOK STORE",,,,"FICTION",
"USBORNE YOUNG READING: GLADIATORS",,"978-1-4095-1270-7","USBORNE (SCHOLASTIC)",2006,,,,,"823/LAC",,,,"LACEY.MINNA;Author DAVIDSON.SUSANNA;Author","ENGLISH STORY",,,,125,,"BULSAR BOOK STORE",,,,"FICTION",
"USBORNE YOUNG READING: CAPTAIN COOK",,"978-0-7460-7812-9","USBORNE (SCHOLASTIC)",2005,,,,,"823/LEV",,,,"LEVENE.REBECCA;Author","ENGLISH STORY",,,,125,,"BULSAR BOOK STORE",,,,"FICTION",
"USBORNE YOUNG READING: LEONARDO DA VINCI",,"978-1-4095-1265-3","USBORNE (SCHOLASTIC)",2007,,,,,"823/BAL",,,,"BALL. KAREN;Author DICKINS.ROSIE;Author","ENGLISH STORY",,,,125,,"BULSAR BOOK STORE",,,,"FICTION",
"USBORNE YOUNG READING: DRACULA",,"978-0-7460-9231-6","USBORNE (SCHOLASTIC)",2008,,,,,"823/STO",,,,"STOKER.BRAM;Author","ENGLISH STORY",,,,125,,"BULSAR BOOK STORE",,,,"FICTION",
"USBORNE YOUNG READING: NAPOLEON",,"978-1-4095-1288-2","USBORNE (SCHOLASTIC)",2005,,,,,"823/LET",,,,"LETHBRIDGE.LUCY;Author","ENGLISH STORY",,,,125,,"BULSAR BOOK STORE",,,,"FICTION",
"USBORNE YOUNG READING: THE THREE MUSKETEERS",,"978-1-4095-1120-5","USBORNE (SCHOLASTIC)",2009,,,,,"823/DUM",,,,"DUMAS.ALEXANDRE;Author","ENGLISH STORY",,,,125,,"BULSAR BOOK STORE",,,,"FICTION",
"USBORNE YOUNG READING: THE STORY OF ISLAM",,"978-1-4095-1263-9","USBORNE (SCHOLASTIC)",2007,,,,,"823/JON",,,,"JONES.ROB LLOYD;Author","ENGLISH STORY",,,,125,,"BULSAR BOOK STORE",,,,"FICTION",
"USBORNE YOUNG READING: GREAT EXPECTATIONS",,"978-1-4095-1278-3","USBORNE (SCHOLASTIC)",2008,,,,,"823/DIC",,,,"DICKENS.CHARLES;Author","ENGLISH STORY",,,,125,,"BULSAR BOOK STORE",,,,"FICTION",
"USBORNE YOUNG READING: A TALE OF TWO CITIES",,"978-1-4095-1119-9","USBORNE (SCHOLASTIC)",2009,,,,,"823/DIC",,,,"DICKENS.CHARLES;Author","ENGLISH STORY",,,,125,,"BULSAR BOOK STORE",,,,"FICTION",
"USBORNE YOUNG READING: LITTLE DORRIT",,"978-1-4095-5248-2","USBORNE (SCHOLASTIC)",2010,,,,,"823/DIC",,,,"DICKENS.CHARLES;Author","ENGLISH STORY",,,,125,,"BULSAR BOOK STORE",,,,"FICTION",
"USBORNE YOUNG READING: THE QUEEN'S PIRATER-FRANCIS DRAKE",,"978-1-4095-2077-1","USBORNE (SCHOLASTIC)",2007,,,,,"823/COU",,,,"COURTAULD.SARAH;Author","ENGLISH STORY",,,,125,,"BULSAR BOOK STORE",,,,"FICTION",
"USBORNE YOUNG READING: ANIMALS AT WAR",,"978-1-4095-2078-8","USBORNE (SCHOLASTIC)",2007,,,,,"823/GEO",,,,"GEORGE.ISABEL;Author JONES.ROB LLOYD;Author","ENGLISH STORY",,,,125,,"BULSAR BOOK STORE",,,,"FICTION",
"USBORNE YOUNG READING: THE COUNT OF MONTE CRISTO",,"978-1-4095-0462-7","USBORNE (SCHOLASTIC)",2010,,,,,"823/DUM",,,,"DUMAS.ALEXANDRE;Author","ENGLISH STORY",,,,125,,"BULSAR BOOK STORE",,,,"FICTION",
"USBORNE YOUNG READING: STORIES OF VAMPIRES",,"978-1-4095-1371-1","USBORNE (SCHOLASTIC)",2010,,,,,"823/STO",,,,"STOWELL.LOUIE;Author","ENGLISH STORY",,,,125,,"BULSAR BOOK STORE",,,,"FICTION",
"USBORNE YOUNG READING: OLIVER TWIST",,"978-1-4095-5249-9","USBORNE (SCHOLASTIC)",2007,,,,,"823/DIC",,,,"DICKENS.CHARLES;Author","ENGLISH STORY",,,,125,,"BULSAR BOOK STORE",,,,"FICTION",
"USBORNE YOUNG READING: KING SOLOMON'S MINES",,"978-1-4095-6283-2","USBORNE (SCHOLASTIC)",2012,,,,,"823/HAG",,,,"HAGGARD.H.RIDER;Author","ENGLISH STORY",,,,125,,"BULSAR BOOK STORE",,,,"FICTION",
"NOODLES: SCHOLASTIC READER LEVEL 1;IT'S TOO WINDY! SCHOLASTIC READER LEVEL 1",,"978-0-439-10849-2","SCHOLASTIC",2008,,,,,"823/WIL",,,,"WILHELM.HANS;Author","ENGLISH STORY",,,,125,,"BULSAR BOOK STORE",,,,"FICTION",
"NOODLES: BEGINNING READER LEVEL 1;I LOST MY TOOTH",,"978-0-590-64230-9","SCHOLASTIC",2012,,,,,"823/WIL",,,,"WILHELM.HANS;Author","ENGLISH STORY",,,,125,,"BULSAR BOOK STORE",,,,"FICTION",
"BEGINNING READER LEVEL 1: PLEASE WRITE BACK",,"978-0-545-11506-3","SCHOLASTIC",2012,,,,,"823/MOR",,,,"MORRIS.JENNIFER E.;Author","ENGLISH STORY",,,,125,,"BULSAR BOOK STORE",,,,"FICTION",
"NOODLES: BEGINNING READER LEVEL 1; NO NEW PETS!",,"978-0-545-07078-2","SCHOLASTIC",2012,,,,,"823/WIL",,,,"WILHELM.HANS;Author","ENGLISH STORY",,,,125,,"BULSAR BOOK STORE",,,,"FICTION",
"BEGINNING READER LEVEL 1:SILLY MILLY",,"978-0-545-06859-8","SCHOLASTIC",2012,,,,,"823/LEW",,,,"LEWISON.WENDY CHEYETTE;Author","ENGLISH STORY",,,,125,,"BULSAR BOOK STORE",,,,"FICTION",
"BEGINNING READER LEVEL 1:THE SUPER SECRET ADVENTURE CLUB",,"978-0-545-43685-4","SCHOLASTIC",2012,,,,,"823/MCC",,,,"MCCLEMENTS.GEORGE;Author","ENGLISH STORY",,,,125,,"BULSAR BOOK STORE",,,,"FICTION",
"SCHOLASTIC READER LEVEL 1: LOGO CITY; READY FOR TAKEOFF!",,"978-0-545-21986-0","SCHOLASTIC",2012,,,,,"823/SAN",,,,"SANDER.SONIA;Author","ENGLISH STORY",,,,125,,"BULSAR BOOK STORE",,,,"FICTION",
"BEGINNING READER LEVEL 1: WHO WEARS GLASSES?",,"978-0-545-21020-1","SCHOLASTIC",2012,,,,,"823/GAL",,,,"GALAN.ANA;Author","ENGLISH STORY",,,,125,,"BULSAR BOOK STORE",,,,"FICTION",
"NOODLES:SCHOLASTIC READER LEVEL 1; I HATE BULLIES!",,"978-0-439-70139-6","SCHOLASTIC",2012,,,,,"823/WIL",,,,"WILHELM.HANS;Author","ENGLISH STORY",,,,125,,"BULSAR BOOK STORE",,,,"FICTION",
"NOODLES:SCHOLASTIC READER LEVEL 1; I LOVE RAINY DAYS!",,"978-0-545-24503-6","SCHOLASTIC",2012,,,,,"823/WIL",,,,"WILHELM.HANS;Author","ENGLISH STORY",,,,125,,"BULSAR BOOK STORE",,,,"FICTION",
"NOODLES:BEGINNING READER LEVEL 1; I LOVE COLORS!",,"978-0-439-19288-0","SCHOLASTIC",2012,,,,,"823/WIL",,,,"WILHELM.HANS;Author","ENGLISH STORY",,,,125,,"BULSAR BOOK STORE",,,,"FICTION",
"NOODLES:SCHOLASTIC READER 1; I WON'T SHARE!",,"978-0-439-77353-9","SCHOLASTIC",2012,,,,,"823/WIL",,,,"WILHELM.HANS;Author","ENGLISH STORY",,,,125,,"BULSAR BOOK STORE",,,,"FICTION",
"BEGINNING READER LEVEL 1: SPOOKY HAYRIDE",,"978-0-545-02977-3","SCHOLASTIC",2012,,,,,"823/JAM",,,,"JAMES.BRIAN;Author","ENGLISH STORY",,,,125,,"BULSAR BOOK STORE",,,,"FICTION",
"BEGINNING READER LEVEL 1:HELLO,FREIGHT TRAIN",,"978-0-439-59891-0","SCHOLASTIC",2012,,,,,"823/PAR",,,,"PARKER.MARJORIE.BLAIN;Author","ENGLISH STORY",,,,125,,"BULSAR BOOK STORE",,,,"FICTION",
"BEGINNING READER LEVEL 1: I'M A CATERPILLAR",,"978-0-590-84779-7","SCHOLASTIC",2012,,,,,"823/MAR",,,,"MARZOLLO.JEAN;Author","ENGLISH STORY",,,,125,,"BULSAR BOOK STORE",,,,"FICTION",
"SCHOLASTIC READER LEVEL 1: DINOSAUR HUNT",,"978-0-545-05751-6","SCHOLASTIC",2012,,,,,"823/CAT",,,,"CATROW.DAVID;Author","ENGLISH STORY",,,,125,,"BULSAR BOOK STORE",,,,"FICTION",
"BEGINNING READER LEVEL 1: HELLO, SCHOOL BUS!",,"978-0-439-59889-7","SCHOLASTIC",2012,,,,,"823/PAR",,,,"PARKER.MARJORIE.BLAIN;Author","ENGLISH STORY",,,,125,,"BULSAR BOOK STORE",,,,"FICTION",
"NOODLES:BEGINNING READER LEVEL 1; I CAN HELP!",,"978-0-439-46621-9","SCHOLASTIC",2012,,,,,"823/WIL",,,,"WILHELM.HANS;Author","ENGLISH STORY",,,,125,,"BULSAR BOOK STORE",,,,"FICTION",
"BEGINNING READER LEVEL 1: THERE'S A MOUSE IN THE HOUSE!",,"978-0-545-17855-6","SCHOLASTIC",2012,,,,,"823/LEW",,,,"LEWISON.WENDY CHEYETTE;Author","ENGLISH STORY",,,,125,,"BULSAR BOOK STORE",,,,"FICTION",
"SCHOLASTIC READER LEVEL 1: ""WHAT IS THAT?"" SAID THE CAT",,"978-0-590-25945-3","SCHOLASTIC",2012,,,,,"823/MAC",,,,"MACCARONE.GRACE;Author","ENGLISH STORY",,,,125,,"BULSAR BOOK STORE",,,,"FICTION",
"SCHOLASTIC READER LEVEL 1: GUS GETS SCARED",,"978-0-545-24471-8","SCHOLASTIC",2012,,,,,"823/REM",,,,"REMKIEWICZ.FRANK;Author","ENGLISH STORY",,,,125,,"BULSAR BOOK STORE",,,,"FICTION",
"SCHOLASTIC READER LEVEL 2: SNOW WHITE",,"978-0-439-47152-7","SCHOLASTIC",2012,,,,,"823/TOR",,,,"TORRES.MELISSA A.;Author","ENGLISH STORY",,,,125,,"BULSAR BOOK STORE",,,,"FICTION",
"SCHOLASTIC READER LEVEL 2: THE MAGIC SCHOOL BUS; SLEEPS FOR THE WINTER",,"978-0-439-56989-3","SCHOLASTIC",2003,,,,,"823/MOO",,,,"MOORE.EVA;Author","ENGLISH STORY",,,,125,,"BULSAR BOOK STORE",,,,"FICTION",
"SCHOLASTIC READER LEVEL 2: THE MAGIC SCHOOL BUS;GETS CRABBY",,"978-0-439-68403-3","SCHOLASTIC",2012,,,,,"823/EAR",,,,"EARHART.KRISTIN;Author","ENGLISH STORY",,,,125,,"BULSAR BOOK STORE",,,,"FICTION",
"SCHOLASTIC READER LEVEL 2: THE MAGIC SCHOOL BUS; FLIES WITH THE DINOSAURS",,"978-0-439-80106-5","SCHOLASTIC",2012,,,,,"823/SCH",,,,"SCHWABACHER.MARTIN;Author","ENGLISH STORY",,,,125,,"BULSAR BOOK STORE",,,,"FICTION",
"SCHOLASTIC READER LEVEL 2: THE MAGIC SCHOOL BUS;WHAT TIME IS IT?A BOOK OF MATH RIDDLES ",,"978-0-590-12008-1","SCHOLASTIC",2012,,,,,"823/KEE",,,,"KEENAN .SHEILA;Author","ENGLISH STORY",,,,125,,"BULSAR BOOK STORE",,,,"FICTION",
"SCHOLASTIC READER LEVEL 2: THE MAGIC SCHOOL BUS;HAS A HEART",,"978-0-439-68402-1","SCHOLASTIC",2005,,,,,"823/CAP",,,,"CAPECI.ANNE;Author","ENGLISH STORY",,,,125,,"BULSAR BOOK STORE",,,,"FICTION",
"SCHOLASTIC READER LEVEL 2: THE MAGIC SCHOOL BUS;GETS RECYCLED",,"978-0-439-89936-9","SCHOLASTIC",2007,,,,,"823/CAP",,,,"CAPECI.ANNE;Author","ENGLISH STORY",,,,125,,"BULSAR BOOK STORE",,,,"FICTION",
"SCHOLASTIC READER LEVEL 2: THE MAGIC SCHOOL BUS; RIDES THE WIND",,"978-0-439-80108-9","SCHOLASTIC",2006,,,,,"823/CAP",,,,"CAPECI.ANNE;Author","ENGLISH STORY",,,,125,,"BULSAR BOOK STORE",,,,"FICTION",
"SCHOLASTIC READER LEVEL 2: THE MAGIC SCHOOL BUS;MORE SPAGHETTI,I SAY",,"978-0-590-45783-5","SCHOLASTIC",2012,,,,,"823/GEL",,,,"GELMAN.RITA GOLDEN;Author","ENGLISH STORY",,,,125,,"BULSAR BOOK STORE",,,,"FICTION",
"SCHOLASTIC READER LEVEL 2: THE MAGIC SCHOOL BUS;TWO CRAZY PIGS",,"978-0-590-44972-4","SCHOLASTIC",2012,,,,,"823/NAG",,,,"NAGEL.KAREN BERMAN;Author","ENGLISH STORY",,,,125,,"BULSAR BOOK STORE",,,,"FICTION",
"SCHOLASTIC READER LEVEL 2: THE MAGIC SCHOOL BUS;THE WILD LEAF RIDE",,"978-0-439-56988-5","SCHOLASTIC",2003,,,,,"823/STA",,,,"STAMPER.JUDITH;Author","ENGLISH STORY",,,,125,,"BULSAR BOOK STORE",,,,"FICTION",
"SCHOLASTIC READER LEVEL 2: THE MAGIC SCHOOL BUS;THE GREAT RACE",,"978-0-590-84909-8","SCHOLASTIC",2012,,,,,"823/MCP",,,,"MCPHAIL.DAVID;Author","ENGLISH STORY",,,,125,,"BULSAR BOOK STORE",,,,"FICTION",
"SCHOLASTIC READER LEVEL 2: SOLAR SYSTEM",,"978-0-545-38267-0","SCHOLASTIC",2012,,,,,"500/VOG",,,,"VOGT.GREGORY;Author","ENGLISH STORY",,,,125,,"BULSAR BOOK STORE",,,,"FICTION",
"SCHOLASTIC READER LEVEL 2: MISS SPIDER'S NEW CAR READER",,"978-0-439-83306-6","SCHOLASTIC",2012,,,,,"823/KIR",,,,"KIRK.DAVID;Author","ENGLISH STORY",,,,125,,"BULSAR BOOK STORE",,,,"FICTION",
"DEVELOPING READER LEVEL 2: WAKE ME IN SPRING",,"978-0-590-47500-6","SCHOLASTIC",2012,,,,,"823/PRE",,,,"PRELLER.JAMES;Author","ENGLISH STORY",,,,125,,"BULSAR BOOK STORE",,,,"FICTION",
"DEVELOPING READER LEVEL 2: THE 100TH DAY OF SCHOOL",,"978-0-590-25944-6","SCHOLASTIC",2012,,,,,"823/MED",,,,"MEDEARIS.ANGELA SHELF;Author","ENGLISH STORY",,,,125,,"BULSAR BOOK STORE",,,,"FICTION",
"THE SECRET OF DROOM: THE HIDDEN STAIRS AND THE MAGIC CARPET",,"978-0-590-10839-3","SCHOLASTIC",2013,,,,,"823/ABB",,,,"ABBOTT.TONY;Author","ENGLISH ",,,,110,,"BULSAR BOOK STORE",,,,"FICTION",
"THE SECRET OF DROOM: JOURNEY TO THE VOLCANO PALACE",,"978-0-590-10841-6","SCHOLASTIC",2013,,,,,"823/ABB",,,,"ABBOTT.TONY;Author","ENGLISH ",,,,110,,"BULSAR BOOK STORE",,,,"FICTION",
"THE SECRET OF DROOM: THE MYSTERIOUS ISLAND",,"978-0-590-10840-9","SCHOLASTIC",2013,,,,,"823/ABB",,,,"ABBOTT.TONY;Author","ENGLISH ",,,,110,,"BULSAR BOOK STORE",,,,"FICTION",
"THE SECRET OF DROOM: CITY IN THE CLOUDS",,"978-0-590-10842-3","SCHOLASTIC",2013,,,,,"823/ABB",,,,"ABBOTT.TONY;Author","ENGLISH ",,,,110,,"BULSAR BOOK STORE",,,,"FICTION",
"THE SECRET OF DROOM: THE GREAT ICE BATTLE",,"978-0-590-10843-0","SCHOLASTIC",2012,,,,,"823/ABB",,,,"ABBOTT.TONY;Author","ENGLISH ",,,,110,,"BULSAR BOOK STORE",,,,"FICTION",
"THE SECRET OF DROOM: THE SLEEPING GIANT OF GOLL",,"978-0-590-10844-7","SCHOLASTIC",2013,,,,,"823/ABB",,,,"ABBOTT.TONY;Author","ENGLISH ",,,,110,,"BULSAR BOOK STORE",,,,"FICTION",
"THE SECRET OF DROOM: INTO THE LAND OF THE LOST",,"978-0-439-18297-3","SCHOLASTIC",2013,,,,,"823/ABB",,,,"ABBOTT.TONY;Author","ENGLISH ",,,,110,,"BULSAR BOOK STORE",,,,"FICTION",
"THE SECRET OF DROOM: THE GOLDEN WASP",,"978-0-439-18298-0","SCHOLASTIC",2013,,,,,"823/ABB",,,,"ABBOTT.TONY;Author","ENGLISH ",,,,110,,"BULSAR BOOK STORE",,,,"FICTION",
"THE SECRET OF DROOM: THE TOWER OF THE ELF KING",,"978-0-439-20772-0","SCHOLASTIC",2013,,,,,"823/ABB",,,,"ABBOTT.TONY;Author","ENGLISH ",,,,110,,"BULSAR BOOK STORE",,,,"FICTION",
"THE SECRET OF DROOM: QUEST FOR THE QUEEN",,"978-0-439-20784-3","SCHOLASTIC",2013,,,,,"823/ABB",,,,"ABBOTT.TONY;Author","ENGLISH ",,,,110,,"BULSAR BOOK STORE",,,,"FICTION",
"THE SECRET OF DROOM: THE HAWK BANDITS OF TARKOOM",,"978-0-439-20785-0","SCHOLASTIC",2013,,,,,"823/ABB",,,,"ABBOTT.TONY;Author","ENGLISH ",,,,110,,"BULSAR BOOK STORE",,,,"FICTION",
"THE SECRET OF DROOM: UNDER THE SERPENT SEA",,"978-0-439-20786-7","SCHOLASTIC",2013,,,,,"823/ABB",,,,"ABBOTT.TONY;Author","ENGLISH ",,,,110,,"BULSAR BOOK STORE",,,,"FICTION",
"THE SECRET OF DROOM: THE MASK OF MALIBAN",,"978-0-439-30606-5","SCHOLASTIC",2013,,,,,"823/ABB",,,,"ABBOTT.TONY;Author","ENGLISH ",,,,110,,"BULSAR BOOK STORE",,,,"FICTION",
"THE SECRET OF DROOM: VOYAGE OF THE JAFFA WIND",,"978-0-439-30607-2","SCHOLASTIC",2013,,,,,"823/ABB",,,,"ABBOTT.TONY;Author","ENGLISH ",,,,110,,"BULSAR BOOK STORE",,,,"FICTION",
"THE SECRET OF DROOM: THE MOON SCROLL",,"978-0-439-30608-9","SCHOLASTIC",2013,,,,,"823/ABB",,,,"ABBOTT.TONY;Author","ENGLISH ",,,,110,,"BULSAR BOOK STORE",,,,"FICTION",
"THE SECRET OF DROOM: THE KNIGHTS OF SILVERSNOW",,"978-0-439-30609-6","SCHOLASTIC",2013,,,,,"823/ABB",,,,"ABBOTT.TONY;Author","ENGLISH ",,,,110,,"BULSAR BOOK STORE",,,,"FICTION",
"THE SECRET OF DROOM: SEARCH FOR THE DRAGON SHIP",,"978-0-439-42079-2","SCHOLASTIC",2013,,,,,"823/ABB",,,,"ABBOTT.TONY;Author","ENGLISH ",,,,110,,"BULSAR BOOK STORE",,,,"FICTION",
"THE SECRET OF DROOM: THE COILED VIPER",,"978-0-439-42080-8","SCHOLASTIC",2013,,,,,"823/ABB",,,,"ABBOTT.TONY;Author","ENGLISH ",,,,110,,"BULSAR BOOK STORE",,,,"FICTION",
"THE SECRET OF DROOM: IN THE ICE OF KROG",,"978-0-439-56040-5","SCHOLASTIC",2010,,,,,"823/ABB",,,,"ABBOTT.TONY;Author","ENGLISH ",,,,110,,"BULSAR BOOK STORE",,,,"FICTION",
"THE SECRET OF DROOM: FLIGHT OF THE GENIE",,"978-0-439-56043-6","SCHOLASTIC",2013,,,,,"823/ABB",,,,"ABBOTT.TONY;Author","ENGLISH ",,,,110,,"BULSAR BOOK STORE",,,,"FICTION",
"THE SECRET OF DROOM: THE ISLE OF MISTS",,"978-0-439-56048-1","SCHOLASTIC",2008,,,,,"823/ABB",,,,"ABBOTT.TONY;Author","ENGLISH ",,,,110,,"BULSAR BOOK STORE",,,,"FICTION",
"THE SECRET OF DROOM: THE FORTRESS OF THE TREASURE QUEEN",,"978-0-439-66157-7","SCHOLASTIC",2013,,,,,"823/ABB",,,,"ABBOTT.TONY;Author","ENGLISH ",,,,110,,"BULSAR BOOK STORE",,,,"FICTION",
"THE SECRET OF DROOM: THE RACE TO DOOBESH",,"978-0-439-66158-7","SCHOLASTIC",2008,,,,,"823/ABB",,,,"ABBOTT.TONY;Author","ENGLISH ",,,,110,,"BULSAR BOOK STORE",,,,"FICTION",
"THE SECRET OF DROOM: THE RIDDLE OF ZORFENDORF CASTLE ",,"978-0-439-67173-6","SCHOLASTIC",2013,,,,,"823/ABB",,,,"ABBOTT.TONY;Author","ENGLISH ",,,,110,,"BULSAR BOOK STORE",,,,"FICTION",
"THE SECRET OF DROOM: THE MOON DRAGON",,"978-0-439-67174-3","SCHOLASTIC",2013,,,,,"823/ABB",,,,"ABBOTT.TONY;Author","ENGLISH ",,,,110,,"BULSAR BOOK STORE",,,,"FICTION",
"THE SECRET OF DROOM: THE CHARIOT OF QUEEN ZARA",,"978-0-439-67175-0","SCHOLASTIC",2013,,,,,"823/ABB",,,,"ABBOTT.TONY;Author","ENGLISH ",,,,110,,"BULSAR BOOK STORE",,,,"FICTION",
"THE SECRET OF DROOM: IN THE SHADOW OF GOLL",,"978-0-439-67176-7","SCHOLASTIC",2013,,,,,"823/ABB",,,,"ABBOTT.TONY;Author","ENGLISH ",,,,110,,"BULSAR BOOK STORE",,,,"FICTION",
"THE SECRET OF DROOM: PIRATES OF THE PURPLE DAWN",,"978-0-439-90250-2","SCHOLASTIC",2013,,,,,"823/ABB",,,,"ABBOTT.TONY;Author","ENGLISH ",,,,110,,"BULSAR BOOK STORE",,,,"FICTION",
"THE SECRET OF DROOM: ESCAPE FROM JABAR-LOO",,"978-0-439-90251-9","SCHOLASTIC",2013,,,,,"823/ABB",,,,"ABBOTT.TONY;Author","ENGLISH ",,,,110,,"BULSAR BOOK STORE",,,,"FICTION",
"THE SECRET OF DROOM: QUEEN OF SHADOW THORN",,"978-0-439-90252-6","SCHOLASTIC",2007,,,,,"823/ABB",,,,"ABBOTT.TONY;Author","ENGLISH ",,,,110,,"BULSAR BOOK STORE",,,,"FICTION",
"THE SECRET OF DROOM: THE TREASURE OF THE ORKINS",,"978-0-439-90253-3","SCHOLASTIC",2008,,,,,"823/ABB",,,,"ABBOTT.TONY;Author","ENGLISH ",,,,110,,"BULSAR BOOK STORE",,,,"FICTION",
"THE SECRET OF DROOM: FLIGHT OF THE BLUE SERPENT",,"978-0-439-90254-0","SCHOLASTIC",2013,,,,,"823/ABB",,,,"ABBOTT.TONY;Author","ENGLISH ",,,,110,,"BULSAR BOOK STORE",,,,"FICTION",
"THE SECRET OF DROOM: IN THE CITY OF DREAMS",,"978-0-545-09881-5","SCHOLASTIC",2009,,,,,"823/ABB",,,,"ABBOTT.TONY;Author","ENGLISH ",,,,110,,"BULSAR BOOK STORE",,,,"FICTION",
"THE SECRET OF DROOM: THE LOST EMPIRE OF KOOMBA",,"978-0-545-09883-0","SCHOLASTIC",2010,,,,,"823/ABB",,,,"ABBOTT.TONY;Author","ENGLISH ",,,,110,,"BULSAR BOOK STORE",,,,"FICTION",
"GOOSEBUMPS 3 GHOULISH GRAPHIX TALES: SCARY SUMMER",,"978-0-439-85782-6","SCHOLASTIC",2012,,,,,"832/STI",,,,"STINE.R.L.;Author","ENGLISH ",,,,195,,"BULSAR BOOK STORE",,,,"FICTION",
"GOOSEBUMPS 3 GHOULISH GRAPHIX TALES: TERROR TRIPS",,"978-0-439-85780-2","SCHOLASTIC",2012,,,,,"832/STI",,,,"STINE.R.L.;Author","ENGLISH ",,,,195,,"BULSAR BOOK STORE",,,,"FICTION",
"GOOSEBUMPS 3 GHOULISH GRAPHIX TALES: CREEPY CREATURES",,"978-0-439-84125-2","SCHOLASTIC",2012,,,,,"832/STI",,,,"STINE.R.L.;Author","ENGLISH ",,,,195,,"BULSAR BOOK STORE",,,,"FICTION",
"GOOSEBUMPS: DEEP TROUBLE II",,"978-0-590-56895-1","SCHOLASTIC",2012,,,,,"832/STI",,,,"STINE.R.L.;Author","ENGLISH ",,,,150,,"BULSAR BOOK STORE",,,,"FICTION",
"GOOSEBUMPS: GHOST BEACH",,"978-0-439-56830-2","SCHOLASTIC",2012,,,,,"832/STI",,,,"STINE.R.L.;Author","ENGLISH ",,,,150,,"BULSAR BOOK STORE",,,,"FICTION",
"GOOSEBUMPS: HOW I LEARNED TO FLY",,"978-0-590-56889-0","SCHOLASTIC",2012,,,,,"832/STI",,,,"STINE.R.L.;Author","ENGLISH ",,,,150,,"BULSAR BOOK STORE",,,,"FICTION",
"GOOSEBUMPS: I LIVE IN YOUR BASEMENT!",,"978-0-590-39986-9","SCHOLASTIC",2009,,,,,"832/STI",,,,"STINE.R.L.;Author","ENGLISH ",,,,150,,"BULSAR BOOK STORE",,,,"FICTION",
"GOOSEBUMPS: ATTACK OF THE JACK-O'-LANTERNS",,"978-0-590-56885-2","SCHOLASTIC",2012,,,,,"832/STI",,,,"STINE.R.L.;Author","ENGLISH ",,,,150,,"BULSAR BOOK STORE",,,,"FICTION",
"GOOSEBUMPS: THE CUCKOO CLOCK OF DOOM",,"978-0-439-56826-5","SCHOLASTIC",2012,,,,,"832/STI",,,,"STINE.R.L.;Author","ENGLISH ",,,,150,,"BULSAR BOOK STORE",,,,"FICTION",
"GOOSEBUMPS: DON’T GO TO SLEEP!",,"978-0-590-56891-3","SCHOLASTIC",2012,,,,,"832/STI",,,,"STINE.R.L.;Author","ENGLISH ",,,,150,,"BULSAR BOOK STORE",,,,"FICTION",
"GOOSEBUMPS: MY BEST FRIENDS IS INVISIBLE",,"978-0-590-56894-4","SCHOLASTIC",2012,,,,,"832/STI",,,,"STINE.R.L.;Author","ENGLISH ",,,,150,,"BULSAR BOOK STORE",,,,"FICTION",
"GOOSEBUMPS: MONSTER BLOOD IV",,"978-0-590-39987-6","SCHOLASTIC",2012,,,,,"832/STI",,,,"STINE.R.L.;Author","ENGLISH ",,,,150,,"BULSAR BOOK STORE",,,,"FICTION",
"GOOSEBUMPS: EGG MONSTERS FROM MARS",,"978-0-590-56879-1","SCHOLASTIC",2012,,,,,"832/STI",,,,"STINE.R.L.;Author","ENGLISH ",,,,150,,"BULSAR BOOK STORE",,,,"FICTION",
"GOOSEBUMPS: ONE DAY AT HORRORLAND",,"978-0-590-47738-3","SCHOLASTIC",2012,,,,,"832/STI",,,,"STINE.R.L.;Author","ENGLISH ",,,,150,,"BULSAR BOOK STORE",,,,"FICTION",
"GOOSEBUMPS: THE CURSE OF CAMP COLD LAKE",,"978-0-590-56893-7","SCHOLASTIC",2012,,,,,"832/STI",,,,"STINE.R.L.;Author","ENGLISH ",,,,150,,"BULSAR BOOK STORE",,,,"FICTION",
"GOOSEBUMPS: THE SCERECROW WALKS AT MIDNIGHT",,"978-0-590-47742-0","SCHOLASTIC",2012,,,,,"832/STI",,,,"STINE.R.L.;Author","ENGLISH ",,,,150,,"BULSAR BOOK STORE",,,,"FICTION",
"GOOSEBUMPS: RETURN OF THE MUMMY",,"978-0-590-47745-1","SCHOLASTIC",2012,,,,,"832/STI",,,,"STINE.R.L.;Author","ENGLISH ",,,,150,,"BULSAR BOOK STORE",,,,"FICTION",
"GOOSEBUMPS: A SHOCKER ON SHOCK STREET",,"978-0-590-48340-7","SCHOLASTIC",2012,,,,,"832/STI",,,,"STINE.R.L.;Author","ENGLISH ",,,,150,,"BULSAR BOOK STORE",,,,"FICTION",
"GOOSEBUMPS: A NIGHT IN TERROR TOWER",,"978-0-590-48351-3","SCHOLASTIC",2012,,,,,"832/STI",,,,"STINE.R.L.;Author","ENGLISH ",,,,150,,"BULSAR BOOK STORE",,,,"FICTION",
"GOOSEBUMPS: THE BLOB THAT ATE EVERYONE",,"978-0-590-56892-0","SCHOLASTIC",2012,,,,,"832/STI",,,,"STINE.R.L.;Author","ENGLISH ",,,,150,,"BULSAR BOOK STORE",,,,"FICTION",
"GOOSEBUMPS: IT CAME FROM BENEATH THE SINK!",,"978-0-590-48348-3","SCHOLASTIC",2012,,,,,"832/STI",,,,"STINE.R.L.;Author","ENGLISH ",,,,150,,"BULSAR BOOK STORE",,,,"FICTION",
"GOOSEBUMPS: BEWARE, THE SNOWMAN",,"978-0-590-19886-8","SCHOLASTIC",2012,,,,,"832/STI",,,,"STINE.R.L.;Author","ENGLISH ",,,,150,,"BULSAR BOOK STORE",,,,"FICTION",
"GOOSEBUMPS: ATTACK OF THE MUTANT",,"978-0-590-48355-1","SCHOLASTIC",2012,,,,,"832/STI",,,,"STINE.R.L.;Author","ENGLISH ",,,,150,,"BULSAR BOOK STORE",,,,"FICTION",
"GOOSEBUMPS: NIGHT OF THE LIVING DUMMY III",,"978-0-590-56877-7","SCHOLASTIC",2012,,,,,"832/STI",,,,"STINE.R.L.;Author","ENGLISH ",,,,150,,"BULSAR BOOK STORE",,,,"FICTION",
"GOOSEBUMPS: BAD HARE DAY",,"978-0-590-56878-4","SCHOLASTIC",2012,,,,,"832/STI",,,,"STINE.R.L.;Author","ENGLISH ",,,,150,,"BULSAR BOOK STORE",,,,"FICTION",
"GOOSEBUMPS: BE CAREFUL WHAT YOU WISH FOR….",,"978-0-590-49447-2","SCHOLASTIC",2012,,,,,"832/STI",,,,"STINE.R.L.;Author","ENGLISH ",,,,150,,"BULSAR BOOK STORE",,,,"FICTION",
"GOOSEBUMPS: NIGHT OF THE LIVING DUMMY ",,"978-0-590-46617-2","SCHOLASTIC",2012,,,,,"832/STI",,,,"STINE.R.L.;Author","ENGLISH ",,,,150,,"BULSAR BOOK STORE",,,,"FICTION",
"GOOSEBUMPS: CHICKEN CHICKEN",,"978-0-590-56890-6","SCHOLASTIC",2012,,,,,"832/STI",,,,"STINE.R.L.;Author","ENGLISH ",,,,150,,"BULSAR BOOK STORE",,,,"FICTION",
"GOOSEBUMPS: SAY CHEESE AND DIE!",,"978-0-590-45368-4","SCHOLASTIC",2012,,,,,"832/STI",,,,"STINE.R.L.;Author","ENGLISH ",,,,150,,"BULSAR BOOK STORE",,,,"FICTION",
"GOOSEBUMPS: GHOST CAMP",,"978-0-590-56882-1","SCHOLASTIC",2012,,,,,"832/STI",,,,"STINE.R.L.;Author","ENGLISH ",,,,150,,"BULSAR BOOK STORE",,,,"FICTION",
"GOOSEBUMPS: WELCOME TO CAMP NIGHTMARE",,"978-0-590-46619-6","SCHOLASTIC",2012,,,,,"832/STI",,,,"STINE.R.L.;Author","ENGLISH ",,,,150,,"BULSAR BOOK STORE",,,,"FICTION",
"GOOSEBUMPS: THE CURSE OF THE MUMMY'S TOMB",,"978-0-590-45369-1","SCHOLASTIC",2012,,,,,"832/STI",,,,"STINE.R.L.;Author","ENGLISH ",,,,150,,"BULSAR BOOK STORE",,,,"FICTION",
"GOOSEBUMPS: THE GHOST NEXT DOOR",,"978-0-590-49445-8","SCHOLASTIC",2012,,,,,"832/STI",,,,"STINE.R.L.;Author","ENGLISH ",,,,150,,"BULSAR BOOK STORE",,,,"FICTION",
"GOOSEBUMPS: MONSTER BLOOD ",,"978-0-590-45367-7","SCHOLASTIC",2012,,,,,"832/STI",,,,"STINE.R.L.;Author","ENGLISH ",,,,150,,"BULSAR BOOK STORE",,,,"FICTION",
"GOOSEBUMPS: YOU CAN'T SCARE ME!",,"978-0-590-49450-2","SCHOLASTIC",2012,,,,,"832/STI",,,,"STINE.R.L.;Author","ENGLISH ",,,,150,,"BULSAR BOOK STORE",,,,"FICTION",
"GOOSEBUMPS: THE BEAST FROM THE EAST",,"978-0-590-56880-7","SCHOLASTIC",2012,,,,,"832/STI",,,,"STINE.R.L.;Author","ENGLISH ",,,,150,,"BULSAR BOOK STORE",,,,"FICTION",
"GOOSEBUMPS: THE BARKING GHOST",,"978-0-590-48344-5","SCHOLASTIC",2012,,,,,"832/STI",,,,"STINE.R.L.;Author","ENGLISH ",,,,150,,"BULSAR BOOK STORE",,,,"FICTION",
"GOOSEBUMPS: MONSTER BLOOD II",,"978-0-590-47740-6","SCHOLASTIC",2012,,,,,"832/STI",,,,"STINE.R.L.;Author","ENGLISH ",,,,150,,"BULSAR BOOK STORE",,,,"FICTION",
"GOOSEBUMPS: REVENGE OF THE LAWN GNOMES",,"978-0-590-48346-9","SCHOLASTIC",2012,,,,,"832/STI",,,,"STINE.R.L.;Author","ENGLISH ",,,,150,,"BULSAR BOOK STORE",,,,"FICTION",
"GOOSEBUMPS: NIGHT OF THE LIVING DUMMY II",,"978-0-590-48349-0","SCHOLASTIC",2012,,,,,"832/STI",,,,"STINE.R.L.;Author","ENGLISH ",,,,150,,"BULSAR BOOK STORE",,,,"FICTION",
"GOOSEBUMPS: THE ABOMINABLE SNOWMAN OF PASADENA",,"978-0-590-56875-3","SCHOLASTIC",2012,,,,,"832/STI",,,,"STINE.R.L.;Author","ENGLISH ",,,,150,,"BULSAR BOOK STORE",,,,"FICTION",
"GOOSEBUMPS: HOW I GOT MY SHRUNKEN HEAD",,"978-0-590-56876-0","SCHOLASTIC",2012,,,,,"832/STI",,,,"STINE.R.L.;Author","ENGLISH ",,,,150,,"BULSAR BOOK STORE",,,,"FICTION",
"GOOSEBUMPS: WEREWOLF SKIN",,"978-0-590-39053-8","SCHOLASTIC",2012,,,,,"832/STI",,,,"STINE.R.L.;Author","ENGLISH ",,,,150,,"BULSAR BOOK STORE",,,,"FICTION",
"GOOSEBUMPS: CALLING ALL CREEPS!",,"978-0-590-56887-6","SCHOLASTIC",2012,,,,,"832/STI",,,,"STINE.R.L.;Author","ENGLISH ",,,,150,,"BULSAR BOOK STORE",,,,"FICTION",
"GOOSEBUMPS: LEGEND OF THE LOST LEGEND",,"978-0-590-56884-5","SCHOLASTIC",2012,,,,,"832/STI",,,,"STINE.R.L.;Author","ENGLISH ",,,,150,,"BULSAR BOOK STORE",,,,"FICTION",
"GOOSEBUMPS: LET'S GET INVISIBLE! ",,"978-0-590-45370-7","SCHOLASTIC",2012,,,,,"832/STI",,,,"STINE.R.L.;Author","ENGLISH ",,,,150,,"BULSAR BOOK STORE",,,,"FICTION",
"GOOSEBUMPS: THE HEADLESS GHOST",,"978-0-590-56874-6","SCHOLASTIC",2012,,,,,"832/STI",,,,"STINE.R.L.;Author","ENGLISH ",,,,150,,"BULSAR BOOK STORE",,,,"FICTION",
"GOOSEBUMPS: GO EAT WORMS!",,"978-0-590-47743-7","SCHOLASTIC",2012,,,,,"832/STI",,,,"STINE.R.L.;Author","ENGLISH ",,,,150,,"BULSAR BOOK STORE",,,,"FICTION",
"GOOSEBUMPS: THE HORROR AT CAMP JELLYJAM",,"978-0-590-48345-2","SCHOLASTIC",2012,,,,,"832/STI",,,,"STINE.R.L.;Author","ENGLISH ",,,,150,,"BULSAR BOOK STORE",,,,"FICTION",
"GOOSEBUMPS: PIANO LESSONS CAN BE MURDER",,"978-0-590-49448-9","SCHOLASTIC",2012,,,,,"832/STI",,,,"STINE.R.L.;Author","ENGLISH ",,,,150,,"BULSAR BOOK STORE",,,,"FICTION",
"GOOSEBUMPS: MONSTER BLOOD III",,"978-0-590-48347-6","SCHOLASTIC",2012,,,,,"832/STI",,,,"STINE.R.L.;Author","ENGLISH ",,,,150,,"BULSAR BOOK STORE",,,,"FICTION",
"GOOSEBUMPS: THE HAUNTED SCHOOL",,"978-0-439-77475-8","SCHOLASTIC",2011,,,,,"832/STI",,,,"STINE.R.L.;Author","ENGLISH ",,,,150,,"BULSAR BOOK STORE",,,,"FICTION",
"GOOSEBUMPS: THE GIRL WHO CRIED MONSTER",,"978-0-590-46618-9","SCHOLASTIC",2012,,,,,"832/STI",,,,"STINE.R.L.;Author","ENGLISH ",,,,150,,"BULSAR BOOK STORE",,,,"FICTION",
"GOOSEBUMPS: VAMPIRE BREATH",,"978-0-590-56886-9","SCHOLASTIC",2012,,,,,"832/STI",,,,"STINE.R.L.;Author","ENGLISH ",,,,150,,"BULSAR BOOK STORE",,,,"FICTION",
"GOOSEBUMPS: MY HAIRIEST ADVENTURE",,"978-0-439-86394-0","SCHOLASTIC",2012,,,,,"832/STI",,,,"STINE.R.L.;Author","ENGLISH ",,,,150,,"BULSAR BOOK STORE",,,,"FICTION",
"GOOSEBUMPS: ATTACK OF THE MUTANT",,"978-0-590-48355-1","SCHOLASTIC",2012,,,,,"832/STI",,,,"STINE.R.L.;Author","ENGLISH ",,,,150,,"BULSAR BOOK STORE",,,,"FICTION",
"GOOSEBUMPS: THE HAUNTED MASK II",,"978-0-439-67113-2","SCHOLASTIC",2012,,,,,"832/STI",,,,"STINE.R.L.;Author","ENGLISH ",,,,150,,"BULSAR BOOK STORE",,,,"FICTION",
"GOOSEBUMPS: PHANTOM OF THE AUDITORIUM",,"978-0-590-48354-4","SCHOLASTIC",2012,,,,,"832/STI",,,,"STINE.R.L.;Author","ENGLISH ",,,,150,,"BULSAR BOOK STORE",,,,"FICTION",
"GOOSEBUMPS: THE HAUNTED MASK",,"978-0-590-49446-5","SCHOLASTIC",2012,,,,,"832/STI",,,,"STINE.R.L.;Author","ENGLISH ",,,,150,,"BULSAR BOOK STORE",,,,"FICTION",
"GOOSEBUMPS: HOW TO KILL A MONSTER",,"978-0-590-56883-8","SCHOLASTIC",2012,,,,,"832/STI",,,,"STINE.R.L.;Author","ENGLISH ",,,,150,,"BULSAR BOOK STORE",,,,"FICTION",
"GOOSEBUMPS: DEEP TROUBLE ",,"978-0-590-47741-3","SCHOLASTIC",2012,,,,,"832/STI",,,,"STINE.R.L.;Author","ENGLISH ",,,,150,,"BULSAR BOOK STORE",,,,"FICTION",
"GOOSEBUMPS: THE WEREWOLF OF FEVER SWAMP",,"978-0-590-49449-6","SCHOLASTIC",2012,,,,,"832/STI",,,,"STINE.R.L.;Author","ENGLISH ",,,,150,,"BULSAR BOOK STORE",,,,"FICTION",
"GOOSEBUMPS: WHY I'M AFRAID OF BEES",,"978-0-590-47739-0","SCHOLASTIC",2012,,,,,"832/STI",,,,"STINE.R.L.;Author","ENGLISH ",,,,150,,"BULSAR BOOK STORE",,,,"FICTION",
"GOOSEBUMPS: SAY CHEESE AND DIE- AGAIN",,"978-0-590-56881-4","SCHOLASTIC",2012,,,,,"832/STI",,,,"STINE.R.L.;Author","ENGLISH ",,,,150,,"BULSAR BOOK STORE",,,,"FICTION",
"GOOSEBUMPS: STAY OUT OF THE BASEMENT ",,"978-0-590-45366-0","SCHOLASTIC",2012,,,,,"832/STI",,,,"STINE.R.L.;Author","ENGLISH ",,,,150,,"BULSAR BOOK STORE",,,,"FICTION",
"GOOSEBUMPS SERIES 2000: CRY OF THE CAT",,"978-0-590-39988-3","SCHOLASTIC",2012,,,,,"832/STI",,,,"STINE.R.L.;Author","ENGLISH ",,,,150,,"BULSAR BOOK STORE",,,,"FICTION",
"GOOSEBUMPS SERIES 2000: CREATURE TEACHER",,"978-0-590-39989-0","SCHOLASTIC",2012,,,,,"832/STI",,,,"STINE.R.L.;Author","ENGLISH ",,,,150,,"BULSAR BOOK STORE",,,,"FICTION",
"GOOSEBUMPS SERIES 2000: INVASION OF THE BODY SQUEEZERS PART I",,"978-0-590-39991-3","SCHOLASTIC",2012,,,,,"832/STI",,,,"STINE.R.L.;Author","ENGLISH ",,,,150,,"BULSAR BOOK STORE",,,,"FICTION",
"GOOSEBUMPS SERIES 2000: INVASION OF THE BODY SQUEEZERS PART II",,"978-0-590-39992-0","SCHOLASTIC",2012,,,,,"832/STI",,,,"STINE.R.L.;Author","ENGLISH ",,,,150,,"BULSAR BOOK STORE",,,,"FICTION",
"GOOSEBUMPS SERIES 2000: I AM YOUR EVIL TWIN",,"978-0-590-39993-7","SCHOLASTIC",2012,,,,,"832/STI",,,,"STINE.R.L.;Author","ENGLISH ",,,,150,,"BULSAR BOOK STORE",,,,"FICTION",
"GOOSEBUMPS SERIES 2000: REVENGE R US",,"978-0-590-39994-4","SCHOLASTIC",2012,,,,,"832/STI",,,,"STINE.R.L.;Author","ENGLISH ",,,,150,,"BULSAR BOOK STORE",,,,"FICTION",
"GOOSEBUMPS SERIES 2000: FRIGHT CAMP",,"978-0-590-39995-1","SCHOLASTIC",2012,,,,,"832/STI",,,,"STINE.R.L.;Author","ENGLISH ",,,,150,,"BULSAR BOOK STORE",,,,"FICTION",
"GOOSEBUMPS SERIES 2000: ARE YOU TERRIFIED YET?",,"978-0-590-39996-8","SCHOLASTIC",2012,,,,,"832/STI",,,,"STINE.R.L.;Author","ENGLISH ",,,,150,,"BULSAR BOOK STORE",,,,"FICTION",
"GOOSEBUMPS SERIES 2000: HEADLESS HALLOWEEN",,"978-0-590-76781-1","SCHOLASTIC",2012,,,,,"832/STI",,,,"STINE.R.L.;Author","ENGLISH ",,,,150,,"BULSAR BOOK STORE",,,,"FICTION",
"GOOSEBUMPS SERIES 2000: ATTACK OF THE GRAVEYARD GHOULS",,"978-0-590-76783-5","SCHOLASTIC",2012,,,,,"832/STI",,,,"STINE.R.L.;Author","ENGLISH ",,,,150,,"BULSAR BOOK STORE",,,,"FICTION",
"GOOSEBUMPS SERIES 2000: BRAIN JUICE",,"978-0-590-76784-2","SCHOLASTIC",2012,,,,,"832/STI",,,,"STINE.R.L.;Author","ENGLISH ",,,,150,,"BULSAR BOOK STORE",,,,"FICTION",
"GOOSEBUMPS SERIES 2000: RETURN TO HORRORLAND",,"978-0-590-18733-6","SCHOLASTIC",2012,,,,,"832/STI",,,,"STINE.R.L.;Author","ENGLISH ",,,,150,,"BULSAR BOOK STORE",,,,"FICTION",
"GOOSEBUMPS SERIES 2000: JEKYII AND HEIDI",,"978-0-590-68517-7","SCHOLASTIC",2012,,,,,"832/STI",,,,"STINE.R.L.;Author","ENGLISH ",,,,150,,"BULSAR BOOK STORE",,,,"FICTION",
"GOOSEBUMPS SERIES 2000: SCREAM SCHOOL",,"978-0-590-68519-1","SCHOLASTIC",2012,,,,,"832/STI",,,,"STINE.R.L.;Author","ENGLISH ",,,,150,,"BULSAR BOOK STORE",,,,"FICTION",
"GOOSEBUMPS SERIES 2000: THE MUMMY WALKS",,"978-0-590-68520-7","SCHOLASTIC",2012,,,,,"832/STI",,,,"STINE.R.L.;Author","ENGLISH ",,,,150,,"BULSAR BOOK STORE",,,,"FICTION",
"GOOSEBUMPS SERIES 2000: THE WEREWOLF IN THE LIVING ROOM",,"978-0-590-68521-4","SCHOLASTIC",2012,,,,,"832/STI",,,,"STINE.R.L.;Author","ENGLISH ",,,,150,,"BULSAR BOOK STORE",,,,"FICTION",
"GOOSEBUMPS SERIES 2000: HORRORS OF THE BLACK RING",,"978-0-590-68522-1","SCHOLASTIC",2012,,,,,"832/STI",,,,"STINE.R.L.;Author","ENGLISH ",,,,150,,"BULSAR BOOK STORE",,,,"FICTION",
"GOOSEBUMPS SERIES 2000: RETURN TO GHOST CAMP",,"978-0-590-68523-8","SCHOLASTIC",2012,,,,,"832/STI",,,,"STINE.R.L.;Author","ENGLISH ",,,,150,,"BULSAR BOOK STORE",,,,"FICTION",
"GOOSEBUMPS SERIES 2000: BE AFRAID- BE VERY AFRAID!",,"978-0-590-68524-5","SCHOLASTIC",2012,,,,,"832/STI",,,,"STINE.R.L.;Author","ENGLISH ",,,,150,,"BULSAR BOOK STORE",,,,"FICTION",
"GOOSEBUMPS SERIES 2000: FULL MOON FEVER",,"978-0-590-68530-6","SCHOLASTIC",2012,,,,,"832/STI",,,,"STINE.R.L.;Author","ENGLISH ",,,,150,,"BULSAR BOOK STORE",,,,"FICTION",
"GOOSEBUMPS SERIES 2000: THE HAUNTED CAR",,"978-0-590-68529-0","SCHOLASTIC",2012,,,,,"832/STI",,,,"STINE.R.L.;Author","ENGLISH ",,,,150,,"BULSAR BOOK STORE",,,,"FICTION",
"GOOSEBUMPS SERIES 2000: SLAPPY'S NIGHTMARE",,"978-0-590-68535-1","SCHOLASTIC",2012,,,,,"832/STI",,,,"STINE.R.L.;Author","ENGLISH ",,,,150,,"BULSAR BOOK STORE",,,,"FICTION",
"GOOSEBUMPS SERIES 2000: EARTH GEEKS MUST GO!",,"978-0-590-68537-5","SCHOLASTIC",2012,,,,,"832/STI",,,,"STINE.R.L.;Author","ENGLISH ",,,,150,,"BULSAR BOOK STORE",,,,"FICTION",
"GOOSEBUMPS SERIES 2000: GHOST IN TRHE MIRROR",,"978-0-439-13535-1","SCHOLASTIC",2012,,,,,"832/STI",,,,"STINE.R.L.;Author","ENGLISH ",,,,150,,"BULSAR BOOK STORE",,,,"FICTION",
"GIVE YOURSELF GOSSEBUMPS : # 20 TOY TERROR: BATTERIES INCLUDED",,"978-0-590-93492-3","SCHOLASTIC",2012,,,,,"832/STI",,,,"STINE.R.L.;Author","ENGLISH ",,,,150,,"BULSAR BOOK STORE",,,,"FICTION",
"GIVE YOURSELF GOSSEBUMPS : # 7 UNDER THE MAGICIAN'S SPELL",,"978-0-590-67321-1","SCHOLASTIC",2012,,,,,"832/STI",,,,"STINE.R.L.;Author","ENGLISH ",,,,150,,"BULSAR BOOK STORE",,,,"FICTION",
"GIVE YOURSELF GOSSEBUMPS : # 9 THE KNIGHT IN SCREAMING ARMOR",,"978-0-590-84766-7","SCHOLASTIC",2012,,,,,"832/STI",,,,"STINE.R.L.;Author","ENGLISH ",,,,150,,"BULSAR BOOK STORE",,,,"FICTION",
"GIVE YOURSELF GOSSEBUMPS : # 11 DEEP IN THE JUNGLE OF DOOM",,"978-0-590-84768-1","SCHOLASTIC",2011,,,,,"832/STI",,,,"STINE.R.L.;Author","ENGLISH ",,,,150,,"BULSAR BOOK STORE",,,,"FICTION",
"GIVE YOURSELF GOSSEBUMPS : # 12 WELCOME TO THE WICKED WAX MUSEUM",,"978-0-590-84772-8","SCHOLASTIC",2012,,,,,"832/STI",,,,"STINE.R.L.;Author","ENGLISH ",,,,150,,"BULSAR BOOK STORE",,,,"FICTION",
"GIVE YOURSELF GOSSEBUMPS : # 14 THE CREEPY CREATION OF PROFESSOR SHOCK",,"978-0-590-84774-2","SCHOLASTIC",2012,,,,,"832/STI",,,,"STINE.R.L.;Author","ENGLISH ",,,,150,,"BULSAR BOOK STORE",,,,"FICTION",
"GIVE YOURSELF GOSSEBUMPS : # 3 TRAPPED IN BAT WING HALL",,"978-0-590-56646-9","SCHOLASTIC",2012,,,,,"832/STI",,,,"STINE.R.L.;Author","ENGLISH ",,,,150,,"BULSAR BOOK STORE",,,,"FICTION",
"GIVE YOURSELF GOSSEBUMPS : # 13 SREAM OF THE EVIL GENIE",,"978-0-590-84773-5","SCHOLASTIC",2012,,,,,"832/STI",,,,"STINE.R.L.;Author","ENGLISH ",,,,150,,"BULSAR BOOK STORE",,,,"FICTION",
"GIVE YOURSELF GOSSEBUMPS : # 6 BEWARE OF THE PURPLE PEANUT BUTTER",,"978-0-590-67320-4","SCHOLASTIC",2012,,,,,"832/STI",,,,"STINE.R.L.;Author","ENGLISH ",,,,150,,"BULSAR BOOK STORE",,,,"FICTION",
"GIVE YOURSELF GOSSEBUMPS : # 10 DIARY OF A MAD MUMMY",,"978-0-590-84767-4","SCHOLASTIC",2012,,,,,"832/STI",,,,"STINE.R.L.;Author","ENGLISH ",,,,150,,"BULSAR BOOK STORE",,,,"FICTION",
"GIVE YOURSELF GOSSEBUMPS : # TICK TOCK, YOU'RE DEAD",,"978-0-590-56645-2","SCHOLASTIC",2012,,,,,"832/STI",,,,"STINE.R.L.;Author","ENGLISH ",,,,150,,"BULSAR BOOK STORE",,,,"FICTION",
"GIVE YOURSELF GOSSEBUMPS : # 4 THE DEADLY EXPERIMENTS OF DR. EEEK",,"978-0-590-67318-1","SCHOLASTIC",2012,,,,,"832/STI",,,,"STINE.R.L.;Author","ENGLISH ",,,,150,,"BULSAR BOOK STORE",,,,"FICTION",
"GIVE YOURSELF GOSSEBUMPS : # 18 ATTRACK OF THE BEASTLY BABY-SITTER",,"978-0-590-93485-5","SCHOLASTIC",2012,,,,,"832/STI",,,,"STINE.R.L.;Author","ENGLISH ",,,,150,,"BULSAR BOOK STORE",,,,"FICTION",
"GIVE YOURSELF GOSSEBUMPS : # 22 RETURN TO THE CARNIVAL OF HORRORS",,"978-0-590-21062-1","SCHOLASTIC",2012,,,,,"832/STI",,,,"STINE.R.L.;Author","ENGLISH ",,,,150,,"BULSAR BOOK STORE",,,,"FICTION",
"GIVE YOURSELF GOSSEBUMPS : # 5 NIGHT IN WEREWOLF WOOD",,"978-0-590-67319-8","SCHOLASTIC",2012,,,,,"832/STI",,,,"STINE.R.L.;Author","ENGLISH ",,,,150,,"BULSAR BOOK STORE",,,,"FICTION",
"GIVE YOURSELF GOSSEBUMPS : # 21 THE TWISTED TALE OF TIKI ISLAND",,"978-0-590-93500-5","SCHOLASTIC",2012,,,,,"832/STI",,,,"STINE.R.L.;Author","ENGLISH ",,,,150,,"BULSAR BOOK STORE",,,,"FICTION",
"GIVE YOURSELF GOSSEBUMPS : # 1 ESCAPE FROM THE CARNIVAL OF HORRORS",,"978-0-590-55323-0","SCHOLASTIC",2012,,,,,"832/STI",,,,"STINE.R.L.;Author","ENGLISH ",,,,150,,"BULSAR BOOK STORE",,,,"FICTION",
"GIVE YOURSELF GOSSEBUMPS : # 16 SECRET AGENT GRANDMA",,"978-0-590-84775-9","SCHOLASTIC",2012,,,,,"832/STI",,,,"STINE.R.L.;Author","ENGLISH ",,,,150,,"BULSAR BOOK STORE",,,,"FICTION",
"GIVE YOURSELF GOSSEBUMPS : # 15 PLEASE DON'T FEED THE VAMPIRE!",,"978-0-590-93477-0","SCHOLASTIC",2012,,,,,"832/STI",,,,"STINE.R.L.;Author","ENGLISH ",,,,150,,"BULSAR BOOK STORE",,,,"FICTION",
"GIVE YOURSELF GOSSEBUMPS : # 17 LITTLE COMIC SHOP OF HORRORS",,"978-0-590-93483-1","SCHOLASTIC",2012,,,,,"832/STI",,,,"STINE.R.L.;Author","ENGLISH ",,,,150,,"BULSAR BOOK STORE",,,,"FICTION",
"GIVE YOURSELF GOSSEBUMPS : # 19 ESCAPE FROM CAMP RUN-FOR-YOUR-LIFE",,"978-0-590-93489-3","SCHOLASTIC",2012,,,,,"832/STI",,,,"STINE.R.L.;Author","ENGLISH ",,,,150,,"BULSAR BOOK STORE",,,,"FICTION",
"GIVE YOURSELF GOSSEBUMPS : #  40 ZOMBIE SCHOOL",,"978-0-590-99397-5","SCHOLASTIC",2012,,,,,"832/STI",,,,"STINE.R.L.;Author","ENGLISH ",,,,150,,"BULSAR BOOK STORE",,,,"FICTION",
"GIVE YOURSELF GOSSEBUMPS : # 27 CHECKOUT TIME AT THE DEAD-END HOTEL",,"978-0-590-39998-2","SCHOLASTIC",2011,,,,,"832/STI",,,,"STINE.R.L.;Author","ENGLISH ",,,,150,,"BULSAR BOOK STORE",,,,"FICTION",
"GIVE YOURSELF GOSSEBUMPS : # 23 ZAPPED IN SPACE",,"978-0-590-39774-2","SCHOLASTIC",2012,,,,,"832/STI",,,,"STINE.R.L.;Author","ENGLISH ",,,,150,,"BULSAR BOOK STORE",,,,"FICTION",
"GIVE YOURSELF GOSSEBUMPS : # 24 LOST IN STINKEYE SWAMP",,"978-0-590-39775-9","SCHOLASTIC",2012,,,,,"832/STI",,,,"STINE.R.L.;Author","ENGLISH ",,,,150,,"BULSAR BOOK STORE",,,,"FICTION",
"GIVE YOURSELF GOSSEBUMPS : # 31 THE WEREWOLF OF TWISTED TREE LODGE",,"978-0-590-46306-5","SCHOLASTIC",2012,,,,,"832/STI",,,,"STINE.R.L.;Author","ENGLISH ",,,,150,,"BULSAR BOOK STORE",,,,"FICTION",
"GIVE YOURSELF GOSSEBUMPS : # 26 ALONE IN SNAKEBITE CANYON",,"978-0-590-39997-5","SCHOLASTIC",2008,,,,,"832/STI",,,,"STINE.R.L.;Author","ENGLISH ",,,,150,,"BULSAR BOOK STORE",,,,"FICTION",
"GIVE YOURSELF GOSSEBUMPS : # 29 INVANDERS FROM THE BIG SCREEN",,"978-0-590-40289-7","SCHOLASTIC",2011,,,,,"832/STI",,,,"STINE.R.L.;Author","ENGLISH ",,,,150,,"BULSAR BOOK STORE",,,,"FICTION",
"GIVE YOURSELF GOSSEBUMPS : # 30 YOU'RE PLANT FOOD!",,"978-0-590-41974-1","SCHOLASTIC",2011,,,,,"832/STI",,,,"STINE.R.L.;Author","ENGLISH ",,,,150,,"BULSAR BOOK STORE",,,,"FICTION",
"GIVE YOURSELF GOSSEBUMPS : # 41 DANGER TIME",,"978-0-439-12186-6","SCHOLASTIC",2012,,,,,"832/STI",,,,"STINE.R.L.;Author","ENGLISH ",,,,150,,"BULSAR BOOK STORE",,,,"FICTION",
"GIVE YOURSELF GOSSEBUMPS : # 38 INTO THE TWISTER OF TERROR",,"978-0-590-51706-5","SCHOLASTIC",2012,,,,,"832/STI",,,,"STINE.R.L.;Author","ENGLISH ",,,,150,,"BULSAR BOOK STORE",,,,"FICTION",
"GIVE YOURSELF GOSSEBUMPS : # 37 ESCAPE FROM HORROR HOUSE",,"978-0-590-51682-2","SCHOLASTIC",2012,,,,,"832/STI",,,,"STINE.R.L.;Author","ENGLISH ",,,,150,,"BULSAR BOOK STORE",,,,"FICTION",
"GIVE YOURSELF GOSSEBUMPS : # 33 IT CAME FROM THE INTERNET",,"978-0-590-51665-5","SCHOLASTIC",2012,,,,,"832/STI",,,,"STINE.R.L.;Author","ENGLISH ",,,,150,,"BULSAR BOOK STORE",,,,"FICTION",
"GIVE YOURSELF GOSSEBUMPS : # 28 NIGHT OF A THOUAND CLAWS",,"978-0-590-40034-3","SCHOLASTIC",2011,,,,,"832/STI",,,,"STINE.R.L.;Author","ENGLISH ",,,,150,,"BULSAR BOOK STORE",,,,"FICTION",
"GIVE YOURSELF GOSSEBUMPS : # 39 SCARY BIRTHDAY TO YOU!",,"978-0-590-99390-6","SCHOLASTIC",2012,,,,,"832/STI",,,,"STINE.R.L.;Author","ENGLISH ",,,,150,,"BULSAR BOOK STORE",,,,"FICTION",
"GIVE YOURSELF GOSSEBUMPS : # 32 IT'S ONLY A NIGHTMARE!",,"978-0-590-76785-9","SCHOLASTIC",2011,,,,,"832/STI",,,,"STINE.R.L.;Author","ENGLISH ",,,,150,,"BULSAR BOOK STORE",,,,"FICTION",
"GIVE YOURSELF GOSSEBUMPS : # 25 SHOP TILL YOU DROP…DEAD!",,"978-0-590-39776-6","SCHOLASTIC",2012,,,,,"832/STI",,,,"STINE.R.L.;Author","ENGLISH ",,,,150,,"BULSAR BOOK STORE",,,,"FICTION",
"GIVE YOURSELF GOSSEBUMPS : # 42 ALL-DAY NIGHTMARE",,"978-0-439-13530-6","SCHOLASTIC",2012,,,,,"832/STI",,,,"STINE.R.L.;Author","ENGLISH ",,,,150,,"BULSAR BOOK STORE",,,,"FICTION",
"GIVE YOURSELF GOSSEBUMPS : # 34 ELEVATOR TO NOWHERE",,"978-0-590-51670-9","SCHOLASTIC",2012,,,,,"832/STI",,,,"STINE.R.L.;Author","ENGLISH ",,,,150,,"BULSAR BOOK STORE",,,,"FICTION",
"GIVE YOURSELF GOSSEBUMPS : # 35 HOCUS-POCUS HORROR",,"978-0-590-51673-0","SCHOLASTIC",2012,,,,,"832/STI",,,,"STINE.R.L.;Author","ENGLISH ",,,,150,,"BULSAR BOOK STORE",,,,"FICTION",
"GIVE YOURSELF GOSSEBUMPS : # 36 SHIP OF GHOULS",,"978-0-590-51723-2","SCHOLASTIC",2012,,,,,"832/STI",,,,"STINE.R.L.;Author","ENGLISH ",,,,150,,"BULSAR BOOK STORE",,,,"FICTION",
"GOOSEBUMPS MOST WANTED : PLANET OF THE LAWN GNOMES",,"978-0-545-41798-3","SCHOLASTIC",2013,,,,,"832/STI",,,,"STINE.R.L.;Author","ENGLISH ",,,,150,,"BULSAR BOOK STORE",,,,"FICTION",
"GOOSEBUMPS MOST WANTED : SON OF SLAPPY ; 2",,"978-0-545-41799-0","SCHOLASTIC",2013,,,,,"832/STI",,,,"STINE.R.L.;Author","ENGLISH ",,,,150,,"BULSAR BOOK STORE",,,,"FICTION",
"GOOSEBUMPS HORRORLAND: CREEP FROM THE DEEP; 2",,"978-0-439-91870-1","SCHOLASTIC",2008,,,,,"832/STI",,,,"STINE.R.L.;Author","ENGLISH ",,,,150,,"BULSAR BOOK STORE",,,,"FICTION",
"GOOSEBUMPS HORRORLAND: MONSTER BLOOD FOR BREAKFAST! ; 3",,"978-0-439-91871-8","SCHOLASTIC",2009,,,,,"832/STI",,,,"STINE.R.L.;Author","ENGLISH ",,,,150,,"BULSAR BOOK STORE",,,,"FICTION",
"GOOSEBUMPS HORRORLAND: THE SCREAM OF THE HAUNTED MARKS ; 4",,"978-0-439-91872-5","SCHOLASTIC",2012,,,,,"832/STI",,,,"STINE.R.L.;Author","ENGLISH ",,,,150,,"BULSAR BOOK STORE",,,,"FICTION",
"GOOSEBUMPS HORRORLAND: DR.MANIAC VS. ROBBERY SCHWARTZ ; 5",,"978-0-439-91873-2","SCHOLASTIC",2012,,,,,"832/STI",,,,"STINE.R.L.;Author","ENGLISH ",,,,150,,"BULSAR BOOK STORE",,,,"FICTION",
"GOOSEBUMPS HORRORLAND: WHO'S YOUR MUMMY? ; 6",,"978-0-439-91874-9","SCHOLASTIC",2012,,,,,"832/STI",,,,"STINE.R.L.;Author","ENGLISH ",,,,150,,"BULSAR BOOK STORE",,,,"FICTION",
"GOOSEBUMPS HORRORLAND: MY FRIEND CALL ME MONSTER ; 7",,"978-0-439-91875-6","SCHOLASTIC",2012,,,,,"832/STI",,,,"STINE.R.L.;Author","ENGLISH ",,,,150,,"BULSAR BOOK STORE",,,,"FICTION",
"GOOSEBUMPS HORRORLAND: SAY CHEESE-AND DIE SCREAMING! ; 8",,"978-0-439-91876-3","SCHOLASTIC",2009,,,,,"832/STI",,,,"STINE.R.L.;Author","ENGLISH ",,,,150,,"BULSAR BOOK STORE",,,,"FICTION",
"GOOSEBUMPS HORRORLAND: WELCOME TO CAMP SLITHER ; 9",,"978-0-439-91877-0","SCHOLASTIC",2009,,,,,"832/STI",,,,"STINE.R.L.;Author","ENGLISH ",,,,150,,"BULSAR BOOK STORE",,,,"FICTION",
"GOOSEBUMPS HORRORLAND: HELP! WE HAVE STRANGE POWERS!; 10",,"978-0-439-91878-7","SCHOLASTIC",2012,,,,,"832/STI",,,,"STINE.R.L.;Author","ENGLISH ",,,,150,,"BULSAR BOOK STORE",,,,"FICTION",
"GOOSEBUMPS HORRORLAND: ESCAPE FROM HORRORLAND; 11",,"978-0-439-91879-4","SCHOLASTIC",2009,,,,,"832/STI",,,,"STINE.R.L.;Author","ENGLISH ",,,,150,,"BULSAR BOOK STORE",,,,"FICTION",
"GOOSEBUMPS HORRORLAND: THE STREETS OF PANIC PARK ; 12",,"978-0-439-91880-0","SCHOLASTIC",2012,,,,,"832/STI",,,,"STINE.R.L.;Author","ENGLISH ",,,,150,,"BULSAR BOOK STORE",,,,"FICTION",
"GOOSEBUMPS HORRORLAND SPECIAL EDITION: WEIRDO HALLOWEEN ; 16",,"978-0-545-16197-8","SCHOLASTIC",2012,,,,,"832/STI",,,,"STINE.R.L.;Author","ENGLISH ",,,,150,,"BULSAR BOOK STORE",,,,"FICTION",
"GOOSEBUMPS HORRORLAND: THE WIZARD OF OOZE ;17",,"978-0-545-16198-5","SCHOLASTIC",2012,,,,,"832/STI",,,,"STINE.R.L.;Author","ENGLISH ",,,,150,,"BULSAR BOOK STORE",,,,"FICTION",
"GOOSEBUMPS HORRORLAND: SLAPPY NEW YEAR!;18",,"978-0-545-16199-2","SCHOLASTIC",2012,,,,,"832/STI",,,,"STINE.R.L.;Author","ENGLISH ",,,,150,,"BULSAR BOOK STORE",,,,"FICTION",
"GOOSEBUMPS HORRORLAND: THE HORROE AT CHILLER HOUSE ;19",,"978-0-545-16200-5","SCHOLASTIC",2012,,,,,"832/STI",,,,"STINE.R.L.;Author","ENGLISH ",,,,150,,"BULSAR BOOK STORE",,,,"FICTION",
"GOOSEBUMPS HORRORLAND: WELOME TO HORRORLAND; A SURVIVAL GUIDE",,"978-0-545-09008-7","SCHOLASTIC",2012,,,,,"832/STI",,,,"STINE.R.L.;Author","ENGLISH ",,,,150,,"BULSAR BOOK STORE",,,,"FICTION",
"GOOSEBUMPS HALL OF HORRORS: DON'T SCREAM!; 5",,"978-0-545-28937-5","SCHOLASTIC",2012,,,,,"832/STI",,,,"STINE.R.L.;Author","ENGLISH ",,,,150,,"BULSAR BOOK STORE",,,,"FICTION",
"GOOSEBUMPS HALL OF HORRORS: WHY I QUIT ZOMBIE SCHOOL ; 4",,"978-0-545-28932-0","SCHOLASTIC",2012,,,,,"832/STI",,,,"STINE.R.L.;Author","ENGLISH ",,,,150,,"BULSAR BOOK STORE",,,,"FICTION",
"GOOSEBUMPS HALL OF HORRORS: THE BIRTHDAY PARTY OF NO RETURN!;6",,"978-0-545-28938-2","SCHOLASTIC",2012,,,,,"832/STI",,,,"STINE.R.L.;Author","ENGLISH ",,,,150,,"BULSAR BOOK STORE",,,,"FICTION",
"GOOSEBUMPS HALL OF HORRORS SPECIAL EDITION: THE FIVE MASKS OF DR. SCREEM ;3",,"978-0-545-28936-8","SCHOLASTIC",2011,,,,,"832/STI",,,,"STINE.R.L.;Author","ENGLISH ",,,,150,,"BULSAR BOOK STORE",,,,"FICTION",
"GOOSEBUMPS HALL OF HORRORS: NIGHT OF THE GIANT EVERYTHING ; 2",,"978-0-545-28935-1","SCHOLASTIC",2012,,,,,"832/STI",,,,"STINE.R.L.;Author","ENGLISH ",,,,150,,"BULSAR BOOK STORE",,,,"FICTION",
"GOOSEBUMPS SERIES 2000: THE HAUNTED CAR",,"978-0-590-68529-0","SCHOLASTIC",2013,,,,,"832/STI",,,,"STINE.R.L.;Author","ENGLISH ",,,,150,,"BULSAR BOOK STORE",,,,"FICTION",
"GOOSEBUMPS : RETURN OF MUMMY ",,"978-0-590-47745-1","SCHOLASTIC",2013,,,,,"832/STI",,,,"STINE.R.L.;Author","ENGLISH ",,,,150,,"BULSAR BOOK STORE",,,,"FICTION",
"KAHANIYA  HI KAHANIYA (NANHE MUNE KE LIYE MAJEDAR KAHANIYA) PART 4",,"978-81-243-1252-0","NAVNEET",,,,,,"891.43301/KAH",,,,,"HINDI",,,,40,,"BULSAR BOOK STORE",,,,"STORY",
"KAHANIYA  HI KAHANIYA (NANHE MUNE KE LIYE MAJEDAR KAHANIYA) PART -3",,"978-81-243-1366-4","NAVNEET",,,,,,"891.43301/KAH",,,,,"HINDI",,,,40,,"BULSAR BOOK STORE",,,,"STORY",
"KAHANIYA  HI KAHANIYA (NANHE MUNE KE LIYE MAJEDAR KAHANIYA) PART -2",,"978-81-243-1298-8","NAVNEET",,,,,,"891.43301/KAH",,,,,"HINDI",,,,40,,"BULSAR BOOK STORE",,,,"STORY",
"KAHANIYA  HI KAHANIYA (NANHE MUNE KE LIYE MAJEDAR KAHANIYA) PART 1",,"978-81-243-1580-4","NAVNEET",,,,,,"891.43301/KAH",,,,,"HINDI",,,,40,,"BULSAR BOOK STORE",,,,"STORY",
"MAHABHARAT KE AMAR PATRA (BHAGH 1 TO 5):AMAR BAL SAHITYA 3",,"978-81-243-0821-9","NAVNEET",,,,,,"200/JOS",,,,"JOSHI.YOGESH;Author","HINDI",,,,50,,"BULSAR BOOK STORE",,,,"STORY",
"MAHABHARAT KE AMAR PATRA (BHAGH 1 TO 5):AMAR BAL SAHITYA 4",,"978-81-243-0822-6","NAVNEET",,,,,,"200/JOS",,,,"JOSHI.YOGESH;Author","HINDI",,,,50,,"BULSAR BOOK STORE",,,,"STORY",
"MAHABHARAT KE AMAR PATRA (BHAGH 1 TO 5):AMAR BAL SAHITYA 5",,"978-81-243-0823-3","NAVNEET",,,,,,"200/JOS",,,,"JOSHI.YOGESH;Author","HINDI",,,,50,,"BULSAR BOOK STORE",,,,"STORY",
"MAHABHARAT KE AMAR PATRA (BHAGH 1 TO 5):AMAR BAL SAHITYA 1",,"978-81-243-0819-6","NAVNEET",,,,,,"200/JOS",,,,"JOSHI.YOGESH;Author","HINDI",,,,50,,"BULSAR BOOK STORE",,,,"STORY",
"MAHABHARAT KE AMAR PATRA (BHAGH 1 TO 5):AMAR BAL SAHITYA 2",,"978-81-243-0820-2","NAVNEET",,,,,,"200/JOS",,,,"JOSHI.YOGESH;Author","HINDI",,,,50,,"BULSAR BOOK STORE",,,,"STORY",
"AMAZING CHILDREN'S STORIES:THE PROMISE",,"978-967378804-0","ANEKA",,,,,,"823/PRO",,,,,"ENGLISH ",,,,65,,"BULSAR BOOK STORE",,,,"STORY",
"AMAZING CHILDREN'S STORIES:THE PROMISE",,"978-967378804-0","ANEKA",,,,,,"823/PRO",,,,,"ENGLISH ",,,,65,,"BULSAR BOOK STORE",,,,"STORY",
"AMAZING CHILDREN'S STORIES: THE MAGICAL SPECTACLES",,"978-967378810-1","ANEKA",,,,,,"823/MAG",,,,,"ENGLISH ",,,,65,,"BULSAR BOOK STORE",,,,"STORY",
"AMAZING CHILDREN'S STORIES: THE MAGICAL SPECTACLES",,"978-967378810-1","ANEKA",,,,,,"823/MAG",,,,,"ENGLISH ",,,,65,,"BULSAR BOOK STORE",,,,"STORY",
"AMAZING CHILDREN'S STORIES: ONE GOOD TURN DESERVES ANOTHER",,"978-967378809-5","ANEKA",,,,,,"823/ONE",,,,,"ENGLISH ",,,,65,,"BULSAR BOOK STORE",,,,"STORY",
"AMAZING CHILDREN'S STORIES: ONE GOOD TURN DESERVES ANOTHER",,"978-967378809-5","ANEKA",,,,,,"823/ONE",,,,,"ENGLISH ",,,,65,,"BULSAR BOOK STORE",,,,"STORY",
"AMAZING CHILDREN'S STORIES: WORKING TOGETHER",,"978-967378807-1","ANEKA",,,,,,"823/WOR",,,,,"ENGLISH ",,,,65,,"BULSAR BOOK STORE",,,,"STORY",
"AMAZING CHILDREN'S STORIES: WORKING TOGETHER",,"978-967378807-1","ANEKA",,,,,,"823/WOR",,,,,"ENGLISH ",,,,65,,"BULSAR BOOK STORE",,,,"STORY",
"AMAZING CHILDREN'S STORIES: PAK USOP THE CARPENTER",,"978-967378808-8","ANEKA",,,,,,"823/PAK",,,,,"ENGLISH ",,,,65,,"BULSAR BOOK STORE",,,,"STORY",
"AMAZING CHILDREN'S STORIES: PAK USOP THE CARPENTER",,"978-967378808-8","ANEKA",,,,,,"823/PAK",,,,,"ENGLISH ",,,,65,,"BULSAR BOOK STORE",,,,"STORY",
"AMAZING CHILDREN'S STORIES: THE STUBBORN FISHERMAN",,"978-967378806-4","ANEKA",,,,,,"823/STU",,,,,"ENGLISH ",,,,65,,"BULSAR BOOK STORE",,,,"STORY",
"AMAZING CHILDREN'S STORIES: THE STUBBORN FISHERMAN",,"978-967378806-4","ANEKA",,,,,,"823/STU",,,,,"ENGLISH ",,,,65,,"BULSAR BOOK STORE",,,,"STORY",
"AMAZING CHILDREN'S STORIES: THE SNAKE'S REVENGE",,"978-967378805-7","ANEKA",,,,,,"823/SNA",,,,,"ENGLISH ",,,,65,,"BULSAR BOOK STORE",,,,"STORY",
"AMAZING CHILDREN'S STORIES: THE SNAKE'S REVENGE",,"978-967378805-7","ANEKA",,,,,,"823/SNA",,,,,"ENGLISH ",,,,65,,"BULSAR BOOK STORE",,,,"STORY",
"AMAZING CHILDREN'S STORIES: THE GREEDY DOG",,"978-967378803-3","ANEKA",,,,,,"823/GRE",,,,,"ENGLISH ",,,,65,,"BULSAR BOOK STORE",,,,"STORY",
"AMAZING CHILDREN'S STORIES: THE GREEDY DOG",,"978-967378803-3","ANEKA",,,,,,"823/GRE",,,,,"ENGLISH ",,,,65,,"BULSAR BOOK STORE",,,,"STORY",
"MY BOOK OF FAIRY TALES: SNOW WHITE AND THE SEVEN DWARFS",,"978-81-286-3360-7","EURO BOOKS",,,,,,"823/FAI",,,,,"ENGLISH ",,,,50,,"BULSAR BOOK STORE",,,,"STORY",
"MY BOOK OF FAIRY TALES: GOLDILOCKS AND THE THREE BEARS",,"978-81-286-3358-4","EURO BOOKS",,,,,,"823/FAI",,,,,"ENGLISH ",,,,50,,"BULSAR BOOK STORE",,,,"STORY",
"MY BOOK OF FAIRY TALES: JACK AND THE BEANSTALK",,"978-81-286-3357-7","EURO BOOKS",,,,,,"823/FAI",,,,,"ENGLISH ",,,,50,,"BULSAR BOOK STORE",,,,"STORY",
"MY BOOK OF FAIRY TALES: THUMBELINA",,"978-81-286-3361-4","EURO BOOKS",,,,,,"823/FAI",,,,,"ENGLISH ",,,,50,,"BULSAR BOOK STORE",,,,"STORY",
"MY BOOK OF FAIRY TALES: HANSEL AND GRETEL",,"978-81-286-3356-0","EURO BOOKS",,,,,,"823/FAI",,,,,"ENGLISH ",,,,50,,"BULSAR BOOK STORE",,,,"STORY",
"MY BOOK OF FAIRY TALES: LITTLE RED RIDING HOOD",,"978-81-286-3359-1","EURO BOOKS",,,,,,"823/FAI",,,,,"ENGLISH ",,,,50,,"BULSAR BOOK STORE",,,,"STORY",
"FOREST OF HAPPINESS: THE LITTLE MONKEY",,9798176934144,"BPI INDIA",,,,,,"823/LIT",,,,,"ENGLISH ",,,,55,,"BULSAR BOOK STORE",,,,"STORY",
"FOREST OF HAPPINESS: DR. BUMBLE BEE",,9798176934113,"BPI INDIA",,,,,,"823/BUM",,,,,"ENGLISH ",,,,55,,"BULSAR BOOK STORE",,,,"STORY",
"FOREST OF HAPPINESS: THE LAZY HEDGEHOG",,9798176934137,"BPI INDIA",,,,,,"823/LAZ",,,,,"ENGLISH ",,,,55,,"BULSAR BOOK STORE",,,,"STORY",
"FOREST OF HAPPINESS: WE STILL LOVE YOU",,9798176934120,"BPI INDIA",,,,,,"823/STI",,,,,"ENGLISH ",,,,55,,"BULSAR BOOK STORE",,,,"STORY",
"FOREST OF HAPPINESS: THE TORTOISE",,9798176934106,"BPI INDIA",,,,,,"823/TOR",,,,,"ENGLISH ",,,,55,,"BULSAR BOOK STORE",,,,"STORY",
"FOREST OF HAPPINESS: RABBIT'S GIFT",,9798176934090,"BPI INDIA",,,,,,"823/RAB",,,,,"ENGLISH ",,,,55,,"BULSAR BOOK STORE",,,,"STORY",
"AKBAR BIRBAL: BANGLES & STAIRS AND OTHER STORIES",,9788179206843,"SHANTI PUBLICATION",,,,,,"823/AKB",,,,,"ENGLISH ",,,,50,,"BULSAR BOOK STORE",,,,"STORY",
"AKBAR BIRBAL: BANGLES & STAIRS AND OTHER STORIES",,9788179206843,"SHANTI PUBLICATION",,,,,,"823/AKB",,,,,"ENGLISH ",,,,50,,"BULSAR BOOK STORE",,,,"STORY",
"AKBAR BIRBAL: THE MANGO KERNELS AND OTHER STORIES",,9788179206867,"SHANTI PUBLICATION",,,,,,"823/AKB",,,,,"ENGLISH ",,,,50,,"BULSAR BOOK STORE",,,,"STORY",
"AKBAR BIRBAL: THE MANGO KERNELS AND OTHER STORIES",,9788179206867,"SHANTI PUBLICATION",,,,,,"823/AKB",,,,,"ENGLISH ",,,,50,,"BULSAR BOOK STORE",,,,"STORY",
"AKBAR BIRBAL: BIRBAL'S INTELLIGENCE AND OTHER STORIES",,9788179206836,"SHANTI PUBLICATION",,,,,,"823/AKB",,,,,"ENGLISH ",,,,50,,"BULSAR BOOK STORE",,,,"STORY",
"AKBAR BIRBAL: BIRBAL'S INTELLIGENCE AND OTHER STORIES",,9788179206836,"SHANTI PUBLICATION",,,,,,"823/AKB",,,,,"ENGLISH ",,,,50,,"BULSAR BOOK STORE",,,,"STORY",
"AKBAR BIRBAL: OBEDIENT HUSBANDS AND OTHER STORIES",,9788179206881,"SHANTI PUBLICATION",,,,,,"823/AKB",,,,,"ENGLISH ",,,,50,,"BULSAR BOOK STORE",,,,"STORY",
"AKBAR BIRBAL: OBEDIENT HUSBANDS AND OTHER STORIES",,9788179206881,"SHANTI PUBLICATION",,,,,,"823/AKB",,,,,"ENGLISH ",,,,50,,"BULSAR BOOK STORE",,,,"STORY",
"AKBAR BIRBAL: THE ADVANCE PAYMENT AND OTHER STORIES",,9788179206829,"SHANTI PUBLICATION",,,,,,"823/AKB",,,,,"ENGLISH ",,,,50,,"BULSAR BOOK STORE",,,,"STORY",
"AKBAR BIRBAL: THE ADVANCE PAYMENT AND OTHER STORIES",,9788179206829,"SHANTI PUBLICATION",,,,,,"823/AKB",,,,,"ENGLISH ",,,,50,,"BULSAR BOOK STORE",,,,"STORY",
"AKBAR BIRBAL: AKBAR'S RING AND OTHER STORIES",,9788179206850,"SHANTI PUBLICATION",,,,,,"823/AKB",,,,,"ENGLISH ",,,,50,,"BULSAR BOOK STORE",,,,"STORY",
"AKBAR BIRBAL: AKBAR'S RING AND OTHER STORIES",,9788179206850,"SHANTI PUBLICATION",,,,,,"823/AKB",,,,,"ENGLISH ",,,,50,,"BULSAR BOOK STORE",,,,"STORY",
"AKBAR BIRBAL: A TRIP TO HEAVEN AND OTHER STORIES",,9788179206898,"SHANTI PUBLICATION",,,,,,"823/AKB",,,,,"ENGLISH ",,,,50,,"BULSAR BOOK STORE",,,,"STORY",
"AKBAR BIRBAL: A TRIP TO HEAVEN AND OTHER STORIES",,9788179206898,"SHANTI PUBLICATION",,,,,,"823/AKB",,,,,"ENGLISH ",,,,50,,"BULSAR BOOK STORE",,,,"STORY",
"AKBAR BIRBAL: BIRBAL'S KHICHDI AND OTHER STORIES",,9788179206874,"SHANTI PUBLICATION",,,,,,"823/AKB",,,,,"ENGLISH ",,,,50,,"BULSAR BOOK STORE",,,,"STORY",
"AKBAR BIRBAL: BIRBAL'S KHICHDI AND OTHER STORIES",,9788179206874,"SHANTI PUBLICATION",,,,,,"823/AKB",,,,,"ENGLISH ",,,,50,,"BULSAR BOOK STORE",,,,"STORY",
"APPLE TALES FOR ALL TIME : TOM THUMB",,"978-81-7904-031-7","APPLE PUBLICATION",,,,,,"823/TOM",,,,,"ENGLISH ",,,,50,,"BULSAR BOOK STORE",,,,"STORY",
"APPLE TALES FOR ALL TIME : TOM THUMB",,"978-81-7904-031-7","APPLE PUBLICATION",,,,,,"823/TOM",,,,,"ENGLISH ",,,,50,,"BULSAR BOOK STORE",,,,"STORY",
"APPLE TALES FOR ALL TIME : THE LITTLE MATCH GIRL",,"978-81-7904-032-4","APPLE PUBLICATION",,,,,,"823/LIT",,,,,"ENGLISH ",,,,50,,"BULSAR BOOK STORE",,,,"STORY",
"APPLE TALES FOR ALL TIME : THE LITTLE MATCH GIRL",,"978-81-7904-032-4","APPLE PUBLICATION",,,,,,"823/LIT",,,,,"ENGLISH ",,,,50,,"BULSAR BOOK STORE",,,,"STORY",
"APPLE TALES OF ALL TIME : THE SIX SWANS",,"978-81-7904-034-8","APPLE PUBLICATION",,,,,,"823/SIX",,,,,"ENGLISH ",,,,50,,"BULSAR BOOK STORE",,,,"STORY",
"APPLE TALES OF ALL TIME : THE SIX SWANS",,"978-81-7904-034-8","APPLE PUBLICATION",,,,,,"823/SIX",,,,,"ENGLISH ",,,,50,,"BULSAR BOOK STORE",,,,"STORY",
"APPLE TALES OF ALL TIME : THE GOLDEN GOOSE",,"978-81-7904-034-8","APPLE PUBLICATION",,,,,,"823/GOL",,,,,"ENGLISH ",,,,50,,"BULSAR BOOK STORE",,,,"STORY",
"APPLE TALES OF ALL TIME : THE GOLDEN GOOSE",,"978-81-7904-033-1","APPLE PUBLICATION",,,,,,"823/GOL",,,,,"ENGLISH ",,,,50,,"BULSAR BOOK STORE",,,,"STORY",
"APPLE TALES OF ALL TIME : MERLIN THE MAGICIAN",,"978-81-7904-037-9","APPLE PUBLICATION",,,,,,"823/MAR",,,,,"ENGLISH ",,,,50,,"BULSAR BOOK STORE",,,,"STORY",
"APPLE TALES OF ALL TIME : MERLIN THE MAGICIAN",,"978-81-7904-037-9","APPLE PUBLICATION",,,,,,"823/MAR",,,,,"ENGLISH ",,,,50,,"BULSAR BOOK STORE",,,,"STORY",
"APPLE TALES OF ALL TIME : MIDAS AND THE GOLDEN TOUCH",,"978-81-7904-038-6","APPLE PUBLICATION",,,,,,"823/MID",,,,,"ENGLISH ",,,,50,,"BULSAR BOOK STORE",,,,"STORY",
"APPLE TALES OF ALL TIME : MIDAS AND THE GOLDEN TOUCH",,"978-81-7904-038-6","APPLE PUBLICATION",,,,,,"823/MID",,,,,"ENGLISH ",,,,50,,"BULSAR BOOK STORE",,,,"STORY",
"APPLE TALES OF ALL TIME : SNOW WHITE AND ROSE RED",,"978-81-7904-039-3","APPLE PUBLICATION",,,,,,"823/SNO",,,,,"ENGLISH ",,,,50,,"BULSAR BOOK STORE",,,,"STORY",
"APPLE TALES OF ALL TIME : SNOW WHITE AND ROSE RED",,"978-81-7904-039-3","APPLE PUBLICATION",,,,,,"823/SNO",,,,,"ENGLISH ",,,,50,,"BULSAR BOOK STORE",,,,"STORY",
"APPLE TALES FOR ALL TIME : RUMPELSTILTSKIN",,"978-81-7904-040-9","APPLE PUBLICATION",,,,,,"823/RUM",,,,,"ENGLISH ",,,,50,,"BULSAR BOOK STORE",,,,"STORY",
"APPLE TALES FOR ALL TIME : RUMPELSTILTSKIN",,"978-81-7904-040-9","APPLE PUBLICATION",,,,,,"823/RUM",,,,,"ENGLISH ",,,,50,,"BULSAR BOOK STORE",,,,"STORY",
"APPLE TALES FOR ALL TIME : THE WOLF AND THE SEVEN KIDS",,"978-81-7904-042-3","APPLE PUBLICATION",,,,,,"823/WOL",,,,,"ENGLISH ",,,,50,,"BULSAR BOOK STORE",,,,"STORY",
"APPLE TALES FOR ALL TIME : THE WOLF AND THE SEVEN KIDS",,"978-81-7904-042-3","APPLE PUBLICATION",,,,,,"823/WOL",,,,,"ENGLISH ",,,,50,,"BULSAR BOOK STORE",,,,"STORY",
"APPLE TALES FOR ALL TIME : THE SORCERER'S APPRENTICE",,"978-81-7904-035-5","APPLE PUBLICATION",,,,,,"823/SOR",,,,,"ENGLISH ",,,,50,,"BULSAR BOOK STORE",,,,"STORY",
"APPLE TALES FOR ALL TIME : THE SORCERER'S APPRENTICE",,"978-81-7904-035-5","APPLE PUBLICATION",,,,,,"823/SOR",,,,,"ENGLISH ",,,,50,,"BULSAR BOOK STORE",,,,"STORY",
"APPLE TALES FOR ALL TIME : PRINCESS AND THE PEA",,"978-81-7904-036-2","APPLE PUBLICATION",,,,,,"823/PRI",,,,,"ENGLISH ",,,,50,,"BULSAR BOOK STORE",,,,"STORY",
"APPLE TALES FOR ALL TIME : PRINCESS AND THE PEA",,"978-81-7904-036-2","APPLE PUBLICATION",,,,,,"823/PRI",,,,,"ENGLISH ",,,,50,,"BULSAR BOOK STORE",,,,"STORY",
"TALES FOR ALL TIME : THE TIN SOLDIER",,9788179040416,"APPLE PUBLICATION",,,,,,"823/TIN",,,,,"ENGLISH ",,,,50,,"BULSAR BOOK STORE",,,,"STORY",
"TALES FOR ALL TIME : THE TIN SOLDIER",,9788179040416,"APPLE PUBLICATION",,,,,,"823/TIN",,,,,"ENGLISH ",,,,50,,"BULSAR BOOK STORE",,,,"STORY",
"FOLK TALES FROM AROUND INDIA : DOSAS FOR THE DEMON & OTHER STORIES",,"978-81-8252-405-7","WILCO",,,,,,"823/FOL",,,,,"ENGLISH ",,,,50,,"BULSAR BOOK STORE",,,,"STORY",
"FOLK TALES FROM AROUND INDIA :  OH GOD! & OTHER STORIES",,"978-81-8252-404-0","WILCO",,,,,,"823/FOL",,,,,"ENGLISH ",,,,50,,"BULSAR BOOK STORE",,,,"STORY",
"FOLK TALES FROM AROUND INDIA : THE TWO RODENTS & OTHER STORIES",,"978-81-8252-406-4","WILCO",,,,,,"823/FOL",,,,,"ENGLISH ",,,,50,,"BULSAR BOOK STORE",,,,"STORY",
"FOLK TALES FROM AROUND INDIA : THE FOUR COMPANIONS & OTHER STORIES",,"978-81-8252-407-1","WILCO",,,,,,"823/FOL",,,,,"ENGLISH ",,,,50,,"BULSAR BOOK STORE",,,,"STORY",
"FOLK TALES FROM AROUND INDIA :  THE FARMER'S PRESENT & OTHER STORIES",,"978-81-8252-396-8","WILCO",,,,,,"823/FOL",,,,,"ENGLISH ",,,,50,,"BULSAR BOOK STORE",,,,"STORY",
"FOLK TALES FROM AROUND INDIA : THE CHALLENGE & OTHER STORIES",,"978-81-8252-397-5","WILCO",,,,,,"823/FOL",,,,,"ENGLISH ",,,,50,,"BULSAR BOOK STORE",,,,"STORY",
"FOLK TALES FROM AROUND INDIA : LONG NAMES & OTHER STORIES",,"978-81-8252-398-2","WILCO",,,,,,"823/FOL",,,,,"ENGLISH ",,,,50,,"BULSAR BOOK STORE",,,,"STORY",
"FOLK TALES FROM AROUND INDIA : THE DRUM THAT SANG & OTHER STORIES",,"978-81-8252-399-9","WILCO",,,,,,"823/FOL",,,,,"ENGLISH ",,,,50,,"BULSAR BOOK STORE",,,,"STORY",
"FOLK TALES FROM AROUND INDIA : THE BEARDED FOOL & OTHER STORIES",,"978-81-8252-400-2","WILCO",,,,,,"823/FOL",,,,,"ENGLISH ",,,,50,,"BULSAR BOOK STORE",,,,"STORY",
"FOLK TALES FROM AROUND INDIA : WORK IS WORSHIP & OTHER STORIES",,"978-81-8252-402-6","WILCO",,,,,,"823/FOL",,,,,"ENGLISH ",,,,50,,"BULSAR BOOK STORE",,,,"STORY",
"FOLK TALES FROM AROUND INDIA : THE ROBBERS & OTHER STORIES",,"978-81-8252-403-3","WILCO",,,,,,"823/FOL",,,,,"ENGLISH ",,,,50,,"BULSAR BOOK STORE",,,,"STORY",
"FOLK TALES FROM AROUND INDIA : THE LION'S WEDDING & OTHER STORIES",,"978-81-8252-401-9","WILCO",,,,,,"823/FOL",,,,,"ENGLISH ",,,,50,,"BULSAR BOOK STORE",,,,"STORY",
"AKBAR-BIRBAL: GHODHO KA BHUGTAN",,9788179206904,"SHANTI PUBLICATION",,,,,,"891.43301/AKB",,,,,"HINDI",,,,50,,"BULSAR BOOK STORE",,,,"STORY",
"AKBAR-BIRBAL: GHODHO KA BHUGTAN",,9788179206904,"SHANTI PUBLICATION",,,,,,"891.43301/AKB",,,,,"HINDI",,,,50,,"BULSAR BOOK STORE",,,,"STORY",
"AKBAR-BIRBAL: BIRBAL KI KICHDHI",,9788179206959,"SHANTI PUBLICATION",,,,,,"891.43301/AKB",,,,,"HINDI",,,,50,,"BULSAR BOOK STORE",,,,"STORY",
"AKBAR-BIRBAL: BIRBAL KI KICHDHI",,9788179206959,"SHANTI PUBLICATION",,,,,,"891.43301/AKB",,,,,"HINDI",,,,50,,"BULSAR BOOK STORE",,,,"STORY",
"AKBAR-BIRBAL: AGYAKARI PATI",,9788179206966,"SHANTI PUBLICATION",,,,,,"891.43301/AKB",,,,,"HINDI",,,,50,,"BULSAR BOOK STORE",,,,"STORY",
"AKBAR-BIRBAL: AGYAKARI PATI",,9788179206966,"SHANTI PUBLICATION",,,,,,"891.43301/AKB",,,,,"HINDI",,,,50,,"BULSAR BOOK STORE",,,,"STORY",
"AKBAR-BIRBAL: SIDHIYA AUR CHURIYA",,9788179206928,"SHANTI PUBLICATION",,,,,,"891.43301/AKB",,,,,"HINDI",,,,50,,"BULSAR BOOK STORE",,,,"STORY",
"AKBAR-BIRBAL: SIDHIYA AUR CHURIYA",,9788179206928,"SHANTI PUBLICATION",,,,,,"891.43301/AKB",,,,,"HINDI",,,,50,,"BULSAR BOOK STORE",,,,"STORY",
"AKBAR-BIRBAL: LALCHI NAIYE",,9788179206973,"SHANTI PUBLICATION",,,,,,"891.43301/AKB",,,,,"HINDI",,,,50,,"BULSAR BOOK STORE",,,,"STORY",
"AKBAR-BIRBAL: LALCHI NAIYE",,9788179206973,"SHANTI PUBLICATION",,,,,,"891.43301/AKB",,,,,"HINDI",,,,50,,"BULSAR BOOK STORE",,,,"STORY",
"AKBAR-BIRBAL: BIRBAL KI BUDDHIMANI",,9788179206911,"SHANTI PUBLICATION",,,,,,"891.43301/AKB",,,,,"HINDI",,,,50,,"BULSAR BOOK STORE",,,,"STORY",
"AKBAR-BIRBAL: BIRBAL KI BUDDHIMANI",,9788179206911,"SHANTI PUBLICATION",,,,,,"891.43301/AKB",,,,,"HINDI",,,,50,,"BULSAR BOOK STORE",,,,"STORY",
"AKBAR-BIRBAL: BADSHAH KI ANGUTHI",,9788179206935,"SHANTI PUBLICATION",,,,,,"891.43301/AKB",,,,,"HINDI",,,,50,,"BULSAR BOOK STORE",,,,"STORY",
"AKBAR-BIRBAL: BADSHAH KI ANGUTHI",,9788179206935,"SHANTI PUBLICATION",,,,,,"891.43301/AKB",,,,,"HINDI",,,,50,,"BULSAR BOOK STORE",,,,"STORY",
"AKBAR-BIRBAL: AAM KE KADRADAN",,9788179206942,"SHANTI PUBLICATION",,,,,,"891.43301/AKB",,,,,"HINDI",,,,50,,"BULSAR BOOK STORE",,,,"STORY",
"AKBAR-BIRBAL: AAM KE KADRADAN",,9788179206942,"SHANTI PUBLICATION",,,,,,"891.43301/AKB",,,,,"HINDI",,,,50,,"BULSAR BOOK STORE",,,,"STORY",
"PREMCHAND KI PRASID KAHANIYA: KAJKI",,9788184973716,"BPI INDIA",,,,,,"891.43301/PRE",,,,"PREMCHAND;Author","HINDI",,,,55,,"BULSAR BOOK STORE",,,,"STORY",
"PREMCHAND KI PRASID KAHANIYA: ATHMARAM",,9788184973686,"BPI INDIA",,,,,,"891.43301/PRE",,,,"PREMCHAND;Author","HINDI",,,,55,,"BULSAR BOOK STORE",,,,"STORY",
"PREMCHAND KI PRASID KAHANIYA: VIDHVANS",,9788184973693,"BPI INDIA",,,,,,"891.43301/PRE",,,,"PREMCHAND;Author","HINDI",,,,55,,"BULSAR BOOK STORE",,,,"STORY",
"PREMCHAND KI PRASID KAHANIYA: GUPT KHAJANA",,9788184973709,"BPI INDIA",,,,,,"891.43301/PRE",,,,"PREMCHAND;Author","HINDI",,,,55,,"BULSAR BOOK STORE",,,,"STORY",
"PARI KATHAO KI BADI PUSTAK: GOLDILOCKS VA TIN BHALU",,"978-81-207-3471-5","STERLING (INDIA)",,,,,,"891.43301/GOL",,,,,"HINDI",,,,25,,"BULSAR BOOK STORE",,,,"STORY",
"PARI KATHAO KI BADI PUSTAK: CINDRELLA",,"978-81-207-3470-8","STERLING (INDIA)",,,,,,"891.43301/SIN",,,,,"HINDI",,,,25,,"BULSAR BOOK STORE",,,,"STORY",
"PARI KATHAO KI BADI PUSTAK: NANHI RED RIDING HOOD",,"978-81-207-3475-3","STERLING (INDIA)",,,,,,"891.43301/NAN",,,,,"HINDI",,,,25,,"BULSAR BOOK STORE",,,,"STORY",
"PARI KATHAO KI BADI PUSTAK: THUMBELINA",,"978-81-207-3476-0","STERLING (INDIA)",,,,,,"891.43301/THU",,,,,"HINDI",,,,25,,"BULSAR BOOK STORE",,,,"STORY",
"PARI KATHAO KI BADI PUSTAK: JACK AND BEAN BEL",,"978-81-207-3473-9","STERLING (INDIA)",,,,,,"891.43301/JAC",,,,,"HINDI",,,,25,,"BULSAR BOOK STORE",,,,"STORY",
"PARI KATHAO KI BADI PUSTAK: MACHIS WALI NANHI LADKI",,"978-81-207-3474-6","STERLING (INDIA)",,,,,,"891.43301/MAC",,,,,"HINDI",,,,25,,"BULSAR BOOK STORE",,,,"STORY",
"PARI KATHAO KI BADI PUSTAK: BONE AUR MACHI",,"978-81-207-3469-2","STERLING (INDIA)",,,,,,"891.43301/BON",,,,,"HINDI",,,,25,,"BULSAR BOOK STORE",,,,"STORY",
"CLUMSY RUMMY",,"978-967-324-789-9","LITTLE SUN",,,,,,"823/ONG",,,,"ONG.ESTHER;Author","ENGLISH ",,,,65,,"BULSAR BOOK STORE",,,,"STORY",
"DANNY THE DREAMER",,"978-967-324-790-5","LITTLE SUN",,,,,,"823/ONG",,,,"ONG.ESTHER;Author","ENGLISH ",,,,65,,"BULSAR BOOK STORE",,,,"STORY",
"THE FRIENDLY RABBIT",,"978-967-324-788-2","LITTLE SUN",,,,,,"823/ONG",,,,"ONG.ESTHER;Author","ENGLISH ",,,,65,,"BULSAR BOOK STORE",,,,"STORY",
"RAW EGGS AND WILD GRASS ",,"978-967-324-791-2","LITTLE SUN",,,,,,"823/ONG",,,,"ONG.ESTHER;Author","ENGLISH ",,,,65,,"BULSAR BOOK STORE",,,,"STORY",
"THE BOASTFUL KIMMY WITH MORAL LESSON",,"978-967-324-441-6","LITTLE SUN",,,,,,"823/TON",,,,"TONG.ALICE;Author","ENGLISH ",,,,65,,"BULSAR BOOK STORE",,,,"STORY",
"BEANY BEAR THE BULLY WITH MORAL LESSON",,"978-967-324-439-3","LITTLE SUN",,,,,,"823/TON",,,,"TONG.ALICE;Author","ENGLISH ",,,,65,,"BULSAR BOOK STORE",,,,"STORY",
"THE HONEST SPOOTY GIRAFFE WITH MORAL LESSON",,"978-967-324-440-9","LITTLE SUN",,,,,,"823/TON",,,,"TONG.ALICE;Author","ENGLISH ",,,,65,,"BULSAR BOOK STORE",,,,"STORY",
"THE DIRTY LITTLE RACCOON WITH MORAL LESSON",,"978-967-324-442-3","LITTLE SUN",,,,,,"823/TON",,,,"TONG.ALICE;Author","ENGLISH ",,,,65,,"BULSAR BOOK STORE",,,,"STORY",
"LITTLE BEE'S READING SERIES: KEETY LOSES HIS TEMPER",,"978-967-324-518-5","LITTLE SUN",,,,,,"823/CHO",,,,"CHONG.HARRY;Author","ENGLISH ",,,,65,,"BULSAR BOOK STORE",,,,"STORY",
"LITTLE BEE'S READING SERIES: PENGUINS GO FOR A PICNIC",,"978-967-324-520-8","LITTLE SUN",,,,,,"823/CHO",,,,"CHONG.HARRY;Author","ENGLISH ",,,,65,,"BULSAR BOOK STORE",,,,"STORY",
"LITTLE BEE'S READING SERIES: LITTLE CHIMP'S DAY OUT",,"978-967-324-517-8","LITTLE SUN",,,,,,"823/CHO",,,,"CHONG.HARRY;Author","ENGLISH ",,,,65,,"BULSAR BOOK STORE",,,,"STORY",
"THE ELEPHANT WHO LIKES TO BULLY WITH MORAL LESSON",,"978-967-324-552-9","LITTLE SUN",,,,,,"823/CHO",,,,"CHONG.HARRY;Author","ENGLISH ",,,,65,,"BULSAR BOOK STORE",,,,"STORY",
"LITTLE BEE'S READING SERIES: LITTLE BUTTERFLIES LEARN A LESSON",,"978-967-324-519-2","LITTLE SUN",,,,,,"823/CHO",,,,"CHONG.HARRY;Author","ENGLISH ",,,,65,,"BULSAR BOOK STORE",,,,"STORY",
"HEIFER AND OX WITH MORAL LESSON",,"978-967-324-554-3","LITTLE SUN",,,,,,"823/CHO",,,,"CHONG.HARRY;Author","ENGLISH ",,,,65,,"BULSAR BOOK STORE",,,,"STORY",
"THE OBSERVANT FARMER WITH MORAL LESSON",,"978-967-324-553-6","LITTLE SUN",,,,,,"823/CHO",,,,"CHONG.HARRY;Author","ENGLISH ",,,,65,,"BULSAR BOOK STORE",,,,"STORY",
"THE DISSATISFIED REINDEER WITH MORAL LESSON",,"978-967-324-555-0","LITTLE SUN",,,,,,"823/CHO",,,,"CHONG.HARRY;Author","ENGLISH ",,,,65,,"BULSAR BOOK STORE",,,,"STORY",
"MY FILIAL PIETY SERIES: THE FILIAL LITTLE SQUIRREL",,"978-967-324-657-1","LITTLE SUN",,,,,,"823/FIL",,,,,"ENGLISH ",,,,65,,"BULSAR BOOK STORE",,,,"STORY",
"MY FILIAL PIETY SERIES: THE UNDERSTANDING LITTLE CHICKEN",,"978-967-324-654-0","LITTLE SUN",,,,,,"823/UND",,,,,"ENGLISH ",,,,65,,"BULSAR BOOK STORE",,,,"STORY",
"MY FILIAL PIETY SERIES: THE GRATEFUL LITTLE CROW",,"978-967-324-655-7","LITTLE SUN",,,,,,"823/GRA",,,,,"ENGLISH ",,,,65,,"BULSAR BOOK STORE",,,,"STORY",
"MY FILIAL PIETY SERIES: THE DUTIFUL LITTLE BEAR",,"978-967-324-656-4","LITTLE SUN",,,,,,"823/DUT",,,,,"ENGLISH ",,,,65,,"BULSAR BOOK STORE",,,,"STORY",
"SMART KIDS FABLE SERIES:THE BRAVE MONKEY",,"978-967-324-667-0","LITTLE SUN",,,,,,"823/BRA",,,,,"ENGLISH ",,,,65,,"BULSAR BOOK STORE",,,,"STORY",
"SMART KIDS FABLE SERIES: THE OBEDIENT RABBIT",,"978-967-324-665-6","LITTLE SUN",,,,,,"823/OBE",,,,,"ENGLISH ",,,,65,,"BULSAR BOOK STORE",,,,"STORY",
"SMART KIDS FABLE SERIES: PAPA CAT'S LOVE",,"978-967-324-664-9","LITTLE SUN",,,,,,"823/PAP",,,,,"ENGLISH ",,,,65,,"BULSAR BOOK STORE",,,,"STORY",
"SMART KIDS FABLE SERIES: THE DEER AND THE HUNTERS",,"978-967-324-666-3","LITTLE SUN",,,,,,"823/DEE",,,,,"ENGLISH ",,,,65,,"BULSAR BOOK STORE",,,,"STORY",
"LITTLE LAMB'S READING SERIES: TO BE KIND OR NOT….",,"978-967-324-716-5","LITTLE SUN",,,,,,"823/ONG",,,,"ONG.ESTHER;Author","ENGLISH ",,,,65,,"BULSAR BOOK STORE",,,,"STORY",
"LITTLE LAMB'S READING SERIES: TO CONCERN OR NOT….",,"978-967-324-715-8","LITTLE SUN",,,,,,"823/ONG",,,,"ONG.ESTHER;Author","ENGLISH ",,,,65,,"BULSAR BOOK STORE",,,,"STORY",
"LITTLE LAMB'S READING SERIES: TO CHERISH OR NOT….",,"978-967-324-714-1","LITTLE SUN",,,,,,"823/ONG",,,,"ONG.ESTHER;Author","ENGLISH ",,,,65,,"BULSAR BOOK STORE",,,,"STORY",
"LITTLE LAMB'S READING SERIES: TO BE HONEST OR NOT….",,"978-967-324-717-2","LITTLE SUN",,,,,,"823/ONG",,,,"ONG.ESTHER;Author","ENGLISH ",,,,65,,"BULSAR BOOK STORE",,,,"STORY",
"ANIMAL MORAL STORIES: TOBY IS TIMID",,9788179042786,"APPLE PUBLICATION",,,,,,"823/ONG",,,,,"ENGLISH ",,,,50,,"BULSAR BOOK STORE",,,,"STORY",
"ANIMAL MORAL STORIES: TOBY IS TIMID",,9788179042786,"APPLE PUBLICATION",,,,,,"823/MOR",,,,,"ENGLISH ",,,,50,,"BULSAR BOOK STORE",,,,"STORY",
"ANIMAL MORAL STORIES: PETER LEARNS TO DO HIS WORK",,9788179042809,"APPLE PUBLICATION",,,,,,"823/MOR",,,,,"ENGLISH ",,,,50,,"BULSAR BOOK STORE",,,,"STORY",
"ANIMAL MORAL STORIES: PETER LEARNS TO DO HIS WORK",,9788179042809,"APPLE PUBLICATION",,,,,,"823/MOR",,,,,"ENGLISH ",,,,50,,"BULSAR BOOK STORE",,,,"STORY",
"MORAL PICTURE BOOK: BERT, THE ELEPHANT ",,"978-81-7904-281-6","APPLE PUBLICATION",,,,,,"823/MOR",,,,,"ENGLISH ",,,,50,,"BULSAR BOOK STORE",,,,"STORY",
"MORAL PICTURE BOOK: BERT, THE ELEPHANT ",,"978-81-7904-281-6","APPLE PUBLICATION",,,,,,"823/MOR",,,,,"ENGLISH ",,,,50,,"BULSAR BOOK STORE",,,,"STORY",
"MORAL PICTURE BOOK: BOBO AND HIS THREE WISHES",,"978-81-7904-276-2","APPLE PUBLICATION",,,,,,"823/MOR",,,,,"ENGLISH ",,,,50,,"BULSAR BOOK STORE",,,,"STORY",
"MORAL PICTURE BOOK: BOBO AND HIS THREE WISHES",,"978-81-7904-276-2","APPLE PUBLICATION",,,,,,"823/MOR",,,,,"ENGLISH ",,,,50,,"BULSAR BOOK STORE",,,,"STORY",
"MORAL PICTURE BOOK: FREDDY, THE TALL GIRAFFE",,"978-81-7904-280-9","APPLE PUBLICATION",,,,,,"823/MOR",,,,,"ENGLISH ",,,,50,,"BULSAR BOOK STORE",,,,"STORY",
"MORAL PICTURE BOOK: FREDDY, THE TALL GIRAFFE",,"978-81-7904-280-9","APPLE PUBLICATION",,,,,,"823/MOR",,,,,"ENGLISH ",,,,50,,"BULSAR BOOK STORE",,,,"STORY",
"MORAL PICTURE BOOK: THE HELPFUL TREE",,"978-81-7904-277-9","APPLE PUBLICATION",,,,,,"823/MOR",,,,,"ENGLISH ",,,,50,,"BULSAR BOOK STORE",,,,"STORY",
"MORAL PICTURE BOOK: THE HELPFUL TREE",,"978-81-7904-277-9","APPLE PUBLICATION",,,,,,"823/MOR",,,,,"ENGLISH ",,,,50,,"BULSAR BOOK STORE",,,,"STORY",
"ANIMAL MORAL STORIES: CROAKY GOES TO BIG CITY",,9788179042793,"APPLE PUBLICATION",,,,,,"823/MOR",,,,,"ENGLISH ",,,,50,,"BULSAR BOOK STORE",,,,"STORY",
"ANIMAL MORAL STORIES: CROAKY GOES TO BIG CITY",,9788179042793,"APPLE PUBLICATION",,,,,,"823/MOR",,,,,"ENGLISH ",,,,50,,"BULSAR BOOK STORE",,,,"STORY",
"ANIMAL MORAL STORIES: ROB, THE NOSY RAT",,9788179042830,"APPLE PUBLICATION",,,,,,"823/MOR",,,,,"ENGLISH ",,,,50,,"BULSAR BOOK STORE",,,,"STORY",
"ANIMAL MORAL STORIES: ROB, THE NOSY RAT",,9788179042830,"APPLE PUBLICATION",,,,,,"823/MOR",,,,,"ENGLISH ",,,,50,,"BULSAR BOOK STORE",,,,"STORY",
"MORAL PICTURE BOOK: ARNIE FINDS A TREASURE",,"978-81-7904-274-8","APPLE PUBLICATION",,,,,,"823/MOR",,,,,"ENGLISH ",,,,50,,"BULSAR BOOK STORE",,,,"STORY",
"MORAL PICTURE BOOK: ARNIE FINDS A TREASURE",,"978-81-7904-274-8","APPLE PUBLICATION",,,,,,"823/MOR",,,,,"ENGLISH ",,,,50,,"BULSAR BOOK STORE",,,,"STORY",
"ANIMAL MORAL STORIES: BLACKIE AND THE RED RIBBON",,9788179042755,"APPLE PUBLICATION",,,,,,"823/MOR",,,,,"ENGLISH ",,,,50,,"BULSAR BOOK STORE",,,,"STORY",
"ANIMAL MORAL STORIES: BLACKIE AND THE RED RIBBON",,9788179042755,"APPLE PUBLICATION",,,,,,"823/MOR",,,,,"ENGLISH ",,,,50,,"BULSAR BOOK STORE",,,,"STORY",
"NAITIK SHIKSHA KI KAHANIYA: BAGH-1",,"978-81-7987-665-7","VISHV BOOKS",,,,,,"891.43301/MOH",,,,,"HINDI",,,,55,,"BULSAR BOOK STORE",,,,"STORY",
"NAITIK SHIKSHA KI KAHANIYA: BAGH-3",,"978-81-7987-667-1","VISHV BOOKS",,,,,,"891.43301/MOH",,,,,"HINDI",,,,55,,"BULSAR BOOK STORE",,,,"STORY",
"NAITIK SHIKSHA KI KAHANIYA: BAGH-4",,"978-81-7987-792-0","VISHV BOOKS",,,,,,"891.43301/MOH",,,,,"HINDI",,,,55,,"BULSAR BOOK STORE",,,,"STORY",
"AKBAR AUR BIRBAL: MAHESH BANA BIRBAL",,9788184975871,"BPI INDIA",,,,,,"891.43301/AKB",,,,,"HINDI",,,,50,,"BULSAR BOOK STORE",,,,"STORY",
"AKBAR AUR BIRBAL: BIRBAL KI CHATURAI",,9788184975918,"BPI INDIA",,,,,,"891.43301/AKB",,,,,"HINDI",,,,50,,"BULSAR BOOK STORE",,,,"STORY",
"AKBAR AUR BIRBAL:DHOBHI KA BADLA",,9788181975956,"BPI INDIA",,,,,,"891.43301/AKB",,,,,"HINDI",,,,50,,"BULSAR BOOK STORE",,,,"STORY",
"HITOPADESH: AMAR BAL SAHITYA: BAGH-1",,"978-81-243-0942-1","NAVNEET",,,,,,"891.43301/JOS",,,,"JOSHI.YOGESH;Author","HINDI",,,,45,,"BULSAR BOOK STORE",,,,"STORY",
"HITOPADESH: AMAR BAL SAHITYA: BAGH- 2",,"978-81-243-0943-8","NAVNEET",,,,,,"891.43301/JOS",,,,"JOSHI.YOGESH;Author","HINDI",,,,45,,"BULSAR BOOK STORE",,,,"STORY",
"HITOPADESH: AMAR BAL SAHITYA: BAGH- 3",,"978-81-243-0944-5","NAVNEET",,,,,,"891.43301/JOS",,,,"JOSHI.YOGESH;Author","HINDI",,,,45,,"BULSAR BOOK STORE",,,,"STORY",
"HITOPADESH: AMAR BAL SAHITYA: BAGH- 5",,"978-81-243-0946-9","NAVNEET",,,,,,"891.43301/JOS",,,,"JOSHI.YOGESH;Author","HINDI",,,,45,,"BULSAR BOOK STORE",,,,"STORY",
"HITOPADESH: AMAR BAL SAHITYA: BAGH- 4",,"978-81-243-0945-2","NAVNEET",,,,,,"891.43301/JOS",,,,"JOSHI.YOGESH;Author","HINDI",,,,45,,"BULSAR BOOK STORE",,,,"STORY",
"AMAR BAL SAHITYA: PANCHTANTRA : BAGH-1",,"978-81-243-1142-4","NAVNEET",,,,,,"891.43301/JOS",,,,"JOSHI.YOGESH;Author","HINDI",,,,45,,"BULSAR BOOK STORE",,,,"STORY",
"AMAR BAL SAHITYA: PANCHTANTRA : BAGH-2",,"978-81-243-1201-8","NAVNEET",,,,,,"891.43301/JOS",,,,"JOSHI.YOGESH;Author","HINDI",,,,45,,"BULSAR BOOK STORE",,,,"STORY",
"AMAR BAL SAHITYA: PANCHTANTRA : BAGH-3",,"978-81-243-1202-5","NAVNEET",,,,,,"891.43301/JOS",,,,"JOSHI.YOGESH;Author","HINDI",,,,45,,"BULSAR BOOK STORE",,,,"STORY",
"AMAR BAL SAHITYA: PANCHTANTRA : BAGH-4",,"978-81-243-1203-2","NAVNEET",,,,,,"891.43301/JOS",,,,"JOSHI.YOGESH;Author","HINDI",,,,45,,"BULSAR BOOK STORE",,,,"STORY",
"AMAR BAL SAHITYA: PANCHTANTRA : BAGH-5",,"978-81-243-1204-9","NAVNEET",,,,,,"891.43301/JOS",,,,"JOSHI.YOGESH;Author","HINDI",,,,45,,"BULSAR BOOK STORE",,,,"STORY",
"AMAR BAL SAHITYA: SINGHASAN BATISI : BAGH-1",,"978-81-243-1613-9","NAVNEET",,,,,,"891.43301/JOS",,,,"JOSHI.YOGESH;Author","HINDI",,,,50,,"BULSAR BOOK STORE",,,,"STORY",
"AMAR BAL SAHITYA: SINGHASAN BATISI : BAGH-2",,"978-81-243-1614-6","NAVNEET",,,,,,"891.43301/JOS",,,,"JOSHI.YOGESH;Author","HINDI",,,,50,,"BULSAR BOOK STORE",,,,"STORY",
"AMAR BAL SAHITYA: SINGHASAN BATISI : BAGH-3",,"978-81-243-1615-3","NAVNEET",,,,,,"891.43301/JOS",,,,"JOSHI.YOGESH;Author","HINDI",,,,50,,"BULSAR BOOK STORE",,,,"STORY",
"AMAR BAL SAHITYA: SINGHASAN BATISI : BAGH-4",,"978-81-243-1616-0","NAVNEET",,,,,,"891.43301/JOS",,,,"JOSHI.YOGESH;Author","HINDI",,,,50,,"BULSAR BOOK STORE",,,,"STORY",
"AMAR BAL SAHITYA: SINGHASAN BATISI : BAGH-5",,"978-81-243-1617-7","NAVNEET",,,,,,"891.43301/JOS",,,,"JOSHI.YOGESH;Author","HINDI",,,,50,,"BULSAR BOOK STORE",,,,"STORY",
"BEDTIME FAIRY TALES: SINDBAD; ALI BABA & 40 THIEVES, THREE BILLY GOATS",,"978-81-8153-278-3","RAINBOW",,,,,,"823/SIN",,,,,"ENGLISH ",,,,50,,"BULSAR BOOK STORE",,,,"STORY",
"BEDTIME FAIRY TALES: ALICE IN WONDERLAND; THE THREE PIGS,PINOCCHIO",,"978-81-8153-275-9","RAINBOW",,,,,,"823/ALI",,,,,"ENGLISH ",,,,50,,"BULSAR BOOK STORE",,,,"STORY",
"BEDTIME FAIRY TALES: JACK AND THE BEANSTALK; GINGERBREAD, SHOEMARKER",,"978-81-8153-277-5","RAINBOW",,,,,,"823/JAC",,,,,"ENGLISH ",,,,50,,"BULSAR BOOK STORE",,,,"STORY",
"BEDTIME FAIRY TALES: RED HEN, GOLDILOCKS",,"978-81-8153-279-1","RAINBOW",,,,,,"823/BEA",,,,,"ENGLISH ",,,,50,,"BULSAR BOOK STORE",,,,"STORY",
"BEDTIME FAIRY TALES: THE UGLY DUCKLING; THUMBELINA, PUSS IN BOOTS",,"978-81-8153-276-7","RAINBOW",,,,,,"823/UGL",,,,,"ENGLISH ",,,,50,,"BULSAR BOOK STORE",,,,"STORY",
"BEDTIME FAIRY TALES: CINDERELLA; ALADDIN, MERMAID",,"978-81-8153-274-0","RAINBOW",,,,,,"823/CIN",,,,,"ENGLISH ",,,,50,,"BULSAR BOOK STORE",,,,"STORY",
"BEDTIME FAIRY TALES: BAMBI; EMPEROR NEW CLOTHES,PIED PIPER",,"978-81-8153-272-4","RAINBOW",,,,,,"823/BAT",,,,,"ENGLISH ",,,,50,,"BULSAR BOOK STORE",,,,"STORY",
"STORIES BASED ON VALUE EDUCATION: MIKE LEARNS TO SHARE",,9788184974867,"BPI INDIA",,,,,,"823/BAT",,,,"BATRA.REENA;Author","ENGLISH ",,,,55,,"BULSAR BOOK STORE",,,,"STORY",
"STORIES BASED ON VALUE EDUCATION: MIKE BECOMES OBEDIENT",,9788184974843,"BPI INDIA",,,,,,"823/BAT",,,,"BATRA.REENA;Author","ENGLISH ",,,,55,,"BULSAR BOOK STORE",,,,"STORY",
"STORIES BASED ON VALUE EDUCATION: MIKE BECOMES BRAVE",,9788184974799,"BPI INDIA",,,,,,"823/BAT",,,,"BATRA.REENA;Author","ENGLISH ",,,,55,,"BULSAR BOOK STORE",,,,"STORY",
"STORIES BASED ON VALUE EDUCATION: MIKE BECOMES PUNCTUAL",,9788184974805,"BPI INDIA",,,,,,"823/BAT",,,,"BATRA.REENA;Author","ENGLISH ",,,,55,,"BULSAR BOOK STORE",,,,"STORY",
"STORIES BASED ON VALUE EDUCATION: MIKE BECOMES POLITE",,9788184974836,"BPI INDIA",,,,,,"823/BAT",,,,"BATRA.REENA;Author","ENGLISH ",,,,55,,"BULSAR BOOK STORE",,,,"STORY",
"STORIES BASED ON VALUE EDUCATION: MIKE LEARNS ABOUT CLEANLINESS",,9788184974829,"BPI INDIA",,,,,,"823/BAT",,,,"BATRA.REENA;Author","ENGLISH ",,,,55,,"BULSAR BOOK STORE",,,,"STORY",
"STORIES BASED ON VALUE EDUCATION: MIKE LEARNS TO CARE",,9788184974850,"BPI INDIA",,,,,,"823/BAT",,,,"BATRA.REENA;Author","ENGLISH ",,,,55,,"BULSAR BOOK STORE",,,,"STORY",
"STORIES BASED ON VALUE EDUCATION: MIKE LEARNS TO BE CONSIDERATE",,9788184974898,"BPI INDIA",,,,,,"823/BAT",,,,"BATRA.REENA;Author","ENGLISH ",,,,55,,"BULSAR BOOK STORE",,,,"STORY",
"STORIES BASED ON VALUE EDUCATION: MIKE LEARNS TO BE HONEST",,9788184974812,"BPI INDIA",,,,,,"823/BAT",,,,"BATRA.REENA;Author","ENGLISH ",,,,55,,"BULSAR BOOK STORE",,,,"STORY",
"STORIES BASED ON VALUE EDUCATION: MIKE IS NO MORE GREEDY",,9788184974881,"BPI INDIA",,,,,,"823/BAT",,,,"BATRA.REENA;Author","ENGLISH ",,,,55,,"BULSAR BOOK STORE",,,,"STORY",
"STORIES BASED ON VALUE EDUCATION: MIKE IS NOW RESPONSIBLE",,9788184974904,"BPI INDIA",,,,,,"823/BAT",,,,"BATRA.REENA;Author","ENGLISH ",,,,55,,"BULSAR BOOK STORE",,,,"STORY",
"STORIES BASED ON VALUE EDUCATION: MIKE LEARNS TO REPECT OTHERS",,9788184974874,"BPI INDIA",,,,,,"823/BAT",,,,"BATRA.REENA;Author","ENGLISH ",,,,55,,"BULSAR BOOK STORE",,,,"STORY",
"MORAL STORIES :THE TORTOISE AND HIS FRIENDS",,9798176932409,"BPI INDIA",,,,,,"823/TOR",,,,,"ENGLISH ",,,,55,,"BULSAR BOOK STORE",,,,"STORY",
"MORAL STORIES : THE USEFUL LONG TAIL",,9798176932416,"BPI INDIA",,,,,,"823/USE",,,,,"ENGLISH ",,,,55,,"BULSAR BOOK STORE",,,,"STORY",
"MORAL STORIES : THE CURIOSITY",,9798176932324,"BPI INDIA",,,,,,"823/CUR",,,,,"ENGLISH ",,,,55,,"BULSAR BOOK STORE",,,,"STORY",
"MORAL STORIES :THE ARCHER FISH AND HIS SPECIAL SKILL",,9798176932331,"BPI INDIA",,,,,,"823/ARC",,,,,"ENGLISH ",,,,55,,"BULSAR BOOK STORE",,,,"STORY",
"MORAL STORIES : THE LITTLE RABBIT LEARNS TO CLIMB",,9798176932386,"BPI INDIA",,,,,,"823/LIT",,,,,"ENGLISH ",,,,55,,"BULSAR BOOK STORE",,,,"STORY",
"MORAL STORIES : THE FLOWERS",,9798176932379,"BPI INDIA",,,,,,"823/FLO",,,,,"ENGLISH ",,,,55,,"BULSAR BOOK STORE",,,,"STORY",
"MORAL STORIES : THE CLEVER RAT",,9798176932348,"BPI INDIA",,,,,,"823/CLE",,,,,"ENGLISH ",,,,55,,"BULSAR BOOK STORE",,,,"STORY",
"MORAL STORIES : THE CUTTLEFISH LOSES HIS LIFE",,9798176932355,"BPI INDIA",,,,,,"823/CUT",,,,,"ENGLISH ",,,,55,,"BULSAR BOOK STORE",,,,"STORY",
"MORAL STORIES : THE LITTLE STORK CATCHES A FISH",,9798176932393,"BPI INDIA",,,,,,"823/LIT",,,,,"ENGLISH ",,,,55,,"BULSAR BOOK STORE",,,,"STORY",
"MORAL STORIES : THE ELEPHANT AND THE CRAB",,9798176932362,"BPI INDIA",,,,,,"823/ELE",,,,,"ENGLISH ",,,,55,,"BULSAR BOOK STORE",,,,"STORY",
"OUTSTANDING STORIES FROM SAINTS OF INDIA",,"978-81-7904-348-6","APPLE PUBLICATION",,,,,,"920/SAI",,,,,,,,,40,,"BULSAR BOOK STORE",,,,"RELIGIOUS",
"OUTSTANDING STORIES FROM SAINTS OF INDIA",,"978-81-7904-348-6","APPLE PUBLICATION",,,,,,"920/SAI",,,,,,,,,40,,"BULSAR BOOK STORE",,,,"RELIGIOUS",
"OUTSTANDING STORIES FROM LEGENDS OF INDIA",,"978-81-7904-347-9","APPLE PUBLICATION",,,,,,"920/LEG",,,,,,,,,40,,"BULSAR BOOK STORE",,,,"BIOGRAPHIES",
"OUTSTANDING STORIES FROM LEGENDS OF INDIA",,"978-81-7904-347-9","APPLE PUBLICATION",,,,,,"920/LEG",,,,,,,,,40,,"BULSAR BOOK STORE",,,,"BIOGRAPHIES",
"OUTSTANDING STORIES FROM THE GREAT PERSONALITIES OF INDIA",,"978-81-7904-345-5","APPLE PUBLICATION",,,,,,"920/GRE",,,,,,,,,40,,"BULSAR BOOK STORE",,,,"BIOGRAPHIES",
"OUTSTANDING STORIES FROM THE GREAT PERSONALITIES OF INDIA",,"978-81-7904-345-5","APPLE PUBLICATION",,,,,,"920/GRE",,,,,,,,,40,,"BULSAR BOOK STORE",,,,"BIOGRAPHIES",
"INSPIRING LIFE SERIES: THE GREAT PERSONALITIES OF INDIA",,"978-81-7904-183-3","APPLE PUBLICATION",,,,,,"920/GRE",,,,,,,,,60,,"BULSAR BOOK STORE",,,,"BIOGRAPHIES",
"INSPIRING LIFE SERIES: THE GREAT PERSONALITIES OF INDIA",,"978-81-7904-183-3","APPLE PUBLICATION",,,,,,"920/GRE",,,,,,,,,60,,"BULSAR BOOK STORE",,,,"BIOGRAPHIES",
"INSPIRING LIFE SERIES: RENOWNED FREEDOM FIGHTERS OF INDIA",,"978-81-7904-182-6","APPLE PUBLICATION",,,,,,"920/REN",,,,,,,,,60,,"BULSAR BOOK STORE",,,,"BIOGRAPHIES",
"INSPIRING LIFE SERIES: RENOWNED FREEDOM FIGHTERS OF INDIA",,"978-81-7904-182-6","APPLE PUBLICATION",,,,,,"920/REN",,,,,,,,,60,,"BULSAR BOOK STORE",,,,"BIOGRAPHIES",
"INSPIRING LIFE SERIES: SAINTS OF INDIA",,"978-81-7904-184-0","APPLE PUBLICATION",,,,,,"920/SAI",,,,,,,,,60,,"BULSAR BOOK STORE",,,,"BIOGRAPHIES",
"INSPIRING LIFE SERIES: SAINTS OF INDIA",,"978-81-7904-184-0","APPLE PUBLICATION",,,,,,"920/SAI",,,,,,,,,60,,"BULSAR BOOK STORE",,,,"BIOGRAPHIES",
"MOST POPULAR JATAKA TALES",,"978-81-7904-057-7","APPLE PUBLICATION",2012,,,,,"823/JAT",,,,,"ENGISH",,,,55,,"BULSAR BOOK STORE",,,,"STORY",
"MOST POPULAR JATAKA TALES",,"978-81-7904-057-7","APPLE PUBLICATION",2012,,,,,"823/JAT",,,,,"ENGISH",,,,55,,"BULSAR BOOK STORE",,,,"STORY",
"MOST POPULAR STORIES FROM PANCHATANTRA",,"978-81-7904-058-4","APPLE PUBLICATION",2013,,,,,"823/PAN",,,,,"ENGISH",,,,55,,"BULSAR BOOK STORE",,,,"STORY",
"MOST POPULAR STORIES FROM PANCHATANTRA",,"978-81-7904-058-4","APPLE PUBLICATION",2013,,,,,"823/PAN",,,,,"ENGISH",,,,55,,"BULSAR BOOK STORE",,,,"STORY",
"FOLK TALES WITH VALUES FROM THE JUNGLES OF THE WORLD",,"978-81-7904-110-9","APPLE PUBLICATION",2011,,,,,"823/FOL",,,,,"ENGISH",,,,55,,"BULSAR BOOK STORE",,,,"STORY",
"FOLK TALES WITH VALUES FROM THE JUNGLES OF THE WORLD",,"978-81-7904-110-9","APPLE PUBLICATION",2011,,,,,"823/FOL",,,,,"ENGISH",,,,55,,"BULSAR BOOK STORE",,,,"STORY",
"FOLK TALES WITH VALUES FROM NEARBY LANDS",,"978-81-7904-108-6","APPLE PUBLICATION",2011,,,,,"823/FOL",,,,,"ENGISH",,,,55,,"BULSAR BOOK STORE",,,,"STORY",
"FOLK TALES WITH VALUES FROM NEARBY LANDS",,"978-81-7904-108-6","APPLE PUBLICATION",2011,,,,,"823/FOL",,,,,"ENGISH",,,,55,,"BULSAR BOOK STORE",,,,"STORY",
"FOLK TALES WITH VALUES FROM FAREWAY LANDS",,"978-81-7904-107-9","APPLE PUBLICATION",2010,,,,,"823/FOL",,,,,"ENGISH",,,,55,,"BULSAR BOOK STORE",,,,"STORY",
"FOLK TALES WITH VALUES FROM FAREWAY LANDS",,"978-81-7904-107-9","APPLE PUBLICATION",2010,,,,,"823/FOL",,,,,"ENGISH",,,,55,,"BULSAR BOOK STORE",,,,"STORY",
"FOLK TALES WITH VALUES FROM OUR LAND",,"978-81-7904-109-3","APPLE PUBLICATION",2010,,,,,"823/FOL",,,,,"ENGISH",,,,55,,"BULSAR BOOK STORE",,,,"STORY",
"FOLK TALES WITH VALUES FROM OUR LAND",,"978-81-7904-109-3","APPLE PUBLICATION",2010,,,,,"823/FOL",,,,,"ENGISH",,,,55,,"BULSAR BOOK STORE",,,,"STORY",
"LITTLE KID'S STORY BOOKS : CHINTU…THE MONKEY",,9788179202265,"SHANTI PUBLICATION",,,,,,"823/IND",,,,"INDIRA.C.V.;Author","ENGISH",,,,25,,"BULSAR BOOK STORE",,,,"STORY",
"LITTLE KID'S STORY BOOKS : CHINTU…THE MONKEY",,9788179202265,"SHANTI PUBLICATION",,,,,,"823/IND",,,,"INDIRA.C.V.;Author","ENGISH",,,,25,,"BULSAR BOOK STORE",,,,"STORY",
"LITTLE KID'S STORY BOOKS : ANJALI AND SIDU AT ZOO",,9788179202203,"SHANTI PUBLICATION",,,,,,"823/IND",,,,"INDIRA.C.V.;Author","ENGISH",,,,25,,"BULSAR BOOK STORE",,,,"STORY",
"LITTLE KID'S STORY BOOKS : ANJALI AND SIDU AT ZOO",,9788179202203,"SHANTI PUBLICATION",,,,,,"823/IND",,,,"INDIRA.C.V.;Author","ENGISH",,,,25,,"BULSAR BOOK STORE",,,,"STORY",
"LITTLE KID'S STORY BOOKS : TOM…THE CAREFUL BOY",,9788179202234,"SHANTI PUBLICATION",,,,,,"823/IND",,,,"INDIRA.C.V.;Author","ENGISH",,,,25,,"BULSAR BOOK STORE",,,,"STORY",
"LITTLE KID'S STORY BOOKS : TOM…THE CAREFUL BOY",,9788179202234,"SHANTI PUBLICATION",,,,,,"823/IND",,,,"INDIRA.C.V.;Author","ENGISH",,,,25,,"BULSAR BOOK STORE",,,,"STORY",
"LITTLE KID'S STORY BOOKS : ANDY….A GOOD LITTLE ANT",,9788179202272,"SHANTI PUBLICATION",,,,,,"823/IND",,,,"INDIRA.C.V.;Author","ENGISH",,,,25,,"BULSAR BOOK STORE",,,,"STORY",
"LITTLE KID'S STORY BOOKS : ANDY….A GOOD LITTLE ANT",,9788179202272,"SHANTI PUBLICATION",,,,,,"823/IND",,,,"INDIRA.C.V.;Author","ENGISH",,,,25,,"BULSAR BOOK STORE",,,,"STORY",
"LITTLE KID'S STORY BOOKS : HONEST RAJA",,9788179202241,"SHANTI PUBLICATION",,,,,,"823/IND",,,,"INDIRA.C.V.;Author","ENGISH",,,,25,,"BULSAR BOOK STORE",,,,"STORY",
"LITTLE KID'S STORY BOOKS : HONEST RAJA",,9788179202241,"SHANTI PUBLICATION",,,,,,"823/IND",,,,"INDIRA.C.V.;Author","ENGISH",,,,25,,"BULSAR BOOK STORE",,,,"STORY",
"LITTLE KID'S STORY BOOKS : LAZY RAHUL",,9788179202227,"SHANTI PUBLICATION",,,,,,"823/IND",,,,"INDIRA.C.V.;Author","ENGISH",,,,25,,"BULSAR BOOK STORE",,,,"STORY",
"LITTLE KID'S STORY BOOKS : LAZY RAHUL",,9788179202227,"SHANTI PUBLICATION",,,,,,"823/IND",,,,"INDIRA.C.V.;Author","ENGISH",,,,25,,"BULSAR BOOK STORE",,,,"STORY",
"LITTLE KID'S STORY BOOKS : NAT…THE LITTLE FISH",,9788179202210,"SHANTI PUBLICATION",,,,,,"823/IND",,,,"INDIRA.C.V.;Author","ENGISH",,,,25,,"BULSAR BOOK STORE",,,,"STORY",
"LITTLE KID'S STORY BOOKS : NAT…THE LITTLE FISH",,9788179202210,"SHANTI PUBLICATION",,,,,,"823/IND",,,,"INDIRA.C.V.;Author","ENGISH",,,,25,,"BULSAR BOOK STORE",,,,"STORY",
"LITTLE KID'S STORY BOOKS : HELPFUL TANAY",,9788179202258,"SHANTI PUBLICATION",,,,,,"823/IND",,,,"INDIRA.C.V.;Author","ENGISH",,,,25,,"BULSAR BOOK STORE",,,,"STORY",
"LITTLE KID'S STORY BOOKS : HELPFUL TANAY",,9788179202258,"SHANTI PUBLICATION",,,,,,"823/IND",,,,"INDIRA.C.V.;Author","ENGISH",,,,25,,"BULSAR BOOK STORE",,,,"STORY",
"LITTLE KID'S STORY BOOKS : CHIMPU AND THE RED CAP",,9788179200377,"SHANTI PUBLICATION",,,,,,"823/CHI",,,,,"ENGISH",,,,25,,"BULSAR BOOK STORE",,,,"STORY",
"LITTLE KID'S STORY BOOKS : CHIMPU AND THE RED CAP",,9788179200377,"SHANTI PUBLICATION",,,,,,"823/CHI",,,,,"ENGISH",,,,25,,"BULSAR BOOK STORE",,,,"STORY",
"LITTLE KID'S STORY BOOKS : DOGGIE FINDS A BALL",,9788179200353,"SHANTI PUBLICATION",,,,,,"823/DOG",,,,,"ENGISH",,,,25,,"BULSAR BOOK STORE",,,,"STORY",
"LITTLE KID'S STORY BOOKS : DOGGIE FINDS A BALL",,9788179200353,"SHANTI PUBLICATION",,,,,,"823/DOG",,,,,"ENGISH",,,,25,,"BULSAR BOOK STORE",,,,"STORY",
"LITTLE KID'S STORY BOOKS : LITTLE BALLU AND PUSSY CAT",,9788179200391,"SHANTI PUBLICATION",,,,,,"823/LIT",,,,,"ENGISH",,,,25,,"BULSAR BOOK STORE",,,,"STORY",
"LITTLE KID'S STORY BOOKS : LITTLE BALLU AND PUSSY CAT",,9788179200391,"SHANTI PUBLICATION",,,,,,"823/LIT",,,,,"ENGISH",,,,25,,"BULSAR BOOK STORE",,,,"STORY",
"LITTLE KID'S STORY BOOKS : GREENY AND THE GUAVA",,9788179200360,"SHANTI PUBLICATION",,,,,,"823/GRE",,,,,"ENGISH",,,,25,,"BULSAR BOOK STORE",,,,"STORY",
"LITTLE KID'S STORY BOOKS : GREENY AND THE GUAVA",,9788179200360,"SHANTI PUBLICATION",,,,,,"823/GRE",,,,,"ENGISH",,,,25,,"BULSAR BOOK STORE",,,,"STORY",
"LITTLE KID'S STORY BOOKS : MAMBO THE ELEPHANT",,9788179200414,"SHANTI PUBLICATION",,,,,,"823/MAM",,,,,"ENGISH",,,,25,,"BULSAR BOOK STORE",,,,"STORY",
"LITTLE KID'S STORY BOOKS : MAMBO THE ELEPHANT",,9788179200414,"SHANTI PUBLICATION",,,,,,"823/MAM",,,,,"ENGISH",,,,25,,"BULSAR BOOK STORE",,,,"STORY",
"LITTLE KID'S STORY BOOKS : SELFISH RIKU",,9788179200384,"SHANTI PUBLICATION",,,,,,"823/SEL",,,,,"ENGISH",,,,25,,"BULSAR BOOK STORE",,,,"STORY",
"LITTLE KID'S STORY BOOKS : SELFISH RIKU",,9788179200384,"SHANTI PUBLICATION",,,,,,"823/SEL",,,,,"ENGISH",,,,25,,"BULSAR BOOK STORE",,,,"STORY",
"LITTLE KID'S STORY BOOKS : THE ELEPHANT AND THE ANT",,9788179200421,"SHANTI PUBLICATION",,,,,,"823/ELE",,,,,"ENGISH",,,,25,,"BULSAR BOOK STORE",,,,"STORY",
"LITTLE KID'S STORY BOOKS : THE ELEPHANT AND THE ANT",,9788179200421,"SHANTI PUBLICATION",,,,,,"823/ELE",,,,,"ENGISH",,,,25,,"BULSAR BOOK STORE",,,,"STORY",
"LITTLE KID'S STORY BOOKS : MICKEY AND HIS TOYS",,9788179200407,"SHANTI PUBLICATION",,,,,,"823/MIC",,,,,"ENGISH",,,,25,,"BULSAR BOOK STORE",,,,"STORY",
"LITTLE KID'S STORY BOOKS : MICKEY AND HIS TOYS",,9788179200407,"SHANTI PUBLICATION",,,,,,"823/MIC",,,,,"ENGISH",,,,25,,"BULSAR BOOK STORE",,,,"STORY",
"LITTLE MERMAID",,"978-81-7904-157-4","APPLE PUBLICATION",,,,,,"823/MER",,,,,"ENGISH",,,,40,,"BULSAR BOOK STORE",,,,"STORY",
"LITTLE MERMAID",,"978-81-7904-157-4","APPLE PUBLICATION",,,,,,"823/MER",,,,,"ENGISH",,,,40,,"BULSAR BOOK STORE",,,,"STORY",
"RAPUNZEL",,"978-81-7904-155-0","APPLE PUBLICATION",,,,,,"823/RAP",,,,,"ENGISH",,,,40,,"BULSAR BOOK STORE",,,,"STORY",
"RAPUNZEL",,"978-81-7904-155-0","APPLE PUBLICATION",,,,,,"823/RAP",,,,,"ENGISH",,,,40,,"BULSAR BOOK STORE",,,,"STORY",
"CINDERELLA",,"978-81-7904-154-3","APPLE PUBLICATION",,,,,,"823/CIN",,,,,"ENGISH",,,,40,,"BULSAR BOOK STORE",,,,"STORY",
"CINDERELLA",,"978-81-7904-154-3","APPLE PUBLICATION",,,,,,"823/CIN",,,,,"ENGISH",,,,40,,"BULSAR BOOK STORE",,,,"STORY",
"LITTLE MERMAID",,"978-81-7904-157-4","APPLE PUBLICATION",,,,,,"823/MER",,,,,"ENGISH",,,,40,,"BULSAR BOOK STORE",,,,"STORY",
"LITTLE MERMAID",,"978-81-7904-157-4","APPLE PUBLICATION",,,,,,"823/MER",,,,,"ENGISH",,,,40,,"BULSAR BOOK STORE",,,,"STORY",
"THUMBELINA",,"978-81-7904-156-7","APPLE PUBLICATION",,,,,,"823/THU",,,,,"ENGISH",,,,40,,"BULSAR BOOK STORE",,,,"STORY",
"THUMBELINA",,"978-81-7904-156-7","APPLE PUBLICATION",,,,,,"823/THU",,,,,"ENGISH",,,,40,,"BULSAR BOOK STORE",,,,"STORY",
"SNOW WHITE AND THE SEVEN DWARFS",,"978-81-7904-153-6","APPLE PUBLICATION",,,,,,"823/SNO",,,,,"ENGISH",,,,40,,"BULSAR BOOK STORE",,,,"STORY",
"SNOW WHITE AND THE SEVEN DWARFS",,"978-81-7904-153-6","APPLE PUBLICATION",,,,,,"823/SNO",,,,,"ENGISH",,,,40,,"BULSAR BOOK STORE",,,,"STORY",
"THE INDIGO JACKAL",,"978-81-7904-211-3","APPLE PUBLICATION",,,,,,"823/IND",,,,,"ENGISH",,,,30,,"BULSAR BOOK STORE",,,,"STORY",
"THE INDIGO JACKAL",,"978-81-7904-211-3","APPLE PUBLICATION",,,,,,"823/IND",,,,,"ENGISH",,,,30,,"BULSAR BOOK STORE",,,,"STORY",
"THE CLEVER CRAB AND THE HERON",,"978-81-7904-212-0","APPLE PUBLICATION",,,,,,"823/CLE",,,,,"ENGISH",,,,30,,"BULSAR BOOK STORE",,,,"STORY",
"THE CLEVER CRAB AND THE HERON",,"978-81-7904-212-0","APPLE PUBLICATION",,,,,,"823/CLE",,,,,"ENGISH",,,,30,,"BULSAR BOOK STORE",,,,"STORY",
"THE CRANE AND THE SNAKE",,"978-81-7904-213-7","APPLE PUBLICATION",,,,,,"823/CRA",,,,,"ENGISH",,,,30,,"BULSAR BOOK STORE",,,,"STORY",
"THE CRANE AND THE SNAKE",,"978-81-7904-213-7","APPLE PUBLICATION",,,,,,"823/CRA",,,,,"ENGISH",,,,30,,"BULSAR BOOK STORE",,,,"STORY",
"THE SWANS AND THE TURTLE",,"978-81-7904-214-4","APPLE PUBLICATION",,,,,,"823/SWA",,,,,"ENGISH",,,,30,,"BULSAR BOOK STORE",,,,"STORY",
"THE SWANS AND THE TURTLE",,"978-81-7904-214-4","APPLE PUBLICATION",,,,,,"823/SWA",,,,,"ENGISH",,,,30,,"BULSAR BOOK STORE",,,,"STORY",
"THE STAG AND HIS REFLECTION",,"978-81-7904-205-2","APPLE PUBLICATION",,,,,,"823/STA",,,,,"ENGISH",,,,30,,"BULSAR BOOK STORE",,,,"STORY",
"THE STAG AND HIS REFLECTION",,"978-81-7904-205-2","APPLE PUBLICATION",,,,,,"823/STA",,,,,"ENGISH",,,,30,,"BULSAR BOOK STORE",,,,"STORY",
"THE SNAKE AND THE FOOLISH FROGS",,"978-81-7904-208-3","APPLE PUBLICATION",,,,,,"823/SNA",,,,,"ENGISH",,,,30,,"BULSAR BOOK STORE",,,,"STORY",
"THE SNAKE AND THE FOOLISH FROGS",,"978-81-7904-208-3","APPLE PUBLICATION",,,,,,"823/SNA",,,,,"ENGISH",,,,30,,"BULSAR BOOK STORE",,,,"STORY",
"THE UNFAITHFUL FRIENDS",,"978-81-7904-209-0","APPLE PUBLICATION",,,,,,"823/UNF",,,,,"ENGISH",,,,30,,"BULSAR BOOK STORE",,,,"STORY",
"THE UNFAITHFUL FRIENDS",,"978-81-7904-209-0","APPLE PUBLICATION",,,,,,"823/UNF",,,,,"ENGISH",,,,30,,"BULSAR BOOK STORE",,,,"STORY",
"THE WOLF IN SHEEP'S CLOTHING",,"978-81-7904-206-9","APPLE PUBLICATION",,,,,,"823/WOL",,,,,"ENGISH",,,,30,,"BULSAR BOOK STORE",,,,"STORY",
"THE WOLF IN SHEEP'S CLOTHING",,"978-81-7904-206-9","APPLE PUBLICATION",,,,,,"823/WOL",,,,,"ENGISH",,,,30,,"BULSAR BOOK STORE",,,,"STORY",
"THE MUSICAL DONKEY",,"978-81-7904-215-1","APPLE PUBLICATION",,,,,,"823/MUS",,,,,"ENGISH",,,,30,,"BULSAR BOOK STORE",,,,"STORY",
"THE MUSICAL DONKEY",,"978-81-7904-215-1","APPLE PUBLICATION",,,,,,"823/MUS",,,,,"ENGISH",,,,30,,"BULSAR BOOK STORE",,,,"STORY",
"THE HARE AND THE TORTOISE",,"978-81-7904-200-7","APPLE PUBLICATION",,,,,,"823/HAR",,,,,"ENGISH",,,,30,,"BULSAR BOOK STORE",,,,"STORY",
"THE HARE AND THE TORTOISE",,"978-81-7904-200-7","APPLE PUBLICATION",,,,,,"823/HAR",,,,,"ENGISH",,,,30,,"BULSAR BOOK STORE",,,,"STORY",
"THE LION AND THE MOUSE",,"978-81-7904-201-4","APPLE PUBLICATION",,,,,,"823/LIO",,,,,"ENGISH",,,,30,,"BULSAR BOOK STORE",,,,"STORY",
"THE LION AND THE MOUSE",,"978-81-7904-201-4","APPLE PUBLICATION",,,,,,"823/LIO",,,,,"ENGISH",,,,30,,"BULSAR BOOK STORE",,,,"STORY",
"THE BEAR AND THE BEES",,"978-81-7904-207-6","APPLE PUBLICATION",,,,,,"823/BEA",,,,,"ENGISH",,,,30,,"BULSAR BOOK STORE",,,,"STORY",
"THE BEAR AND THE BEES",,"978-81-7904-207-6","APPLE PUBLICATION",,,,,,"823/BEA",,,,,"ENGISH",,,,30,,"BULSAR BOOK STORE",,,,"STORY",
"LITTLE RED RIDING HOOD",,"978-81-7904-288-5","APPLE PUBLICATION",,,,,,"823/LIT",,,,,"ENGISH",,,,40,,"BULSAR BOOK STORE",,,,"STORY",
"THE THREE LITTLE BEARS",,"978-81-7904-150-5","APPLE PUBLICATION",,,,,,"823/THR",,,,,"ENGISH",,,,40,,"BULSAR BOOK STORE",,,,"STORY",
"THE THREE LITTLE BEARS",,"978-81-7904-150-5","APPLE PUBLICATION",,,,,,"823/THR",,,,,"ENGISH",,,,40,,"BULSAR BOOK STORE",,,,"STORY",
"HANSEL AND GRETEL",,"978-81-7904-286-1","APPLE PUBLICATION",,,,,,"823/HAN",,,,,"ENGISH",,,,40,,"BULSAR BOOK STORE",,,,"STORY",
"HANSEL AND GRETEL",,"978-81-7904-286-1","APPLE PUBLICATION",,,,,,"823/HAN",,,,,"ENGISH",,,,40,,"BULSAR BOOK STORE",,,,"STORY",
"THE GINGERBREAD MAN",,"978-81-7904-290-8","APPLE PUBLICATION",,,,,,"823/GIN",,,,,"ENGISH",,,,40,,"BULSAR BOOK STORE",,,,"STORY",
"THE GINGERBREAD MAN",,"978-81-7904-290-8","APPLE PUBLICATION",,,,,,"823/GIN",,,,,"ENGISH",,,,40,,"BULSAR BOOK STORE",,,,"STORY",
"GOLDILOCKS AND THE THREE BEARS",,"978-81-7904-285-4","APPLE PUBLICATION",,,,,,"823/GOL",,,,,"ENGISH",,,,40,,"BULSAR BOOK STORE",,,,"STORY",
"GOLDILOCKS AND THE THREE BEARS",,"978-81-7904-285-4","APPLE PUBLICATION",,,,,,"823/GOL",,,,,"ENGISH",,,,40,,"BULSAR BOOK STORE",,,,"STORY",
"BEAUTY AND THE BEAST",,"978-81-7904-148-2","APPLE PUBLICATION",,,,,,"823/BEA",,,,,"ENGISH",,,,40,,"BULSAR BOOK STORE",,,,"STORY",
"BEAUTY AND THE BEAST",,"978-81-7904-148-2","APPLE PUBLICATION",,,,,,"823/BEA",,,,,"ENGISH",,,,40,,"BULSAR BOOK STORE",,,,"STORY",
"PUSS IN BOOTS",,"978-81-7904-147-5","APPLE PUBLICATION",,,,,,"823/PUS",,,,,"ENGISH",,,,40,,"BULSAR BOOK STORE",,,,"STORY",
"PUSS IN BOOTS",,"978-81-7904-147-5","APPLE PUBLICATION",,,,,,"823/PUS",,,,,"ENGISH",,,,40,,"BULSAR BOOK STORE",,,,"STORY",
"THE SHOEMARKER AND THE ELVES",,"978-81-7904-287-8","APPLE PUBLICATION",,,,,,"823/SHO",,,,,"ENGISH",,,,40,,"BULSAR BOOK STORE",,,,"STORY",
"THE SHOEMARKER AND THE ELVES",,"978-81-7904-287-8","APPLE PUBLICATION",,,,,,"823/SHO",,,,,"ENGISH",,,,40,,"BULSAR BOOK STORE",,,,"STORY",
"LITTLE RED RIDING HOOD",,"978-81-7904-288-5","APPLE PUBLICATION",,,,,,"823/LIT",,,,,"ENGISH",,,,40,,"BULSAR BOOK STORE",,,,"STORY",
"LITTLE RED RIDING HOOD",,"978-81-7904-288-5","APPLE PUBLICATION",,,,,,"823/LIT",,,,,"ENGISH",,,,40,,"BULSAR BOOK STORE",,,,"STORY",
"PINOCCHIO",,"978-81-7904-289-2","APPLE PUBLICATION",,,,,,"823/PIN",,,,,"ENGISH",,,,40,,"BULSAR BOOK STORE",,,,"STORY",
"PINOCCHIO",,"978-81-7904-289-2","APPLE PUBLICATION",,,,,,"823/PIN",,,,,"ENGISH",,,,40,,"BULSAR BOOK STORE",,,,"STORY",
"AKBAR BIRBAL: THE COUNTING OF BLINDS ( AND OTHER STORY)",,9788179206515,"SHANTI PUBLICATION",,,,,,"823/AKB",,,,,"ENGISH",,,,25,,"BULSAR BOOK STORE",,,,"STORY",
"AKBAR BIRBAL: THE COUNTING OF BLINDS ( AND OTHER STORY)",,9788179206515,"SHANTI PUBLICATION",,,,,,"823/AKB",,,,,"ENGISH",,,,25,,"BULSAR BOOK STORE",,,,"STORY",
"AKBAR BIRBAL: THE MANGO KERNELS ( AND OTHER STORY)",,9788179206461,"SHANTI PUBLICATION",,,,,,"823/AKB",,,,,"ENGISH",,,,25,,"BULSAR BOOK STORE",,,,"STORY",
"AKBAR BIRBAL: THE MANGO KERNELS ( AND OTHER STORY)",,9788179206461,"SHANTI PUBLICATION",,,,,,"823/AKB",,,,,"ENGISH",,,,25,,"BULSAR BOOK STORE",,,,"STORY",
"AKBAR BIRBAL: LESSON TO THE GUARDS ( AND OTHER STORY)",,9788179206485,"SHANTI PUBLICATION",,,,,,"823/AKB",,,,,"ENGISH",,,,25,,"BULSAR BOOK STORE",,,,"STORY",
"AKBAR BIRBAL: LESSON TO THE GUARDS ( AND OTHER STORY)",,9788179206485,"SHANTI PUBLICATION",,,,,,"823/AKB",,,,,"ENGISH",,,,25,,"BULSAR BOOK STORE",,,,"STORY",
"AKBAR BIRBAL: BIRBAL'S KHICHDI ( AND OTHER STORY)",,9788179206478,"SHANTI PUBLICATION",,,,,,"823/AKB",,,,,"ENGISH",,,,25,,"BULSAR BOOK STORE",,,,"STORY",
"AKBAR BIRBAL: BIRBAL'S KHICHDI ( AND OTHER STORY)",,9788179206478,"SHANTI PUBLICATION",,,,,,"823/AKB",,,,,"ENGISH",,,,25,,"BULSAR BOOK STORE",,,,"STORY",
"AKBAR BIRBAL: THE LESSON IN HOSPITALITY ( AND OTHER STORY)",,9788179206522,"SHANTI PUBLICATION",,,,,,"823/AKB",,,,,"ENGISH",,,,25,,"BULSAR BOOK STORE",,,,"STORY",
"AKBAR BIRBAL: THE LESSON IN HOSPITALITY ( AND OTHER STORY)",,9788179206522,"SHANTI PUBLICATION",,,,,,"823/AKB",,,,,"ENGISH",,,,25,,"BULSAR BOOK STORE",,,,"STORY",
"AKBAR BIRBAL: THE ADVANCE PAYMENT ( AND OTHER STORY)",,9788179206423,"SHANTI PUBLICATION",,,,,,"823/AKB",,,,,"ENGISH",,,,25,,"BULSAR BOOK STORE",,,,"STORY",
"AKBAR BIRBAL: THE ADVANCE PAYMENT ( AND OTHER STORY)",,9788179206423,"SHANTI PUBLICATION",,,,,,"823/AKB",,,,,"ENGISH",,,,25,,"BULSAR BOOK STORE",,,,"STORY",
"AKBAR BIRBAL: THE STRANGE REQUEST ( AND OTHER STORY)",,9788179206508,"SHANTI PUBLICATION",,,,,,"823/AKB",,,,,"ENGISH",,,,25,,"BULSAR BOOK STORE",,,,"STORY",
"AKBAR BIRBAL: THE STRANGE REQUEST ( AND OTHER STORY)",,9788179206508,"SHANTI PUBLICATION",,,,,,"823/AKB",,,,,"ENGISH",,,,25,,"BULSAR BOOK STORE",,,,"STORY",
"AKBAR BIRBAL: CHILD, THE FATHER OF MAN ( AND OTHER STORY)",,9788179206492,"SHANTI PUBLICATION",,,,,,"823/AKB",,,,,"ENGISH",,,,25,,"BULSAR BOOK STORE",,,,"STORY",
"AKBAR BIRBAL: CHILD, THE FATHER OF MAN ( AND OTHER STORY)",,9788179206492,"SHANTI PUBLICATION",,,,,,"823/AKB",,,,,"ENGISH",,,,25,,"BULSAR BOOK STORE",,,,"STORY",
"AKBAR BIRBAL: BANGLES AND STAIRS ( AND OTHER STORY)",,9788179206447,"SHANTI PUBLICATION",,,,,,"823/AKB",,,,,"ENGISH",,,,25,,"BULSAR BOOK STORE",,,,"STORY",
"AKBAR BIRBAL: BANGLES AND STAIRS ( AND OTHER STORY)",,9788179206447,"SHANTI PUBLICATION",,,,,,"823/AKB",,,,,"ENGISH",,,,25,,"BULSAR BOOK STORE",,,,"STORY",
"AKBAR BIRBAL: BIRBAL'S INTELLIGENCE ( AND OTHER STORY)",,9788179206430,"SHANTI PUBLICATION",,,,,,"823/AKB",,,,,"ENGISH",,,,25,,"BULSAR BOOK STORE",,,,"STORY",
"AKBAR BIRBAL: BIRBAL'S INTELLIGENCE ( AND OTHER STORY)",,9788179206430,"SHANTI PUBLICATION",,,,,,"823/AKB",,,,,"ENGISH",,,,25,,"BULSAR BOOK STORE",,,,"STORY",
"AKBAR BIRBAL: AKBAR'S RING ( AND OTHER STORY)",,9788179206454,"SHANTI PUBLICATION",,,,,,"823/AKB",,,,,"ENGISH",,,,25,,"BULSAR BOOK STORE",,,,"STORY",
"AKBAR BIRBAL: AKBAR'S RING ( AND OTHER STORY)",,9788179206454,"SHANTI PUBLICATION",,,,,,"823/AKB",,,,,"ENGISH",,,,25,,"BULSAR BOOK STORE",,,,"STORY",
"AKBAR BIRBAL: A TRIP TO HEAVEN ( AND OTHER STORY)",,9788179206539,"SHANTI PUBLICATION",,,,,,"823/AKB",,,,,"ENGISH",,,,25,,"BULSAR BOOK STORE",,,,"STORY",
"AKBAR BIRBAL: A TRIP TO HEAVEN ( AND OTHER STORY)",,9788179206539,"SHANTI PUBLICATION",,,,,,"823/AKB",,,,,"ENGISH",,,,25,,"BULSAR BOOK STORE",,,,"STORY",
"MY FIRST MORAL STORIES",,"978-81-7904-796-5","APPLE PUBLICATION",,,,,,"823/MOR",,,,,"ENGISH",,,,110,,"BULSAR BOOK STORE",,,,"STORY",
"MY FIRST MORAL STORIES",,"978-81-7904-796-5","APPLE PUBLICATION",,,,,,"823/MOR",,,,,"ENGISH",,,,110,,"BULSAR BOOK STORE",,,,"STORY",
"MY MOST LOVED MORAL STORIES",,"978-81-7904-796-7","APPLE PUBLICATION",,,,,,"823/MOR",,,,,"ENGISH",,,,110,,"BULSAR BOOK STORE",,,,"STORY",
"MY MOST LOVED MORAL STORIES",,"978-81-7904-796-7","APPLE PUBLICATION",,,,,,"823/MOR",,,,,"ENGISH",,,,110,,"BULSAR BOOK STORE",,,,"STORY",
"MY MOST POPULAR MORAL STORIES",,"978-81-7904-778-1","APPLE PUBLICATION",,,,,,"823/MOR",,,,,"ENGISH",,,,110,,"BULSAR BOOK STORE",,,,"STORY",
"MY MOST POPULAR MORAL STORIES",,"978-81-7904-778-1","APPLE PUBLICATION",,,,,,"823/MOR",,,,,"ENGISH",,,,110,,"BULSAR BOOK STORE",,,,"STORY",
"MAGIC FARM: A BIG SURPRISE!",,"978-1-4052-5527-1","EGMONT",2011,,,,,"823/BIR",,,,"BIRCH.ASHLEY;Author","ENGISH",,,,125,,"BULSAR BOOK STORE",,,,"FICTION",
"MAGIC FARM: FRIENDS FOREVER!",,"978-1-4052-5529-5","EGMONT",2011,,,,,"823/BIR",,,,"BIRCH.ASHLEY;Author","ENGISH",,,,125,,"BULSAR BOOK STORE",,,,"FICTION",
"MAGIC FARM: YUMMY SCRUMMY!",,"978-1-4052-5528-8","EGMONT",2011,,,,,"823/BIR",,,,"BIRCH.ASHLEY;Author","ENGISH",,,,125,,"BULSAR BOOK STORE",,,,"FICTION",
"MAGIC FARM: A WHOLE NEW WORLD",,"978-1-4052-5134-1","EGMONT",2011,,,,,"823/BIR",,,,"BIRCH.ASHLEY;Author","ENGISH",,,,125,,"BULSAR BOOK STORE",,,,"FICTION",
"THE ANT AND THE DOVE :LEVEL 1",,"978-93-5049-359-5","SHREE",2013,,,,,"823/ANT",,,,,"ENGISH",,,,60,,"BULSAR BOOK STORE",,,,"STORY",
"THE ANT AND THE GRASSHPOER : LEVEL 1",,"978-93-5049-360-1","SHREE",2013,,,,,"823/ANT",,,,,"ENGISH",,,,60,,"BULSAR BOOK STORE",,,,"STORY",
"THE CROW AND THE SHEEP : LEVEL 1",,"978-93-5049-361-8","SHREE",2013,,,,,"823/CRO",,,,,"ENGISH",,,,60,,"BULSAR BOOK STORE",,,,"STORY",
"THE FOX AND THE CROW : LEVEL 1",,"978-93-5049-362-5","SHREE",2013,,,,,"823/FOX",,,,,"ENGISH",,,,60,,"BULSAR BOOK STORE",,,,"STORY",
"THE LARGE TREE : LEVEL 1",,"978-93-5049-363-2","SHREE",2013,,,,,"823/LAR",,,,,"ENGISH",,,,60,,"BULSAR BOOK STORE",,,,"STORY",
"THE WOLVES AND THE SHEEP : LEVEL 1",,"978-93-5049-364-9","SHREE",2013,,,,,"823/WOL",,,,,"ENGISH",,,,60,,"BULSAR BOOK STORE",,,,"STORY",
"A BOAR AND THE DONKEY : LEVEL 2",,"978-93-5049-365-6","SHREE",2013,,,,,"823/BOA",,,,,"ENGISH",,,,60,,"BULSAR BOOK STORE",,,,"STORY",
"THE FATHER DOG : LEVEL 2",,"978-93-5049-366-3","SHREE",2013,,,,,"823/FAT",,,,,"ENGISH",,,,60,,"BULSAR BOOK STORE",,,,"STORY",
"THE HAWK AND THE NIGHTINGALE : LEVEL 2",,"978-93-5049-367-0","SHREE",2013,,,,,"823/HAW",,,,,"ENGISH",,,,60,,"BULSAR BOOK STORE",,,,"STORY",
"THE HORSE AND THE PIG : LEVEL 2",,"978-93-5049-368-7","SHREE",2013,,,,,"823/HOR",,,,,"ENGISH",,,,60,,"BULSAR BOOK STORE",,,,"STORY",
"THE LION AND THE CLEVER FOX : LEVEL 2",,"978-93-5049-369-4","SHREE",2013,,,,,"823/LIO",,,,,"ENGISH",,,,60,,"BULSAR BOOK STORE",,,,"STORY",
"THE MOUSE AND THE FROG : LEVEL 2",,"978-93-5049-370-0","SHREE",2013,,,,,"823/MOU",,,,,"ENGISH",,,,60,,"BULSAR BOOK STORE",,,,"STORY",
"THE BIRDS AND THE MONKEY : LEVEL 3",,"978-93-5049-371-7","SHREE",2013,,,,,"823/BIR",,,,,"ENGISH",,,,60,,"BULSAR BOOK STORE",,,,"STORY",
"THE DOG AND THE CROCODILE : LEVEL 3",,"978-93-5049-372-4","SHREE",2013,,,,,"823/DOG",,,,,"ENGISH",,,,60,,"BULSAR BOOK STORE",,,,"STORY",
"THE JACKDAW AND THE MAGPIE : LEVEL 3",,"978-93-5049-373-1","SHREE",2013,,,,,"823/JAC",,,,,"ENGISH",,,,60,,"BULSAR BOOK STORE",,,,"STORY",
"THE HARE WITH LONG EARS : LEVEL 3",,"978-93-5049-374-8","SHREE",2013,,,,,"823/HAR",,,,,"ENGISH",,,,60,,"BULSAR BOOK STORE",,,,"STORY",
"THE HORSE AND THE LION : LEVEL 3",,"978-93-5049-375-5","SHREE",2013,,,,,"823/HOR",,,,,"ENGISH",,,,60,,"BULSAR BOOK STORE",,,,"STORY",
"THE PIKE AND THE SEA FISH : LEVEL 3",,"978-93-5049-376-2","SHREE",2013,,,,,"823/PIK",,,,,"ENGISH",,,,60,,"BULSAR BOOK STORE",,,,"STORY",
"THE ANT AND THE BUTTERFLY : LEVEL 4",,"978-93-5049-377-9","SHREE",2013,,,,,"823/ANT",,,,,"ENGISH",,,,60,,"BULSAR BOOK STORE",,,,"STORY",
"THE FOX AND THE GRAPES : LEVEL 4",,"978-93-5049-378-6","SHREE",2013,,,,,"823/FOX",,,,,"ENGISH",,,,60,,"BULSAR BOOK STORE",,,,"STORY",
"THE FOX AND THE STORKE : LEVEL 4",,"978-93-5049-379-3","SHREE",2013,,,,,"823/FOX",,,,,"ENGISH",,,,60,,"BULSAR BOOK STORE",,,,"STORY",
"THE GOLDEN FISH : LEVEL 4",,"978-93-5049-380-9","SHREE",2013,,,,,"823/GOL",,,,,"ENGISH",,,,60,,"BULSAR BOOK STORE",,,,"STORY",
"THE PORCUPINE'S LEGACY : LEVEL 4",,"978-93-5049-381-6","SHREE",2013,,,,,"823/POR",,,,,"ENGISH",,,,60,,"BULSAR BOOK STORE",,,,"STORY",
"THE WOLF AND THE FOX : LEVEL 4",,"978-93-5049-382-3","SHREE",2013,,,,,"823/WOL",,,,,"ENGISH",,,,60,,"BULSAR BOOK STORE",,,,"STORY",
"A COLLECTION OF FAMOUS FAIRY TALES ",,"978-967-426-222-8","TEKSONS",,,,,,"823/FAI",,,,,"ENGISH",,,,135,,"BULSAR BOOK STORE",,,,"STORY",
"A COLLECTION OF ALL TIME FAIRY TALES ",,"978-967-426-221-1","TEKSONS",,,,,,"823/FAI",,,,,"ENGISH",,,,135,,"BULSAR BOOK STORE",,,,"STORY",
"A COLLECTION OF ANIMAL MORAL TALES FROM JATAKAS: CHILDREN'S STORIES",,"978-967-426-215-0","ANEKA",,,,,,"823/COL",,,,,"ENGISH",,,,135,,"BULSAR BOOK STORE",,,,"STORY",
"A COLLECTION OF STORIES FROM THE JATAKAS : CHILDREN'S STORIES",,"978-967-426-213-6","ANEKA",,,,,,"823/COL",,,,,"ENGISH",,,,135,,"BULSAR BOOK STORE",,,,"STORY",
"A COLLECTION OF MORAL STORIES : CHILDREN'S STORIES",,"978-967-426-216-7","ANEKA",,,,,,"823/COL",,,,,"ENGISH",,,,135,,"BULSAR BOOK STORE",,,,"STORY",
"MORAL PICTURE BOOK: BERT, THE ELEPHANT",,"978-81-7904-281-6","APPLE PUBLICATION",2011,,,,,"823/MOR",,,,,"ENGISH",,,,50,,"BULSAR BOOK STORE",,,,"STORY",
"MORAL PICTURE BOOK: BOBO AND HIS THREE WISHES",,"978-81-7904-276-2","APPLE PUBLICATION",2011,,,,,"823/MOR",,,,,"ENGISH",,,,50,,"BULSAR BOOK STORE",,,,"STORY",
"MORAL PICTURE BOOK: FREEDY, THE TALL GIRAFFE",,"978-81-7904-280-9","APPLE PUBLICATION",2011,,,,,"823/MOR",,,,,"ENGISH",,,,50,,"BULSAR BOOK STORE",,,,"STORY",
"MORAL PICTURE BOOK: THE HELPFUL TREE",,"978-81-7904-277-9","APPLE PUBLICATION",2011,,,,,"823/MOR",,,,,"ENGISH",,,,50,,"BULSAR BOOK STORE",,,,"STORY",
"MORAL PICTURE BOOK: ARNIE FINDS A TREASURE",,"978-81-7904-274-8","APPLE PUBLICATION",2011,,,,,"823/MOR",,,,,"ENGISH",,,,50,,"BULSAR BOOK STORE",,,,"STORY",
"ANIMAL MORAL STORIES: PETER LEARNS TO DO HIS WORK",,9788179042809,"APPLE PUBLICATION",,,,,,"823/MOR",,,,,"ENGISH",,,,50,,"BULSAR BOOK STORE",,,,"STORY",
"ANIMAL MORAL STORIES: TOBY IS TIMID",,9788179042786,"APPLE PUBLICATION",,,,,,"823/MOR",,,,,"ENGISH",,,,50,,"BULSAR BOOK STORE",,,,"STORY",
"ANIMAL MORAL STORIES: CROAKY GOES TO BIG CITY",,9788179042793,"APPLE PUBLICATION",,,,,,"823/MOR",,,,,"ENGISH",,,,50,,"BULSAR BOOK STORE",,,,"STORY",
"ANIMAL MORAL STORIES: ROB, THE NOSY RAT",,9788179042830,"APPLE PUBLICATION",,,,,,"823/MOR",,,,,"ENGISH",,,,50,,"BULSAR BOOK STORE",,,,"STORY",
"ANIMAL MORAL STORIES: BLACKIE AND THE RED RIBBON",,9788179042755,"APPLE PUBLICATION",,,,,,"823/MOR",,,,,"ENGISH",,,,50,,"BULSAR BOOK STORE",,,,"STORY",
"VIKAS RANGBIRANGI KAHANIYA: BEGANI RANG",,"978-81-243-2129-4","NAVNEET",,,,,,"891.43301/VIK",,,,,"HINDI",,,,37,,"BULSAR BOOK STORE",,,,"STORY",
"VIKAS RANGBIRANGI KAHANIYA: GULABI RANG",,"978-81-243-2124-9","NAVNEET",,,,,,"891.43301/VIK",,,,,"HINDI",,,,37,,"BULSAR BOOK STORE",,,,"STORY",
"VIKAS RANGBIRANGI KAHANIYA: NILA RANG",,"978-81-243-2130-0","NAVNEET",,,,,,"891.43301/VIK",,,,,"HINDI",,,,37,,"BULSAR BOOK STORE",,,,"STORY",
"VIKAS RANGBIRANGI KAHANIYA: LAL RANG",,"978-81-243-2124-9","NAVNEET",,,,,,"891.43301/VIK",,,,,"HINDI",,,,37,,"BULSAR BOOK STORE",,,,"STORY",
"VIKAS RANGBIRANGI KAHANIYA: PILA RANG",,"978-81-243-2128-7","NAVNEET",,,,,,"891.43301/VIK",,,,,"HINDI",,,,37,,"BULSAR BOOK STORE",,,,"STORY",
"VIKAS RANGBIRANGI KAHANIYA: BHOORA RANG",,"978-81-243-2127-0","NAVNEET",,,,,,"891.43301/VIK",,,,,"HINDI",,,,37,,"BULSAR BOOK STORE",,,,"STORY",
"VIKAS RANGBIRANGI KAHANIYA: HARA RANG",,"978-81-243-2125-6","NAVNEET",,,,,,"891.43301/VIK",,,,,"HINDI",,,,37,,"BULSAR BOOK STORE",,,,"STORY",
"TALES FROM PANCHATANTRA: THE UNFAITHFUL FRIEND",,9788179203552,"SHANTI PUBLICATION",,,,,,"823/PAN",,,,,"ENGISH",,,,25,,"BULSAR BOOK STORE",,,,"STORY",
"TALES FROM PANCHATANTRA: THE UNFAITHFUL FRIEND",,9788179203552,"SHANTI PUBLICATION",,,,,,"823/PAN",,,,,"ENGISH",,,,25,,"BULSAR BOOK STORE",,,,"STORY",
"TALES FROM PANCHATANTRA: THE CLEVER PLAN",,9788179203705,"SHANTI PUBLICATION",,,,,,"823/PAN",,,,,"ENGISH",,,,25,,"BULSAR BOOK STORE",,,,"STORY",
"TALES FROM PANCHATANTRA: THE CLEVER PLAN",,9788179203705,"SHANTI PUBLICATION",,,,,,"823/PAN",,,,,"ENGISH",,,,25,,"BULSAR BOOK STORE",,,,"STORY",
"TALES FROM PANCHATANTRA: DABOO'S SONG",,9788179203576,"SHANTI PUBLICATION",,,,,,"823/PAN",,,,,"ENGISH",,,,25,,"BULSAR BOOK STORE",,,,"STORY",
"TALES FROM PANCHATANTRA: DABOO'S SONG",,9788179203576,"SHANTI PUBLICATION",,,,,,"823/PAN",,,,,"ENGISH",,,,25,,"BULSAR BOOK STORE",,,,"STORY",
"TALES FROM PANCHATANTRA: DONKEY IN TIGER'S SKIN",,9788179203613,"SHANTI PUBLICATION",,,,,,"823/PAN",,,,,"ENGISH",,,,25,,"BULSAR BOOK STORE",,,,"STORY",
"TALES FROM PANCHATANTRA: DONKEY IN TIGER'S SKIN",,9788179203613,"SHANTI PUBLICATION",,,,,,"823/PAN",,,,,"ENGISH",,,,25,,"BULSAR BOOK STORE",,,,"STORY",
"TALES FROM PANCHATANTRA: THE CLEVER JACKAL",,9788179203606,"SHANTI PUBLICATION",,,,,,"823/PAN",,,,,"ENGISH",,,,25,,"BULSAR BOOK STORE",,,,"STORY",
"TALES FROM PANCHATANTRA: THE CLEVER JACKAL",,9788179203606,"SHANTI PUBLICATION",,,,,,"823/PAN",,,,,"ENGISH",,,,25,,"BULSAR BOOK STORE",,,,"STORY",
"TALES FROM PANCHATANTRA: KINDNESS PAYS",,9788179203620,"SHANTI PUBLICATION",,,,,,"823/PAN",,,,,"ENGISH",,,,25,,"BULSAR BOOK STORE",,,,"STORY",
"TALES FROM PANCHATANTRA: KINDNESS PAYS",,9788179203620,"SHANTI PUBLICATION",,,,,,"823/PAN",,,,,"ENGISH",,,,25,,"BULSAR BOOK STORE",,,,"STORY",
"TALES FROM PANCHATANTRA: THE SKY IS FALLING",,9788179203538,"SHANTI PUBLICATION",,,,,,"823/PAN",,,,,"ENGISH",,,,25,,"BULSAR BOOK STORE",,,,"STORY",
"TALES FROM PANCHATANTRA: THE SKY IS FALLING",,9788179203538,"SHANTI PUBLICATION",,,,,,"823/PAN",,,,,"ENGISH",,,,25,,"BULSAR BOOK STORE",,,,"STORY",
"TALES FROM PANCHATANTRA: THE DREAMER OF KONKAN",,9788179203637,"SHANTI PUBLICATION",,,,,,"823/PAN",,,,,"ENGISH",,,,25,,"BULSAR BOOK STORE",,,,"STORY",
"TALES FROM PANCHATANTRA: THE DREAMER OF KONKAN",,9788179203637,"SHANTI PUBLICATION",,,,,,"823/PAN",,,,,"ENGISH",,,,25,,"BULSAR BOOK STORE",,,,"STORY",
"TALES FROM PANCHATANTRA: THE BLUE JACKAL",,9788179203569,"SHANTI PUBLICATION",,,,,,"823/PAN",,,,,"ENGISH",,,,25,,"BULSAR BOOK STORE",,,,"STORY",
"TALES FROM PANCHATANTRA: THE BLUE JACKAL",,9788179203569,"SHANTI PUBLICATION",,,,,,"823/PAN",,,,,"ENGISH",,,,25,,"BULSAR BOOK STORE",,,,"STORY",
"TALES FROM PANCHATANTRA: THE VALUE OF TRUST",,9788179203682,"SHANTI PUBLICATION",,,,,,"823/PAN",,,,,"ENGISH",,,,25,,"BULSAR BOOK STORE",,,,"STORY",
"TALES FROM PANCHATANTRA: THE VALUE OF TRUST",,9788179203682,"SHANTI PUBLICATION",,,,,,"823/PAN",,,,,"ENGISH",,,,25,,"BULSAR BOOK STORE",,,,"STORY",
"TALES FROM PANCHATANTRA: THE CLEVER PIGEON",,9788179203699,"SHANTI PUBLICATION",,,,,,"823/PAN",,,,,"ENGISH",,,,25,,"BULSAR BOOK STORE",,,,"STORY",
"TALES FROM PANCHATANTRA: THE CLEVER PIGEON",,9788179203699,"SHANTI PUBLICATION",,,,,,"823/PAN",,,,,"ENGISH",,,,25,,"BULSAR BOOK STORE",,,,"STORY",
"TALES FROM PANCHATANTRA: THE LION AND THE RABBIT",,9788179203590,"SHANTI PUBLICATION",,,,,,"823/PAN",,,,,"ENGISH",,,,25,,"BULSAR BOOK STORE",,,,"STORY",
"TALES FROM PANCHATANTRA: THE LION AND THE RABBIT",,9788179203590,"SHANTI PUBLICATION",,,,,,"823/PAN",,,,,"ENGISH",,,,25,,"BULSAR BOOK STORE",,,,"STORY",
"TALES FROM PANCHATANTRA: THE CLEVER CRAB",,9788179203545,"SHANTI PUBLICATION",,,,,,"823/PAN",,,,,"ENGISH",,,,25,,"BULSAR BOOK STORE",,,,"STORY",
"TALES FROM PANCHATANTRA: THE CLEVER CRAB",,9788179203545,"SHANTI PUBLICATION",,,,,,"823/PAN",,,,,"ENGISH",,,,25,,"BULSAR BOOK STORE",,,,"STORY",
"TALES FROM PANCHATANTRA: THE TREE GOD ",,9788179203675,"SHANTI PUBLICATION",,,,,,"823/PAN",,,,,"ENGISH",,,,25,,"BULSAR BOOK STORE",,,,"STORY",
"TALES FROM PANCHATANTRA: THE TREE GOD ",,9788179203675,"SHANTI PUBLICATION",,,,,,"823/PAN",,,,,"ENGISH",,,,25,,"BULSAR BOOK STORE",,,,"STORY",
"TALES FROM PANCHATANTRA: THE MOUSE-BRIDE",,9788179203651,"SHANTI PUBLICATION",,,,,,"823/PAN",,,,,"ENGISH",,,,25,,"BULSAR BOOK STORE",,,,"STORY",
"TALES FROM PANCHATANTRA: THE MOUSE-BRIDE",,9788179203651,"SHANTI PUBLICATION",,,,,,"823/PAN",,,,,"ENGISH",,,,25,,"BULSAR BOOK STORE",,,,"STORY",
"TALES FROM PANCHATANTRA: THE MAKING OF A LION",,9788179203712,"SHANTI PUBLICATION",,,,,,"823/PAN",,,,,"ENGISH",,,,25,,"BULSAR BOOK STORE",,,,"STORY",
"TALES FROM PANCHATANTRA: THE MAKING OF A LION",,9788179203712,"SHANTI PUBLICATION",,,,,,"823/PAN",,,,,"ENGISH",,,,25,,"BULSAR BOOK STORE",,,,"STORY",
"TALES FROM PANCHATANTRA: THE TURTLE AND THE SWANS",,9788179203521,"SHANTI PUBLICATION",,,,,,"823/PAN",,,,,"ENGISH",,,,25,,"BULSAR BOOK STORE",,,,"STORY",
"TALES FROM PANCHATANTRA: THE TURTLE AND THE SWANS",,9788179203521,"SHANTI PUBLICATION",,,,,,"823/PAN",,,,,"ENGISH",,,,25,,"BULSAR BOOK STORE",,,,"STORY",
"TALES FROM PANCHATANTRA: GOAT OR DEMON",,9788179203583,"SHANTI PUBLICATION",,,,,,"823/PAN",,,,,"ENGISH",,,,25,,"BULSAR BOOK STORE",,,,"STORY",
"TALES FROM PANCHATANTRA: GOAT OR DEMON",,9788179203583,"SHANTI PUBLICATION",,,,,,"823/PAN",,,,,"ENGISH",,,,25,,"BULSAR BOOK STORE",,,,"STORY",
"TALES FROM PANCHATANTRA: THE LITTLE MONKEY ",,9788179203644,"SHANTI PUBLICATION",,,,,,"823/PAN",,,,,"ENGISH",,,,25,,"BULSAR BOOK STORE",,,,"STORY",
"TALES FROM PANCHATANTRA: THE LITTLE MONKEY ",,9788179203644,"SHANTI PUBLICATION",,,,,,"823/PAN",,,,,"ENGISH",,,,25,,"BULSAR BOOK STORE",,,,"STORY",
"TALES FROM PANCHATANTRA: THE THREE FISH",,9788179203668,"SHANTI PUBLICATION",,,,,,"823/PAN",,,,,"ENGISH",,,,25,,"BULSAR BOOK STORE",,,,"STORY",
"TALES FROM PANCHATANTRA: THE THREE FISH",,9788179203668,"SHANTI PUBLICATION",,,,,,"823/PAN",,,,,"ENGISH",,,,25,,"BULSAR BOOK STORE",,,,"STORY",
"MORAL STORIES: THE MERCHANT AND HIS SONS",,9788179204580,"SHANTI PUBLICATION",,,,,,"823/MOR",,,,,"ENGISH",,,,25,,"BULSAR BOOK STORE",,,,"STORY",
"MORAL STORIES: THE MERCHANT AND HIS SONS",,9788179204580,"SHANTI PUBLICATION",,,,,,"823/MOR",,,,,"ENGISH",,,,25,,"BULSAR BOOK STORE",,,,"STORY",
"MORAL STORIES: THE BROKEN HORN",,9788179204764,"SHANTI PUBLICATION",,,,,,"823/MOR",,,,,"ENGISH",,,,25,,"BULSAR BOOK STORE",,,,"STORY",
"MORAL STORIES: THE BROKEN HORN",,9788179204764,"SHANTI PUBLICATION",,,,,,"823/MOR",,,,,"ENGISH",,,,25,,"BULSAR BOOK STORE",,,,"STORY",
"MORAL STORIES: THE CLEVER FOX",,9788179204696,"SHANTI PUBLICATION",,,,,,"823/MOR",,,,,"ENGISH",,,,25,,"BULSAR BOOK STORE",,,,"STORY",
"MORAL STORIES: THE CLEVER FOX",,9788179204696,"SHANTI PUBLICATION",,,,,,"823/MOR",,,,,"ENGISH",,,,25,,"BULSAR BOOK STORE",,,,"STORY",
"MORAL STORIES: THE GREEDY DOG",,9788179204627,"SHANTI PUBLICATION",,,,,,"823/MOR",,,,,"ENGISH",,,,25,,"BULSAR BOOK STORE",,,,"STORY",
"MORAL STORIES: THE GREEDY DOG",,9788179204627,"SHANTI PUBLICATION",,,,,,"823/MOR",,,,,"ENGISH",,,,25,,"BULSAR BOOK STORE",,,,"STORY",
"MORAL STORIES: AN HONEST WOODCUTTER",,9788179204641,"SHANTI PUBLICATION",,,,,,"823/MOR",,,,,"ENGISH",,,,25,,"BULSAR BOOK STORE",,,,"STORY",
"MORAL STORIES: AN HONEST WOODCUTTER",,9788179204641,"SHANTI PUBLICATION",,,,,,"823/MOR",,,,,"ENGISH",,,,25,,"BULSAR BOOK STORE",,,,"STORY",
"MORAL STORIES: A SHEPHERD BOY AND THE WOLF",,9788179204689,"SHANTI PUBLICATION",,,,,,"823/MOR",,,,,"ENGISH",,,,25,,"BULSAR BOOK STORE",,,,"STORY",
"MORAL STORIES: A SHEPHERD BOY AND THE WOLF",,9788179204689,"SHANTI PUBLICATION",,,,,,"823/MOR",,,,,"ENGISH",,,,25,,"BULSAR BOOK STORE",,,,"STORY",
"MORAL STORIES: THE LAZY DONKEY ",,9788179204740,"SHANTI PUBLICATION",,,,,,"823/MOR",,,,,"ENGISH",,,,25,,"BULSAR BOOK STORE",,,,"STORY",
"MORAL STORIES: THE LAZY DONKEY ",,9788179204740,"SHANTI PUBLICATION",,,,,,"823/MOR",,,,,"ENGISH",,,,25,,"BULSAR BOOK STORE",,,,"STORY",
"MORAL STORIES: TWO FRIENDS AND THE BEAR",,9788179204658,"SHANTI PUBLICATION",,,,,,"823/MOR",,,,,"ENGISH",,,,25,,"BULSAR BOOK STORE",,,,"STORY",
"MORAL STORIES: TWO FRIENDS AND THE BEAR",,9788179204658,"SHANTI PUBLICATION",,,,,,"823/MOR",,,,,"ENGISH",,,,25,,"BULSAR BOOK STORE",,,,"STORY",
"MORAL STORIES: THE CAPSELLER AND THE MONKEYS",,9788179204597,"SHANTI PUBLICATION",,,,,,"823/MOR",,,,,"ENGISH",,,,25,,"BULSAR BOOK STORE",,,,"STORY",
"MORAL STORIES: THE CAPSELLER AND THE MONKEYS",,9788179204597,"SHANTI PUBLICATION",,,,,,"823/MOR",,,,,"ENGISH",,,,25,,"BULSAR BOOK STORE",,,,"STORY",
"MORAL STORIES: TWO CATS AND THE MONKEY",,9788179204610,"SHANTI PUBLICATION",,,,,,"823/MOR",,,,,"ENGISH",,,,25,,"BULSAR BOOK STORE",,,,"STORY",
"MORAL STORIES: TWO CATS AND THE MONKEY",,9788179204610,"SHANTI PUBLICATION",,,,,,"823/MOR",,,,,"ENGISH",,,,25,,"BULSAR BOOK STORE",,,,"STORY",
"MORAL STORIES: TIT FOR TAT",,9788179204757,"SHANTI PUBLICATION",,,,,,"823/MOR",,,,,"ENGISH",,,,25,,"BULSAR BOOK STORE",,,,"STORY",
"MORAL STORIES: TIT FOR TAT",,9788179204757,"SHANTI PUBLICATION",,,,,,"823/MOR",,,,,"ENGISH",,,,25,,"BULSAR BOOK STORE",,,,"STORY",
"MORAL STORIES: THE MILKMAID'S DREAM",,9788179204573,"SHANTI PUBLICATION",,,,,,"823/MOR",,,,,"ENGISH",,,,25,,"BULSAR BOOK STORE",,,,"STORY",
"MORAL STORIES: THE MILKMAID'S DREAM",,9788179204573,"SHANTI PUBLICATION",,,,,,"823/MOR",,,,,"ENGISH",,,,25,,"BULSAR BOOK STORE",,,,"STORY",
"MORAL STORIES: THE GRAPES ARE SOUR",,9788179204634,"SHANTI PUBLICATION",,,,,,"823/MOR",,,,,"ENGISH",,,,25,,"BULSAR BOOK STORE",,,,"STORY",
"MORAL STORIES: THE GRAPES ARE SOUR",,9788179204634,"SHANTI PUBLICATION",,,,,,"823/MOR",,,,,"ENGISH",,,,25,,"BULSAR BOOK STORE",,,,"STORY",
"MORAL STORIES: TWO WISE GOATS",,9788179204672,"SHANTI PUBLICATION",,,,,,"823/MOR",,,,,"ENGISH",,,,25,,"BULSAR BOOK STORE",,,,"STORY",
"MORAL STORIES: TWO WISE GOATS",,9788179204672,"SHANTI PUBLICATION",,,,,,"823/MOR",,,,,"ENGISH",,,,25,,"BULSAR BOOK STORE",,,,"STORY",
"MORAL STORIES: THE THIRSTY CROW",,9788179204719,"SHANTI PUBLICATION",,,,,,"823/MOR",,,,,"ENGISH",,,,25,,"BULSAR BOOK STORE",,,,"STORY",
"MORAL STORIES: THE THIRSTY CROW",,9788179204719,"SHANTI PUBLICATION",,,,,,"823/MOR",,,,,"ENGISH",,,,25,,"BULSAR BOOK STORE",,,,"STORY",
"MORAL STORIES: THE SELFISH FARMER",,9788179204726,"SHANTI PUBLICATION",,,,,,"823/MOR",,,,,"ENGISH",,,,25,,"BULSAR BOOK STORE",,,,"STORY",
"MORAL STORIES: THE SELFISH FARMER",,9788179204726,"SHANTI PUBLICATION",,,,,,"823/MOR",,,,,"ENGISH",,,,25,,"BULSAR BOOK STORE",,,,"STORY",
"MORAL STORIES: THE FOX AND THE GOAT",,9788179204702,"SHANTI PUBLICATION",,,,,,"823/MOR",,,,,"ENGISH",,,,25,,"BULSAR BOOK STORE",,,,"STORY",
"MORAL STORIES: THE FOX AND THE GOAT",,9788179204702,"SHANTI PUBLICATION",,,,,,"823/MOR",,,,,"ENGISH",,,,25,,"BULSAR BOOK STORE",,,,"STORY",
"MORAL STORIES: THE HARE AND THE TORTOISE",,9788179204665,"SHANTI PUBLICATION",,,,,,"823/MOR",,,,,"ENGISH",,,,25,,"BULSAR BOOK STORE",,,,"STORY",
"MORAL STORIES: THE HARE AND THE TORTOISE",,9788179204665,"SHANTI PUBLICATION",,,,,,"823/MOR",,,,,"ENGISH",,,,25,,"BULSAR BOOK STORE",,,,"STORY",
"MORAL STORIES: THE WISE BARBER",,9788179204733,"SHANTI PUBLICATION",,,,,,"823/MOR",,,,,"ENGISH",,,,25,,"BULSAR BOOK STORE",,,,"STORY",
"MORAL STORIES: THE WISE BARBER",,9788179204733,"SHANTI PUBLICATION",,,,,,"823/MOR",,,,,"ENGISH",,,,25,,"BULSAR BOOK STORE",,,,"STORY",
"MORAL STORIES: THE GREEDY FOX",,9788179204603,"SHANTI PUBLICATION",,,,,,"823/MOR",,,,,"ENGISH",,,,25,,"BULSAR BOOK STORE",,,,"STORY",
"MORAL STORIES: THE GREEDY FOX",,9788179204603,"SHANTI PUBLICATION",,,,,,"823/MOR",,,,,"ENGISH",,,,25,,"BULSAR BOOK STORE",,,,"STORY",
"MY FAVOURITE TALES : THE BEST OF MULLAH NASRUDDIN ",,"978-81-7904-127-7","APPLE PUBLICATION",,,,,,"823/MUL",,,,,"ENGISH",,,,55,,"BULSAR BOOK STORE",,,,"STORY",
"MY FAVOURITE TALES : THE BEST OF MULLAH NASRUDDIN ",,"978-81-7904-127-7","APPLE PUBLICATION",,,,,,"823/MUL",,,,,"ENGISH",,,,55,,"BULSAR BOOK STORE",,,,"STORY",
"MY FAVOURITE TALES : THE BEST OF GOPAL & PARAMANAND",,"978-81-7904-128-4","APPLE PUBLICATION",2011,,,,,"823/GOP",,,,,"ENGISH",,,,55,,"BULSAR BOOK STORE",,,,"STORY",
"MY FAVOURITE TALES : THE BEST OF GOPAL & PARAMANAND",,"978-81-7904-128-4","APPLE PUBLICATION",2011,,,,,"823/GOP",,,,,"ENGISH",,,,55,,"BULSAR BOOK STORE",,,,"STORY",
"ADVENTURES OF SHERLOCKHOMES",,"978-81-7904-434-6","APPLE PUBLICATION",2010,,,,,"823/DOY",,,,"DOYAL.ARTHUR CONAN;Author","ENGISH",,,,55,,"BULSAR BOOK STORE",,,,"STORY",
"ADVENTURES OF SHERLOCKHOMES",,"978-81-7904-434-6","APPLE PUBLICATION",2010,,,,,"823/DOY",,,,"DOYAL.ARTHUR CONAN;Author","ENGISH",,,,55,,"BULSAR BOOK STORE",,,,"STORY",
"THE JUNGLE BOOK",,"978-81-7904-442-1","APPLE PUBLICATION",2012,,,,,"823/KIP",,,,"KIPLING.RUDYARD;Author","ENGISH",,,,55,,"BULSAR BOOK STORE",,,,"STORY",
"THE JUNGLE BOOK",,"978-81-7904-442-1","APPLE PUBLICATION",2012,,,,,"823/KIP",,,,"KIPLING.RUDYARD;Author","ENGISH",,,,55,,"BULSAR BOOK STORE",,,,"STORY",
"A TALE OF TWO CITIES",,"978-81-7904-436-0","APPLE PUBLICATION",2013,,,,,"823/DIC",,,,"DICKENS.CHARLES;Author","ENGISH",,,,55,,"BULSAR BOOK STORE",,,,"STORY",
"A TALE OF TWO CITIES",,"978-81-7904-436-0","APPLE PUBLICATION",2013,,,,,"823/DIC",,,,"DICKENS.CHARLES;Author","ENGISH",,,,55,,"BULSAR BOOK STORE",,,,"STORY",
"ROBINSON CRUSOE",,"978-81-7904-441-4","APPLE PUBLICATION",2010,,,,,"823/DEF",,,,"DEFOE.DANIEL;Author","ENGISH",,,,55,,"BULSAR BOOK STORE",,,,"STORY",
"ROBINSON CRUSOE",,"978-81-7904-441-4","APPLE PUBLICATION",2010,,,,,"823/DEF",,,,"DEFOE.DANIEL;Author","ENGISH",,,,55,,"BULSAR BOOK STORE",,,,"STORY",
"GULIVER'S TRAVELS",,"978-81-7904-428-5","APPLE PUBLICATION",2012,,,,,"823/SWI",,,,"SWIFT.JONATHAN;Author","ENGISH",,,,55,,"BULSAR BOOK STORE",,,,"STORY",
"GULIVER'S TRAVELS",,"978-81-7904-428-5","APPLE PUBLICATION",2012,,,,,"823/SWI",,,,"SWIFT.JONATHAN;Author","ENGISH",,,,55,,"BULSAR BOOK STORE",,,,"STORY",
"ALICE IN WONDERLAND",,"978-81-7904-437-7","APPLE PUBLICATION",2013,,,,,"823/CAR",,,,"CARROLL.LEWIS;Author","ENGISH",,,,55,,"BULSAR BOOK STORE",,,,"STORY",
"ALICE IN WONDERLAND",,"978-81-7904-437-7","APPLE PUBLICATION",2013,,,,,"823/CAR",,,,"CARROLL.LEWIS;Author","ENGISH",,,,55,,"BULSAR BOOK STORE",,,,"STORY",
"JANE EYRE",,"978-81-7904-439-1","APPLE PUBLICATION",2011,,,,,"823/BRO",,,,"BRONTE.CHARLOTTE;Author","ENGISH",,,,55,,"BULSAR BOOK STORE",,,,"STORY",
"JANE EYRE",,"978-81-7904-439-1","APPLE PUBLICATION",2011,,,,,"823/BRO",,,,"BRONTE.CHARLOTTE;Author","ENGISH",,,,55,,"BULSAR BOOK STORE",,,,"STORY",
"TEN TALES FROM SHAKESPEARE",,"978-81-7904-429-2","APPLE PUBLICATION",2010,,,,,"823/SHA",,,,"SHAKESPEARE.WILLIAM;Author","ENGISH",,,,55,,"BULSAR BOOK STORE",,,,"STORY",
"TEN TALES FROM SHAKESPEARE",,"978-81-7904-429-2","APPLE PUBLICATION",2010,,,,,"823/SHA",,,,"SHAKESPEARE.WILLIAM;Author","ENGISH",,,,55,,"BULSAR BOOK STORE",,,,"STORY",
"FAMOUSE TALES OF TENALI RAMAN",,"978-81-7904-053-9","APPLE PUBLICATION",2013,,,,,"823/TEN",,,,,"ENGISH",,,,55,,"BULSAR BOOK STORE",,,,"STORY",
"FAMOUSE TALES OF TENALI RAMAN",,"978-81-7904-053-9","APPLE PUBLICATION",2013,,,,,"823/TEN",,,,,"ENGISH",,,,55,,"BULSAR BOOK STORE",,,,"STORY",
"FAMOUSE TALES OF AKBAR & BIRBAL",,"978-81-7904-051-5","APPLE PUBLICATION",2013,,,,,"823/AKB",,,,,"ENGISH",,,,55,,"BULSAR BOOK STORE",,,,"STORY",
"FAMOUSE TALES OF AKBAR & BIRBAL",,"978-81-7904-051-5","APPLE PUBLICATION",2013,,,,,"823/AKB",,,,,"ENGISH",,,,55,,"BULSAR BOOK STORE",,,,"STORY",
"FAMOUSE TALES OF VIKRAM & BETAL",,"978-81-7904-054-6","APPLE PUBLICATION",2011,,,,,"823/VIK",,,,,"ENGISH",,,,55,,"BULSAR BOOK STORE",,,,"STORY",
"FAMOUSE TALES OF VIKRAM & BETAL",,"978-81-7904-054-6","APPLE PUBLICATION",2011,,,,,"823/VIK",,,,,"ENGISH",,,,55,,"BULSAR BOOK STORE",,,,"STORY",
"BACHOO AUR KISHORO KE LIYE CHARITRA JEEVNIYA: MANGAL PANDEY; 5",,"978-81-216-1503-7","HINDI POCKET BOOK",2011,,,,,"920/GAU",,,,"GAUD.ANITA;Author","HINDI",,,,60,,"BULSAR BOOK STORE",,,,"BIOGRAPHY",
"BACHOO AUR KISHORO KE LIYE CHARITRA JEEVNIYA: INDIRA GANDHI;7",,"978-81-216-1505-1","HINDI POCKET BOOK",,,,,,"920/GAU",,,,"GAUD.ANITA;Author","HINDI",,,,60,,"BULSAR BOOK STORE",,,,"BIOGRAPHY",
"BACHOO AUR KISHORO KE LIYE CHARITRA JEEVNIYA: SACHIN TENDULKAR;8",,"978-81-216-1508-2","HINDI POCKET BOOK",,,,,,"920/SAH",,,,"SAHIL.SANJEEV MANOHAR;Author","HINDI",,,,60,,"BULSAR BOOK STORE",,,,"BIOGRAPHY",
"BACHOO AUR KISHORO KE LIYE CHARITRA VISHWA CLASSIC UPPANYAS: KAJANE KA DEEP",,"978-81-216-1458-0","HINDI POCKET BOOK",,,,,,"891.43301/STI",,,,"STEVENSON.ROBERT LOUIS;Author","HINDI",,,,60,,"BULSAR BOOK STORE",,,,"FICTIONS",
"BACHOO AUR KISHORO KE LIYE CHARITRA VISHWA CLASSIC UPPANYAS: TEEN SURMA",,"978-81-216-1522-8","HINDI POCKET BOOK",,,,,,"891.43301/DUM",,,,"DUMA.ALEXANDER;Author","HINDI",,,,60,,"BULSAR BOOK STORE",,,,"FICTIONS",
"BACHOO AUR KISHORO KE LIYE CHARITRA VISHWA CLASSIC UPPANYAS: SWAPANLOK KA SAMRAAT",,"978-81-216-1563-1","HINDI POCKET BOOK",2011,,,,,"891.43301/SAR",,,,"SARWANTEZ.MIGUEL.D;Author","HINDI",,,,60,,"BULSAR BOOK STORE",,,,"FICTIONS",
"BACHOO AUR KISHORO KE LIYE CHARITRA VISHWA CLASSIC UPPANYAS: SAHAS KA PUTLA TOM",,"978-81-216-1595-2","HINDI POCKET BOOK",2011,,,,,"891.43301/TWA",,,,"TWAIN. MARK;Author","HINDI",,,,60,,"BULSAR BOOK STORE",,,,"FICTIONS",
"BACHOO AUR KISHORO KE LIYE CHARITRA JEEVNIYA: MEERA",,"978-81-216-1256-2","HINDI POCKET BOOK",2011,,,,,"920/CHO",,,,"CHOPRA.SUDERSHAN;Author","HINDI",,,,60,,"BULSAR BOOK STORE",,,,"BIOGRAPHY",
"BACHOO AUR KISHORO KE LIYE CHARITRA JEEVNIYA: MEERA",,"978-81-216-1256-2","HINDI POCKET BOOK",2011,,,,,"920/CHO",,,,"CHOPRA.SUDERSHAN;Author","HINDI",,,,60,,"BULSAR BOOK STORE",,,,"BIOGRAPHY",
"BACHOO AUR KISHORO KE LIYE CHARITRA JEEVNIYA: NURJAHA",,"978-81-216-1478-8","HINDI POCKET BOOK",2011,,,,,"920/JOH",,,,"JOHARI.SHASHI;Author","HINDI",,,,60,,"BULSAR BOOK STORE",,,,"BIOGRAPHY",
"BACHOO AUR KISHORO KE LIYE CHARITRA JEEVNIYA: VEER SAWARKAR",,"978-81-216-1479-5","HINDI POCKET BOOK",2011,,,,,"920/TIW",,,,"TIWARI.VINOD;Author","HINDI",,,,60,,"BULSAR BOOK STORE",,,,"BIOGRAPHY",
"BACHOO AUR KISHORO KE LIYE GYAN-VIGYAAN SAHITYA : HAMARA PARVAWARAN",,"978-81-216-1619-5","HINDI POCKET BOOK",2011,,,,,"500/TIW",,,,"TIWARI.RAMCHAND;Author","HINDI",,,,60,,"BULSAR BOOK STORE",,,,"SCIENCE",
"BACHOO AUR KISHORO KE LIYE SAAHITYA UPPANYAS: KHOWFNSK KILA ",,"978-81-216-1622-5","HINDI POCKET BOOK",2011,,,,,"891.43301/BED",,,,"BEDI.S.C.;Author","HINDI",,,,60,,"BULSAR BOOK STORE",,,,"FICTIONS",
"BACHOO AUR KISHORO KE LIYE SAAHITYA UPPANYAS: KHOWFNSK KILA ",,"978-81-216-1622-5","HINDI POCKET BOOK",2011,,,,,"891.43301/BED",,,,"BEDI.S.C.;Author","HINDI",,,,60,,"BULSAR BOOK STORE",,,,"FICTIONS",
"BACHOO AUR KISHORO KE LIYE CHARITRA JEEVNIYA: TIPU SULTAN",,"978-81-216-1624-9","HINDI POCKET BOOK",2011,,,,,"920/DEV",,,,"DEVSARE.HARIKRISHAN;Author","HINDI",,,,60,,"BULSAR BOOK STORE",,,,"BIOGRAPHY",
"BACHOO AUR KISHORO KE LIYE CHARITRA VISHWA CLASSIC UPPANYAS: BAHADUR YODHA IVEN HO",,"978-81-216-1630-0","HINDI POCKET BOOK",2011,,,,,"891.43301/SCO",,,,"SCOT.WALTER;Author","HINDI",,,,60,,"BULSAR BOOK STORE",,,,"FICTIONS",
"BACHOO AUR KISHORO KE LIYE CHARITRA VISHWA CLASSIC UPPANYAS:MOBI DICK SAFEED WHALE SE MUTHBEDH ",,"978-81-216-1631-7","HINDI POCKET BOOK",2011,,,,,"891.43301/MAL",,,,"MALVILA.HARMAN;Author","HINDI",,,,60,,"BULSAR BOOK STORE",,,,"FICTIONS",
"BACHOO AUR KISHORO KE LIYE MAHABHARAT KI KAHANIYA: BHISM PRATIGYA;25",,"978-81-216-1626-3","HINDI POCKET BOOK",2011,,,,,"200/BHA",,,,"BHRAMAR.RAMKUMAR;Author","HINDI",,,,60,,"BULSAR BOOK STORE",,,,"RELIGION",
"BACHOO AUR KISHORO KE LIYE CHARITRA JEEVNIYA: AACHARYA CHANAKYA;26",,"978-81-216-1634-8","HINDI POCKET BOOK",2011,,,,,"920/GAU",,,,"GAUD.ANITA;Author","HINDI",,,,60,,"BULSAR BOOK STORE",,,,"BIOGRAPHY",
"BACHOO AUR KISHORO KE LIYE CHARITRA JEEVNIYA: MAHAN SAMRATH CHANRAGUPT MOORIYA;27",,"978-81-216-1635-5","HINDI POCKET BOOK",2011,,,,,"920/DAR",,,,"DARSHANIK.RAJVEER SINGH;Author","HINDI",,,,60,,"BULSAR BOOK STORE",,,,"BIOGRAPHY",
"BACHOO AUR KISHORO KE LIYE CHARITRA JEEVNIYA: MAHAN RAJA PRATHVIRAJ CHAUHAN",,"978-81-216-1638-6","HINDI POCKET BOOK",2011,,,,,"920/DAR",,,,"DARSHANIK.RAJVEER SINGH;Author","HINDI",,,,60,,"BULSAR BOOK STORE",,,,"BIOGRAPHY",
"BACHOO AUR KISHORO KE LIYE VIGYAAN KATHAYE: MANGAL KI YATRA",,"978-81-216-162-6","HINDI POCKET BOOK",2011,,,,,"500/SEX",,,,"SAXENA.YOGENDRA;Author","HINDI",,,,60,,"BULSAR BOOK STORE",,,,"SCIENCE",
"BACHOO AUR KISHORO KE LIYE KAHAVTOO KI KAHANIYA: HAATIYAR VAH JO SAAMAY PAR KAM AAYE",,"978-81-216-1637-9","HINDI POCKET BOOK",2011,,,,,"891.43301/ANA",,,,"ANAM.PRATAP;Author","HINDI",,,,60,,"BULSAR BOOK STORE",,,,"FICTIONS",
"SURUCHIPOORNA AVE PREERAK MAHABHARAT KI CHARITRA KAHANIYA: MAHAN DANVEER SURYAPUTRA KARAN",,"978-81-216-1640-9","HINDI POCKET BOOK",2012,,,,,"200/BHA",,,,"BHRAMAR.RAMKUMAR;Author","HINDI",,,,60,,"BULSAR BOOK STORE",,,,"RELIGION",
"SURUCHIPOORNA AVE PREERAK SACHITRA JEEVANIYA: MAHAN SUPHARAK ANNA HAZZARE",,"978-81-216-1642-3","HINDI POCKET BOOK",2012,,,,,"920/KHA",,,,"KHAN.SHAMIM;Author","HINDI",,,,60,,"BULSAR BOOK STORE",,,,"BIOGRAPHY",
"SURUCHIPOORNA AVE PREERAK SACHITRA KAHANIYA: GURU NANAK JEEVAN KI KAHANIYA",,"978-81-216-1643-0","HINDI POCKET BOOK",2012,,,,,"200/SIN",,,,"SINGH.MAHEEP;Author","HINDI",,,,60,,"BULSAR BOOK STORE",,,,"RELIGION",
"SURUCHIPOORNA AVE UPYOGI GYAN-VIGYAN SAHITYA: BASTE MAI VIGYAN ",,"978-81-216-1645-4","HINDI POCKET BOOK",2012,,,,,"500/SHA",,,,"SHARMA.KULDEEP;Author","HINDI",,,,60,,"BULSAR BOOK STORE",,,,"SCIENCE",
"SURUCHIPOORNA AVE UPYOGI GYAN-VIGYAN SAHITYA: BASTE MAI VIGYAN ",,"978-81-216-1645-4","HINDI POCKET BOOK",2012,,,,,"500/SHA",,,,"SHARMA.KULDEEP;Author","HINDI",,,,60,,"BULSAR BOOK STORE",,,,"SCIENCE",
"SURUCHIPOORNA AVE UPYOGI GYAN-VIGYAN SAHITYA: BASTE MAI VIGYAN ",,"978-81-216-1646-1","HINDI POCKET BOOK",2012,,,,,"891.43301/CHA",,,,"CHANDOLA.PREMANAND;Author","HINDI",,,,60,,"BULSAR BOOK STORE",,,,"FICTIONS",
"SURUCHIPOORNA AVE UPYOGI JANKARIYA: HAMARA RASHTRIYEE PHOOL KAMAL ",,"978-81-216-1742-0","HINDI POCKET BOOK",2012,,,,,"891.43301/JAI",,,,"DHAMA.TEJPAL SINGH;Author","HINDI",,,,60,,"BULSAR BOOK STORE",,,,"SCIENCE",
"SURUCHIPOORNA ,PREERAK AVE CHARITRA JEEVNIYA: MAHAN ANTRIKSH YATRI KALPNA CHAWLA",,"978-81-216-1647-8","HINDI POCKET BOOK",2012,,,,,"920/JOH",,,,"JOHARI.SHASHI;Author","HINDI",,,,60,,"BULSAR BOOK STORE",,,,"BIOGRAPHY",
"SURUCHIPOORNA ,PREERAK AVE CHARITRA  JEEVAN-KATHAYEE: BHARAT KI VEER NARIYA",,"978-81-216-1729-1","HINDI POCKET BOOK",2012,,,,,"920/JOH",,,,"JOHARI.SHASHI;Author","HINDI",,,,60,,"BULSAR BOOK STORE",,,,"BIOGRAPHY",
"SURUCHIPOORNA ,PREERAK AVE CHARITRA  JEEVAN-KATHAYEE: BHARAT KE MhN SANTH",,"978-81-216-1730-7","HINDI POCKET BOOK",2012,,,,,"920/GAU",,,,"GAUD.ANITA;Author","HINDI",,,,60,,"BULSAR BOOK STORE",,,,"BIOGRAPHY",
"SURUCHIPOORNA AVE UPYOGI JANKARIYA: AAO APNE SAMUNDRA KO JANE",,"978-81-216-1649-2","HINDI POCKET BOOK",2013,,,,,"500/RAJ",,,,"RAJEEV.RAJENDRA KUMAR;Author","HINDI",,,,60,,"BULSAR BOOK STORE",,,,"SCIENCE",
"SURUCHIPOORNA AVE UPYOGI JANKARIYA: MAHAN KAVI SANTH TULSIDAS",,"978-81-216-1830-4","HINDI POCKET BOOK",2013,,,,,"920/BAD",,,,"BADAL.ANIL;Author","HINDI",,,,60,,"BULSAR BOOK STORE",,,,"BIOGRAPHY",
"SURUCHIPOORNA AVE PREERNADAYAK JEEVAN- GATHAYEE: MAHAN VEERANGANA JHASI KI RANI LAXMIBHAI",,"978-81-216-1829-8","HINDI POCKET BOOK",2013,,,,,"920/CHO",,,,"CHOBEE.AVDESH KUMAR;Author","HINDI",,,,60,,"BULSAR BOOK STORE",,,,"BIOGRAPHY",
"SURUCHIPOORNA AVE PREERNADAYAK JEEVAN- GATHAYEE: MAHAN VEERANGANA JHASI KI RANI LAXMIBHAI",,"978-81-216-1829-8","HINDI POCKET BOOK",2013,,,,,"920/CHO",,,,"CHOBEE.AVDESH KUMAR;Author","HINDI",,,,60,,"BULSAR BOOK STORE",,,,"BIOGRAPHY",
"PREERAK AVE GYANVARGHAK KAHANIYA: CHUHA PAKRA GAYA",,"978-81-216-1828-1","HINDI POCKET BOOK",2013,,,,,"891.43301/JAI",,,,"JAIN.RAJESH;Author","HINDI",,,,60,,"BULSAR BOOK STORE",,,,"FICTIONS",
"SURUCHIPOORNA AVE PREERAK SACHITRA JEEVANIYA: MAHAN SAMAJ SUDHARAK SWAMI DAYANAND SARASWATI",,"978-81-216-1827-4","HINDI POCKET BOOK",2013,,,,,"920/DHA",,,,"DHAMA.TEJPAL SINGH;Author DHAMA. MADHU;Author","HINDI",,,,60,,"BULSAR BOOK STORE",,,,"BIOGRAPHY",
"SURUCHIPOORNA AVE PREERAK SACHITRA JEEVANIYA: MAHAN SAMAJ SUDHARAK SWAMI DAYANAND SARASWATI",,"978-81-216-1827-4","HINDI POCKET BOOK",2013,,,,,"920/DHA",,,,"DHAMA.TEJPAL SINGH;Author DHAMA. MADHU;Author","HINDI",,,,60,,"BULSAR BOOK STORE",,,,"BIOGRAPHY",
"SURUCHIPOORNA AVE PREERAK SACHITRA JEEVANIYA: MAHAN RACHTRA NIRMAN SARDAR VALLABHAI PATEL",,"978-81-216-1826-7","HINDI POCKET BOOK",2013,,,,,"920/DHA",,,,"DHAMA.TEJPAL SINGH;Author DHAMA. MADHU;Author","HINDI",,,,60,,"BULSAR BOOK STORE",,,,"BIOGRAPHY",
"SURUCHIPOORNA AVE PREERAK SACHITRA JEEVANIYA: MAHAN SAINT KAVI KABIR",,"978-81-216-1825-0","HINDI POCKET BOOK",2013,,,,,"920/CHO",,,,"CHOBEE.AVDESH KUMAR;Author","HINDI",,,,60,,"BULSAR BOOK STORE",,,,"BIOGRAPHY",
"SURUCHIPOORNA AVE PREERAK SACHITRA JEEVANIYA: DR. SARVAPALLI RADHAKRISHNAN; MAHAN DARSHANIK",,"978-81-216-1824-3","HINDI POCKET BOOK",2013,,,,,"920/DHA",,,,"DHAMA.TEJPAL SINGH ;Author","HINDI",,,,60,,"BULSAR BOOK STORE",,,,"BIOGRAPHY",
"SURUCHIPOORNA AVE PREERAK SACHITRA JEEVANIYA: SIDDHARTH SE GAUTAM BUDH",,"978-81-216-1732-1","HINDI POCKET BOOK",2013,,,,,"920/GOY",,,,"GOYAL.KUSUM;Author","HINDI",,,,60,,"BULSAR BOOK STORE",,,,"BIOGRAPHY",
"SURUCHIPOORNA AVE UPYOGI JANKARIYA: TUMHARA SHARER KI KAHANIYA",,"978-81-216-1677-5","HINDI POCKET BOOK",2013,,,,,"500/SHA",,,,"SHARMA.LAXMINARAYAN;Author","HINDI",,,,60,,"BULSAR BOOK STORE",,,,"SCIENCE",
"SURUCHIPOORNA AVE PREERAK SACHITRA JEEVANIYA: MAHAN SWABHIMANI SASHAKH MAHARANA PRATHAP",,"978-81-216-1831-1","HINDI POCKET BOOK",2013,,,,,"920/DHA",,,,"DHAMA.TEJPAL SINGH ;Author","HINDI",,,,60,,"BULSAR BOOK STORE",,,,"BIOGRAPHY",
"SURUCHIPOORNA AVE PREERAK SACHITRA JEEVAN- KATHAYEE: SHRIDHI KE SAI BABA ",,"978-81-216-1859-5","HINDI POCKET BOOK",2013,,,,,"200/SHA",,,,"SHAHEIN.AFROOZ;Author","HINDI",,,,60,,"BULSAR BOOK STORE",,,,"RELIGION",
"BACHOO AUR KISHORO KE LIYE GYANVARDHAK KAHANIYA: SHIKSHAPRADH DHARM-KATHAYEE ",,"978-81-216-1860-1","HINDI POCKET BOOK",2013,,,,,"200/GOY",,,,"GOYAL.SHIVKUMAR;Author","HINDI",,,,60,,"BULSAR BOOK STORE",,,,"RELIGION",
"BACHOO AUR KISHORO KE LIYE GYANVARDHAK KAHANIYA: SHIKSHAPRADH DHARM-KATHAYEE ",,"978-81-216-1860-1","HINDI POCKET BOOK",2013,,,,,"200/GOY",,,,"GOYAL.SHIVKUMAR;Author","HINDI",,,,60,,"BULSAR BOOK STORE",,,,"RELIGION",
"SURUCHIPOORNA AVE PREERAK SACHITRA JEEVANIYA: MAHAN DHARTI PUTRA LAL BAHADUR SHASTRI",,"978-81-216-1862-5","HINDI POCKET BOOK",2013,,,,,"920/DHA",,,,"DHAMA.TEJPAL SINGH;Author DHAMA. MADHU;Author","HINDI",,,,60,,"BULSAR BOOK STORE",,,,"BIOGRAPHY",
"SURUCHIPOORNA AVE PREERAK SACHITRA JEEVANIYA: MAHAN SWATANTRA SENANI LALA LATPAT RAI",,"978-81-216-1863-2","HINDI POCKET BOOK",2013,,,,,"920/DHA",,,,"DHAMA.TEJPAL SINGH;Author DHAMA. MADHU;Author","HINDI",,,,60,,"BULSAR BOOK STORE",,,,"BIOGRAPHY",
"MY MOST LOVED : BEDTIME TALES ",,"978-81-7904-112-3","APPLE PUBLICATION",2010,,,,,"823/BED",,,,,"ENGISH",,,,55,,"BULSAR BOOK STORE",,,,"STORY",
"MY MOST LOVED : BEDTIME TALES ",,"978-81-7904-112-3","APPLE PUBLICATION",2010,,,,,"823/BED",,,,,"ENGISH",,,,55,,"BULSAR BOOK STORE",,,,"STORY",
"MY MOST LOVED : STORIES FROM AROUND THE WORLD",,"978-81-7904-111-6","APPLE PUBLICATION",,,,,,"823/ARO",,,,,"ENGISH",,,,55,,"BULSAR BOOK STORE",,,,"STORY",
"MY MOST LOVED : STORIES FROM AROUND THE WORLD",,"978-81-7904-111-6","APPLE PUBLICATION",,,,,,"823/ARO",,,,,"ENGISH",,,,55,,"BULSAR BOOK STORE",,,,"STORY",
"MY MOST LOVED : GRANDMA TALES",,"978-81-7904-114-7","APPLE PUBLICATION",2011,,,,,"823/GRA",,,,,"ENGISH",,,,55,,"BULSAR BOOK STORE",,,,"STORY",
"MY MOST LOVED : GRANDMA TALES",,"978-81-7904-114-7","APPLE PUBLICATION",2011,,,,,"823/GRA",,,,,"ENGISH",,,,55,,"BULSAR BOOK STORE",,,,"STORY",
"SHELLY & NELLY: BIRD WATCHING",,"978-81-7904-899-3","APPLE PUBLICATION",,,,,,"500/SRI",,,,"SRINIVAS.VIJAYAPADMA(KAVITHA);Author","ENGISH",,,,55,,"BULSAR BOOK STORE",,,,"STORY",
"SHELLY & NELLY: BIRD WATCHING",,"978-81-7904-899-3","APPLE PUBLICATION",,,,,,"500/SRI",,,,"SRINIVAS.VIJAYAPADMA(KAVITHA);Author","ENGISH",,,,55,,"BULSAR BOOK STORE",,,,"STORY",
"SHELLY & NELLY: WATER TIME",,"978-81-7904-902-0","APPLE PUBLICATION",,,,,,"500/SRI",,,,"SRINIVAS.VIJAYAPADMA(KAVITHA);Author","ENGISH",,,,55,,"BULSAR BOOK STORE",,,,"STORY",
"SHELLY & NELLY: WATER TIME",,"978-81-7904-902-0","APPLE PUBLICATION",,,,,,"500/SRI",,,,"SRINIVAS.VIJAYAPADMA(KAVITHA);Author","ENGISH",,,,55,,"BULSAR BOOK STORE",,,,"STORY",
"SHELLY & NELLY: BUYING FLOWERS FOR MOM!",,"978-81-7904-900-6","APPLE PUBLICATION",,,,,,"500/SRI",,,,"SRINIVAS.VIJAYAPADMA(KAVITHA);Author","ENGISH",,,,55,,"BULSAR BOOK STORE",,,,"STORY",
"SHELLY & NELLY: BUYING FLOWERS FOR MOM!",,"978-81-7904-900-6","APPLE PUBLICATION",,,,,,"500/SRI",,,,"SRINIVAS.VIJAYAPADMA(KAVITHA);Author","ENGISH",,,,55,,"BULSAR BOOK STORE",,,,"STORY",
"SHELLY & NELLY: FUN WITH SEASONS",,"978-81-7904-901-3","APPLE PUBLICATION",,,,,,"500/SRI",,,,"SRINIVAS.VIJAYAPADMA(KAVITHA);Author","ENGISH",,,,55,,"BULSAR BOOK STORE",,,,"STORY",
"SHELLY & NELLY: FUN WITH SEASONS",,"978-81-7904-901-3","APPLE PUBLICATION",,,,,,"500/SRI",,,,"SRINIVAS.VIJAYAPADMA(KAVITHA);Author","ENGISH",,,,55,,"BULSAR BOOK STORE",,,,"STORY",
"THE ENCHANTED SAARANG: STORIES FROM KASHMIR",,9788181469977,"TULIKA",2011,,,,,"823/HAN",,,,"HANLEY.ASHA;Author","ENGISH",,,,385,,"BULSAR BOOK STORE",,,,"STORY",
"SIRI'S SMILE",,9788181469526,"TULIKA",2011,,,,,"823/AMA",,,,"AMARENDRAN.R;Author","ENGISH",,,,95,,"BULSAR BOOK STORE",,,,"STORY",
"PRANAV'S PICTURE",,9788181461483,"TULIKA",2012,,,,,"823/NAY",,,,"NAYAR.NANDINI;Author","ENGISH",,,,95,,"BULSAR BOOK STORE",,,,"STORY",
"A SILLY STORY OF BONDAPALLI",,9788181468109,"TULIKA",2011,,,,,"823/PAD",,,,"PADAMSEE.SHAMIM;Author","ENGISH",,,,135,,"BULSAR BOOK STORE",,,,"STORY",
"SAVITA RAO POSTCARDS FROM URA",,"978-81-8146-998-4","TULIKA",2010,,,,,"305.23/RAO",,,,"RAO.SAVITA;Author",,,,,150,,"BULSAR BOOK STORE",,,,"SOCIAL SCIENCE",
"THAKITTA THARIKITTA BOUNCING BALL",,"978-81-8146-261-9","TULIKA",2013,,,,,"823/MUT",,,,"MUTTADA.JACOB SAMSON;Author","ENGISH",,,,65,,"BULSAR BOOK STORE",,,,"STORY",
"TEN",,"978-81-8146-073-8","TULIKA",2011,,,,,"510/JAI",,,,"JAIN.SHEFALEE;Author",,,,,50,,"BULSAR BOOK STORE",,,,"MATHEMATICS",
"THE WHY-WHY GIRL",,9788181460189,"TULIKA",2012,,,,,"823/DEV",,,,"DEVI.MAHASWETA;Author","ENGISH",,,,135,,"BULSAR BOOK STORE",,,,"STORY ",
"I'M SO SLEEPY",,9788181460332,"TULIKA",2012,,,,,"823/CHA",,,,"CHADHA.RADHIKA;Author","ENGISH",,,,115,,"BULSAR BOOK STORE",,,,"STORY ",
"THE MAGIC FEATHER",,9789350460948,"TULIKA",2011,,,,,"823/SIN",,,,"SINGH.ROMA;Author","ENGISH",,,,120,,"BULSAR BOOK STORE",,,,"STORY ",
"PAHARD JISSE EK CHIDIA SE PYAR HUA",,9788181460776,"TULIKA",2011,,,,,"891.43301/MAC",,,,"MACHLERAN.ALICE;Author","HINDI",,,,150,,"BULSAR BOOK STORE",,,,"STORY ",
"NEEM TALE",,"978-93-5046-061-0","TULIKA",2012,,,,,"891.43301/ANU",,,,"P.ANURADHA;Author","HINDI",,,,135,,"BULSAR BOOK STORE",,,,"STORY ",
"DINABEN AND THE LIONS OF GIR",,9788181467614,"TULIKA",2009,,,,,"910/SRI",,,,"SRIRAM.MEERA;Author RAM.PRABA;Author","GIR",,,,115,,"BULSAR BOOK STORE",,,,"GEOGRAPHY",
"NEEL KA REHASYA",,"978-81-8146-971-7","TULIKA",2011,,,,,"891.43301/KAK",,,,"KAKKANI.MURIYAL;Author","HINDI",,,,150,,"BULSAR BOOK STORE",,,,"STORY ",
"MONDAY TO SUNDAY: SOMVAR SE RAVIVAR",,9789350460863,"TULIKA",2011,,,,,"823/RAJ",,,,"RAJENDRAN.SOWMYA;Author",,,,,95,,"BULSAR BOOK STORE",,,,"STORY",
"KAHA GAYI BILLI",,9788181467034,"TULIKA",2012,,,,,"891.43301/PAD",,,,"PADNABHAN.MANJULLA;Author","HINDI",,,,95,,"BULSAR BOOK STORE",,,,"STORY",
"KAUN KAREGA RAJ",,9788181466044,"TULIKA",,,,,,"891.43301/RAG",,,,"RAGHUNATHAN.MEENA;Author","HINDI",,,,125,,"BULSAR BOOK STORE",,,,"STORY",
"LAI-LAI THE BABY ELEPHANT: NANHE HATHI LAI LAI",,9788181462176,"TULIKA",2012,,,,,"823/DAT",,,,"DATTATRI.SHEKAR;Author",,,,,115,,"BULSAR BOOK STORE",,,,"STORY",
"THE LITTLE LIGHTEST LIGHTHOUSE KEEPER TO THE RESCUE",,"978-1-60710-345-5","SILVER DOLPHIN",2011,,,,,"823/HEI",,,,"HEIDI;Author HOWARTH.DANIEL;Author","ENGISH",,,,125,,"BULSAR BOOK STORE",,,,"STORY",
"THE POLAR BEAR PADDLE",,"978-1-60710-344-8","SILVER DOLPHIN",2011,,,,,"823/BED",,,,"BEDFORD.DAVID;Author SAPP.KAREN;Author","ENGISH",,,,125,,"BULSAR BOOK STORE",,,,"STORY",
"WE LOVE THE SEASHORE",,"978-1-60710-346-2","SILVER DOLPHIN",2011,,,,,"823/TYM",,,,"TYM.KATE;Author","ENGISH",,,,125,,"BULSAR BOOK STORE",,,,"STORY",
"TEATIME IN SPACE",,"978-1-60710-347-9","SILVER DOLPHIN",2011,,,,,"823/CAS",,,,"CASTLE.CAROLINE;Author","ENGISH",,,,125,,"BULSAR BOOK STORE",,,,"STORY",
"SLEEPING BEAUTY",,"978-1-60710-348-6","SILVER DOLPHIN",2011,,,,,"823/SLE",,,,,"ENGISH",,,,125,,"BULSAR BOOK STORE",,,,"STORY",
"WHEN I'M A GROWN-UP",,"978-1-60710-349-3","SILVER DOLPHIN",2011,,,,,"823/FAU",,,,"FAUNDEZ.ANNE;Author","ENGISH",,,,125,,"BULSAR BOOK STORE",,,,"STORY",
"TEDDY'S BIRTHDAY",,"978-1-60710-350-9","SILVER DOLPHIN",2011,,,,,"823/FAU",,,,"FAUNDEZ.ANNE;Author","ENGISH",,,,125,,"BULSAR BOOK STORE",,,,"STORY",
"HANSEL AND GRETEL",,"978-1-60710-351-6","SILVER DOLPHIN",2011,,,,,"823/HAN",,,,,"ENGISH",,,,125,,"BULSAR BOOK STORE",,,,"STORY",
"GOLDILOCKS AND THE THREE BEARS",,"978-1-60710-352-3","SILVER DOLPHIN",2011,,,,,"823/GOL",,,,,"ENGISH",,,,125,,"BULSAR BOOK STORE",,,,"STORY",
"CINDERELLA",,"978-1-60710-353-0","SILVER DOLPHIN",2011,,,,,"823/CIN",,,,,"ENGISH",,,,125,,"BULSAR BOOK STORE",,,,"STORY",
"JOSH AND THE WHOOWHOO",,"978-1-60992-117-0","QEB PUBLICATION",2010,,,,,"823/BED",,,,"BEDFORD.DAVID;Author HOWARTH.DANIEL;Author","ENGISH",,,,125,,"BULSAR BOOK STORE",,,,"STORY",
"THE WISHING STONE",,"978-1-60992-118-7","QEB PUBLICATION",2010,,,,,"823/SMA",,,,"SMALLMAN.STEVE;Author ELLIOTT.REBECCA;Author","ENGISH",,,,125,,"BULSAR BOOK STORE",,,,"STORY",
"HOW TO CATCH A FALLING STAR",,"978-1-60992-119-4","QEB PUBLICATION",2010,,,,,"823/HEI",,,,"HEIDI;Author HOWARTH.DANIEL;Author","ENGISH",,,,125,,"BULSAR BOOK STORE",,,,"STORY",
"ED'S EGG",,"978-1-60992-120-0","QEB PUBLICATION",2010,,,,,"823/BED",,,,"BEDFORD.DAVID;Author SAPP.KAREN;Author","ENGISH",,,,125,,"BULSAR BOOK STORE",,,,"STORY",
"DAISY DINOSAUR GETS LOST",,"978-1-60992-121-7","QEB PUBLICATION",2010,,,,,"823/SMA",,,,"SMALLMAN.STEVE;Author HOWARTH.DANIEL;Author","ENGISH",,,,125,,"BULSAR BOOK STORE",,,,"STORY",
"THE LITTLEST LIGHTHOUSE KEEPER",,"978-1-60992-122-4","QEB PUBLICATION",2008,,,,,"823/HEI",,,,"HEIDI;Author HOWARTH.DANIEL;Author","ENGISH",,,,125,,"BULSAR BOOK STORE",,,,"STORY",
"SNIP SNAP CROC",,"978-1-60992-123-1","QEB PUBLICATION",2007,,,,,"823/CAS",,,,"CASTLE.CAROLINE;Author","ENGISH",,,,125,,"BULSAR BOOK STORE",,,,"STORY",
"DIGGER AND LEW",,"978-1-60992-124-8","QEB PUBLICATION",2008,,,,,"823/DOY",,,,"DOYLE.MALACHY;Author","ENGISH",,,,125,,"BULSAR BOOK STORE",,,,"STORY",
"DANNY, THE DUCK WITH NO QUACK",,"978-1-60992-125-5","QEB PUBLICATION",2010,,,,,"823/DOY",,,,"DOYLE.MALACHY;Author SAMUEL.JANET;Author","ENGISH",,,,125,,"BULSAR BOOK STORE",,,,"STORY",
"ALBERT AND SARAH JANE",,"978-1-60992-126-2","QEB PUBLICATION",2007,,,,,"823/DOY",,,,"DOYLE.MALACHY;Author","ENGISH",,,,125,,"BULSAR BOOK STORE",,,,"STORY",
"MY BIG BOOK OF THEMATIC READING SCHEME: LEVEL 1B; MY PET",,"978-967-342-014-8","SCHOLAR'S",2010,,,,,"428.6/JON",,,,"JONES.FAYE;Author","ENGISH",,,,120,,"BULSAR BOOK STORE",,,,"STORY",
"MY BIG BOOK OF THEMATIC READING SCHEME: LEVEL 1B; MY PET",,"978-967-342-014-8","SCHOLAR'S",2010,,,,,"428.6/JON",,,,"JONES.FAYE;Author","ENGISH",,,,120,,"BULSAR BOOK STORE",,,,"STORY",
"MY BIG BOOK OF THEMATIC READING SCHEME: LEVEL 1C; MY TOYS",,"978-967-342-015-5","SCHOLAR'S",2010,,,,,"428.6/JON",,,,"JONES.FAYE;Author","ENGISH",,,,120,,"BULSAR BOOK STORE",,,,"STORY",
"MY BIG BOOK OF THEMATIC READING SCHEME: LEVEL 1C; MY TOYS",,"978-967-342-015-5","SCHOLAR'S",2010,,,,,"428.6/JON",,,,"JONES.FAYE;Author","ENGISH",,,,120,,"BULSAR BOOK STORE",,,,"STORY",
"MY BIG BOOK OF THEMATIC READING SCHEME: LEVEL 1D; MY HOBBY",,"978-967-342-016-2","SCHOLAR'S",2010,,,,,"428.6/JON",,,,"JONES.FAYE;Author","ENGISH",,,,120,,"BULSAR BOOK STORE",,,,"STORY",
"MY BIG BOOK OF THEMATIC READING SCHEME: LEVEL 1D; MY HOBBY",,"978-967-342-016-2","SCHOLAR'S",2010,,,,,"428.6/JON",,,,"JONES.FAYE;Author","ENGISH",,,,120,,"BULSAR BOOK STORE",,,,"STORY",
"MY BIG BOOK OF THEMATIC READING SCHEME : LEVEL 2A; MY FAMILY",,"978-967-342-017-9","SCHOLAR'S",2010,,,,,"428.6/JON",,,,"JONES.FAYE;Author","ENGISH",,,,120,,"BULSAR BOOK STORE",,,,"STORY",
"MY BIG BOOK OF THEMATIC READING SCHEME : LEVEL 2A; MY FAMILY",,"978-967-342-017-9","SCHOLAR'S",2010,,,,,"428.6/JON",,,,"JONES.FAYE;Author","ENGISH",,,,120,,"BULSAR BOOK STORE",,,,"STORY",
"MY BIG BOOK OF THEMATIC READING SCHEME : LEVEL 2B; MY FRIENDS",,"978-967-342-018-6","SCHOLAR'S",2010,,,,,"428.6/JON",,,,"JONES.FAYE;Author","ENGISH",,,,120,,"BULSAR BOOK STORE",,,,"STORY",
"MY BIG BOOK OF THEMATIC READING SCHEME : LEVEL 2C; MY LIKES",,"978-967-342-019-3","SCHOLAR'S",2010,,,,,"428.6/JON",,,,"JONES.FAYE;Author","ENGISH",,,,120,,"BULSAR BOOK STORE",,,,"STORY",
"MY BIG BOOK OF THEMATIC READING SCHEME : LEVEL 2C; MY LIKES",,"978-967-342-019-3","SCHOLAR'S",2010,,,,,"428.6/JON",,,,"JONES.FAYE;Author","ENGISH",,,,120,,"BULSAR BOOK STORE",,,,"STORY",
"MY BIG BOOK OF THEMATIC READING SCHEME : LEVEL 2D; MY DISLIKES",,"978-967-342-020-9","SCHOLAR'S",2010,,,,,"428.6/JON",,,,"JONES.FAYE;Author","ENGISH",,,,120,,"BULSAR BOOK STORE",,,,"STORY",
"MY BIG BOOK OF THEMATIC READING SCHEME : LEVEL 2D; MY DISLIKES",,"978-967-342-020-9","SCHOLAR'S",2010,,,,,"428.6/JON",,,,"JONES.FAYE;Author","ENGISH",,,,120,,"BULSAR BOOK STORE",,,,"STORY",
"MY BIG BOOK OF THEMATIC READING SCHEME : LEVEL 3A; THE GAMES I LIKE TO PLAY",,"978-967-342-021-6","SCHOLAR'S",2010,,,,,"428.6/JON",,,,"JONES.FAYE;Author","ENGISH",,,,120,,"BULSAR BOOK STORE",,,,"STORY",
"MY BIG BOOK OF THEMATIC READING SCHEME : LEVEL 3A; THE GAMES I LIKE TO PLAY",,"978-967-342-021-6","SCHOLAR'S",2010,,,,,"428.6/JON",,,,"JONES.FAYE;Author","ENGISH",,,,120,,"BULSAR BOOK STORE",,,,"STORY",
"MY BIG BOOK OF THEMATIC READING SCHEME : LEVEL 3A; THE GAMES I LIKE TO PLAY",,"978-967-342-021-6","SCHOLAR'S",2010,,,,,"428.6/JON",,,,"JONES.FAYE;Author","ENGISH",,,,120,,"BULSAR BOOK STORE",,,,"STORY",
"MY BIG BOOK OF THEMATIC READING SCHEME : LEVEL 3C; THE RHYMES I LIKE TO RECITE",,"978-967-342-023-0","SCHOLAR'S",2010,,,,,"428.6/JON",,,,"JONES.FAYE;Author","ENGISH",,,,120,,"BULSAR BOOK STORE",,,,"STORY",
"MY BIG BOOK OF THEMATIC READING SCHEME : LEVEL 3D; THE POEMS I LIKE TO RECITE",,"978-967-342-024-7","SCHOLAR'S",2010,,,,,"428.6/JON",,,,"JONES.FAYE;Author","ENGISH",,,,120,,"BULSAR BOOK STORE",,,,"STORY",
"MY BIG BOOK OF THEMATIC READING SCHEME : LEVEL 3D; THE POEMS I LIKE TO RECITE",,"978-967-342-024-7","SCHOLAR'S",2010,,,,,"428.6/JON",,,,"JONES.FAYE;Author","ENGISH",,,,120,,"BULSAR BOOK STORE",,,,"STORY",
"MY FIRST BIG BOOK OF AMAZING FAIRY TALES (1 CD)",,"978-93-5105-107-7","NARMADA",,,,,,"823/FAI",,,,,"ENGISH",,,,159,,"BULSAR BOOK STORE",,,,"STORY",
"MY FIRST BIG BOOK OF AMAZING FAIRY TALES (1 CD)",,"978-93-5105-107-7","NARMADA",,,,,,"823/FAI",,,,,"ENGISH",,,,159,,"BULSAR BOOK STORE",,,,"STORY",
"MY FIRST BIG BOOK OF AMAZING FAIRY TALES (1 CD)",,"978-93-5105-107-7","NARMADA",,,,,,"823/FAI",,,,,"ENGISH",,,,159,,"BULSAR BOOK STORE",,,,"STORY",
"MY FIRST BIG BOOK OF AMAZING FAIRY TALES (1 CD)",,"978-93-5105-107-7","NARMADA",,,,,,"823/FAI",,,,,"ENGISH",,,,159,,"BULSAR BOOK STORE",,,,"STORY",
"MY FIRST BIG BOOK OF AMAZING STORIES OF PANCHATANTRA(1 CD)",,"978-93-5105-109-1","NARMADA",,,,,,"823/PAN",,,,,"ENGISH",,,,159,,"BULSAR BOOK STORE",,,,"STORY",
"MY FIRST BIG BOOK OF AMAZING STORIES OF PANCHATANTRA(1 CD)",,"978-93-5105-109-1","NARMADA",,,,,,"823/PAN",,,,,"ENGISH",,,,159,,"BULSAR BOOK STORE",,,,"STORY",
"MY FIRST BIG BOOK OF AMAZING STORIES OF PANCHATANTRA(1 CD)",,"978-93-5105-109-1","NARMADA",,,,,,"823/PAN",,,,,"ENGISH",,,,159,,"BULSAR BOOK STORE",,,,"STORY",
"MY FIRST BIG BOOK OF AMAZING STORIES OF PANCHATANTRA(1 CD)",,"978-93-5105-109-1","NARMADA",,,,,,"823/PAN",,,,,"ENGISH",,,,159,,"BULSAR BOOK STORE",,,,"STORY",
"JATAKA TALES (1 CD)",,"978-93-5102-171-1","NARMADA",,,,,,"823/JAT",,,,,"ENGISH",,,,159,,"BULSAR BOOK STORE",,,,"STORY",
"JATAKA TALES (1 CD)",,"978-93-5102-171-1","NARMADA",,,,,,"823/JAT",,,,,"ENGISH",,,,159,,"BULSAR BOOK STORE",,,,"STORY",
"JATAKA TALES (1 CD)",,"978-93-5102-171-1","NARMADA",,,,,,"823/JAT",,,,,"ENGISH",,,,159,,"BULSAR BOOK STORE",,,,"STORY",
"JATAKA TALES (1 CD)",,"978-93-5102-171-1","NARMADA",,,,,,"823/JAT",,,,,"ENGISH",,,,159,,"BULSAR BOOK STORE",,,,"STORY",
"STORIES FROM PANCHATANTRA ( 1 CD)",,"978-93-5102-170-4","NARMADA",,,,,,"823/PAN",,,,,"ENGISH",,,,159,,"BULSAR BOOK STORE",,,,"STORY",
"STORIES FROM PANCHATANTRA ( 1 CD)",,"978-93-5102-170-4","NARMADA",,,,,,"823/PAN",,,,,"ENGISH",,,,159,,"BULSAR BOOK STORE",,,,"STORY",
"STORIES FROM PANCHATANTRA ( 1 CD)",,"978-93-5102-170-4","NARMADA",,,,,,"823/PAN",,,,,"ENGISH",,,,159,,"BULSAR BOOK STORE",,,,"STORY",
"STORIES FROM PANCHATANTRA ( 1 CD)",,"978-93-5102-170-4","NARMADA",,,,,,"823/PAN",,,,,"ENGISH",,,,159,,"BULSAR BOOK STORE",,,,"STORY",
"STORIES FROM HITOPADESHA ( 1 CD)",,"978-93-5102-172-8","NARMADA",,,,,,"823/HIT",,,,,"ENGISH",,,,159,,"BULSAR BOOK STORE",,,,"STORY",
"STORIES FROM HITOPADESHA ( 1 CD)",,"978-93-5102-172-8","NARMADA",,,,,,"823/HIT",,,,,"ENGISH",,,,159,,"BULSAR BOOK STORE",,,,"STORY",
"STORIES FROM HITOPADESHA ( 1 CD)",,"978-93-5102-172-8","NARMADA",,,,,,"823/HIT",,,,,"ENGISH",,,,159,,"BULSAR BOOK STORE",,,,"STORY",
"STORIES FROM HITOPADESHA ( 1 CD)",,"978-93-5102-172-8","NARMADA",,,,,,"823/HIT",,,,,"ENGISH",,,,159,,"BULSAR BOOK STORE",,,,"STORY",
"MY FIRST BIG BOOK OF AMAZING JUNGLE STORIES ( 1 CD)",,"978-93-5105-112-1","NARMADA",,,,,,"823/JUN",,,,,"ENGISH",,,,159,,"BULSAR BOOK STORE",,,,"STORY",
"MY FIRST BIG BOOK OF AMAZING JUNGLE STORIES ( 1 CD)",,"978-93-5105-112-1","NARMADA",,,,,,"823/JUN",,,,,"ENGISH",,,,159,,"BULSAR BOOK STORE",,,,"STORY",
"MY FIRST BIG BOOK OF AMAZING JUNGLE STORIES ( 1 CD)",,"978-93-5105-112-1","NARMADA",,,,,,"823/JUN",,,,,"ENGISH",,,,159,,"BULSAR BOOK STORE",,,,"STORY",
"MY FIRST BIG BOOK OF AMAZING JUNGLE STORIES ( 1 CD)",,"978-93-5105-112-1","NARMADA",,,,,,"823/JUN",,,,,"ENGISH",,,,159,,"BULSAR BOOK STORE",,,,"STORY",
"MY FIRST BIG BOOK OF CLASSIC TALES ( 1 CD)",,"890-41-3112-533-0","NARMADA",,,,,,"823/TAL",,,,,"ENGISH",,,,159,,"BULSAR BOOK STORE",,,,"STORY",
"MY FIRST BIG BOOK OF CLASSIC TALES ( 1 CD)",,"890-41-3112-533-0","NARMADA",,,,,,"823/TAL",,,,,"ENGISH",,,,159,,"BULSAR BOOK STORE",,,,"STORY",
"MY FIRST BIG BOOK OF AESOP FABLES ( 1 CD)",,"890-41-3112-532-3","NARMADA",,,,,,"823/AES",,,,,"ENGISH",,,,159,,"BULSAR BOOK STORE",,,,"STORY",
"MY FIRST BIG BOOK OF AESOP FABLES ( 1 CD)",,"890-41-3112-532-3","NARMADA",,,,,,"823/AES",,,,,"ENGISH",,,,159,,"BULSAR BOOK STORE",,,,"STORY",
"MY FIRST BIG BOOK OF FAIRY TALES (1 CD)",,"890-41-3112-534-7","NARMADA",,,,,,"823/FAI",,,,,"ENGISH",,,,159,,"BULSAR BOOK STORE",,,,"STORY",
"MY FIRST BIG BOOK OF FAIRY TALES (1 CD)",,"890-41-3112-534-7","NARMADA",,,,,,"823/FAI",,,,,"ENGISH",,,,159,,"BULSAR BOOK STORE",,,,"STORY",
"EARLY READER : MEET THE GANG",,"978-1-4440-0199-0","ORION CHILDREN'S BOOK",2011,,,,,"823/SIM",,,,"SIMON.FRANCESCA;Author","ENGISH",,,,135,,"BULSAR BOOK STORE",,,,"STORY",
"EARLY READER : SLEEPING BEAUTY",,"978-1-4440-0242-3","ORION CHILDREN'S BOOK",2011,,,,,"823/GAR",,,,"GARDNER.SALLY;Author","ENGISH",,,,135,,"BULSAR BOOK STORE",,,,"STORY",
"EARLY READER : THE THREE LITTLE PIRATES ",,"978-1-4440-0084-9","ORION CHILDREN'S BOOK",2010,,,,,"823/ADA",,,,"ADAMS.GEORGIE;Author BOLAM.EMILY;Author","ENGISH",,,,135,,"BULSAR BOOK STORE",,,,"STORY",
"EARLY READER : THE PARENT SWAP SHOP",,"978-1-4440-0267-6","ORION CHILDREN'S BOOK",2011,,,,,"823/SIM",,,,"SIMON.FRANCESCA;Author","ENGISH",,,,135,,"BULSAR BOOK STORE",,,,"STORY",
"EARLY READER : THE KITTEN WITH NO NAME",,"978-1-4440-0078-8","ORION CHILDREN'S BOOK",2011,,,,,"823/FRE",,,,"FRENCH.VIVIAN;Author","ENGISH",,,,135,,"BULSAR BOOK STORE",,,,"STORY",
"EARLY READER : CUDWEED'S BIRTHDAY",,"978-1-4440-0319-2","ORION CHILDREN'S BOOK",2011,,,,,"823/SED",,,,"SEDGWICK.MARCUS;Author","ENGISH",,,,135,,"BULSAR BOOK STORE",,,,"STORY",
"EARLY READER : CINDERELLA",,"978-1-4440-0241-6","ORION CHILDREN'S BOOK",2011,,,,,"823/GAR",,,,"GARDNER.SALLY;Author","ENGISH",,,,135,,"BULSAR BOOK STORE",,,,"STORY",
"EARLY READER : SPIDER SCHOOL",,"978-1-4440-0145-7","ORION CHILDREN'S BOOK",2010,,,,,"823/SIM",,,,"SIMON.FRANCESCA;Author","ENGISH",,,,135,,"BULSAR BOOK STORE",,,,"STORY",
"EARLY READER : RUNAWAY DUCKLING",,"978-1-4440-0195-2","ORION CHILDREN'S BOOK",2011,,,,,"823/SIM",,,,"SIMON.FRANCESCA;Author","ENGISH",,,,135,,"BULSAR BOOK STORE",,,,"STORY",
"EARLY READER : HORRID HENRY'S UNDERPANTS",,"978-1-84255-724-2","ORION CHILDREN'S BOOK",2009,,,,,"823/SIM",,,,"SIMON.FRANCESCA;Author","ENGISH",,,,135,,"BULSAR BOOK STORE",,,,"STORY",
"THE STORY OF DOCTOR DOLITTLE : DOCTOR DOLITTLE GOES HOME#6",,"978-1-4027-8864-2","STERLING",2010,,,,,"823/LOF",,,,"LOFTING.HUGH;Author","ENGISH",,,,99,,"BULSAR BOOK STORE",,,,"STORY",
"THE STORY OF DOCTOR DOLITTLE : ANIMAL TALK#1",,"978-1-4027-8859-8","STERLING",2010,,,,,"823/LOF",,,,"LOFTING.HUGH;Author","ENGISH",,,,99,,"BULSAR BOOK STORE",,,,"STORY",
"THE STORY OF DOCTOR DOLITTLE : THE CIRCUS CROCODILE#2",,"978-1-4027-8860-4","STERLING",2006,,,,,"823/LOF",,,,"LOFTING.HUGH;Author","ENGISH",,,,99,,"BULSAR BOOK STORE",,,,"STORY",
"THE STORY OF DOCTOR DOLITTLE : DOCTOR DOLITTLE AND THE PIRATES#5",,"978-1-4027-8863-5","STERLING",2010,,,,,"823/LOF",,,,"LOFTING.HUGH;Author","ENGISH",,,,99,,"BULSAR BOOK STORE",,,,"STORY",
"THE STORY OF DOCTOR DOLITTLE : DOCTOR DOLITTLE'S GREAT ADVENTURE#3",,"978-1-4027-8861-1","STERLING",2007,,,,,"823/LOF",,,,"LOFTING.HUGH;Author","ENGISH",,,,99,,"BULSAR BOOK STORE",,,,"STORY",
"THE STORY OF DOCTOR DOLITTLE : DOCTOR DOLITTLE'S MAGICAL CURE#4",,"978-1-4027-8862-8","STERLING",2007,,,,,"823/LOF",,,,"LOFTING.HUGH;Author","ENGISH",,,,99,,"BULSAR BOOK STORE",,,,"STORY",
"THE ADVENTURES OF TOM SAWYER : TOM'S TREASURE HUNT#6",,"978-1-4027-8846-8","STERLING",2010,,,,,"823/TWA",,,,"TWAIN. MARK;Author","ENGISH",,,,99,,"BULSAR BOOK STORE",,,,"STORY",
"THE ADVENTURES OF TOM SAWYER : THE SPELLING BEE#4",,"978-1-4027-8844-4","STERLING",2007,,,,,"823/TWA",,,,"TWAIN. MARK;Author","ENGISH",,,,99,,"BULSAR BOOK STORE",,,,"STORY",
"THE ADVENTURES OF TOM SAWYER : TOO SICK FOR SCHOOL#5",,"978-1-4027-8845-1","STERLING",2010,,,,,"823/TWA",,,,"TWAIN. MARK;Author","ENGISH",,,,99,,"BULSAR BOOK STORE",,,,"STORY",
"THE ADVENTURES OF TOM SAWYER : THE BIRTHDAY BOY#3",,"978-1-4027-8843-7","STERLING",2007,,,,,"823/TWA",,,,"TWAIN. MARK;Author","ENGISH",,,,99,,"BULSAR BOOK STORE",,,,"STORY",
"THE ADVENTURES OF TOM SAWYER : A SONG FOR AUNT POLLY#1",,"978-1-4027-8841-3","STERLING",2006,,,,,"823/TWA",,,,"TWAIN. MARK;Author","ENGISH",,,,99,,"BULSAR BOOK STORE",,,,"STORY",
"THE ADVENTURES OF TOM SAWYER : THE BEST FENCE PAINTER#2",,"978-1-4027-8842-0","STERLING",2006,,,,,"823/TWA",,,,"TWAIN. MARK;Author","ENGISH",,,,99,,"BULSAR BOOK STORE",,,,"STORY",
"THE WIND IN THE WILLOWS : THE RIVERBANK#1",,"978-1-4027-8865-9","STERLING",2003,,,,,"823/GRA",,,,"GRAHAME.KENNETH;Author","ENGISH",,,,99,,"BULSAR BOOK STORE",,,,"STORY",
"THE WIND IN THE WILLOWS : THE WILD WOOD#3",,"978-1-4027-8867-3","STERLING",2007,,,,,"823/GRA",,,,"GRAHAME.KENNETH;Author","ENGISH",,,,99,,"BULSAR BOOK STORE",,,,"STORY",
"THE WIND IN THE WILLOWS : THE OPEN ROAD#2",,"978-1-4027-8866-6","STERLING",2006,,,,,"823/GRA",,,,"GRAHAME.KENNETH;Author","ENGISH",,,,99,,"BULSAR BOOK STORE",,,,"STORY",
"THE WIND IN THE WILLOWS : HOME SWEET HOME#4",,"978-1-4027-8868-0","STERLING",2007,,,,,"823/GRA",,,,"GRAHAME.KENNETH;Author","ENGISH",,,,99,,"BULSAR BOOK STORE",,,,"STORY",
"THE WIND IN THE WILLOWS : SNEAKY TOAD#5",,"978-1-4027-8869-7","STERLING",2010,,,,,"823/GRA",,,,"GRAHAME.KENNETH;Author","ENGISH",,,,99,,"BULSAR BOOK STORE",,,,"STORY",
"THE WIND IN THE WILLOWS : RESTLESS RAT#6",,"978-1-4027-8870-3","STERLING",2010,,,,,"823/GRA",,,,"GRAHAME.KENNETH;Author","ENGISH",,,,99,,"BULSAR BOOK STORE",,,,"STORY",
"TREASURE ISLAND : OFF TO SEA#2",,"978-1-4027-8854-3","STERLING",2006,,,,,"823/STE",,,,"STEVENSON.ROBERT LOUIS;Author","ENGISH",,,,99,,"BULSAR BOOK STORE",,,,"STORY",
"TREASURE ISLAND : ADVENTURE AT SEA#5",,"978-1-4027-8857-4","STERLING",2010,,,,,"823/STE",,,,"STEVENSON.ROBERT LOUIS;Author","ENGISH",,,,99,,"BULSAR BOOK STORE",,,,"STORY",
"TREASURE ISLAND : ON THE ISLAND#3",,"978-1-4027-8855-0","STERLING",2007,,,,,"823/STE",,,,"STEVENSON.ROBERT LOUIS;Author","ENGISH",,,,99,,"BULSAR BOOK STORE",,,,"STORY",
"TREASURE ISLAND : PIRATE ATTACK#4",,"978-1-4027-8856-7","STERLING",2007,,,,,"823/STE",,,,"STEVENSON.ROBERT LOUIS;Author","ENGISH",,,,99,,"BULSAR BOOK STORE",,,,"STORY",
"TREASURE ISLAND : THE TREASURE MAP#1",,"978-1-4027-8853-6","STERLING",2006,,,,,"823/STE",,,,"STEVENSON.ROBERT LOUIS;Author","ENGISH",,,,99,,"BULSAR BOOK STORE",,,,"STORY",
"TREASURE ISLAND : A PIRATE ADVENTURE#6",,"978-1-4027-8858-1","STERLING",2010,,,,,"823/STE",,,,"STEVENSON.ROBERT LOUIS;Author","ENGISH",,,,99,,"BULSAR BOOK STORE",,,,"STORY",
"THE JUNGLE BOOK: RIKKI-TIKKI-TAVI AND THE MYSTERY IN THE GARDEN#2",,"978-1-4027-8847-5","STERLING",2006,,,,,"823/KIP",,,,"KIPLING.RUDYARD;Author","ENGISH",,,,99,,"BULSAR BOOK STORE",,,,"STORY",
"THE JUNGLE BOOK: RIKKI-TIKKI-TAVI MOVES IN #1",,"978-1-4027-8850-5","STERLING",2010,,,,,"823/KIP",,,,"KIPLING.RUDYARD;Author","ENGISH",,,,99,,"BULSAR BOOK STORE",,,,"STORY",
"THE JUNGLE BOOK: THE BRAVE LITTLE SEAL#6",,"978-1-4027-8852-9","STERLING",2010,,,,,"823/KIP",,,,"KIPLING.RUDYARD;Author","ENGISH",,,,99,,"BULSAR BOOK STORE",,,,"STORY",
"THE JUNGLE BOOK: MOWGLI'S BIG BIRTHDAY#3",,"978-1-4027-8848-2","STERLING",2007,,,,,"823/KIP",,,,"KIPLING.RUDYARD;Author","ENGISH",,,,99,,"BULSAR BOOK STORE",,,,"STORY",
"THE JUNGLE BOOK: MOWGLI KNOWS BEST#4",,"978-1-4027-8849-9","STERLING",2007,,,,,"823/KIP",,,,"KIPLING.RUDYARD;Author","ENGISH",,,,99,,"BULSAR BOOK STORE",,,,"STORY",
"THE JUNGLE BOOK: THE BOY AND HIS SLED DOG#5",,"978-1-4027-8851-2","STERLING",2010,,,,,"823/KIP",,,,"KIPLING.RUDYARD;Author","ENGISH",,,,99,,"BULSAR BOOK STORE",,,,"STORY",
"MILES KELLY LITTLE PRESS: DINOSAURS FIRST Q & A",,"978-1-84810-900-1","MILES KELLY (SHREE)",2012,,,,,"500/BED",,,,"BEDOYERE.CAMILLA DE LA;Author",,,,,85,,"BULSAR BOOK STORE",,,,"SCIENCE",
"MILES KELLY LITTLE PRESS: SCIENCE FIRST Q & A",,"978-1-84810-894-3","MILES KELLY (SHREE)",2012,,,,,"500/OXL",,,,"OXLADE.CHRIS;Author",,,,,85,,"BULSAR BOOK STORE",,,,"SCIENCE",
"MILES KELLY LITTLE PRESS: PLANET EARTH FIRST Q & A",,"978-1-84810-895-0","MILES KELLY (SHREE)",2012,,,,,"500/PLA",,,,,,,,,85,,"BULSAR BOOK STORE",,,,"SCIENCE",
"MILES KELLY LITTLE PRESS: SPACE FIRST Q & A",,"978-1-84810-897-4","MILES KELLY (SHREE)",2012,,,,,"500/OXL",,,,"OXLADE.CHRIS;Author",,,,,85,,"BULSAR BOOK STORE",,,,"SCIENCE",
"MILES KELLY LITTLE PRESS: HUMAN BODY FIRST Q & A",,"978-1-84810-896-7","MILES KELLY (SHREE)",2012,,,,,"500/OXL",,,,"OXLADE.CHRIS;Author",,,,,85,,"BULSAR BOOK STORE",,,,"SCIENCE",
"MILES KELLY LITTLE PRESS: WILD ANIMALS FIRST Q & A",,"978-1-84810-903-2","MILES KELLY (SHREE)",2012,,,,,"500/BED",,,,"BEDOYERE.CAMILLA DE LA;Author",,,,,85,,"BULSAR BOOK STORE",,,,"SCIENCE",
"MILES KELLY LITTLE PRESS: PLANTS FIRST Q & A",,"978-1-84810-901-8","MILES KELLY (SHREE)",2012,,,,,"500/BED",,,,"BEDOYERE.CAMILLA DE LA;Author",,,,,85,,"BULSAR BOOK STORE",,,,"SCIENCE",
"MILES KELLY LITTLE PRESS: WEATHER FIRST Q & A",,"978-1-84810-898-1","MILES KELLY (SHREE)",2012,,,,,"500/OXL",,,,"OXLADE.CHRIS;Author",,,,,85,,"BULSAR BOOK STORE",,,,"SCIENCE",
"MILES KELLY LITTLE PRESS: OCEANS FIRST Q & A",,"978-1-84810-899-8","MILES KELLY (SHREE)",2012,,,,,"500/OCE",,,,,,,,,85,,"BULSAR BOOK STORE",,,,"SCIENCE",
"MILES KELLY LITTLE PRESS: JUNGLE FIRST Q & A",,"978-1-84810-902-5","MILES KELLY (SHREE)",2012,,,,,"500/BED",,,,"BEDOYERE.CAMILLA DE LA;Author",,,,,85,,"BULSAR BOOK STORE",,,,"SCIENCE",
"BUILD YOUR VOCABULARY: TELL ME ABOUT LEARN TO BEHAVE",,9788182752290,"MY KIDS WORLD",2010,,,,,"428/VOC",,,,,"ENGISH",,,,30,,"BULSAR BOOK STORE",,,,"LANGAUGE",
"BUILD YOUR VOCABULARY: CONTRACTIONS",,9788182752375,"MY KIDS WORLD",2010,,,,,"428/VOC",,,,,"ENGISH",,,,30,,"BULSAR BOOK STORE",,,,"LANGAUGE",
"BUILD YOUR VOCABULARY: LEARN TO BEHAVE",,9788182752290,"MY KIDS WORLD",2010,,,,,"428/VOC",,,,,"ENGISH",,,,30,,"BULSAR BOOK STORE",,,,"LANGAUGE",
"BUILD YOUR VOCABULARY: YES OR NO",,9788182752351,"MY KIDS WORLD",2010,,,,,"428/VOC",,,,,"ENGISH",,,,30,,"BULSAR BOOK STORE",,,,"LANGAUGE",
"BUILD YOUR VOCABULARY: TALL OR HIGH",,9788182752344,"MY KIDS WORLD",2010,,,,,"428/VOC",,,,,"ENGISH",,,,30,,"BULSAR BOOK STORE",,,,"LANGAUGE",
"BUILD YOUR VOCABULARY: PLACES AROUND US",,9788182752337,"MY KIDS WORLD",2010,,,,,"428/VOC",,,,,"ENGISH",,,,30,,"BULSAR BOOK STORE",,,,"LANGAUGE",
"BUILD YOUR VOCABULARY: HELPFUL PEOPLE",,9788182752306,"MY KIDS WORLD",2010,,,,,"428/VOC",,,,,"ENGISH",,,,30,,"BULSAR BOOK STORE",,,,"LANGAUGE",
"BUILD YOUR VOCABULARY: MY FAMILY",,9788182752313,"MY KIDS WORLD",2010,,,,,"428/VOC",,,,,"ENGISH",,,,30,,"BULSAR BOOK STORE",,,,"LANGAUGE",
"BUILD YOUR VOCABULARY: THIS OR THAT",,9788182752368,"MY KIDS WORLD",2010,,,,,"428/VOC",,,,,"ENGISH",,,,30,,"BULSAR BOOK STORE",,,,"LANGAUGE",
"BUILD YOUR VOCABULARY: MY PET CAT",,9788182752320,"MY KIDS WORLD",2010,,,,,"428/VOC",,,,,"ENGISH",,,,30,,"BULSAR BOOK STORE",,,,"LANGAUGE",
"BUILD YOUR VOCABULARY: AT THE GREENGROCER'S",,9788182752269,"MY KIDS WORLD",2010,,,,,"428/VOC",,,,,"ENGISH",,,,30,,"BULSAR BOOK STORE",,,,"LANGAUGE",
"BUILD YOUR VOCABULARY: AT THE DINNING TABLE",,9788182752276,"MY KIDS WORLD",2010,,,,,"428/VOC",,,,,"ENGISH",,,,30,,"BULSAR BOOK STORE",,,,"LANGAUGE",
"STEPS TO READING 2: DISNEY.PIXAR CARS; TEAM WORK",,"978-1-4454-2106-3","PARRAGON",2011,,,,,"823/LAG",,,,"LAGONEGRO.MELISSA;Author","ENGISH",,,,125,,"BULSAR BOOK STORE",,,,"STORY",
"STEPS TO READING 2: DISNEY WINNIE THE POOH; FAMILY AND FRIENDS",,"978-1-4454-2115-5","PARRAGON",2011,,,,,"823/GAI",,,,"GAINES.ISABEL;Author","ENGISH",,,,125,,"BULSAR BOOK STORE",,,,"STORY",
"STEPS TO READING 2: DISNEY WINNIE THE POOH; SPECIAL SEASONS",,"978-1-4454-2116-2","PARRAGON",2011,,,,,"823/MIL",,,,"MILNE.A.A.;Author SHEPARD E.H.;Author","ENGISH",,,,125,,"BULSAR BOOK STORE",,,,"STORY",
"STEPS TO READING 2 : DISNEY .PIXAR TOY STORY; TOY-TASTIC ADVENTURES",,"978-1-4454-2114-8","PARRAGON",2011,,,,,"823/JOR",,,,"JORDAN.APPLE;Author","ENGISH",,,,125,,"BULSAR BOOK STORE",,,,"STORY",
"STEPS TO READING 2 : DISNEY PRINCESS ; PREETY AS A PRINCESS",,"978-1-4454-2113-1","PARRAGON",2011,,,,,"823/LAG",,,,"LAGONEGRO.MELISSA;Author","ENGISH",,,,125,,"BULSAR BOOK STORE",,,,"STORY",
"STEPS TO READING 2 : DISNEY PRINCESS ; ANIMAL FRIENDS",,"978-1-4454-2110-0","PARRAGON",2011,,,,,"823/LAG",,,,"LAGONEGRO.MELISSA;Author","ENGISH",,,,125,,"BULSAR BOOK STORE",,,,"STORY",
"STEPS TO READING 2 : DISNEY PRINCESS ; PRINCESS DREAMS",,"978-1-4454-2112-4","PARRAGON",2011,,,,,"823/LAG",,,,"LAGONEGRO.MELISSA;Author","ENGISH",,,,125,,"BULSAR BOOK STORE",,,,"STORY",
"THE PIED PIPER OF HAMELIN",,"978-81-7904-149-9","APPLE PUBLICATION",,,,,,"823/PIE",,,,,"ENGISH",,,,40,,"BULSAR BOOK STORE",,,,"STORY",
"THE PIED PIPER OF HAMELIN",,"978-81-7904-149-9","APPLE PUBLICATION",,,,,,"823/PIE",,,,,"ENGISH",,,,40,,"BULSAR BOOK STORE",,,,"STORY",
"THE PIED PIPER OF HAMELIN",,"978-81-7904-149-9","APPLE PUBLICATION",,,,,,"823/PIE",,,,,"ENGISH",,,,40,,"BULSAR BOOK STORE",,,,"STORY",
"THE PIED PIPER OF HAMELIN",,"978-81-7904-149-9","APPLE PUBLICATION",,,,,,"823/PIE",,,,,"ENGISH",,,,40,,"BULSAR BOOK STORE",,,,"STORY",
"THE MOUSE AND THE BIRD",,"978-81-7904-151-2","APPLE PUBLICATION",,,,,,"823/MOU",,,,,"ENGISH",,,,40,,"BULSAR BOOK STORE",,,,"STORY",
"THE MOUSE AND THE BIRD",,"978-81-7904-151-2","APPLE PUBLICATION",,,,,,"823/MOU",,,,,"ENGISH",,,,40,,"BULSAR BOOK STORE",,,,"STORY",
"THE UGLY DUCKLING",,"978-81-7904-146-8","APPLE PUBLICATION",,,,,,"823/UGL",,,,,"ENGISH",,,,40,,"BULSAR BOOK STORE",,,,"STORY",
"THE UGLY DUCKLING",,"978-81-7904-146-8","APPLE PUBLICATION",,,,,,"823/UGL",,,,,"ENGISH",,,,40,,"BULSAR BOOK STORE",,,,"STORY",
"BEAUTY AND THE BEAST",,"978-81-7904-148-2","APPLE PUBLICATION",,,,,,"823/BEA",,,,,"ENGISH",,,,40,,"BULSAR BOOK STORE",,,,"STORY",
"BEAUTY AND THE BEAST",,"978-81-7904-148-2","APPLE PUBLICATION",,,,,,"823/BEA",,,,,"ENGISH",,,,40,,"BULSAR BOOK STORE",,,,"STORY",
"AMAR BAL SAHITYA: KRISHNA LEELA 1",,"978-81-243-2343-4","NAVNEET",,,,,,"200/JOS",,,,"JOSHI.YOGESH;Author","HINDI",,,,50,,"BULSAR BOOK STORE",,,,"RELIGION",
"AMAR BAL SAHITYA: KRISHNA LEELA 2",,"978-81-243-2344-1","NAVNEET",,,,,,"200/JOS",,,,"JOSHI.YOGESH;Author","HINDI",,,,50,,"BULSAR BOOK STORE",,,,"RELIGION",
"AMAR BAL SAHITYA: KRISHNA LEELA 3",,"978-81-243-2345-8","NAVNEET",,,,,,"200/JOS",,,,"JOSHI.YOGESH;Author","HINDI",,,,50,,"BULSAR BOOK STORE",,,,"RELIGION",
"AMAR BAL SAHITYA: KRISHNA LEELA 4",,"978-81-243-2346-5","NAVNEET",,,,,,"200/JOS",,,,"JOSHI.YOGESH;Author","HINDI",,,,50,,"BULSAR BOOK STORE",,,,"RELIGION",
"AMAR BAL SAHITYA: KRISHNA LEELA 5",,"978-81-243-2347-2","NAVNEET",,,,,,"200/JOS",,,,"JOSHI.YOGESH;Author","HINDI",,,,50,,"BULSAR BOOK STORE",,,,"RELIGION",
"AMAR BAL SAHITYA: KRISHNA LEELA 6",,"978-81-243-2348-9","NAVNEET",,,,,,"200/JOS",,,,"JOSHI.YOGESH;Author","HINDI",,,,50,,"BULSAR BOOK STORE",,,,"RELIGION",
"AMAR BAL SAHITYA: KRISHNA LEELA 7",,"978-81-243-2349-6","NAVNEET",,,,,,"200/JOS",,,,"JOSHI.YOGESH;Author","HINDI",,,,50,,"BULSAR BOOK STORE",,,,"RELIGION",
"AMAR BAL SAHITYA: KRISHNA LEELA 8",,"978-81-243-2350-2","NAVNEET",,,,,,"200/JOS",,,,"JOSHI.YOGESH;Author","HINDI",,,,50,,"BULSAR BOOK STORE",,,,"RELIGION",
"VISHV PRASIDH VAIGYANIK: MIECAL FERADAE",,9788183416092,"ROHAAN",,,,,,"925/VIS",,,,,"SCIENTIEST",,,,50,,"BULSAR BOOK STORE",,,,"BIOGRAPHIES",
"VISHV PRASIDH VAIGYANIK: ANTONY VAN LUEVANHAWK",,9788183415927,"ROHAAN",,,,,,"925/VIS",,,,,"SCIENTIEST",,,,50,,"BULSAR BOOK STORE",,,,"BIOGRAPHIES",
"VISHV PRASIDH VAIGYANIK:CHARLES BABBAGE",,9788183415941,"ROHAAN",,,,,,"925/VIS",,,,,"SCIENTIEST",,,,50,,"BULSAR BOOK STORE",,,,"BIOGRAPHIES",
"VISHV PRASIDH VAIGYANIK: CHARLES DARWIN",,9788183415958,"ROHAAN",,,,,,"925/VIS",,,,,"SCIENTIEST",,,,50,,"BULSAR BOOK STORE",,,,"BIOGRAPHIES",
"VISHV PRASIDH VAIGYANIK: JAMES WATT",,9788183416030,"ROHAAN",,,,,,"925/VIS",,,,,"SCIENTIEST",,,,50,,"BULSAR BOOK STORE",,,,"BIOGRAPHIES",
"VISHV PRASIDH VAIGYANIK: ARCHIMADIS",,9788183415934,"ROHAAN",,,,,,"925/VIS",,,,,"SCIENTIEST",,,,50,,"BULSAR BOOK STORE",,,,"BIOGRAPHIES",
"VISHV PRASIDH VAIGYANIK: EDWIN HUBBLE",,9788183415989,"ROHAAN",,,,,,"925/VIS",,,,,"SCIENTIEST",,,,50,,"BULSAR BOOK STORE",,,,"BIOGRAPHIES",
"VISHV PRASIDH VAIGYANIK: LEONARDO DI VINNCHI",,9788183416061,"ROHAAN",,,,,,"925/VIS",,,,,"SCIENTIEST",,,,50,,"BULSAR BOOK STORE",,,,"BIOGRAPHIES",
"VISHV PRASIDH VAIGYANIK: LOUISPAASTURE",,9788183416078,"ROHAAN",,,,,,"925/VIS",,,,,"SCIENTIEST",,,,50,,"BULSAR BOOK STORE",,,,"BIOGRAPHIES",
"VISHV PRASIDH VAIGYANIK: ALEXANDER GRAHAM BELL",,9788183415903,"ROHAAN",,,,,,"925/VIS",,,,,"SCIENTIEST",,,,50,,"BULSAR BOOK STORE",,,,"BIOGRAPHIES",
"VISHV PRASIDH VAIGYANIK: EDWARD GENER",,9788183415972,"ROHAAN",,,,,,"925/VIS",,,,,"SCIENTIEST",,,,50,,"BULSAR BOOK STORE",,,,"BIOGRAPHIES",
"VISHV PRASIDH VAIGYANIK: NICHOLAS COPPERNICKS",,9788183416108,"ROHAAN",,,,,,"925/VIS",,,,,"SCIENTIEST",,,,50,,"BULSAR BOOK STORE",,,,"BIOGRAPHIES",
"VISHV PRASIDH VAIGYANIK: WILLIAM HARSHELL",,9788183416122,"ROHAAN",,,,,,"925/VIS",,,,,"SCIENTIEST",,,,50,,"BULSAR BOOK STORE",,,,"BIOGRAPHIES",
"VISHV PRASIDH VAIGYANIK: HUMPHRY DAVI",,9788183416061,"ROHAAN",,,,,,"925/VIS",,,,,"SCIENTIEST",,,,50,,"BULSAR BOOK STORE",,,,"BIOGRAPHIES",
"VISHV PRASIDH VAIGYANIK: GALELEO GALILI",,9788183415996,"ROHAAN",,,,,,"925/VIS",,,,,"SCIENTIEST",,,,50,,"BULSAR BOOK STORE",,,,"BIOGRAPHIES",
"VISHV PRASIDH VAIGYANIK: ALBERT EINSTIEN",,9788183415897,"ROHAAN",,,,,,"925/VIS",,,,,"SCIENTIEST",,,,50,,"BULSAR BOOK STORE",,,,"BIOGRAPHIES",
"VISHV PRASIDH VAIGYANIK: JOHN LAUGI BAERD",,9788183416054,"ROHAAN",,,,,,"925/VIS",,,,,"SCIENTIEST",,,,50,,"BULSAR BOOK STORE",,,,"BIOGRAPHIES",
"VISHV PRASIDH VAIGYANIK: JOHN'S KAEPELER",,9788183416047,"ROHAAN",,,,,,"925/VIS",,,,,"SCIENTIEST",,,,50,,"BULSAR BOOK STORE",,,,"BIOGRAPHIES",
"VISHV PRASIDH VAIGYANIK: ALFERD NOBEL",,9788183415910,"ROHAAN",,,,,,"925/VIS",,,,,"SCIENTIEST",,,,50,,"BULSAR BOOK STORE",,,,"BIOGRAPHIES",
"VISHV PRASIDH VAIGYANIK: WRITE BROTHER'S",,9788183416139,"ROHAAN",,,,,,"925/VIS",,,,,"SCIENTIEST",,,,50,,"BULSAR BOOK STORE",,,,"BIOGRAPHIES",
"VISHV PRASIDH VAIGYANIK: THOMAS ALVA EDISON",,9788183416115,"ROHAAN",,,,,,"925/VIS",,,,,"SCIENTIEST",,,,50,,"BULSAR BOOK STORE",,,,"BIOGRAPHIES",
"VISHV PRASIDH VAIGYANIK: ISSAC NEWTON",,9788183416023,"ROHAAN",,,,,,"925/VIS",,,,,"SCIENTIEST",,,,50,,"BULSAR BOOK STORE",,,,"BIOGRAPHIES",
"VISHV PRASIDH VAIGYANIK: GUGLIAELMO MARCONI",,9788183416009,"ROHAAN",,,,,,"925/VIS",,,,,"SCIENTIEST",,,,50,,"BULSAR BOOK STORE",,,,"BIOGRAPHIES",
"VISHV PRASIDH VAIGYANIK: EDMUND HELLY",,9788183415965,"ROHAAN",,,,,,"925/VIS",,,,,"SCIENTIEST",,,,50,,"BULSAR BOOK STORE",,,,"BIOGRAPHIES",
"VISHV PRASIDH VAIGYANIK: MARY CURIE",,9788183416085,"ROHAAN",,,,,,"925/VIS",,,,,"SCIENTIEST",,,,50,,"BULSAR BOOK STORE",,,,"BIOGRAPHIES",
"CHILDREN'S ENCYCLOPEDIA SERIES: THE WORLD OF FACTS ALIENS",,9789350961841,"ORANGE EDUCATION",,,,,,"030/WOR",,,,,"SCIENCE",,,,65,,"BULSAR BOOK STORE",,,,"ENCYCLOPEDIA",
"CHILDREN'S ENCYCLOPEDIA SERIES: THE WORLD OF FACTS HUMAN ANTOMY",,9789350961995,"ORANGE EDUCATION",,,,,,"030/WOR",,,,,"SCIENCE",,,,65,,"BULSAR BOOK STORE",,,,"ENCYCLOPEDIA",
"CHILDREN'S ENCYCLOPEDIA SERIES: THE WORLD OF FACTS INSECTS & SPIDERS",,9789350962008,"ORANGE EDUCATION",,,,,,"030/WOR",,,,,"SCIENCE",,,,65,,"BULSAR BOOK STORE",,,,"ENCYCLOPEDIA",
"CHILDREN'S ENCYCLOPEDIA SERIES: THE WORLD OF FACTS GREAT INVENTIONS",,9789350961988,"ORANGE EDUCATION",,,,,,"030/WOR",,,,,"SCIENCE",,,,65,,"BULSAR BOOK STORE",,,,"ENCYCLOPEDIA",
"CHILDREN'S ENCYCLOPEDIA SERIES: THE WORLD OF FACTS FORESTS",,9789350961971,"ORANGE EDUCATION",,,,,,"030/WOR",,,,,"SCIENCE",,,,65,,"BULSAR BOOK STORE",,,,"ENCYCLOPEDIA",
"CHILDREN'S ENCYCLOPEDIA SERIES: THE WORLD OF FACTS FLOWERS",,9789350961964,"ORANGE EDUCATION",,,,,,"030/WOR",,,,,"SCIENCE",,,,65,,"BULSAR BOOK STORE",,,,"ENCYCLOPEDIA",
"CHILDREN'S ENCYCLOPEDIA SERIES: THE WORLD OF FACTS DINOSAURS ",,9789350961926,"ORANGE EDUCATION",,,,,,"030/WOR",,,,,"SCIENCE",,,,65,,"BULSAR BOOK STORE",,,,"ENCYCLOPEDIA",
"CHILDREN'S ENCYCLOPEDIA SERIES: THE WORLD OF FACTS DESERTS",,9789350961919,"ORANGE EDUCATION",,,,,,"030/WOR",,,,,"SCIENCE",,,,65,,"BULSAR BOOK STORE",,,,"ENCYCLOPEDIA",
"CHILDREN'S ENCYCLOPEDIA SERIES: THE WORLD OF FACTS PLANTS",,9789350962084,"ORANGE EDUCATION",,,,,,"030/WOR",,,,,"SCIENCE",,,,65,,"BULSAR BOOK STORE",,,,"ENCYCLOPEDIA",
"CHILDREN'S ENCYCLOPEDIA SERIES: THE WORLD OF FACTS POLAR REGIONS",,9789350962091,"ORANGE EDUCATION",,,,,,"030/WOR",,,,,"SCIENCE",,,,65,,"BULSAR BOOK STORE",,,,"ENCYCLOPEDIA",
"CHILDREN'S ENCYCLOPEDIA SERIES: THE WORLD OF FACTS SHELLS & FOSSILS",,9789350962121,"ORANGE EDUCATION",,,,,,"030/WOR",,,,,"SCIENCE",,,,65,,"BULSAR BOOK STORE",,,,"ENCYCLOPEDIA",
"CHILDREN'S ENCYCLOPEDIA SERIES: THE WORLD OF FACTS UNIVERSE",,9789350962190,"ORANGE EDUCATION",,,,,,"030/WOR",,,,,"SCIENCE",,,,65,,"BULSAR BOOK STORE",,,,"ENCYCLOPEDIA",
"CHILDREN'S ENCYCLOPEDIA SERIES: THE WORLD OF FACTS MAMMALS",,9789350962015,"ORANGE EDUCATION",,,,,,"030/WOR",,,,,"SCIENCE",,,,65,,"BULSAR BOOK STORE",,,,"ENCYCLOPEDIA",
"CHILDREN'S ENCYCLOPEDIA SERIES: THE WORLD OF FACTS VOLCANOES & EARTHQUAKES",,9789350962206,"ORANGE EDUCATION",,,,,,"030/WOR",,,,,"SCIENCE",,,,65,,"BULSAR BOOK STORE",,,,"ENCYCLOPEDIA",
"CHILDREN'S ENCYCLOPEDIA SERIES: THE WORLD OF FACTS WATER ANIMALS",,9789350962220,"ORANGE EDUCATION",,,,,,"030/WOR",,,,,"SCIENCE",,,,65,,"BULSAR BOOK STORE",,,,"ENCYCLOPEDIA",
"CHILDREN'S ENCYCLOPEDIA SERIES: THE WORLD OF FACTS BIRDS",,9789350961872,"ORANGE EDUCATION",,,,,,"030/WOR",,,,,"SCIENCE",,,,65,,"BULSAR BOOK STORE",,,,"ENCYCLOPEDIA",
"CHILDREN'S ENCYCLOPEDIA SERIES: THE WORLD OF FACTS REPTILES & AMPHIBIANS",,9789350962107,"ORANGE EDUCATION",,,,,,"030/WOR",,,,,"SCIENCE",,,,65,,"BULSAR BOOK STORE",,,,"ENCYCLOPEDIA",
"CHILDREN'S ENCYCLOPEDIA SERIES: THE WORLD OF FACTS SOLAR SYSTEM",,9789350962138,"ORANGE EDUCATION",,,,,,"030/WOR",,,,,"SCIENCE",,,,65,,"BULSAR BOOK STORE",,,,"ENCYCLOPEDIA",
"CHILDREN'S ENCYCLOPEDIA SERIES: THE WORLD OF FACTS ANIMALS",,9789350961858,"ORANGE EDUCATION",,,,,,"030/WOR",,,,,"SCIENCE",,,,65,,"BULSAR BOOK STORE",,,,"ENCYCLOPEDIA",
"CHILDREN'S ENCYCLOPEDIA SERIES: THE WORLD OF FACTS WARS",,9789350962213,"ORANGE EDUCATION",,,,,,"030/WOR",,,,,"SOCIAL SCIENCE",,,,65,,"BULSAR BOOK STORE",,,,"ENCYCLOPEDIA",
"CHILDREN'S ENCYCLOPEDIA SERIES: THE WORLD OF FACTS FESTIVALS",,9789350961957,"ORANGE EDUCATION",,,,,,"030/WOR",,,,,"SOCIAL SCIENCE",,,,65,,"BULSAR BOOK STORE",,,,"ENCYCLOPEDIA",
"CHILDREN'S ENCYCLOPEDIA SERIES: THE WORLD OF FACTS FAMOUS PLACES",,9789350961940,"ORANGE EDUCATION",,,,,,"030/WOR",,,,,"TRAVEL",,,,65,,"BULSAR BOOK STORE",,,,"ENCYCLOPEDIA",
"CHILDREN'S ENCYCLOPEDIA SERIES: THE WORLD OF FACTS EARTH",,9789350961933,"ORANGE EDUCATION",,,,,,"030/WOR",,,,,"SCIENCE",,,,65,,"BULSAR BOOK STORE",,,,"ENCYCLOPEDIA",
"CHILDREN'S ENCYCLOPEDIA SERIES: THE WORLD OF FACTS TRANSPORT",,9789350962176,"ORANGE EDUCATION",,,,,,"030/WOR",,,,,"SOCIAL SCIENCE",,,,65,,"BULSAR BOOK STORE",,,,"ENCYCLOPEDIA",
"CHILDREN'S ENCYCLOPEDIA SERIES: THE WORLD OF FACTS MOUNTAINS",,9789350962022,"ORANGE EDUCATION",,,,,,"030/WOR",,,,,"SOCIAL SCIENCE",,,,65,,"BULSAR BOOK STORE",,,,"ENCYCLOPEDIA",
"CHILDREN'S ENCYCLOPEDIA SERIES: THE WORLD OF FACTS MUMMIES & PYRAMIDS",,9789350962039,"ORANGE EDUCATION",,,,,,"030/WOR",,,,,"HISTORY",,,,65,,"BULSAR BOOK STORE",,,,"ENCYCLOPEDIA",
"CHILDREN'S ENCYCLOPEDIA SERIES: THE WORLD OF FACTS STORY OF THE PAST",,9789350962152,"ORANGE EDUCATION",,,,,,"030/WOR",,,,,"HISTORY",,,,65,,"BULSAR BOOK STORE",,,,"ENCYCLOPEDIA",
"CHILDREN'S ENCYCLOPEDIA SERIES: THE WORLD OF FACTS WONDERS",,9789350962237,"ORANGE EDUCATION",,,,,,"030/WOR",,,,,"TRAVEL",,,,65,,"BULSAR BOOK STORE",,,,"ENCYCLOPEDIA",
"CHILDREN'S ENCYCLOPEDIA SERIES: THE WORLD OF FACTS CAVES",,9789350961896,"ORANGE EDUCATION",,,,,,"030/WOR",,,,,"SOCIAL SCIENCE",,,,65,,"BULSAR BOOK STORE",,,,"ENCYCLOPEDIA",
"CHILDREN'S ENCYCLOPEDIA SERIES: THE WORLD OF FACTS PEOPLE OF THE WORLD",,9789350962077,"ORANGE EDUCATION",,,,,,"030/WOR",,,,,"SOCIAL SCIENCE",,,,65,,"BULSAR BOOK STORE",,,,"ENCYCLOPEDIA",
"CHILDREN'S ENCYCLOPEDIA SERIES: THE WORLD OF FACTS COMMUNICATION",,9789350961902,"ORANGE EDUCATION",,,,,,"030/WOR",,,,,"TECHNOLOGY",,,,65,,"BULSAR BOOK STORE",,,,"ENCYCLOPEDIA",
"CHILDREN'S ENCYCLOPEDIA SERIES: THE WORLD OF FACTS OCEANS & RIVERS",,9789350962053,"ORANGE EDUCATION",,,,,,"030/WOR",,,,,"SCIENCE",,,,65,,"BULSAR BOOK STORE",,,,"ENCYCLOPEDIA",
"CHILDREN'S ENCYCLOPEDIA SERIES: THE WORLD OF FACTS ATLAS OF THE WORLD",,9789350961865,"ORANGE EDUCATION",,,,,,"030/WOR",,,,,"SOCIAL SCIENCE",,,,65,,"BULSAR BOOK STORE",,,,"ENCYCLOPEDIA",
"CHILDREN'S ENCYCLOPEDIA SERIES: THE WORLD OF FACTS TRAVELLERS & EXPLORERS",,9789350962183,"ORANGE EDUCATION",,,,,,"030/WOR",,,,,"TRAVEL",,,,65,,"BULSAR BOOK STORE",,,,"ENCYCLOPEDIA",
"CHILDREN'S ENCYCLOPEDIA SERIES: THE WORLD OF FACTS MUSIC,DANCE & DRAMA",,9789350962046,"ORANGE EDUCATION",,,,,,"030/WOR",,,,,"ART",,,,65,,"BULSAR BOOK STORE",,,,"ENCYCLOPEDIA",
"CHILDREN'S ENCYCLOPEDIA SERIES: THE WORLD OF FACTS PAINTINGS & SCULPTURES",,9789350962060,"ORANGE EDUCATION",,,,,,"030/WOR",,,,,"ART",,,,65,,"BULSAR BOOK STORE",,,,"ENCYCLOPEDIA",
"CHILDREN'S ENCYCLOPEDIA SERIES: THE WORLD OF FACTS TOYS AND GADGETS",,9789350962169,"ORANGE EDUCATION",,,,,,"030/WOR",,,,,"TECHNOLOGY",,,,65,,"BULSAR BOOK STORE",,,,"ENCYCLOPEDIA",
"CHILDREN'S ENCYCLOPEDIA SERIES: THE WORLD OF FACTS CARTOON CHARACTERS",,9789350961889,"ORANGE EDUCATION",,,,,,"030/WOR",,,,,"ART",,,,65,,"BULSAR BOOK STORE",,,,"ENCYCLOPEDIA",
"CHILDREN'S ENCYCLOPEDIA SERIES: THE WORLD OF FACTS SPORTS",,9789350962145,"ORANGE EDUCATION",,,,,,"030/WOR",,,,,"SPORTS",,,,65,,"BULSAR BOOK STORE",,,,"ENCYCLOPEDIA",
"I WONDER WHY: STALACTITES HANG DOWN AND OTHER QUESTIONS ABOUT CAVES",,"978-0-7534-0817-9","KINGFISHER",2010,,,,,"001/GAF",,,,"GAFF.JACKIE;Author",,,,,125,,"BULSAR BOOK STORE",,,,"KNOWLEDGE",
"I WONDER WHY: THE SEA IS SALTY AND OTHER QUESTIONS ABOUT THE OCEANS",,"978-1-8569-7313-7","KINGFISHER",1995,,,,,"001/GAN",,,,"GANERI.ANITA;Author",,,,,125,,"BULSAR BOOK STORE",,,,"KNOWLEDGE",
"I WONDER WHY: THE WIND BLOWS AND OTHER QUESTIONS ABOUT OUR PLANET",,"978-1-8569-7230-7","KINGFISHER",2010,,,,,"001/GAN",,,,"GANERI.ANITA;Author",,,,,125,,"BULSAR BOOK STORE",,,,"KNOWLEDGE",
"I WONDER WHY: VOLCANOES BLOW THEIR TOPS AND OTHER QUESTIONS ABOUT NATURAL DISASTERS",,"978-0-7535-0935-0","KINGFISHER",2004,,,,,"001/GRE",,,,"GREENWOOD.ROSIE;Author",,,,,125,,"BULSAR BOOK STORE",,,,"KNOWLEDGE",
"I WONDER WHY: THE DODO IS DEAD AND OTHER QUESTIONS ABOUT EXTINCT AND ENDANGERED ANIMALS",,"978-0-7534-0010-4","KINGFISHER",1996,,,,,"001/CHA",,,,"CHARMAN.ANDREW;Author",,,,,125,,"BULSAR BOOK STORE",,,,"KNOWLEDGE",
"I WONDER WHY: ROMANS WORE TOGAS AND OTHER QUESTIONS ABOUT ANCIENT ROME",,"978-0-7534-0148-4","KINGFISHER",1997,,,,,"001/MAC",,,,"MACDONALD.FIONA;Author",,,,,125,,"BULSAR BOOK STORE",,,,"KNOWLEDGE",
"I WONDER WHY: TRICERATOPS HAD HORNS AND OTHER QUESTIONS ABOUT DINOSAURS",,"978-1-8569-7223-9","KINGFISHER",1994,,,,,"001/THE",,,,"THEODOROU.ROD;Author",,,,,125,,"BULSAR BOOK STORE",,,,"KNOWLEDGE",
"I WONDER WHY: THE SUN RISES AND OTHER QUESTIONS ABOUT TIME AND SEASONS",,"978-0-7534-0012-8","KINGFISHER",2010,,,,,"001/WAL",,,,"WALPOLE.BRENDA;Author",,,,,125,,"BULSAR BOOK STORE",,,,"KNOWLEDGE",
"I WONDER WHY: CATERPILLARS EAT SO MUCH AND OTHER QUESTIONS ABOUT ABOUT LIFE CYCLES",,"978-0-7534-1364-7","KINGFISHER",2010,,,,,"001/WEB",,,,"WEBER.BELINDA;Author",,,,,125,,"BULSAR BOOK STORE",,,,"KNOWLEDGE",
"I WONDER WHY: CAMELS HAVE HUMPS AND OTHER QUESTIONS ABOUT ANIMALS",,"978-1-8569-7101-0","KINGFISHER",1993,,,,,"001/GAN",,,,"GANERI.ANITA;Author",,,,,125,,"BULSAR BOOK STORE",,,,"KNOWLEDGE",
"I WONDER WHY: CHESTNUTS WEAR SHOES AND OTHER QUESTIONS ABOUT HORSES ",,"978-0-7534-0693-9","KINGFISHER",2002,,,,,"001/GAF",,,,"GAFF.JACKIE;Author",,,,,125,,"BULSAR BOOK STORE",,,,"KNOWLEDGE",
"I WONDER WHY: COLUMBUS CROSSED THE OCEAN AND OTHER QUESTIONS ABOUT EXPLORERS",,"978-0-7534-1099-8","KINGFISHER",2005,,,,,"001/GRE",,,,"GREENWOOD.ROSIE;Author",,,,,125,,"BULSAR BOOK STORE",,,,"KNOWLEDGE",
"I WONDER WHY: MOUNTAINS HAVE SNOW ON TOP AND OTHER QUESTIONS ABOUT MOUNTAINS",,"978-0-7534-0538-3","KINGFISHER",2010,,,,,"001/GAF",,,,"GAFF.JACKIE;Author",,,,,125,,"BULSAR BOOK STORE",,,,"KNOWLEDGE",
"I WONDER WHY: MY TUMMY RUMBLES AND OTHER QUESTIONS ABOUT MY BODY",,"978-1-8569-7103-4","KINGFISHER",1993,,,,,"001/AVI",,,,"AVISON.BRIGID;Author",,,,,125,,"BULSAR BOOK STORE",,,,"KNOWLEDGE",
"I WONDER WHY: LEMONS TASTE SOUR AND OTHER QUESTIONS ABOUT SENSES",,"978-0-7534-1442-2","KINGFISHER",2007,,,,,"001/CHA",,,,"CHANCELLOR.DEBORAH;Author",,,,,125,,"BULSAR BOOK STORE",,,,"KNOWLEDGE",
"I WONDER WHY: PLANES HAVE WINGS AND OTHER QUESTIONS ABOUT TRANSPORT",,"978-1-8569-7137-9","KINGFISHER",1993,,,,,"001/MAY",,,,"MAYNARD.CHRISTOPHER;Author",,,,,125,,"BULSAR BOOK STORE",,,,"KNOWLEDGE",
"I WONDER WHY: PINE TREES HAVE NEEDLES AND OTHER QUESTIONS ABOUT FORESTS",,"978-0-7534-1098-1","KINGFISHER",2005,,,,,"001/GAF",,,,"GAFF.JACKIE;Author",,,,,125,,"BULSAR BOOK STORE",,,,"KNOWLEDGE",
"I WONDER WHY:SOAP MAKES BUBBLES AND OTHER QUESTIONS ABOUT SCIENCE",,"978-1-8569-7228-4","KINGFISHER",1994,,,,,"001/TAY",,,,"TAYLOR.BARBARA;Author",,,,,125,,"BULSAR BOOK STORE",,,,"KNOWLEDGE",
"TWIN FAVOURITE FAIRY TALES 1",,9788181536846,"RAINBOW",2011,,,,,"823/FAI",,,,,"ENGISH",,,,25,,"BULSAR BOOK STORE",,,,"STORY",
"TWIN FAVOURITE FAIRY TALES 2",,9788181536853,"RAINBOW",2011,,,,,"823/FAI",,,,,"ENGISH",,,,25,,"BULSAR BOOK STORE",,,,"STORY",
"TWIN FAVOURITE FAIRY TALES 3",,9788181536860,"RAINBOW",2011,,,,,"823/FAI",,,,,"ENGISH",,,,25,,"BULSAR BOOK STORE",,,,"STORY",
"TWIN FAVOURITE FAIRY TALES 7",,9788181536907,"RAINBOW",2011,,,,,"823/FAI",,,,,"ENGISH",,,,25,,"BULSAR BOOK STORE",,,,"STORY",
"TWIN FAVOURITE FAIRY TALES 8",,9788181536914,"RAINBOW",2011,,,,,"823/FAI",,,,,"ENGISH",,,,25,,"BULSAR BOOK STORE",,,,"STORY",
"TWIN FAVOURITE FAIRY TALES 9",,9788181536921,"RAINBOW",2011,,,,,"823/FAI",,,,,"ENGISH",,,,25,,"BULSAR BOOK STORE",,,,"STORY",
"TWIN FAVOURITE FAIRY TALES 10",,9788181536938,"RAINBOW",2011,,,,,"823/FAI",,,,,"ENGISH",,,,25,,"BULSAR BOOK STORE",,,,"STORY",
"TWIN FAVOURITE FAIRY TALES 12",,9788181536952,"RAINBOW",2011,,,,,"823/FAI",,,,,"ENGISH",,,,25,,"BULSAR BOOK STORE",,,,"STORY",
"FAIRY TALES : THE GARDEN OF PARADISE",,"81-8153-014-4","RAINBOW",,,,,,"823/FAI",,,,,"ENGISH",,,,20,,"BULSAR BOOK STORE",,,,"STORY",
"FAIRY TALES : THE BOASTFUL BEETLE",,"81-8153-016-0","RAINBOW",,,,,,"823/FAI",,,,,"ENGISH",,,,20,,"BULSAR BOOK STORE",,,,"STORY",
"FAIRY TALES : THE PROUD PRINCESS",,"81-8153-013-6","RAINBOW",,,,,,"823/FAI",,,,,"ENGISH",,,,20,,"BULSAR BOOK STORE",,,,"STORY",
"FAIRY TALES : MARY AND THE WHITE DOVE",,"81-8153-011-X","RAINBOW",,,,,,"823/FAI",,,,,"ENGISH",,,,20,,"BULSAR BOOK STORE",,,,"STORY",
"FAIRY TALES : CATHERINE AND THE THREE DWARFS",,"81-8153-008-X","RAINBOW",,,,,,"823/FAI",,,,,"ENGISH",,,,20,,"BULSAR BOOK STORE",,,,"STORY",
"FAIRY TALES : THE TREASURE IN THE MOUNTAIN",,"81-8153-012-8","RAINBOW",,,,,,"823/FAI",,,,,"ENGISH",,,,20,,"BULSAR BOOK STORE",,,,"STORY",
"FAIRY TALES : THE EMPEROR AND THE FALSE WEAVERS",,"81-8153-019-5","RAINBOW",,,,,,"823/FAI",,,,,"ENGISH",,,,20,,"BULSAR BOOK STORE",,,,"STORY",
"FAIRY TALES : THE FISHERMAN'S GREEDY WIFE",,"81-8153-018-7","RAINBOW",,,,,,"823/FAI",,,,,"ENGISH",,,,20,,"BULSAR BOOK STORE",,,,"STORY",
"FAIRY TALES : THE CRYSTAL BALL",,"81-8153-009-8","RAINBOW",,,,,,"823/FAI",,,,,"ENGISH",,,,20,,"BULSAR BOOK STORE",,,,"STORY",
"FAIRY TALES : THE FAIRY'S SPECIAL GIFTS",,"81-8153-010-1","RAINBOW",,,,,,"823/FAI",,,,,"ENGISH",,,,20,,"BULSAR BOOK STORE",,,,"STORY",
"FAIRY TALES : THE WOOD-CUTTER'S THREE WISHES",,"81-8153-017-9","RAINBOW",,,,,,"823/FAI",,,,,"ENGISH",,,,20,,"BULSAR BOOK STORE",,,,"STORY",
"FAIRY TALES : THE FYLING TRUNK",,"81-8153-015-2","RAINBOW",,,,,,"823/FAI",,,,,"ENGISH",,,,20,,"BULSAR BOOK STORE",,,,"STORY",
"5-IN-1 LOVELY STORIES 1",,9788181534866,"RAINBOW",2009,,,,,"823/LOV",,,,,"ENGISH",,,,30,,"BULSAR BOOK STORE",,,,"STORY",
"5-IN-1 LOVELY STORIES 2",,9788181534873,"RAINBOW",2009,,,,,"823/LOV",,,,,"ENGISH",,,,30,,"BULSAR BOOK STORE",,,,"STORY",
"5-IN-1 LOVELY STORIES 3",,9788181534880,"RAINBOW",2009,,,,,"823/LOV",,,,,"ENGISH",,,,30,,"BULSAR BOOK STORE",,,,"STORY",
"5-IN-1 LOVELY STORIES 4",,9788181534897,"RAINBOW",2009,,,,,"823/LOV",,,,,"ENGISH",,,,30,,"BULSAR BOOK STORE",,,,"STORY",
"5-IN-1 LOVELY STORIES 5",,9788181534903,"RAINBOW",2009,,,,,"823/LOV",,,,,"ENGISH",,,,30,,"BULSAR BOOK STORE",,,,"STORY",
"5-IN-1 LOVELY STORIES 6",,9788181534910,"RAINBOW",2009,,,,,"823/LOV",,,,,"ENGISH",,,,30,,"BULSAR BOOK STORE",,,,"STORY",
"5-IN-1 LOVELY STORIES 7 ",,9788181534927,"RAINBOW",2009,,,,,"823/LOV",,,,,"ENGISH",,,,30,,"BULSAR BOOK STORE",,,,"STORY",
"5-IN-1 LOVELY STORIES 8",,9788181534934,"RAINBOW",2009,,,,,"823/LOV",,,,,"ENGISH",,,,30,,"BULSAR BOOK STORE",,,,"STORY",
"5-IN-1 LOVELY STORIES 9",,9788181534941,"RAINBOW",2009,,,,,"823/LOV",,,,,"ENGISH",,,,30,,"BULSAR BOOK STORE",,,,"STORY",
"5-IN-1 LOVELY STORIES 10",,9788181534958,"RAINBOW",2009,,,,,"823/LOV",,,,,"ENGISH",,,,30,,"BULSAR BOOK STORE",,,,"STORY",
"5-IN-1 LOVELY STORIES 11",,9788181534965,"RAINBOW",2009,,,,,"823/LOV",,,,,"ENGISH",,,,30,,"BULSAR BOOK STORE",,,,"STORY",
"5-IN-1 LOVELY STORIES 12",,9788181534972,"RAINBOW",2009,,,,,"823/LOV",,,,,"ENGISH",,,,30,,"BULSAR BOOK STORE",,,,"STORY",
"GOODNIGHT STORIES : THREE LITTLE PIGS; 2",,9788181537171,"RAINBOW",2011,,,,,"823/THR",,,,,"ENGISH",,,,45,,"BULSAR BOOK STORE",,,,"STORY",
"GOODNIGHT STORIES : HANSEL AND GRETEL; 7",,9788181537225,"RAINBOW",2011,,,,,"823/HAN",,,,,"ENGISH",,,,45,,"BULSAR BOOK STORE",,,,"STORY",
"GOODNIGHT STORIES : THE SLEEPING BEAUTY; 5",,9788181537201,"RAINBOW",2011,,,,,"823/SLE",,,,,"ENGISH",,,,45,,"BULSAR BOOK STORE",,,,"STORY",
"GOODNIGHT STORIES : THE UGLY DUCKLING; 8",,9788181537232,"RAINBOW",2011,,,,,"823/UGL",,,,,"ENGISH",,,,45,,"BULSAR BOOK STORE",,,,"STORY",
"GOODNIGHT STORIES : THE THREE BILLY GOATS GRUFF; 1",,9788181537164,"RAINBOW",2011,,,,,"823/THR",,,,,"ENGISH",,,,45,,"BULSAR BOOK STORE",,,,"STORY",
"GOODNIGHT STORIES : PINOCCHIO; 3",,9788181537188,"RAINBOW",2011,,,,,"823/PIN",,,,,"ENGISH",,,,45,,"BULSAR BOOK STORE",,,,"STORY",
"GOODNIGHT STORIES : ADVENTURE OF PETER PAN; 6",,9788181537218,"RAINBOW",2011,,,,,"823/ADV",,,,,"ENGISH",,,,45,,"BULSAR BOOK STORE",,,,"STORY",
"BIG BOOK OF PANCHTANTRA STORIES 1",,9788181536136,"RAINBOW",2010,,,,,"823/PAN",,,,,"ENGISH",,,,150,,"BULSAR BOOK STORE",,,,"STORY",
"BIG BOOK OF PANCHTANTRA STORIES 2",,9788181536143,"RAINBOW",2010,,,,,"823/PAN",,,,,"ENGISH",,,,150,,"BULSAR BOOK STORE",,,,"STORY",
"ONCE UPON A TIME 1",,9788181535177,"RAINBOW",2011,,,,,"823/ONC",,,,,"ENGISH",,,,150,,"BULSAR BOOK STORE",,,,"STORY",
"ONCE UPON A TIME 2",,9788181535184,"RAINBOW",2011,,,,,"823/ONC",,,,,"ENGISH",,,,150,,"BULSAR BOOK STORE",,,,"STORY",
"ONCE UPON A TIME 3",,9788181535191,"RAINBOW",2011,,,,,"823/ONC",,,,,"ENGISH",,,,150,,"BULSAR BOOK STORE",,,,"STORY",
"PRE-SCHOOL STORY BOOK: GOLDILOCKS AND THE THREE BEARS",,"978-81-8153-102-7","RAINBOW",2013,,,,,"823/GOL",,,,,"ENGISH",,,,50,,"BULSAR BOOK STORE",,,,"STORY",
"PRE-SCHOOL STORY BOOK:  CINDERELLA",,"978-81-8153-100-0","RAINBOW",2013,,,,,"823/CIN",,,,,"ENGISH",,,,50,,"BULSAR BOOK STORE",,,,"STORY",
"PRE-SCHOOL STORY BOOK: THE MAGIC HORSE",,"978-81-8153-105-1","RAINBOW",2013,,,,,"823/MAG",,,,,"ENGISH",,,,50,,"BULSAR BOOK STORE",,,,"STORY",
"PRE-SCHOOL STORY BOOK: PINOCCHIO",,"978-81-8153-106-x","RAINBOW",2013,,,,,"823/PIN",,,,,"ENGISH",,,,50,,"BULSAR BOOK STORE",,,,"STORY",
"PRE-SCHOOL STORY BOOK:  THE LITTLE RED RIDING HOOD",,"978-81-8153-104-3","RAINBOW",2013,,,,,"823/LIT",,,,,"ENGISH",,,,50,,"BULSAR BOOK STORE",,,,"STORY",
"PRE-SCHOOL STORY BOOK: THE PUSS IN THE BOOTS",,"978-81-8153-107-8","RAINBOW",2013,,,,,"823/PUS",,,,,"ENGISH",,,,50,,"BULSAR BOOK STORE",,,,"STORY",
"PRE-SCHOOL STORY BOOK: TOM THUMB",,"978-81-8153-111-6","RAINBOW",2013,,,,,"823/TOM",,,,,"ENGISH",,,,50,,"BULSAR BOOK STORE",,,,"STORY",
"PRE-SCHOOL STORY BOOK: THE BLUE BIRD",,"978-81-8153-109-4","RAINBOW",2013,,,,,"823/BLU",,,,,"ENGISH",,,,50,,"BULSAR BOOK STORE",,,,"STORY",
"PRE-SCHOOL STORY BOOK: HANSEL AND GRETEL",,"978-81-8153-103-5","RAINBOW",2013,,,,,"823/HAN",,,,,"ENGISH",,,,50,,"BULSAR BOOK STORE",,,,"STORY",
"PRE-SCHOOL STORY BOOK: THUMBELINA",,"978-81-8153-110-8","RAINBOW",2013,,,,,"823/THU",,,,,"ENGISH",,,,50,,"BULSAR BOOK STORE",,,,"STORY",
"PRE-SCHOOL STORY BOOK: EMPEROR'S NIGHTINGALE",,"978-81-8153-101-9","RAINBOW",2013,,,,,"823/EMP",,,,,"ENGISH",,,,50,,"BULSAR BOOK STORE",,,,"STORY",
"PRE-SCHOOL STORY BOOK: SINDBAD THE SAILOR",,"978-81-8153-108-6","RAINBOW",2013,,,,,"823/SIN",,,,,"ENGISH",,,,50,,"BULSAR BOOK STORE",,,,"STORY",
"PANCHTANTRA STORIES 1",,9788181535054,"RAINBOW",2010,,,,,"823/PAN",,,,,"ENGISH",,,,45,,"BULSAR BOOK STORE",,,,"STORY",
"PANCHTANTRA STORIES 2",,9788181535061,"RAINBOW",2010,,,,,"823/PAN",,,,,"ENGISH",,,,45,,"BULSAR BOOK STORE",,,,"STORY",
"PANCHTANTRA STORIES 3",,9788181535078,"RAINBOW",2010,,,,,"823/PAN",,,,,"ENGISH",,,,45,,"BULSAR BOOK STORE",,,,"STORY",
"PANCHTANTRA STORIES 4",,9788181535085,"RAINBOW",2010,,,,,"823/PAN",,,,,"ENGISH",,,,45,,"BULSAR BOOK STORE",,,,"STORY",
"PANCHTANTRA STORIES 5",,9788181535092,"RAINBOW",2010,,,,,"823/PAN",,,,,"ENGISH",,,,45,,"BULSAR BOOK STORE",,,,"STORY",
"PANCHTANTRA STORIES 6",,9788181535108,"RAINBOW",2010,,,,,"823/PAN",,,,,"ENGISH",,,,45,,"BULSAR BOOK STORE",,,,"STORY",
"PANCHTANTRA STORIES 7",,9788181535115,"RAINBOW",2010,,,,,"823/PAN",,,,,"ENGISH",,,,45,,"BULSAR BOOK STORE",,,,"STORY",
"PANCHTANTRA STORIES 8",,9788181535122,"RAINBOW",2010,,,,,"823/PAN",,,,,"ENGISH",,,,45,,"BULSAR BOOK STORE",,,,"STORY",
"DADA-DADI KI KAHANIYA 3",,9788181534071,"RAINBOW",2009,,,,,"891.43301/DAD",,,,,"HINDI",,,,40,,"BULSAR BOOK STORE",,,,"STORY",
"DADA-DADI KI KAHANIYA 4",,9788181534088,"RAINBOW",2009,,,,,"891.43301/DAD",,,,,"HINDI",,,,40,,"BULSAR BOOK STORE",,,,"STORY",
"DADA-DADI KI KAHANIYA 5",,9788181534095,"RAINBOW",2009,,,,,"891.43301/DAD",,,,,"HINDI",,,,40,,"BULSAR BOOK STORE",,,,"STORY",
"DADA-DADI KI KAHANIYA 6",,9788181534101,"RAINBOW",2009,,,,,"891.43301/DAD",,,,,"HINDI",,,,40,,"BULSAR BOOK STORE",,,,"STORY",
"DADA-DADI KI KAHANIYA 7",,9788181534118,"RAINBOW",2009,,,,,"891.43301/DAD",,,,,"HINDI",,,,40,,"BULSAR BOOK STORE",,,,"STORY",
"DADA-DADI KI KAHANIYA 8",,9788181534125,"RAINBOW",2009,,,,,"891.43301/DAD",,,,,"HINDI",,,,40,,"BULSAR BOOK STORE",,,,"STORY",
"NANCY DREW GRAPHIC NOVEL : WRIT IN STONE",,"978-81-286-3030-9","EURO KIDS",2011,,,,,"823/PET",,,,"PETRUCHA.STEFAN;Author","ENGISH",,,,85,,"BULSAR BOOK STORE",,,,"FICTION",
"NANCY DREW GRAPHIC NOVEL : THE HAUNTED DOLLHOUSE",,"978-81-286-3031-6","EURO KIDS",2011,,,,,"823/PET",,,,"PETRUCHA.STEFAN;Author","ENGISH",,,,85,,"BULSAR BOOK STORE",,,,"FICTION",
"NANCY DREW GRAPHIC NOVEL : DOGGONE TOWN",,"978-81-286-3041-5","EURO KIDS",2011,,,,,"823/PET",,,,"PETRUCHA.STEFAN;Author KINNEY.SARAH;Author","ENGISH",,,,85,,"BULSAR BOOK STORE",,,,"FICTION",
"NANCY DREW GRAPHIC NOVEL : GLOBAL WARNING",,"978-81-286-3036-1","EURO KIDS",2011,,,,,"823/PET",,,,"PETRUCHA.STEFAN;Author","ENGISH",,,,85,,"BULSAR BOOK STORE",,,,"FICTION",
"NANCY DREW GRAPHIC NOVEL : THE DISORIENTED EXPRESS",,"978-81-286-3038-5","EURO KIDS",2011,,,,,"823/PET",,,,"PETRUCHA.STEFAN;Author KINNEY.SARAH;Author","ENGISH",,,,85,,"BULSAR BOOK STORE",,,,"FICTION",
"NANCY DREW GRAPHIC NOVEL : MONKEY WRENCH BLUES",,"978-81-286-3039-2","EURO KIDS",2011,,,,,"823/PET",,,,"PETRUCHA.STEFAN;Author KINNEY.SARAH;Author","ENGISH",,,,85,,"BULSAR BOOK STORE",,,,"FICTION",
"NANCY DREW GRAPHIC NOVEL : SLEIGHT OF DAN",,"978-81-286-3042-2","EURO KIDS",2011,,,,,"823/PET",,,,"PETRUCHA.STEFAN;Author","ENGISH",,,,85,,"BULSAR BOOK STORE",,,,"FICTION",
"NANCY DREW GRAPHIC NOVEL : MR. CHEETERS IS MISSING",,"978-81-286-3034-7","EURO KIDS",2011,,,,,"823/PET",,,,"PETRUCHA.STEFAN;Author","ENGISH",,,,85,,"BULSAR BOOK STORE",,,,"FICTION",
"NANCY DREW GRAPHIC NOVEL : THE DEMON OF RIVER HEIGHTS",,"978-81-286-3029-3","EURO KIDS",2011,,,,,"823/PET",,,,"PETRUCHA.STEFAN;Author","ENGISH",,,,85,,"BULSAR BOOK STORE",,,,"FICTION",
"NANCY DREW GRAPHIC NOVEL : THE FAKE HEIR",,"978-81-286-3033-0","EURO KIDS",2011,,,,,"823/PET",,,,"PETRUCHA.STEFAN;Author","ENGISH",,,,85,,"BULSAR BOOK STORE",,,,"FICTION",
"NANCY DREW GRAPHIC NOVEL : THE GIRL WHO WASN'T THERE",,"978-81-286-3032-3","EURO KIDS",2011,,,,,"823/PET",,,,"PETRUCHA.STEFAN;Author","ENGISH",,,,85,,"BULSAR BOOK STORE",,,,"FICTION",
"AMAZING MYSTERIES: UNSOLVED CRIMES",,"978-81-286-3209-9","EURO KIDS",2012,,,,,"823/TOW",,,,"TOWNSEND.JOHN;Author","ENGISH",,,,60,,"BULSAR BOOK STORE",,,,"FICTION",
"AMAZING MYSTERIES: MESSAGES FROM BEYOND",,"978-81-286-3205-1","EURO KIDS",2012,,,,,"823/RON",,,,"ROONEY.ANNE;Author","ENGISH",,,,60,,"BULSAR BOOK STORE",,,,"FICTION",
"AMAZING MYSTERIES: GONE MISSING",,"978-81-286-3204-4","EURO KIDS",2012,,,,,"823/TOW",,,,"TOWNSEND.JOHN;Author","ENGISH",,,,60,,"BULSAR BOOK STORE",,,,"FICTION",
"AMAZING MYSTERIES: STRANGE PLACES",,"978-81-286-3207-5","EURO KIDS",2012,,,,,"823/ROO",,,,"ROONEY.ANNE;Author","ENGISH",,,,60,,"BULSAR BOOK STORE",,,,"FICTION",
"AMAZING MYSTERIES: UFOS AND ALIENS",,"978-81-286-3208-2","EURO KIDS",2012,,,,,"823/ROO",,,,"ROONEY.ANNE;Author","ENGISH",,,,60,,"BULSAR BOOK STORE",,,,"FICTION",
"AMAZING MYSTERIES: STRANGE CREATURES",,"978-81-286-3206-8","EURO KIDS",2012,,,,,"823/TOW",,,,"TOWNSEND.JOHN;Author","ENGISH",,,,60,,"BULSAR BOOK STORE",,,,"FICTION",
"GREAT SCIENTISTS: CHARLES DARWIN",,9788178132952,"SUNRISE PUBLISHERS",,,,,,"925/GRE",,,,,"SCIENCE",,,,40,,"BULSAR BOOK STORE",,,,"BIOGRAPHY",
"GREAT SCIENTISTS: CHARLES DARWIN",,9788178132952,"SUNRISE PUBLISHERS",,,,,,"925/GRE",,,,,"SCIENCE",,,,40,,"BULSAR BOOK STORE",,,,"BIOGRAPHY",
"GREAT SCIENTISTS: GALILEO GALILEI",,9788178132945,"SUNRISE PUBLISHERS",,,,,,"925/GRE",,,,,"SCIENCE",,,,40,,"BULSAR BOOK STORE",,,,"BIOGRAPHY",
"GREAT SCIENTISTS: GALILEO GALILEI",,9788178132945,"SUNRISE PUBLISHERS",,,,,,"925/GRE",,,,,"SCIENCE",,,,40,,"BULSAR BOOK STORE",,,,"BIOGRAPHY",
"GREAT SCIENTISTS: JAMES WATT",,9788178132976,"SUNRISE PUBLISHERS",,,,,,"925/GRE",,,,,"SCIENCE",,,,40,,"BULSAR BOOK STORE",,,,"BIOGRAPHY",
"GREAT SCIENTISTS: JAMES WATT",,9788178132976,"SUNRISE PUBLISHERS",,,,,,"925/GRE",,,,,"SCIENCE",,,,40,,"BULSAR BOOK STORE",,,,"BIOGRAPHY",
"GREAT SCIENTISTS: SIR ISAAC NEWTON",,9788178133010,"SUNRISE PUBLISHERS",,,,,,"925/GRE",,,,,"SCIENCE",,,,40,,"BULSAR BOOK STORE",,,,"BIOGRAPHY",
"GREAT SCIENTISTS: SIR ISAAC NEWTON",,9788178133010,"SUNRISE PUBLISHERS",,,,,,"925/GRE",,,,,"SCIENCE",,,,40,,"BULSAR BOOK STORE",,,,"BIOGRAPHY",
"GREAT SCIENTISTS: MARIE CURIE",,9788178132983,"SUNRISE PUBLISHERS",,,,,,"925/GRE",,,,,"SCIENCE",,,,40,,"BULSAR BOOK STORE",,,,"BIOGRAPHY",
"GREAT SCIENTISTS: MARIE CURIE",,9788178132983,"SUNRISE PUBLISHERS",,,,,,"925/GRE",,,,,"SCIENCE",,,,40,,"BULSAR BOOK STORE",,,,"BIOGRAPHY",
"GREAT SCIENTISTS: ALEXANDER GRAHAM BELL",,9788178132969,"SUNRISE PUBLISHERS",,,,,,"925/GRE",,,,,"SCIENCE",,,,40,,"BULSAR BOOK STORE",,,,"BIOGRAPHY",
"GREAT SCIENTISTS: ALEXANDER GRAHAM BELL",,9788178132969,"SUNRISE PUBLISHERS",,,,,,"925/GRE",,,,,"SCIENCE",,,,40,,"BULSAR BOOK STORE",,,,"BIOGRAPHY",
"GREAT SCIENTISTS: THOMAS ALVA EDISON",,9788178133034,"SUNRISE PUBLISHERS",,,,,,"925/GRE",,,,,"SCIENCE",,,,40,,"BULSAR BOOK STORE",,,,"BIOGRAPHY",
"GREAT SCIENTISTS: THOMAS ALVA EDISON",,9788178133034,"SUNRISE PUBLISHERS",,,,,,"925/GRE",,,,,"SCIENCE",,,,40,,"BULSAR BOOK STORE",,,,"BIOGRAPHY",
"GREAT SCIENTISTS: GUGLIELMO MARCONI",,9788178132990,"SUNRISE PUBLISHERS",,,,,,"925/GRE",,,,,"SCIENCE",,,,40,,"BULSAR BOOK STORE",,,,"BIOGRAPHY",
"GREAT SCIENTISTS: GUGLIELMO MARCONI",,9788178132990,"SUNRISE PUBLISHERS",,,,,,"925/GRE",,,,,"SCIENCE",,,,40,,"BULSAR BOOK STORE",,,,"BIOGRAPHY",
"GREAT SCIENTISTS: WRIGHT BROTHERS",,9788178133027,"SUNRISE PUBLISHERS",,,,,,"925/GRE",,,,,"SCIENCE",,,,40,,"BULSAR BOOK STORE",,,,"BIOGRAPHY",
"GREAT SCIENTISTS: WRIGHT BROTHERS",,9788178133027,"SUNRISE PUBLISHERS",,,,,,"925/GRE",,,,,"SCIENCE",,,,40,,"BULSAR BOOK STORE",,,,"BIOGRAPHY",
"GREAT SCIENTISTS: ALBERT EINSTEIN",,9788178133003,"SUNRISE PUBLISHERS",,,,,,"925/GRE",,,,,"SCIENCE",,,,40,,"BULSAR BOOK STORE",,,,"BIOGRAPHY",
"GREAT SCIENTISTS: ALBERT EINSTEIN",,9788178133003,"SUNRISE PUBLISHERS",,,,,,"925/GRE",,,,,"SCIENCE",,,,40,,"BULSAR BOOK STORE",,,,"BIOGRAPHY",
"PHONICS: FIRST SOUNDS",,"978-81-207-6663-1","STERLING",2011,,,,,"428/PHO",,,,,,,,,55,,"BULSAR BOOK STORE",,,,"LANGAUGE",
"PHONICS: SAME SOUNDS",,"978-81-207-6664-8","STERLING",2011,,,,,"428/PHO",,,,,,,,,55,,"BULSAR BOOK STORE",,,,"LANGAUGE",
"PHONICS: VOWEL SOUNDS",,"978-81-207-6665-5","STERLING",2011,,,,,"428/PHO",,,,,,,,,55,,"BULSAR BOOK STORE",,,,"LANGAUGE",
"PHONICS: SOUNDS LETTERS MAKE",,"978-81-207-6666-2","STERLING",2011,,,,,"428/PHO",,,,,,,,,55,,"BULSAR BOOK STORE",,,,"LANGAUGE",
"PHONICS: BUILDING WITH SOUNDS",,"978-81-207-6667-9","STERLING",2011,,,,,"428/PHO",,,,,,,,,55,,"BULSAR BOOK STORE",,,,"LANGAUGE",
"PHONICS: BLENDING SOUNDS",,"978-81-207-6668-6","STERLING",2011,,,,,"428/PHO",,,,,,,,,55,,"BULSAR BOOK STORE",,,,"LANGAUGE",
"PHONICS: JOINING SOUNDS",,"978-81-207-6669-3","STERLING",2011,,,,,"428/PHO",,,,,,,,,55,,"BULSAR BOOK STORE",,,,"LANGAUGE",
"PHONICS: SILENT LETTERS",,"978-81-207-6670-9","STERLING",2011,,,,,"428/PHO",,,,,,,,,55,,"BULSAR BOOK STORE",,,,"LANGAUGE",
"THE TAMING OF THE SHREW",,"978-1-40830-505-8","ORCHARDBOOKS",2010,,,,,"823/SHA",,,,"SHAKESPEARE.WILLIAM;Author","ENGISH",,,,110,,"BULSAR BOOK STORE",,,,"FICTION",
"ANTONY AND CLEOPATRA",,"978-1-84121-338-5","ORCHARDBOOKS",2003,,,,,"823/SHA",,,,"SHAKESPEARE.WILLIAM;Author","ENGISH",,,,110,,"BULSAR BOOK STORE",,,,"FICTION",
"AS YOU LIKE IT",,"978-1-84616-187-2","ORCHARDBOOKS",2007,,,,,"823/SHA",,,,"SHAKESPEARE.WILLIAM;Author","ENGISH",,,,110,,"BULSAR BOOK STORE",,,,"FICTION",
"HENRY V",,"978-1-84121-342-2","ORCHARDBOOKS",2003,,,,,"823/SHA",,,,"SHAKESPEARE.WILLIAM;Author","ENGISH",,,,110,,"BULSAR BOOK STORE",,,,"FICTION",
"HAMLET",,"978-1-84121-340-8","ORCHARDBOOKS",2003,,,,,"823/SHA",,,,"SHAKESPEARE.WILLIAM;Author","ENGISH",,,,110,,"BULSAR BOOK STORE",,,,"FICTION",
"MUCH ADO ABOUT NOTHING",,"978-1-84616-183-4","ORCHARDBOOKS",2010,,,,,"823/SHA",,,,"SHAKESPEARE.WILLIAM;Author","ENGISH",,,,110,,"BULSAR BOOK STORE",,,,"FICTION",
"THE MERCHANT OF VENICE",,"978-1-40830-504-1","ORCHARDBOOKS",2010,,,,,"823/SHA",,,,"SHAKESPEARE.WILLIAM;Author","ENGISH",,,,110,,"BULSAR BOOK STORE",,,,"FICTION",
"A MIDSUMMER NIGHT'S DREAM",,"978-1-84121-332-3","ORCHARDBOOKS",2003,,,,,"823/SHA",,,,"SHAKESPEARE.WILLIAM;Author","ENGISH",,,,110,,"BULSAR BOOK STORE",,,,"FICTION",
"OTHELLO",,"978-1-84616-184-1","ORCHARDBOOKS",2007,,,,,"823/SHA",,,,"SHAKESPEARE.WILLIAM;Author","ENGISH",,,,110,,"BULSAR BOOK STORE",,,,"FICTION",
"THE TEMPEST",,"978-1-84121-346-0","ORCHARDBOOKS",2003,,,,,"823/SHA",,,,"SHAKESPEARE.WILLIAM;Author","ENGISH",,,,110,,"BULSAR BOOK STORE",,,,"FICTION",
"TWELFTH NIGHT",,"978-1-84121-334-7","ORCHARDBOOKS",2003,,,,,"823/SHA",,,,"SHAKESPEARE.WILLIAM;Author","ENGISH",,,,110,,"BULSAR BOOK STORE",,,,"FICTION",
"RICHARD III",,"978-1-84616-185-8","ORCHARDBOOKS",2007,,,,,"823/SHA",,,,"SHAKESPEARE.WILLIAM;Author","ENGISH",,,,110,,"BULSAR BOOK STORE",,,,"FICTION",
"JULIUS CAESAR",,"978-1-40830-506-5","ORCHARDBOOKS",2010,,,,,"823/SHA",,,,"SHAKESPEARE.WILLIAM;Author","ENGISH",,,,110,,"BULSAR BOOK STORE",,,,"FICTION",
"MACBETH",,"978-1-84121-344-6","ORCHARDBOOKS",2003,,,,,"823/SHA",,,,"SHAKESPEARE.WILLIAM;Author","ENGISH",,,,110,,"BULSAR BOOK STORE",,,,"FICTION",
"KING LEAR",,"978-1-40830-503-4","ORCHARDBOOKS",2010,,,,,"823/SHA",,,,"SHAKESPEARE.WILLIAM;Author","ENGISH",,,,110,,"BULSAR BOOK STORE",,,,"FICTION",
"ROMEO AND JULIET",,"978-1-84121-336-1","ORCHARDBOOKS",2003,,,,,"823/SHA",,,,"SHAKESPEARE.WILLIAM;Author","ENGISH",,,,110,,"BULSAR BOOK STORE",,,,"FICTION",
"MACMILLAN POETRY: SHORT VISIT, LONG STAY",,"978-1-4472-0020-8","MACMILLAN",2011,,,,,"821/MOS",,,,"MOSES.BRIAN;Author",,,,,110,,"BULSAR BOOK STORE",,,,"ENGLISH POETRY",
"MACMILLAN POETRY: MY GANG",,"978-0-330-54592-1","MACMILLAN",2011,,,,,"821/MOS",,,,"MOSES.BRIAN;Author",,,,,110,,"BULSAR BOOK STORE",,,,"ENGLISH POETRY",
"MACMILLAN POETRY: I'M IN LOVE WITH A SLUG",,"978-1-4472-0171-7","MACMILLAN",2011,,,,,"821/MOS",,,,"MOSES.BRIAN;Author",,,,,110,,"BULSAR BOOK STORE",,,,"ENGLISH POETRY",
"MACMILLAN POETRY: THE EVIL DOCTOR MUCUS SPLEEN",,"978-0-330-54589-1","MACMILLAN",2011,,,,,"821/COO",,,,"COOKSON.PAUL;Author",,,,,110,,"BULSAR BOOK STORE",,,,"ENGLISH POETRY",
"MACMILLAN POETRY: ARE WE NEARLY THERE YET?",,"978-1-4472-0170-0","MACMILLAN",2011,,,,,"821/MOS",,,,"MOSES.BRIAN;Author",,,,,110,,"BULSAR BOOK STORE",,,,"ENGLISH POETRY",
"MACMILLAN POETRY: THEY THINK IT'S ALL OVER!",,"978-0-330-54590-7","MACMILLAN",2011,,,,,"821/ORM",,,,"ORME.DAVID;Author",,,,,110,,"BULSAR BOOK STORE",,,,"ENGLISH POETRY",
"MACMILLAN POETRY: THE AMAZING CAPTAIN CONCORDE",,"978-1-4472-0172-4","MACMILLAN",2011,,,,,"821/COO",,,,"COOKSON.PAUL;Author",,,,,110,,"BULSAR BOOK STORE",,,,"ENGLISH POETRY",
"MACMILLAN POETRY: ALIENS STOLE MY UNDERPANTS",,"978-1-4472-0169-4","MACMILLAN",2011,,,,,"821/MOS",,,,"MOSES.BRIAN;Author",,,,,110,,"BULSAR BOOK STORE",,,,"ENGLISH POETRY",
"MACMILLAN POETRY: A SEA CREATURE ATE MY TEACHER",,"978-1-4472-0019-2","MACMILLAN",2011,,,,,"821/MOS",,,,"MOSES.BRIAN;Author",,,,,110,,"BULSAR BOOK STORE",,,,"ENGLISH POETRY",
"MACMILLAN POETRY: MORE SECRET LIVES OF TEACHERS",,"978-1-4472-0017-8","MACMILLAN",2011,,,,,"821/MOS",,,,"MOSES.BRIAN;Author",,,,,110,,"BULSAR BOOK STORE",,,,"ENGLISH POETRY",
"NELSON MANDELA",,"978-0-7613-4376-9","LERNER(SHREE)",2009,,,,,"920/BOO",,,,"BOOTHROYD.JENNIFER ;Author",,,,,110,,"BULSAR BOOK STORE",,,,"BIOGRAHY",
"MOTHER TERESA",,"978-0-7613-4375-2","LERNER(SHREE)",2009,,,,,"920/NEL",,,,"NELSON.ROBIN;Author",,,,,110,,"BULSAR BOOK STORE",,,,"BIOGRAHY",
"MARTIN LUTHER KING",,"978-0-7613-4373-8","LERNER(SHREE)",2009,,,,,"920/RIV",,,,"RIVERA.SHEILA ;Author",,,,,110,,"BULSAR BOOK STORE",,,,"BIOGRAHY",
"MOHANDAS GANDHI",,"978-0-7613-4374-5","LERNER(SHREE)",2009,,,,,"920/RIV",,,,"RIVERA.SHEILA ;Author",,,,,110,,"BULSAR BOOK STORE",,,,"BIOGRAHY",
"THE DALAI LAMA",,"978-0-7613-4377-6","LERNER(SHREE)",2009,,,,,"920/RIV",,,,"RIVERA.SHEILA ;Author",,,,,110,,"BULSAR BOOK STORE",,,,"BIOGRAHY",
"ALEXANDER GRAHAM BELL",,"978-0-7613-4372-1","LERNER(SHREE)",2009,,,,,"920/RIV",,,,"RIVERA.SHEILA ;Author",,,,,110,,"BULSAR BOOK STORE",,,,"BIOGRAHY",
"LITTLE LAMB LOST",,"978-1-60992-127-9","QEB PUBLICATION(SILVER DOLPHIN)",2011,,,,,"823/BED",,,,"BEDFORD.DAVID;Author SAPP.KAREN;Author","ENGISH",,,,125,,"BULSAR BOOK STORE",,,,"STORY",
"THE BIG",,"978-1-60992-128-6","QEB PUBLICATION(SILVER DOLPHIN)",2007,,,,,"823/CAS",,,,"CASTLE.CAROLINE;Author","ENGISH",,,,125,,"BULSAR BOOK STORE",,,,"STORY",
"FIRST PLACE FREDDIE",,"978-1-60992-129-3","QEB PUBLICATION(SILVER DOLPHIN)",2011,,,,,"823/BEN",,,,"BENTLY.PETER;Author HOWARTH.DANIEL;Author","ENGISH",,,,125,,"BULSAR BOOK STORE",,,,"STORY",
"IF THE WIND CHANGES…..",,"978-1-60992-130-9","QEB PUBLICATION(SILVER DOLPHIN)",2011,,,,,"823/SMA",,,,"SMALLMAN.STEVE;Author HOWARTH.DANIEL;Author","ENGISH",,,,125,,"BULSAR BOOK STORE",,,,"STORY",
"BLAST OFF!",,"978-1-60992-131-6","QEB PUBLICATION(SILVER DOLPHIN)",2011,,,,,"823/DOY",,,,"DOYLE.MALACHY;Author MCLEAN.GILL;Author","ENGISH",,,,125,,"BULSAR BOOK STORE",,,,"STORY",
"HOME, SWEET HOME",,"978-1-60992-132-3","QEB PUBLICATION(SILVER DOLPHIN)",2008,,,,,"823/PIT",,,,"PITCHER.CAROLINE;Author","ENGISH",,,,125,,"BULSAR BOOK STORE",,,,"STORY",
"GUS GOES TO SCHOOL",,"978-1-60710-355-4","QEB PUBLICATION(SILVER DOLPHIN)",2007,,,,,"823/PET",,,,"PETTY.KATE;Author","ENGISH",,,,125,,"BULSAR BOOK STORE",,,,"STORY",
"SAID MOUSE TO MOLE",,"978-1-90710-356-1","QEB PUBLICATION(SILVER DOLPHIN)",2006,,,,,"823/BEV",,,,"BEVAN.CLARE;Author","ENGISH",,,,125,,"BULSAR BOOK STORE",,,,"STORY",
"THE TICKETY TALE TELLER",,"978-1-60710-354-7","QEB PUBLICATION(SILVER DOLPHIN)",2007,,,,,"823/HAS",,,,"HASELHURST.MAUREEN;Author","ENGISH",,,,125,,"BULSAR BOOK STORE",,,,"STORY",
"TIDDALIK THE FROG",,"978-1-60710-357-8","QEB PUBLICATION(SILVER DOLPHIN)",2004,,,,,"823/FAU",,,,"FAUNDEZ.ANNE;Author","ENGISH",,,,125,,"BULSAR BOOK STORE",,,,"STORY",
"BIBLE STORIES: DANIEL & THE LIONS",,"978-1-60346-567-0","MACAW BOOKS",,,,,,"200/BIB",,,,,"BIBLE STORIES",,,,60,,"BULSAR BOOK STORE",,,,"RELIGION",
"BIBLE STORIES: SAMSON & DELILAH",,"978-1-60346-573-1","MACAW BOOKS",,,,,,"200/BIB",,,,,"BIBLE STORIES",,,,60,,"BULSAR BOOK STORE",,,,"RELIGION",
"BIBLE STORIES: MIRACLES OF CHRIST",,"978-1-60346-571-7","MACAW BOOKS",,,,,,"200/BIB",,,,,"BIBLE STORIES",,,,60,,"BULSAR BOOK STORE",,,,"RELIGION",
"BIBLE STORIES: MOSES",,"978-1-60346-572-4","MACAW BOOKS",,,,,,"200/BIB",,,,,"BIBLE STORIES",,,,60,,"BULSAR BOOK STORE",,,,"RELIGION",
"BIBLE STORIES: BIRTH OF CHRIST",,"978-1-60346-566-3","MACAW BOOKS",,,,,,"200/BIB",,,,,"BIBLE STORIES",,,,60,,"BULSAR BOOK STORE",,,,"RELIGION",
"BIBLE STORIES: JONAH & THE WHALE",,"978-1-60346-570-0","MACAW BOOKS",,,,,,"200/BIB",,,,,"BIBLE STORIES",,,,60,,"BULSAR BOOK STORE",,,,"RELIGION",
"BIBLE STORIES: DAVID & GOLIATH",,"978-1-60346-568-7","MACAW BOOKS",,,,,,"200/BIB",,,,,"BIBLE STORIES",,,,60,,"BULSAR BOOK STORE",,,,"RELIGION",
"BIBLE STORIES: JONAH & THE WHALE",,"978-1-60346-570-0","MACAW BOOKS",,,,,,"200/BIB",,,,,"BIBLE STORIES",,,,60,,"BULSAR BOOK STORE",,,,"RELIGION",
"BIBLE STORIES: BIRTH OF CHRIST",,"978-1-60346-566-3","MACAW BOOKS",,,,,,"200/BIB",,,,,"BIBLE STORIES",,,,60,,"BULSAR BOOK STORE",,,,"RELIGION",
"BIBLE STORIES: FATHER ABRAHAM",,"978-1-60346-569-4","MACAW BOOKS",,,,,,"200/BIB",,,,,"BIBLE STORIES",,,,60,,"BULSAR BOOK STORE",,,,"RELIGION",
"BIBLE STORIES: MOSES",,"978-1-60346-572-4","MACAW BOOKS",,,,,,"200/BIB",,,,,"BIBLE STORIES",,,,60,,"BULSAR BOOK STORE",,,,"RELIGION",
"BIBLE STORIES: DANIEL & THE LIONS",,"978-1-60346-567-0","MACAW BOOKS",,,,,,"200/BIB",,,,,"BIBLE STORIES",,,,60,,"BULSAR BOOK STORE",,,,"RELIGION",
"BIBLE STORIES: SAMSON & DELILAH",,"978-1-60346-573-1","MACAW BOOKS",,,,,,"200/BIB",,,,,"BIBLE STORIES",,,,60,,"BULSAR BOOK STORE",,,,"RELIGION",
"BIBLE STORIES: MIRACLES OF CHRIST",,"978-1-60346-571-7","MACAW BOOKS",,,,,,"200/BIB",,,,,"BIBLE STORIES",,,,60,,"BULSAR BOOK STORE",,,,"RELIGION",
"BIBLE STORIES: FATHER ABRAHAM",,"978-1-60346-569-4","MACAW BOOKS",,,,,,"200/BIB",,,,,"BIBLE STORIES",,,,60,,"BULSAR BOOK STORE",,,,"RELIGION",
"BIBLE STORIES: DAVID & GOLIATH",,"978-1-60346-568-7","MACAW BOOKS",,,,,,"200/BIB",,,,,"BIBLE STORIES",,,,60,,"BULSAR BOOK STORE",,,,"RELIGION",
"THE MONKEY & THE CROCODILE ",,9788178132723,"SUNRISE PUBLISHERS",,,,,,"823/MON",,,,,"ENGISH",,,,45,,"BULSAR BOOK STORE",,,,"STORY",
"THE MONKEY & THE CROCODILE ",,9788178132723,"SUNRISE PUBLISHERS",,,,,,"823/MON",,,,,"ENGISH",,,,45,,"BULSAR BOOK STORE",,,,"STORY",
"THE MONKEY & THE CROCODILE ",,9788178132723,"SUNRISE PUBLISHERS",,,,,,"823/MON",,,,,"ENGISH",,,,45,,"BULSAR BOOK STORE",,,,"STORY",
"THE WICKED WOLF",,9788178132716,"SUNRISE PUBLISHERS",,,,,,"823/WIC",,,,,"ENGISH",,,,45,,"BULSAR BOOK STORE",,,,"STORY",
"THE WICKED WOLF",,9788178132716,"SUNRISE PUBLISHERS",,,,,,"823/WIC",,,,,"ENGISH",,,,45,,"BULSAR BOOK STORE",,,,"STORY",
"THE WICKED WOLF",,9788178132716,"SUNRISE PUBLISHERS",,,,,,"823/WIC",,,,,"ENGISH",,,,45,,"BULSAR BOOK STORE",,,,"STORY",
"THE ANTS & THE GRASSHOPPER",,9788178132730,"SUNRISE PUBLISHERS",,,,,,"823/ANT",,,,,"ENGISH",,,,45,,"BULSAR BOOK STORE",,,,"STORY",
"THE ANTS & THE GRASSHOPPER",,9788178132730,"SUNRISE PUBLISHERS",,,,,,"823/ANT",,,,,"ENGISH",,,,45,,"BULSAR BOOK STORE",,,,"STORY",
"THE ANTS & THE GRASSHOPPER",,9788178132730,"SUNRISE PUBLISHERS",,,,,,"823/ANT",,,,,"ENGISH",,,,45,,"BULSAR BOOK STORE",,,,"STORY",
"THE CRAB & THE HERON",,9788178132761,"SUNRISE PUBLISHERS",,,,,,"823/CRA",,,,,"ENGISH",,,,45,,"BULSAR BOOK STORE",,,,"STORY",
"THE CRAB & THE HERON",,9788178132761,"SUNRISE PUBLISHERS",,,,,,"823/CRA",,,,,"ENGISH",,,,45,,"BULSAR BOOK STORE",,,,"STORY",
"THE CRAB & THE HERON",,9788178132761,"SUNRISE PUBLISHERS",,,,,,"823/CRA",,,,,"ENGISH",,,,45,,"BULSAR BOOK STORE",,,,"STORY",
"THE TOWN MOUSE & THE COUNTRY MOUSE",,9788178132778,"SUNRISE PUBLISHERS",,,,,,"823/TOW",,,,,"ENGISH",,,,45,,"BULSAR BOOK STORE",,,,"STORY",
"THE TOWN MOUSE & THE COUNTRY MOUSE",,9788178132778,"SUNRISE PUBLISHERS",,,,,,"823/TOW",,,,,"ENGISH",,,,45,,"BULSAR BOOK STORE",,,,"STORY",
"THE TOWN MOUSE & THE COUNTRY MOUSE",,9788178132778,"SUNRISE PUBLISHERS",,,,,,"823/TOW",,,,,"ENGISH",,,,45,,"BULSAR BOOK STORE",,,,"STORY",
"THE CROWS & THE SERPENT",,9788178132792,"SUNRISE PUBLISHERS",,,,,,"823/CRO",,,,,"ENGISH",,,,45,,"BULSAR BOOK STORE",,,,"STORY",
"THE CROWS & THE SERPENT",,9788178132792,"SUNRISE PUBLISHERS",,,,,,"823/CRO",,,,,"ENGISH",,,,45,,"BULSAR BOOK STORE",,,,"STORY",
"THE CROWS & THE SERPENT",,9788178132792,"SUNRISE PUBLISHERS",,,,,,"823/CRO",,,,,"ENGISH",,,,45,,"BULSAR BOOK STORE",,,,"STORY",
"THE HARE & THE TORTOISE",,9788178132754,"SUNRISE PUBLISHERS",,,,,,"823/HAR",,,,,"ENGISH",,,,45,,"BULSAR BOOK STORE",,,,"STORY",
"THE HARE & THE TORTOISE",,9788178132754,"SUNRISE PUBLISHERS",,,,,,"823/HAR",,,,,"ENGISH",,,,45,,"BULSAR BOOK STORE",,,,"STORY",
"THE HARE & THE TORTOISE",,9788178132754,"SUNRISE PUBLISHERS",,,,,,"823/HAR",,,,,"ENGISH",,,,45,,"BULSAR BOOK STORE",,,,"STORY",
"THE HORSE & THE DONKEY",,9788178132785,"SUNRISE PUBLISHERS",,,,,,"823/HOR",,,,,"ENGISH",,,,45,,"BULSAR BOOK STORE",,,,"STORY",
"THE HORSE & THE DONKEY",,9788178132785,"SUNRISE PUBLISHERS",,,,,,"823/HOR",,,,,"ENGISH",,,,45,,"BULSAR BOOK STORE",,,,"STORY",
"THE HORSE & THE DONKEY",,9788178132785,"SUNRISE PUBLISHERS",,,,,,"823/HOR",,,,,"ENGISH",,,,45,,"BULSAR BOOK STORE",,,,"STORY",
"THE LION & THE MOUSE",,9788178132747,"SUNRISE PUBLISHERS",,,,,,"823/LIO",,,,,"ENGISH",,,,45,,"BULSAR BOOK STORE",,,,"STORY",
"THE LION & THE MOUSE",,9788178132747,"SUNRISE PUBLISHERS",,,,,,"823/LIO",,,,,"ENGISH",,,,45,,"BULSAR BOOK STORE",,,,"STORY",
"THE LION & THE MOUSE",,9788178132747,"SUNRISE PUBLISHERS",,,,,,"823/LIO",,,,,"ENGISH",,,,45,,"BULSAR BOOK STORE",,,,"STORY",
"THE POWER OF RUMOUR",,9788178132709,"SUNRISE PUBLISHERS",,,,,,"823/POW",,,,,"ENGISH",,,,45,,"BULSAR BOOK STORE",,,,"STORY",
"THE POWER OF RUMOUR",,9788178132709,"SUNRISE PUBLISHERS",,,,,,"823/POW",,,,,"ENGISH",,,,45,,"BULSAR BOOK STORE",,,,"STORY",
"THE POWER OF RUMOUR",,9788178132709,"SUNRISE PUBLISHERS",,,,,,"823/POW",,,,,"ENGISH",,,,45,,"BULSAR BOOK STORE",,,,"STORY",
"100 FACTS SHARKS",,"978-1-84236-883-1","SILVER DOLPHIN",2005,,,,,"500/PAR",,,,"PARKER.STEVE;Author",,,,,150,,"BULSAR BOOK STORE",,,,"SCIENCE",
"100 FACTS BUGS",,"978-1-84236-900-5","SILVER DOLPHIN",2001,,,,,"500/PAR",,,,"PARKER.STEVE;Author",,,,,150,,"BULSAR BOOK STORE",,,,"SCIENCE",
"100 FACTS BIRDS OF PREY",,"978-1-84810-263-7","SILVER DOLPHIN",2010,,,,,"500/BED",,,,"BEDOYERE.CAMILLA DE LA;Author",,,,,150,,"BULSAR BOOK STORE",,,,"SCIENCE",
"100 FACTS BIG CATS",,"978-1-84236-885-5","SILVER DOLPHIN",2005,,,,,"500/BED",,,,"BEDOYERE.CAMILLA DE LA;Author",,,,,150,,"BULSAR BOOK STORE",,,,"SCIENCE",
"100 FACTS MONKEYS & APES",,"978-1-84810-234-7","SILVER DOLPHIN",2008,,,,,"500/BED",,,,"BEDOYERE.CAMILLA DE LA;Author",,,,,150,,"BULSAR BOOK STORE",,,,"SCIENCE",
"100 FACTS REPTILES & AMPHIBIANS",,"978-1-84236-881-7","SILVER DOLPHIN",2001,,,,,"500/KAY",,,,"KAY.ANN;Author",,,,,150,,"BULSAR BOOK STORE",,,,"SCIENCE",
"100 FACTS CORAL REEF",,"978-1-84810-272-9","SILVER DOLPHIN",2008,,,,,"500/BED",,,,"BEDOYERE.CAMILLA DE LA;Author",,,,,150,,"BULSAR BOOK STORE",,,,"SCIENCE",
"100 FACTS POLAR LANDS",,"978-1-84810-236-1","SILVER DOLPHIN",2008,,,,,"500/PAR",,,,"PARKER.STEVE;Author",,,,,150,,"BULSAR BOOK STORE",,,,"SCIENCE",
"100 FACTS OCEANS",,"978-1-84236-764-3","SILVER DOLPHIN",2002,,,,,"500/OLI",,,,"OLIVER.CLARE;Author",,,,,150,,"BULSAR BOOK STORE",,,,"SCIENCE",
"100 FACTS RAINFORESTS",,"978-1-84810-162-3","SILVER DOLPHIN",2009,,,,,"500/BED",,,,"BEDOYERE.CAMILLA DE LA;Author",,,,,150,,"BULSAR BOOK STORE",,,,"SCIENCE",
"100 FACTS EXTREME EARTH",,"978-1-84810-232-3","SILVER DOLPHIN",2008,,,,,"500/CLA",,,,"CLAYBOURNE.ANNA;Author",,,,,150,,"BULSAR BOOK STORE",,,,"SCIENCE",
"100 FACTS WEATHER",,"978-1-84236-762-9","SILVER DOLPHIN",2002,,,,,"500/OLI",,,,"OLIVER.CLARE;Author",,,,,150,,"BULSAR BOOK STORE",,,,"SCIENCE",
"HOW IT WORKS GIANT MAHINES : THE INSIDE STORY ON HOW MAMMOTH MACHINES WORK",,"978-1-84810-284-2","MILES KELLY",2010,,,,,"500/PAR",,,,"PARKER.STEVE;Author",,,,,125,,"BULSAR BOOK STORE",,,,"SCIENCE",
"HOW IT WORKS AIRCRAFT : THE INSIDE STORY ON HOW FLYING MACHINES WORK",,"978-1-84810-163-0","MILES KELLY",2010,,,,,"500/PAR",,,,"PARKER.STEVE;Author",,,,,125,,"BULSAR BOOK STORE",,,,"SCIENCE",
"HOW IT WORKS SHIPS AND SUBMARINES :THE INSIDE STORY ON HOW WATERCRAFT WORK",,"978-1-84810-128-9","MILES KELLY",2010,,,,,"500/PAR",,,,"PARKER.STEVE;Author",,,,,125,,"BULSAR BOOK STORE",,,,"SCIENCE",
"HOW IT WORKS CARS, TRUCKS AND BIKES: THE INSIDE STORY ON HOW ROAD MACHINES WORK",,"978-1-84810-129-6","MILES KELLY",2010,,,,,"500/PAR",,,,"PARKER.STEVE;Author",,,,,125,,"BULSAR BOOK STORE",,,,"SCIENCE",
"HOW IT WORKS MILITARY MACHINES: THE INSIDE STORY ON HOW MILITARY MACHINES WORK",,"978-1-84810-285-9","MILES KELLY",2010,,,,,"500/PAR",,,,"PARKER.STEVE;Author",,,,,125,,"BULSAR BOOK STORE",,,,"SCIENCE",
"HOW IT WORKS EMERGENCY VEHICLES: THE INSIDE STORY ON HOW EMERGENCY MACHINES WORK",,"978-1-84810-287-3","MILES KELLY",2010,,,,,"500/PAR",,,,"PARKER.STEVE;Author",,,,,125,,"BULSAR BOOK STORE",,,,"SCIENCE",
"HOW IT WORKS ENERGY AND POWER : THE INSIDE STORY ON HOW ENERGY SYSTEMS WORK",,"978-1-84810-138-8","MILES KELLY",2010,,,,,"500/PAR",,,,"PARKER.STEVE;Author",,,,,125,,"BULSAR BOOK STORE",,,,"SCIENCE",
"HOW IT WORKS SPACE EXPLORATION : THE INSIDE STORY ON HOW SPACECRAFT WORK",,"978-1-84810-119-7","MILES KELLY",2010,,,,,"500/PAR",,,,"PARKER.STEVE;Author",,,,,125,,"BULSAR BOOK STORE",,,,"SCIENCE",
"HOW IT WORKS GADGETS: THE INSIDE STORY ON HOW GADGETS WORK",,"978-1-84810-135-7","MILES KELLY",2010,,,,,"500/PAR",,,,"PARKER.STEVE;Author",,,,,125,,"BULSAR BOOK STORE",,,,"SCIENCE",
"HOW IT WORKS SPEED MACHINES : THE INSIDE STORY ON HOW SUPER-FAST VEHICLES WORK",,"978-1-84810-286-6","MILES KELLY",2010,,,,,"500/PAR",,,,"PARKER.STEVE;Author",,,,,125,,"BULSAR BOOK STORE",,,,"SCIENCE",
"100 FACTS BEARS",,"978-1-84810-230-9","MILES KELLY",2010,,,,,"500/BED",,,,"BEDOYERE.CAMILLA DE LA;Author",,,,,125,,"BULSAR BOOK STORE",,,,"SCIENCE",
"100 FACTS SHIPWRECKS",,"978-1-84810-239-2","MILES KELLY",2010,,,,,"500/MAC",,,,"MACDONALD.FIONA;Author",,,,,125,,"BULSAR BOOK STORE",,,,"SCIENCE",
"100 FACTS FLIGHT",,"978-1-84810-233-0","MILES KELLY",2010,,,,,"500/BEC",,,,"BECKLAKE.SUE;Author",,,,,125,,"BULSAR BOOK STORE",,,,"SCIENCE",
"100 FACTS MONKEYS & APES",,"978-1-84810-234-7","MILES KELLY",2010,,,,,"500/BED",,,,"BEDOYERE.CAMILLA DE LA;Author",,,,,125,,"BULSAR BOOK STORE",,,,"SCIENCE",
"100 FACTS YAMPIRES",,"978-1-84810-475-4","MILES KELLY",2011,,,,,"500/MAC",,,,"MACDONALD.FIONA;Author",,,,,125,,"BULSAR BOOK STORE",,,,"SCIENCE",
"100 FACTS ENDANGERED ANIMALS",,"978-1-84810-231-6","MILES KELLY",2010,,,,,"500/PAR",,,,"PARKER.STEVE;Author",,,,,125,,"BULSAR BOOK STORE",,,,"SCIENCE",
"100 FACTS ANCIENT GREECE",,"978-1-84810-127-2","MILES KELLY",2009,,,,,"500/MAC",,,,"MACDONALD.FIONA;Author",,,,,125,,"BULSAR BOOK STORE",,,,"SCIENCE",
"100 FACTS NOCTURNAL ANIMALS",,"978-1-84810-235-4","MILES KELLY",2010,,,,,"500/BED",,,,"BEDOYERE.CAMILLA DE LA;Author",,,,,125,,"BULSAR BOOK STORE",,,,"SCIENCE",
"100 FACTS INVENTIONS",,"978-1-84236-879-4","MILES KELLY",2009,,,,,"500/BRE",,,,"BREWER.DUNCAN;Author",,,,,125,,"BULSAR BOOK STORE",,,,"SCIENCE",
"100 FACTS POLAR LANDS",,"978-1-84810-236-1","MILES KELLY",2010,,,,,"500/PAR",,,,"PARKER.STEVE;Author",,,,,125,,"BULSAR BOOK STORE",,,,"SCIENCE",
"JUNIOUR ILLUSTRATED CLASSICS : A TALE OF TWO CITIES",,"978-81-8499-122-2","SHREE",2010,,,,,"823/DIC",,,,"DICKENS.CHARLES;Author","ENGISH",,,,65,,"BULSAR BOOK STORE",,,,"FICTION",
"JUNIOUR ILLUSTRATED CLASSICS : AROUND THE WORLD IN 80 DAYS",,"978-81-8499-110-9","SHREE",2010,,,,,"823/VER",,,,"VERNE.JULES;Author","ENGISH",,,,65,,"BULSAR BOOK STORE",,,,"FICTION",
"JUNIOUR ILLUSTRATED CLASSICS : AROUND THE WORLD IN 80 DAYS",,"978-81-8499-110-9","SHREE",2010,,,,,"823/VER",,,,"VERNE.JULES;Author","ENGISH",,,,65,,"BULSAR BOOK STORE",,,,"FICTION",
"JUNIOUR ILLUSTRATED CLASSICS : TREASURE ISLAND",,"978-81-8499-125-3","SHREE",2010,,,,,"823/STE",,,,"STEVENSON.LOUIS ROBERT;Author","ENGISH",,,,65,,"BULSAR BOOK STORE",,,,"FICTION",
"JUNIOUR ILLUSTRATED CLASSICS : ROBINSON CRUSOE",,"978-81-8499-120-8","SHREE",2010,,,,,"823/DEF",,,,"DEFOE.DANIEL;Author","ENGISH",,,,65,,"BULSAR BOOK STORE",,,,"FICTION",
"JUNIOUR ILLUSTRATED CLASSICS : JOURNEY TO THE CENTRE OF THE EARTH",,"978-81-8499-116-1","SHREE",2010,,,,,"823/VER",,,,"VERNE.JULES;Author","ENGISH",,,,65,,"BULSAR BOOK STORE",,,,"FICTION",
"JUNIOUR ILLUSTRATED CLASSICS : ROBIN HOOD",,"978-81-8499-119-2","SHREE",2010,,,,,"823/PYL",,,,"PYLE.HOWARD;Author","ENGISH",,,,65,,"BULSAR BOOK STORE",,,,"FICTION",
"JUNIOUR ILLUSTRATED CLASSICS : HEIDI",,"978-81-8499-115-4","SHREE",2010,,,,,"823/SPY",,,,"SPYRI.JOHANNA;Author","ENGISH",,,,65,,"BULSAR BOOK STORE",,,,"FICTION",
"JUNIOUR ILLUSTRATED CLASSICS : DAVID COPPERFIELD",,"978-81-8499-112-3","SHREE",2010,,,,,"823/DIC",,,,"DICKENS.CHARLES;Author","ENGISH",,,,65,,"BULSAR BOOK STORE",,,,"FICTION",
"JUNIOUR ILLUSTRATED CLASSICS : KIDNAPPED",,"978-81-8499-117-8","SHREE",2010,,,,,"823/STE",,,,"STEVENSON.LOUIS ROBERT;Author","ENGISH",,,,65,,"BULSAR BOOK STORE",,,,"FICTION",
"JUNIOUR ILLUSTRATED CLASSICS : ROBIN HOOD",,"978-81-8499-119-2","SHREE",2010,,,,,"823/PYL",,,,"PYLE.HOWARD;Author","ENGISH",,,,65,,"BULSAR BOOK STORE",,,,"FICTION",
"JUNIOUR ILLUSTRATED CLASSICS : THE ADVENTURES OF TOM SAWYER",,"978-81-8499-109-3","SHREE",2010,,,,,"823/TWA",,,,"TWAIN. MARK;Author","ENGISH",,,,65,,"BULSAR BOOK STORE",,,,"FICTION",
"JUNIOUR ILLUSTRATED CLASSICS : OLIVER TWIST",,"978-81-8499-118-5","SHREE",2010,,,,,"823/DIC",,,,"DICKENS.CHARLES;Author","ENGISH",,,,65,,"BULSAR BOOK STORE",,,,"FICTION",
"JUNIOUR ILLUSTRATED CLASSICS : THE TIME MACHINE",,"978-81-8499-124-6","SHREE",2010,,,,,"823/WEL",,,,"WELLS.H.G.;Author","ENGISH",,,,65,,"BULSAR BOOK STORE",,,,"FICTION",
"JUNIOUR ILLUSTRATED CLASSICS : BLACK BEAUTY",,"978-81-8499-111-6","SHREE",2010,,,,,"823/SEW",,,,"SEWELL.ANNA;Author","ENGISH",,,,65,,"BULSAR BOOK STORE",,,,"FICTION",
"JUNIOUR ILLUSTRATED CLASSICS : GULLIVER'S TRAVELS",,"978-81-8499-114-7","SHREE",2010,,,,,"823/SWI",,,,"SWIFT.JONATHAN;Author","ENGISH",,,,65,,"BULSAR BOOK STORE",,,,"FICTION",
"JUNIOUR ILLUSTRATED CLASSICS : 20,000 LEAGUES UNDER THE SEA",,"978-81-8499-108-6","SHREE",2010,,,,,"823/VER",,,,"VERNE.JULES;Author","ENGISH",,,,65,,"BULSAR BOOK STORE",,,,"FICTION",
"JUNIOUR ILLUSTRATED CLASSICS : THE THREE MUSKETEERS",,"978-81-8499-123-9","SHREE",2010,,,,,"823/DUM",,,,"DUMAS.ALEXANDRE;Author","ENGISH",,,,65,,"BULSAR BOOK STORE",,,,"FICTION",
"LUCKY LUKE : THE HANGED MAN'S RODE AND OTHER STORIES",,"978-81-286-3566-3","EURO BOOKS",2013,,,,,"823/VIC",,,,"VICQ,GOSCINNY,DOMI.DOM ,LODEWIJK;Author GROOT.DE;Author","ENGISH",,,,85,,"BULSAR BOOK STORE",,,,"STORY",
"LUCKY LUKE : LUCKY LUKE'S FIANCEE",,"978-81-286-3573-1","EURO BOOKS",2013,,,,,"823/VID",,,,"VIDAL.GUY;Author","ENGISH",,,,85,,"BULSAR BOOK STORE",,,,"STORY",
"LUCKY LUKE : GHOST HUNT",,"978-81-286-3558-8","EURO BOOKS",2013,,,,,"823/BAN",,,,"BANDA.LO HARTOG VAN;Author","ENGISH",,,,85,,"BULSAR BOOK STORE",,,,"STORY",
"LUCKY LUKE : THE BEAUTIFUL PROVINCE",,"978-81-286-3576-2","EURO BOOKS",2013,,,,,"823/GER",,,,"GERRA.LAURENT;Author","ENGISH",,,,85,,"BULSAR BOOK STORE",,,,"STORY",
"LUCKY LUKE : OKLAHOMA JIM",,"978-81-286-3563-2","EURO BOOKS",2013,,,,,"823/LET",,,,"LETURGIE.J.;Author PEARCE;Author","ENGISH",,,,85,,"BULSAR BOOK STORE",,,,"STORY",
"LUCKY LUKE : THE BALLAD OF THE DALTONS AND OTHER STORIES",,"978-81-286-3579-3","EURO BOOKS",2013,,,,,"823/GOS",,,,"GOSCINNY;Author","ENGISH",,,,85,,"BULSAR BOOK STORE",,,,"STORY",
"LUCKY LUKE : FINGERS",,"978-81-286-3568-7","EURO BOOKS",2013,,,,,"823/BAN",,,,"BANDA.LO HARTOG VAN;Author","ENGISH",,,,85,,"BULSAR BOOK STORE",,,,"STORY",
"LUCKY LUKE : KID LUCKY",,"978-81-286-3560-1","EURO BOOKS",2013,,,,,"823/LET",,,,"LETURGIE;Author","ENGISH",,,,85,,"BULSAR BOOK STORE",,,,"STORY",
"LUCKY LUKE : NITROGYCERINE",,"978-81-286-3574-8","EURO BOOKS",2013,,,,,"823/BAN",,,,"BANDA.LO HARTOG VAN;Author","ENGISH",,,,85,,"BULSAR BOOK STORE",,,,"STORY",
"LUCKY LUKE : BELLE STARR",,"978-81-286-3561-8","EURO BOOKS",2013,,,,,"823/FAU",,,,"FAUCHE;Author","ENGISH",,,,85,,"BULSAR BOOK STORE",,,,"STORY",
"LUCKY LUKE : THE PONY EXPRESS",,"978-81-286-3557-1","EURO BOOKS",2013,,,,,"823/FAU",,,,"FAUCHE.X.;Author LETURGIE.J.;Author","ENGISH",,,,85,,"BULSAR BOOK STORE",,,,"STORY",
"LUCKY LUKE : THE ALIBI",,"978-81-286-3556-4","EURO BOOKS",2013,,,,,"823/GUY",,,,"GUYLOUIS.CLAUDE;Author","ENGISH",,,,85,,"BULSAR BOOK STORE",,,,"STORY",
"LUCKY LUKE : THE DAILY STAR",,"978-81-286-3572-4","EURO BOOKS",2013,,,,,"823/FAU",,,,"FAUCHE.X.;Author LETURGIE.J.;Author","ENGISH",,,,85,,"BULSAR BOOK STORE",,,,"STORY",
"LUCKY LUKE : THE PROPHET",,"978-81-286-3564-9","EURO BOOKS",2013,,,,,"823/NOR",,,,"NORDMANN.P;Author","ENGISH",,,,85,,"BULSAR BOOK STORE",,,,"STORY",
"LUCKY LUKE : THE LEGEND OF THE WEST",,"978-81-286-3571-7","EURO BOOKS",2013,,,,,"823/NOR",,,,"NORDMANN.PATRICK;Author","ENGISH",,,,85,,"BULSAR BOOK STORE",,,,"STORY",
"LUCKY LUKE : THE BRIDGE ON THE MISSISSIPPI",,"978-81-286-3559-5","EURO BOOKS",2013,,,,,"823/FAU",,,,"FAUCHE.X.;Author LETURGIE.J.;Author","ENGISH",,,,85,,"BULSAR BOOK STORE",,,,"STORY",
"LUCKY LUKE : MARCEL DALTON",,"978-81-286-3569-4","EURO BOOKS",2013,,,,,"823/GRO",,,,"GROOT.DE;Author","ENGISH",,,,85,,"BULSAR BOOK STORE",,,,"STORY",
"LUCKY LUKE : THE KLONDIKE",,"978-81-286-3562-5","EURO BOOKS",2013,,,,,"823/LET",,,,"LETURGIE.J.;Author YANN;Author","ENGISH",,,,85,,"BULSAR BOOK STORE",,,,"STORY",
"LUCKY LUKE : DAISY TOWN",,"978-81-286-3567-0","EURO BOOKS",2013,,,,,"823/GOS",,,,"GOSCINNY;Author","ENGISH",,,,85,,"BULSAR BOOK STORE",,,,"STORY",
"LUCKY LUKE : THE DALTON'S LOOT",,"978-81-286-3578-6","EURO BOOKS",2013,,,,,"823/MOR",,,,"MORRIS;Author VICQ;Author","ENGISH",,,,85,,"BULSAR BOOK STORE",,,,"STORY",
"LUCKY LUKE : FROM THE GALLOWS TO THE ALTAR",,"978-81-286-3577-9","EURO BOOKS",2013,,,,,"823/GER",,,,"GERRA.LAURENT;Author ACHDE;Author","ENGISH",,,,85,,"BULSAR BOOK STORE",,,,"STORY",
"LUCKY LUKE : SARAH BERNHARDT",,"978-81-286-3565-6","EURO BOOKS",2013,,,,,"823/FAU",,,,"FAUCHE.X.;Author LETURGIE.J.;Author","ENGISH",,,,85,,"BULSAR BOOK STORE",,,,"STORY",
"LUCKY LUKE : THE ARTIST",,"978-81-286-3570-0","EURO BOOKS",2013,,,,,"823/GRO",,,,"GROOT.DE BOB;Author","ENGISH",,,,85,,"BULSAR BOOK STORE",,,,"STORY",
"LUCKY LUKE : THE CURSED RANCH",,"978-81-286-3575-5","EURO BOOKS",2013,,,,,"823/GUY",,,,"GUYLOUIS.C,FAUCHE.X.;Author LETURGIE.J.;Author","ENGISH",,,,85,,"BULSAR BOOK STORE",,,,"STORY",
"SELECTED FAIRY TALES : SHOEMAKER AND THE ELVES",,9788182752177,"MY KIDS WORLD",,,,,,"823/SHO",,,,,"ENGLISH",,,,75,,"BULSAR BOOK STORE",,,,"STORY",
"SELECTED FAIRY TALES : SHOEMAKER AND THE ELVES",,9788182752177,"MY KIDS WORLD",,,,,,"823/SHO",,,,,"ENGLISH",,,,75,,"BULSAR BOOK STORE",,,,"STORY",
"SELECTED FAIRY TALES : THE LITTLE MATCH GIRL",,9788182752191,"MY KIDS WORLD",,,,,,"823/LIT",,,,,"ENGLISH",,,,75,,"BULSAR BOOK STORE",,,,"STORY",
"SELECTED FAIRY TALES : THE PRINCESS & THE PEA",,9788182752184,"MY KIDS WORLD",,,,,,"823/PRI",,,,,"ENGLISH",,,,75,,"BULSAR BOOK STORE",,,,"STORY",
"SELECTED FAIRY TALES : FROG PRINCE",,9788182752214,"MY KIDS WORLD",,,,,,"823/FRO",,,,,"ENGLISH",,,,75,,"BULSAR BOOK STORE",,,,"STORY",
"SELECTED FAIRY TALES : BEAUTY AND THE BEAST",,9788182752160,"MY KIDS WORLD",,,,,,"823/BEA",,,,,"ENGLISH",,,,75,,"BULSAR BOOK STORE",,,,"STORY",
"SELECTED FAIRY TALES : TOM THUMB",,9788182752238,"MY KIDS WORLD",,,,,,"823/TOM",,,,,"ENGLISH",,,,75,,"BULSAR BOOK STORE",,,,"STORY",
"SELECTED FAIRY TALES : RUMPELSTILTSKIN",,9788182752221,"MY KIDS WORLD",,,,,,"823/RUM",,,,,"ENGLISH",,,,75,,"BULSAR BOOK STORE",,,,"STORY",
"READ ALOUD : AKBAR & BIRBAL ; THE CRAFTY MESSAGE …….AND OTHER STORIES",,"978-81-7676-117-8","NITA MEHTA PUBLICATIONS",2013,,,,,"823/AKB",,,,,"ENGLISH",,,,145,,"BULSAR BOOK STORE",,,,"STORY",
"READ ALOUD : HANUMAN TALES ;  HANUMAN GRABS THE SUN…….AND OTHER STORIES",,"978-81-7676-107-9","NITA MEHTA PUBLICATIONS",2013,,,,,"823/VAI",,,,"VAID.VANEETA;Author","ENGLISH",,,,145,,"BULSAR BOOK STORE",,,,"STORY",
"READ ALOUD : FOLK TALES  ; THE TERRIFIED GHOST …….AND OTHER STORIES",,"978-81-7676-118-5","NITA MEHTA PUBLICATIONS",2013,,,,,"823/FOL",,,,,"ENGLISH",,,,145,,"BULSAR BOOK STORE",,,,"STORY",
"READ ALOUD : PANCHANTANTRA TALES ; THE TURTLE THAT FLEW …….AND OTHER STORIES",,"978-81-7676-108-6","NITA MEHTA PUBLICATIONS",2013,,,,,"823/VAI",,,,"VAID.VANEETA;Author","ENGLISH",,,,145,,"BULSAR BOOK STORE",,,,"STORY",
"READ ALOUD :VIKRAM & BETAL  ;THE SEA PRINCES …….AND OTHER STORIES",,"978-81-7676-119-2","NITA MEHTA PUBLICATIONS",2013,,,,,"823/VIK",,,,,"ENGLISH",,,,145,,"BULSAR BOOK STORE",,,,"STORY",
"READ ALOUD :SHIVA TALES  ;BHASMASURA'S BOON …….AND OTHER STORIES",,"978-81-7676-105-5","NITA MEHTA PUBLICATIONS",2013,,,,,"823/VAI",,,,"VAID.VANEETA;Author","ENGLISH",,,,145,,"BULSAR BOOK STORE",,,,"STORY",
"READ ALOUD : GANESHA TALES ; HOW THE MOON LOST ITS SHINE …….AND OTHER STORIES",,"978-81-7676-106-2","NITA MEHTA PUBLICATIONS",2013,,,,,"823/VAI",,,,"VAID.VANEETA;Author","ENGLISH",,,,145,,"BULSAR BOOK STORE",,,,"STORY",
"READ ALOUD :GOD & DEMONS  ; THE RESCUE OF THE COWS …….AND OTHER STORIES",,"978-81-7676-120-8","NITA MEHTA PUBLICATIONS",2013,,,,,"823/GOD",,,,,"ENGLISH",,,,145,,"BULSAR BOOK STORE",,,,"STORY",
"SCOOBY-DOO!: ZOMBIES, AND TOO!ZOINKS!",,"978-81-207-3681-8","STERLING",2012,,,,,"823/LEO",,,,"LEOPOLD.GLENN;Author DOI.DAVIS;Author","ENGLISH",,,,70,,"BULSAR BOOK STORE",,,,"STORY",
"SCOOBY-DOO!: SNOW GHOST",,"978-81-207-3690-0","STERLING",2007,,,,,"823/WAS",,,,"WASSERMAN.ROBIN;Author","ENGLISH",,,,70,,"BULSAR BOOK STORE",,,,"STORY",
"SCOOBY-DOO! : SEARCH FOR SCOOBY SNACKS",,"978-81-207-3689-4","STERLING",2007,,,,,"823/WAS",,,,"WASSERMAN.ROBIN;Author","ENGLISH",,,,70,,"BULSAR BOOK STORE",,,,"STORY",
"SCOOBY-DOO!: THE HAUNTED PUMPKINS",,"978-81-207-3692-4","STERLING",2007,,,,,"823/NAG",,,,"NAGLER.MICHELLE.H.;Author","ENGLISH",,,,70,,"BULSAR BOOK STORE",,,,"STORY",
"SCOOBY-DOO!: SPY HUNT",,"978-81-207-3691-7","STERLING",2007,,,,,"823/WAS",,,,"WASSERMAN.ROBIN;Author","ENGLISH",,,,70,,"BULSAR BOOK STORE",,,,"STORY",
"SCOOBY-DOO!: JUNGLE JEOPARDY",,"978-81-207-3677-1","STERLING",2007,,,,,"823/MCC",,,,"MCCANN.JESSE LEON;Author","ENGLISH",,,,70,,"BULSAR BOOK STORE",,,,"STORY",
"SCOOBY-DOO!:TREASURE HUNT",,"978-81-207-3693-1","STERLING",2007,,,,,"823/BAR",,,,"BARBO.MARIA S.;Author","ENGLISH",,,,70,,"BULSAR BOOK STORE",,,,"STORY",
"SCOOBY-DOO!: MEET BIG FOOT",,"978-81-207-3688-7","STERLING",2007,,,,,"823/NAG",,,,"NAGLER.MICHELLE.H.;Author","ENGLISH",,,,70,,"BULSAR BOOK STORE",,,,"STORY",
"SCOOBY-DOO!: AND THE HEX FILES",,"978-81-207-3676-4","STERLING",2008,,,,,"823/COP",,,,"COPP.RICK;Author GOODMAN.DAVID;Author","ENGLISH",,,,70,,"BULSAR BOOK STORE",,,,"STORY",
"SCOOBY-DOO!: AND THE WEIRD WATER PARK",,"978-81-207-3678-8","STERLING",2007,,,,,"823/COP",,,,"COPP.RICK;Author GOODMAN.DAVID;Author","ENGLISH",,,,70,,"BULSAR BOOK STORE",,,,"STORY",
"SCOOBY-DOO!: AND THE WITCH'S GHOST",,"978-81-207-3679-5","STERLING",2007,,,,,"823/COP",,,,"COPP.RICK;Author GOODMAN.DAVID;Author","ENGLISH",,,,70,,"BULSAR BOOK STORE",,,,"STORY",
"SCOOBY-DOO! ON ZOMBIE ISLAND",,"978-81-207-3680-1","STERLING",2008,,,,,"823/LEO",,,,"LEOPOLD.GLENN;Author DOI.DAVIS;Author","ENGLISH",,,,70,,"BULSAR BOOK STORE",,,,"STORY",
"TOM AND JERRY : FIRE ON THE TRACKS",,"978-81-207-6983-0","STERLING",2012,,,,,"823/TOM",,,,,"ENGLISH",,,,70,,"BULSAR BOOK STORE",,,,"STORY",
"TOM AND JERRY: PIRATE BOOTY",,"978-81-207-6982-3","STERLING",2012,,,,,"823/TOM",,,,,"ENGLISH",,,,70,,"BULSAR BOOK STORE",,,,"STORY",
"TOM AND JERRY : CHAOS IN SAHARA",,"978-81-207-6980-9","STERLING",2012,,,,,"823/TOM",,,,,"ENGLISH",,,,70,,"BULSAR BOOK STORE",,,,"STORY",
"TOM AND JERRY: CIRCUS CAPERS",,"978-81-207-6985-4","STERLING",2012,,,,,"823/TOM",,,,,"ENGLISH",,,,70,,"BULSAR BOOK STORE",,,,"STORY",
"TOM AND JERRY : CHARADE IN A PARADE",,"978-81-207-6984-7","STERLING",2012,,,,,"823/TOM",,,,,"ENGLISH",,,,70,,"BULSAR BOOK STORE",,,,"STORY",
"TOM AND JERRY: THE BUMPY TRAIN RIDE",,"978-81-207-6986-1","STERLING",2012,,,,,"823/TOM",,,,,"ENGLISH",,,,70,,"BULSAR BOOK STORE",,,,"STORY",
"TOM AND JERRY: SOCCER TROUBLE",,"978-81-207-6987-8","STERLING",2012,,,,,"823/TOM",,,,,"ENGLISH",,,,70,,"BULSAR BOOK STORE",,,,"STORY",
"MY WONDERFUL STORY BOOK",,"978-967-324-592-5","LITTLE SUN",,,,,,"823/CHO",,,,"CHONG.HARRY;Author","ENGLISH",,,,125,,"BULSAR BOOK STORE",,,,"STORY",
"MY HAPPY READING STORY BOOK",,"978-967-324-591-8","LITTLE SUN",,,,,,"823/CHO",,,,"CHONG.HARRY;Author","ENGLISH",,,,125,,"BULSAR BOOK STORE",,,,"STORY",
"MY LOVELY STORY BOOK",,"978-967-324-414-0","LITTLE SUN",,,,,,"823/ONG",,,,"ONG.ESTHER;Author","ENGLISH",,,,125,,"BULSAR BOOK STORE",,,,"STORY",
"GOODNIGHT STORIES : THE THREE BILLY GOATS GRUFF; 1",,9788181537164,"RAINBOW",2011,,,,,"823/THR",,,,,"ENGLISH",,,,45,,"BULSAR BOOK STORE",,,,"STORY",
"GOODNIGHT STORIES : THREE LITTLE PIGS; 2",,9788181537171,"RAINBOW",2011,,,,,"823/THR",,,,,"ENGLISH",,,,45,,"BULSAR BOOK STORE",,,,"STORY",
"GOODNIGHT STORIES : PINOCCHIO; 3",,9788181537188,"RAINBOW",2011,,,,,"823/PIN",,,,,"ENGISH",,,,45,,"BULSAR BOOK STORE",,,,"STORY",
"GOODNIGHT STORIES :  THE GINGERBREAD MAN; 4",,9788181537195,"RAINBOW",2011,,,,,"823/GIN",,,,,"ENGLISH",,,,45,,"BULSAR BOOK STORE",,,,"STORY",
"GOODNIGHT STORIES : THE SLEEPING BEAUTY; 5",,9788181537201,"RAINBOW",2011,,,,,"823/SLE",,,,,"ENGISH",,,,45,,"BULSAR BOOK STORE",,,,"STORY",
"GOODNIGHT STORIES : ADVENTURE OF PETER PAN; 6",,9788181537218,"RAINBOW",2011,,,,,"823/ADV",,,,,"ENGISH",,,,45,,"BULSAR BOOK STORE",,,,"STORY",
"GOODNIGHT STORIES : HANSEL AND GRETEL; 7",,9788181537225,"RAINBOW",2011,,,,,"823/HAN",,,,,"ENGISH",,,,45,,"BULSAR BOOK STORE",,,,"STORY",
"GOODNIGHT STORIES : THE UGLY DUCKLING; 8",,9788181537232,"RAINBOW",2011,,,,,"823/UGL",,,,,"ENGISH",,,,45,,"BULSAR BOOK STORE",,,,"STORY",
"THE ABSENT MINDED SCIENTIST",,9788184972016,"BPI INDIA",2011,,,,,"823/TAG",,,,"TAGORE.RABINDRA NATH;Author","ENGISH",,,,50,,"BULSAR BOOK STORE",,,,"STORY",
"KABULIWALA",,9788184972061,"BPI INDIA",2011,,,,,"823/TAG",,,,"TAGORE.RABINDRA NATH;Author","ENGISH",,,,50,,"BULSAR BOOK STORE",,,,"STORY",
"GRANDFATHER",,9788184972030,"BPI INDIA",2011,,,,,"823/TAG",,,,"TAGORE.RABINDRA NATH;Author","ENGISH",,,,50,,"BULSAR BOOK STORE",,,,"STORY",
"A TASTY FEAST FOR THE MICE",,9788184972023,"BPI INDIA",2011,,,,,"823/TAG",,,,"TAGORE.RABINDRA NATH;Author","ENGISH",,,,50,,"BULSAR BOOK STORE",,,,"STORY",
"THE HIDDEN TREASURE",,9788184972047,"BPI INDIA",2011,,,,,"823/TAG",,,,"TAGORE.RABINDRA NATH;Author","ENGISH",,,,50,,"BULSAR BOOK STORE",,,,"STORY",
"THE NOTEBOOK",,9788184972054,"BPI INDIA",2011,,,,,"823/TAG",,,,"TAGORE.RABINDRA NATH;Author","ENGISH",,,,50,,"BULSAR BOOK STORE",,,,"STORY",
"THE ABSENT MINDED SCIENTIST",,9788184972016,"BPI INDIA",2011,,,,,"823/TAG",,,,"TAGORE.RABINDRA NATH;Author","ENGISH",,,,50,,"BULSAR BOOK STORE",,,,"STORY",
"KABULIWALA",,9788184972061,"BPI INDIA",2011,,,,,"823/TAG",,,,"TAGORE.RABINDRA NATH;Author","ENGISH",,,,50,,"BULSAR BOOK STORE",,,,"STORY",
"THE HIDDEN TREASURE",,9788184972047,"BPI INDIA",2011,,,,,"823/TAG",,,,"TAGORE.RABINDRA NATH;Author","ENGISH",,,,50,,"BULSAR BOOK STORE",,,,"STORY",
"GRANDFATHER",,9788184972030,"BPI INDIA",2011,,,,,"823/TAG",,,,"TAGORE.RABINDRA NATH;Author","ENGISH",,,,50,,"BULSAR BOOK STORE",,,,"STORY",
"A TASTY FEAST FOR THE MICE",,9788184972023,"BPI INDIA",2011,,,,,"823/TAG",,,,"TAGORE.RABINDRA NATH;Author","ENGISH",,,,50,,"BULSAR BOOK STORE",,,,"STORY",
"THE NOTEBOOK",,9788184972054,"BPI INDIA",2011,,,,,"823/TAG",,,,"TAGORE.RABINDRA NATH;Author","ENGISH",,,,50,,"BULSAR BOOK STORE",,,,"STORY",
"1000 WORDS TO TALK ABOUT",,"978-981-01-1793-1","MARSHALL CAVENDISH EDUCATION",2012,,,,,"428/CHI",,,,"CHIA.KATHLEEN;Author",,,,,275,,"BULSAR BOOK STORE",,,,"ENGLISH USAGE",
"1000 ACTION WORDS",,"978-981-01-1792-4","MARSHALL CAVENDISH EDUCATION",2012,,,,,"428/ACT",,,,,,,,,275,,"BULSAR BOOK STORE",,,,"ENGLISH USAGE",
"TIMES 1000 WORD DICTINARY",,"978-981-01-0381-1","MARSHALL CAVENDISH EDUCATION",2012,,,,,"403/ELL",,,,"ELLIS.MYRA;Author","ENGLISH",,,,275,,"BULSAR BOOK STORE",,,,"DICTIONARY",
"TIMES 1000 WORD IN PICTURES",,"978-981-01-8566-4","MARSHALL CAVENDISH EDUCATION",2012,,,,,"428/WOR",,,,,,,,,275,,"BULSAR BOOK STORE",,,,"ENGLISH USAGE",
"SUPER SCIENCE EXPERIMENTS",,"978-1-84810-318-4","MILES KELLY",2011,,,,,"500/OXL",,,,"OXLADE.CHRIS;Author","EXPERIMENTS",,,,395,,"BULSAR BOOK STORE",,,,"SCIENCE",
"FAMOUS MORAL STORIES 1",,9788181533555,"RAINBOW",2012,,,,,"823/MOR",,,,,"ENGLISH",,,,45,,"BULSAR BOOK STORE",,,,"STORY",
"FAMOUS MORAL STORIES 2",,9788181533562,"RAINBOW",2012,,,,,"823/MOR",,,,,"ENGLISH",,,,45,,"BULSAR BOOK STORE",,,,"STORY",
"FAMOUS MORAL STORIES 3",,9788181533579,"RAINBOW",2012,,,,,"823/MOR",,,,,"ENGLISH",,,,45,,"BULSAR BOOK STORE",,,,"STORY",
"FAMOUS MORAL STORIES 8",,9788181533623,"RAINBOW",2012,,,,,"823/MOR",,,,,"ENGLISH",,,,45,,"BULSAR BOOK STORE",,,,"STORY",
"FAMOUS MORAL STORIES 4",,9788181533586,"RAINBOW",2012,,,,,"823/MOR",,,,,"ENGLISH",,,,45,,"BULSAR BOOK STORE",,,,"STORY",
"FAMOUS MORAL STORIES 5",,9788181533593,"RAINBOW",2012,,,,,"823/MOR",,,,,"ENGLISH",,,,45,,"BULSAR BOOK STORE",,,,"STORY",
"FAMOUS MORAL STORIES 6",,9788181533609,"RAINBOW",2012,,,,,"823/MOR",,,,,"ENGLISH",,,,45,,"BULSAR BOOK STORE",,,,"STORY",
"FAMOUS MORAL STORIES 7",,9788181533616,"RAINBOW",2012,,,,,"823/MOR",,,,,"ENGLISH",,,,45,,"BULSAR BOOK STORE",,,,"STORY",
"1000 INVENTIONS & DISCOVERIES",,"978-1-4053-1419-0","DK",2013,,,,,"500/BRI",,,,"BRIDGMAN.ROGER;Author","INVENTIONS & DISCOVERIES",,,,399,,"BULSAR BOOK STORE",,,,"SCIENCE",
"SPACE ENCYCLOPEDIA",,"978-1-4053-4691-7","DK",2010,,,,,"503/BIN",,,,"BINGHAM.CAROLINE;Author","SCIENCE",,,,250,,"BULSAR BOOK STORE",,,,"ENCYCLOPEDIA",
"SCIENCE ENCYCLOPEDIA",,"978-1-4053-5989-4","DK",2011,,,,,"503/SCI",,,,,"SCIENCE",,,,250,,"BULSAR BOOK STORE",,,,"ENCYCLOPEDIA",
"FIRST GEOGRAPHY ENCYCLOPEDIA",,"978-1-40536-207-8","DK",2010,,,,,"503/HOR",,,,"HOROBIN.WENDY;Author",,,,,250,,"BULSAR BOOK STORE",,,,"ENCYCLOPEDIA",
"NATURE ENCYCLOPEDIA",,"978-1-40533-164-7","DK",2008,,,,,"503/BIN",,,,"BINGHAM.CAROLINE;Author","SCIENCE",,,,250,,"BULSAR BOOK STORE",,,,"ENCYCLOPEDIA",
"HUMAN BODY ENCYCLOPEDIA",,"978-1-40535-805-7","DK",2010,,,,,"503/HUM",,,,,"SCIENCE",,,,250,,"BULSAR BOOK STORE",,,,"ENCYCLOPEDIA",
"PEPPER CROSSES THE ROAD",,"978-81-207-7120-8","STERLING",,,,,,"823/PEP",,,,,"ENGLISH",,,,60,,"BULSAR BOOK STORE",,,,"STORY",
"PEPPER IS SELFISH",,"978-81-207-7121-5","STERLING",,,,,,"823/PEP",,,,,"ENGLISH",,,,60,,"BULSAR BOOK STORE",,,,"STORY",
"PEPPER CLEANS HIS ROOM",,"978-81-207-7119-2","STERLING",,,,,,"823/PEP",,,,,"ENGLISH",,,,60,,"BULSAR BOOK STORE",,,,"STORY",
"PEPPER EATS GREEN VEGETABLES",,"978-81-207-7122-2","STERLING",,,,,,"823/PEP",,,,,"ENGLISH",,,,60,,"BULSAR BOOK STORE",,,,"STORY",
"MY TOP 20 DEADLY ANIMALS",,"978-1-84810-482-2","MILES KELLY",2011,,,,,"500/CLA",,,,"CLAYBOURNE.ANNA;Author",,,,,175,,"BULSAR BOOK STORE",,,,"SCIENCE",
"MY TOP 20 PREDATORS",,"978-1-84810-292-7","MILES KELLY",2010,,,,,"500/PAR",,,,"PARKER.STEVE;Author",,,,,175,,"BULSAR BOOK STORE",,,,"SCIENCE",
"MY TOP 20 ENDANGERED ANIMALS",,"978-1-84810-296-5","MILES KELLY",2010,,,,,"500/JOH",,,,"JOHNSON.JINNY;Author",,,,,175,,"BULSAR BOOK STORE",,,,"SCIENCE",
"MY TOP 20 ANIMAL BATTLES",,"978-1-84810-540-9","MILES KELLY",2011,,,,,"500/GRE",,,,"GREEN.JEN;Author",,,,,175,,"BULSAR BOOK STORE",,,,"SCIENCE",
"MY TOP 20 EXTREME ANIMALS",,"978-1-84810-293-4","MILES KELLY",2011,,,,,"500/PAR",,,,"PARKER.STEVE;Author",,,,,175,,"BULSAR BOOK STORE",,,,"SCIENCE",
"MY TOP 20 SEA MONSTERS",,"978-1-84810-483-9","MILES KELLY",2011,,,,,"500/PAR",,,,"PARKER.STEVE;Author",,,,,175,,"BULSAR BOOK STORE",,,,"SCIENCE",
"MY TOP 20 WEIRD ANIMALS",,"978-1-84810-294-1","MILES KELLY",2010,,,,,"500/PAR",,,,"PARKER.STEVE;Author",,,,,175,,"BULSAR BOOK STORE",,,,"SCIENCE",
"MY TOP 20 ANIMAL GIANTS",,"978-1-84810-295-8","MILES KELLY",2010,,,,,"500/JOH",,,,"JOHNSON.JINNY;Author",,,,,175,,"BULSAR BOOK STORE",,,,"SCIENCE",
"MY TOP 20 WEIRD BUGS",,"978-1-84810-539-3","MILES KELLY",2011,,,,,"500/PAR",,,,"PARKER.STEVE;Author",,,,,175,,"BULSAR BOOK STORE",,,,"SCIENCE",
"PREMCHAND CLASSIC FOR CHILDREN: ATMARAM",,9788184973624,"BPI INDIA",,,,,,"823/PRE",,,,"PREMCHAND.MUNSHI;Author","ENGLISH",,,,55,,"BULSAR BOOK STORE",,,,"STORY",
"PREMCHAND CLASSIC FOR CHILDREN: FORCE OF DESTRUCTION",,9788184973631,"BPI INDIA",,,,,,"823/PRE",,,,"PREMCHAND.MUNSHI;Author","ENGLISH",,,,55,,"BULSAR BOOK STORE",,,,"STORY",
"PREMCHAND CLASSIC FOR CHILDREN: THE SILLY FRIENDS",,9788184973679,"BPI INDIA",,,,,,"823/PRE",,,,"PREMCHAND.MUNSHI;Author","ENGLISH",,,,55,,"BULSAR BOOK STORE",,,,"STORY",
"PREMCHAND CLASSIC FOR CHILDREN: THE CURSE OF THE HIDDEN TREASURE",,9788184973648,"BPI INDIA",,,,,,"823/PRE",,,,"PREMCHAND.MUNSHI;Author","ENGLISH",,,,55,,"BULSAR BOOK STORE",,,,"STORY",
"PREMCHAND CLASSIC FOR CHILDREN: MY GOOD FRIEND KAJAKI",,9788184973655,"BPI INDIA",,,,,,"823/PRE",,,,"PREMCHAND.MUNSHI;Author","ENGLISH",,,,55,,"BULSAR BOOK STORE",,,,"STORY",
"PREMCHAND CLASSIC FOR CHILDREN: REVENGE DOES NOT PAY",,9788184973662,"BPI INDIA",,,,,,"823/PRE",,,,"PREMCHAND.MUNSHI;Author","ENGLISH",,,,55,,"BULSAR BOOK STORE",,,,"STORY",
"MEET SHIRLEY YOUR NEW FRIENDS!",,"978-81-207-3380-0","STERLING",,,,,,"823/ARL",,,,"ARLEEN A.;Author","ENGLISH",,,,50,,"BULSAR BOOK STORE",,,,"STORY",
"THE MISSING FURNITURE",,"978-81-207-3388-6","STERLING",,,,,,"823/ARL",,,,"ARLEEN A.;Author","ENGLISH",,,,50,,"BULSAR BOOK STORE",,,,"STORY",
"GOING TO AN ORPHANGE",,"978-81-207-3389-3","STERLING",,,,,,"823/ARL",,,,"ARLEEN A.;Author","ENGLISH",,,,50,,"BULSAR BOOK STORE",,,,"STORY",
"SHIRLEY'S BAD HAIR DAY",,"978-81-207-3384-8","STERLING",,,,,,"823/ARL",,,,"ARLEEN A.;Author","ENGLISH",,,,50,,"BULSAR BOOK STORE",,,,"STORY",
"SHIRLEY GOES BABY-SITTING",,"978-81-207-3383-1","STERLING",,,,,,"823/ARL",,,,"ARLEEN A.;Author","ENGLISH",,,,50,,"BULSAR BOOK STORE",,,,"STORY",
"SHIRLEY AT THE FUN CAMP",,"978-81-207-3386-2","STERLING",,,,,,"823/ARL",,,,"ARLEEN A.;Author","ENGLISH",,,,50,,"BULSAR BOOK STORE",,,,"STORY",
"SHIRLEY CAUGHT A THIEF",,"978-81-207-3385-5","STERLING",,,,,,"823/ARL",,,,"ARLEEN A.;Author","ENGLISH",,,,50,,"BULSAR BOOK STORE",,,,"STORY",
"SHIRLEY'S COOKIES",,"978-81-207-3387-9","STERLING",,,,,,"823/ARL",,,,"ARLEEN A.;Author","ENGLISH",,,,50,,"BULSAR BOOK STORE",,,,"STORY",
"SHIRLEY NEEDS A HOLIDAY",,"978-81-207-3381-7","STERLING",,,,,,"823/ARL",,,,"ARLEEN A.;Author","ENGLISH",,,,50,,"BULSAR BOOK STORE",,,,"STORY",
"SHIRLEY AND THE FLAT TYRE",,"978-81-207-3382-4","STERLING",,,,,,"823/ARL",,,,"ARLEEN A.;Author","ENGLISH",,,,50,,"BULSAR BOOK STORE",,,,"STORY",
"BUNNY SAYS NEVER BE SELFISH",,9788180221699,"PRIORITY PUBLICATION",2011,,,,,"823/BUN",,,,,"ENGLISH",,,,30,,"BULSAR BOOK STORE",,,,"STORY",
"BUNNY SAYS BE OBIDIENT",,9788180221682,"PRIORITY PUBLICATION",2011,,,,,"823/BUN",,,,,"ENGLISH",,,,30,,"BULSAR BOOK STORE",,,,"STORY",
"BUNNY SAYS STEALING IS BAD",,9788180221736,"PRIORITY PUBLICATION",2011,,,,,"823/BUN",,,,,"ENGLISH",,,,30,,"BULSAR BOOK STORE",,,,"STORY",
"BUNNY SAYS BE CAREFUL",,9788180221668,"PRIORITY PUBLICATION",2011,,,,,"823/BUN",,,,,"ENGLISH",,,,30,,"BULSAR BOOK STORE",,,,"STORY",
"BUNNY SAYS NEVER TELL A LIE",,9788180221712,"PRIORITY PUBLICATION",2011,,,,,"823/BUN",,,,,"ENGLISH",,,,30,,"BULSAR BOOK STORE",,,,"STORY",
"BUNNY SAYS BE HONEST",,9788180221675,"PRIORITY PUBLICATION",2011,,,,,"823/BUN",,,,,"ENGLISH",,,,30,,"BULSAR BOOK STORE",,,,"STORY",
"BUNNY SAYS SCHOOL IS FUN",,9788180221729,"PRIORITY PUBLICATION",2011,,,,,"823/BUN",,,,,"ENGLISH",,,,30,,"BULSAR BOOK STORE",,,,"STORY",
"BUNNY SAYS LITTERING IS BAD",,9788180221743,"PRIORITY PUBLICATION",2011,,,,,"823/BUN",,,,,"ENGLISH",,,,30,,"BULSAR BOOK STORE",,,,"STORY",
"BUNNY SAYS WORK HARD",,9788180221705,"PRIORITY PUBLICATION",2011,,,,,"823/BUN",,,,,"ENGLISH",,,,30,,"BULSAR BOOK STORE",,,,"STORY",
"EARLY READING STORIES: GOLDILOCKS AND THE THREE BEARS;1",,"978-81-8153-724-9","RAINBOW",2012,,,,,"823/GOL",,,,,"ENGLISH",,,,45,,"BULSAR BOOK STORE",,,,"STORY",
"EARLY READING STORIES: GOLDILOCKS AND THE THREE BEARS;1",,"978-81-8153-724-9","RAINBOW",2012,,,,,"823/GOL",,,,,"ENGLISH",,,,45,,"BULSAR BOOK STORE",,,,"STORY",
"EARLY READING STORIES: LITTLE RED RIDING HOOD;2",,"978-81-8153-725-6","RAINBOW",2012,,,,,"823/LIT",,,,,"ENGLISH",,,,45,,"BULSAR BOOK STORE",,,,"STORY",
"EARLY READING STORIES: LITTLE RED RIDING HOOD;2",,"978-81-8153-725-6","RAINBOW",2012,,,,,"823/LIT",,,,,"ENGLISH",,,,45,,"BULSAR BOOK STORE",,,,"STORY",
"EARLY READING STORIES: THE HUNTER AND THE DOVES;3",,"978-81-8153-726-3","RAINBOW",2012,,,,,"823/HUN",,,,,"ENGLISH",,,,45,,"BULSAR BOOK STORE",,,,"STORY",
"EARLY READING STORIES: THE HUNTER AND THE DOVES;3",,"978-81-8153-726-3","RAINBOW",2012,,,,,"823/HUN",,,,,"ENGLISH",,,,45,,"BULSAR BOOK STORE",,,,"STORY",
"EARLY READING STORIES: THE FOX AND THE CROW;4",,"978-81-8153-727-0","RAINBOW",2012,,,,,"823/FOX",,,,,"ENGLISH",,,,45,,"BULSAR BOOK STORE",,,,"STORY",
"EARLY READING STORIES: THE FOX AND THE CROW;4",,"978-81-8153-727-0","RAINBOW",2012,,,,,"823/FOX",,,,,"ENGLISH",,,,45,,"BULSAR BOOK STORE",,,,"STORY",
"EARLY READING STORIES: THE HARE AND THE TORTOISE;5",,"978-81-8153-728-7","RAINBOW",2012,,,,,"823/HAR",,,,,"ENGLISH",,,,45,,"BULSAR BOOK STORE",,,,"STORY",
"EARLY READING STORIES: THE HARE AND THE TORTOISE;5",,"978-81-8153-728-7","RAINBOW",2012,,,,,"823/HAR",,,,,"ENGLISH",,,,45,,"BULSAR BOOK STORE",,,,"STORY",
"EARLY READING STORIES: THE MISER MERCHANT;6",,"978-81-8153-729-4","RAINBOW",2012,,,,,"823/MIS",,,,,"ENGLISH",,,,45,,"BULSAR BOOK STORE",,,,"STORY",
"EARLY READING STORIES: THE MISER MERCHANT;6",,"978-81-8153-729-4","RAINBOW",2012,,,,,"823/MIS",,,,,"ENGLISH",,,,45,,"BULSAR BOOK STORE",,,,"STORY",
"EARLY READING STORIES: THE SHEPHERD BOY;7",,"978-81-8153-730-0","RAINBOW",2012,,,,,"823/SHE",,,,,"ENGLISH",,,,45,,"BULSAR BOOK STORE",,,,"STORY",
"EARLY READING STORIES: THE SHEPHERD BOY;7",,"978-81-8153-730-0","RAINBOW",2012,,,,,"823/SHE",,,,,"ENGLISH",,,,45,,"BULSAR BOOK STORE",,,,"STORY",
"EARLY READING STORIES: THE THREE PIGS AND THE WOLF;8",,"978-81-8153-731-7","RAINBOW",2012,,,,,"823/THR",,,,,"ENGLISH",,,,45,,"BULSAR BOOK STORE",,,,"STORY",
"EARLY READING STORIES: THE THREE PIGS AND THE WOLF;8",,"978-81-8153-731-7","RAINBOW",2012,,,,,"823/THR",,,,,"ENGLISH",,,,45,,"BULSAR BOOK STORE",,,,"STORY",
"SOCIAL WELL BEING SERIES: LET'S MAKE FRIENDS;SCHOOL",,"978-93-82463-32-0","QUIXOT PUBLICATIONS",,,,,,"823/SOC",,,,,"ENGLISH",,,,59,,"BULSAR BOOK STORE",,,,"STORY",
"SOCIAL WELL BEING SERIES: LOVE YOUR SCHOOL",,"978-93-82463-33-7","QUIXOT PUBLICATIONS",,,,,,"823/SOC",,,,,"ENGLISH",,,,59,,"BULSAR BOOK STORE",,,,"STORY",
"SOCIAL WELL BEING SERIES: LOVE YOUR PETS",,"978-93-82463-35-1","QUIXOT PUBLICATIONS",,,,,,"823/SOC",,,,,"ENGLISH",,,,59,,"BULSAR BOOK STORE",,,,"STORY",
"SOCIAL WELL BEING SERIES: RESPECTING EVERYBODY",,"978-93-82463-37-5","QUIXOT PUBLICATIONS",,,,,,"823/SOC",,,,,"ENGLISH",,,,59,,"BULSAR BOOK STORE",,,,"STORY",
"SOCIAL WELL BEING SERIES: LET'S KEEP THINGS TIDY",,"978-93-82463-31-3","QUIXOT PUBLICATIONS",,,,,,"823/SOC",,,,,"ENGLISH",,,,59,,"BULSAR BOOK STORE",,,,"STORY",
"SOCIAL WELL BEING SERIES: BE POLITE",,"978-93-82463-36-8","QUIXOT PUBLICATIONS",,,,,,"823/SOC",,,,,"ENGLISH",,,,59,,"BULSAR BOOK STORE",,,,"STORY",
"SOCIAL WELL BEING SERIES: LOVE YOUR TOWN",,"978-93-82463-34-4","QUIXOT PUBLICATIONS",,,,,,"823/SOC",,,,,"ENGLISH",,,,59,,"BULSAR BOOK STORE",,,,"STORY",
"SOCIAL WELL BEING SERIES: HELPING EVERYBODY",,"978-93-82463-38-2","QUIXOT PUBLICATIONS",,,,,,"823/SOC",,,,,"ENGLISH",,,,59,,"BULSAR BOOK STORE",,,,"STORY",
"PHYSICAL WELL BEING SERIES: I AM SPECIAL",,"978-93-82463-30-6","QUIXOT PUBLICATIONS",,,,,,"823/PHY",,,,,"ENGLISH",,,,59,,"BULSAR BOOK STORE",,,,"STORY",
"PHYSICAL WELL BEING SERIES: HEALTHY SKIN",,"978-93-82463-29-0","QUIXOT PUBLICATIONS",,,,,,"823/PHY",,,,,"ENGLISH",,,,59,,"BULSAR BOOK STORE",,,,"STORY",
"PHYSICAL WELL BEING SERIES: CLEAN EYES AND EARS",,"978-93-82463-27-6","QUIXOT PUBLICATIONS",,,,,,"823/PHY",,,,,"ENGLISH",,,,59,,"BULSAR BOOK STORE",,,,"STORY",
"PHYSICAL WELL BEING SERIES: SLEEPING EARLY",,"978-93-82463-24-5","QUIXOT PUBLICATIONS",,,,,,"823/PHY",,,,,"ENGLISH",,,,59,,"BULSAR BOOK STORE",,,,"STORY",
"PHYSICAL WELL BEING SERIES: CLEAN TEETH ARE HEALTHY TEETH",,"978-93-82463-25-2","QUIXOT PUBLICATIONS",,,,,,"823/PHY",,,,,"ENGLISH",,,,59,,"BULSAR BOOK STORE",,,,"STORY",
"PHYSICAL WELL BEING SERIES: EXERCISE MAKES US HEALTHY",,"978-93-82463-26-9","QUIXOT PUBLICATIONS",,,,,,"823/PHY",,,,,"ENGLISH",,,,59,,"BULSAR BOOK STORE",,,,"STORY",
"PHYSICAL WELL BEING SERIES: THE IMPORTANCE OF HEALTHY FOOD",,"978-93-82463-28-3","QUIXOT PUBLICATIONS",,,,,,"823/PHY",,,,,"ENGLISH",,,,59,,"BULSAR BOOK STORE",,,,"STORY",
"PHYSICAL WELL BEING SERIES: THE IMPORTANCE OF PRIORITISING",,"978-93-82463-23-8","QUIXOT PUBLICATIONS",,,,,,"823/PHY",,,,,"ENGLISH",,,,59,,"BULSAR BOOK STORE",,,,"STORY",
"EMOTIONAL WELL BEING SERIES: YOU CAN SOLVE YOUR PROBLEM",,"978-93-82463-21-4","QUIXOT PUBLICATIONS",,,,,,"823/EMO",,,,,"ENGLISH",,,,59,,"BULSAR BOOK STORE",,,,"STORY",
"EMOTIONAL WELL BEING SERIES: ACCEPT PEOPLE AS THEY ARE",,"978-93-82463-20-7","QUIXOT PUBLICATIONS",,,,,,"823/EMO",,,,,"ENGLISH",,,,59,,"BULSAR BOOK STORE",,,,"STORY",
"EMOTIONAL WELL BEING SERIES: BE HAPPY",,"978-93-82463-22-1","QUIXOT PUBLICATIONS",,,,,,"823/EMO",,,,,"ENGLISH",,,,59,,"BULSAR BOOK STORE",,,,"STORY",
"EMOTIONAL WELL BEING SERIES: WHY BE SCARED",,"978-93-82463-17-7","QUIXOT PUBLICATIONS",,,,,,"823/EMO",,,,,"ENGLISH",,,,59,,"BULSAR BOOK STORE",,,,"STORY",
"EMOTIONAL WELL BEING SERIES: CONTROL YOUR ANGER",,"978-93-82463-15-3","QUIXOT PUBLICATIONS",,,,,,"823/EMO",,,,,"ENGLISH",,,,59,,"BULSAR BOOK STORE",,,,"STORY",
"EMOTIONAL WELL BEING SERIES: EVERYTHING IS BEAUTIFUL",,"978-93-82463-16-0","QUIXOT PUBLICATIONS",,,,,,"823/EMO",,,,,"ENGLISH",,,,59,,"BULSAR BOOK STORE",,,,"STORY",
"EMOTIONAL WELL BEING SERIES: LOVE YOUR FAMILY",,"978-93-82463-18-4","QUIXOT PUBLICATIONS",,,,,,"823/EMO",,,,,"ENGLISH",,,,59,,"BULSAR BOOK STORE",,,,"STORY",
"EMOTIONAL WELL BEING SERIES: BUILD YOUR CONFIDENCE",,"978-93-82463-19-1","QUIXOT PUBLICATIONS",,,,,,"823/EMO",,,,,"ENGLISH",,,,59,,"BULSAR BOOK STORE",,,,"STORY",
"MY LITTLE BOOK OF GRAMMAR : PREPOSITION",,9798180220936,"PRIORITY PUBLICATION",,,,,,"425/PRE",,,,,"ENGLISH",,,,25,,"BULSAR BOOK STORE",,,,"STORY",
"MY LITTLE BOOK OF GRAMMAR : DOING WORD [PRESENT]",,9798180220974,"PRIORITY PUBLICATION",,,,,,"425/DOI",,,,,"ENGLISH",,,,25,,"BULSAR BOOK STORE",,,,"STORY",
"MY LITTLE BOOK OF GRAMMAR : A, AN, THE ",,9798180220950,"PRIORITY PUBLICATION",,,,,,"425/GRA",,,,,"ENGLISH",,,,25,,"BULSAR BOOK STORE",,,,"STORY",
"MY LITTLE BOOK OF GRAMMAR : ADJECTIVE",,9798180220912,"PRIORITY PUBLICATION",,,,,,"425/ADJ",,,,,"ENGLISH",,,,25,,"BULSAR BOOK STORE",,,,"STORY",
"MY LITTLE BOOK OF GRAMMAR : POSSESSION",,9798180220967,"PRIORITY PUBLICATION",,,,,,"425/POS",,,,,"ENGLISH",,,,25,,"BULSAR BOOK STORE",,,,"STORY",
"MY LITTLE BOOK OF GRAMMAR : ADVERB",,9798180220929,"PRIORITY PUBLICATION",,,,,,"425/ADV",,,,,"ENGLISH",,,,25,,"BULSAR BOOK STORE",,,,"STORY",
"MY LITTLE BOOK OF GRAMMAR : DOING WORD [PAST]",,9798180220981,"PRIORITY PUBLICATION",,,,,,"425/DOI",,,,,"ENGLISH",,,,25,,"BULSAR BOOK STORE",,,,"STORY",
"MY LITTLE BOOK OF GRAMMAR : COLLLECTION NOUN",,9798180220899,"PRIORITY PUBLICATION",,,,,,"425/COL",,,,,"ENGLISH",,,,25,,"BULSAR BOOK STORE",,,,"STORY",
"MY LITTLE BOOK OF GRAMMAR : PRONOUN",,9798180220905,"PRIORITY PUBLICATION",,,,,,"425/PRO",,,,,"ENGLISH",,,,25,,"BULSAR BOOK STORE",,,,"STORY",
"MY LITTLE BOOK OF GRAMMAR : CONJUNCTION",,9798180220943,"PRIORITY PUBLICATION",,,,,,"425/CON",,,,,"ENGLISH",,,,25,,"BULSAR BOOK STORE",,,,"STORY",
"MY LITTLE BOOK OF GRAMMAR : DOING WORD [FUTURE]",,9798180220998,"PRIORITY PUBLICATION",,,,,,"425/DOI",,,,,"ENGLISH",,,,25,,"BULSAR BOOK STORE",,,,"STORY",
"MY LITTLE BOOK OF GRAMMAR : COMMON NOUN",,9798180220882,"PRIORITY PUBLICATION",,,,,,"425/COM",,,,,"ENGLISH",,,,25,,"BULSAR BOOK STORE",,,,"STORY",
"HELP YOUR KIDS WITH SCIENCE : A UNIQUE STEP-BY-STEP VISUAL GUIDE",,"978-1-4093-8346-8","DK",2013,,,,,"500/VOR",,,,"VORDERMAN.CAROL;Author",,,,,399,,"BULSAR BOOK STORE",,,,"SCIENCE",
"HELP YOUR KIDS WITH MATHS : A UNIQUE STEP-BY-STEP VISUAL GUIDE",,"978-1-4053-2246-1","DK",2013,,,,,"510/VOR",,,,"VORDERMAN.CAROL;Author",,,,,399,,"BULSAR BOOK STORE",,,,"MATHEMATICS",
"EASY FAIRY TALES FOR CHILDREN: THE UGLY DUCKLING",,9788182752504,"MY KIDS WORLD",,,,,,"823/UGL",,,,,"ENGLISH",,,,75,,"BULSAR BOOK STORE",,,,"STORY",
"EASY FAIRY TALES FOR CHILDREN: THE UGLY DUCKLING",,9788182752504,"MY KIDS WORLD",,,,,,"823/UGL",,,,,"ENGLISH",,,,75,,"BULSAR BOOK STORE",,,,"STORY",
"EASY FAIRY TALES FOR CHILDREN: THE EMPEROR'S NEW CLOTHES",,9788182752450,"MY KIDS WORLD",,,,,,"823/EMP",,,,,"ENGLISH",,,,75,,"BULSAR BOOK STORE",,,,"STORY",
"EASY FAIRY TALES FOR CHILDREN: THE EMPEROR'S NEW CLOTHES",,9788182752450,"MY KIDS WORLD",,,,,,"823/EMP",,,,,"ENGLISH",,,,75,,"BULSAR BOOK STORE",,,,"STORY",
"EASY FAIRY TALES FOR CHILDREN: SNOW WHITE AND THE SEVEN DWARFS",,9788182752498,"MY KIDS WORLD",,,,,,"823/SNO",,,,,"ENGLISH",,,,75,,"BULSAR BOOK STORE",,,,"STORY",
"EASY FAIRY TALES FOR CHILDREN: SNOW WHITE AND THE SEVEN DWARFS",,9788182752498,"MY KIDS WORLD",,,,,,"823/SNO",,,,,"ENGLISH",,,,75,,"BULSAR BOOK STORE",,,,"STORY",
"EASY FAIRY TALES FOR CHILDREN: LITTLE RED RIDING HOOD",,9788182752481,"MY KIDS WORLD",,,,,,"823/LIT",,,,,"ENGLISH",,,,75,,"BULSAR BOOK STORE",,,,"STORY",
"EASY FAIRY TALES FOR CHILDREN: LITTLE RED RIDING HOOD",,9788182752481,"MY KIDS WORLD",,,,,,"823/LIT",,,,,"ENGLISH",,,,75,,"BULSAR BOOK STORE",,,,"STORY",
"EASY FAIRY TALES FOR CHILDREN: GOLDILOCKS AND THE THREE BEARS",,9788182752511,"MY KIDS WORLD",,,,,,"823/GOL",,,,,"ENGLISH",,,,75,,"BULSAR BOOK STORE",,,,"STORY",
"EASY FAIRY TALES FOR CHILDREN: GOLDILOCKS AND THE THREE BEARS",,9788182752511,"MY KIDS WORLD",,,,,,"823/GOL",,,,,"ENGLISH",,,,75,,"BULSAR BOOK STORE",,,,"STORY",
"EASY FAIRY TALES FOR CHILDREN: THE LITTLE MERMAID",,9788182752474,"MY KIDS WORLD",,,,,,"823/LIT",,,,,"ENGLISH",,,,75,,"BULSAR BOOK STORE",,,,"STORY",
"EASY FAIRY TALES FOR CHILDREN: THE LITTLE MERMAID",,9788182752474,"MY KIDS WORLD",,,,,,"823/LIT",,,,,"ENGLISH",,,,75,,"BULSAR BOOK STORE",,,,"STORY",
"EASY FAIRY TALES FOR CHILDREN: ALADDIN AND THE MAGIC LAMP",,9788182752443,"MY KIDS WORLD",,,,,,"823/ALA",,,,,"ENGLISH",,,,75,,"BULSAR BOOK STORE",,,,"STORY",
"EASY FAIRY TALES FOR CHILDREN: ALADDIN AND THE MAGIC LAMP",,9788182752443,"MY KIDS WORLD",,,,,,"823/ALA",,,,,"ENGLISH",,,,75,,"BULSAR BOOK STORE",,,,"STORY",
"EASY FAIRY TALES FOR CHILDREN: THE STORY OF A CHICKEN",,9788182752467,"MY KIDS WORLD",,,,,,"823/STO",,,,,"ENGLISH",,,,75,,"BULSAR BOOK STORE",,,,"STORY",
"EASY FAIRY TALES FOR CHILDREN: THE STORY OF A CHICKEN",,9788182752467,"MY KIDS WORLD",,,,,,"823/STO",,,,,"ENGLISH",,,,75,,"BULSAR BOOK STORE",,,,"STORY",
"WORK SQUAR : NATURE'S WARRIORS",,"978-81-7993-259-9","TERRAPIN",2011,,,,,"500/SHA",,,,"SHARMA.SHRUTI;Author",,,,,155,,"BULSAR BOOK STORE",,,,"SCIENCE",
"WORK SQUAR : NATURE'S WARRIORS",,"978-81-7993-259-9","TERRAPIN",2011,,,,,"500/SHA",,,,"SHARMA.SHRUTI;Author",,,,,155,,"BULSAR BOOK STORE",,,,"SCIENCE",
"WORK SQUAR : NATURE'S ARCHITECTS",,"978-81-7993-258-2","TERRAPIN",2011,,,,,"500/SHA",,,,"SHARMA.GARIMA;Author",,,,,155,,"BULSAR BOOK STORE",,,,"SCIENCE",
"WORK SQUAR : NATURE'S ARCHITECTS",,"978-81-7993-258-2","TERRAPIN",2011,,,,,"500/SHA",,,,"SHARMA.GARIMA;Author",,,,,155,,"BULSAR BOOK STORE",,,,"SCIENCE",
"WORK SQUAR : NATURE'S HANDY MEN",,"978-81-7993-261-2","TERRAPIN",2011,,,,,"500/SHA",,,,"SHARMA.SHRUTI;Author",,,,,155,,"BULSAR BOOK STORE",,,,"SCIENCE",
"WORK SQUAR : NATURE'S HANDY MEN",,"978-81-7993-261-2","TERRAPIN",2011,,,,,"500/SHA",,,,"SHARMA.SHRUTI;Author",,,,,155,,"BULSAR BOOK STORE",,,,"SCIENCE",
"WORK SQUAR : NATURE'S HOUSEKEEPERS",,"978-81-7993-262-9","TERRAPIN",2011,,,,,"500/SHA",,,,"SHARMA.SHRUTI;Author",,,,,155,,"BULSAR BOOK STORE",,,,"SCIENCE",
"WORK SQUAR : NATURE'S HOUSEKEEPERS",,"978-81-7993-262-9","TERRAPIN",2011,,,,,"500/SHA",,,,"SHARMA.SHRUTI;Author",,,,,155,,"BULSAR BOOK STORE",,,,"SCIENCE",
"WORK SQUAR : NATURE'S DOCTORS",,"978-81-7993-257-5","TERRAPIN",2011,,,,,"500/SHA",,,,"SHARMA.GARIMA;Author",,,,,155,,"BULSAR BOOK STORE",,,,"SCIENCE",
"WORK SQUAR : NATURE'S DOCTORS",,"978-81-7993-257-5","TERRAPIN",2011,,,,,"500/SHA",,,,"SHARMA.GARIMA;Author",,,,,155,,"BULSAR BOOK STORE",,,,"SCIENCE",
"WORK SQUAR : NATURE'S SHOWMEN",,"978-81-7993-260-5","TERRAPIN",2011,,,,,"500/SHA",,,,"SHARMA.SHRUTI;Author",,,,,155,,"BULSAR BOOK STORE",,,,"SCIENCE",
"WORK SQUAR : NATURE'S SHOWMEN",,"978-81-7993-260-5","TERRAPIN",2011,,,,,"500/SHA",,,,"SHARMA.SHRUTI;Author",,,,,155,,"BULSAR BOOK STORE",,,,"SCIENCE",
"101 FACTS: NATURAL WORLD",,"978-81-7993-197-4","TERRAPIN",2013,,,,,"500/SAH",,,,"SAH.SNIGDHA;Author",,,,,185,,"BULSAR BOOK STORE",,,,"SCIENCE",
"101 FACTS: NATURAL WORLD",,"978-81-7993-197-4","TERRAPIN",2013,,,,,"500/SAH",,,,"SAH.SNIGDHA;Author",,,,,185,,"BULSAR BOOK STORE",,,,"SCIENCE",
"101 FACTS: NATURL DISASTERS",,"978-81-7993-199-8","TERRAPIN",2013,,,,,"500/FAC",,,,,,,,,185,,"BULSAR BOOK STORE",,,,"SCIENCE",
"101 FACTS: NATURL DISASTERS",,"978-81-7993-199-8","TERRAPIN",2013,,,,,"500/FAC",,,,,,,,,185,,"BULSAR BOOK STORE",,,,"SCIENCE",
"101 FACTS: CLIMATE CHANGE",,"978-81-7993-198-1","TERRAPIN",2013,,,,,"500/SAH",,,,"SAH.SNIGDHA;Author",,,,,185,,"BULSAR BOOK STORE",,,,"SCIENCE",
"101 FACTS: CLIMATE CHANGE",,"978-81-7993-198-1","TERRAPIN",2013,,,,,"500/SAH",,,,"SAH.SNIGDHA;Author",,,,,185,,"BULSAR BOOK STORE",,,,"SCIENCE",
"101 FACTS: SAVING THE EARTH",,"978-81-7993-201-8","TERRAPIN",2013,,,,,"500/SEN",,,,"SENGUPTA.CHANDNI;Author",,,,,185,,"BULSAR BOOK STORE",,,,"SCIENCE",
"101 FACTS: SAVING THE EARTH",,"978-81-7993-201-8","TERRAPIN",2013,,,,,"500/SEN",,,,"SENGUPTA.CHANDNI;Author",,,,,185,,"BULSAR BOOK STORE",,,,"SCIENCE",
"101 FACTS: AMAZING CREATURES",,"978-81-7993-200-1","TERRAPIN",2013,,,,,"500/SHA",,,,"SHARMA.GARIMA;Author",,,,,185,,"BULSAR BOOK STORE",,,,"SCIENCE",
"101 FACTS: AMAZING CREATURES",,"978-81-7993-200-1","TERRAPIN",2013,,,,,"500/SHA",,,,"SHARMA.GARIMA;Author",,,,,185,,"BULSAR BOOK STORE",,,,"SCIENCE",
"101 FACTS: RENEWABLE ENERGY",,"978-81-7993-202-5","TERRAPIN",2013,,,,,"500/KAS",,,,"KASHYAP.APARAJITA;Author",,,,,185,,"BULSAR BOOK STORE",,,,"SCIENCE",
"101 FACTS: RENEWABLE ENERGY",,"978-81-7993-202-5","TERRAPIN",2013,,,,,"500/KAS",,,,"KASHYAP.APARAJITA;Author",,,,,185,,"BULSAR BOOK STORE",,,,"SCIENCE",
"GREEN SCIENCE GENIUS: LIGHT",,"978-81-7993-359-4","TERRAPIN",2011,,,,,"500/GHO",,,,"GHOSH.RUPAK;Author",,,,,155,,"BULSAR BOOK STORE",,,,"SCIENCE",
"GREEN SCIENCE GENIUS: ELECTRICITY",,"978-81-7993-354-1","TERRAPIN",2011,,,,,"500/GHO",,,,"GHOSH.RUPAK;Author",,,,,155,,"BULSAR BOOK STORE",,,,"SCIENCE",
"GREEN SCIENCE GENIUS: SOUND",,"978-81-7993-352-7","TERRAPIN",2011,,,,,"500/GHO",,,,"GHOSH.RUPAK;Author",,,,,155,,"BULSAR BOOK STORE",,,,"SCIENCE",
"GREEN SCIENCE GENIUS: ENERGY",,"978-81-7993-355-8","TERRAPIN",2011,,,,,"500/GHO",,,,"GHOSH.RUPAK;Author",,,,,155,,"BULSAR BOOK STORE",,,,"SCIENCE",
"ENDANGERED: LIFE IN THE SKY; STRUGGLING TO SERVIVE",,"978-81-7993-193-6","TERRAPIN",2008,,,,,"500/END",,,,,,,,,185,,"BULSAR BOOK STORE",,,,"SCIENCE",
"ENDANGERED: LIFE ON LAND; STRUGGLING TO SERVIVE",,"978-81-7993-191-2","TERRAPIN",2008,,,,,"500/END",,,,,,,,,185,,"BULSAR BOOK STORE",,,,"SCIENCE",
"ENDANGERED: LIFE IN THE WATER; STRUGGLING TO SERVIVE",,"978-81-7993-192-9","TERRAPIN",2008,,,,,"500/END",,,,,,,,,185,,"BULSAR BOOK STORE",,,,"SCIENCE",
"ENDANGERED: LIFE IN THE PLANT KINGDOM; STRUGGLING TO SERVIVE",,"978-81-7993-196-7","TERRAPIN",2008,,,,,"500/END",,,,,,,,,185,,"BULSAR BOOK STORE",,,,"SCIENCE",
"ENDANGERED: LIFE IN THE AMPHIBIAN WORLD; STRUGGLING TO SERVIVE",,"978-81-7993-195-0","TERRAPIN",2008,,,,,"500/END",,,,,,,,,185,,"BULSAR BOOK STORE",,,,"SCIENCE",
"ENDANGERED: LIFE IN THE REPTILLAN REALM ; STRUGGLING TO SERVIVE",,"978-81-7993-194-3","TERRAPIN",2008,,,,,"500/END",,,,,,,,,185,,"BULSAR BOOK STORE",,,,"SCIENCE",
"FUTURE POWER ENERGY :HYDROGEN POWER ; POWERING THE FUTURE",,"978-81-7993-213-1","TERRAPIN",2013,,,,,"500/AHM",,,,"AHMAD.ARSHI;Author",,,,,155,,"BULSAR BOOK STORE",,,,"SCIENCE",
"FUTURE POWER ENERGY :WIND POWER ; POWERING THE FUTURE",,"978-81-7993-210-0","TERRAPIN",2008,,,,,"500/SHA",,,,"SHARMA.RICHA;Author",,,,,155,,"BULSAR BOOK STORE",,,,"SCIENCE",
"FUTURE POWER ENERGY :BIO ENERGY ; POWERING THE FUTURE",,"978-81-7993-212-4","TERRAPIN",2013,,,,,"500/SEN",,,,"SENGUPTA.ROSHNI;Author",,,,,155,,"BULSAR BOOK STORE",,,,"SCIENCE",
"FUTURE POWER ENERGY :SOLAR POWER ; POWERING THE FUTURE",,"978-81-7993-209-4","TERRAPIN",2013,,,,,"500/NON",,,,"NONGPLUH.YOOFISACA SYNGKON;Author",,,,,155,,"BULSAR BOOK STORE",,,,"SCIENCE",
"FUTURE POWER ENERGY :NUCLEAR ENERGY ; POWERING THE FUTURE",,"978-81-7993-214-8","TERRAPIN",2013,,,,,"500/SHA",,,,"SHANKAR.AMBIKA;Author",,,,,155,,"BULSAR BOOK STORE",,,,"SCIENCE",
"FUTURE POWER ENERGY :HYDRO POWER ; POWERING THE FUTURE",,"978-81-7993-211-7","TERRAPIN",2013,,,,,"500/AHM",,,,"AHMAD.ARSHI;Author",,,,,155,,"BULSAR BOOK STORE",,,,"SCIENCE",
"PLANET EARTH : OCEANS",,"978-81-7993-334-3","TERRAPIN",2011,,,,,"500/SIN",,,,"SINGH.VINEETA;Author",,,,,155,,"BULSAR BOOK STORE",,,,"SCIENCE",
"PLANET EARTH : RIVERS AND LAKES",,"978-81-7993-338-1","TERRAPIN",2011,,,,,"500/IYE",,,,"IYER.RANI;Author",,,,,155,,"BULSAR BOOK STORE",,,,"SCIENCE",
"PLANET EARTH : FORESTS",,"978-81-7993-336-7","TERRAPIN",2011,,,,,"500/IYE",,,,"IYER.RANI;Author",,,,,155,,"BULSAR BOOK STORE",,,,"SCIENCE",
"PLANET EARTH : MOUNTAINS",,"978-81-7993-339-8","TERRAPIN",2011,,,,,"500/IYE",,,,"IYER.RANI;Author",,,,,155,,"BULSAR BOOK STORE",,,,"SCIENCE",
"PLANET EARTH : DESERTS",,"978-81-7993-335-0","TERRAPIN",2011,,,,,"500/IYE",,,,"IYER.RANI;Author",,,,,155,,"BULSAR BOOK STORE",,,,"SCIENCE",
"PLANET EARTH : POLES",,"978-81-7993-337-4","TERRAPIN",2011,,,,,"500/IYE",,,,"IYER.RANI;Author",,,,,155,,"BULSAR BOOK STORE",,,,"SCIENCE",
"SCIENCE IN OUR ENVIRONMENT : GALAXIES STARS PLANETS",,"978-81-7993-341-1","TERRAPIN",2011,,,,,"500/IYE",,,,"KUMAR.AANCHAL BROCA;Author",,,,,155,,"BULSAR BOOK STORE",,,,"SCIENCE",
"SCIENCE IN OUR ENVIRONMENT : LIGHT SOUND ENERGY",,"978-81-7993-340-4","TERRAPIN",2011,,,,,"500/KUM",,,,"KUMAR.AANCHAL BROCA;Author",,,,,155,,"BULSAR BOOK STORE",,,,"SCIENCE",
"SCIENCE IN OUR ENVIRONMENT : COMMUNICATION",,"978-81-7993-342-8","TERRAPIN",2011,,,,,"500/KUM",,,,"KUMAR.AANCHAL BROCA;Author",,,,,155,,"BULSAR BOOK STORE",,,,"SCIENCE",
"SCIENCE IN OUR ENVIRONMENT : HUMAN BODY",,"978-81-7993-345-9","TERRAPIN",2011,,,,,"500/KUM",,,,"KUMAR.AANCHAL BROCA;Author",,,,,155,,"BULSAR BOOK STORE",,,,"SCIENCE",
"SCIENCE IN OUR ENVIRONMENT : PLANT KINGDOM",,"978-81-7993-343-5","TERRAPIN",2011,,,,,"500/BAG",,,,"BAGAI.SHONA;Author",,,,,155,,"BULSAR BOOK STORE",,,,"SCIENCE",
"SCIENCE IN OUR ENVIRONMENT : ANIMAL KINGDOM",,"978-81-7993-344-2","TERRAPIN",2011,,,,,"500/KUM",,,,"KUMAR.AANCHAL BROCA;Author",,,,,155,,"BULSAR BOOK STORE",,,,"SCIENCE",
"SAVE PLANET EARTH : REDUCE REUSE RECYCLE",,"978-81-7993-144-8","TERRAPIN",2013,,,,,"500/AGA",,,,"AGARWAL.TANYA LUTHER;Author",,,,,185,,"BULSAR BOOK STORE",,,,"SCIENCE",
"SAVE PLANET EARTH : SOS: IN EXTREME DANGER",,"978-81-7993-145-5","TERRAPIN",2013,,,,,"500/SEN",,,,"SEN.BENITA;Author",,,,,185,,"BULSAR BOOK STORE",,,,"SCIENCE",
"SAVE PLANET EARTH : MISSION CONSERVATION",,"978-81-7993-141-7","TERRAPIN",2008,,,,,"500/AGA",,,,"AGARWAL.TANYA LUTHER;Author",,,,,185,,"BULSAR BOOK STORE",,,,"SCIENCE",
"SAVE PLANET EARTH : FUTURE POWER ;GREEN GADGET GUIDE",,"978-81-7993-143-1","TERRAPIN",2013,,,,,"500/AGA",,,,"AGARWAL.TANYA LUTHER;Author",,,,,185,,"BULSAR BOOK STORE",,,,"SCIENCE",
"SAVE PLANET EARTH : KNOW CLIMATE CHANGE",,"978-81-7993-146-2","TERRAPIN",2013,,,,,"500/AGA",,,,"AGARWAL.TANYA LUTHER;Author",,,,,185,,"BULSAR BOOK STORE",,,,"SCIENCE",
"SAVE PLANET EARTH : 101 Q & A ON CLIMATE CHANGE",,"978-81-7993-142-4","TERRAPIN",2013,,,,,"500/SAV",,,,,,,,,185,,"BULSAR BOOK STORE",,,,"SCIENCE",
"DESINGED TO SURVIVE: ALL ABOUT SKIN",,"978-81-7993-377-0","TERRAPIN",2011,,,,,"500/BAG",,,,"BAGAI.SHONA;Author",,,,,95,,"BULSAR BOOK STORE",,,,"SCIENCE",
"DESINGED TO SURVIVE: ALL ABOUT SKIN",,"978-81-7993-377-0","TERRAPIN",2011,,,,,"500/BAG",,,,"BAGAI.SHONA;Author",,,,,95,,"BULSAR BOOK STORE",,,,"SCIENCE",
"DESINGED TO SURVIVE: ALL ABOUT TAILS",,"978-81-7993-373-2","TERRAPIN",2011,,,,,"500/BAG",,,,"BAGAI.SHONA;Author",,,,,95,,"BULSAR BOOK STORE",,,,"SCIENCE",
"DESINGED TO SURVIVE: ALL ABOUT TAILS",,"978-81-7993-373-2","TERRAPIN",2011,,,,,"500/BAG",,,,"BAGAI.SHONA;Author",,,,,95,,"BULSAR BOOK STORE",,,,"SCIENCE",
"DESINGED TO SURVIVE: ALL ABOUT FINS",,"978-81-7993-375-6","TERRAPIN",2011,,,,,"500/BAG",,,,"BAGAI.SHONA;Author",,,,,95,,"BULSAR BOOK STORE",,,,"SCIENCE",
"DESINGED TO SURVIVE: ALL ABOUT FINS",,"978-81-7993-375-6","TERRAPIN",2011,,,,,"500/BAG",,,,"BAGAI.SHONA;Author",,,,,95,,"BULSAR BOOK STORE",,,,"SCIENCE",
"DESINGED TO SURVIVE: ALL ABOUT BEAKS",,"978-81-7993-372-5","TERRAPIN",2011,,,,,"500/SEN",,,,"SEN.MOEN;Author",,,,,95,,"BULSAR BOOK STORE",,,,"SCIENCE",
"DESINGED TO SURVIVE: ALL ABOUT BEAKS",,"978-81-7993-372-5","TERRAPIN",2011,,,,,"500/SEN",,,,"SEN.MOEN;Author",,,,,95,,"BULSAR BOOK STORE",,,,"SCIENCE",
"DESINGED TO SURVIVE: ALL ABOUT TEETH",,"978-81-7993-374-9","TERRAPIN",2011,,,,,"500/BAG",,,,"BAGAI.SHONA;Author",,,,,95,,"BULSAR BOOK STORE",,,,"SCIENCE",
"DESINGED TO SURVIVE: ALL ABOUT TEETH",,"978-81-7993-374-9","TERRAPIN",2011,,,,,"500/BAG",,,,"BAGAI.SHONA;Author",,,,,95,,"BULSAR BOOK STORE",,,,"SCIENCE",
"DESINGED TO SURVIVE: ALL ABOUT CLAWS",,"978-81-7993-376-3","TERRAPIN",2011,,,,,"500/BAG",,,,"BAGAI.SHONA;Author",,,,,95,,"BULSAR BOOK STORE",,,,"SCIENCE",
"DESINGED TO SURVIVE: ALL ABOUT CLAWS",,"978-81-7993-376-3","TERRAPIN",2011,,,,,"500/BAG",,,,"BAGAI.SHONA;Author",,,,,95,,"BULSAR BOOK STORE",,,,"SCIENCE",
"NATURE'S FURY: TERRA TREMORS EARTHQUAKES VOLCANOES AND TSUNAMIS",,"978-81-7993-178-3","TERRAPIN",2008,,,,,"500/PUR",,,,"PURI.REENA I;Author",,,,,185,,"BULSAR BOOK STORE",,,,"SCIENCE",
"NATURE'S FURY: TERRA TREMORS EARTHQUAKES VOLCANOES AND TSUNAMIS",,"978-81-7993-178-3","TERRAPIN",2008,,,,,"500/PUR",,,,"PURI.REENA I;Author",,,,,185,,"BULSAR BOOK STORE",,,,"SCIENCE",
"NATURE'S FURY: 101 EARTHSHAKING NATURAL DISASTERS",,"978-81-7993-183-7","TERRAPIN",2008,,,,,"500/PUR",,,,"PURI.REENA I;Author",,,,,185,,"BULSAR BOOK STORE",,,,"SCIENCE",
"NATURE'S FURY: 101 EARTHSHAKING NATURAL DISASTERS",,"978-81-7993-183-7","TERRAPIN",2008,,,,,"500/PUR",,,,"PURI.REENA I;Author",,,,,185,,"BULSAR BOOK STORE",,,,"SCIENCE",
"NATURE'S FURY: WEATHER WISE EXTREME WEATHER WOES",,"978-81-7993-179-0","TERRAPIN",2008,,,,,"500/PUR",,,,"PURI.REENA I;Author",,,,,185,,"BULSAR BOOK STORE",,,,"SCIENCE",
"NATURE'S FURY: WEATHER WISE EXTREME WEATHER WOES",,"978-81-7993-179-0","TERRAPIN",2008,,,,,"500/PUR",,,,"PURI.REENA I;Author",,,,,185,,"BULSAR BOOK STORE",,,,"SCIENCE",
"NATURE'S FURY: WORLD'S WORST NATURAL DISASTERS THAT SHOOK THE WORLD",,"978-81-7993-182-0","TERRAPIN",2008,,,,,"500/SIN",,,,"SINGH.VINEETA;Author",,,,,185,,"BULSAR BOOK STORE",,,,"SCIENCE",
"NATURE'S FURY: WORLD'S WORST NATURAL DISASTERS THAT SHOOK THE WORLD",,"978-81-7993-182-0","TERRAPIN",2008,,,,,"500/SIN",,,,"SINGH.VINEETA;Author",,,,,185,,"BULSAR BOOK STORE",,,,"SCIENCE",
"NATURE'S FURY: WATER WILD OF DROUGHTS AND FLOODS",,"978-81-7993-181-3","TERRAPIN",2008,,,,,"500/SEN",,,,"SEN.BENITA;Author",,,,,185,,"BULSAR BOOK STORE",,,,"SCIENCE",
"NATURE'S FURY: WATER WILD OF DROUGHTS AND FLOODS",,"978-81-7993-181-3","TERRAPIN",2008,,,,,"500/SEN",,,,"SEN.BENITA;Author",,,,,185,,"BULSAR BOOK STORE",,,,"SCIENCE",
"KNOW ALL ABOUT : SPACE;THE GREAT BEYOND",,"978-81-7993-176-9","TERRAPIN",2013,,,,,"500/NAI",,,,"NAINWAL.TRIPTI;Author",,,,,75,,"BULSAR BOOK STORE",,,,"SCIENCE",
"KNOW ALL ABOUT : SPACE;THE GREAT BEYOND",,"978-81-7993-176-9","TERRAPIN",2013,,,,,"500/NAI",,,,"NAINWAL.TRIPTI;Author",,,,,75,,"BULSAR BOOK STORE",,,,"SCIENCE",
"KNOW ALL ABOUT : WIND; THE AIR IN A HURRY!",,"978-81-7993-173-8","TERRAPIN",2013,,,,,"500/NAI",,,,"NAINWAL.TRIPTI;Author",,,,,75,,"BULSAR BOOK STORE",,,,"SCIENCE",
"KNOW ALL ABOUT : WIND; THE AIR IN A HURRY!",,"978-81-7993-173-8","TERRAPIN",2013,,,,,"500/NAI",,,,"NAINWAL.TRIPTI;Author",,,,,75,,"BULSAR BOOK STORE",,,,"SCIENCE",
"KNOW ALL ABOUT : SUN;THE GREAT BALL OF FIRE",,"978-81-7993-172-1","TERRAPIN",2013,,,,,"500/MUK",,,,"MUKHERJEE.VIJITA;Author",,,,,75,,"BULSAR BOOK STORE",,,,"SCIENCE",
"KNOW ALL ABOUT : SUN;THE GREAT BALL OF FIRE",,"978-81-7993-172-1","TERRAPIN",2013,,,,,"500/MUK",,,,"MUKHERJEE.VIJITA;Author",,,,,75,,"BULSAR BOOK STORE",,,,"SCIENCE",
"KNOW ALL ABOUT : SOIL; THE PRECIOUS EARTH!",,"978-81-7993-175-2","TERRAPIN",2013,,,,,"500/MUK",,,,"MUKHERJEE.VIJITA;Author",,,,,75,,"BULSAR BOOK STORE",,,,"SCIENCE",
"KNOW ALL ABOUT : SOIL; THE PRECIOUS EARTH!",,"978-81-7993-175-2","TERRAPIN",2013,,,,,"500/MUK",,,,"MUKHERJEE.VIJITA;Author",,,,,75,,"BULSAR BOOK STORE",,,,"SCIENCE",
"KNOW ALL ABOUT : EARTH; THE BLUE MARVEL!",,"978-81-7993-177-6","TERRAPIN",2013,,,,,"500/NAI",,,,"NAINWAL.TRIPTI;Author",,,,,75,,"BULSAR BOOK STORE",,,,"SCIENCE",
"KNOW ALL ABOUT : EARTH; THE BLUE MARVEL!",,"978-81-7993-177-6","TERRAPIN",2013,,,,,"500/NAI",,,,"NAINWAL.TRIPTI;Author",,,,,75,,"BULSAR BOOK STORE",,,,"SCIENCE",
"KNOW ALL ABOUT : WATER;THE BIG SPLASH!",,"978-81-7993-174-5","TERRAPIN",2013,,,,,"500/MUK",,,,"MUKHERJEE.VIJITA;Author",,,,,75,,"BULSAR BOOK STORE",,,,"SCIENCE",
"KNOW ALL ABOUT : WATER;THE BIG SPLASH!",,"978-81-7993-174-5","TERRAPIN",2013,,,,,"500/MUK",,,,"MUKHERJEE.VIJITA;Author",,,,,75,,"BULSAR BOOK STORE",,,,"SCIENCE",
"WEIRD AND WONDERFUL: HABITATS",,"978-81-7993-253-7","TERRAPIN",2011,,,,,"500/AGA",,,,"AGARWAL.TANYA LUTHER;Author",,,,,95,,"BULSAR BOOK STORE",,,,"SCIENCE",
"WEIRD AND WONDERFUL: HABITATS",,"978-81-7993-253-7","TERRAPIN",2011,,,,,"500/AGA",,,,"AGARWAL.TANYA LUTHER;Author",,,,,95,,"BULSAR BOOK STORE",,,,"SCIENCE",
"WEIRD AND WONDERFUL: PHENOMENA",,"978-81-7993-255-1","TERRAPIN",2011,,,,,"500/AGA",,,,"AGARWAL.TANYA LUTHER;Author",,,,,95,,"BULSAR BOOK STORE",,,,"SCIENCE",
"WEIRD AND WONDERFUL: PHENOMENA",,"978-81-7993-255-1","TERRAPIN",2011,,,,,"500/AGA",,,,"AGARWAL.TANYA LUTHER;Author",,,,,95,,"BULSAR BOOK STORE",,,,"SCIENCE",
"WEIRD AND WONDERFUL: ANIMALS",,"978-81-7993-256-8","TERRAPIN",2011,,,,,"500/AGA",,,,"AGARWAL.TANYA LUTHER;Author",,,,,95,,"BULSAR BOOK STORE",,,,"SCIENCE",
"WEIRD AND WONDERFUL: ANIMALS",,"978-81-7993-256-8","TERRAPIN",2011,,,,,"500/AGA",,,,"AGARWAL.TANYA LUTHER;Author",,,,,95,,"BULSAR BOOK STORE",,,,"SCIENCE",
"WEIRD AND WONDERFUL: PLANTS",,"978-81-7993-251-3","TERRAPIN",2011,,,,,"500/AGA",,,,"AGARWAL.TANYA LUTHER;Author",,,,,95,,"BULSAR BOOK STORE",,,,"SCIENCE",
"WEIRD AND WONDERFUL: PLANTS",,"978-81-7993-251-3","TERRAPIN",2011,,,,,"500/AGA",,,,"AGARWAL.TANYA LUTHER;Author",,,,,95,,"BULSAR BOOK STORE",,,,"SCIENCE",
"WEIRD AND WONDERFUL: FRUITS AND VEGETABLES",,"978-81-7993-252-0","TERRAPIN",2011,,,,,"500/AGA",,,,"AGARWAL.TANYA LUTHER;Author",,,,,95,,"BULSAR BOOK STORE",,,,"SCIENCE",
"WEIRD AND WONDERFUL: FRUITS AND VEGETABLES",,"978-81-7993-252-0","TERRAPIN",2011,,,,,"500/AGA",,,,"AGARWAL.TANYA LUTHER;Author",,,,,95,,"BULSAR BOOK STORE",,,,"SCIENCE",
"WEIRD AND WONDERFUL: NATURAL FORMATIONS",,"978-81-7993-254-4","TERRAPIN",2011,,,,,"500/AGA",,,,"AGARWAL.TANYA LUTHER;Author",,,,,95,,"BULSAR BOOK STORE",,,,"SCIENCE",
"WEIRD AND WONDERFUL: NATURAL FORMATIONS",,"978-81-7993-254-4","TERRAPIN",2011,,,,,"500/AGA",,,,"AGARWAL.TANYA LUTHER;Author",,,,,95,,"BULSAR BOOK STORE",,,,"SCIENCE",
"CIRCLE OF LIFE : LIFE CYCLE OF A PENGUIN",,"978-81-7993-240-7","TERRAPIN",2011,,,,,"500/MUK",,,,"MUKHERJEE.VIJITA;Author",,,,,75,,"BULSAR BOOK STORE",,,,"SCIENCE",
"CIRCLE OF LIFE : LIFE CYCLE OF A FROG",,"978-81-7993-238-4","TERRAPIN",2011,,,,,"500/CON",,,,"CONOLLY.CARTHRYN;Author",,,,,75,,"BULSAR BOOK STORE",,,,"SCIENCE",
"CIRCLE OF LIFE : LIFE CYCLE OF A BUTTERFLY",,"978-81-7993-237-7","TERRAPIN",2011,,,,,"500/CON",,,,"CONOLLY.CARTHRYN;Author",,,,,75,,"BULSAR BOOK STORE",,,,"SCIENCE",
"CIRCLE OF LIFE : LIFE CYCLE OF A KANGAROO",,"978-81-7993-239-1","TERRAPIN",2011,,,,,"500/MUK",,,,"MUKHERJEE.VIJITA;Author",,,,,75,,"BULSAR BOOK STORE",,,,"SCIENCE",
"CIRCLE OF LIFE : LIFE CYCLE OF A ELEPHANT",,"978-81-7993-241-4","TERRAPIN",2011,,,,,"500/MUK",,,,"MUKHERJEE.VIJITA;Author",,,,,75,,"BULSAR BOOK STORE",,,,"SCIENCE",
"CIRCLE OF LIFE : LIFE CYCLE OF A WHALE",,"978-81-7993-242-1","TERRAPIN",2011,,,,,"500/CON",,,,"CONOLLY.CARTHRYN;Author",,,,,75,,"BULSAR BOOK STORE",,,,"SCIENCE",
"CIRCLE OF LIFE : LIFE CYCLE OF A PENGUIN",,"978-81-7993-240-7","TERRAPIN",2011,,,,,"500/MUK",,,,"MUKHERJEE.VIJITA;Author",,,,,75,,"BULSAR BOOK STORE",,,,"SCIENCE",
"CIRCLE OF LIFE : LIFE CYCLE OF A FROG",,"978-81-7993-238-4","TERRAPIN",2011,,,,,"500/CON",,,,"CONOLLY.CARTHRYN;Author",,,,,75,,"BULSAR BOOK STORE",,,,"SCIENCE",
"CIRCLE OF LIFE : LIFE CYCLE OF A BUTTERFLY",,"978-81-7993-237-7","TERRAPIN",2011,,,,,"500/CON",,,,"CONOLLY.CARTHRYN;Author",,,,,75,,"BULSAR BOOK STORE",,,,"SCIENCE",
"CIRCLE OF LIFE : LIFE CYCLE OF A KANGAROO",,"978-81-7993-239-1","TERRAPIN",2011,,,,,"500/MUK",,,,"MUKHERJEE.VIJITA;Author",,,,,75,,"BULSAR BOOK STORE",,,,"SCIENCE",
"CIRCLE OF LIFE : LIFE CYCLE OF A ELEPHANT",,"978-81-7993-241-4","TERRAPIN",2011,,,,,"500/MUK",,,,"MUKHERJEE.VIJITA;Author",,,,,75,,"BULSAR BOOK STORE",,,,"SCIENCE",
"CIRCLE OF LIFE : LIFE CYCLE OF A WHALE",,"978-81-7993-242-1","TERRAPIN",2011,,,,,"500/CON",,,,"CONOLLY.CARTHRYN;Author",,,,,75,,"BULSAR BOOK STORE",,,,"SCIENCE",
"GREEN GENIUS GUIDE : WHAT ARE POLLUTION,SMPKE,SMOG AND MORE…",,"978-81-7993-163-9","TERRAPIN",2013,,,,,"500/GRE",,,,,,,,,75,,"BULSAR BOOK STORE",,,,"SCIENCE",
"GREEN GENIUS GUIDE : WHAT ARE POLLUTION,SMPKE,SMOG AND MORE…",,"978-81-7993-163-9","TERRAPIN",2013,,,,,"500/GRE",,,,,,,,,75,,"BULSAR BOOK STORE",,,,"SCIENCE",
"GREEN GENIUS GUIDE : WHAT ARE VOLCANOES,EARTHQUAKES,AVALANCHES, AND MORE….",,"978-81-7993-159-2","TERRAPIN",2013,,,,,"500/GRE",,,,,,,,,75,,"BULSAR BOOK STORE",,,,"SCIENCE",
"GREEN GENIUS GUIDE : WHAT ARE VOLCANOES,EARTHQUAKES,AVALANCHES, AND MORE….",,"978-81-7993-159-2","TERRAPIN",2013,,,,,"500/GRE",,,,,,,,,75,,"BULSAR BOOK STORE",,,,"SCIENCE",
"GREEN GENIUS GUIDE : WHAT ARE BACTERIA,VIRUSES,FUNGI, AND MORE…",,"978-81-7993-164-6","TERRAPIN",2013,,,,,"500/GRE",,,,,,,,,75,,"BULSAR BOOK STORE",,,,"SCIENCE",
"GREEN GENIUS GUIDE : WHAT ARE BACTERIA,VIRUSES,FUNGI, AND MORE…",,"978-81-7993-164-6","TERRAPIN",2013,,,,,"500/GRE",,,,,,,,,75,,"BULSAR BOOK STORE",,,,"SCIENCE",
"GREEN GENIUS GUIDE : WHAT ARE LANDFILLS,VERMICOMPOSTING,RECYCLING, AND MORE…",,"978-81-7993-161-5","TERRAPIN",2013,,,,,"500/GRE",,,,,,,,,75,,"BULSAR BOOK STORE",,,,"SCIENCE",
"GREEN GENIUS GUIDE : WHAT ARE LANDFILLS,VERMICOMPOSTING,RECYCLING, AND MORE…",,"978-81-7993-161-5","TERRAPIN",2013,,,,,"500/GRE",,,,,,,,,75,,"BULSAR BOOK STORE",,,,"SCIENCE",
"GREEN GENIUS GUIDE : WHAT ARE ECOSYSTEMS,BIOMES,ECOTONES, AND MORE…",,"978-81-7993-160-8","TERRAPIN",2013,,,,,"500/GRE",,,,,,,,,75,,"BULSAR BOOK STORE",,,,"SCIENCE",
"GREEN GENIUS GUIDE : WHAT ARE ECOSYSTEMS,BIOMES,ECOTONES, AND MORE…",,"978-81-7993-160-8","TERRAPIN",2013,,,,,"500/GRE",,,,,,,,,75,,"BULSAR BOOK STORE",,,,"SCIENCE",
"GREEN GENIUS GUIDE : WHAT ARE WIND POWER,SOLAR POWER,HYDROPOWER AND MORE…",,"978-81-7993-124-0","TERRAPIN",2013,,,,,"500/GRE",,,,,,,,,75,,"BULSAR BOOK STORE",,,,"SCIENCE",
"GREEN GENIUS GUIDE : WHAT ARE WIND POWER,SOLAR POWER,HYDROPOWER AND MORE…",,"978-81-7993-124-0","TERRAPIN",2013,,,,,"500/GRE",,,,,,,,,75,,"BULSAR BOOK STORE",,,,"SCIENCE",
"GREEN GENIUS 101 QUESTIONS & ANSWERS : SPELLBINDING SPACE",,"978-81-7993-208-7","TERRAPIN",2008,,,,,"500/KID",,,,"KIDWAI.KEMAYA;Author",,,,,185,,"BULSAR BOOK STORE",,,,"SCIENCE",
"GREEN GENIUS 101 QUESTIONS & ANSWERS : GLOBAL WARMING",,"978-81-7993-204-9","TERRAPIN",2013,,,,,"500/GRE",,,,,,,,,185,,"BULSAR BOOK STORE",,,,"SCIENCE",
"GREEN GENIUS 101 QUESTIONS & ANSWERS : EXCITING ENVIRONMENT",,"978-81-7993-203-2","TERRAPIN",2008,,,,,"500/SAH",,,,"SAH.SNIGDHA;Author",,,,,185,,"BULSAR BOOK STORE",,,,"SCIENCE",
"GREEN GENIUS 101 QUESTIONS & ANSWERS : OUR PLANET'S PHENOMENAL PAST",,"978-81-7993-206-3","TERRAPIN",2008,,,,,"500/SUB",,,,"SUBRAMANIAN.BHUVANESHWARI;Author",,,,,185,,"BULSAR BOOK STORE",,,,"SCIENCE",
"GREEN GENIUS 101 QUESTIONS & ANSWERS : CLEAR,GREEN TECHNOLOGY",,"978-81-7993-205-6","TERRAPIN",2008,,,,,"500/KAS",,,,"KASHYAP.APARAJITA;Author",,,,,185,,"BULSAR BOOK STORE",,,,"SCIENCE",
"GREEN GENIUS 101 QUESTIONS & ANSWERS : EXTREMELY ENDANGERED CREATURES",,"978-81-7993-207-0","TERRAPIN",2008,,,,,"500/GRE",,,,"KIDWAI.KEMAYA;Author",,,,,185,,"BULSAR BOOK STORE",,,,"SCIENCE",
"SMART GREEN CIVILIZATIONS: ANCIENT MESOPOTAMIA",,"978-81-7993-331-2","TERRAPIN",2011,,,,,"935/SEN",,,,"SEN.BENITA;Author",,,,,155,,"BULSAR BOOK STORE",,,,"GEOGRAPHY & HISTORY",
"SMART GREEN CIVILIZATIONS: ANCIENT EGYPT",,"978-81-7993-330-5","TERRAPIN",2011,,,,,"932/SEN",,,,"SEN.BENITA;Author",,,,,155,,"BULSAR BOOK STORE",,,,"GEOGRAPHY & HISTORY",
"SMART GREEN CIVILIZATIONS: ANCIENT EGYPT",,"978-81-7993-330-5","TERRAPIN",2011,,,,,"932/SEN",,,,"SEN.BENITA;Author",,,,,155,,"BULSAR BOOK STORE",,,,"GEOGRAPHY & HISTORY",
"SMART GREEN CIVILIZATIONS: ANCIENT GREECE",,"978-81-7993-329-9","TERRAPIN",2011,,,,,"938/SEN",,,,"SEN.BENITA;Author",,,,,155,,"BULSAR BOOK STORE",,,,"GEOGRAPHY & HISTORY",
"SMART GREEN CIVILIZATIONS: ANCIENT GREECE",,"978-81-7993-329-9","TERRAPIN",2011,,,,,"938/SEN",,,,"SEN.BENITA;Author",,,,,155,,"BULSAR BOOK STORE",,,,"GEOGRAPHY & HISTORY",
"SMART GREEN CIVILIZATIONS: INDUS VALLEY",,"978-81-7993-328-2","TERRAPIN",2011,,,,,"938/SEN",,,,"SEN.BENITA;Author",,,,,155,,"BULSAR BOOK STORE",,,,"GEOGRAPHY & HISTORY",
"SMART GREEN CIVILIZATIONS: INDUS VALLEY",,"978-81-7993-328-2","TERRAPIN",2011,,,,,"938/SEN",,,,"SEN.BENITA;Author",,,,,155,,"BULSAR BOOK STORE",,,,"GEOGRAPHY & HISTORY",
"SMART GREEN CIVILIZATIONS: ANCIENT AMERICA",,"978-81-7993-333-6","TERRAPIN",2011,,,,,"930/SEN",,,,"SEN.BENITA;Author",,,,,155,,"BULSAR BOOK STORE",,,,"GEOGRAPHY & HISTORY",
"SMART GREEN CIVILIZATIONS: ANCIENT AMERICA",,"978-81-7993-333-6","TERRAPIN",2011,,,,,"930/SEN",,,,"SEN.BENITA;Author",,,,,155,,"BULSAR BOOK STORE",,,,"GEOGRAPHY & HISTORY",
"SMART GREEN CIVILIZATIONS: ANCIENT ROME",,"978-81-7993-386-2","TERRAPIN",2011,,,,,"930/SEN",,,,"SEN.BENITA;Author",,,,,155,,"BULSAR BOOK STORE",,,,"GEOGRAPHY & HISTORY",
"SMART GREEN CIVILIZATIONS: ANCIENT ROME",,"978-81-7993-386-2","TERRAPIN",2011,,,,,"930/SEN",,,,"SEN.BENITA;Author",,,,,155,,"BULSAR BOOK STORE",,,,"GEOGRAPHY & HISTORY",
"SMART GREEN CIVILIZATIONS: ANCIENT CHINA",,"978-81-7993-332-9","TERRAPIN",2011,,,,,"931/SEN",,,,"SEN.BENITA;Author",,,,,155,,"BULSAR BOOK STORE",,,,"GEOGRAPHY & HISTORY",
"SMART GREEN CIVILIZATIONS: ANCIENT CHINA",,"978-81-7993-332-9","TERRAPIN",2011,,,,,"931/SEN",,,,"SEN.BENITA;Author",,,,,155,,"BULSAR BOOK STORE",,,,"GEOGRAPHY & HISTORY",
"SMART GREEN CIVILIZATIONS: ANCIENT MESOPOTAMIA",,"978-81-7993-331-2","TERRAPIN",2011,,,,,"935/SEN",,,,"SEN.BENITA;Author",,,,,155,,"BULSAR BOOK STORE",,,,"GEOGRAPHY & HISTORY",
"BEGINNER'S SCIENCE DICTIONARY",,"978-81-7993-263-6","TERRAPIN",2011,,,,,"503/DIC",,,,,"SCIENCE",,,,175,,"BULSAR BOOK STORE",,,,"DICTIONARY",
"GET WELL SOON: INJURIES",,"978-81-7993-318-3","TERRAPIN",2012,,,,,"500/SEN",,,,"SEN.BENITA;Author",,,,,95,,"BULSAR BOOK STORE",,,,"SCIENCE",
"GET WELL SOON: INJURIES",,"978-81-7993-318-3","TERRAPIN",2012,,,,,"500/SEN",,,,"SEN.BENITA;Author",,,,,95,,"BULSAR BOOK STORE",,,,"SCIENCE",
"GET WELL SOON: FEVER",,"978-81-7993-316-9","TERRAPIN",2012,,,,,"500/SEN",,,,"SEN.BENITA;Author",,,,,95,,"BULSAR BOOK STORE",,,,"SCIENCE",
"GET WELL SOON: FEVER",,"978-81-7993-316-9","TERRAPIN",2012,,,,,"500/SEN",,,,"SEN.BENITA;Author",,,,,95,,"BULSAR BOOK STORE",,,,"SCIENCE",
"GET WELL SOON: ALLERGIES",,"978-81-7993-317-6","TERRAPIN",2012,,,,,"500/SEN",,,,"SEN.BENITA;Author",,,,,95,,"BULSAR BOOK STORE",,,,"SCIENCE",
"GET WELL SOON: ALLERGIES",,"978-81-7993-317-6","TERRAPIN",2012,,,,,"500/SEN",,,,"SEN.BENITA;Author",,,,,95,,"BULSAR BOOK STORE",,,,"SCIENCE",
"GET WELL SOON: STOMACH PROBLEMS",,"978-81-7993-315-2","TERRAPIN",2012,,,,,"500/SEN",,,,"SEN.BENITA;Author",,,,,95,,"BULSAR BOOK STORE",,,,"SCIENCE",
"GET WELL SOON: STOMACH PROBLEMS",,"978-81-7993-315-2","TERRAPIN",2012,,,,,"500/SEN",,,,"SEN.BENITA;Author",,,,,95,,"BULSAR BOOK STORE",,,,"SCIENCE",
"HOW COME HOW SO? THAT'S HOW THINGS TRAVEL",,"978-81-7993-219-3","TERRAPIN",2008,,,,,"500/SUB",,,,"SUBRAMANIAN.R.P.;Author",,,,,185,,"BULSAR BOOK STORE",,,,"SCIENCE",
"HOW COME HOW SO? THAT'S HOW THINGS TRAVEL",,"978-81-7993-219-3","TERRAPIN",2008,,,,,"500/SUB",,,,"SUBRAMANIAN.R.P.;Author",,,,,185,,"BULSAR BOOK STORE",,,,"SCIENCE",
"HOW COME HOW SO? THAT'S HOW STRANGE CREATURES LIVE",,"978-81-7993-220-9","TERRAPIN",2008,,,,,"500/SHI",,,,"SHIPURKAR.REKHA;Author",,,,,185,,"BULSAR BOOK STORE",,,,"SCIENCE",
"HOW COME HOW SO? THAT'S HOW STRANGE CREATURES LIVE",,"978-81-7993-220-9","TERRAPIN",2008,,,,,"500/SHI",,,,"SHIPURKAR.REKHA;Author",,,,,185,,"BULSAR BOOK STORE",,,,"SCIENCE",
"HOW COME HOW SO? THAT'S HOW MYSTERIOUS EVENTS OCCUR",,"978-81-7993-218-6","TERRAPIN",2008,,,,,"500/SHI",,,,"SHIPURKAR.REKHA;Author",,,,,185,,"BULSAR BOOK STORE",,,,"SCIENCE",
"HOW COME HOW SO? THAT'S HOW MYSTERIOUS EVENTS OCCUR",,"978-81-7993-218-6","TERRAPIN",2008,,,,,"500/SHI",,,,"SHIPURKAR.REKHA;Author",,,,,185,,"BULSAR BOOK STORE",,,,"SCIENCE",
"HOW COME HOW SO? THAT'S HOW THINGS HAPPEN",,"978-81-7993-215-5","TERRAPIN",2008,,,,,"500/AHM",,,,"AHMAD.ARSHI;Author",,,,,185,,"BULSAR BOOK STORE",,,,"SCIENCE",
"HOW COME HOW SO? THAT'S HOW THINGS HAPPEN",,"978-81-7993-215-5","TERRAPIN",2008,,,,,"500/AHM",,,,"AHMAD.ARSHI;Author",,,,,185,,"BULSAR BOOK STORE",,,,"SCIENCE",
"FROM NATURE TO YOUR HOME: THE AMAZING JOURNEY OF A GLASS MARBLE",,"978-81-7993-169-1","TERRAPIN",2008,,,,,"500/AGA",,,,"AGARWAL.TANYA LUTHER;Author",,,,,75,,"BULSAR BOOK STORE",,,,"SCIENCE",
"FROM NATURE TO YOUR HOME: THE AMAZING JOURNEY OF A GLASS MARBLE",,"978-81-7993-169-1","TERRAPIN",2008,,,,,"500/AGA",,,,"AGARWAL.TANYA LUTHER;Author",,,,,75,,"BULSAR BOOK STORE",,,,"SCIENCE",
"FROM NATURE TO YOUR HOME: THE AMAZING JOURNEY OF A WOOD PENCIL",,"978-81-7993-171-4","TERRAPIN",2008,,,,,"500/AGA",,,,"AGARWAL.TANYA LUTHER;Author",,,,,75,,"BULSAR BOOK STORE",,,,"SCIENCE",
"FROM NATURE TO YOUR HOME: THE AMAZING JOURNEY OF A WOOD PENCIL",,"978-81-7993-171-4","TERRAPIN",2008,,,,,"500/AGA",,,,"AGARWAL.TANYA LUTHER;Author",,,,,75,,"BULSAR BOOK STORE",,,,"SCIENCE",
"FROM NATURE TO YOUR HOME: THE AMAZING JOURNEY OF A WOOLLEN MITTENS",,"978-81-7993-167-7","TERRAPIN",2008,,,,,"500/AGA",,,,"AGARWAL.TANYA LUTHER;Author",,,,,75,,"BULSAR BOOK STORE",,,,"SCIENCE",
"FROM NATURE TO YOUR HOME: THE AMAZING JOURNEY OF A WOOLLEN MITTENS",,"978-81-7993-167-7","TERRAPIN",2008,,,,,"500/AGA",,,,"AGARWAL.TANYA LUTHER;Author",,,,,75,,"BULSAR BOOK STORE",,,,"SCIENCE",
"FROM NATURE TO YOUR HOME: THE AMAZING JOURNEY OF A BROWN PAPER BAG",,"978-81-7993-168-4","TERRAPIN",2008,,,,,"500/AGA",,,,"AGARWAL.TANYA LUTHER;Author",,,,,75,,"BULSAR BOOK STORE",,,,"SCIENCE",
"FROM NATURE TO YOUR HOME: THE AMAZING JOURNEY OF A BROWN PAPER BAG",,"978-81-7993-168-4","TERRAPIN",2008,,,,,"500/AGA",,,,"AGARWAL.TANYA LUTHER;Author",,,,,75,,"BULSAR BOOK STORE",,,,"SCIENCE",
"FROM NATURE TO YOUR HOME: THE AMAZING JOURNEY OF A SODA CAN",,"978-81-7993-166-0","TERRAPIN",2008,,,,,"500/AGA",,,,"AGARWAL.TANYA LUTHER;Author",,,,,75,,"BULSAR BOOK STORE",,,,"SCIENCE",
"FROM NATURE TO YOUR HOME: THE AMAZING JOURNEY OF A SODA CAN",,"978-81-7993-166-0","TERRAPIN",2008,,,,,"500/AGA",,,,"AGARWAL.TANYA LUTHER;Author",,,,,75,,"BULSAR BOOK STORE",,,,"SCIENCE",
"FROM NATURE TO YOUR HOME: THE AMAZING JOURNEY OF A DENIM JEANS",,"978-81-7993-170-7","TERRAPIN",2008,,,,,"500/AGA",,,,"AGARWAL.TANYA LUTHER;Author",,,,,75,,"BULSAR BOOK STORE",,,,"SCIENCE",
"FROM NATURE TO YOUR HOME: THE AMAZING JOURNEY OF A DENIM JEANS",,"978-81-7993-170-7","TERRAPIN",2008,,,,,"500/AGA",,,,"AGARWAL.TANYA LUTHER;Author",,,,,75,,"BULSAR BOOK STORE",,,,"SCIENCE",
"SUPER POWERD EARTH : ENERGY FROM THE NUCLEUS OF AN ATOM",,"978-81-7993-136-3","TERRAPIN",2009,,,,,"500/SEN",,,,"SEN.MOEN;Author",,,,,150,,"BULSAR BOOK STORE",,,,"SCIENCE",
"SUPER POWERD EARTH : ENERGY FROM THE DROP OF WATER",,"978-81-7993-138-7","TERRAPIN",2009,,,,,"500/SEN",,,,"SEN.BENITA;Author",,,,,150,,"BULSAR BOOK STORE",,,,"SCIENCE",
"SUPER POWERD EARTH : ENERGY FROM THE HEART OF HYDROGEN",,"978-81-7993-140-0","TERRAPIN",2009,,,,,"500/SEN",,,,"SEN.MOEN;Author",,,,,150,,"BULSAR BOOK STORE",,,,"SCIENCE",
"SUPER POWERD EARTH : ENERGY FROM THE GUST OF WIND",,"978-81-7993-135-6","TERRAPIN",2009,,,,,"500/SEN",,,,"SEN.BENITA;Author",,,,,150,,"BULSAR BOOK STORE",,,,"SCIENCE",
"SUPER POWERD EARTH : ENERGY FROM THE RAYS OF THE SUN",,"978-81-7993-137-0","TERRAPIN",2009,,,,,"500/SEN",,,,"SEN.BENITA;Author",,,,,150,,"BULSAR BOOK STORE",,,,"SCIENCE",
"WONDERS OF INDIA: BIRDS",,"978-81-7993-346-6","TERRAPIN",2011,,,,,"001/SON",,,,"SONDHI.SANJAY;Author","INDIA",,,,155,,"BULSAR BOOK STORE",,,,"KNOWLEDGE",
"WONDERS OF INDIA: BIRDS",,"978-81-7993-346-6","TERRAPIN",2011,,,,,"001/SON",,,,"SONDHI.SANJAY;Author","INDIA",,,,155,,"BULSAR BOOK STORE",,,,"KNOWLEDGE",
"WONDERS OF INDIA: FLOWERS",,"978-81-7993-348-0","TERRAPIN",2011,,,,,"001/SON",,,,"SONDHI.ANCHAL;Author","INDIA",,,,155,,"BULSAR BOOK STORE",,,,"KNOWLEDGE",
"WONDERS OF INDIA: FLOWERS",,"978-81-7993-348-0","TERRAPIN",2011,,,,,"001/SON",,,,"SONDHI.SANJAY;Author","INDIA",,,,155,,"BULSAR BOOK STORE",,,,"KNOWLEDGE",
"WONDERS OF INDIA: GEMS",,"978-81-7993-351-0","TERRAPIN",2012,,,,,"001/GOV",,,,"GOVIL.MAMTA;Author","INDIA",,,,155,,"BULSAR BOOK STORE",,,,"KNOWLEDGE",
"WONDERS OF INDIA: GEMS",,"978-81-7993-351-0","TERRAPIN",2012,,,,,"001/GOV",,,,"GOVIL.MAMTA;Author","INDIA",,,,155,,"BULSAR BOOK STORE",,,,"KNOWLEDGE",
"WONDERS OF INDIA: ANIMALS",,"978-81-7993-347-3","TERRAPIN",2011,,,,,"001/SON",,,,"SONDHI.SANJAY;Author","INDIA",,,,155,,"BULSAR BOOK STORE",,,,"KNOWLEDGE",
"WONDERS OF INDIA: ANIMALS",,"978-81-7993-347-3","TERRAPIN",2011,,,,,"001/SON",,,,"SONDHI.SANJAY;Author","INDIA",,,,155,,"BULSAR BOOK STORE",,,,"KNOWLEDGE",
"WONDERS OF INDIA: TREES",,"978-81-7993-349-7","TERRAPIN",2011,,,,,"001/SON",,,,"SONDHI.ANCHAL;Author","INDIA",,,,155,,"BULSAR BOOK STORE",,,,"KNOWLEDGE",
"WONDERS OF INDIA: TREES",,"978-81-7993-349-7","TERRAPIN",2011,,,,,"001/SON",,,,"SONDHI.SANJAY;Author","INDIA",,,,155,,"BULSAR BOOK STORE",,,,"KNOWLEDGE",
"WONDERS OF INDIA: MONUMENTS",,"978-81-7993-350-3","TERRAPIN",2011,,,,,"001/GOV",,,,"GOVIL.MAMTA;Author","INDIA",,,,155,,"BULSAR BOOK STORE",,,,"KNOWLEDGE",
"WONDERS OF INDIA: MONUMENTS",,"978-81-7993-350-3","TERRAPIN",2011,,,,,"001/GOV",,,,"GOVIL.MAMTA;Author","INDIA",,,,155,,"BULSAR BOOK STORE",,,,"KNOWLEDGE",
"THE NATURAL WONDERS OF INDIA",,"978-81-7993-449-4","TERRAPIN",2013,,,,,"001/NAG",,,,"NAGARAJ.VIJAYLAKSHMI;Author","INDIA",,,,195,,"BULSAR BOOK STORE",,,,"KNOWLEDGE",
"MAKING SENSE OF CLIMATE CHANGES: A BEGINNER'S GUIDE TO GLOBAL WARMING",,"978-81-7993-235-3","TERRAPIN",2009,,,,,"500/SAI",,,,"SAIKIA.RANJANA;Author","GLOBAL WARNING",,,,175,,"BULSAR BOOK STORE",,,,"SCIENCE",
"WATER : WHY IT MATTERS",,"978-81-7993-303-9","TERRAPIN",2013,,,,,"500/BAG",,,,"BAGAI.SHONA;Author",,,,,295,,"BULSAR BOOK STORE",,,,"SCIENCE",
"LEARNING FROM GANDHI",,"81-7993-030-0","TERRAPIN",2004,,,,,"920/SAI",,,,"SAIKIA.RANJANA;Author",,,,,45,,"BULSAR BOOK STORE",,,,"BIOGRAPHY",
"SAHANI'S ETHICS OF CHANKYA",,"81-7564-013-8","SAHNI PUBLICATION",1997,,,,,"920/SAH",,,,,,,,,50,,"BULSAR BOOK STORE",,,,"BIOGRAPHY",
"1,2,5 BRAIN GAMES FOR TODDLERS AND TWOS",,9788176498470,"VIVA",2004,,,,,"700/SIL",,,,"SILBERG.JACKIE;Author","GAMES",,,,145,,"BULSAR BOOK STORE",,,,"ART",
"BRITANNICA REFERENCE ENCYCLOPEDIA",,"978-1-61535-687-4","IMPULSE",2013,,,,,"030/BRI",,,,,,,,,1895,,"BULSAR BOOK STORE",,,,"ENCYCLOPEDIA",
"ULTIMATE FAMILY VISUAL DICTIONARY",,"978-0-1434-1954-9","DK",2011,,,,,"503.003/DIC",,,,,"SCIENCE",,,,1999,,"BULSAR BOOK STORE",,,,"DICTIONARY",
"TOP 10 OF EVERYTHING 2013",,"978-0-600-62687-9","HAMLYN",2012,,,,,"001/ASH",,,,"ASH.CAROLINE;Author",,,,,1595,,"BULSAR BOOK STORE",,,,"KNOWLEDGE",
"READER'S DIGEST BOOK OF AMAZING FACTS: A CHILDREN'S GUIDE TO THE WORLD",,9780276424342,"READER'S DIGEST",2005,,,,,"001/BUR",,,,"BURNIE.DAVID,GAMLIN.LINDA;Author OTHERS;Author",,,,,999,,"BULSAR BOOK STORE",,,,"KNOWLEDGE",
"THE GREAT MAHABHARATA",,9798175736992,"TINY TOT ",2008,,,,,"200/MAH",,,,,,,,,175,,"BULSAR BOOK STORE",,,,"RELIGIOUS",
"2,001 AMAZING CLEANING SECRETS",,9780762104895,"READER'S DIGEST",2004,,,,,"600/BRE",,,,"BREDENBERG.JEFF;Author",,,,,938,,"BULSAR BOOK STORE",,,,"TECHNOLOGY",
"QUESTION & ANSWERS ENCYCLOPEDIA : ANIMALS",,9780752596235,"PARRAGON",2006,,,,,"503/GAN",,,,"GANERIA.ANITA,GREEN.JEN;Author OTHERS;Author","SCIENCE",,,,495,,"BULSAR BOOK STORE",,,,"ENCYCLOPEDIA",
"HOW TO GIVE A TERRIFIC PRESENTATION",,9780814478417,"AMACOM",1997,,,,,"600/KAI",,,,"KALISH.KAREN;Author",,,,,470,,"BULSAR BOOK STORE",,,,"TECHNOLOGY",
"MY MOST LOVED FAIRY TALES",,"978-81-7963-450-9","SHREE",,,,,,"823/FAI",,,,,"ENGLISH",,,,175,,"BULSAR BOOK STORE",,,,"STORY",
"100 GREAT CITIES OF THE WORLD",,"978-07495-4624-3","AA PUBLISHING",2005,,,,,"001/BAR",,,,"BARKER.JACK,EVANS.ANDREW;Author OTHERS;Author",,,,,1150,,"BULSAR BOOK STORE",,,,"KNOWLEDGE",
"THE TOP 10 OF EVERYTHING 2007",,"978-0-600-61532-3","HAMLYN",2006,,,,,"001/ASH",,,,"ASH.RUSSELL;Author",,,,,1433,,"BULSAR BOOK STORE",,,,"KNOWLEDGE",
"LET'S DANCE!: 1300 FULL-COLOUR ILLUSTRATIONS AND DIAGRAMS",,9781579120467,"ANNESS",1998,,,,,"600/BOT",,,,"BOTTOMER.PAUL;Author","DANCE",,,,1473,,"BULSAR BOOK STORE",,,,"ART",
"DRAW CARTOONS WITH AJIT NARAYAN",,"978-81-8477-855-7","SCHOLASTIC",2013,,,,,"700/NAR",,,,"NARAYAN.AJIT;Author","CARTOON",,,,110,,"SCHOLASTIC",,,,"ART",
"MATHS DICTIONARY",,"978-81-7655-645-3","SCHOLASTIC",2013,,,,,"503/MON",,,,"MONROE.EULA EWING;Author","MATHEMATICS",,,,275,,"SCHOLASTIC",,,,"DICTIONARY",
"DICTIONARY OF IDIOMS",,"978-0-439-77083-5","SCHOLASTIC",2013,,,,,"403/TER",,,,"TERBAN.MARVIN;Author","IDIOMS",,,,295,,"SCHOLASTIC",,,,"DICTIONARY",
"GO FACTS :PHYSICS",,"978-81-8477-878-6","SCHOLASTIC",2012,,,,,"530/BRA",,,,"BRASCH.NICOLAS;Author","PHYSICS",,,,150,,"SCHOLASTIC",,,,"SCIENCE",
"SCIENCE QUIZ WHIZ: QUIZZES,PUZZLES AND GAMES FOR SCHOOLS",,"978-93-5103-019-5","SCHOLASTIC",2013,,,,,"500/GUP",,,,"GUPTA.VAISHALI;Author","PUZZLES",,,,125,,"SCHOLASTIC",,,,"SCIENCE",
"KID'S 10-MINUTE BRAIN WORKOUT",,"978-81-8477-581-5","SCHOLASTIC",2013,,,,,"700/MOO",,,,"MOORE.GARETH;Author",,,,,150,,"SCHOLASTIC",,,,"ART",
"FUN CRAFT",,"978-81-8477-760-4","SCHOLASTIC",2012,,,,,"700/SHA",,,,"SHARMA.NEETU;Author","CRAFT",,,,150,,"SCHOLASTIC",,,,"ART ",
"THE GAME OF SHADOWS",,"978-81-8477-966-0","SCHOLASTIC",2012,,,,,"823/AGA",,,,"AGARWAL.DEEPA;Author",,,,,175,,"SCHOLASTIC",,,,"FICTION",
"THE 39 CLUES: CAHILLS VS. VESPERS BOOK THREE ; THE DEAD OF NIGHT",,"978-0-545-29841-4","SCHOLASTIC",2013,,,,,"823/LER",,,,"LERANGIS.PETER;Author",,,,,475,,"SCHOLASTIC",,,,"FICTION",
"THE 39 CLUES: CAHILLS VS. VESPERS BOOK FOUR ; SHATTERPROOF",,"978-0-545-29842-1","SCHOLASTIC",2013,,,,,"823/SMI",,,,"SMITH.ROLAND;Author",,,,,475,,"SCHOLASTIC",,,,"FICTION",
"THE 39 CLUES: CAHILLS VS. VESPERS BOOK SIX ; DAY OF DOOM",,"978-0-545-29844-5","SCHOLASTIC",2013,,,,,"823/BAL",,,,"BALDACCI.DAVID;Author",,,,,475,,"SCHOLASTIC",,,,"FICTION",
"INFINITY RING : BOOK 3; THE TRAP DOOR",,"978-0-545-38698-2","SCHOLASTIC",2013,,,,,"823/MCM",,,,"MCMANN.LISA;Author",,,,,475,,"SCHOLASTIC",,,,"FICTION",
"INFINITY RING : BOOK 2; DIVIDE AND CONQUER",,"978-0-545-38697-5","SCHOLASTIC",2012,,,,,"823/RYA",,,,"RYAN.CARRIE;Author",,,,,475,,"SCHOLASTIC",,,,"FICTION",
"THEA STILTON AND THE ICE TREASURE",,"978-0-54533-134-0","SCHOLASTIC",2013,,,,,"823/STI",,,,"STILTON.GERONIMO ;Author",,,,,275,,"SCHOLASTIC",,,,"FICTION",
"THEA STILTON AND THE MYSTERY ON THE ORIENT EXPRESS",,"978-0-54534-105-9","SCHOLASTIC",2013,,,,,"823/STI",,,,"STILTON.GERONIMO ;Author",,,,,275,,"SCHOLASTIC",,,,"FICTION",
"THEA STILTON AND THE SECTRET OF THE CASTLE",,"978-0-54534-107-3","SCHOLASTIC",2013,,,,,"823/STI",,,,"STILTON.GERONIMO ;Author",,,,,275,,"SCHOLASTIC",,,,"FICTION",
"THEA STILTON AND THE CHERRY BLOSSOM ADVENTURE",,"978-05-4522-772-8","SCHOLASTIC",2013,,,,,"823/STI",,,,"STILTON.GERONIMO ;Author",,,,,275,,"SCHOLASTIC",,,,"FICTION",
"THEA STILTON AND THE STAR CASTAWAYS",,"978-0-54522-774-2","SCHOLASTIC",2013,,,,,"823/STI",,,,"STILTON.GERONIMO ;Author",,,,,275,,"SCHOLASTIC",,,,"FICTION",
"THEA STILTON AND THE BLUE SCARAB HUNT",,"978-0-54534-104-2","SCHOLASTIC",2013,,,,,"823/STI",,,,"STILTON.GERONIMO ;Author",,,,,275,,"SCHOLASTIC",,,,"FICTION",
"UNDERWORLDS: THE ICE DRAGON;4",,"978-0-545-30834-2","SCHOLASTIC",2013,,,,,"823/ABB",,,,"ABBOTT.TONY;Author",,,,,110,,"SCHOLASTIC",,,,"FICTION",
"UNDERWORLDS: REVENGE OF THE SCORPION KING",,"978-0-545-30833-5","SCHOLASTIC",2013,,,,,"823/ABB",,,,"ABBOTT.TONY;Author",,,,,110,,"SCHOLASTIC",,,,"FICTION",
"GOOSEBUMPS MOST WANTED: SON OF SLAPPY",,"978-0-545-41799-0","SCHOLASTIC",2013,,,,,"823/STI",,,,"STINE.R.L.;Author",,,,,150,,"SCHOLASTIC",,,,"FICTION",
"GOOSEBUMPS WANTED : THE HAUNTED MASK",,"978-81-8477-072-8","SCHOLASTIC",2013,,,,,"823/STI",,,,"STINE.R.L.;Author",,,,,150,,"SCHOLASTIC",,,,"FICTION",
"DIWALI STORIES",,"978-81-8477-625-6","SCHOLASTIC",2010,,,,,"823/VIS",,,,"VISWANATH.KAUSHIK;Author",,,,,150,,"SCHOLASTIC",,,,"FICTION",
"THE TEMPEST",,"978-81-847-7092-6","SCHOLASTIC",2013,,,,,"823/SHA",,,,"SHAKESPEARE.WILLIAM;Author",,,,,99,,"SCHOLASTIC",,,,"FICTION",
"MACBETH",,"978-81-847-7088-9","SCHOLASTIC",2012,,,,,"823/SHA",,,,"SHAKESPEARE.WILLIAM;Author",,,,,99,,"SCHOLASTIC",,,,"FICTION",
"A MIDSUMMER NIGHT'S DREAM",,"978-81-847-7091-9","SCHOLASTIC",2013,,,,,"823/SHA",,,,"SHAKESPEARE.WILLIAM;Author",,,,,99,,"SCHOLASTIC",,,,"FICTION",
"TWELFTH NIGHT",,"978-81-847-7090-2","SCHOLASTIC",2013,,,,,"823/SHA",,,,"SHAKESPEARE.WILLIAM;Author",,,,,99,,"SCHOLASTIC",,,,"FICTION",
"AS YOU LIKE IT",,"978-81-847-7086-5","SCHOLASTIC",2013,,,,,"823/SHA",,,,"SHAKESPEARE.WILLIAM;Author",,,,,99,,"SCHOLASTIC",,,,"FICTION",
"MAGIC MIRROR: BOOK 4 THE WALL OF WILLOWS",,"978-93-5103-007-2","SCHOLASTIC",2013,,,,,"823/TSA",,,,"TSAI.LUTHER;Author VITTACHI.NURY;Author",,,,,175,,"SCHOLASTIC",,,,"FICTION",
"NIGHTTIME :TOO DARK TO SEE",,"978-0-545-12476-8","SCHOLASTIC",2013,,,,,"823/STR",,,,"STRASSER.TODD;Author",,,,,90,,"SCHOLASTIC",,,,"FICTION",
"NIGHTTIME : TOO SCARED TO SLEEP",,"978-0-545-12477-5","SCHOLASTIC",2013,,,,,"823/STR",,,,"STRASSER.TODD;Author",,,,,90,,"SCHOLASTIC",,,,"FICTION",
"SECRET NINJA SPIES",,"978-1-4095-1510-4","SCHOLASTIC",2011,,,,,"823/ALE",,,,"KO. ALEX;Author",,,,,299,,"SCHOLASTIC",,,,"FICTION",
"ANGRY RIVER",,"978-81-291-1984-1","SCHOLASTIC",1992,,,,,"823/BON",,,,"BOND.RUSKIN;Author",,,,,70,,"SCHOLASTIC",,,,"FICTION",
"THE MAGICAL ADVENTURES OF SKINNY SCRIBBLES",,"978-81-8477-848-9","SCHOLASTIC",2012,,,,,"823/SAN",,,,"SANKAR.HIMANJALI;Author",,,,,100,,"SCHOLASTIC",,,,"FICTION",
"THE TRICKY TALES OF VIKRAM AND THE VETAL",,"978-81-8477-134-3","SCHOLASTIC",2012,,,,,"823/AGA",,,,"AGARWAL.DEEPA;Author",,,,,100,,"SCHOLASTIC",,,,"FICTION",
"USBORNE SPOTTER'S GUIDE: DINOSAURS",,9780746073612,"SCHOLASTIC",,,,,,"823/NOR",,,,"NORMAN.DAVID;Author","DINOSAURS",,,,299,,"SCHOLASTIC",,,,"SCIENCE",
"THE JERRYMAYA DETECTIVE AGENCY: THE MUMMY MYSTERY",,"978-8-18477-869-4","SCHOLASTIC",2004,,,,,"823/WID",,,,"WIDMARK.MARTIN;Author WILLIS.HELENA;Author",,,,,150,,"SCHOLASTIC",,,,"FICTION",
"THE JERRYMAYA DETECTIVE AGENCY: THE CAFÉ MYSTERY",,"978-8-18477-868-7","SCHOLASTIC",2012,,,,,"823/WID",,,,"WIDMARK.MARTIN;Author WILLIS.HELENA;Author",,,,,150,,"SCHOLASTIC",,,,"FICTION",
"A CANDY APPLE: DRAMA QUEEN",,"978-0-439-92953-0","SCHOLASTIC",2013,,,,,"823/BER",,,,"BERGEN.LARA;Author",,,,,150,,"SCHOLASTIC",,,,"FICTION",
"GO FACTS :OUR FUTURE IN SPACE",,"978-81-8477-993-6","SCHOLASTIC",2009,,,,,"500/KEE",,,,"KEEFE.MAUREEN O';Author",,,,,150,,"SCHOLASTIC",,,,"SCIENCE",
"100 LOGIC & MATHS BRAIN TEASERS",,"978-81-7655-476-3","SCHOLASTIC",2013,,,,,"510/PHO",,,,"PHONDKE.BAL;Author",,,,,110,,"SCHOLASTIC",,,,"MATHEMATICS",
"DICTIONARY OF SYNONYMS, ANTONYMS AND HOMONYMS",,"978-0-439-25415-1","SCHOLASTIC",2013,,,,,"403/DIC",,,,,"ENGLISH",,,,195,,"SCHOLASTIC",,,,"DICTIONARY",
"WILD RIDERS: FAST CARS",,"978-1-84898-632-9","TICK TOCK (SCHOLASTIC)",2012,,,,,"600/WIL",,,,,,,,,175,,"SCHOLASTIC",,,,"TECHNOLOGY",
"WILD RIDERS: SUPERBIKES",,"978-1-84898-636-7","TICK TOCK (SCHOLASTIC)",2012,,,,,"600/WIL",,,,,,,,,175,,"SCHOLASTIC",,,,"TECHNOLOGY",
"AIRCRAFT OF THE INDIAN AIR FORCE",,"978-81-8477-829-8","SCHOLASTIC",2013,,,,,"600/MEN",,,,"MENON.ANIL;Author","AIRCRAFT",,,,135,,"SCHOLASTIC",,,,"TECHNOLOGY",
"DISCOVER MORE DINOSAURS",,"978-8-18477-010-0","SCHOLASTIC",2012,,,,,"500/ARL",,,,"ARLON.PENELOPE;Author GORDON-HARRIS.TORY;Author",,,,,299,,"SCHOLASTIC",,,,"SCIENCE",
"BUILD YOUR OWN HAUNTED HOUSE",,"978-8-18477-972-1","SCHOLASTIC",2012,,,,,"700/SHA",,,,"SHARMA.SUNIL;Author",,,,,200,,"SCHOLASTIC",,,,"ART",
"BEGINNER'S SCIENCE DICTIONARY",,"978-81-7993-263-6","TERRAPIN(SCHOLASTIC)",2013,,,,,"503/DIC",,,,,"SCIENCE",,,,175,,"SCHOLASTIC",,,,"DICTIONARY",
"CHILDREN OF THE LAMP: THE FIVE FAKIRS OF FAIZABAD;BOOK SIX",,"978-81-8477-653-9","ORCHARD BOOKS(SCHOLASTIC)",2011,,,,,"823/KER",,,,"KERR.P.B.;Author","ENGLISH",,,,299,,"BULSAR BOOK STORE",,,,"FICTION",
"CHILDREN OF THE LAMP: THE GRAVE ROBBERS OF GENGHIS KHAN",,"978-81-8477-811-3","ORCHARD BOOKS(SCHOLASTIC)",2011,,,,,"823/KER",,,,"KERR.P.B.;Author","ENGLISH",,,,325,,"BULSAR BOOK STORE",,,,"FICTION",
"CHILDREN OF THE LAMP: THE DAY OF THE DJINN WARRIORS",,"978-81-8477-043-8","ORCHARD BOOKS(SCHOLASTIC)",2008,,,,,"823/KER",,,,"KERR.P.B.;Author","ENGLISH",,,,295,,"BULSAR BOOK STORE",,,,"FICTION",
"CHILDREN OF THE LAMP: THE EYE OF THE FOREST",,"978-81-8477-274-6","ORCHARD BOOKS(SCHOLASTIC)",2010,,,,,"823/KER",,,,"KERR.P.B.;Author","ENGLISH",,,,295,,"BULSAR BOOK STORE",,,,"FICTION",
"CHILDREN OF THE LAMP: THE AKHENATEN ADVENTURE",,"978-81-7655-400-8","ORCHARD BOOKS(SCHOLASTIC)",2010,,,,,"823/KER",,,,"KERR.P.B.;Author","ENGLISH",,,,295,,"BULSAR BOOK STORE",,,,"FICTION",
"CAPTAIN UNDERPANTS AND THE BIG,BAD BATTLE OF THE BIONIC BOOGER BOY.PART 1: THE NIGHT OF THE NASTY: L NUGGETS ",,"978-0-439-37910-5","SCHOLASTIC",2013,,,,,"823/PIL",,,,"PILKEY.DAV;Author","ENGLISH",,,,150,,"BULSAR BOOK STORE",,,,"FICTION",
"CAPTAIN UNDERPANTS AND THE WRATH OF THE WICKED WEDGIE WOMAN",,"978-0-439-05000-5","SCHOLASTIC",2013,,,,,"823/PIL",,,,"PILKEY.DAV;Author","ENGLISH",,,,150,,"BULSAR BOOK STORE",,,,"FICTION",
"CAPTAIN UNDERPANTS AND THE ATTACK OF THE TALKING TOILETS",,"978-0-590-63427-4","SCHOLASTIC",2013,,,,,"823/PIL",,,,"PILKEY.DAV;Author","ENGLISH",,,,150,,"BULSAR BOOK STORE",,,,"FICTION",
"CAPTAIN UNDERPANTS EXTRA-CRUNCHY BOOK O' FUN",,"978-0-439-26761-8","SCHOLASTIC",2013,,,,,"823/PIL",,,,"PILKEY.DAV;Author","ENGLISH",,,,150,,"BULSAR BOOK STORE",,,,"FICTION",
"THE ALL NEW CAPTAIN UNDERPANTS EXTRA-CRUNCHY BOOK O' FUN 2 ",,"978-0-439-37608-2","SCHOLASTIC",2013,,,,,"823/PIL",,,,"PILKEY.DAV;Author","ENGLISH",,,,150,,"BULSAR BOOK STORE",,,,"FICTION",
"CAPTAIN UNDERPANTS AND THE PERILOUS PLOT OF PROFESSOR POOPYPANTS",,"978-0-439-04998-6","SCHOLASTIC",2013,,,,,"823/PIL",,,,"PILKEY.DAV;Author","ENGLISH",,,,150,,"BULSAR BOOK STORE",,,,"FICTION",
"CAPTAIN UNDERPANTS AND THE BIG,BAD BATTLE OF THE BIONIC BOOGER BOY.PART 2: THE REVENGE OF THE RIDICULOUS ROBO-BOOGERS",,"978-0-439-37612-9","SCHOLASTIC",2013,,,,,"823/PIL",,,,"PILKEY.DAV;Author","ENGLISH",,,,150,,"BULSAR BOOK STORE",,,,"FICTION",
"COLLECTORS' EDITION:CAPTAIN UNDERPANTS AND THE ATTACK OF THE TALKING TOILETS(WITH CD)",,"978-0-545-02727-4","SCHOLASTIC",2007,,,,,"823/PIL",,,,"PILKEY.DAV;Author","ENGLISH",,,,450,,"BULSAR BOOK STORE",,,,"FICTION",
"HORRIBLE SCIENCE : THE HORRIBLE SCIENCE OF YOU",,"978-1-407116-89-1","SCHOLASTIC",2010,,,,,"500/ARN",,,,"ARNOLD.NICK;Author",,,,,495,,"BULSAR BOOK STORE",,,,"SCIENCE",
"HORRIBLE HISTORY : CUT-THROAT CELTS",,"978-1-407104-26-3","SCHOLASTIC",2008,,,,,"900/DEA",,,,"DEARY.TERRY;Author",,,,,195,,"BULSAR BOOK STORE",,,,"HISTORY",
"HORRIBLE HISTORY : BLITZED BRITS",,"978-1-407103-43-3","SCHOLASTIC",2007,,,,,"900/DEA",,,,"DEARY.TERRY;Author",,,,,195,,"BULSAR BOOK STORE",,,,"HISTORY",
"HORRIBLE HISTORY : ROTTEN ROMANS",,"978-0-439944-00-7","SCHOLASTIC",2007,,,,,"900/DEA",,,,"DEARY.TERRY;Author",,,,,195,,"BULSAR BOOK STORE",,,,"HISTORY",
"HORRIBLE HISTORY : SMASHING SAXONS",,"978-1-407104-18-8","SCHOLASTIC",2007,,,,,"900/DEA",,,,"DEARY.TERRY;Author",,,,,195,,"BULSAR BOOK STORE",,,,"HISTORY",
"HORRIBLE HISTORY : MEASLY MIDDLE AGES",,"978-0-439944-01-4","SCHOLASTIC",2007,,,,,"900/DEA",,,,"DEARY.TERRY;Author",,,,,195,,"BULSAR BOOK STORE",,,,"HISTORY",
"HORRIBLE HISTORY : SAVAGE STONE AGE",,"978-1-407104-28-7","SCHOLASTIC",2011,,,,,"900/DEA",,,,"DEARY.TERRY;Author",,,,,195,,"BULSAR BOOK STORE",,,,"HISTORY",
"HORRIBLE HISTORY : AWFUL EGYPTIANS",,"978-1-407104-20-1","SCHOLASTIC",2006,,,,,"900/DEA",,,,"DEARY.TERRY;Author",,,,,195,,"BULSAR BOOK STORE",,,,"HISTORY",
"HORRIBLE HISTORY : VILLAINOUS VICTORIANS",,"978-1-407104-31-7","SCHOLASTIC",2004,,,,,"900/DEA",,,,"DEARY.TERRY;Author",,,,,195,,"BULSAR BOOK STORE",,,,"HISTORY",
"HORRIBLE HISTORY : VILE VICTORIANS",,"978-0-439944-04-5","SCHOLASTIC",2007,,,,,"900/DEA",,,,"DEARY.TERRY;Author",,,,,195,,"BULSAR BOOK STORE",,,,"HISTORY",
"HORRIBLE HISTORY : GORY STORIES; TOMB OF TRASURE",,"978-1-407102-96-2","SCHOLASTIC",2008,,,,,"900/DEA",,,,"DEARY.TERRY;Author",,,,,195,,"BULSAR BOOK STORE",,,,"HISTORY",
"HORRIBLE HISTORY : GROOVY GREEKS",,"978-0-439944-02-1","SCHOLASTIC",2007,,,,,"900/DEA",,,,"DEARY.TERRY;Author",,,,,195,,"BULSAR BOOK STORE",,,,"HISTORY",
"HORRIBLE HISTORY : ANGRY AZTECS",,"978-1-407104-25-6","SCHOLASTIC",2008,,,,,"900/DEA",,,,"DEARY.TERRY;Author",,,,,195,,"BULSAR BOOK STORE",,,,"HISTORY",
"HORRIBLE HISTORY : SLIMY STUARTS",,"978-1-407104-29-4","SCHOLASTIC",2007,,,,,"900/DEA",,,,"DEARY.TERRY;Author",,,,,195,,"BULSAR BOOK STORE",,,,"HISTORY",
"HORRIBLE HISTORY : GORGEOUS GEORGIANS",,"978-1-407104-19-5","SCHOLASTIC",2007,,,,,"900/DEA",,,,"DEARY.TERRY;Author",,,,,195,,"BULSAR BOOK STORE",,,,"HISTORY",
"HORRIBLE HISTORY : GRUESOME GUIDES;STRATFORD UPON-AVON",,"978-1-407110-78-3","SCHOLASTIC",2006,,,,,"900/DEA",,,,"DEARY.TERRY;Author",,,,,195,,"BULSAR BOOK STORE",,,,"HISTORY",
"HORRIBLE HISTORY : WALES",,"978-1-407103-69-3","SCHOLASTIC",2008,,,,,"900/DEA",,,,"DEARY.TERRY;Author",,,,,195,,"BULSAR BOOK STORE",,,,"HISTORY",
"HORRIBLE HISTORY : THE WOEFUL SECOND WORLD WAR",,"978-0-439-01122-8","SCHOLASTIC",2013,,,,,"900/DEA",,,,"DEARY.TERRY;Author",,,,,195,,"BULSAR BOOK STORE",,,,"HISTORY",
"HORRIBLE HISTORY : RUTHLESS ROMANS",,"978-1-407104-24-9","SCHOLASTIC",2003,,,,,"900/DEA",,,,"DEARY.TERRY;Author",,,,,195,,"BULSAR BOOK STORE",,,,"HISTORY",
"HORRIBLE HISTORY : STORMIN' NORMANS",,"978-1-407104-30-0","SCHOLASTIC",2007,,,,,"900/DEA",,,,"DEARY.TERRY;Author",,,,,195,,"BULSAR BOOK STORE",,,,"HISTORY",
"HORRIBLE HISTORY : THE FRIGHTFUL FIRST WORLD WAR",,"978-0590-11320-5","SCHOLASTIC",2012,,,,,"900/DEA",,,,"DEARY.TERRY;Author",,,,,195,,"BULSAR BOOK STORE",,,,"HISTORY",
"HORRIBLE HISTORY : VICIOUS VIKINGS",,"978-0-439944-06-9","SCHOLASTIC",2007,,,,,"900/DEA",,,,"DEARY.TERRY;Author",,,,,195,,"BULSAR BOOK STORE",,,,"HISTORY",
"HORRIBLE HISTORY : TERRIBLE TUDORS",,"978-0-439944-05-2","SCHOLASTIC",2007,,,,,"900/DEA",,,,"DEARY.TERRY;Author",,,,,195,,"BULSAR BOOK STORE",,,,"HISTORY",
"HORRIBLE HISTORY : INCREDIBLE INCAS",,"978-1-407104-27-0","SCHOLASTIC",2000,,,,,"900/DEA",,,,"DEARY.TERRY;Author",,,,,195,,"BULSAR BOOK STORE",,,,"HISTORY",
"HORRIBLE HISTORY : AWESOME EGYPTIANS ",,"978-0-439944-03-8","SCHOLASTIC",2012,,,,,"900/DEA",,,,"DEARY.TERRY;Author",,,,,195,,"BULSAR BOOK STORE",,,,"HISTORY",
"HORRIBLE SCIENCE : EVIL INVENTIONS",,"978-1-4071-0959-6","SCHOLASTIC",2012,,,,,"500/ARN",,,,"ARNOLD.NICK;Author",,,,,195,,"BULSAR BOOK STORE",,,,"SCIENCE",
"HORRIBLE SCIENCE : SHOCKING ELECTRICITY",,"978-0-439-01272-0","SCHOLASTIC",2012,,,,,"500/ARN",,,,"ARNOLD.NICK;Author",,,,,195,,"BULSAR BOOK STORE",,,,"SCIENCE",
"HORRIBLE SCIENCE : DISGUSTING DIGESTION",,"978-0-590-19809-7","SCHOLASTIC",2012,,,,,"500/ARN",,,,"ARNOLD.NICK;Author",,,,,195,,"BULSAR BOOK STORE",,,,"SCIENCE",
"HORRIBLE SCIENCE : SOUNDS DREADFUL",,"978-0-590-19810-3","SCHOLASTIC",2012,,,,,"500/ARN",,,,"ARNOLD.NICK;Author",,,,,195,,"BULSAR BOOK STORE",,,,"SCIENCE",
"HORRIBLE SCIENCE : EVOLVE OR DIE",,"978-0-590-54282-1","SCHOLASTIC",2012,,,,,"500/GAT",,,,"GATES.PHIL;Author",,,,,195,,"BULSAR BOOK STORE",,,,"SCIENCE",
"HORRIBLE SCIENCE : KILLER ENERGY",,"978-0-439-99257-2","SCHOLASTIC",2012,,,,,"500/ARN",,,,"ARNOLD.NICK;Author",,,,,195,,"BULSAR BOOK STORE",,,,"SCIENCE",
"HORRIBLE SCIENCE : FRIGHTENING LIGHT",,"978-0-439-01124-2","SCHOLASTIC",2012,,,,,"500/ARN",,,,"ARNOLD.NICK;Author",,,,,195,,"BULSAR BOOK STORE",,,,"SCIENCE",
"HORRIBLE SCIENCE : CHEMICAL CHAOS",,"978-0-590-19125-8","SCHOLASTIC",2012,,,,,"500/ARN",,,,"ARNOLD.NICK;Author",,,,,195,,"BULSAR BOOK STORE",,,,"SCIENCE",
"HORRIBLE SCIENCE : DEADLY DISEASES",,"978-0-439-01368-0","SCHOLASTIC",2012,,,,,"500/ARN",,,,"ARNOLD.NICK;Author",,,,,195,,"BULSAR BOOK STORE",,,,"SCIENCE",
"HORRIBLE SCIENCE : FATAL FORCES",,"978-0-590-19711-3","SCHOLASTIC",2012,,,,,"500/ARN",,,,"ARNOLD.NICK;Author",,,,,195,,"BULSAR BOOK STORE",,,,"SCIENCE",
"HORRIBLE SCIENCE : BLOOD,BONES AND BODY BITS",,"978-0-590-55807-5","SCHOLASTIC",2012,,,,,"500/ARN",,,,"ARNOLD.NICK;Author",,,,,195,,"BULSAR BOOK STORE",,,,"SCIENCE",
"HORRIBLE SCIENCE : REALLY ROTTEN EXPERIMENTS",,"978-1-407120-73-7","SCHOLASTIC",2012,,,,,"500/ARN",,,,"ARNOLD.NICK;Author",,,,,195,,"BULSAR BOOK STORE",,,,"SCIENCE",
"HORRIBLE SCIENCE : BULGING BRAINS",,"978-0-590-11319-9","SCHOLASTIC",2012,,,,,"500/ARN",,,,"ARNOLD.NICK;Author",,,,,195,,"BULSAR BOOK STORE",,,,"SCIENCE",
"HORRIBLE FAMOUS: PIRATES AND THEIR CARIBBEAN CAPERS",,"978-1-407110-36-3","SCHOLASTIC",2007,,,,,"900/COX",,,,"COX.MICH;Author",,,,,195,,"BULSAR BOOK STORE",,,,"GEOGRAPHY & HISTORY",
"HORRIBLE FAMOUS: DAVINICI AND HIS SUPER BRAIN",,"978-1-407111-74-2","SCHOLASTIC",2010,,,,,"900/COX",,,,"COX.MICH;Author",,,,,195,,"BULSAR BOOK STORE",,,,"GEOGRAPHY & HISTORY",
"HORRIBLE FAMOUS: CHURCHILL AND HIS WOEFUL WARS",,"978-1-407108-31-5","SCHOLASTIC",2009,,,,,"900/MAC",,,,"MACDONALD.ALAN;Author",,,,,195,,"BULSAR BOOK STORE",,,,"GEOGRAPHY & HISTORY",
"HORRIBLE GEOGRAPHY: PLANET IN PERIL!",,"978-1-407-10577-2","SCHOLASTIC",2008,,,,,"500/GAN",,,,"GANERIA.ANITA;Author",,,,,195,,"BULSAR BOOK STORE",,,,"SCIENCE",
"THE BIG IDEAS THAT CHANGED THE WORLD",,"978-1-40535-683-1","DK(PRAKASH BOOK)",2010,,,,,"001/FER",,,,"FERRIS.JULIE, GOLDSMITH.MIKE;Author OTHERS;Author",,,,,599,,"BULSAR BOOK STORE",,,,"KNOWLEDGE",
"THINK ABOUT IT: A COMPENDIUM OF THE WORLD'S MOST CHALLENGING QUESTIONS",,"978-1-4093-3512-2","DK(PENGUIN INDIA)",2013,,,,,"001/BUL",,,,"BULLER.LAURA,KENNEDY.SUSAN;Author OTHER;Author",,,,,350,,"BULSAR BOOK STORE",,,,"KNOWLEDGE",
"STORYTELLERS: CHIKOOTICHOO;THE FRIENDLY SQUIRES",,"978-81-250-3667-8","ORIENT BLACKSWAN",,,,,,"823/DAV",,,,"DAVID.ESTHER;Author","ENGLISH",,,,125,,"BULSAR BOOK STORE",,,,"STORY",
"STORYTELLERS: TOOI THE FEATHERED FRIEND",,"978-81-250-3666-1","ORIENT BLACKSWAN",,,,,,"823/DAV",,,,"DAVID.ESTHER;Author","ENGLISH",,,,125,,"BULSAR BOOK STORE",,,,"STORY",
"STORYTELLERS: OONDERBHAI;THE WONDER MOUSE",,"978-81-250-3669-2","ORIENT BLACKSWAN",,,,,,"823/DAV",,,,"DAVID.ESTHER;Author","ENGLISH",,,,125,,"BULSAR BOOK STORE",,,,"STORY",
"GOPAL BHAND",,9798170119752,"CBT",2013,,,,,"823/PRA",,,,"PRAMOD.ACHARYA PARAMHANS;Author","HIND",,,,40,,"BULSAR BOOK STORE",,,,"STORY",
"AKBAR & BIRBAL: BORROWING IN DREAM  AND OTHER STORIES",,"978-81-8499-750-7","SHREE",2011,,,,,"823/AKB",,,,,"ENGLISH",,,,40,,"BULSAR BOOK STORE",,,,"STORY",
"AKBAR & BIRBAL: FIELDS OF PEARLS AND OTHER STORIES",,"978-81-8499-746-0","SHREE",2011,,,,,"823/AKB",,,,,"ENGLISH",,,,40,,"BULSAR BOOK STORE",,,,"STORY",
"THE NEW ADVENTURES OF THE WISHING-CHAIR: THE ISLAND OF SURPRISES ;1",,"978-1-4052-5792-3","EGMONT",2012,,,,,"823/BLY",,,,"BLYTON.ENID;Author","ENGLISH",,,,125,,"BULSAR BOOK STORE",,,,"FICTION",
"THE MAN-EATER OF MALGUDI",,9788185986081,"INDIAN THOUGHT PUBLICATIONS",2013,,,,,"823/NAR",,,,"NARAYAN.R.K.;Author","ENGLISH",,,,125,,"BULSAR BOOK STORE",,,,"FICTION",
"TWIN FAVOURITE FAIRY TALES 12",,9788181536952,"RAINBOW",2011,,,,,"823/TWI",,,,,"ENGLISH",,,,25,,"BULSAR BOOK STORE",,,,"STORY",
"LORD BUDDHA: RELIGIOUS TEACHER",,"978-81-8133-028-4","MANOJ PUBLICATION",2012,,,,,"920/BAR",,,,"BARIA.DHARAM;Author","RELIGIOUS PERSON",,,,40,,"MARSEL DISTRIBUTION",,,,"BIORAPHY",
"DR.KASHAVARAO HEDGEWAR: THE FOUNDER OF RSS",,"978-81-310-0112-7","MANOJ PUBLICATION",2009,,,,,"920/TIW",,,,"TIWARI.VINOD;Author",,,,,40,,"MARSEL DISTRIBUTION",,,,"BIORAPHY",
"DOCTOR RAJENDRA PRASAD : GREAT LEADER OF INDIA",,"978-81-310-0028-1","MANOJ PUBLICATION",2010,,,,,"920/MOR",,,,"MOR.KARAN;Author","FREEDOM FIGHTER",,,,40,,"MARSEL DISTRIBUTION",,,,"BIORAPHY",
"SHRAVAN KUMAR : IDEAL SON",,"978-81-310-1225-3","MANOJ PUBLICATION",2010,,,,,"920/RAJ",,,,"RAJASWI.M.I;Author",,,,,40,,"MARSEL DISTRIBUTION",,,,"BIORAPHY",
"SWAMI DAYANAND SARASWATI: SOCIAL REFORMER",,"978-81-310-0030-4","MANOJ PUBLICATION",2010,,,,,"920/TIW",,,,"TIWARI.VINOD;Author",,,,,40,,"MARSEL DISTRIBUTION",,,,"BIORAPHY",
"JAWAHARLAL NEHRU : GREAT LEADER",,"978-81-8133-026-0","MANOJ PUBLICATION",2010,,,,,"920/BHA",,,,"BHASKAR.RAJESH;Author",,,,,40,,"MARSEL DISTRIBUTION",,,,"BIORAPHY",
"INDIRA GANDHI : IRON LADY OF INDIA",,"978-81-310-0081-6","MANOJ PUBLICATION",2011,,,,,"920/TIW",,,,"TIWARI.RAJIV;Author",,,,,40,,"MARSEL DISTRIBUTION",,,,"BIORAPHY",
"ADOLF HITLER : GREAT DICTATOR",,"978-81-310-0252-0","MANOJ PUBLICATION",2011,,,,,"920/IGE",,,,"IGEN.B;Author",,,,,40,,"MARSEL DISTRIBUTION",,,,"BIORAPHY",
"DR.BHIMRAO AMBEDKAR : GREAT LEADER",,"978-81-8133-510-4","MANOJ PUBLICATION",2012,,,,,"920/TIW",,,,"TIWARI.VINOD;Author",,,,,40,,"MARSEL DISTRIBUTION",,,,"BIORAPHY",
"RAMAKRISHNA PARAMAHANSA : GREAT SPIRITUAL SOUL",,"978-81-310-0024-3","MANOJ PUBLICATION",2012,,,,,"920/TIW",,,,"TIWARI.VINOD;Author",,,,,40,,"MARSEL DISTRIBUTION",,,,"BIORAPHY",
"DOCTOR RADHAKRISHNAN: A GREAT VISIONARY",,"978-81-310-0199-8","MANOJ PUBLICATION",2010,,,,,"920/DOC",,,,,,,,,40,,"MARSEL DISTRIBUTION",,,,"BIORAPHY",
"SAROJINI NAIDU: FREEDOM FIGHTER OF INDIA",,"978-81-310-0125-7","MANOJ PUBLICATION",2011,,,,,"920/IGE",,,,"IGEN.B;Author",,,,,40,,"MARSEL DISTRIBUTION",,,,"BIORAPHY",
"BAL GANGADHAR TILAK : FREEDOM FIGHTER",,"978-81-8133-020-8","MANOJ PUBLICATION",2008,,,,,"920/TIW",,,,"TIWARI.VINOD;Author",,,,,40,,"MARSEL DISTRIBUTION",,,,"BIORAPHY",
"VINOBA BHAVE : SOCIAL REFORMER & FREEDOM FIGHTER",,"978-81-310-0325-1","MANOJ PUBLICATION",2009,,,,,"920/VIN",,,,,,,,,40,,"MARSEL DISTRIBUTION",,,,"BIORAPHY",
"RAJA RAM MOHAN ROY : SOCIAL REFORMER",,"978-81-8133-025-3","MANOJ PUBLICATION",2011,,,,,"920/TIW",,,,"TIWARI.VINOD;Author",,,,,40,,"MARSEL DISTRIBUTION",,,,"BIORAPHY",
"SWAMI RAMATIRTHA : GREAT SAINT",,"978-81-8133-995-9","MANOJ PUBLICATION",2008,,,,,"920/TIW",,,,"TIWARI.VINOD;Author",,,,,40,,"MARSEL DISTRIBUTION",,,,"BIORAPHY",
"ASHOKA THE GREAT: THE GREATEST INDIAN EMPEROR",,"978-81-310-0582-8","MANOJ PUBLICATION",2012,,,,,"920/IGE",,,,"IGEN.B;Author",,,,,40,,"MARSEL DISTRIBUTION",,,,"BIORAPHY",
"AKBAR THE GREAT : GREAT EMPEROR OF INDIA",,"978-81-310-1161-4","MANOJ PUBLICATION",2010,,,,,"920/BAR",,,,"BARIA.DHARAM;Author",,,,,40,,"MARSEL DISTRIBUTION",,,,"BIORAPHY",
"SARDAR VALLABHAI PATEL: FREEDOM FIGHTER",,"978-81-8133-021-5","MANOJ PUBLICATION",2012,,,,,"920/TIW",,,,"TIWARI.VINOD;Author",,,,,40,,"MARSEL DISTRIBUTION",,,,"BIORAPHY",
"GURU GOBIND SINGH : SAGA OF GREAT VALOUR AND INCREDIBLE SACRIFICES",,"978-81-310-0253-7","MANOJ PUBLICATION",2009,,,,,"920/IGE",,,,"IGEN.B;Author",,,,,40,,"MARSEL DISTRIBUTION",,,,"BIORAPHY",
"BHAGWAN MAHAVIR: A SUPREME SOUL",,"978-81-310-0197-4","MANOJ PUBLICATION",2010,,,,,"920/IGE",,,,"IGEN.B;Author",,,,,40,,"MARSEL DISTRIBUTION",,,,"BIORAPHY",
"GANESH SHANKAR VIDYARTHI: FREEDOM FIGHTER JOURNALIST",,"978-81-310-0027-4","MANOJ PUBLICATION",2009,,,,,"920/RAJ",,,,"RAJASWI.M.I;Author",,,,,40,,"MARSEL DISTRIBUTION",,,,"BIORAPHY",
"RANI LAXMI BAI : FREEDOM FIGHTER",,"978-81-8133-027-7","MANOJ PUBLICATION",2012,,,,,"920/TIW",,,,"TIWARI.VINOD;Author",,,,,40,,"MARSEL DISTRIBUTION",,,,"BIORAPHY",
"VALIANT VIKRAMADITYA",,"978-81-310-0960-4","MANOJ PUBLICATION",2009,,,,,"920/IGE",,,,"IGEN.B;Author",,,,,40,,"MARSEL DISTRIBUTION",,,,"BIORAPHY",
"GURU NANAK DEV : GREAT SPIRITUAL GURU",,"978-81-310-0196-7","MANOJ PUBLICATION",2012,,,,,"920/SHA",,,,"SHARMA.MADHUSUDAN;Author",,,,,40,,"MARSEL DISTRIBUTION",,,,"BIORAPHY",
"MANGAL PANDEY : LEGENDARY FREEDOM FIGHTER",,"978-81-310-0581-1","MANOJ PUBLICATION",2011,,,,,"920/IGE",,,,"IGEN.B;Author",,,,,40,,"MARSEL DISTRIBUTION",,,,"BIORAPHY",
"LALA LAJPAT RAI: FREEDOM FIGHTER",,"978-81-8133-023-9","MANOJ PUBLICATION",2012,,,,,"920/IGE",,,,"IGEN.B;Author",,,,,40,,"MARSEL DISTRIBUTION",,,,"BIORAPHY",
"VEER SAVARKAR: GREAT REVOLUTIONARY",,"978-81-8133-511-1","MANOJ PUBLICATION",2012,,,,,"920/TIW",,,,"TIWARI.VINOD;Author",,,,,40,,"MARSEL DISTRIBUTION",,,,"BIORAPHY",
"TANTYA TOPE : GREAT FREEDOM FIGHTER",,"978-81-310-0025-0","MANOJ PUBLICATION",2012,,,,,"920/BAR",,,,"BARIA.DHARAM;Author",,,,,40,,"MARSEL DISTRIBUTION",,,,"BIORAPHY",
"RAJIV GANDHI: GREAT LEADER",,"978-81-8133-029-1","MANOJ PUBLICATION",2012,,,,,"920/TIW",,,,"TIWARI.VINOD;Author",,,,,40,,"MARSEL DISTRIBUTION",,,,"BIORAPHY",
"RAM PRASAD BISMIL: GREAT FREEDOM FIGHTER",,"978-81-310-0111-0","MANOJ PUBLICATION",2009,,,,,"920/IGE",,,,"IGEN.B;Author",,,,,40,,"MARSEL DISTRIBUTION",,,,"BIORAPHY",
"GREAT PERSONALITIES OF THE WORLD",,9798184193984,"DIAMOND BOOKS",2012,,,,,"920/SAR",,,,"SARAN.RENU;Author",,,,,175,,"MARSEL DISTRIBUTION",,,,"BIORAPHY",
"SELECTED SCHOOL ESSAYS",,"978-81-7963-895-8","SHREE",2011,,,,,"824/SRI",,,,"SRINIVASAN.SANGEETHA;Author",,,,,120,,"MARSEL DISTRIBUTION",,,,"ENGLISH ESSAYS",
"POPULAR SCHOOL ESSAYS",,"978-81-7963-896-5","SHREE",2011,,,,,"824/SHA",,,,"SHAH.PREMA;Author",,,,,135,,"MARSEL DISTRIBUTION",,,,"ENGLISH ESSAYS",
"ROMEO & JULIET AND OTHER STORIES FOR CHILDREN",,"978-81-8499-424-7","SHREE",2011,,,,,"823/SHA",,,,"SHAKESPEARE.WILLIAM;Author",,,,,99,,"MARSEL DISTRIBUTION",,,,"FICTION",
"JULIUS CAESAR  AND OTHER STORIES FOR CHILDREN",,"978-81-8499-425-4","SHREE",2011,,,,,"823/SHA",,,,"SHAKESPEARE.WILLIAM;Author",,,,,99,,"MARSEL DISTRIBUTION",,,,"FICTION",
"OTHELLO  AND OTHER STORIES FOR CHILDREN",,"978-81-8499-423-0","SHREE",2011,,,,,"823/SHA",,,,"SHAKESPEARE.WILLIAM;Author",,,,,99,,"MARSEL DISTRIBUTION",,,,"FICTION",
"HOW TO WRITE AND SPEAK BETTER",,276420306,"READER'S DIGEST",1997,,,,,"420/CHA",,,,"CHALKER.SYLVIA,COHEN.ALAN;Author OTHER;Author",,,,,495,,"MARSEL DISTRIBUTION",,,,"ENGLISH ",
"FIVE PLAYS FOR CHILDREN",,"978-81-8477-133-9","SCHOLASTIC",2012,,,,,"823/TEN",,,,"TENDULKAR.VIJAY;Author",,,,,95,,"MARSEL DISTRIBUTION",,,,"FICTION",
"NEW RIDDLES FOR KIDS: PINK BOOK",,"978-81-7963-874-3","SHREE",2012,,,,,"700/RID",,,,,"RIDDLE",,,,80,,"MARSEL DISTRIBUTION",,,,"ART",
"NEW RIDDLES FOR KIDS: GREEN BOOK",,"978-81-7963-873-6","SHREE",,,,,,"700/RID",,,,,"RIDDLE",,,,65,,"MARSEL DISTRIBUTION",,,,"ART",
"BLACK BEAUTY",,"978-81-310-1275-8","MANOJ PUBLICATION",2011,,,,,"823/SEW",,,,"SEWELL.ANNA;Author",,,,,60,,"MARSEL DISTRIBUTION",,,,"FICTION",
"LEARNING PENCIL SHADING : BIRDS",,"978-81-310-0707-5","MANOJ PUBLICATION",,,,,,"741/KAD",,,,"KADAM.DILIP;Author",,,,,50,,"MARSEL DISTRIBUTION",,,,"ART",
"LEARNING PENCIL SHADING : WILD ANIMALS",,"978-81-310-0464-7","MANOJ PUBLICATION",,,,,,"741/KAD",,,,"KADAM.DILIP;Author",,,,,50,,"MARSEL DISTRIBUTION",,,,"ART",
"LEARNING PENCIL SHADING : SKETCHING",,"978-81-310-0462-3","MANOJ PUBLICATION",,,,,,"741/KAD",,,,"KADAM.DILIP;Author",,,,,50,,"MARSEL DISTRIBUTION",,,,"ART",
"LEARNING PENCIL SHADING : PORTRAITS",,"978-81-310-0461-6","MANOJ PUBLICATION",,,,,,"741/KAD",,,,"KADAM.DILIP;Author",,,,,60,,"MARSEL DISTRIBUTION",,,,"ART",
"LEARNING PENCIL SHADING : LANDSCAPE",,"978-81-310-0463-0","MANOJ PUBLICATION",,,,,,"741/KAD",,,,"KADAM.DILIP;Author",,,,,60,,"MARSEL DISTRIBUTION",,,,"ART",
"LEARNING PENCIL SHADING : NATURE & STILL LIFE",,"978-81-310-0709-9","MANOJ PUBLICATION",,,,,,"741/KAD",,,,"KADAM.DILIP;Author",,,,,60,,"MARSEL DISTRIBUTION",,,,"ART",
"LEARNING PENCIL SHADING : GODS & GODDESSES",,"978-81-310-0706-8","MANOJ PUBLICATION",,,,,,"741/KAD",,,,"KADAM.DILIP;Author",,,,,50,,"MARSEL DISTRIBUTION",,,,"ART",
"LEARNING PENCIL SHADING : MONUMENTS",,"978-81-310-0708-2","MANOJ PUBLICATION",,,,,,"741/KAD",,,,"KADAM.DILIP;Author",,,,,60,,"MARSEL DISTRIBUTION",,,,"ART",
"DO IT YOURSELF : HOLIDAY CRAFT ",,9788175155893,"GALGOTIA PUBLICATIONS",2010,,,,,"700/MAT",,,,"MATHUR.VINNIE;Author","CRAFT",,,,65,,"MARSEL DISTRIBUTION",,,,"ART",
"DO IT YOURSELF : ORIGAMI",,9788175155954,"GALGOTIA PUBLICATIONS",2010,,,,,"700/MAT",,,,"MATHUR.VINNIE;Author",,,,,65,,"MARSEL DISTRIBUTION",,,,"ART",
"DIBBA AND THE MISSING GOLD",,9788176760539,"NITA MEHTA PUBLICATIONS",2006,,,,,"823/VAI",,,,"VAID.VANEETA;Author",,,,,69,,"MARSEL DISTRIBUTION",,,,"STORY",
"THE BARBER & THE GHOST",,9788176760645,"NITA MEHTA PUBLICATIONS",2006,,,,,"823/VAI",,,,"VAID.VANEETA;Author",,,,,69,,"MARSEL DISTRIBUTION",,,,"STORY",
"MUDDZEE & SLINKY",,9788176760560,"NITA MEHTA PUBLICATIONS",2006,,,,,"823/VAI",,,,"VAID.VANEETA;Author",,,,,69,,"MARSEL DISTRIBUTION",,,,"STORY",
"SHIVA & SATI",,9788176760621,"NITA MEHTA PUBLICATIONS",2006,,,,,"823/PUR",,,,"PURI.REENA;Author",,,,,69,,"MARSEL DISTRIBUTION",,,,"STORY",
"NANDI & THE PLAGUE",,9788176760607,"NITA MEHTA PUBLICATIONS",2006,,,,,"823/PUR",,,,"PURI.REENA;Author",,,,,69,,"MARSEL DISTRIBUTION",,,,"STORY",
"THE FARMER & THE FLYING ELEPHANT",,9788176760651,"NITA MEHTA PUBLICATIONS",2006,,,,,"823/VAI",,,,"VAID.VANEETA;Author",,,,,69,,"MARSEL DISTRIBUTION",,,,"STORY",
"DIBBA DISCOVERS HIS POWER",,9788176760522,"NITA MEHTA PUBLICATIONS",2006,,,,,"823/VAI",,,,"VAID.VANEETA;Author",,,,,69,,"MARSEL DISTRIBUTION",,,,"STORY",
"TELL ME ABOUT : SHIVAJI THE GREAT MARATHA",,9788176760416,"NITA MEHTA PUBLICATIONS",2005,,,,,"823/MEH",,,,"MEHTA.ANURAG;Author VAID.VANEETA;Author",,,,,89,,"MARSEL DISTRIBUTION",,,,"STORY",
"TALES OF GANESH",,9788176760454,"NITA MEHTA PUBLICATIONS",2005,,,,,"823/MEH",,,,"MEHTA.ANURAG;Author VAID.VANEETA;Author",,,,,89,,"MARSEL DISTRIBUTION",,,,"STORY",
"FOLK TALES",,9788176760515,"NITA MEHTA PUBLICATIONS",2006,,,,,"823/MEH",,,,"MEHTA.ANURAG;Author KAPOOR.AMITA;Author",,,,,89,,"MARSEL DISTRIBUTION",,,,"STORY",
"TELL ME ABOUT: THE RAJPUTS",,9788176760386,"NITA MEHTA PUBLICATIONS",2005,,,,,"823/MEH",,,,"MEHTA.ANURAG;Author VAID.VANEETA;Author",,,,,89,,"MARSEL DISTRIBUTION",,,,"STORY",
"THINGS YOU WANT TO KNOW : ANCIENT CIVILIZATIONS",,9788183411509,"ROHAN",,,,,,"001/THI",,,,,"HISTORY",,,,40,,"MARSEL DISTRIBUTION",,,,"KNOWLEDGE",
"THINGS YOU WANT TO KNOW : EARTH",,9788178260280,"ROHAN",,,,,,"001/THI",,,,,"SCIENCE",,,,40,,"MARSEL DISTRIBUTION",,,,"KNOWLEDGE",
"THINGS YOU WANT TO KNOW : OCEANS & RIVERS",,9788183411493,"ROHAN",,,,,,"001/THI",,,,,"SCIENCE",,,,40,,"MARSEL DISTRIBUTION",,,,"KNOWLEDGE",
"THINGS YOU WANT TO KNOW : UNIVERSE",,9788178260556,"ROHAN",,,,,,"001/THI",,,,,"SCIENCE",,,,40,,"MARSEL DISTRIBUTION",,,,"KNOWLEDGE",
"THINGS YOU WANT TO KNOW : STARS & PLANETS",,9788183412810,"ROHAN",,,,,,"001/THI",,,,,"SCIENCE",,,,40,,"MARSEL DISTRIBUTION",,,,"KNOWLEDGE",
"THINGS YOU WANT TO KNOW : SCIENCE",,9788178260105,"ROHAN",,,,,,"001/THI",,,,,"SCIENCE",,,,40,,"MARSEL DISTRIBUTION",,,,"KNOWLEDGE",
"THINGS YOU WANT TO KNOW : ANIMALS",,9788178260525,"ROHAN",,,,,,"001/THI",,,,,"SCIENCE",,,,40,,"MARSEL DISTRIBUTION",,,,"KNOWLEDGE",
"THINGS YOU WANT TO KNOW : DINOSAURS",,9788178260273,"ROHAN",,,,,,"001/THI",,,,,"SCIENCE",,,,40,,"MARSEL DISTRIBUTION",,,,"KNOWLEDGE",
"THINGS YOU WANT TO KNOW : PLANTS",,9788178260259,"ROHAN",,,,,,"001/THI",,,,,"SCIENCE",,,,40,,"MARSEL DISTRIBUTION",,,,"KNOWLEDGE",
"THINGS YOU WANT TO KNOW : BIRDS",,9788178260242,"ROHAN",,,,,,"001/THI",,,,,"SCIENCE",,,,40,,"MARSEL DISTRIBUTION",,,,"KNOWLEDGE",
"THINGS YOU WANT TO KNOW : HUMAN BODY",,9788178260549,"ROHAN",,,,,,"001/THI",,,,,"SCIENCE",,,,40,,"MARSEL DISTRIBUTION",,,,"KNOWLEDGE",
"THINGS YOU WANT TO KNOW : INVENTIONS & DISCOVERIES",,9788183411523,"ROHAN",,,,,,"001/THI",,,,,"SCIENCE",,,,40,,"MARSEL DISTRIBUTION",,,,"KNOWLEDGE",
"THINGS YOU WANT TO KNOW : REPTILES",,9788178260266,"ROHAN",,,,,,"001/THI",,,,,"SCIENCE",,,,40,,"MARSEL DISTRIBUTION",,,,"KNOWLEDGE",
"THINGS YOU WANT TO KNOW : FLOWERS",,9788183411516,"ROHAN",,,,,,"001/THI",,,,,"SCIENCE",,,,40,,"MARSEL DISTRIBUTION",,,,"KNOWLEDGE",
"THINGS YOU WANT TO KNOW : MAMMALS",,9788178260518,"ROHAN",,,,,,"001/THI",,,,,"SCIENCE",,,,40,,"MARSEL DISTRIBUTION",,,,"KNOWLEDGE",
"CREATIVE WRITING-BOOK 3 : AN INTERACTIVE BOOK",,"978-81-207-4605-3","STERLING",2009,,,,,"421/VAS",,,,"VAS.GRATIAN;Author","WRITING",,,,95,,"MARSEL DISTRIBUTION",,,,"ENGLISH",
"CREATIVE WRITING-BOOK 4 : AN INTERACTIVE BOOK",,"978-81-207-4606-0","STERLING",2009,,,,,"421/VAS",,,,"VAS.GRATIAN;Author","WRITING",,,,95,,"MARSEL DISTRIBUTION",,,,"ENGLISH",
"CREATIVE WRITING-BOOK 5 : AN INTERACTIVE BOOK",,"978-81-207-4607-7","STERLING",2009,,,,,"421/VAS",,,,"VAS.GRATIAN;Author","WRITING",,,,95,,"MARSEL DISTRIBUTION",,,,"ENGLISH",
"CREATIVE WRITING-BOOK 6 : AN INTERACTIVE BOOK",,"978-81-207-4608-4","STERLING",2009,,,,,"421/VAS",,,,"VAS.GRATIAN;Author","WRITING",,,,95,,"MARSEL DISTRIBUTION",,,,"ENGLISH",
"DYNAMIC LETTERS FOR ALL OCCASIONS",,"978-81-8133-678-1","MANOJ PUBLICATION",2012,,,,,"826/LET",,,,,"LETTERS",,,,60,,"MARSEL DISTRIBUTION",,,,"ENGLISH",
"DICTIONARY OF SYNONYMS AND ANTONYMS",,"978-81-310-0531-6","MANOJ PUBLICATION",2012,,,,,"403/SHA",,,,"SHARMA.CHETAN PRAKASH;Author","ENGLISH",,,,80,,"MARSEL DISTRIBUTION",,,,"DICTIONARY",
"WEBSITE DIRECTORY : DAILY USEFUL WEBSITES",,9788192137087,"WBG PUBLICATION",2012,,,,,"005/WEB",,,,,,,,,60,,"MARSEL DISTRIBUTION",,,,"COMPUTER",
"ENGLISH SPEED MASTER",,9788131002506,"MANOJ PUBLICATION",2012,,,,,"420/WAL",,,,"WALIA.JASNITA;Author","CONVERSATION",,,,80,,"MARSEL DISTRIBUTION",,,,"ENGLISH",
"THE STORY OF INDIA FOR CHILDREN",,"978-81-7963-457-8","SHREE",2011,,,,,"954/VAS",,,,"VAS.GRATIAN;Author","INDIA",,,,295,,"MARSEL DISTRIBUTION",,,,"GEOGRAPHY & HISTORY",
"HEROES OF THE INDIAN ARMY: STORIES OF PARAM VIR CHAKRA AWARDEES",,"978-81-7676-111-6","NITA MEHTA PUBLICATIONS",2012,,,,,"920/VAI",,,,"VAID.VANEETA;Author",,,,,695,,"MARSEL DISTRIBUTION",,,,"GEOGRAPHY & HISTORY",
"SELF LETTER DRAFTING COUSE",,"978-81-8133-673-6","MANOJ PUBLICATION",2010,,,,,"826/KAR",,,,"KARKHANIS.M.S;Author",,,,,150,,"MARSEL DISTRIBUTION",,,,"ENGLISH LETTERS",
"COMPUTER SHORTCUT KEYS",,"978-93-82345-00-8","WBG PUBLICATION",2013,,,,,"005/MAN",,,,"MANIYA.VIBHUTI;Author MAHETA.DAYNA;Author",,,,,70,,"MARSEL DISTRIBUTION",,,,"COMPUTER",
"LEARN ENGLISH CALLIGRAPHY: SELF LEARNING COURSE BOOK; VOLUME 1",,"978-81-92170-29-9","AKKSHAR PUBLICATION",2012,,,,,"421/HAN",,,,"HANKARE.SANJAY;Author HANKARE.RAJENDRA;Author","CALLIGRAPHY",,,,295,,"MARSEL DISTRIBUTION",,,,"ENGLISH",
"TOP 10 OF EVERYTHING 2013",,"978-0-600-62687-9","HAMLYN",2012,,,,,"001/ASH",,,,"ASH.CAROLINE;Author",,,,,1595,,"BLISS INTERNATIONAL",,,,"KNOWLEDGE",
"1001 INVENTIONS THAT CHANGED THE WORLD",,"978-93-5009-685-7","HACHETTE",2013,,,,,"500/CAS",,,,"CASSELL;Author","INVENTIONS",,,,2295,,"BLISS INTERNATIONAL",,,,"SCIENCE",
"PICTURE ATLAS",,"978-014306848-8","DK",2011,,,,,"500/GAN",,,,"GANERIA.ANITA;Author OXLADE.CHRIS;Author","ATLAS",,,,399,,"BLISS INTERNATIONAL",,,,"SCIENCE",
"ANIMAL ENCYCLOPEDIA",,"978-014306848-8","DK",2011,,,,,"503/ARL",,,,"ARLON.PENELOPE ;Author","SCIENCE",,,,399,,"BLISS INTERNATIONAL",,,,"ENCYCLOPEDIA",
"DICTIONARY",,"978-014306848-8","DK",2011,,,,,"503/DIC",,,,,"SCIENCE",,,,399,,"BLISS INTERNATIONAL",,,,"DICTIONARY",
"SPACE ENCYCLOPEDIA",,"978-014306848-8","DK",2011,,,,,"503/BIN",,,,"BINGHAM.CAROLINE;Author","SCIENCE",,,,399,,"BLISS INTERNATIONAL",,,,"ENCYCLOPEDIA",
"NATURE ENCYCLOPEDIA",,"978-014306848-8","DK",2011,,,,,"503/BIN",,,,"BINGHAM.CAROLINE;Author MORGAN.BEN;Author","SCIENCE",,,,399,,"BLISS INTERNATIONAL",,,,"ENCYCLOPEDIA",
"PRIDE AND PREJUDICE",,"0-7069-5740-7","MADHUBAN EDUCATIONAL BOOKS",,,,,,"823/AUS",,,,"AUSTEN.JANE;Author",,,,,15,,"BULSAR BOOK STORE",,,,"FICTION",
"CHOICE OF FRIENDS : TALES FROM THE HITOPADESHA",,9788184820591,"AMAR CHITRA KATHA ",2011,,,,,"823/CHA",,,,"CHANDRAKANT.KAMALA;Author",,,,,50,,"BULSAR BOOK STORE",,,,"STORY",
"MARKETING MANAGEMENT: ANALYSIS PLANNING IMPLEMENTATION AND CONTROL;NINTH EDITION",,9788120311787,"PRENTICE-HALL INDIA",1997,,,,,"650/KOT",,,,"KOTLER.PHILIP;Author","MANAGEMENT",,,,275,,"BULSAR BOOK STORE",,,,"TECHNOLOGY",
"ELEMENTS OF MERCANTILE LAW",,"NOT GIVEN","SULTAN CHAND & SONS",1996,,,,,"330/KAP",,,,"KAPOOR.N.D.;Author","ECONOMICS",,,,135,,"BULSAR BOOK STORE",,,,"SOCIAL SCIENCE",
"VIKAS WORD SEARCH 1",,"978-81-243-2092-1","NAVNEET ",,,,,,"700/WOR",,,,,,,,,40,,"BULSAR BOOK STORE",,,,"ART",
"START YOUR OWN EXPORT BUSINESS",,"81-216-0401-X","HIND POCKET BOOKS",1996,,,,,"600/AGA",,,,"AGARWAL.DEVENDRA KUMAR;Author","BUSINESS",,,,75,,"BULSAR BOOK STORE",,,,"TECHNOLOGY",
"MARKETING MANAGEMENT: PLANNING IMPLEMENTATION AND CONTROL THE INDIAN CONTEXT;SECOND EDITION",,"SBN-0333924398","MACMILLAN INDIA LIMITED",1996,,,,,"650/RAM",,,,"RAMASWAMY.V.S.;Author NAMAKUMARI.S.;Author","MANAGEMENT",,,,228,,"BULSAR BOOK STORE",,,,"TECHNOLOGY",
"PRODUCTION OPERATIONS MANAGEMENT",,"81-7556-003-7","PRAGATI PRAKASHAN",1996,,,,,"650/GOE",,,,"GOEL.B.S;Author","MANAGEMENT",,,,100,,"BULSAR BOOK STORE",,,,"TECHNOLOGY",
"FUNDAMENTS OF SERVICES MANAGEMENT",,"81-86314-51-2","EVEREST PUBLISHING HOUSE",1996,,,,,"650/WAK",,,,"WAKALKAR.CHETAN S.;Author","MANAGEMENT",,,,80,,"BULSAR BOOK STORE",,,,"TECHNOLOGY",
"THE HOUND OF THE BASKERVILLES",,"0-7069-5492-0","MADHUBAN EDUCATIONAL BOOKS",1991,,,,,"823/DOY",,,,"DOYLE.ARTHUR CONAN;Author",,,,,14,,"BULSAR BOOK STORE",,,,"FICTION",
"A HANDBOOK ON MARKETING MANAGEMENT",,"81-86314-20-2","EVEREST PUBLISHING HOUSE",1997,,,,,"650/VAR",,,,"VARKEY.V.O.;Author","MANAGEMENT",,,,95,,"BULSAR BOOK STORE",,,,"TECHNOLOGY",
"SOCIAL AND POLITICAL ENVIRONMENT IN INDIA",,"81-86314-31-8","EVEREST PUBLISHING HOUSE",1997,,,,,"300/NAI",,,,"NAIK.SURESH;Author",,,,,60,,"BULSAR BOOK STORE",,,,"SOCIAL SCIENCE",
"ENTREPRENEURIAL DEVELOPMENT: CONCEPTS & PRACTICE",,"81-86314-46-6","EVEREST PUBLISHING HOUSE",1996,,,,,"330/SAR",,,,"SARWATE.DILIP M.;Author","ECONOMICS",,,,80,,"BULSAR BOOK STORE",,,,"SOCIAL SCIENCE",
"PANCHANTRA",,"NOT GIVEN","RADHDHEER PRAKASHAN",2008,,,,,"891.43301/SHA",,,,"SHARMA.VISHNU;Author","HINDI",,,,60,,"BULSAR BOOK STORE",,,,"STORY",
"INDIAN ECONOMY AND THE ECONOMIC PROBLEMS OF MAHARASHTRA",,"NOT GIVEN","NIRALI PRAKASHAN",1993,,,,,"330/MAH",,,,"MAHAJAN.MUKUND;Author","ECONOMICS",,,,80,,"BULSAR BOOK STORE",,,,"SOCIAL SCIENCE",
"SOCIAL & POLITICAL ENVIRONMENT IN INDIA",,"NOT GIVEN","NIRALI PRAKASHAN",1997,,,,,"300/PAR",,,,"PARDESHI.P.C.;Author",,,,,70,,"BULSAR BOOK STORE",,,,"SOCIAL SCIENCE",
"COCKTAILS: EVERY RECIPE ILLUSTRATED IN COLOUR",,9781851524525,"CHANCELLOR PRESS",1993,,,,,"641/COC",,,,,"FOOD & DRINK",,,,98.7,,"BULSAR BOOK STORE",,,,"TECHNOLOGY",
"INDIAN ECONOMIC ENVIRONMENT ",,"NOT GIVEN","NIRALI PRAKASHAN",1996,,,,,"330/DES",,,,"DESAI.S.S.M.;Author BHALERAO.NIRMAL;Author","ECONOMICS",,,,50,,"BULSAR BOOK STORE",,,,"SOCIAL SCIENCE",
"COMPETITIVE EXAMINATION SERIES : MBA",,"81-85623-72-4","GALGOTIA PUBLICATIONS",1994,,,,,"600/CHO",,,,"CHOPRA.RAVI;Author","BUSINESS",,,,160,,"BULSAR BOOK STORE",,,,"TECHNOLOGY",
"GANDHIGIRI: INSPIRATIONS FROM THE MAHATMA FOR TODAY",,"978-81-89906-75-7","TIMES GROUP BOOK",2009,,,,,"920/GAN",,,,,,,,,75,,"BULSAR BOOK STORE",,,,"BIORAPHY",
"CONFIDENT PARENTING: A HANDS-ON APPROACH TO CHILDREN",,9780285633766,"SOUVENIR PRESS",1997,,,,,"600/DAV",,,,"DAVIS. ANNE;Author","PARENTING",,,,195,,"BULSAR BOOK STORE",,,,"TECHNOLOGY",
"PEACEJAM : A BILLION SIMPLE ACTS OF PEACE (WITH CD)",,"978-0-14-241234-3","PUFFIN GROUP(PENGUIN)",2008,,,,,"303.6/SUV",,,,"SUVANJIEFF.IVAN;Author ENGLE.DAWN GIFFORD;Author",,,,,395,,"BULSAR BOOK STORE",,,,"SOCIAL SCIENCE",
"DAILY INSPIRATION FROM THE MONK WHO SOLD HIS FERRARI",,"978-81-7992-794-6","JAICO BOOKS",2010,,,,,"808/SHA",,,,"SHARMA.ROBIN;Author","DEVOTIONAL LITERATURE",,,,250,,"BULSAR BOOK STORE",,,,"LITERATURE",
"INDIA OF MY DREAM",,"81-7229-002-0","NAVAJIVAN PUBLISHING HOUSE",2011,,,,,"954/GAN",,,,"GANDHI.M.K.;Author","INDIA",,,,35,,"BULSAR BOOK STORE",,,,"GEOGRAPHY & HISTORY",
"MY FIRST CD-ROM NUMBERS : PC & MAC CD-ROM AND ACTIVITY BOOK(WITH CD)",,"0-75258-694-7","PARRAGON",2002,,,,,"510/MAC",,,,"MACKAY.FRANCES;Author",,,,,325,,"BULSAR BOOK STORE",,,,"MATHEMATICS",
"51 GREAT BOOKS : YOU SHOULD HAVE READ",,9788122204704,"ORIENT PAPERBACKS",2008,,,,,"820/WAL",,,,"WALSH.GEORGE;Author",,,,,295,,"BULSAR BOOK STORE",,,,"LITERATURE",
"MARKETING, SALESMANSHIP & PUBLICITY-III (ADVERTISING)",,"NOT GIVEN","SHETH",1992,,,,,"600/PAR",,,,"PARDESHI.P.C.;Author","BUSINESS",,,,60,,"BULSAR BOOK STORE",,,,"TECHNOLOGY",
"TOWARDS NEW EDUCATION",,"81-7229-078-0","NAVAJIVAN PUBLISHING HOUSE",2011,,,,,"370/GAN",,,,"GANDHI.M.K.;Author","EDUCATION",,,,15,,"BULSAR BOOK STORE",,,,"SOCIAL SCIENCE",
"DICTIONARY OF IDIOMS & PHRASES",,"978-81-310-0401-2","MANOJ PUBLICATION",2012,,,,,"403/DIC",,,,,"ENGLISH",,,,80,,"BULSAR BOOK STORE",,,,"DICTIONARY",
"AKBAR-BIRBAL KI NAUKJHOK: BADSHA KE AAM",,"81-2990176-5","MANOJ PUBLICATION",,,,,,"891.43301/AKB",,,,,"HINDI",,,,50,,"BULSAR BOOK STORE",,,,"STORY",
"VIKAS PURUSH NARENDRA MODI: AAGEY BADTA GUJARAT",,"NOT GIVEN","BALAJI",2012,,,,,"920/NAR",,,,,,,,,100,,"BULSAR BOOK STORE",,,,"BIORAPHY",
"THE SONS OF SHIVA",,9788184820638,"AMAR CHITRA KATHA",2012,,,,,"823/MAH",,,,"MAHADEVAN.SHYAMALA;Author","ENGLISH",,,,100,,"BULSAR BOOK STORE",,,,"STORY",
"LOTS OF THINGS TO KNOW",,9780600355120,"HAMLYN",1986,,,,,"001/LOT",,,,,,,,,200,,"BULSAR BOOK STORE",,,,"KNOWLEDGE",
"FIGHT BACK USE NUTRITION TO HEAL WHAT AILS YOU WITH FOOD",,9780762103423,"READER'S DIGEST",2005,,,,,"641/KAU",,,,"KAUPAS.PATRICIA;Author","FOOD & DRINK",,,,1170,,"BULSAR BOOK STORE",,,,"TECHNOLOGY",
"PRESCHOOL STORIES:READ AND GROW WITH BUBBLES;BUBBLE'S YELLOW STORY BOOK",,9788178625515,"SHREE",,,,,,"823/PRE",,,,,,,,,125,,"BULSAR BOOK STORE",,,,"STORY",
"TELL ME WHAT",,"978-81-8341-480-9","ROHAN BOOKS",,,,,,"001/TEL",,,,,,,,,249,,"MARSEL DISTRIBUTION",,,,"KNOWLEDGE",
"TELL ME WHICH",,"978-81-8341-475-3","ROHAN BOOKS",,,,,,"001/TEL",,,,,,,,,249,,"MARSEL DISTRIBUTION",,,,"KNOWLEDGE",
"TELL ME WHY",,"978-81-8341-478-4","ROHAN BOOKS",,,,,,"001/TEL",,,,,,,,,249,,"MARSEL DISTRIBUTION",,,,"KNOWLEDGE",
"TELL ME WHERE",,"978-81-8341-481-4","ROHAN BOOKS",,,,,,"001/TEL",,,,,,,,,249,,"MARSEL DISTRIBUTION",,,,"KNOWLEDGE",
"TELL ME WHEN",,"978-81-8341-479-3","ROHAN BOOKS",,,,,,"001/TEL",,,,,,,,,249,,"MARSEL DISTRIBUTION",,,,"KNOWLEDGE",
"TELL ME ABOUT",,"978-81-8341-477-7","ROHAN BOOKS",,,,,,"001/TEL",,,,,,,,,249,,"MARSEL DISTRIBUTION",,,,"KNOWLEDGE",
"TELL ME HOW",,"978-81-8341-476-0","ROHAN BOOKS",,,,,,"001/TEL",,,,,,,,,249,,"MARSEL DISTRIBUTION",,,,"KNOWLEDGE",
"TELL ME WHO",,"978-81-8341-482-5","ROHAN BOOKS",,,,,,"001/TEL",,,,,,,,,249,,"MARSEL DISTRIBUTION",,,,"KNOWLEDGE",
"CHILDREN'S ENCYCLOPEDIA OF FACINATING FACTS",,"978-81-8341-484-5","ROHAN BOOKS",,,,,,"030/CHI",,,,,"FACINATING FACTS",,,,325,,"MARSEL DISTRIBUTION",,,,"ENCYCLOPEDIA",
"CHILDREN'S ENCYCLOPEDIA : SCIENCE",,"978-81-8341-762-4","ROHAN BOOKS",,,,,,"503/BHA",,,,"BHARDWAJ.ASHISH;Author","SCIENCE",,,,249,,"MARSEL DISTRIBUTION",,,,"ENCYCLOPEDIA",
"CHILDREN'S ENCYCLOPEDIA : EARTH",,"978-81-8341-760-0","ROHAN BOOKS",,,,,,"503/BHA",,,,"BHARDWAJ.ASHISH;Author","SCIENCE",,,,249,,"MARSEL DISTRIBUTION",,,,"ENCYCLOPEDIA",
"CHILDREN'S ENCYCLOPEDIA : UNIVERSE",,"978-81-8341-765-5","ROHAN BOOKS",,,,,,"503/BHA",,,,"BHARDWAJ.ASHISH;Author","SCIENCE",,,,249,,"MARSEL DISTRIBUTION",,,,"ENCYCLOPEDIA",
"CHILDREN'S ENCYCLOPEDIA : SPACE",,"978-81-8341-766-2","ROHAN BOOKS",,,,,,"503/BAS",,,,"BASU.SIDHARTH;Author","SCIENCE",,,,249,,"MARSEL DISTRIBUTION",,,,"ENCYCLOPEDIA",
"CHILDREN'S ENCYCLOPEDIA : HUMAN BODY",,"978-81-8341-764-8","ROHAN BOOKS",,,,,,"503/BAS",,,,"BASU.SIDHARTH;Author","SCIENCE",,,,249,,"MARSEL DISTRIBUTION",,,,"ENCYCLOPEDIA",
"CHILDREN'S ENCYCLOPEDIA : NATURE",,"978-81-8341-763-1","ROHAN BOOKS",,,,,,"503/BAS",,,,"BASU.SIDHARTH;Author","SCIENCE",,,,249,,"MARSEL DISTRIBUTION",,,,"ENCYCLOPEDIA",
"CHILDREN'S ENCYCLOPEDIA : GENERAL KNOWLEDGE",,"978-81-8341-761-7","ROHAN BOOKS",,,,,,"030/BHA",,,,"BHARDWAJ.ASHISH;Author","GENERAL KNOWLEDGE",,,,249,,"MARSEL DISTRIBUTION",,,,"ENCYCLOPEDIA",
"WORLD'S FAMOUS SCIENTISTS",,"978-81-8341-781-5","ROHAN BOOKS",,,,,,"925/SCI",,,,,"SCIENTISTS",,,,299,,"MARSEL DISTRIBUTION",,,,"BIOGRAPHIES",
"WORLD'S GREAT SCIENTISTS",,"978-81-8341-780-8","ROHAN BOOKS",,,,,,"925/SCI",,,,,"SCIENTISTS",,,,299,,"MARSEL DISTRIBUTION",,,,"BIOGRAPHIES",
"THE MOUSE AND THE BIRD",,"978-81-7904-151-2","APPLE PUBLICATION",,,,,,"823/MOU",,,,,"ENGISH",,,,40,,"BULSAR BOOK STORE",,,,"STORY",
"THE UGLY DUCKLING",,"978-81-7904-146-8","APPLE PUBLICATION",,,,,,"823/UGL",,,,,"ENGISH",,,,40,,"BULSAR BOOK STORE",,,,"STORY",
"THE PIED PIPER OF HAMELIN",,"978-81-7904-149-9","APPLE PUBLICATION",,,,,,"823/PIE",,,,,"ENGISH",,,,40,,"BULSAR BOOK STORE",,,,"STORY",
"BEAUTY AND THE BEAST",,"978-81-7904-148-2","APPLE PUBLICATION",,,,,,"823/BEA",,,,,"ENGISH",,,,40,,"BULSAR BOOK STORE",,,,"STORY",
"THE INDIGO JACKAL",,"978-81-7904-211-3","APPLE PUBLICATION",2013,,,,,"823/IND",,,,,"ENGISH",,,,30,,"BULSAR BOOK STORE",,,,"STORY",
"THE INDIGO JACKAL",,"978-81-7904-211-3","APPLE PUBLICATION",2013,,,,,"823/IND",,,,,"ENGISH",,,,30,,"BULSAR BOOK STORE",,,,"STORY",
"THE LION AND THE HARE",,"978-81-7904-210-6","APPLE PUBLICATION",2013,,,,,"823/LIO",,,,,"ENGISH",,,,30,,"BULSAR BOOK STORE",,,,"STORY",
"THE LION AND THE HARE",,"978-81-7904-210-6","APPLE PUBLICATION",2013,,,,,"823/LIO",,,,,"ENGISH",,,,30,,"BULSAR BOOK STORE",,,,"STORY",
"THE UNFAITHFUL FRIENDS",,"978-81-7904-209-0","APPLE PUBLICATION",2013,,,,,"823/UNF",,,,,"ENGISH",,,,30,,"BULSAR BOOK STORE",,,,"STORY",
"THE UNFAITHFUL FRIENDS",,"978-81-7904-209-0","APPLE PUBLICATION",2013,,,,,"823/UNF",,,,,"ENGISH",,,,30,,"BULSAR BOOK STORE",,,,"STORY",
"THE SNAKE AND THE FOOLISH FROGS",,"978-81-7904-208-3","APPLE PUBLICATION",2013,,,,,"823/SNA",,,,,"ENGISH",,,,30,,"BULSAR BOOK STORE",,,,"STORY",
"THE SNAKE AND THE FOOLISH FROGS",,"978-81-7904-208-3","APPLE PUBLICATION",2013,,,,,"823/SNA",,,,,"ENGISH",,,,30,,"BULSAR BOOK STORE",,,,"STORY",
"THE LION AND THE MOUSE",,"978-81-7904-201-4","APPLE PUBLICATION",2013,,,,,"823/LIO",,,,,"ENGISH",,,,30,,"BULSAR BOOK STORE",,,,"STORY",
"THE LION AND THE MOUSE",,"978-81-7904-201-4","APPLE PUBLICATION",2013,,,,,"823/LIO",,,,,"ENGISH",,,,30,,"BULSAR BOOK STORE",,,,"STORY",
"THE WOLF AND THE GOAT KID",,"978-81-7904-204-5","APPLE PUBLICATION",2013,,,,,"823/WOL",,,,,"ENGISH",,,,30,,"BULSAR BOOK STORE",,,,"STORY",
"THE WOLF AND THE GOAT KID",,"978-81-7904-204-5","APPLE PUBLICATION",2013,,,,,"823/WOL",,,,,"ENGISH",,,,30,,"BULSAR BOOK STORE",,,,"STORY",
"THE HARE AND THE TORTOISE",,"978-81-7904-200-7","APPLE PUBLICATION",2013,,,,,"823/HAR",,,,,"ENGISH",,,,30,,"BULSAR BOOK STORE",,,,"STORY",
"THE HARE AND THE TORTOISE",,"978-81-7904-200-7","APPLE PUBLICATION",2013,,,,,"823/HAR",,,,,"ENGISH",,,,30,,"BULSAR BOOK STORE",,,,"STORY",
"THE CRANE AND THE SNAKE",,"978-81-7904-213-7","APPLE PUBLICATION",2013,,,,,"823/CRA",,,,,"ENGISH",,,,30,,"BULSAR BOOK STORE",,,,"STORY",
"THE CRANE AND THE SNAKE",,"978-81-7904-213-7","APPLE PUBLICATION",2013,,,,,"823/CRA",,,,,"ENGISH",,,,30,,"BULSAR BOOK STORE",,,,"STORY",
"THE WOLF IN SHEEP'S CLOTHING",,"978-81-7904-206-9","APPLE PUBLICATION",2013,,,,,"823/WOL",,,,,"ENGISH",,,,30,,"BULSAR BOOK STORE",,,,"STORY",
"THE WOLF IN SHEEP'S CLOTHING",,"978-81-7904-206-9","APPLE PUBLICATION",2013,,,,,"823/WOL",,,,,"ENGISH",,,,30,,"BULSAR BOOK STORE",,,,"STORY",
"THE CLEVER CRAB AND THE HERON",,"978-81-7904-212-0","APPLE PUBLICATION",2013,,,,,"823/CLE",,,,,"ENGISH",,,,30,,"BULSAR BOOK STORE",,,,"STORY",
"THE CLEVER CRAB AND THE HERON",,"978-81-7904-212-0","APPLE PUBLICATION",2013,,,,,"823/CLE",,,,,"ENGISH",,,,30,,"BULSAR BOOK STORE",,,,"STORY",
"THE SWANS AND THE TURTLE",,"978-81-7904-214-4","APPLE PUBLICATION",2013,,,,,"823/SWA",,,,,"ENGISH",,,,30,,"BULSAR BOOK STORE",,,,"STORY",
"THE SWANS AND THE TURTLE",,"978-81-7904-214-4","APPLE PUBLICATION",2013,,,,,"823/SWA",,,,,"ENGISH",,,,30,,"BULSAR BOOK STORE",,,,"STORY",
"MARTINE : MUM FOR THE DAY ;4",,"978-93-5089-538-2","DREAMLAND PUBLICATIONS",2013,,,,,"823/DEL",,,,"DELAHAYE.GILBERT;Author MARLIER. MARCEL;Author","ENGISH",,,,80,,"BULSAR BOOK STORE",,,,"STORY",
"MARTINE : BIRTHDAY PARTY ;5",,"978-93-5089-539-9","DREAMLAND PUBLICATIONS",2013,,,,,"823/DEL",,,,"DELAHAYE.GILBERT;Author MARLIER. MARCEL;Author","ENGISH",,,,80,,"BULSAR BOOK STORE",,,,"STORY",
"MARTINE : MARTINE'S BEAUTIFUL GARDEN ;6",,"978-93-5089-540-5","DREAMLAND PUBLICATIONS",2013,,,,,"823/DEL",,,,"DELAHAYE.GILBERT;Author MARLIER. MARCEL;Author","ENGISH",,,,80,,"BULSAR BOOK STORE",,,,"STORY",
"MARTINE : RIDES A BIKE ;7",,"978-93-5089-541-2","DREAMLAND PUBLICATIONS",2013,,,,,"823/DEL",,,,"DELAHAYE.GILBERT;Author MARLIER. MARCEL;Author","ENGISH",,,,80,,"BULSAR BOOK STORE",,,,"STORY",
"MARTINE : AT BALLET SCHOOL ;8",,"978-93-5089-542-9","DREAMLAND PUBLICATIONS",2013,,,,,"823/DEL",,,,"DELAHAYE.GILBERT;Author MARLIER. MARCEL;Author","ENGISH",,,,80,,"BULSAR BOOK STORE",,,,"STORY",
"MARTINE : AND THE FLOWER FESTIVAL ;9",,"978-93-5089-543-6","DREAMLAND PUBLICATIONS",2013,,,,,"823/DEL",,,,"DELAHAYE.GILBERT;Author MARLIER. MARCEL;Author","ENGISH",,,,80,,"BULSAR BOOK STORE",,,,"STORY",
"MARTINE : LEARNS TO COOK ;10",,"978-93-5089-544-3","DREAMLAND PUBLICATIONS",2013,,,,,"823/DEL",,,,"DELAHAYE.GILBERT;Author MARLIER. MARCEL;Author","ENGISH",,,,80,,"BULSAR BOOK STORE",,,,"STORY",
"MARTINE : LEARNS TO SWIM ;11",,"978-93-5089-545-0","DREAMLAND PUBLICATIONS",2013,,,,,"823/DEL",,,,"DELAHAYE.GILBERT;Author MARLIER. MARCEL;Author","ENGISH",,,,80,,"BULSAR BOOK STORE",,,,"STORY",
"MARTINE : GETS SICK ;12",,"978-93-5089-546-7","DREAMLAND PUBLICATIONS",2013,,,,,"823/DEL",,,,"DELAHAYE.GILBERT;Author MARLIER. MARCEL;Author","ENGISH",,,,80,,"BULSAR BOOK STORE",,,,"STORY",
"MARTINE : VISITS AUNT LUCY ;13",,"978-93-5089-547-4","DREAMLAND PUBLICATIONS",2013,,,,,"823/DEL",,,,"DELAHAYE.GILBERT;Author MARLIER. MARCEL;Author","ENGISH",,,,80,,"BULSAR BOOK STORE",,,,"STORY",
"MARTINE : TAKES THE TRAIN; 14",,"978-93-5089-548-1","DREAMLAND PUBLICATIONS",2013,,,,,"823/DEL",,,,"DELAHAYE.GILBERT;Author MARLIER. MARCEL;Author","ENGISH",,,,80,,"BULSAR BOOK STORE",,,,"STORY",
"MARTINE : GOES SAILING ; 15",,"978-93-5089-549-8","DREAMLAND PUBLICATIONS",2013,,,,,"823/DEL",,,,"DELAHAYE.GILBERT;Author MARLIER. MARCEL;Author","ENGISH",,,,80,,"BULSAR BOOK STORE",,,,"STORY",
"MARTINE : AND THE LITTLE SPARROW ; 16",,"978-93-5089-550-4","DREAMLAND PUBLICATIONS",2013,,,,,"823/DEL",,,,"DELAHAYE.GILBERT;Author MARLIER. MARCEL;Author","ENGISH",,,,80,,"BULSAR BOOK STORE",,,,"STORY",
"MARTINE : AND WILBUR THE DONKEY ; 17",,"978-93-5089-551-1","DREAMLAND PUBLICATIONS",2013,,,,,"823/DEL",,,,"DELAHAYE.GILBERT;Author MARLIER. MARCEL;Author","ENGISH",,,,80,,"BULSAR BOOK STORE",,,,"STORY",
"MARTINE : CELEBRATES MOTHER'S DAY ; 18",,"978-93-5089-552-8","DREAMLAND PUBLICATIONS",2013,,,,,"823/DEL",,,,"DELAHAYE.GILBERT;Author MARLIER. MARCEL;Author","ENGISH",,,,80,,"BULSAR BOOK STORE",,,,"STORY",
"MARTINE : AND THE HOT-AIR BALLOON ; 19",,"978-93-5089-553-5","DREAMLAND PUBLICATIONS",2013,,,,,"823/DEL",,,,"DELAHAYE.GILBERT;Author MARLIER. MARCEL;Author","ENGISH",,,,80,,"BULSAR BOOK STORE",,,,"STORY",
"MARTINE : AT SCHOOL ; 20",,"978-93-5089-554-2","DREAMLAND PUBLICATIONS",2013,,,,,"823/DEL",,,,"DELAHAYE.GILBERT;Author MARLIER. MARCEL;Author","ENGISH",,,,80,,"BULSAR BOOK STORE",,,,"STORY",
"MARTINE : GOES HORSE RIDING ; 2",,"978-93-5089-536-8","DREAMLAND PUBLICATIONS",2013,,,,,"823/DEL",,,,"DELAHAYE.GILBERT;Author MARLIER. MARCEL;Author","ENGISH",,,,80,,"BULSAR BOOK STORE",,,,"STORY",
"MARTINE : AT THE ZOO ; 1",,"978-93-5089-535-1","DREAMLAND PUBLICATIONS",2013,,,,,"823/DEL",,,,"DELAHAYE.GILBERT;Author MARLIER. MARCEL;Author","ENGISH",,,,80,,"BULSAR BOOK STORE",,,,"STORY",
"MARTINE : AT THE PARK ; 3",,"978-93-5089-537-5","DREAMLAND PUBLICATIONS",2013,,,,,"823/DEL",,,,"DELAHAYE.GILBERT;Author MARLIER. MARCEL;Author","ENGISH",,,,80,,"BULSAR BOOK STORE",,,,"STORY",
"FABULOUS ANIMAL STORIES",,"978-93-5102-099-8","FUTURE BOOKS",,,,,,"823/FAB",,,,,"ENGISH",,,,159,,"BULSAR BOOK STORE",,,,"STORY",
"CLASSIC STORIES",,"978-93-5102-176-6","FUTURE BOOKS",,,,,,"823/CLA",,,,,"ENGISH",,,,159,,"BULSAR BOOK STORE",,,,"STORY",
"INTERESTING ANIMAL STORIES",,"978-93-5102-175-9","FUTURE BOOKS",,,,,,"823/INT",,,,,"ENGISH",,,,159,,"BULSAR BOOK STORE",,,,"STORY",
"AMAZING ANIMAL STORIES",,"978-93-5102-177-3","FUTURE BOOKS",,,,,,"823/AMA",,,,,"ENGISH",,,,159,,"BULSAR BOOK STORE",,,,"STORY",
"BEDTIME STORIES",,"978-93-5102-173-5","FUTURE BOOKS",,,,,,"823/BED",,,,,"ENGISH",,,,159,,"BULSAR BOOK STORE",,,,"STORY",
"ILLUSTRATED MORAL STORIES",,"978-93-5102-174-2","FUTURE BOOKS",,,,,,"823/ILL",,,,,"ENGISH",,,,159,,"BULSAR BOOK STORE",,,,"STORY",
"MY FAVOURITE MORAL STORIES",,"978-93-5102-096-7","FUTURE BOOKS",,,,,,"823/FAV",,,,,"ENGISH",,,,159,,"BULSAR BOOK STORE",,,,"STORY",
"AWESOME AESOP'S FABLES",,"978-93-5102-098-1","FUTURE BOOKS",,,,,,"823/AWE",,,,,"ENGISH",,,,159,,"BULSAR BOOK STORE",,,,"STORY",
"TRADITIONAL AESOP'S FABLES",,"978-93-5102-097-4","FUTURE BOOKS",,,,,,"823/TRA",,,,,"ENGISH",,,,159,,"BULSAR BOOK STORE",,,,"STORY",
"FASCINATING AESOP'S FABLES",,"978-93-5102-178-0","FUTURE BOOKS",,,,,,"823/FAS",,,,,"ENGISH",,,,159,,"BULSAR BOOK STORE",,,,"STORY",
"1001 WORDS TO TALK ABOUT",,9788181536006,"RAINBOW",,,,,,"420/WOR",,,,,"ENGISH",,,,150,,"BULSAR BOOK STORE",,,,"LANGUAGE",
"PICTURE DICTIONARY",,9788181535993,"RAINBOW",2011,,,,,"403/PIC",,,,,"LANGUAGE",,,,150,,"BULSAR BOOK STORE",,,,"DICTIONARY",
"FASCINATING FAIRY TALES : THUMBELINA",,"978-81-7812-784-2","LITTLE SCHOLARZ",2009,,,,,"823/FAS",,,,,"ENGISH",,,,45,,"BULSAR BOOK STORE",,,,"STORY",
"FASCINATING FAIRY TALES : CINDERELLA",,"978-81-7812-776-7","LITTLE SCHOLARZ",2009,,,,,"823/FAS",,,,,"ENGISH",,,,45,,"BULSAR BOOK STORE",,,,"STORY",
"ADVENTURES IN READING : FRIENDS",,9788192410067,"WALT DISNEY",2012,,,,,"823/ADV",,,,,"ENGISH",,,,30,,"BULSAR BOOK STORE",,,,"STORY",
"ADVENTURES IN READING : FRIENDS",,9788192410067,"WALT DISNEY",2012,,,,,"823/ADV",,,,,"ENGISH",,,,30,,"BULSAR BOOK STORE",,,,"STORY",
"ADVENTURES IN READING : WE LIKE….",,9788192410067,"WALT DISNEY",2012,,,,,"823/ADV",,,,,"ENGISH",,,,30,,"BULSAR BOOK STORE",,,,"STORY",
"ADVENTURES IN READING : WE LIKE….",,9788192410067,"WALT DISNEY",2012,,,,,"823/ADV",,,,,"ENGISH",,,,30,,"BULSAR BOOK STORE",,,,"STORY",
"ADVENTURES IN READING : ALL GROW UP",,9788192410067,"WALT DISNEY",2012,,,,,"823/ADV",,,,,"ENGISH",,,,30,,"BULSAR BOOK STORE",,,,"STORY",
"ADVENTURES IN READING : ALL GROW UP",,9788192410067,"WALT DISNEY",2012,,,,,"823/ADV",,,,,"ENGISH",,,,30,,"BULSAR BOOK STORE",,,,"STORY",
"ADVENTURES IN READING : MICKEY AND FRIENDS",,9788192410067,"WALT DISNEY",2012,,,,,"823/ADV",,,,,"ENGISH",,,,30,,"BULSAR BOOK STORE",,,,"STORY",
"ADVENTURES IN READING : MICKEY AND FRIENDS",,9788192410067,"WALT DISNEY",2012,,,,,"823/ADV",,,,,"ENGISH",,,,30,,"BULSAR BOOK STORE",,,,"STORY",
"ADVENTURES IN READING : OUR NEIGHBOURHOOD",,9788192410067,"WALT DISNEY",2012,,,,,"823/ADV",,,,,"ENGISH",,,,30,,"BULSAR BOOK STORE",,,,"STORY",
"ADVENTURES IN READING : OUR NEIGHBOURHOOD",,9788192410067,"WALT DISNEY",2012,,,,,"823/ADV",,,,,"ENGISH",,,,30,,"BULSAR BOOK STORE",,,,"STORY",
"ADVENTURES IN READING : NUMBERS ARE EVERYWHERE",,9788192410067,"WALT DISNEY",2012,,,,,"823/ADV",,,,,"ENGISH",,,,30,,"BULSAR BOOK STORE",,,,"STORY",
"ADVENTURES IN READING : NUMBERS ARE EVERYWHERE",,9788192410067,"WALT DISNEY",2012,,,,,"823/ADV",,,,,"ENGISH",,,,30,,"BULSAR BOOK STORE",,,,"STORY",
"ADVENTURES IN READING : THROUGH THE YEAR",,9788192410067,"WALT DISNEY",2012,,,,,"823/ADV",,,,,"ENGISH",,,,30,,"BULSAR BOOK STORE",,,,"STORY",
"ADVENTURES IN READING : THROUGH THE YEAR",,9788192410067,"WALT DISNEY",2012,,,,,"823/ADV",,,,,"ENGISH",,,,30,,"BULSAR BOOK STORE",,,,"STORY",
"ADVENTURES IN READING : SHOWTIME!",,9788192410067,"WALT DISNEY",2012,,,,,"823/ADV",,,,,"ENGISH",,,,30,,"BULSAR BOOK STORE",,,,"STORY",
"ADVENTURES IN READING : SHOWTIME!",,9788192410067,"WALT DISNEY",2012,,,,,"823/ADV",,,,,"ENGISH",,,,30,,"BULSAR BOOK STORE",,,,"STORY",
"ADVENTURES IN READING : HOW WE FEEL",,9788192410067,"WALT DISNEY",2012,,,,,"823/ADV",,,,,"ENGISH",,,,30,,"BULSAR BOOK STORE",,,,"STORY",
"ADVENTURES IN READING : HOW WE FEEL",,9788192410067,"WALT DISNEY",2012,,,,,"823/ADV",,,,,"ENGISH",,,,30,,"BULSAR BOOK STORE",,,,"STORY",
"ADVENTURES IN READING : WHO DO WE KNOW?",,9788192410067,"WALT DISNEY",2012,,,,,"823/ADV",,,,,"ENGISH",,,,30,,"BULSAR BOOK STORE",,,,"STORY",
"ADVENTURES IN READING : WHO DO WE KNOW?",,9788192410067,"WALT DISNEY",2012,,,,,"823/ADV",,,,,"ENGISH",,,,30,,"BULSAR BOOK STORE",,,,"STORY",
"8000 THINGS YOU SHOULD KNOW",,"978-1-84236-804-6","MILES KELLY (SHREE)",2006,,,,,"001/THI",,,,,,,,,595,,"BULSAR BOOK STORE",,,,"KNOWLEDGE",
"ENCYCLOPEDIA OF THE HUMAN BODY",,"978-1-4454-1036-4","PARRAGON (SHREE)",2010,,,,,"503/PAR",,,,"PARKER.STEVE;Author","SCIENCE",,,,550,,"BULSAR BOOK STORE",,,,"ENCYCLOPEDIA",
"ENCYCLOPEDIA OF GREAT EXPLORERS",,"978-1-4454-0744-9","PARRAGON (SHREE)",2010,,,,,"030/ADA",,,,"ADAMS.SIMON;Author",,,,,550,,"BULSAR BOOK STORE",,,,"ENCYCLOPEDIA",
"THE CHILDREN'S ENCYCLOPEDIA OF PLANET EARTH",,"978-1-4454-0653-4","PARRAGON (SHREE)",2010,,,,,"503/GRE",,,,"GREEN.JEN;Author","SCIENCE",,,,550,,"BULSAR BOOK STORE",,,,"ENCYCLOPEDIA",
"100 LANDMARKS OF THE WORLD",,"978-1-4454-4283-9","PARRAGON (SHREE)",2011,,,,,"001/JOL",,,,"JOLLANDS.BEVERLEY;Author FISHER.PAUL;Author",,,,,995,,"BULSAR BOOK STORE",,,,"KNOWLEDGE",
"JUNIOUR DICTIONARY & THESAURUS",,"978-1-84810-479-2","MILES KELLY (SHREE)",2012,,,,,"403/PUR",,,,"PURCELL.SUSAN;Author",,,,,595,,"BULSAR BOOK STORE",,,,"DICTIONARY",
"ENCYCLOPEDIA OF KNOWLEDGE : DISCOVER AMAZING FACTS ABOUT OUR WORLD",,"978-1-4454-1037-1","PARRAGON (SHREE)",2010,,,,,"030/ENC",,,,,,,,,550,,"BULSAR BOOK STORE",,,,"ENCYCLOPEDIA",
"BELIEVE IT OR NOT! : DARE TO LOOK!",,"978-1-60991-077-8","RIPLEYBOOKS (SHREE)",2013,,,,,"001/TIB",,,,"TIBBALLS GEOFF;Author",,,,,1295,,"BULSAR BOOK STORE",,,,"KNOWLEDGE",
"ORIENTAL PAPERCRAFTS : 25 BEAUTIFUL EASTERN-INSPIRED PROJECTS",,"978-1-84773-075-6","NEWHOLLAND(SHREE)",2008,,,,,"700/OWE",,,,"OWEN.CHERYL;Author","PAPERCRAFT",,,,595,,"BULSAR BOOK STORE",,,,"ART",
"FAIRY TALES : THE PEA-BLOSSOM",,"978-17-3016-356-2","DREAM PUBLICATIONS",,,,,,"823/AND",,,,"ANDERSEN.HANS CHRISTIAN;Author","ENGISH",,,,60,,"BULSAR BOOK STORE",,,,"STORY",
"FAIRY TALES : THE DARNING-NEEDLE",,"978-17-3016-453-8","DREAM PUBLICATIONS",,,,,,"823/AND",,,,"ANDERSEN.HANS CHRISTIAN;Author","ENGISH",,,,60,,"BULSAR BOOK STORE",,,,"STORY",
"FAIRY TALES : THE SNOWMAN",,"978-17-3016-470-5","DREAM PUBLICATIONS",,,,,,"823/AND",,,,"ANDERSEN.HANS CHRISTIAN;Author","ENGISH",,,,60,,"BULSAR BOOK STORE",,,,"STORY",
"FAIRY TALES : THE TOP AND THE BALL",,"978-17-3016-402-6","DREAM PUBLICATIONS",,,,,,"823/AND",,,,"ANDERSEN.HANS CHRISTIAN;Author","ENGISH",,,,60,,"BULSAR BOOK STORE",,,,"STORY",
"FAIRY TALES : THE STORKS",,"978-17-3016-399-9","DREAM PUBLICATIONS",,,,,,"823/AND",,,,"ANDERSEN.HANS CHRISTIAN;Author","ENGISH",,,,60,,"BULSAR BOOK STORE",,,,"STORY",
"FAIRY TALES : THE MONEY-BOX",,"978-17-3016-380-7","DREAM PUBLICATIONS",,,,,,"823/AND",,,,"ANDERSEN.HANS CHRISTIAN;Author","ENGISH",,,,60,,"BULSAR BOOK STORE",,,,"STORY",
"FAIRY TALES : THE HAPPY FAMILY",,"978-17-3016-372-2","DREAM PUBLICATIONS",,,,,,"823/AND",,,,"ANDERSEN.HANS CHRISTIAN;Author","ENGISH",,,,60,,"BULSAR BOOK STORE",,,,"STORY",
"FAIRY TALES : THE BUTTERFLY",,"978-17-3016-364-7","DREAM PUBLICATIONS",,,,,,"823/AND",,,,"ANDERSEN.HANS CHRISTIAN;Author","ENGISH",,,,60,,"BULSAR BOOK STORE",,,,"STORY",
"THE LIFE OF PLANTS : PLANT HABITATS",,"978-0-431-11965-6","HEINEMANN (SHREE)",2009,,,,,"500/LOU",,,,"LOUISE;Author SPILSBURY.RICHARD;Author",,,,,199,,"BULSAR BOOK STORE",,,,"SCIENCE",
"THE LIFE OF PLANTS : PLANT GROWTH",,"978-0-431-11963-2","HEINEMANN (SHREE)",2009,,,,,"500/LOU",,,,"LOUISE;Author SPILSBURY.RICHARD;Author",,,,,199,,"BULSAR BOOK STORE",,,,"SCIENCE",
"THE LIFE OF PLANTS : PLANT CLASSIFICATION",,"978-0-431-11961-8","HEINEMANN (SHREE)",2009,,,,,"500/LOU",,,,"LOUISE;Author SPILSBURY.RICHARD;Author",,,,,199,,"BULSAR BOOK STORE",,,,"SCIENCE",
"THE LIFE OF PLANTS : PLANT PARTS",,"978-0-431-11962-5","HEINEMANN (SHREE)",2009,,,,,"500/LOU",,,,"LOUISE;Author SPILSBURY.RICHARD;Author",,,,,199,,"BULSAR BOOK STORE",,,,"SCIENCE",
"THE LIFE OF PLANTS : PLANT PRODUCTS",,"978-0-431-11966-3","HEINEMANN (SHREE)",2009,,,,,"500/LOU",,,,"LOUISE;Author SPILSBURY.RICHARD;Author",,,,,199,,"BULSAR BOOK STORE",,,,"SCIENCE",
"THE LIFE OF PLANTS : PLANT REPRODUCTION",,"978-0-431-11964-9","HEINEMANN (SHREE)",2009,,,,,"500/LOU",,,,"LOUISE;Author SPILSBURY.RICHARD;Author",,,,,199,,"BULSAR BOOK STORE",,,,"SCIENCE",
"DESIGNED FOR SUCCESS : RACING CARS",,"978-0-431-16581-3","HEINEMANN (SHREE)",2008,,,,,"600/GRA",,,,"GRAHAM.IAN;Author",,,,,199,,"BULSAR BOOK STORE",,,,"TECHNOLOGY",
"DESIGNED FOR SUCCESS : SPORTS CARS",,"978-0-431-16582-0","HEINEMANN (SHREE)",2008,,,,,"600/GRA",,,,"GRAHAM.IAN;Author",,,,,199,,"BULSAR BOOK STORE",,,,"TECHNOLOGY",
"DESIGNED FOR SUCCESS : SUPERBIKES",,"978-0-431-16583-7","HEINEMANN (SHREE)",2008,,,,,"600/GRA",,,,"GRAHAM.IAN;Author",,,,,199,,"BULSAR BOOK STORE",,,,"TECHNOLOGY",
"DESIGNED FOR SUCCESS : OFF-ROAD VEHICLES",,"978-0-431-16580-6","HEINEMANN (SHREE)",2008,,,,,"600/GRA",,,,"GRAHAM.IAN;Author",,,,,199,,"BULSAR BOOK STORE",,,,"TECHNOLOGY",
"DESIGNED FOR SUCCESS : ATTACK FIGHTERS",,"978-0-431-16578-3","HEINEMANN (SHREE)",2008,,,,,"600/GRA",,,,"GRAHAM.IAN;Author",,,,,199,,"BULSAR BOOK STORE",,,,"TECHNOLOGY",
"DESIGNED FOR SUCCESS : MILITARY VEHICLES",,"978-0-431-16579-0","HEINEMANN (SHREE)",2008,,,,,"600/GRA",,,,"GRAHAM.IAN;Author",,,,,199,,"BULSAR BOOK STORE",,,,"TECHNOLOGY",
"REAL WORLD DATA : GRAPHING TRANSPORT",,"978-0-431-02949-8","HEINEMANN (SHREE)",2009,,,,,"388.0728/UND",,,,"UNDERWOOD.DEBORAH;Author","TRANSPORT",,,,199,,"BULSAR BOOK STORE",,,,"SOCIAL SCIENCE",
"REAL WORLD DATA : GRAPHING WATER",,"978-0-431-02944-3","HEINEMANN (SHREE)",2009,,,,,"551.460728/MED",,,,"MEDINA.SARAH;Author","WATER",,,,199,,"BULSAR BOOK STORE",,,,"SCIENCE",
"REAL WORLD DATA : GRAPHING ENERGY",,"978-0-431-02942-9","HEINEMANN (SHREE)",2009,,,,,"333.790728/SOL",,,,"SOLWAY.ANDREW;Author",,,,,199,,"BULSAR BOOK STORE",,,,"SOCIAL SCIENCE",
"REAL WORLD DATA : GRAPHING POPULATION",,"978-0-431-02954-2","HEINEMANN (SHREE)",2009,,,,,"304.60728/THO",,,,"THOMAS.ISABEL;Author",,,,,199,,"BULSAR BOOK STORE",,,,"SOCIAL SCIENCE",
"REAL WORLD DATA : GRAPHING THE UNIVERSE",,"978-0-431-02947-4","HEINEMANN (SHREE)",2009,,,,,"523.10728/UND",,,,"UNDERWOOD.DEBORAH;Author",,,,,199,,"BULSAR BOOK STORE",,,,"SCIENCE",
"REAL WORLD DATA : GRAPHING WEATHER AND CLIMATE",,"978-0-431-02951-1","HEINEMANN (SHREE)",2009,,,,,"551.50728/OXL",,,,"OXLADE.CHRIS;Author",,,,,199,,"BULSAR BOOK STORE",,,,"SCIENCE",
"REAL WORLD DATA : GRAPHING PLANET EARTH",,"978-0-431-02946-7","HEINEMANN (SHREE)",2009,,,,,"551.410728/MIL",,,,"MILES.ELIZABETH;Author",,,,,199,,"BULSAR BOOK STORE",,,,"SCIENCE",
"REAL WORLD DATA : GRAPHING BUILDINGS AND STRUCTURES",,"978-0-431-02950-4","HEINEMANN (SHREE)",2009,,,,,"624.0728/THO",,,,"THORPE.YVONNE;Author",,,,,199,,"BULSAR BOOK STORE",,,,"TECHNOLOGY",
"PAINTING FLOWERS ON ROCKS",,"978-0-89134-945-7","NORTH LIGHT BOOKS(SHREE)",1999,,,,,"751.426/WEL",,,,"WELLFORD.LIN;Author","PAINTING",,,,495,,"BULSAR BOOK STORE",,,,"ART",
"THE CHILDREN'S ENCYCLOPEDIA OF ANIMALS : BEGIN TO DESCOVER THE AMAZING WORLD OF ANIMALS",,"978-1-4454-0649-7","PARRAGON (SHREE)",2010,,,,,"503/CHI",,,,,"SCIENCE",,,,550,,"BULSAR BOOK STORE",,,,"ENCYCLOPEDIA",
"1000S OF FREAKY, SCARY, GROSS, INCREDIBLE AND SIMPLY UNBELIEVABLE TRUE FACTS!",,"978-1-4075-7355-7","PARRAGON (SHREE)",2007,,,,,"001/GUE",,,,"GUEST.JOHN;Author",,,,,395,,"BULSAR BOOK STORE",,,,"KNOWLEDGE",
"MY FIRST ANIMAL QUESTIONS AND ANSWERS",,"978-1-84810-548-5","MILES KELLY (SHREE)",2011,,,,,"500/BED",,,,"BEDOYERE.CAMILLA DE LA, CLAYBOURNE ANNA;Author OTHERS;Author",,,,,595,,"BULSAR BOOK STORE",,,,"SCIENCE",
"WORLD HISTORY",,"978-1-84810-357-3","MILES KELLY (SHREE)",2012,,,,,"909/FAR",,,,"FARNDON.JOHN;Author PARKER.VICTORIA;Author","WORLD",,,,595,,"BULSAR BOOK STORE",,,,"GEOGRAPHY & HISTORY",
"OVER 1000 FANTASTIC HISTORY FACTS",,"978-1-84810-661-1","MILES KELLY (SHREE)",2012,,,,,"001/FAN",,,,,"HISTORY",,,,595,,"BULSAR BOOK STORE",,,,"KNOWLEDGE",
"OVER 1000 FANTASTIC SCIENCE FACTS",,"978-1-84810-662-8","MILES KELLY (SHREE)",2012,,,,,"001/FAN",,,,,"SCIENCE",,,,595,,"BULSAR BOOK STORE",,,,"KNOWLEDGE",
"OVER 1000 FANTASTIC FACTS",,"978-1-84810-291-0","MILES KELLY (SHREE)",2012,,,,,"001/FAN",,,,,,,,,595,,"BULSAR BOOK STORE",,,,"KNOWLEDGE",
"CLASSIC SCIENCE FICTION STORIES",,"978-1-84810-477-8","MILES KELLY (SHREE)",2011,,,,,"500/WEL",,,,"WELLS.H.G., SIMAK.CLIFFORD D.;Author OTHERS;Author","FICTION",,,,595,,"BULSAR BOOK STORE",,,,"SCIENCE",
"8000 AWESOME THINGS YOU SHOULD KNOW",,"978-1-84810-219-4","MILES KELLY (SHREE)",2011,,,,,"001/AWE",,,,,,,,,595,,"BULSAR BOOK STORE",,,,"KNOWLEDGE",
"THE WONDERFUL WORLD OF KNOWLEDGE : DINOSAURS ; 1",,"NOT GIVEN","DISNEY ENTERPRISES",2010,,,,,"001/JOH",,,,"JOHNSON.JINNY;Author","DINOSAURS",,,,175,,"BULSAR BOOK STORE",,,,"KNOWLEDGE",
"THE WONDERFUL WORLD OF KNOWLEDGE : PLANET EARTH ; 2",,9771757426009,"DISNEY ENTERPRISES",2010,,,,,"001/TAY",,,,"TAYLOR.BARBARA;Author",,,,,175,,"BULSAR BOOK STORE",,,,"KNOWLEDGE",
"THE WONDERFUL WORLD OF KNOWLEDGE : THE HUMAN BODY ; 3",,9771757426009,"DISNEY ENTERPRISES",2010,,,,,"001/PAR",,,,"PARSONS.ALEX;Author",,,,,175,,"BULSAR BOOK STORE",,,,"KNOWLEDGE",
"THE WONDERFUL WORLD OF KNOWLEDGE : FROM STONE AGE TO SPACE AGE; 4",,9771757426009,"DISNEY ENTERPRISES",2010,,,,,"001/MAC",,,,"MACDONALD.FIONA;Author",,,,,175,,"BULSAR BOOK STORE",,,,"KNOWLEDGE",
"THE WONDERFUL WORLD OF KNOWLEDGE : WONDERS OF THE SEA; 5",,9771757426009,"DISNEY ENTERPRISES",2010,,,,,"001/GAN",,,,"GANERI.ANITA;Author",,,,,175,,"BULSAR BOOK STORE",,,,"KNOWLEDGE",
"THE WONDERFUL WORLD OF KNOWLEDGE : GREAT TRAVELLERS AND EXPLORERS ; 6",,9771757426009,"DISNEY ENTERPRISES",2010,,,,,"001/GOU",,,,"GOULD.DAVID;Author",,,,,175,,"BULSAR BOOK STORE",,,,"KNOWLEDGE",
"THE WONDERFUL WORLD OF KNOWLEDGE : ATLAS OF THE WORLD; 7",,9771757426009,"DISNEY ENTERPRISES",2011,,,,,"001/MAS",,,,"MASON.ANTONY;Author",,,,,175,,"BULSAR BOOK STORE",,,,"KNOWLEDGE",
"THE WONDERFUL WORLD OF KNOWLEDGE : THE MARVELS OF SCIENCE; 8",,9771757426009,"DISNEY ENTERPRISES",2011,,,,,"001/CHA",,,,"CHALLONER.JACK;Author",,,,,175,,"BULSAR BOOK STORE",,,,"KNOWLEDGE",
"THE WONDERFUL WORLD OF KNOWLEDGE : INSECTS AND SPIDERS; 9",,9771757426009,"DISNEY ENTERPRISES",2010,,,,,"001/GAN",,,,"GANERI.ANITA;Author",,,,,175,,"BULSAR BOOK STORE",,,,"KNOWLEDGE",
"THE WONDERFUL WORLD OF KNOWLEDGE : HOW MACHINES WORK; 10",,9771757426009,"DISNEY ENTERPRISES",2011,,,,,"001/OXL",,,,"OXLADE.CHRIS;Author",,,,,175,,"BULSAR BOOK STORE",,,,"KNOWLEDGE",
"THE WONDERFUL WORLD OF KNOWLEDGE : REPTILES AND AMPHIBIANS; 11",,9771757426009,"DISNEY ENTERPRISES",2009,,,,,"001/SET",,,,"SETFORD.STEVE;Author",,,,,175,,"BULSAR BOOK STORE",,,,"KNOWLEDGE",
"THE WONDERFUL WORLD OF KNOWLEDGE : THE KINGDOM OF MAMMALS; 12",,9771757426016,"DISNEY ENTERPRISES",2009,,,,,"001/SET",,,,"SETFORD.STEVE;Author",,,,,175,,"BULSAR BOOK STORE",,,,"KNOWLEDGE",
"THE WONDERFUL WORLD OF KNOWLEDGE : SPORT; 13",,9771757426009,"DISNEY ENTERPRISES",2009,,,,,"001/MOR",,,,"MORRIS.NEIL;Author",,,,,175,,"BULSAR BOOK STORE",,,,"KNOWLEDGE",
"THE WONDERFUL WORLD OF KNOWLEDGE : CHILDREN OF THE WORLD; 14",,9771757426009,"DISNEY ENTERPRISES",2011,,,,,"001/CON",,,,"CONNOLY.SEAN;Author",,,,,175,,"BULSAR BOOK STORE",,,,"KNOWLEDGE",
"THE WONDERFUL WORLD OF KNOWLEDGE : PLANTS ARE AMAZING!; 15",,9771757426009,"DISNEY ENTERPRISES",2010,,,,,"001/WAL",,,,"WALKER.RICHARD;Author",,,,,175,,"BULSAR BOOK STORE",,,,"KNOWLEDGE",
"THE WONDERFUL WORLD OF KNOWLEDGE : GREAT INVENTIONS; 16",,9771757426009,"DISNEY ENTERPRISES",2009,,,,,"001/LLE",,,,"LLEWLLYN.CLAIRE;Author",,,,,175,,"BULSAR BOOK STORE",,,,"KNOWLEDGE",
"THE WONDERFUL WORLD OF KNOWLEDGE : SPACE ; 17",,9771757426009,"DISNEY ENTERPRISES",2010,,,,,"001/GRA",,,,"GRAHAM.IAN;Author",,,,,175,,"BULSAR BOOK STORE",,,,"KNOWLEDGE",
"THE WONDERFUL WORLD OF KNOWLEDGE : DANCE,DRAMA AND MUSIC; 18",,9771757426016,"DISNEY ENTERPRISES",2009,,,,,"001/WRI",,,,"WRIGHT.RACHEL;Author",,,,,175,,"BULSAR BOOK STORE",,,,"KNOWLEDGE",
"THE WONDERFUL WORLD OF KNOWLEDGE : FAMOUS PEOPLE; 19",,9771757426016,"DISNEY ENTERPRISES",2009,,,,,"001/TAM",,,,"TAMES.RICHARD;Author",,,,,175,,"BULSAR BOOK STORE",,,,"KNOWLEDGE",
"THE WONDERFUL WORLD OF KNOWLEDGE : TRANSPORT; 20",,9771757426016,"DISNEY ENTERPRISES",2009,,,,,"001/MOR",,,,"MORRIS.NEIL;Author",,,,,175,,"BULSAR BOOK STORE",,,,"KNOWLEDGE",
"THE WONDERFUL WORLD OF KNOWLEDGE : BIRDS; 21",,9771757426009,"DISNEY ENTERPRISES",2010,,,,,"001/JOH",,,,"JOHNSON.JINNY;Author",,,,,175,,"BULSAR BOOK STORE",,,,"KNOWLEDGE",
"THE WONDERFUL WORLD OF KNOWLEDGE : THE WORLD OF ART; 22",,9771757426009,"DISNEY ENTERPRISES",2010,,,,,"001/WRI",,,,"WRIGHT.RACHEL;Author",,,,,175,,"BULSAR BOOK STORE",,,,"KNOWLEDGE",
"THE WONDERFUL WORLD OF KNOWLEDGE : COMMUNICATION; 23",,9771757426009,"DISNEY ENTERPRISES",2010,,,,,"001/UTT",,,,"UTTLEY.COLIN;Author",,,,,175,,"BULSAR BOOK STORE",,,,"KNOWLEDGE",
"THE WONDERFUL WORLD OF KNOWLEDGE : FAMOUS PLACES; 24",,9771757426009,"DISNEY ENTERPRISES",2010,,,,,"001/COR",,,,"CORBISHLEY.MIKE;Author",,,,,175,,"BULSAR BOOK STORE",,,,"KNOWLEDGE",
"QUESTIONS & ANSWERS : COUNTRIES AND CONTINENTS; THE COUNTRIES AND CONTINENTS ON EARTH",,"978-1-4075-2526-6","PARRAGON (SHREE)",2008,,,,,"900/GEN",,,,"GENZMER.HERBERT;Author SCHUTZ.CHRISTIAN;Author",,,,,895,,"BULSAR BOOK STORE",,,,"GEOGRAPHY & HISTORY",
"OH, THE PLACES YOU'LL GO!",,"978-0-00-741428-4","HARPER COLLINS(IBD)",2010,,,,,"823/SEU",,,,"SEUSS;Author",,,,,160,,"BULSAR BOOK STORE",,,,"STORY",
"DR.SEUSS' ABC",,"978-0-00-741412-3","HARPER COLLINS(IBD)",2010,,,,,"823/SEU",,,,"SEUSS;Author",,,,,160,,"BULSAR BOOK STORE",,,,"STORY",
"THERE'S NO PLACE LIKE SPACE !: ALL ABOUT OUR SOLAR SYSTEM",,"978-0-00-746033-5","HARPER COLLINS(IBD)",2008,,,,,"823/RAB",,,,"RABE.TISH;Author",,,,,160,,"BULSAR BOOK STORE",,,,"STORY",
"HOP ON POP",,"978-0-00-741413-0","HARPER COLLINS(IBD)",2010,,,,,"823/SEU",,,,"SEUSS;Author",,,,,160,,"BULSAR BOOK STORE",,,,"STORY",
"I WISH THAT I HAD DUCK FEET",,"978-0-00-743392-6","HARPER COLLINS(IBD)",2011,,,,,"823/SEU",,,,"SEUSS;Author",,,,,160,,"BULSAR BOOK STORE",,,,"STORY",
"THE CAT IN THE HAT",,"978-0-00-741416-1","HARPER COLLINS(IBD)",2010,,,,,"823/SEU",,,,"SEUSS;Author",,,,,160,,"BULSAR BOOK STORE",,,,"STORY",
"GREEN EGGS AND HAM",,"978-0-00-741418-5","HARPER COLLINS(IBD)",2010,,,,,"823/SEU",,,,"SEUSS;Author",,,,,160,,"BULSAR BOOK STORE",,,,"STORY",
"THE CAT IN THE HAT COMES BACK",,"978-0-00-741417-8","HARPER COLLINS(IBD)",1986,,,,,"823/SEU",,,,"SEUSS;Author",,,,,160,,"BULSAR BOOK STORE",,,,"STORY",
"SMART PARENTING : A GUIDE FOR PARENTS",,"978-81-8322-182-5","MANJUL PUBLISHING HOUSE",2010,,,,,"600/PAN",,,,"PANDIT.NUTAN;Author","PARENTING",,,,195,,"BULSAR BOOK STORE",,,,"TECHNOLOGY",
"THE COMPLETE ADVENTURES OF CHALIE AND MR. WILLY WONKA",,"978-0-141-32272-8","PUFFIN (IBD)",2008,,,,,"823/DAH",,,,"DAHL.ROALD;Author",,,,,599,,"BULSAR BOOK STORE",,,,"FICTION",
"HOW TO ENJOY YOUR LIFE AND YOUR JOB",,"978-81-906466-1-1","A & A PUBLISHERS (INDIA)",2011,,,,,"150/CAR",,,,"CARNEGIE.DALE;Author",,,,,125,,"BULSAR BOOK STORE",,,,"PSYCHOLOGY",
"THE LITTLE MANUAL OF HAPPINESS: 7 SIMPLE STEPS TO A JOYFUL LIFE",,"978-81-7806-137-5","UNICORN BOOKS",2009,,,,,"150/MAL",,,,"MALKANI.VIKAS;Author",,,,,150,,"BULSAR BOOK STORE",,,,"PSYCHOLOGY",
"CONCISE HINDI ENGLISH DICTIONARY",,9788170285007,"RAJPAL PUBLIISHING",2013,,,,,"403/BAH",,,,"BAHRI.HARDEV;Author",,,,,135,,"BULSAR BOOK STORE",,,,"DICTIONARY",
"INSPIRATIONAL GEMS TO EMPOWER YOUR LIFE",,"NOT GIVEN","INSPIRATIONS UNLIMITED",2008,,,,,"150/INS",,,,,,,,,300,,"BULSAR BOOK STORE",,,,"PSYCHOLOGY",
"WELCOME TO GUJARAT",,"NOT GIVEN","AKSHARA PRAKASHAN",2010,,,,,"954/VYA",,,,"VYAS.RAJNEE;Author","GUJARAT(INDIA)",,,,250,,"BULSAR BOOK STORE",,,,"GEOGRAPHY & HISTORY",
"SUPER GENIUS MATHS QUIZ",,"978-81-291-0368-0","RUPA PUBLICATIONS",2012,,,,,"510/SAL",,,,"SALWI.DILIP M.;Author","QUIZ",,,,95,,"BULSAR BOOK STORE",,,,"MATHEMATICS",
"THE FIVE SENSES",,"978-81-8477-034-6","SCHOLASTIC (IBD)",2008,,,,,"500/LAZ",,,,"LAZAR.LESLEE;Author",,,,,95,,"BULSAR BOOK STORE",,,,"SCIENCE",
"GODAN",,9788170705567,"RATNA SAGAR",2008,,,,,"823/PRE",,,,"PREMCHAND.MUNSHI;Author",,,,,79.9,,"BULSAR BOOK STORE",,,,"FICTION",
"A SHORT BIOGRAPHY GANDHI: THE PATH TO GREATNESS",,"978-81-8477-466-5","SCHOLASTIC (IBD)",2010,,,,,"920/DUB",,,,"DUBEY.LUSHIN;Author",,,,,100,,"BULSAR BOOK STORE",,,,"BIOGRAPHY",
"SELECTED STORIES OF RABINDRANATH TAGORE",,"978-93-80816-04-3","MAPLE PRESS",,,,,,"823/TAG",,,,"TAGORE.RABINDRA NATH;Author",,,,,75,,"BULSAR BOOK STORE",,,,"STORY",
"THE ADVENTURES OF TENALI RAMAN : VOLUME ONE",,"978-0-143-33254-1","PUFFIN (PENGUIN)",2013,,,,,"823/ADV",,,,,,,,,250,,"BULSAR BOOK STORE",,,,"STORY",
"THE ADVENTURES OF TENALI RAMAN : VOLUME TWO",,"978-0-143-33255-8","PUFFIN (PENGUIN)",2013,,,,,"823/ADV",,,,,,,,,250,,"BULSAR BOOK STORE",,,,"STORY",
"SMART STORY FOR SMART LEARNER :LEARN POPULAR PHASES,IODIOMS AND PROVERBS WHILE ENJOYING THE STORY!",,"978-81-7806-305-8","UNICORN BOOKS",2012,,,,,"823/SHA",,,,"SHARMA.NITIN ;Author",,,,,60,,"BULSAR BOOK STORE",,,,"STORY",
"A LAUDATORY ATTEMPT IN SPACE : SUNITA WILLIAMS",,9788128816871,"DIAMOND BOOKS",2007,,,,,"920/YAM",,,,"YAMINI'.RACHANA BHOLA;Author 'DHEER' .SANJAY BHOLA;Author",,,,,60,,"BULSAR BOOK STORE",,,,"BIOGRAPHY",
"INDOMITABLE SPIRIT",,9788170288794,"RAJPAL PUBLIISHING",2013,,,,,"923/ABD",,,,"ABDUL KALAM.A.P.J.;Author",,,,,225,,"BULSAR BOOK STORE",,,,"AUTOBIOGRAPHY",
"VEDIC MATHEMATICS: SECRET SKILLS FOR QUICK, ACCURATE MENTAL CALCULATION",,"978-93-815889-7-0","V & S PUBLISHERS",2013,,,,,"510/BOS",,,,"BOSE.SUMITA;Author",,,,,120,,"BULSAR BOOK STORE",,,,"MATHEMATICS",
"STEVE JOBS: THE MAN WHO THOUGHT DIFFERENT",,"978-1-4088-5330-6","BLOOMSBURY ",2013,,,,,"920/KAR",,,,"BLUMENTHAL.KAREN;Author",,,,,399,,"BULSAR BOOK STORE",,,,"BIOGRAPHY",
"DICTIONARY OF BIOLOGY",,"978-0-19-920462-5","OXFORD",2008,,,,,"503/BIO",,,,,"BIOLOGY",,,,265,,"BULSAR BOOK STORE",,,,"DICTIONARY",
"DICTIONARY OF PHYSICS",,"978-0-19-923399-1","OXFORD",2009,,,,,"503/PHY",,,,,"PHYSICS",,,,265,,"BULSAR BOOK STORE",,,,"DICTIONARY",
"DICTIONARY OF CHEMISTRY",,"978-0-19-920463-2","OXFORD",2008,,,,,"503/CHE",,,,,"CHEMISTRY",,,,265,,"BULSAR BOOK STORE",,,,"DICTIONARY",
"STUDENT WORLD ATLAS",,"978-1-409-34025-6","DK(PENGUIN INDIA)",2013,,,,,"912/ATL",,,,,"ATLAS",,,,350,,"BULSAR BOOK STORE",,,,"GEOGRAPHY & HISTORY",
"SCHOOL STORIES",,"978-81-8477-873-1","SCHOLASTIC (IBD)",2013,,,,,"823/ANA",,,,"ANAND.PARO;Author",,,,,110,,"BULSAR BOOK STORE",,,,"FICTION",
"CONQUER COMPREHENSION : WORKBOOK 1",,"978-981-274-969-7","SINGAPORE ASIA(SHREE)",2013,,,,,"420/TIL",,,,"TILAKS.JUDY;Author","ENGLISH ",,,,275,,"BULSAR BOOK STORE",,,,"LANGUAGE",
"CONQUER COMPREHENSION : WORKBOOK 2",,"978-981-274-970-3","SINGAPORE ASIA(SHREE)",2014,,,,,"420/TIL",,,,"TILAKS.JUDY;Author","ENGLISH ",,,,275,,"BULSAR BOOK STORE",,,,"LANGUAGE",
"CONQUER GRAMMAR : WORKBOOK 3",,"978-981-274-089-2","SINGAPORE ASIA(SHREE)",2014,,,,,"425/LEE",,,,"LEE.J;Author","ENGLISH GRAMMAR",,,,325,,"BULSAR BOOK STORE",,,,"LANGUAGE",
"CONQUER GRAMMAR : WORKBOOK 4",,"978-981-274-090-8","SINGAPORE ASIA(SHREE)",2014,,,,,"425/LEE",,,,"LEE.J;Author","ENGLISH GRAMMAR",,,,325,,"BULSAR BOOK STORE",,,,"LANGUAGE",
"CONQUER COMPREHENSION : WORKBOOK 5",,"978-981-274-973-4","SINGAPORE ASIA(SHREE)",2013,,,,,"420/TIL",,,,"TILAKS.JUDY;Author","ENGLISH ",,,,325,,"BULSAR BOOK STORE",,,,"LANGUAGE",
"EXCEPTIONAL CHILDREN : THEIR PSYCHOLOGY AND EDUCATION",,"978-81-207-1381-9","STERLING PUBLISHERS",2010,,,,,"150/KAR",,,,"KAR.CHINTAMANI;Author",,,,,90,,"BULSAR BOOK STORE",,,,"PSYCHOLOGY",
"GENERAL KNOWLEDGE FOR EVERYONE FROM EXPERTS WHO KNOW IT BEST!",,"978-81-83555-62-3","MAPLE PRESS",,,,,,"001/GEN",,,,,,,,,95,,"BULSAR BOOK STORE",,,,"KNOWLEDGE",
"FRIENDSHIP QUOTES IMPLE WAYS FOR TRUE FRIENDS",,"978-81-923747-4-1","UNIVERSAL PUBLISHING HOUSE",2012,,,,,"808/QUO",,,,,,,,,60,,"BULSAR BOOK STORE",,,,"LITERATURE",
"ESSAYS, LETTERS & COMPREHENSION THROUGH STORIES : 2",,9788171872220,"BOOK PALACE",2013,,,,,"420/SAR",,,,"SARDANA.VIMAL;Author","ENGLISH",,,,35,,"BULSAR BOOK STORE",,,,"LITERATURE",
"30 DAYS TO TAMING YOUR STRESS",,"978-0-7369-1835-0","HARVEST HOUSE PUBLISHERS",2007,,,,,"155.9/PEG",,,,"PEGUES.DEBORAH SMITH;Author",,,,,200,,"BULSAR BOOK STORE",,,,"PSYCHOLOGY",
"GITANJALI : SONG OFFERINGS",,"978-81-7234-367-5","FINGERPRINT CLASSICS",2012,,,,,"823/TAG",,,,"TAGORE.RABINDRA NATH;Author",,,,,95,,"BULSAR BOOK STORE",,,,"LITERATURE",
"PRIMARY SCHOOL SYLLABUS : SUPERIOR SCHOOL ESSAYS",,"978-81-8499-284-7","SHREE",2012,,,,,"824/DAN",,,,"DANG.MINI AGARWAL;Author","ESSAYS",,,,135,,"BULSAR BOOK STORE",,,,"LITERATURE",
"PRIMARY SCHOOL SYLLABUS : ORIGINAL SCHOOL ESSAYS",,"978-81-8499-283-0","SHREE",2012,,,,,"824/SHA",,,,"SHAH.PREMLATA ANGELA;Author","ESSAYS",,,,160,,"BULSAR BOOK STORE",,,,"LITERATURE",
"ESSAYS FOR PRIMARY CLASSES",,"978-81-907905-5-0","MAANU GRAPHICS",,,,,,"824/SHA",,,,"SHARMA.MADHU;Author","ESSAYS",,,,60,,"BULSAR BOOK STORE",,,,"LITERATURE",
"STAR PLAYS- KIDNAPPED-",,9788178624792,"STERLING ",,,,,,"822/STE",,,,"STEVENSON.R.L.;Author","PLAYS",,,,75,,"BULSAR BOOK STORE",,,,"LITERATURE",
"STAR PLAYS : JANSON BRENT",,9788178624808,"STERLING ",,,,,,"822/WES",,,,"WEST.KEITH;Author","PLAYS",,,,75,,"BULSAR BOOK STORE",,,,"LITERATURE",
"STAR PLAYS : MIRROR WORLD",,"978-81-7862-478-5","STERLING ",,,,,,"822/WES",,,,"WEST.KEITH;Author","PLAYS",,,,75,,"BULSAR BOOK STORE",,,,"LITERATURE",
"GREAT FAIRY TALES : GOLDILOCKS AND THE THREE BEARS ; 4",,9788181531490,"RAINBOW",2013,,,,,"823/GRE",,,,,,,,,22,,"BULSAR BOOK STORE",,,,"STORY",
"GREAT FAIRY TALES : HANSEL AND GRETEL ; 5",,9788181531506,"RAINBOW",2013,,,,,"823/GRE",,,,,,,,,22,,"BULSAR BOOK STORE",,,,"STORY",
"GREAT FAIRY TALES : EMPEROR'S NIGHTINGALE ; 3",,9788181531483,"RAINBOW",2013,,,,,"823/GRE",,,,,,,,,22,,"BULSAR BOOK STORE",,,,"STORY",
"GREAT FAIRY TALES : THE BLUE BIRD ; 1",,9788181531469,"RAINBOW",2013,,,,,"823/GRE",,,,,,,,,22,,"BULSAR BOOK STORE",,,,"STORY",
"GREAT FAIRY TALES : THUMBELINA ; 11",,9788181531568,"RAINBOW",2013,,,,,"823/GRE",,,,,,,,,22,,"BULSAR BOOK STORE",,,,"STORY",
"GREAT FAIRY TALES : LITTLE RED RIDING HOOD ; 6",,9788181531513,"RAINBOW",2013,,,,,"823/GRE",,,,,,,,,22,,"BULSAR BOOK STORE",,,,"STORY",
"GREAT FAIRY TALES : CINDERELLA ; 2",,9788181531476,"RAINBOW",2013,,,,,"823/GRE",,,,,,,,,22,,"BULSAR BOOK STORE",,,,"STORY",
"PERCY JACKSON AND THE LIGHTNING THIEF",,"978-0-141-34680-9","PUFFIN(PENGUIN INDIA)",2013,,,,,"823/RIO",,,,"RIORDAN.RICK;Author",,,,,350,,"BULSAR BOOK STORE",,,,"FICTION",
"PERCY JACKSON AND THE TITAN'S CURSE",,"978-0-141-34681-6","PUFFIN(PENGUIN INDIA)",2013,,,,,"823/RIO",,,,"RIORDAN.RICK;Author",,,,,350,,"BULSAR BOOK STORE",,,,"FICTION",
"PERCY JACKSON AND THE SEA OF MONSTERS",,"978-0-141-34684-7","PUFFIN(PENGUIN INDIA)",2013,,,,,"823/RIO",,,,"RIORDAN.RICK;Author",,,,,350,,"BULSAR BOOK STORE",,,,"FICTION",
"PERCY JACKSON AND THE LAST OLYMPIAN",,"978-0-141-34688-5","PUFFIN(PENGUIN INDIA)",2013,,,,,"823/RIO",,,,"RIORDAN.RICK;Author",,,,,350,,"BULSAR BOOK STORE",,,,"FICTION",
"MISSION MOON : THE STORY OF CHANDRAYAAN",,"978-81-8477-262-3","SCHOLASTIC (IBD)",2009,,,,,"500/BAS",,,,"BASU.BIMAN;Author",,,,,100,,"BULSAR BOOK STORE",,,,"SCIENCE",
"INDIANOMIX MAKING SENSE OF MODERN INDIA",,"978-8-184-00121-1","RANDOM HOUSE INDIA",2012,,,,,"300/DEH",,,,"DEHEJIA.VIVEK;Author SUBRAMANYA. RUPA;Author",,,,,399,,"BULSAR BOOK STORE",,,,"SOCIAL SCIENCE",
"DANNY THE CHAMPION OF THE WORLD",,"978-0-141-34643-4","PUFFIN (PENGUIN INDIA)",2012,,,,,"823/DAH",,,,"DAHL.ROALD;Author",,,,,350,,"BULSAR BOOK STORE",,,,"FICTION",
"PROVERBS ARE FUN",,"978-81-8252-600-6","WILCO",2012,,,,,"420/PRO",,,,,"ENGLISH",,,,135,,"BULSAR BOOK STORE",,,,"LANGUAGE",
"BOOK OF HUMAN RIGHTS FOR CHILDREN",,9788175735590,"TINY TOT PUBLICATIONS",2001,,,,,"300/SIN",,,,"SINHA.PUSHPA;Author","HUMAN RIGHTS",,,,40,,"BULSAR BOOK STORE",,,,"SOCIAL SCIENCE",
"THE LITTLE BOOK OF MEDICAL BREAKTHOUGHS",,"978-1-84773-068-8","NEWHOLLAND",2008,,,,,"500/CRA",,,,"CRAFT.NAOMI;Author",,,,,295,,"BULSAR BOOK STORE",,,,"SCIENCE",
"VEDIC MATHEMATICS",,"978-81-243-2523-0","NAVNEET ",,,,,,"510/DAV",,,,"DAVE.DHARMESH;Author SHAH.J.C.;Author",,,,,40,,"BULSAR BOOK STORE",,,,"MATHEMATICS",
"WORD POWER MADE EASY : THE MOST EFFECTIVE VOCABULARY BUILDER IN THE ENGLISH LANGUAGE!",,9788183071000,"GOYAL PUBLISHER",2013,,,,,"420/LEW",,,,"LEWIS.NORMAN;Author","ENGLISH",,,,149,,"BULSAR BOOK STORE",,,,"LANGUAGE",
"SANSKSHIPT HINDI SHABDHKOSH : HINDI-HINDI DICTIONARY",,9788170282679,"RAJPAL PUBLIISHING",2012,,,,,"403/BAH",,,,"BAHRI.HARDEV;Author","HINDI",,,,135,,"BULSAR BOOK STORE",,,,"DICTIONARY",
"MY FAMILY & OTHER ANIMALS",,"978-0-14-132187-5","PUFFIN(PENGUIN INDIA)",2006,,,,,"823/DUR",,,,"DURRELL.GERALD;Author",,,,,348,,"BULSAR BOOK STORE",,,,"FICTION",
"VALUE EDUCATION AND EDUCATION FOR HUMAN RIGHTS",,9788182051744,"ISHA BOOKS",2012,,,,,"300/VAL",,,,,,,,,200,,"BULSAR BOOK STORE",,,,"SOCIAL SCIENCE",
"365 WAYS TO MOTIVATE AND REWARD:YOUR EMPLOYEES EVERY DAY- WITH LITTLE OR NO MONEY",,"978-81-89107-80-2","INDRA PUBLISHING HOUSE",2005,,,,,"150/POD",,,,"PODMOROFF.DIANNA;Author","MOTIVATION",,,,295,,"BULSAR BOOK STORE",,,,"PSYCHOLOGY",
"JUNGLE TALES",,"978-81-7806-110-8","UNICORN BOOKS",2009,,,,,"823/LYA",,,,"LYALL.JOEL;Author",,,,,95,,"BULSAR BOOK STORE",,,,"STORY",
"GRAMMAR MATTERS : TONGUE TWISTERS",,"978-81-207-1780-0","STERLING INDIA",2012,,,,,"425/VAS",,,,"VAS.GRATIAN;Author","ENGLISH GRAMMAR",,,,80,,"BULSAR BOOK STORE",,,,"LANGUAGE",
"THICK AS THIEVES: TALES OF FRIENDSHIP",,"978-0-143-33248-0","PUFFIN(PENGUIN INDIA)",2013,,,,,"823/BON",,,,"BOND.RUSKIN;Author",,,,,199,,"BULSAR BOOK STORE",,,,"FICTION",
"A BOOK OF PHRASES: A PERFECT REFERENCE COMPANION",,"978-81-906207-9-6","MAANU GRAPHICS",,,,,,"425/VER",,,,"VERGHESE.JOSEF S.;Author","ENGLISH GRAMMAR",,,,125,,"BULSAR BOOK STORE",,,,"LANGUAGE",
"A BOOK OF IDIOMS : A PERFECT REFERENCE COMPANION",,"978-81-906278-8-7","MAANU GRAPHICS",,,,,,"425/VER",,,,"VERGHESE.JOSEF S.;Author","ENGLISH GRAMMAR",,,,125,,"BULSAR BOOK STORE",,,,"LANGUAGE",
"GROUP DISCUSSON: MORE THAN 100 TOPICS COVERED",,"978-81-7806-312-6","UNICORN BOOKS",2012,,,,,"650/SHA",,,,"SHARMA.NITIN ;Author","MANAGEMENT",,,,175,,"BULSAR BOOK STORE",,,,"TECHNOLOGY",
"WONDERFUL PLAYS TO EDUCATE CHILDREN: BACHCHON KO SEEKH DETE ANOKHE NATAK",,"978-81-288-3921-4","DIAMOND BOOKS",2012,,,,,"820/MAN",,,,"MANU.PRAKASH;Author","PLAYS",,,,150,,"BULSAR BOOK STORE",,,,"LITERATURE",
"AMUL'S INDIA",,"978-93-5029-149-8","HARPER COLLINS",2012,,,,,"650/KUR",,,,"KURIEN.VERGHESE;Author","MANAGEMENT",,,,299,,"BULSAR BOOK STORE",,,,"TECHNOLOGY",
"DICTIONARY OF COMMON ERRORS IN ENGLISH: A PERFECT REFERENCE COMPANION",,"978-81-906324-9-2","MAANU GRAPHICS",,,,,,"403/VER",,,,"VERGHESE.JOSEF S.;Author","ENGLISH",,,,95,,"BULSAR BOOK STORE",,,,"DICTIONARY",
"SURAT CITY ATLAS",,8170570247,"ANADA SAHITYA PRAKASHAN",2009,,,,,"954/SUR",,,,,,,,,150,,"BULSAR BOOK STORE",,,,"GEOGRAPHY & HISTORY",
"A-Z OF SPELLING: INDIAN EDITION",,"978-0-19-806464-0","OXFORD",2011,,,,,"420/SOA",,,,"SOANES.CATHERINE;Author FERGUSON.SHEILA;Author","ENGLISH",,,,299,,"BULSAR BOOK STORE",,,,"LANGUAGE",
"GUIDE TO PLAIN ENGLISH : INDIAN EDITION",,"978-0-19-806464-0","OXFORD",2011,,,,,"420/CUT",,,,"CUTTS.MARTIN;Author","ENGLISH",,,,299,,"BULSAR BOOK STORE",,,,"LANGUAGE",
"A-Z OF GRAMMAR & PUNCTUATION: INDIAN EDITION",,"978-0-19-806464-0","OXFORD",2011,,,,,"425/SEE",,,,"SEELY.JOHN;Author","ENGLISH GRAMMAR",,,,299,,"BULSAR BOOK STORE",,,,"LANGUAGE",
"A-Z OF ENGLISH USAGE: INDIAN EDITION",,"978-0-19-806464-0","OXFORD",2011,,,,,"428/ENG",,,,,,,,,299,,"BULSAR BOOK STORE",,,,"LANGUAGE",
"AKBAR BIRBAL: THE MAKING OF BIRBAL",,9788184975741,"BPI INDIA",,,,,,"823/AKB",,,,,,,,,55,,"BULSAR BOOK STORE",,,,"STORY",
"AKBAR BIRBAL: THE KING IN TROUBLE",,9788184975819,"BPI INDIA",,,,,,"823/AKB",,,,,,,,,55,,"BULSAR BOOK STORE",,,,"STORY",
"AKBAR BIRBAL: THE WICKED BARBER",,9788184975765,"BPI INDIA",,,,,,"823/AKB",,,,,,,,,55,,"BULSAR BOOK STORE",,,,"STORY",
"AKBAR BIRBAL: BIRBAL'S CLEVERNESS",,9788184975789,"BPI INDIA",,,,,,"823/AKB",,,,,,,,,55,,"BULSAR BOOK STORE",,,,"STORY",
"AKBAR BIRBAL: WISDOM IN A POT",,9788184975758,"BPI INDIA",,,,,,"823/AKB",,,,,,,,,55,,"BULSAR BOOK STORE",,,,"STORY",
"AKBAR BIRBAL: BIRBAL'S KHICHDI",,9788184975772,"BPI INDIA",,,,,,"823/AKB",,,,,,,,,55,,"BULSAR BOOK STORE",,,,"STORY",
"AKBAR BIRBAL: A WASHERMAN'S REVENGE",,9788184975823,"BPI INDIA",,,,,,"823/AKB",,,,,,,,,55,,"BULSAR BOOK STORE",,,,"STORY",
"AKBAR BIRBAL: BIRBAL GOES TO BURMA",,9788184975833,"BPI INDIA",,,,,,"823/AKB",,,,,,,,,55,,"BULSAR BOOK STORE",,,,"STORY",
"AKBAR BIRBAL: PEARLS OF TRUTH",,9788184975802,"BPI INDIA",,,,,,"823/AKB",,,,,,,,,55,,"BULSAR BOOK STORE",,,,"STORY",
"AKBAR BIRBAL: THE ROYAL PARROT",,9788184975796,"BPI INDIA",,,,,,"823/AKB",,,,,,,,,55,,"BULSAR BOOK STORE",,,,"STORY",
"FAIRY TALES WONDERLAND : PINOCCHIO",,"978-81-8728-856-5","WILCO",2012,,,,,"823/FAI",,,,,,,,,50,,"BULSAR BOOK STORE",,,,"STORY",
"FAIRY TALES WONDERLAND : CINDERELLA",,"978-81-8728-855-8","WILCO",2012,,,,,"823/FAI",,,,,,,,,50,,"BULSAR BOOK STORE",,,,"STORY",
"FAIRY TALES WONDERLAND : LITTLE RED RIDING HOOD",,"978-81-8728-854-1","WILCO",2012,,,,,"823/FAI",,,,,,,,,50,,"BULSAR BOOK STORE",,,,"STORY",
"FAIRY TALES WONDERLAND : PIED PIPER OF HAMELIN",,"978-81-8728-853-4","WILCO",2012,,,,,"823/FAI",,,,,,,,,50,,"BULSAR BOOK STORE",,,,"STORY",
"FAIRY TALES WONDERLAND : PETER PAN",,"978-81-8728-852-7","WILCO",2012,,,,,"823/FAI",,,,,,,,,50,,"BULSAR BOOK STORE",,,,"STORY",
"FAIRY TALES WONDERLAND : GOLDILOCKS AND THE THREE BEARS",,"978-81-8728-851-0","WILCO",2012,,,,,"823/FAI",,,,,,,,,50,,"BULSAR BOOK STORE",,,,"STORY",
"FAIRY TALES WONDERLAND : JACK AND THE BEANSTALK",,"978-81-8728-850-3","WILCO",2012,,,,,"823/FAI",,,,,,,,,50,,"BULSAR BOOK STORE",,,,"STORY",
"FAIRY TALES WONDERLAND : ALICE IN WONDERLAND",,"978-81-8728-849-7","WILCO",2012,,,,,"823/FAI",,,,,,,,,50,,"BULSAR BOOK STORE",,,,"STORY",
"FAIRY TALES WONDERLAND : THREE LITTLE PIGS",,"978-81-8728-848-0","WILCO",2012,,,,,"823/FAI",,,,,,,,,50,,"BULSAR BOOK STORE",,,,"STORY",
"FAIRY TALES WONDERLAND : CINDERELLA",,"978-81-8728-855-8","WILCO",2012,,,,,"823/FAI",,,,,,,,,50,,"BULSAR BOOK STORE",,,,"STORY",
"FAIRY TALES WONDERLAND : HANSEL AND GRETEL",,"978-81-8728-864-0","WILCO",2012,,,,,"823/FAI",,,,,,,,,50,,"BULSAR BOOK STORE",,,,"STORY",
"FAIRY TALES WONDERLAND : THE SHOEMAKER AND THE ELVES",,"978-81-8728-865-7","WILCO",2012,,,,,"823/FAI",,,,,,,,,50,,"BULSAR BOOK STORE",,,,"STORY",
"FAIRY TALES WONDERLAND : SNOW WHITE AND THE SEVEN DWARFS",,"978-81-8728-863-3","WILCO",2012,,,,,"823/FAI",,,,,,,,,50,,"BULSAR BOOK STORE",,,,"STORY",
"FAIRY TALES WONDERLAND : RAPUNZEL",,"978-81-8728-866-4","WILCO",2012,,,,,"823/FAI",,,,,,,,,50,,"BULSAR BOOK STORE",,,,"STORY",
"FAIRY TALES WONDERLAND : THUMBELINA",,"978-81-8728-862-6","WILCO",2012,,,,,"823/FAI",,,,,,,,,50,,"BULSAR BOOK STORE",,,,"STORY",
"FAIRY TALES WONDERLAND : THE UGLY DUCKLING",,"978-81-8728-861-9","WILCO",2012,,,,,"823/FAI",,,,,,,,,50,,"BULSAR BOOK STORE",,,,"STORY",
"FAIRY TALES WONDERLAND : THE FROG PRINCE",,"978-81-8728-860-2","WILCO",2012,,,,,"823/FAI",,,,,,,,,50,,"BULSAR BOOK STORE",,,,"STORY",
"FAIRY TALES WONDERLAND : PUSS IN BOOTS",,"978-81-8728-859-6","WILCO",2012,,,,,"823/FAI",,,,,,,,,50,,"BULSAR BOOK STORE",,,,"STORY",
"FAIRY TALES WONDERLAND : SLEEPING BEAUTY",,"978-81-8728-858-9","WILCO",2012,,,,,"823/FAI",,,,,,,,,50,,"BULSAR BOOK STORE",,,,"STORY",
"FAIRY TALES WONDERLAND : GINGERBREAD MAN",,"978-81-8728-857-2","WILCO",2012,,,,,"823/FAI",,,,,,,,,50,,"BULSAR BOOK STORE",,,,"STORY",
"NODDY AND THE RAINBOW",,"978-81-207-6887-1","STERLING INDIA",2012,,,,,"823/NOD",,,,,,,,,60,,"BULSAR BOOK STORE",,,,"STORY",
"NODDY'S CLOTHES RUN AWAY",,"978-81-207-6889-5","STERLING INDIA",2012,,,,,"823/NOD",,,,,,,,,60,,"BULSAR BOOK STORE",,,,"STORY",
"NODDY AND THE BAGPIPES",,"978-81-207-6890-1","STERLING INDIA",2012,,,,,"823/NOD",,,,,,,,,60,,"BULSAR BOOK STORE",,,,"STORY",
"NODDY LOOKS FOR TREASURE",,"978-81-207-6888-8","STERLING INDIA",2012,,,,,"823/NOD",,,,,,,,,60,,"BULSAR BOOK STORE",,,,"STORY",
"PARAM VIR CHAKRA : SOMNATH SHARMA",,"978-81-7436-923-9","ROLI BOOKS",2013,,,,,"920/CAR",,,,"CARDOZO.IAN;Author","ARMY PERSON",,,,99,,"BULSAR BOOK STORE",,,,"BIOGRAPHY",
"PARAM VIR CHAKRA : MAJOR PANDEY",,"978-81-7436-900-0","ROLI BOOKS",2013,,,,,"920/CAR",,,,"CARDOZO.IAN;Author","ARMY PERSON",,,,99,,"BULSAR BOOK STORE",,,,"BIOGRAPHY",
"THE BOASTFUL KIMMY WITH MORAL LESSON",,"978-967-324-441-6","LITTLE SUN",,,,,,"823/TON",,,,"TONG.ALICE;Author","ENGLISH ",,,,65,,"BULSAR BOOK STORE",,,,"STORY",
"BEANY BEAR THE BULLY WITH MORAL LESSON",,"978-967-324-439-3","LITTLE SUN",,,,,,"823/TON",,,,"TONG.ALICE;Author","ENGLISH ",,,,65,,"BULSAR BOOK STORE",,,,"STORY",
"THE HONEST SPOOTY GIRAFFE WITH MORAL LESSON",,"978-967-324-440-9","LITTLE SUN",,,,,,"823/TON",,,,"TONG.ALICE;Author","ENGLISH ",,,,65,,"BULSAR BOOK STORE",,,,"STORY",
"STORIES FROM AROUND THE WORLD :THE DONKEY PRINCE & OTHERS STORIES",,"978-93-81347-67-6","YOUNG LEARNER PUBLICATIONS",,,,,,"823/STO",,,,,,,,,45,,"BULSAR BOOK STORE",,,,"STORY",
"STORIES FROM AROUND THE WORLD : THE ENVIOUS DOG & OTHERS STORIES",,"978-93-81347-68-3","YOUNG LEARNER PUBLICATIONS",,,,,,"823/STO",,,,,,,,,45,,"BULSAR BOOK STORE",,,,"STORY",
"STORIES FROM AROUND THE WORLD : THE SELFISH RAM & OTHERS STORIES",,"978-93-81347-69-0","YOUNG LEARNER PUBLICATIONS",,,,,,"823/STO",,,,,,,,,45,,"BULSAR BOOK STORE",,,,"STORY",
"STORIES FROM AROUND THE WORLD : & OTHERS STORIES",,"978-93-81347-66-9","YOUNG LEARNER PUBLICATIONS",,,,,,"823/STO",,,,,,,,,45,,"BULSAR BOOK STORE",,,,"STORY",
"MY BOOK OF CLASSIC STORIES : 1",,"978-81-7490-460-7","DHINGRA PUBLISHING HOUSE",,,,,,"823/CLA",,,,,,,,,45,,"BULSAR BOOK STORE",,,,"STORY",
"MY BOOK OF CLASSIC STORIES : 2",,"978-81-7490-461-4","DHINGRA PUBLISHING HOUSE",,,,,,"823/CLA",,,,,,,,,45,,"BULSAR BOOK STORE",,,,"STORY",
"MY BOOK OF CLASSIC STORIES : 3",,"978-81-7490-462-1","DHINGRA PUBLISHING HOUSE",,,,,,"823/CLA",,,,,,,,,45,,"BULSAR BOOK STORE",,,,"STORY",
"MY BOOK OF CLASSIC STORIES : 4",,"978-81-7490-463-8","DHINGRA PUBLISHING HOUSE",,,,,,"823/CLA",,,,,,,,,45,,"BULSAR BOOK STORE",,,,"STORY",
"MY BOOK OF CLASSIC STORIES : 5",,"978-81-7490-464-5","DHINGRA PUBLISHING HOUSE",,,,,,"823/CLA",,,,,,,,,45,,"BULSAR BOOK STORE",,,,"STORY",
"MY BOOK OF CLASSIC STORIES : 6",,"978-81-7490-465-2","DHINGRA PUBLISHING HOUSE",,,,,,"823/CLA",,,,,,,,,45,,"BULSAR BOOK STORE",,,,"STORY",
"MY BOOK OF CLASSIC STORIES : 7",,"978-81-7490-466-9","DHINGRA PUBLISHING HOUSE",,,,,,"823/CLA",,,,,,,,,45,,"BULSAR BOOK STORE",,,,"STORY",
"MY BOOK OF CLASSIC STORIES : 8",,"978-81-7490-467-6","DHINGRA PUBLISHING HOUSE",,,,,,"823/CLA",,,,,,,,,45,,"BULSAR BOOK STORE",,,,"STORY",
"POPULAR STORIES : THE HAT SELLER AND THE MONKEYS; THE LION AND THE MOUSE ",,9788176141185,"ANGEL PUBLISHING HOUSE",,,,,,"823/POP",,,,,,,,,45,,"BULSAR BOOK STORE",,,,"STORY",
"POPULAR STORIES : THE FOX AND THE GRAPES; A TOWN MOUSE AND A COUNTRY MOUSE (2 STORIES)",,9788176141154,"ANGEL PUBLISHING HOUSE",,,,,,"823/POP",,,,,,,,,45,,"BULSAR BOOK STORE",,,,"STORY",
"POPULAR STORIES : THE PROUD DEER; THE SHEEP AND THE WOLF (2 STORIES)",,9788176141215,"ANGEL PUBLISHING HOUSE",,,,,,"823/POP",,,,,,,,,45,,"BULSAR BOOK STORE",,,,"STORY",
"POPULAR STORIES : THE MOUSEDEER AND THE OLD LION; THE WISE HORNET(2 STORIES)",,9788176141208,"ANGEL PUBLISHING HOUSE",,,,,,"823/POP",,,,,,,,,45,,"BULSAR BOOK STORE",,,,"STORY",
"POPULAR STORIES : HOW THE MOUSEDEER TRICKED THE CROCODILES; THE CRAB AND THE STORK(2 STORIES)",,9788176141109,"ANGEL PUBLISHING HOUSE",,,,,,"823/POP",,,,,,,,,45,,"BULSAR BOOK STORE",,,,"STORY",
"POPULAR STORIES : UNITED WE STAND,DIVIDED WE FALL; SANG KANCIL AND RAJA SULAIMAN'S GONG(2 STORIES)",,9788176141116,"ANGEL PUBLISHING HOUSE",,,,,,"823/POP",,,,,,,,,45,,"BULSAR BOOK STORE",,,,"STORY",
"POPULAR STORIES : THE END OF THE WORLD; THE THIRSTY CROW(2 STORIES)",,9788176141147,"ANGEL PUBLISHING HOUSE",,,,,,"823/POP",,,,,,,,,45,,"BULSAR BOOK STORE",,,,"STORY",
"POPULAR STORIES : THE TORTOISE AND THE HARE ; SI LUNCAI(2 STORIES)",,9788176141192,"ANGEL PUBLISHING HOUSE",,,,,,"823/POP",,,,,,,,,45,,"BULSAR BOOK STORE",,,,"STORY",
"POPULAR STORIES : TWO FRIENDS AND A BEAR; THE ANT AND THE PIGEON(2 STORIES)",,9788176141161,"ANGEL PUBLISHING HOUSE",,,,,,"823/POP",,,,,,,,,45,,"BULSAR BOOK STORE",,,,"STORY",
"POPULAR STORIES : A SILLY FOX; THE ARAB TRAVELLER AND HIS CAMEL (2 STORIES)",,9788176141093,"ANGEL PUBLISHING HOUSE",,,,,,"823/POP",,,,,,,,,45,,"BULSAR BOOK STORE",,,,"STORY",
"POPULAR STORIES : THE FOOLISH DONKEY; THE HORSE AND THE DONKEY(2 STORIES)",,9788176141239,"ANGEL PUBLISHING HOUSE",,,,,,"823/POP",,,,,,,,,45,,"BULSAR BOOK STORE",,,,"STORY",
"POPULAR STORIES : THE WOLF AND THE DOG; THE STUBBORN GOATS(2 STORIES)",,9788176141178,"ANGEL PUBLISHING HOUSE",,,,,,"823/POP",,,,,,,,,45,,"BULSAR BOOK STORE",,,,"STORY",
"POPULAR STORIES : THE CROW AND THE FOX; THE FROG AND THE TOAD(2 STORIES)",,9788176141130,"ANGEL PUBLISHING HOUSE",,,,,,"823/POP",,,,,,,,,45,,"BULSAR BOOK STORE",,,,"STORY",
"POPULAR STORIES : THE GREEDY LION; THE GOAT AND THE TIGER(2 STORIES)",,9788176141086,"ANGEL PUBLISHING HOUSE",,,,,,"823/POP",,,,,,,,,45,,"BULSAR BOOK STORE",,,,"STORY",
"POPULAR STORIES : THE BULL AND THE BUFFALO; THE CROW AND THE MAGPIE(2 STORIES)",,9788176141123,"ANGEL PUBLISHING HOUSE",,,,,,"823/POP",,,,,,,,,45,,"BULSAR BOOK STORE",,,,"STORY",
"POPULAR STORIES : THE RABBIT'S HEART; THE COCK AND THE MAGIC STONE(2 STORIES)",,9788176141222,"ANGEL PUBLISHING HOUSE",,,,,,"823/POP",,,,,,,,,45,,"BULSAR BOOK STORE",,,,"STORY",
"PLANT TOP TENS : EUROPE'S MOST AMAZING PLANTS",,"978-1-406-20970-9","RAINTREE(SHREE)",2008,,,,,"581.9'4/SCO",,,,"SCOTT.MICHAEL;Author ROYSTON.ANGELA;Author",,,,,199,,"BULSAR BOOK STORE",,,,"SCIENCE",
"PLANT TOP TENS : ASIA'S MOST AMAZING PLANTS",,"978-1-406-20968-6","RAINTREE(SHREE)",2008,,,,,"581.9'5/SCO",,,,"SCOTT.MICHAEL;Author ROYSTON.ANGELA;Author",,,,,199,,"BULSAR BOOK STORE",,,,"SCIENCE",
"PLANT TOP TENS : SOUTH AMERICA'S MOST AMAZING PLANTS",,"978-1-406-20972-3","RAINTREE(SHREE)",2008,,,,,"581.9'8/SCO",,,,"SCOTT.MICHAEL;Author ROYSTON.ANGELA;Author",,,,,199,,"BULSAR BOOK STORE",,,,"SCIENCE",
"PLANT TOP TENS : AFRICA'S MOST AMAZING PLANTS",,"978-1-406-20967-9","RAINTREE(SHREE)",2008,,,,,"581.9'6/SCO",,,,"SCOTT.MICHAEL;Author ROYSTON.ANGELA;Author",,,,,199,,"BULSAR BOOK STORE",,,,"SCIENCE",
"PLANT TOP TENS : AUSTRALASIA'S MOST AMAZING PLANTS",,"978-1-406-20969-3","RAINTREE(SHREE)",2008,,,,,"581.9'9/SCO",,,,"SCOTT.MICHAEL;Author ROYSTON.ANGELA;Author",,,,,199,,"BULSAR BOOK STORE",,,,"SCIENCE",
"PLANT TOP TENS : AMERICA'S MOST AMAZING PLANTS",,"978-1-406-20971-6","RAINTREE(SHREE)",2008,,,,,"581.9'7/SCO",,,,"SCOTT.MICHAEL;Author ROYSTON.ANGELA;Author",,,,,199,,"BULSAR BOOK STORE",,,,"SCIENCE",
"101 WONDERS OF THE WORLD",,"978-81-207-7545-9","STERLING",2012,,,,,"001/WON",,,,,,,,,250,,"BULSAR BOOK STORE",,,,"KNOWLEDGE",
"LET'S CREATE ! WITH PLASTIC",,"978-81-207-5069-2","STERLING",,,,,,"700/LET",,,,,,,,,70,,"BULSAR BOOK STORE",,,,"ART",
"LET'S CREATE ! WITH FABRICS",,"978-81-207-5071-5","STERLING",,,,,,"700/LET",,,,,,,,,70,,"BULSAR BOOK STORE",,,,"ART",
"LET'S CREATE ! WITH CLAY",,"978-81-207-5072-2","STERLING",,,,,,"700/LET",,,,,,,,,70,,"BULSAR BOOK STORE",,,,"ART",
"LET'S CREATE ! WITH CARDBOARD",,"978-81-207-5070-8","STERLING",,,,,,"700/LET",,,,,,,,,70,,"BULSAR BOOK STORE",,,,"ART",
"FUNNY PHOTO PHONICS : BLENDS ;SPOTTY SPIDER ",,"978-93-5049-335-9","SHREE",2012,,,,,"428/PIK",,,,"PIKE.KATY;Author","PHONICS",,,,50,,"BULSAR BOOK STORE",,,,"LANGUAGE",
"FUNNY PHOTO PHONICS :  BLENDS ;SLIPPERY SLUGS",,"978-93-5049-334-2","SHREE",2012,,,,,"428/PIK",,,,"PIKE.KATY;Author","PHONICS",,,,50,,"BULSAR BOOK STORE",,,,"LANGUAGE",
"FUNNY PHOTO PHONICS :  BLENDS ;GRASS IS GREEN ",,"978-93-5049-333-5","SHREE",2012,,,,,"428/PIK",,,,"PIKE.KATY;Author","PHONICS",,,,50,,"BULSAR BOOK STORE",,,,"LANGUAGE",
"FUNNY PHOTO PHONICS : BLENDS ; STARS AND STORKS ",,"978-93-5049-336-6","SHREE",2012,,,,,"428/PIK",,,,"PIKE.KATY;Author","PHONICS",,,,50,,"BULSAR BOOK STORE",,,,"LANGUAGE",
"FUNNY PHOTO PHONICS : BLENDS ; CLEM THE CLAM ",,"978-93-5049-332-8","SHREE",2012,,,,,"428/PIK",,,,"PIKE.KATY;Author","PHONICS",,,,50,,"BULSAR BOOK STORE",,,,"LANGUAGE",
"FUNNY PHOTO PHONICS : SHORT VOWELS AND CONSONANT SOUNDS; TEN PENS FOR MEG ",,"978-93-5049-319-9","SHREE",2012,,,,,"428/PIK",,,,"PIKE.KATY;Author","PHONICS",,,,50,,"BULSAR BOOK STORE",,,,"LANGUAGE",
"FUNNY PHOTO PHONICS : SHORT VOWELS AND CONSONANT SOUNDS; TOM THE DOS ",,"978-93-5049-318-2","SHREE",2012,,,,,"428/PIK",,,,"PIKE.KATY;Author","PHONICS",,,,50,,"BULSAR BOOK STORE",,,,"LANGUAGE",
"FUNNY PHOTO PHONICS : SHORT VOWELS AND CONSONANT SOUNDS ; GUS AND THE PUP",,"978-93-5049-321-2","SHREE",2012,,,,,"428/PIK",,,,"PIKE.KATY;Author","PHONICS",,,,50,,"BULSAR BOOK STORE",,,,"LANGUAGE",
"FUNNY PHOTO PHONICS : SHORT VOWELS AND CONSONANT SOUNDS ;JIM'S BIN",,"978-93-5049-320-5","SHREE",2012,,,,,"428/PIK",,,,"PIKE.KATY;Author","PHONICS",,,,50,,"BULSAR BOOK STORE",,,,"LANGUAGE",
"FUNNY PHOTO PHONICS : SHORT VOWELS AND CONSONANT SOUNDS ; CAN A CAT BAT?",,"978-93-5049-317-5","SHREE",2012,,,,,"428/PIK",,,,"PIKE.KATY;Author","PHONICS",,,,50,,"BULSAR BOOK STORE",,,,"LANGUAGE",
"FUNNY PHOTO PHONICS : SHORT VOWELS AND CONSONANT SOUNDS ; A BUG AND ANUT",,"978-93-5049-326-7","SHREE",2012,,,,,"428/PIK",,,,"PIKE.KATY;Author","PHONICS",,,,50,,"BULSAR BOOK STORE",,,,"LANGUAGE",
"FUNNY PHOTO PHONICS : SHORT VOWELS AND CONSONANT SOUNDS ; EGGS ON LEGS",,"978-93-5049-324-3","SHREE",2012,,,,,"428/PIK",,,,"PIKE.KATY;Author","PHONICS",,,,50,,"BULSAR BOOK STORE",,,,"LANGUAGE",
"FUNNY PHOTO PHONICS : SHORT VOWELS AND CONSONANT SOUNDS ; MIX IT IN",,"978-93-5049-325-0","SHREE",2012,,,,,"428/PIK",,,,"PIKE.KATY;Author","PHONICS",,,,50,,"BULSAR BOOK STORE",,,,"LANGUAGE",
"FUNNY PHOTO PHONICS : SHORT VOWELS AND CONSONANT SOUNDS ; A FOX IN SOCKS",,"978-93-5049-323-6","SHREE",2012,,,,,"428/PIK",,,,"PIKE.KATY;Author","PHONICS",,,,50,,"BULSAR BOOK STORE",,,,"LANGUAGE",
"FUNNY PHOTO PHONICS : SHORT VOWELS AND CONSONANT SOUNDS ; SAM THE ANT",,"978-93-5049-322-9","SHREE",2012,,,,,"428/PIK",,,,"PIKE.KATY;Author","PHONICS",,,,50,,"BULSAR BOOK STORE",,,,"LANGUAGE",
"FUNNY PHOTO PHONICS : SHORT VOWELS AND CONSONANT SOUNDS ; A COOK AT THE ZOO",,"978-93-5049-331-1","SHREE",2012,,,,,"428/PIK",,,,"PIKE.KATY;Author","PHONICS",,,,50,,"BULSAR BOOK STORE",,,,"LANGUAGE",
"FUNNY PHOTO PHONICS : SHORT VOWELS AND CONSONANT SOUNDS ; CHEEKY CHIPS?",,"978-93-5049-330-4","SHREE",2012,,,,,"428/PIK",,,,"PIKE.KATY;Author","PHONICS",,,,50,,"BULSAR BOOK STORE",,,,"LANGUAGE",
"FUNNY PHOTO PHONICS : SHORT VOWELS AND CONSONANT SOUNDS ; SALLY IS SORRY",,"978-93-5049-329-8","SHREE",2012,,,,,"428/PIK",,,,"PIKE.KATY;Author","PHONICS",,,,50,,"BULSAR BOOK STORE",,,,"LANGUAGE",
"FUNNY PHOTO PHONICS : SHORT VOWELS AND CONSONANT SOUNDS ; A BEE,A DEER AND A SHEEP",,"978-93-5049-328-1","SHREE",2012,,,,,"428/PIK",,,,"PIKE.KATY;Author","PHONICS",,,,50,,"BULSAR BOOK STORE",,,,"LANGUAGE",
"FUNNY PHOTO PHONICS : SHORT VOWELS AND CONSONANT SOUNDS ; A SHARK IN A SHIRT",,"978-93-5049-327-4","SHREE",2012,,,,,"428/PIK",,,,"PIKE.KATY;Author","PHONICS",,,,50,,"BULSAR BOOK STORE",,,,"LANGUAGE",
"FUNNY PHOTO PHONICS : BLENDS; THE BEST PEST",,"978-93-5049-343-4","SHREE",2012,,,,,"428/PIK",,,,"PIKE.KATY;Author","PHONICS",,,,50,,"BULSAR BOOK STORE",,,,"LANGUAGE",
"FUNNY PHOTO PHONICS : BLENDS; SCRITCH, SCRATCH",,"978-93-5049-342-7","SHREE",2012,,,,,"428/PIK",,,,"PIKE.KATY;Author","PHONICS",,,,50,,"BULSAR BOOK STORE",,,,"LANGUAGE",
"FUNNY PHOTO PHONICS : BLENDS; BRAD THE CRAB",,"978-93-5049-346-5","SHREE",2012,,,,,"428/PIK",,,,"PIKE.KATY;Author","PHONICS",,,,50,,"BULSAR BOOK STORE",,,,"LANGUAGE",
"FUNNY PHOTO PHONICS : BLENDS; THE PLUM TREE",,"978-93-5049-345-8","SHREE",2012,,,,,"428/PIK",,,,"PIKE.KATY;Author","PHONICS",,,,50,,"BULSAR BOOK STORE",,,,"LANGUAGE",
"FUNNY PHOTO PHONICS : BLENDS; JINGLE JANGLE",,"978-93-5049-344-1","SHREE",2012,,,,,"428/PIK",,,,"PIKE.KATY;Author","PHONICS",,,,50,,"BULSAR BOOK STORE",,,,"LANGUAGE",
"FUNNY PHOTO PHONICS : BLENDS; THE STICKY END",,"978-93-5049-338-0","SHREE",2012,,,,,"428/PIK",,,,"PIKE.KATY;Author","PHONICS",,,,50,,"BULSAR BOOK STORE",,,,"LANGUAGE",
"FUNNY PHOTO PHONICS : BLENDS; FRANK THE SKUNK",,"978-93-5049-337-3","SHREE",2012,,,,,"428/PIK",,,,"PIKE.KATY;Author","PHONICS",,,,50,,"BULSAR BOOK STORE",,,,"LANGUAGE",
"FUNNY PHOTO PHONICS : BLENDS; BUZZING AND FLYING",,"978-93-5049-340-3","SHREE",2012,,,,,"428/PIK",,,,"PIKE.KATY;Author","PHONICS",,,,50,,"BULSAR BOOK STORE",,,,"LANGUAGE",
"FUNNY PHOTO PHONICS : BLENDS; FRED THE FROG",,"978-93-5049-341-0","SHREE",2012,,,,,"428/PIK",,,,"PIKE.KATY;Author","PHONICS",,,,50,,"BULSAR BOOK STORE",,,,"LANGUAGE",
"FUNNY PHOTO PHONICS : BLENDS; THE KING AND THE BELLS",,"978-93-5049-339-7","SHREE",2012,,,,,"428/PIK",,,,"PIKE.KATY;Author","PHONICS",,,,50,,"BULSAR BOOK STORE",,,,"LANGUAGE",
"CLASSIC TALES : THE PIED PIPER OF HAMELIN",,"978-81-207-4868-2","STERLING",2010,,,,,"823/BRO",,,,"BROWNING.ROBERT;Author",,,,,60,,"BULSAR BOOK STORE",,,,"STORY",
"CLASSIC TALES : PINOCCHIO",,"978-81-207-4867-5","STERLING",2010,,,,,"823/COL",,,,"COLLODI.CARLO;Author",,,,,60,,"BULSAR BOOK STORE",,,,"STORY",
"CLASSIC TALES : THE PIED PIPER OF HAMELIN",,"978-81-207-4868-2","STERLING",2010,,,,,"823/BRO",,,,"BROWNING.ROBERT;Author",,,,,60,,"BULSAR BOOK STORE",,,,"STORY",
"CLASSIC TALES : LITTLE RED RIDING HOOD",,"978-81-207-4865-1","STERLING",2010,,,,,"823/PER",,,,"PERRAULT.CHARLES;Author",,,,,60,,"BULSAR BOOK STORE",,,,"STORY",
"CLASSIC TALES : LITTLE RED RIDING HOOD",,"978-81-207-4865-1","STERLING",2010,,,,,"823/PER",,,,"PERRAULT.CHARLES;Author",,,,,60,,"BULSAR BOOK STORE",,,,"STORY",
"CLASSIC TALES : PUSS IN BOOTS",,"978-81-207-4866-8","STERLING",2010,,,,,"823/PER",,,,"PERRAULT.CHARLES;Author",,,,,60,,"BULSAR BOOK STORE",,,,"STORY",
"CLASSIC TALES : PUSS IN BOOTS",,"978-81-207-4866-8","STERLING",2010,,,,,"823/PER",,,,"PERRAULT.CHARLES;Author",,,,,60,,"BULSAR BOOK STORE",,,,"STORY",
"CLASSIC TALES : RUMPELSILTSKIN",,"978-81-207-4864-4","STERLING",2010,,,,,"823/GRI",,,,"GRIMM.BROTHERS;Author",,,,,60,,"BULSAR BOOK STORE",,,,"STORY",
"CLASSIC TALES : RUMPELSILTSKIN",,"978-81-207-4864-4","STERLING",2010,,,,,"823/GRI",,,,"GRIMM.BROTHERS;Author",,,,,60,,"BULSAR BOOK STORE",,,,"STORY",
"CLASSIC TALES : SLEEPING BEAUTY",,"978-81-207-4862-0","STERLING",2010,,,,,"823/PER",,,,"PERRAULT.CHARLES;Author",,,,,60,,"BULSAR BOOK STORE",,,,"STORY",
"TALES FROM THE ARABIAN NIGHTS : FACE TO FACE WITH DEMOM/THE CLEVER FARMER",,"978-81-7963-699-2","SHREE",,,,,,"823/ARA",,,,,,,,,45,,"BULSAR BOOK STORE",,,,"STORY",
"TALES FROM THE ARABIAN NIGHTS : THE MONKEY ADVISOR/ THE KING AND HIS FALCON",,"978-81-7963-695-4","SHREE",,,,,,"823/ARA",,,,,,,,,45,,"BULSAR BOOK STORE",,,,"STORY",
"TALES FROM THE ARABIAN NIGHTS :THE GOOD NEIGHBOUR/ THE TALE OF A MULE",,"978-81-7963-698-5","SHREE",,,,,,"823/ARA",,,,,,,,,45,,"BULSAR BOOK STORE",,,,"STORY",
"TALES FROM THE ARABIAN NIGHTS : THE THREE APPLES / SINDBAD THE SAILOR",,"978-81-7963-694-7","SHREE",,,,,,"823/ARA",,,,,,,,,45,,"BULSAR BOOK STORE",,,,"STORY",
"TALES FROM THE ARABIAN NIGHTS : THE FISHERMAN AND THE GENIE/ THE DWARF WITH THE LONG BEARD",,"978-81-7963-697-8","SHREE",,,,,,"823/ARA",,,,,,,,,45,,"BULSAR BOOK STORE",,,,"STORY",
"TALES FROM THE ARABIAN NIGHTS : THE LOST CAMEL/ THE STOLEN RUBY",,"978-81-7963-692-3","SHREE",,,,,,"823/ARA",,,,,,,,,45,,"BULSAR BOOK STORE",,,,"STORY",
"TALES FROM THE ARABIAN NIGHTS : ABDULLAH'S GREED/ THE ENCHANTING HORSE",,"978-81-7963-696-1","SHREE",,,,,,"823/ARA",,,,,,,,,45,,"BULSAR BOOK STORE",,,,"STORY",
"TALES FROM THE ARABIAN NIGHTS : ALADDIN AND THE MAGIC LAMP/ THE PRIME AND THE OGRESS",,"978-81-7963-693-0","SHREE",,,,,,"823/ARA",,,,,,,,,45,,"BULSAR BOOK STORE",,,,"STORY",
"THE CHILDREN'S PICTURE ENCYCLOPEDIA: BEING TO DISCOVER THE AMAZING WORLD AROUND US",,"978-1-4454-0652-7","PARRAGON (SHREE)",2010,,,,,"030/CHI",,,,,,,,,550,,"BULSAR BOOK STORE",,,,"ENCYCLOPEDIA",
"THE CHILDREN'S ENCYCLOPEDIA OF OCEANS: BEING TO DISCOVER THE AMAZING UNDERWATER WORLD ",,"978-1-4454-0651-0","PARRAGON (SHREE)",2010,,,,,"503/MOR",,,,"MORGAN.SALLY;Author","SCIENCE",,,,550,,"BULSAR BOOK STORE",,,,"ENCYCLOPEDIA",
"THE CHILDREN'S ENCYCLOPEDIA OF ANIMALS : BEING TO DISCOVER THE AMAZING WORLD OF ANIMALS",,"978-1-4454-0740-1","PARRAGON (SHREE)",2012,,,,,"503/ENC",,,,,"SCIENCE",,,,495,,"BULSAR BOOK STORE",,,,"ENCYCLOPEDIA",
"HISTORY TIMELINES",,"978-1-84810-355-9","MILES KELLY (SHREE)",2011,,,,,"900/HIS",,,,,"HISTORY",,,,595,,"BULSAR BOOK STORE",,,,"GEOGRAPHY & HISTORY",
"THE LIVING WORLD : A GUIDE TO LIFE ON EARTH",,"978-1-84810-352-8","MILES KELLY (SHREE)",2011,,,,,"500/BED",,,,"BEDOYERE.CAMILLA DE LA;Author OTHERS;Author",,,,,595,,"BULSAR BOOK STORE",,,,"SCIENCE",
"SCIENCE: THE ULTIMATE GUIDE TO THE SCIENTIFIC WORLD",,"978-1-60710-023-2","SILVER DOLPHIN",2009,,,,,"500/FAR",,,,"FARNDON.JOHN;Author PARKER.STEVE;Author",,,,,599,,"BULSAR BOOK STORE",,,,"SCIENCE",
