"Title","Edition","ISBN","Publisher Name","Publishing Year","Serial Title","Call Number","Language","publishing place","Classification","Notes","Image","File Attach","Author","Subject","Item Start value","Specific Detail Info","Copies","Price","label","Supplier","Subtitle","Keyword","Book review","Standards","Frequency",,,,,,
"1 2 3 PRE SCHOOL PRACTICE WORK BOOK","2002",,"PLAYMORE INC PUBLISH","2003","ACADEMIC","1","ENGLISH MEDIUM","NEW DELHI","EH 9",,,,"MR RICHARD E WHYLIE","ACADEMIC","1",,,"$60.00",,,,,,,,"","","","","",""
"SHAPES PRE SCHOOL PRACTICE WORK BOOK","2002",,"PLAYMORE INC PUBLISH","2003","ACADEMIC","2","ENGLISH MEDIUM","NEW DELHI","EH 8",,,,"MR RICHARD E WHYLIE","ACADEMIC","2",,,"$60.00",,,,,,,,,,,,,
"FIT THE LETTER","2002",,"PATEL HODDOCK LTD","2003","GK","3","ENGLISH MEDIUM",,"EK 23",,,,"LEMUR","GK","3",,,"$60.00",,,,,,,,,,,,,
"BUMPER QUIZ BOOK ON INDIA","2002",,"ESHWAR","2003","GK","4","ENGLISH MEDIUM",,"EK 15",,,,"SURAN KHANDPUR","GK","4",,,"$150.00",,,,,,,,,,,,,
"SCIENCE ALIVE HEAT","2002",,"TIMES EDITIONS","2003","SCIENCE","5","ENGLISH MEDIUM","NEW DELHI","EFD 19",,,,,"SCIENCE","5",,,"$65.00",,,,,,,,,,,,,
"SCIENCE ALIVE ELECTRICITY","2002",,"TIMES EDITIONS","2003","SCIENCE","6","ENGLISH MEDIUM","SINGAPORE","EFD 18",,,,"TIMES MEDIA PVT LTD","SCIENCE","6",,,"$65.00",,,,,,,,,,,,,
"SCIENCE ALIVE MAGNETS","2002",,"TIMES EDITIONS","2003","SCIENCE","7","ENGLISH MEDIUM",,"EFD18",,,,,"SCIENCE","7",,,"$65.00",,,,,,,,,,,,,
"SCIENCE ALIVE SOUND","2002",,"TIMES EDITIONS","2003","SCIENCE","8","ENGLISH MEDIUM",,"EFD 16",,,,,"SCIENCE","8",,,"$65.00",,,,,,,,,,,,,
"SCIENCE ALIVE LIGHT",,,"TIMES EDITIONS","2003","SCIENCE","9","ENGLISH MEDIUM",,"EFD 15",,,,,"SCIENCE","9",,,"$65.00",,,,,,,,,,,,,
"CROSSWORD FUN","2002",,"FRANK EDUCATIONAL AIDS","2003","GK","10","ENGLISH MEDIUM",,"EK 24",,,,,"GK","10",,,"$20.00",,,,,,,,,,,,,
"SCIENCE ALIVE MOTION","2002",,"TIMES EDITIONS","2003","SCIENCE","12","ENGLISH MEDIUM",,"EFD 14",,,,,"SCIENCE","12",,,"$65.00",,,,,,,,,,,,,
"THEMATIC VOCABULARY 2","2002",,"LEARNERS PUBLISHING","2003","GRAMMER","13","ENGLISH MEDIUM","DELHI","EFA 11",,,,"BETTY KIRKPATRICK MA","GRAMMER","13",,,"$195.00",,,,,,,,,,,,,
"101 COOL SCIENCE EXPERIMENTS","2002",,"HINKLER BOOKS","2003","SCIENCE","16","ENGLISH MEDIUM","AUSTRALIA","EFD 42",,,,"HELEN CHAPMAN","SCIENCE","16",,,"$125.00",,,,,,,,,,,,,
"ASTRONOMY QUIZ BOOK","2002",,"PUSTAK MAHAL","2003","GK","17","ENGLISH MEDIUM",,"EK 17",,,,"V CHABDRAN","GK","17",,,"$48.00",,,,,,,,,,,,,
"KNOW CRICKET PLAY CRICKET","2002",,"SURA BOOK PVT LTD","2003","SPORTS","19","ENGLISH MEDIUM",,"EFG 5",,,,"DR N ANONTHO","SPORTS","19",,,"$120.00",,,,,,,,,,,,,
"ELECTRONICS PROJECTS FOR BEGINNERS","2002",,"PUSTAK MAHAL","2003","SCIENCE","20","ENGLISH MEDIUM","DELHI","EFD 43",,,,"A.K.MAINI","SCIENCE","20",,,"$96.00",,,,,,,,,,,,,
"FROM ATOM TO NANO TECH","2002",,"CHILDREN BOOK TRUST","2003","SCIENCE","22","ENGLISH MEDIUM","NEW DELHI","EFD 41",,,,"NILABHO DHAR CHOWDHURY","SCIENCE","22",,,"$65.00",,,,,,,,,,,,,
"KARATE","2002",,"HEALTH HARMONY","2003","SPORTS","26","ENGLISH MEDIUM","NEW DELHI","EFG 3",,,,"KEVIN HEALY","SPORTS","26",,,"$225.00",,,,,,,,,,,,,
"PUZZLE TIME","2002",,"GRANDREMS BOOKS LTD","2003","GK","28","ENGLISH MEDIUM",,"EK 21",,,,,"GK","28",,,"$50.00",,,,,,,,,,,,,
"MOST POPULAR CLASSICS","2002",,"APPLE BOOKS","2003","STORY BOOK","32","ENGLISH MEDIUM","DELHI","EEB 5",,,,,"STORY BOOK","32",,,"$45.00",,,,,,,,,,,,,
"ASTRONOMY QUIZ BOOK","2002",,"PUSTAK MAHAL","2003","GK","35","ENGLISH MEDIUM","NEW DELHI","EK 17",,,,"V.CHANDRAN","GK","35",,,"$48.00",,,,,,,,,,,,,
"BODY LANGUAGE","2002",,"SHREE BOOK CENTRE","2003","PERSONALITY DEVELOPEMENT","39","ENGLISH MEDIUM",,"EP 1",,,,"VIJAYA KUMAR","PERSONALITY DEVELOPEMENT","39",,,"$60.00",,,,,,,,,,,,,
"1001 LETTERS FOR ALL OCCASSIONS","2002",,"KUMAR PUBLICATIONS ","2003","GRAMMER","41","ENGLISH MEDIUM","NEW DELHI","EFA 13",,,,"V.K.SHARMA","GRAMMER","41",,,"$60.00",,,,,,,,,,,,,
"DOUBLE YOUR LEARNING POWER","2002",,"HARPER COLLIAM PUB INDIA","2003","PERSONALITY DEVELOPEMENT","42","ENGLISH MEDIUM",,"EP 3",,,,"GEOFFERY DUDLEY","PERSONALITY DEVELOPEMENT","42",,,"$150.00",,,,,,,,,,,,,
"LIVE AND LEARN AND PASS IT ON VOL-II","2002",,"BPB PUBLICATION","2003","PERSONALITY DEVELOPEMENT","44","ENGLISH MEDIUM",,"EP 11",,,,"H JACKSON DROWN","PERSONALITY DEVELOPEMENT","44",,,"$40.00",,,,,,,,,,,,,
"LIVE AND LEARN AND PASS IT ON VOL-I","2002",,"BPB PUBLICATION","2003","PERSONALITY DEVELOPEMENT","45","ENGLISH MEDIUM",,"EP 10",,,,"H JACKSON DROWN","PERSONALITY DEVELOPEMENT","45",,,"$40.00",,,,,,,,,,,,,
"MANORAMA YEAR BOOK 2003","2002",,"INTEGRATED FINANCE CO LTD","2003","GK","46","ENGLISH MEDIUM",,"EK 16",,,,,"GK","46",,,"$85.00",,,,,,,,,,,,,
"AN AUTOBIOGRAPHY OR THE SROEY OF MY EXPERIMENTS WITH TRUTH","2002",,"NAVAJIVAN PUBLISHING HOUSE","2003","BIOGRAPHY","47","ENGLISH MEDIUM","AHAMEDABAD","EB 2",,,,"M.K.GANDHI","BIOGRAPHY","47",,,"$30.00",,,,,,,,,,,,,
"WORD POWER MADE EASY","2002",,"M.B.D. PUBLISHERS ","2003","GRAMMER","48","ENGLISH MEDIUM","DELHI","EFA 4",,,,,"GRAMMER","48",,,"$95.00",,,,,,,,,,,,,
"WORD POWER MADE EASY","2002",,"GENERAL BOOK DEPOT","2003","GRAMMER","49","ENGLISH MEDIUM","NEW DELHI","EFA 3",,,,"NORMAN LEWIS","GRAMMER","49",,,"$99.00",,,,,,,,,,,,,
"HOW TO WIN FRIENDS AND INFLUENCE PEOPLE","2002",,"POCKET BOOK","2003","PERSONALITY DEVELOPEMENT","50","ENGLISH MEDIUM",,"EP 8",,,,"DALE CARNEGIE","PERSONALITY DEVELOPEMENT","50",,,"$100.00",,,,,,,,,,,,,
"TOUGH TIME NEVER LAST BUT TOUGH PEOPLE DO","2002",,"DRIENT PAPER BOOKS","2003","PERSONALITY DEVELOPEMENT","51","ENGLISH MEDIUM",,"EP 4",,,,"ROBERT H SCULLER","PERSONALITY DEVELOPEMENT","51",,,"$70.00",,,,,,,,,,,,,
"AMAR CHITRA KATHA (TULSIDAS)","2002",,"INDIA BOOK HOUSE LTD","2003","CHILDREN LITERATURE","55","ENGLISH MEDIUM",,"EEB 37",,,,"SURESHCHANDRA","CHILDREN LITERATURE","55",,,"$25.00",,,,,,,,,,,,,
"AMAR CHITRA KATHA (ANCESTORS OF RAMA)","2002",,"INDIA BOOK HOUSE LTD","2003","CHILDREN LITERATURE","58","ENGLISH MEDIUM",,"EEB 223",,,,"KAMELA CHANDRAT","CHILDREN LITERATURE","58",,,"$25.00",,,,,,,,,,,,,
"AMAR CHITRA KATHA (MIRABAI)","2002",,"INDIA BOOK HOUSE LTD","2003","CHILDREN LITERATURE","59","ENGLISH MEDIUM",,"EEB 35",,,,"KAMELA CHANDRAT","CHILDREN LITERATURE","59",,,"$25.00",,,,,,,,,,,,,
"GALILEO GALILES","2002",,"ROHAN BOOK COMPANY","2003","BIOGRAPHY","69","ENGLISH MEDIUM",,"EB 16",,,,"K S KOHLI","BIOGRAPHY","69",,,"$30.00",,,,,,,,,,,,,
"MARIE CURIE","2002",,"ROHAN BOOK COMPANY","2003","BIOGRAPHY","70","ENGLISH MEDIUM",,"EB 18",,,,"K S KOHLI","BIOGRAPHY","70",,,"$30.00",,,,,,,,,,,,,
"EDWORD JENNER","2002",,"ROHAN BOOK COMPANY","2003","BIOGRAPHY","71","ENGLISH MEDIUM",,"EB 7",,,,"K S KOHLI","BIOGRAPHY","71",,,"$30.00",,,,,,,,,,,,,
"ALFRED NOBEL","2002",,"ROHAN BOOK COMPANY","2003","BIOGRAPHY","72","ENGLISH MEDIUM",,"EB 15",,,,"K S KOHLI","BIOGRAPHY","72",,,"$30.00",,,,,,,,,,,,,
"THOMAS ALWA EDISON","2002",,"ROHAN BOOK COMPANY","2003","BIOGRAPHY","73","ENGLISH MEDIUM",,"EB 14",,,,"K S KOHLI","BIOGRAPHY","73",,,"$30.00",,,,,,,,,,,,,
"ALBERT EINSTEIN","2002",,"ROHAN BOOK COMPANY","2003","BIOGRAPHY","74","ENGLISH MEDIUM",,"EB 17",,,,"K S KOHLI","BIOGRAPHY","74",,,"$30.00",,,,,,,,,,,,,
"ISSAC NEWTON","2002",,"ROHAN BOOK COMPANY","2003","BIOGRAPHY","75","ENGLISH MEDIUM",,"EB 12",,,,"K S KOHLI","BIOGRAPHY","75",,,"$30.00",,,,,,,,,,,,,
"LOUIS POSTEUR","2002",,"ROHAN BOOK COMPANY","2003","BIOGRAPHY","76","ENGLISH MEDIUM",,"EB 13",,,,"K S KOHLI","BIOGRAPHY","76",,,"$30.00",,,,,,,,,,,,,
"ARCHIMEDS","2002",,"ROHAN BOOK COMPANY","2003","BIOGRAPHY","77","ENGLISH MEDIUM",,"EB 11",,,,"K S KOHLI","BIOGRAPHY","77",,,"$30.00",,,,,,,,,,,,,
"WRIGHT BROTHERS","2002",,"ROHAN BOOK COMPANY","2003","BIOGRAPHY","78","ENGLISH MEDIUM",,"EB 8",,,,"K S KOHLI","BIOGRAPHY","78",,,"$30.00",,,,,,,,,,,,,
"LEANARDA DA VINCH","2002",,"ROHAN BOOK COMPANY","2003","BIOGRAPHY","79","ENGLISH MEDIUM",,"EB 9",,,,"K S KOHLI","BIOGRAPHY","79",,,"$30.00",,,,,,,,,,,,,
"CHARLES DARWIN","2002",,"ROHAN BOOK COMPANY","2003","BIOGRAPHY","80","ENGLISH MEDIUM",,"EB 10",,,,"K S KOHLI","BIOGRAPHY","80",,,"$30.00",,,,,,,,,,,,,
"AMAR CHITA KATHA (VIVEKANANDA)","2002",,"INDIA BOOK HOUSE LTD","2003","CHILDREN LITERATURE","81","ENGLISH MEDIUM",,"EEB 27",,,,"S RANGANATHAN","CHILDREN LITERATURE","81",,,"$25.00",,,,,,,,,,,,,
"NEHRU FOR CHILDREN","2002",,"CHILDREN BOOK TRUST","2003","BIOGRAPHY","82","ENGLISH MEDIUM",,"EB 3",,,,"M CHALOPATHI","BIOGRAPHY","82",,,"$37.00",,,,,,,,,,,,,
"INDIRA PRIYADAESHINI","2002",,"CHILDRENS BOOK TRUST","2003","BIOGRAPHY","83","ENGLISH MEDIUM",,"EB 19",,,,"ALKA SHANKAR","BIOGRAPHY","83",,,"$50.00",,,,,,,,,,,,,
"RANI LAXMIBAI","2002",,"SAHNI PUBLICATION","2003","BIOGRAPHY","85","ENGLISH MEDIUM",,"EB 4",,,,"FIROZ ALAM","BIOGRAPHY","85",,,"$40.00",,,,,,,,,,,,,
"FAMOUS TALES FROM ARABIAN NIGHT","2002",,"APPLE BOOKS","2003","STORY BOOK","86","ENGLISH MEDIUM","CHENNAI","EEB 9",,,,,"STORY BOOK","86",,,"$45.00",,,,,,,,,,,,,
"MOST POPULAR JATAKA TALES","2002",,"APPLE BOOKS","2003","STORY BOOK","87","ENGLISH MEDIUM","CHENNAI","EEB 8",,,,,"STORY BOOK","87",,,"$45.00",,,,,,,,,,,,,
"MOST POPULAR STORIES FORM PANCHANTRA","2002",,"APPLE BOOKS","2003","STORY BOOK","88","ENGLISH MEDIUM","CHENNAI","EEB 6",,,,,"STORY BOOK","88",,,"$45.00",,,,,,,,,,,,,
"STORIES FROM PANCHANTRA 2","2002",,"DIAMOND POCKET BOOK","2003","STORY BOOK","89","ENGLISH MEDIUM","DELHI","EEB 13",,,,"B.K.CHATURVEDI","STORY BOOK","89",,,"$15.00",,,,,,,,,,,,,
"STORIES FROM PANCHANTRA 1","2002",,"DIAMOND POCKET BOOK","2003","STORY BOOK","91","ENGLISH MEDIUM","NEW DELHI","EEB 12",,,,,"STORY BOOK","91",,,"$20.00",,,,,,,,,,,,,
"STORIES FROM HITOPADESH 1","2002",,"DIAMOND POCKET BOOK","2003","STORY BOOK","92","ENGLISH MEDIUM","NEW DELHI","EEB 14",,,,"B.K.CHATURVEDI","STORY BOOK","92",,,"$15.00",,,,,,,,,,,,,
"STORIES FROM HITOPADESH 2","2002",,"DIAMOND POCKET BOOK","2003","STORY BOOK","93","ENGLISH MEDIUM","NEW DELHI","EEB 15",,,,"B.K.CHATURVEDI","STORY BOOK","93",,,"$15.00",,,,,,,,,,,,,
"FOLK TLAES FROM NAGALAND","2002",,"DIAMOND POCKET BOOK","2003","STORY BOOK","94","ENGLISH MEDIUM","NEW DELHI","EEB 20",,,,"B.K.CHATURVEDI","STORY BOOK","94",,,"$20.00",,,,,,,,,,,,,
"EKLAVYA","2002",,,"2003","STORY BOOK","95","ENGLISH MEDIUM",,"EEB 21",,,,,"STORY BOOK","95",,,"$0.00",,,,,,,,,,,,,
"CHANAKYA","2002",,"JAICO PUBLICATION HOUSE","2003","BIOGRAPHY","98","ENGLISH MEDIUM",,"EB 6",,,,"B K CHATURVEDI","BIOGRAPHY","98",,,"$55.00",,,,,,,,,,,,,
"FAMOUS TALES OF AKBAR AND BIRBAL","2002",,"APPLE BOOKS","2003","STORY BOOK","99","ENGLISH MEDIUM","DELHI","EEB 7",,,,,"STORY BOOK","99",,,"$45.00",,,,,,,,,,,,,
"ALICES ADVENTURES IN WONDERLAND","2002",,"PROJAPOTI","2003","STORY BOOK","100","ENGLISH MEDIUM","KOLKOTTA","EEA 3",,,,"LEWIS CARROLL","STORY BOOK","100",,,"$35.00",,,,,,,,,,,,,
"THE CHILDRENS PICTURE DICTORY","2002",,"PUSTAK MAHAL","2003","ACADEMIC","124","ENGLISH MEDIUM",,"EH 1",,,,,"ACADEMIC","124",,,"$25.00",,,,,,,,,,,,,
"THE BLUE CARBUNDE","2002",,"CRUST PUBLISHING HOUSE","2003","DRAMA","125","ENGLISH MEDIUM",,"ED 16",,,,"SIR ANTHAR CANON DAYLE","DRAMA","125",,,"$25.00",,,,,,,,,,,,,
"THE COMEDY OF ERRORS","2002",,"CREST PUBLISHING HOUSE","2003","DRAMA","126","ENGLISH MEDIUM","NEW DELHI","ED 12",,,,"WIILLIAM SHAKESPEAR","DRAMA","126",,,"$25.00",,,,,,,,,,,,,
"THE ADVENTURES OF THREE STUDENTS","2002",,"CRUST PUBLISHING HOUSE","2003","DRAMA","127","ENGLISH MEDIUM",,"ED 3",,,,"SIR ANTHAR CANON DAYLE","DRAMA","127",,,"$25.00",,,,,,,,,,,,,
"KING LEAR","2002",,"CREST PUBLISHING HOUSE","2003","DRAMA","128","ENGLISH MEDIUM","NEW DELHI","ED 13",,,,"WIILLIAM SHAKESPEAR","DRAMA","128",,,"$25.00",,,,,,,,,,,,,
"AS YOU LIKE IT","2001",,"CREST PUBLISHING HOUSE","2003","DRAMA","129","ENGLISH MEDIUM","NEW DELHI","ED 10",,,,"WILLIAM SHAKESPEAR","DRAMA","129",,,"$25.00",,,,,,,,,,,,,
"OTHELLO","2002",,"CRUST PUBLISHING HOUSE","2003","DRAMA","130","ENGLISH MEDIUM",,"ED 6",,,,"WILLIAM SAKESPEARE","DRAMA","130",,,"$25.00",,,,,,,,,,,,,
"THE MERCHANT OF VENICE","2002",,"CRUST PUBLISHING HOUSE","2003","DRAMA","131","ENGLISH MEDIUM",,"ED 4",,,,"WILLIAM SAKESPEARE","DRAMA","131",,,"$25.00",,,,,,,,,,,,,
"HAMLET","2002",,"CRUST PUBLISHING HOUSE","2003","DRAMA","132","ENGLISH MEDIUM",,"ED 9",,,,"WILLIAM SAKESPEARE","DRAMA","132",,,"$25.00",,,,,,,,,,,,,
"THE TEMPEST","2002",,"CRUST PUBLISHING HOUSE","2003","DRAMA","133","ENGLISH MEDIUM",,"ED 8",,,,"WILLIAM SAKESPEARE","DRAMA","133",,,"$25.00",,,,,,,,,,,,,
"MACBETH","2002",,"CREST PUBLISHING HOUSE","2003","DRAMA","134","ENGLISH MEDIUM","NEW DELHI","ED 1",,,,"WIILLIAM SHAKESPEAR","DRAMA","134",,,"$25.00",,,,,,,,,,,,,
"MUCH ADO ABOUT NOTHING","2002",,"CRUST PUBLISHING HOUSE","2003","DRAMA","135","ENGLISH MEDIUM",,"ED 5",,,,"WILLIAM SAKESPEARE","DRAMA","135",,,"$25.00",,,,,,,,,,,,,
"THE LIONS MANE","2002",,"CRUST PUBLISHING HOUSE","2003","DRAMA","136","ENGLISH MEDIUM",,"ED 15",,,,"SIR ANTHAR CANON DAYLE","DRAMA","136",,,"$25.00",,,,,,,,,,,,,
"A MIDSUMMER NIGHTS DREAM","2001",,"CREST PUBLLISHNG HOUSE","2003","DRAMA","138","ENGLISH MEDIUM","NEW DELHI","ED 2",,,,"WILLIAM SHAKESPEARE","DRAMA","138",,,"$25.00",,,,,,,,,,,,,
"THE SIGN OF FOUR","2002",,"CRUST PUBLISHING HOUSE","2003","DRAMA","139","ENGLISH MEDIUM",,"ED 14",,,,"SIR ANTHAR CANON DAYLE","DRAMA","139",,,"$25.00",,,,,,,,,,,,,
"TWELFTH NIGHT OR WHAT YOU WILL","2002",,"CRUST PUBLISHING HOUSE","2003","DRAMA","140","ENGLISH MEDIUM",,"ED 7",,,,"WILLIAM SAKESPEARE","DRAMA","140",,,"$25.00",,,,,,,,,,,,,
"ROBINSON CRUSOE","2002",,"ROHAN BOOK COMPANY","2003","NOVEL","143","ENGLISH MEDIUM","DELHI","EA 4",,,,"DANIEL DEFOE","NOVEL","143",,,"$30.00",,,,,,,,,,,,,
"TREASURE ISLAND","2002",,"ROHAN BOOK COMPANY","2003","DRAMA","144","ENGLISH MEDIUM","DELHI","ED 17",,,,"R.L.STEVENSON","DRAMA","144",,,"$30.00",,,,,,,,,,,,,
"TREASURE ISLAND","2002",,"ROHAN BOOK COMPANY","2003","DRAMA","145","ENGLISH MEDIUM","DELHI","ED 18",,,,"R.L.STEVENSON","DRAMA","145",,,"$30.00",,,,,,,,,,,,,
"THE ADVENTURES OF TOM SAWYER","2002",,"ROHAN BOOK COMPANY","2003","NOVEL","147","ENGLISH MEDIUM","DELHI","EA 16",,,,"MARK TWAIN","NOVEL","147",,,"$30.00",,,,,,,,,,,,,
"HEIDI","2002",,"ROHAN BOOK COMPANY","2003","STORY BOOK","149","ENGLISH MEDIUM","DELHI","EEB 22",,,,"JOANNA SPYRI","STORY BOOK","149",,,"$30.00",,,,,,,,,,,,,
"THE HUNCHBACK OF NOTRE DAME","2002",,"ROHAN BOOK COMPANY","2003","NOVEL","151","ENGLISH MEDIUM","DELHI","EA 10",,,,"VICTOR HUGO","NOVEL","151",,,"$30.00",,,,,,,,,,,,,
"THE HUNCH BACK OF NOTRE DAME","2002",,"ROHAN BOOK COMPANY","2003","NOVEL","153","ENGLISH MEDIUM","DELHI","EA 13",,,,"VICTOR HUGO","NOVEL","153",,,"$30.00",,,,,,,,,,,,,
"GULLIVERS TRAVEL","2002",,"ROHAN BOOK COMPANY","2003","NOVEL","154","ENGLISH MEDIUM","DELHI","EEA 6",,,,"JONATHAN SWEFT","NOVEL","154",,,"$30.00",,,,,,,,,,,,,
"DAVID COPPERFIELD","2003",,"ROHAN BOOK COMPANY","2003","NOVEL","155","ENGLISH MEDIUM","DELHI","EA 6",,,,"CHARLES DICKENS","NOVEL","155",,,"$30.00",,,,,,,,,,,,,
"A TALE OF TWO CITIES","2002",,"ROHAN BOOK COMPANY","2003","NOVEL","156","ENGLISH MEDIUM","DELHI","EA 15",,,,"CHARLES DICKNESS","NOVEL","156",,,"$30.00",,,,,,,,,,,,,
"IVANHOE","2002",,"ROHAN BOOK COMPANY","2003","NOVEL","157","ENGLISH MEDIUM","DELHI","EA 9",,,,"SIR WALTER SCOTT","NOVEL","157",,,"$30.00",,,,,,,,,,,,,
"THE BLACK ARROW","2002",,"ROHAN BOOK COMPANY","2003","NOVEL","158","ENGLISH MEDIUM","DELHI","EA 7",,,,"R.L.STEVENSON","NOVEL","158",,,"$30.00",,,,,,,,,,,,,
"THE ADVENTURES OF DON QUIXOTE","2002",,"JAICO PUBLICATION HOUSE","2003","NOVEL","159","ENGLISH MEDIUM","DELHI","EA 8",,,,"MIGUEL DECERVANTES","NOVEL","159",,,"$30.00",,,,,,,,,,,,,
"PUZZLE GEMS CROSSWORD","2002",,"PLAYMORE & WOLDMAN","2003","GK","160","ENGLISH MEDIUM",,"EK 22",,,,,"GK","160",,,"$35.00",,,,,,,,,,,,,
"THE LITTLE GIANT BOOK OF IDIOMS AND PHRASES","2002",,"GOODWILLS","2003","GRAMMER","162","ENGLISH MEDIUM","NEW DELHI","EFA 10",,,,"SOM PHILLIPS","GRAMMER","162",,,"$70.00",,,,,,,,,,,,,
"THE LITTLE GIANT BOOK OF PROVERBS","2002",,"GOODWILLS","2003","GRAMMER","163","ENGLISH MEDIUM","NEW DELHI","EFA 20",,,,"SAM PHILLIPS","GRAMMER","163",,,"$50.00",,,,,,,,,,,,,
"THE STRANGE CASE OF DR. JEKYLL AND MR. HYDE","2002",,"ROHAN BOOK COMPANY","2003","NOVEL","165","ENGLISH MEDIUM","DELHI","EA 11",,,,"R.L.STEVENSON","NOVEL","165",,,"$30.00",,,,,,,,,,,,,
"WUTHERING HEIGHTS","2002",,"ROHAN BOOK COMPANY","2003","NOVEL","166","ENGLISH MEDIUM","DELHI","EA 14",,,,"EMILY BRONTE","NOVEL","166",,,"$30.00",,,,,,,,,,,,,
"PUZZLE PALS CROSSWORD","2002",,"PLAYMORE INTERNATIONAL","2003","GK","167","ENGLISH MEDIUM",,"EK 25",,,,,"GK","167",,,"$35.00",,,,,,,,,,,,,
"KNOW ABOUT VANISHED SPECIES","2002",,"GOODWILLS","2003","SCIENCE","172","ENGLISH MEDIUM","NEW DELHI","EFD 5",,,,"KIRAN GUPTA","SCIENCE","172",,,"$60.00",,,,,,,,,,,,,
"THE STORY OF GANDHI","2002",,"CHILDREN BOOK TRUST","2003","BIOGRAPHY","173","ENGLISH MEDIUM",,"EB 1",,,,"RAJKUMARI SHANKA","BIOGRAPHY","173",,,"$40.00",,,,,,,,,,,,,
"KNOW ABOUT MAMMALS","2002",,"GOODWILLS","2003","SCIENCE","174","ENGLISH MEDIUM","NEW DELHI","EFD 4",,,,"KIRAN GUPTA","SCIENCE","174",,,"$60.00",,,,,,,,,,,,,
"KNOW ABOUT BIRDS","2002",,"GOODWILLS","2003","SCIENCE","175","ENGLISH MEDIUM","DELHI","EFD 1",,,,"KIRAN GUPTA","SCIENCE","175",,,"$60.00",,,,,,,,,,,,,
"KNOW ABOUT FISHES","2002",,"GOODWILLS PUBLISHING HOUSE","2003","SCIENCE","176","ENGLISH MEDIUM","NEW DELHI","EFD 3",,,,"KIRAN GUPTA","SCIENCE","176",,,"$60.00",,,,,,,,,,,,,
"PREHISTORIC ANIMALS AND REPTILES","2002",,"MACAN PUBLISHING","2003","SCIENCE","177","ENGLISH MEDIUM","CHENNAI","EFD 33",,,,,"SCIENCE","177",,,"$60.00",,,,,,,,,,,,,
"KNOW ABOUT REPTILES ANDAMPHIBIANS","2002",,"GOODWILLS","2003","SCIENCE","178","ENGLISH MEDIUM","DELHI","EFD 2",,,,"KIRAN GUPTA","SCIENCE","178",,,"$60.00",,,,,,,,,,,,,
"ALL YOU WANT TO KNOW ABOUT ANIMALS","2002",,"GOODWILLS","2003","SCIENCE","179","ENGLISH MEDIUM","CHENNAI","EFD 32",,,,"KIRAN GUPTA","SCIENCE","179",,,"$60.00",,,,,,,,,,,,,
"SEA CREATURES AND FISHES","2002",,"MACAN PUBLISHING","2003","SCIENCE","180","ENGLISH MEDIUM",,"EFD 32",,,,,"SCIENCE","180",,,"$60.00",,,,,,,,,,,,,
"ALICE IN WONDERLAND","2002",,"LEARNERS PUBLISHING","2003","STORY BOOK","189","ENGLISH MEDIUM","NEW DELHI","EEB 60",,,,"JANET RIECHEEKY","STORY BOOK","189",,,"$25.00",,,,,,,,,,,,,
"PINOCCHIO",,,"LEARNERS PUBLISHING","2003","CHILDREN LITERATURE","195","ENGLISH MEDIUM",,"EEB 58",,,,"JANE BELK","CHILDREN LITERATURE","195",,,"$25.00",,,,,,,,,,,,,
"ANIMAL KINGDOM","2002",,"DREAMLAND PUBLICATIONS","2003","SCIENCE","198","ENGLISH MEDIUM","DELHI","EFD 13",,,,"T.R. BHANOT","SCIENCE","198",,,"$60.00",,,,,,,,,,,,,
"CHILDRENS PICTURE DICTIONARY","2002",,"ARORA BOOK COMPANY","2003","ACADEMIC","209","ENGLISH MEDIUM",,"EH 4",,,,"DHARAM DEV ARORA","ACADEMIC","209",,,"$80.00",,,,,,,,,,,,,
"OXFORD CHIIDRENS COLOUR DICTIONARY","2002",,"OXFORD UNI PRESS","2003","GRAMMER","210","ENGLISH MEDIUM",,"EFA 5",,,,,"GRAMMER","210",,,"$150.00",,,,,,,,,,,,,
"KNOW ABOUT COMMON DISEASES","2002",,"DREAMLAND PUBLICATIONS","2003","SCIENCE","224","ENGLISH MEDIUM",,"EFD 31",,,,"T.R. BHANOT","SCIENCE","224",,,"$60.00",,,,,,,,,,,,,
"KNOW ABOUT YOUR BODY CARE","1999",,"DREAMLAND PUBLICATIONS","2003","SCIENCE","225","ENGLISH MEDIUM",,"EFD 29",,,,"T.R. BHANOT","SCIENCE","225",,,"$60.00",,,,,,,,,,,,,
"MY FIRST DICTIONARY","1999",,"NEVE BUSINESS PUBLICATION ","2003","GRAMMER","227","ENGLISH MEDIUM","MUMBAI","EH 3",,,,"TERRY BURTON","GRAMMER","227",,,"$80.00",,,,,,,,,,,,,
"ILLUSTRATED DICTIONARY","2002",,"YOUNG LEARNER PUBLICATIONS","2003","ACADEMIC","228","ENGLISH MEDIUM",,"EH 2",,,,,"ACADEMIC","228",,,"$95.00",,,,,,,,,,,,,
"THREE GOATS AND MONSTER","2002",,,"2003","CHILDREN LITERATURE","233","ENGLISH MEDIUM",,"EEB 259",,,,,"CHILDREN LITERATURE","233",,,"$25.00",,,,,,,,,,,,,
"JUNGLE JUNGLES THE DONKEYS DOWNFALL","2002",,"POPULAR PRAKASHAN","2003","CHILDREN LITERATURE","238","ENGLISH MEDIUM",,"EEB 17",,,,,"CHILDREN LITERATURE","238",,,"$35.00",,,,,,,,,,,,,
"ANOKHA UPHAR","2002",,"CHILDREN BOOK TRUST","2003","HINDI","265","ENGLISH MEDIUM",,"EEC 7",,,,"KAMELA CHAWLA","HINDI","265",,,"$23.00",,,,,,,,,,,,,
"MUCHE TANE PAUCHE THANE","2002",,"CHILDREN BOOK TRUST","2003","HINDI","266","ENGLISH MEDIUM",,"EEC 9",,,,,"HINDI","266",,,"$15.00",,,,,,,,,,,,,
"GOPAL BHAND","2002",,"CHILDREN BOOK TRUST","2003","HINDI","267","ENGLISH MEDIUM",,"EEC 6",,,,"ACHARYA PARAMHANS","HINDI","267",,,"$25.00",,,,,,,,,,,,,
"MANMOUJI MAMAJI","2002",,"DREAMLAND PUBLICATIONS","2003","HINDI","268","ENGLISH MEDIUM",,"EEC 8",,,,"JRA SAXENA","HINDI","268",,,"$18.00",,,,,,,,,,,,,
"CHANDAMA KA PAJAM","2002",,"CHILDREN BOOK TRUST","2003","HINDI","270","ENGLISH MEDIUM",,"EEC 5",,,,,"HINDI","270",,,"$17.00",,,,,,,,,,,,,
"INSHAAN KA BETA","2002",,"CHILDREN BOOK TRUST","2003","HINDI","271","ENGLISH MEDIUM",,"EEC 5",,,,"ALKA PATHAK","HINDI","271",,,"$20.00",,,,,,,,,,,,,
"LAUT KE BUDHU GHAR KO AAYE","2002",,"CHILDREN BOOK TRUST","2003","HINDI","272","ENGLISH MEDIUM",,"EEC 12",,,,"SAROJINI PRITAM","HINDI","272",,,"$20.00",,,,,,,,,,,,,
"KILKARI","2002",,"CHILDREN BOOK TRUST","2003","HINDI","273","ENGLISH MEDIUM",,"EEC 11",,,,"RAMESH TRIVEDI","HINDI","273",,,"$20.00",,,,,,,,,,,,,
"MERE SHISHU GEET","2002",,"CHILDREN BOOK TRUST","2003","HINDI","274","ENGLISH MEDIUM",,"EEC 13",,,,"PRITVANLI MAHURTI","HINDI","274",,,"$17.00",,,,,,,,,,,,,
"MURKHO KA SWARG","2002",,"CHILDREN BOOK TRUST","2003","HINDI","275","ENGLISH MEDIUM",,"EEC 4",,,,"SHANKAR","HINDI","275",,,"$15.00",,,,,,,,,,,,,
"AESOPS FABLES",,,"NAVNEET ","2003","CHILDREN LITERATURE","290","ENGLISH MEDIUM","MUMBAI","EEB 106",,,,"YOGESH JOSHI","CHILDREN LITERATURE","290",,,"$45.00",,,,,,,,,,,,,
"MY ALBUM OF BIRDS","2002",,"NAVNEET PUBLICATION","2003","ACADEMIC","298","ENGLISH MEDIUM",,"EH 10",,,,,"ACADEMIC","298",,,"$20.00",,,,,,,,,,,,,
"MY ALBUM OF NUMBERS","2002",,"NAVNEET PUBLICATION","2003","ACADEMIC","299","ENGLISH MEDIUM",,"EH 11",,,,,"ACADEMIC","299",,,"$20.00",,,,,,,,,,,,,
"MY ALBUM OF FLOWERS","2002",,"NAVNEET ","2003","ACADEMIC","300","ENGLISH MEDIUM","MUMBAI","EH 12",,,,,"ACADEMIC","300",,,"$25.00",,,,,,,,,,,,,
"MY ALBUM OF FRUITS","2002",,"NAVNEET ","2003","ACADEMIC","302","ENGLISH MEDIUM","MUMBAI","EH 14",,,,,"ACADEMIC","302",,,"$20.00",,,,,,,,,,,,,
"MY ALBUM OF WILD ANIMALS","2002",,"NAVNEET PUBLICATION","2003","ACADEMIC","303","ENGLISH MEDIUM",,"EH 15",,,,,"ACADEMIC","303",,,"$20.00",,,,,,,,,,,,,
"MY ALBUM OF SHAPES & COLOURS","2002",,"NAVNEET PUBLICATION","2003","ACADEMIC","304","ENGLISH MEDIUM",,"EH 16",,,,,"ACADEMIC","304",,,"$20.00",,,,,,,,,,,,,
"MY ALBUM OF SEA ANIMALS","2002",,"NAVNEET PUBLICATION","2003","ACADEMIC","305","ENGLISH MEDIUM",,"EH 17",,,,,"ACADEMIC","305",,,"$20.00",,,,,,,,,,,,,
"MY ALBUM OF DOMESTIC ANIMALS","2002",,"NAVNEET PUBLICATION","2003","ACADEMIC","306","ENGLISH MEDIUM",,"EH 18",,,,,"ACADEMIC","306",,,"$20.00",,,,,,,,,,,,,
"MY ALBUM OF DINOSAURS","2002",,"NAVNEET PUBLICATION","2003","ACADEMIC","308","ENGLISH MEDIUM",,"EH 20",,,,,"ACADEMIC","308",,,"$20.00",,,,,,,,,,,,,
"MY ALBUM OF AMPHIBIAN","2002",,"NAVNEET PUBLICATION","2003","ACADEMIC","309","ENGLISH MEDIUM",,"EH 21",,,,,"ACADEMIC","309",,,"$20.00",,,,,,,,,,,,,
"MY ALBUM OF ABC","2002",,"NAVNEET PUBLICATION","2003","ACADEMIC","310","ENGLISH MEDIUM",,"EH 22",,,,,"ACADEMIC","310",,,"$20.00",,,,,,,,,,,,,
"MY ALBUM OF OPPOSITES","2002",,"NAVNEET PUBLICATION","2003","ACADEMIC","311","ENGLISH MEDIUM",,"EH 23",,,,,"ACADEMIC","311",,,"$20.00",,,,,,,,,,,,,
"MY ALBUM OF VEHICLES","2002",,"NAVNEET PUBLICATION","2003","ACADEMIC","312","ENGLISH MEDIUM",,"EH 24",,,,,"ACADEMIC","312",,,"$20.00",,,,,,,,,,,,,
"ITS STORY TIME 3","2002",,"NAVNEET ","2003","CHILDREN LITERATURE","315","ENGLISH MEDIUM","MUMBAI","EEB 117",,,,"ASMITA BHATT","CHILDREN LITERATURE","315",,,"$30.00",,,,,,,,,,,,,
"MY BEDTIME STORIES 2",,,"NAVNEET ","2003","CHILDREN LITERATURE","319","ENGLISH MEDIUM","MUMBAI","EEB 121",,,,"ASMITA BHATT","CHILDREN LITERATURE","319",,,"$30.00",,,,,,,,,,,,,
"VIKAS STORIES FOR CHILDREN BLUE BOOK","2002",,"NAVNEET ","2003","CHILDREN LITERATURE","324","ENGLISH MEDIUM","MUMBAI","EEB 148",,,,"M.K.SAMPAT","CHILDREN LITERATURE","324",,,"$30.00",,,,,,,,,,,,,
"VIKAS STORIES FOR CHILDREN GREEN BOOK","2002",,"NAVNEET ","2004","CHILDREN LITERATURE","329","ENGLISH MEDIUM","MUMBAI","EEB 153",,,,"C.K.SAMPAT","CHILDREN LITERATURE","329",,,"$25.00",,,,,,,,,,,,,
"RAMAYA (ENGLISH)","2002",,"NAVNEET PUBLICATION","2003","CHILDREN LITERATURE","330","ENGLISH MEDIUM",,"EEB 2",,,,"KUMAR JEMINI","CHILDREN LITERATURE","330",,,"$160.00",,,,,,,,,,,,,
"MAHABHARATA (ENGLISH)","2002",,"NAVNEET PUBLICATION","2003","CHILDREN LITERATURE","332","ENGLISH MEDIUM",,"EEB 1",,,,"SMT U J SHASTRI","CHILDREN LITERATURE","332",,,"$250.00",,,,,,,,,,,,,
"DICTIONARY OF PROVERBS","2002",,"PUSTAK MAHAL","2003","GRAMMER","334","ENGLISH MEDIUM","DELHI","EFA19",,,,,"GRAMMER","334",,,"$30.00",,,,,,,,,,,,,
"HOW TO DEVELOPE SELF CONFIDENCE AND INFLUENCE PEOPLE","2002",,,"2003","PERSONALITY DEVELOPEMENT","336","ENGLISH MEDIUM",,"EP 5",,,,"DALE CARNEGIE","PERSONALITY DEVELOPEMENT","336",,,"$95.00",,,,,,,,,,,,,
"MODERNS POCKET BOOK OF QUOTATIONS","2003",,"M.B.D. PUBLISHERS ","2003","GRAMMER","338","ENGLISH MEDIUM","DELHI","EFA 16",,,,,"GRAMMER","338",,,"$85.00",,,,,,,,,,,,,
"FAMOUS TALES OF TENALIRAMA","2002",,"APPLE BOOKS","2003","STORY BOOK","341","ENGLISH MEDIUM","CHENNAI","EEB 11",,,,,"STORY BOOK","341",,,"$45.00",,,,,,,,,,,,,
"SAVING ENDANGERED BIRDS","2002",,"FRANKLIN WATTS","2003","SCIENCE","342","ENGLISH MEDIUM","LONDON","EKB 1",,,,"THANE MAYMAND","SCIENCE","342",,,"$95.00",,,,,,,,,,,,,
"THE IMMORTAL CHARACTERS OF MAHABHARATA-2","2002",,"NAVNEET PUBLICATION","2003","CHILDREN LITERATURE","345","ENGLISH MEDIUM",,"EEB 100",,,,"YOGESH JOSHI","CHILDREN LITERATURE","345",,,"$45.00",,,,,,,,,,,,,
"THE IMMORTAL CHARACTER OF THE MAHABHARATA","2002",,"NAVNEET ","2003","CHILDREN LITERATURE","346","ENGLISH MEDIUM","MUMBAI","EEB 101",,,,"YOGESH JOSHI","CHILDREN LITERATURE","346",,,"$45.00",,,,,,,,,,,,,
"THE IMMORTAL CHARACTERS OF MAHABHARATA-5","2002",,"NAVNEET PUBLICATION","2003","CHILDREN LITERATURE","348","ENGLISH MEDIUM",,"EEB 103",,,,"YOGESH JOSHI","CHILDREN LITERATURE","348",,,"$45.00",,,,,,,,,,,,,
"FAIRY TALES","2002",,"NAVNEET ","2003","CHILDREN LITERATURE","355","ENGLISH MEDIUM","MUMBAI","EEB 129",,,,"BHIKABHAI SUTHAR","CHILDREN LITERATURE","355",,,"$30.00",,,,,,,,,,,,,
"HITOPADESH 4","2002",,"NAVNEET ","2004","CHILDREN LITERATURE","361","ENGLISH MEDIUM","MUMBAI","EEB 145",,,,"YOGESH JOSHI","CHILDREN LITERATURE","361",,,"$40.00",,,,,,,,,,,,,
"GRANDPAS STORIES 1","2002",,"NAVNEET","2003","CHILDREN LITERATURE","363","ENGLISH MEDIUM","MUMBAI","EEB 110",,,,"MOHANBHAI S. PATEL","CHILDREN LITERATURE","363",,,"$30.00",,,,,,,,,,,,,
"GRANDPAS STORIES 1","2002",,"NAVNEET PUBLICATION","2003","CHILDREN LITERATURE","364","ENGLISH MEDIUM",,"EEB 111",,,,"MOHANBHAI S PATEL","CHILDREN LITERATURE","364",,,"$30.00",,,,,,,,,,,,,
"100 QUESTIONS AND ANSWERS PLANET EARTH","1994",,"NAVNEET PUBLICATIONS INDIA","2003","SCIENCE","369","ENGLISH MEDIUM","MUMBAI","EK 12",,,,"ROGER COOTE","SCIENCE","369",,,"$70.00",,,,,,,,,,,,,
"100 QUESTIONS AND ANSWERS DINOSAURS","2002",,"NAVNEET ","2003","GK","371","ENGLISH MEDIUM","MUMBAI","EK 11",,,,"JOHN COOPER","GK","371",,,"$70.00",,,,,,,,,,,,,
"100 QUESTIONS AND ANSWERS EXPLORERS","2002",,"NAVNEET ","2003","GK","372","ENGLISH MEDIUM","MUMBAI","EK 10",,,,"MARGARETTE LINCOLN","GK","372",,,"$70.00",,,,,,,,,,,,,
"100 QUESTIONS AND ANSWERS WORLDS WEATHER AND CLIMATE","2002",,"NAVNEET PUBLICATIONS INDIA LTD","2003","SCIENCE","373","ENGLISH MEDIUM","MUMBAI","EK 13",,,,"DICK FILE","SCIENCE","373",,,"$70.00",,,,,,,,,,,,,
"100 QUESTIONS AND ANSWERS","2002",,"NAVNEET","2003","SCIENCE","374","ENGLISH MEDIUM","MUMBAI","EK 14",,,,"LAURA WADE","SCIENCE","374",,,"$70.00",,,,,,,,,,,,,
"FUTURE TECH SATELLITE","2002",,"NAVNEET ","2003","SCIENCE","376","ENGLISH MEDIUM","MUMBAI","EFD 20",,,,"STEVE PARKER","SCIENCE","376",,,"$70.00",,,,,,,,,,,,,
"FUTURE TECH COMMUNICATIONS","2002",,"NAVNEET ","2003","SCIENCE","377","ENGLISH MEDIUM","MUMBAI","EFD 22",,,,"STEVE PARKER","SCIENCE","377",,,"$70.00",,,,,,,,,,,,,
"FUTURE TECH COMPUTERS","2002",,"NAVNEET","2003","SCIENCE","378","ENGLISH MEDIUM","MUMBAI","EFH 1",,,,"STEVE PARKER","SCIENCE","378",,,"$70.00",,,,,,,,,,,,,
"LOOK AT YOUR BODY MUSCLES","2002",,"NAVNEET ","2003","SCIENCE","379","ENGLISH MEDIUM","MUMBAI","EFD 26",,,,"STEVE PARKER","SCIENCE","379",,,"$70.00",,,,,,,,,,,,,
"LOOK AT YOUR BODY SKELETON","2002",,"NAVNEET PUBLICATION","2003","SCIENCE","380","ENGLISH MEDIUM",,"EFD 25",,,,"STEVE PARKER","SCIENCE","380",,,"$70.00",,,,,,,,,,,,,
"LOOK AT YOUR BODY BLOOD","2002",,"NAVNEET PUBLICATION","2003","SCIENCE","381","ENGLISH MEDIUM",,"EFD 24",,,,"STEVE PARKER","SCIENCE","381",,,"$70.00",,,,,,,,,,,,,
"LOOK AT YOUR BODY SENCES","2002",,"NAVNEET PUBLICATION","2003","SCIENCE","382","ENGLISH MEDIUM",,"EFD 27",,,,"STEVE PARKER","SCIENCE","382",,,"$70.00",,,,,,,,,,,,,
"LOOK AT YOUR BODY LUNGS","2002",,"NAVNEET PUBLICATION","2003","SCIENCE","383","ENGLISH MEDIUM",,"EFD 23",,,,"STEVE PARKER","SCIENCE","383",,,"$70.00",,,,,,,,,,,,,
"LOOK AT YOUR BODY BRAIN","2002",,"NAVNEET PUBLICATION","2003","SCIENCE","384","ENGLISH MEDIUM",,"EFD 28",,,,"STEVE PARKER","SCIENCE","384",,,"$70.00",,,,,,,,,,,,,
"THE SEVEN WONDERS 1","2002",,"NAVNEET PUBLICATION","2003","GK","386","ENGLISH MEDIUM",,"EK 6",,,,"STEVE PARKER","GK","386",,,"$75.00",,,,,,,,,,,,,
"SCIENCE DISCOVERY SOUND AND MUSIC","1994",,"NAVNEET ","2003","SCIENCE","387","ENGLISH MEDIUM","MUMBAI","EFD 6",,,,"ALAN WORD","SCIENCE","387",,,"$55.00",,,,,,,,,,,,,
"SCIENCE DISCOVERY LIGHT AND COLOUR","2002",,"NAVNEET ","2003","SCIENCE","388","ENGLISH MEDIUM","MUMBAI","EFD 11",,,,"ALAN WORD","SCIENCE","388",,,"$55.00",,,,,,,,,,,,,
"SCIENCE DISCOVERY PLANTS AND ANIMALS","2002",,"NAVNEET ","2003","SCIENCE","389","ENGLISH MEDIUM","MUMBAI","EFD 7",,,,"ALAM WORD","SCIENCE","389",,,"$55.00",,,,,,,,,,,,,
"SCIENCE DISCOVERY WATER AND FLOATING","2002",,"NAVNEET ","2003","SCIENCE","390","ENGLISH MEDIUM","MUMBAI","EFD 12",,,,"ALAN WORD","SCIENCE","390",,,"$55.00",,,,,,,,,,,,,
"SCIENCE DISCOVERY MACHINES AT WORK","2002",,"NAVNEET ","2003","SCIENCE","392","ENGLISH MEDIUM","MUMBAI","EFD 8",,,,"ALAN WORD","SCIENCE","392",,,"$55.00",,,,,,,,,,,,,
"SCIENCE DISCOVERY SKY AND WEATHERS","2002",,"NAVNEET","2003","SCIENCE","393","ENGLISH MEDIUM","MUMBAI","EFD 10",,,,"ALAM WORD","SCIENCE","393",,,"$55.00",,,,,,,,,,,,,
"AROUND THE CHILD 1","2002",,"NAVNEET PUBLICATION","2003","ACADEMIC","396","ENGLISH MEDIUM",,"EH 25",,,,,"ACADEMIC","396",,,"$30.00",,,,,,,,,,,,,
"RANTHAMBORE ADVENTURE","2003",,"NAVNEET","2004","GRAMMER","398","ENGLISH MEDIUM","MUMBAI","EFA 1",,,,"DEEPAK DALAL","GRAMMER","398",,,"$90.00",,,,,,,,,,,,,
"TAKE IT APART CRUSE LINER","2003",,"NAVNEET ","2004","SCIENCE","400","ENGLISH MEDIUM","MUMBAI","EFD 40",,,,"CHRIS OXLADE","SCIENCE","400",,,"$50.00",,,,,,,,,,,,,
"TAKE IT APART HELICOPTER","2003",,"NAVNEET ","2004","SCIENCE","401","ENGLISH MEDIUM","MUMBAI","EFD 39",,,,"CHRIS OXLADE","SCIENCE","401",,,"$50.00",,,,,,,,,,,,,
"TAKE IT APARTSPACE SHUTTLE","2003",,"NAVNEET ","2004","SCIENCE","402","ENGLISH MEDIUM","MUMBAI","EFD 38",,,,"CHRIS OXLADE","SCIENCE","402",,,"$50.00",,,,,,,,,,,,,
"TAKE IT APART CAR","2002",,"NAVNEET ","2004","SCIENCE","403","ENGLISH MEDIUM","MUMBAI","EFD 37",,,,"CHRIS OXLADE","SCIENCE","403",,,"$50.00",,,,,,,,,,,,,
"TAKE IT APARTPLANE 5","2002",,"NAVNEET","2004","SCIENCE","404","ENGLISH MEDIUM","MUMBAI","EFD 36",,,,"CHRIS OXLADE","SCIENCE","404",,,"$50.00",,,,,,,,,,,,,
"TAKE IT APARTFIRE ENGINE","2002",,"NAVNEET ","2004","SCIENCE","405","ENGLISH MEDIUM","MUMBAI","EFD 35",,,,"CHRIS OXLODE","SCIENCE","405",,,"$50.00",,,,,,,,,,,,,
"E-MAIL","2003",,"NAVNEET PUBLICATION","2004","COMPUTER","406","ENGLISH MEDIUM",,"EFH 3",,,,"MARK WALLACE","COMPUTER","406",,,"$70.00",,,,,,,,,,,,,
"WEBSITE","2003",,"NAVNEET PUBLICATION","2004","COMPUTER","407","ENGLISH MEDIUM",,"EFH 2",,,,"PHILLIPA WINGALE","COMPUTER","407",,,"$70.00",,,,,,,,,,,,,
"THE ARABIAN NIGHTS 7","2003",,"NAVNEET ","2004","CHILDREN LITERATURE","413","ENGLISH MEDIUM","MUMBAI","EEB 159",,,,"ASMITA BHATT","CHILDREN LITERATURE","413",,,"$30.00",,,,,,,,,,,,,
"STORIES FOR CHILDREN 1","2003",,"NAVNEET","2004","CHILDREN LITERATURE","415","ENGLISH MEDIUM","MUMBAI","EEB 3",,,,"C.K.SAMPAT","CHILDREN LITERATURE","415",,,"$85.00",,,,,,,,,,,,,
"A VISION OF INDIA (100 YRS)","2002",,"NAVNEET PUBLICATION","2003","GK","424","ENGLISH MEDIUM",,"EK 1",,,,"SWARN KHANDPUR","GK","424",,,"$125.00",,,,,,,,,,,,,
"A VISION OF INDIA (PROFILES IN EXCELLENCE)","2002",,"NAVNEET PUBLICATION","2003","GK","425","ENGLISH MEDIUM",,"EK 3",,,,"SWARN KHANDPUR","GK","425",,,"$70.00",,,,,,,,,,,,,
"A VISION OF INDIA (RAJASTHAN)","2002",,"NAVNEET PUBLICATION","2003","GK","426","ENGLISH MEDIUM",,"EK 5",,,,"SWARN KHANDPUR","GK","426",,,"$70.00",,,,,,,,,,,,,
"MERA BHARAT","2002",,"NAVNEET PUBLICATION","2003","GK","428","ENGLISH MEDIUM",,"EK 2",,,,"SWARN KHANDPUR","GK","428",,,"$50.00",,,,,,,,,,,,,
"NAVNEET QUIZ","2002",,"NAVNEET","2003","GK","438","ENGLISH MEDIUM","MUMBAI","EK 20",,,,"ROSHAN TOLANI","GK","438",,,"$20.00",,,,,,,,,,,,,
"READ AND GROW A1","2002",,"NAVNEET","2003","CHILDREN LITERATURE","442","ENGLISH MEDIUM","MUMBAI","EEB 233",,,,"GRETA JACKSON","CHILDREN LITERATURE","442",,,"$18.00",,,,,,,,,,,,,
"READ AND GROW A4","2002",,"NAVNEET","2003","STORY BOOK","445","ENGLISH MEDIUM","MUMBAI","EEB 236",,,,"GRETA JACKSON","STORY BOOK","445",,,"$18.00",,,,,,,,,,,,,
"READ AND GROW B1","2002",,"NAVNEET ","2003","STORY BOOK","446","ENGLISH MEDIUM","MUMBAI","EEB 237",,,,"GRETA JACKSON","STORY BOOK","446",,,"$18.00",,,,,,,,,,,,,
"READ AND GROW B2","2002",,"NAVNEET ","2003","STORY BOOK","447","ENGLISH MEDIUM","MUMBAI","EEB 238",,,,"GRETA JACKSON","STORY BOOK","447",,,"$18.00",,,,,,,,,,,,,
"READ AND GROW B3",,,"NAVNEET ","2003","CHILDREN LITERATURE","448","ENGLISH MEDIUM","MUMBAI","EEB 239",,,,,"CHILDREN LITERATURE","448",,,"$18.00",,,,,,,,,,,,,
"READ AND GROW B4","2002",,"NAVNEET","2003","CHILDREN LITERATURE","449","ENGLISH MEDIUM","MUMBAI","EEB 240",,,,"GRETA JACKSON","CHILDREN LITERATURE","449",,,"$18.00",,,,,,,,,,,,,
"READ AND GROW C1","2002",,"NAVNEET","2003","CHILDREN LITERATURE","450","ENGLISH MEDIUM","MUMBAI","EEB 241",,,,"GRETA JACKSON","CHILDREN LITERATURE","450",,,"$18.00",,,,,,,,,,,,,
"READ AND GROW C2","2002",,"NAVNEET","2003","STORY BOOK","451","ENGLISH MEDIUM","MUMBAI","EEB 242",,,,"ROWENA GAY","STORY BOOK","451",,,"$18.00",,,,,,,,,,,,,
"READ AND GROW C3","2002",,"NAVNEET","2003","STORY BOOK","452","ENGLISH MEDIUM","MUMBAI","EEB 243",,,,"GRETA JACKSON","STORY BOOK","452",,,"$18.00",,,,,,,,,,,,,
"READ AND GROW C4","2002",,"NAVNEET","2003","CHILDREN LITERATURE","453","ENGLISH MEDIUM","MUMBAI","EEB 244",,,,"GRETA JACKSON","CHILDREN LITERATURE","453",,,"$18.00",,,,,,,,,,,,,
"READ AND GROW D1",,,"NAVNEET ","2003","STORY BOOK","454","ENGLISH MEDIUM","MUMBAI","EEB 245",,,,"POOJA SRINIVAS","STORY BOOK","454",,,"$20.00",,,,,,,,,,,,,
"READ AND GROW D2","2002",,"NAVNEET","2003","STORY BOOK","455","ENGLISH MEDIUM","MUMBAI","EEB 246",,,,"ARCHANA SUTHAR","STORY BOOK","455",,,"$18.00",,,,,,,,,,,,,
"READ AND GROW D3",,,"NAVNEET","2003","STORY BOOK","456","ENGLISH MEDIUM","MUMBAI","EEB 247",,,,"RANGU SRINIVAS","STORY BOOK","456",,,"$20.00",,,,,,,,,,,,,
"READ AND GROW D4","2002",,"NAVNEET","2003","STORY BOOK","457","ENGLISH MEDIUM","MUMBAI","EEB 248",,,,"ROWENA GAY","STORY BOOK","457",,,"$18.00",,,,,,,,,,,,,
"OXFORD ADVANCED LEARNERS DICTIONARY","2002",,"OXFORD UNI PRESS","2003","GRAMMER","460","ENGLISH MEDIUM","NEW DELHI","EFA 1",,,,"SALLY WEHMEIER","GRAMMER","460",,,"$395.00",,,,,,,,,,,,,
"AROUND THE CHILD 2","2002",,"NAVNEET PUBLICATION","2003","ACADEMIC","461","ENGLISH MEDIUM",,"EH 27",,,,,"ACADEMIC","461",,,"$25.00",,,,,,,,,,,,,
"AROUND THE CHILD 3","2002",,"NAVNEET PUBLICATION","2003","ACADEMIC","462","ENGLISH MEDIUM",,"EH 28",,,,,"ACADEMIC","462",,,"$25.00",,,,,,,,,,,,,
"AROUND THE CHILD 4","2002",,"NAVNEET PUBLICATION","2003","ACADEMIC","463","ENGLISH MEDIUM",,"EH 29",,,,,"ACADEMIC","463",,,"$25.00",,,,,,,,,,,,,
"AROUND THE CHILD 5","2002",,"NAVNEET PUBLICATION","2003","ACADEMIC","464","ENGLISH MEDIUM",,"EH 30",,,,,"ACADEMIC","464",,,"$25.00",,,,,,,,,,,,,
"AROUND THE CHILD 6","2002",,"NAVNEET PUBLICATION","2003","ACADEMIC","465","ENGLISH MEDIUM",,"EH 31",,,,,"ACADEMIC","465",,,"$25.00",,,,,,,,,,,,,
"STORIES FOR CHILDREN 3","2002",,"NAVNEET ","2003","STORY BOOK","466","ENGLISH MEDIUM","MUMBAI","EEB 4",,,,"C.K.SAMPAT","STORY BOOK","466",,,"$85.00",,,,,,,,,,,,,
"FAIRY TALES 6","2002",,"NAVNEET ","2003","CHILDREN LITERATURE","475","ENGLISH MEDIUM","MUMBAI","EEB 132",,,,"BHIKABHAI SUTHAR","CHILDREN LITERATURE","475",,,"$30.00",,,,,,,,,,,,,
"DICTIONARY OF SYNONYMS AND ANTONYMS","2002",,"OXFORD UNI PRESS","2003","GRAMMER","490","ENGLISH MEDIUM","NEW DELHI","EFA 23",,,,"MOHAN PRIMLANI","GRAMMER","490",,,"$135.00",,,,,,,,,,,,,
"SELECTED STORIES OF WILLIAM SAKESPEARE","2002",,"SHREEJIS BOOK INTER","2003","DRAMA","492","ENGLISH MEDIUM",,"ED 19",,,,,"DRAMA","492",,,"$200.00",,,,,,,,,,,,,
"BACCHAN KI PRATIBHA KAISE NIKHARE","2002",,"MANOJ PUBLICATION","2003","ACADEMIC","494","ENGLISH MEDIUM",,"EH 33",,,,"P K ARYA","ACADEMIC","494",,,"$60.00",,,,,,,,,,,,,
"HOW TO MAKE A GREAT PRESENTATION IN 2 HOURS","2002",,"PUSTAKK MAHAL","2003","PERSONALITY DEVELOPEMENT","495","ENGLISH MEDIUM",,"EP 13",,,,"FRANK POOLO","PERSONALITY DEVELOPEMENT","495",,,"$80.00",,,,,,,,,,,,,
"TECHNIQUES OF END GAMES IN CHESSQ","2002",,"GOODWILLS","2003","SPORTS","497","ENGLISH MEDIUM",,"EFG 6",,,,"B K CHATURVEDI","SPORTS","497",,,"$75.00",,,,,,,,,,,,,
"BLACK HOLES AND BABY UNIVERSES","2002",,"BANTAM BOOKS","2003","NOVELS","498","ENGLISH MEDIUM",,"EFA 21",,,,"STEPHEN HAWKING ","NOVELS","498",,,"$80.00",,,,,,,,,,,,,
"JAICOS 1001 ACTION WORDS","2002",,"JAICO PUBLICATION HOUSE","2003","ACADEMIC","499","ENGLISH MEDIUM",,"EH 34",,,,"JAICO","ACADEMIC","499",,,"$115.00",,,,,,,,,,,,,
"THE SECRES OF MAGIC","2002",,"NEW DAWN PUBLICATION","2003","OTHERS","501","ENGLISH MEDIUM",,"EKB 7",,,,"SAM DALAL","OTHERS","501",,,"$50.00",,,,,,,,,,,,,
"CHILDRENS KNOWLEDGE LIBRARY V-1","2002",,"SHIKHA PUBLICATION","2003","GK","502","ENGLISH MEDIUM",,"EK 26",,,,"AMIT UPADHYAY","GK","502",,,"$55.00",,,,,,,,,,,,,
"CHILDRENS KNOWLEDGE LIBRARY V-2","2002",,"SHIKHA PUBLICATION","2003","GK","503","ENGLISH MEDIUM",,"EK 27",,,,"AMIT UPADHYAY","GK","503",,,"$55.00",,,,,,,,,,,,,
"CHILDRENS KNOWLEDGE LIBRARY V-3","2002",,"SHIKHA PUBLICATION","2003","GK","504","ENGLISH MEDIUM",,"EK 28",,,,"AMIT UPADHYAY","GK","504",,,"$55.00",,,,,,,,,,,,,
"CHILDRENS KNOWLEDGE LIBRARY V-4","2002",,"SHIKHA PUBLICATION","2003","GK","505","ENGLISH MEDIUM",,"EK 29",,,,"AMIT UPADHYAY","GK","505",,,"$55.00",,,,,,,,,,,,,
"CHILDRENS KNOWLEDGE LIBRARY V-5","2002",,"SHIKHA PUBLICATION","2003","GK","506","ENGLISH MEDIUM",,"EK 30",,,,"AMIT UPADHYAY","GK","506",,,"$55.00",,,,,,,,,,,,,
"CHILDRENS KNOWLEDGE LIBRARY V-6","2002",,"SHIKHA PUBLICATION","2003","GK","507","ENGLISH MEDIUM",,"EK 31",,,,"AMIT UPADHYAY","GK","507",,,"$55.00",,,,,,,,,,,,,
"THE STUDENTS LITTLE DICTIONARY","2002",,"R.R.SHETH AND CO.","2003","GRAMMER","508","ENGLISH MEDIUM","MUMBAI","EFA 22",,,,"SHANTILAL OZA","GRAMMER","508",,,"$120.00",,,,,,,,,,,,,
"FIRST PHONETIC READER FOR TINY TATS","2002",,"GEETA PRESS","2003","ACADEMIC","509","ENGLISH MEDIUM",,"EH 35",,,,"AMIT UPADHYAY","ACADEMIC","509",,,"$135.00",,,,,,,,,,,,,
"WEBSTERS POCKET DICTIONARY","2002",,"CBS PUBLISHERS","2003","GRAMMER","510","ENGLISH MEDIUM",,"EFA 24",,,,,"GRAMMER","510",,,"$100.00",,,,,,,,,,,,,
"WEBSTERS POCKET DICTIONARY MEDICAL AND FIRST AID","2002",,"CBS PUBLISHERS","2003","GRAMMER","511","ENGLISH MEDIUM","NEW DELHI","EFA 28",,,,,"GRAMMER","511",,,"$150.00",,,,,,,,,,,,,
"WEBSTERS POCKET BUSINESS DICTIONARY","2001",,"CBS PUBLISHERS","2003","GRAMMER","512","ENGLISH MEDIUM","NEW DELHI","EFA 27",,,,,"GRAMMER","512",,,"$175.00",,,,,,,,,,,,,
"WEBSTERS POCKET COMPUTER DICTIONARY","2001",,"CBS PUBLISHERS","2003","GRAMMER","513","ENGLISH MEDIUM","NEW DELHI","EFA 26",,,,,"GRAMMER","513",,,"$175.00",,,,,,,,,,,,,
"WEBSTERS POCKET THESAURUS","2001",,"CBS PUBLISHERS","2003","GRAMMER","514","ENGLISH MEDIUM","NEW DELHI","EFA 25",,,,,"GRAMMER","514",,,"$175.00",,,,,,,,,,,,,
"WEBSTERS POCKET GRAMMER SPEECH,STYLE, DICTIONARY","2001",,"CBS PUBLISHERS","2003","GRAMMER","515","ENGLISH MEDIUM","NEW DELHI","EFA 30",,,,,"GRAMMER","515",,,"$175.00",,,,,,,,,,,,,
"WORLD ATLAS","2002",,"PENGUIN BOOKS","2003","GK","517","ENGLISH MEDIUM","DELHI","EK 32",,,,,"GK","517",,,"$845.00",,,,,,,,,,,,,
"THE COMPLETE MASTER MIND INDIA VOL-1","2002",,"SCHOLASTIC INDIA PVT LTD","2003","GK","518","ENGLISH MEDIUM",,"EK 37",,,,"SIDDHARTH BASU","GK","518",,,"$495.00",,,,,,,,,,,,,
"COMPLETE BOOK OF CALLIOGRAPHY","2002",,"SCHOLASTIC INDIA PVT LTD","2003","OTHERS","522","ENGLISH MEDIUM",,"EKB 11",,,,"CAROLINE YOUNG","OTHERS","522",,,"$250.00",,,,,,,,,,,,,
"MY CHILD WONT DO AS I SAY?","2002",,"SCHOLASTIC INDIA PVT LTD","2003","ACADEMIC","523","ENGLISH MEDIUM",,"EH 36",,,,"POLLY GREENBERG","ACADEMIC","523",,,"$65.00",,,,,,,,,,,,,
"MY CHILDREN DONT GET ALONG?","2002",,"SCHOLASTIC INDIA PVT LTD","2003","ACADEMIC","524","ENGLISH MEDIUM",,"EH 37",,,,"POLLY GREENBERG","ACADEMIC","524",,,"$65.00",,,,,,,,,,,,,
"MY CHILD LOSES CONTROL?","2002",,"SCHOLASTIC INDIA PVT LTD","2003","ACADEMIC","525","ENGLISH MEDIUM",,"EH 38",,,,"POLLY GREENBERG","ACADEMIC","525",,,"$65.00",,,,,,,,,,,,,
"WHOSE BRIGHT IDEA IT WAS?","2002",,"SCHOLASTIC INDIA PVT LTD","2003","GK","526","ENGLISH MEDIUM",,"EK 36",,,,"LARRY VERSTRATE","GK","526",,,"$125.00",,,,,,,,,,,,,
"101 MATHEMATICAL PROJECTS","2002",,"SCHOLASTIC INDIA PVT LTD","2003","MATHS","527","ENGLISH MEDIUM",,"EFE 2",,,,"BRAIN BOLT","MATHS","527",,,"$125.00",,,,,,,,,,,,,
"READ TO ME","2002",,"SCHOLASTIC INDIA PVT LTD","2003","ACADEMIC","528","ENGLISH MEDIUM",,"EH 39",,,,"BERRICE E CULLIN","ACADEMIC","528",,,"$125.00",,,,,,,,,,,,,
"GREAT GRAMMAR SKILL BUILDERS 2-3","2002",,"SCHOLASTIC","2003","GRAMMER","530","ENGLISH MEDIUM","NEW DELHI","EFA 32",,,,"LINDA WARD BEECH","GRAMMER","530",,,"$100.00",,,,,,,,,,,,,
"COMPLETE BOOK OF MICROSCOPE","2002",,"SCHOLASTIC","2003","SCIENCE","531","ENGLISH MEDIUM","NEW DELHI","EFD 45",,,,"KRISTEEN REEGRS","SCIENCE","531",,,"$250.00",,,,,,,,,,,,,
"ENJOYABLE GRAMMAR","2002",,"SCHOLASTIC","2003","GRAMMER","532","ENGLISH MEDIUM","NEW DELHI","EFA 31",,,,"SCHEHERAZADE ALIM","GRAMMER","532",,,"$100.00",,,,,,,,,,,,,
"GREAT STORIES BY NOBEL PRIZE WINNER","2002",,"SCHOLASTIC INDIA PVT LTD","2003","NOVEL","533","ENGLISH MEDIUM",,"EA 18",,,,"LEO HAMALIN","NOVEL","522",,,"$195.00",,,,,,,,,,,,,
"NAVNEET BOOK OF WORLD QUIZ","2002",,"NAVNEET PUBLICATION","2003","GK","535","ENGLISH MEDIUM",,"EK 38",,,,"ROSHAN TOLANI","GK","522",,,"$50.00",,,,,,,,,,,,,
"ULLTIMATE VISUAL DICTIONARY","2002",,"DARLING KINDERSLEEY","2003","GRAMMER","536","ENGLISH MEDIUM","LONDON","EK 39",,,,,"GRAMMER","536",,,"$500.00",,,,,,,,,,,,,
"FESTIVALS OF INDIA","2002",,"HAR ANAND PUB","2003","GK","537","ENGLISH MEDIUM","DELHI","EK 42",,,,"SHOBHA ZGUPTA","GK","537",,,"$130.00",,,,,,,,,,,,,
"SPRING OF INSPIRATION","2002",,"ALPHA INTERNATIONAL","2003","PERSONALITY DEVELOPMENT","538","ENGLISH MEDIUM",,"EP 14",,,,"DR JEETENDRA ADHIYA","PERSONALITY DEVELOPMENT","522",,,"$70.00",,,,,,,,,,,,,
"SELF EVALUTION","2002",,"DISCOVER PUB HOUSE","2003","PERSONALITY DEVELOPMENT","539","ENGLISH MEDIUM",,"EP 15",,,,"D BHASKARA RAO","PERSONALITY DEVELOPMENT","522",,,"$65.00",,,,,,,,,,,,,
"TEAM PROBLEM SOLVING","2002",,"VIAVA BOOKS PVT LTD","2003","PERSONALITY DEVELOPMENT","542","ENGLISH MEDIUM",,"EP 18",,,,"SANDY POKRAS","PERSONALITY DEVELOPMENT","522",,,"$99.00",,,,,,,,,,,,,
"MANAGEMENT GOALS THROUGH POETRY","2003",,"ENGLISH EDITION","2013","PERSONALITY DEVELOPEMENT","543","ENG MED","MUMBAI","EP 19",,,,"SATISH KAKRI","PERSONALITY DEVELOPEMENT","543",,,"$95.00",,,,,,,,,,,,,
"EVERYONES GUIDE YO EFFECTIVE WRITING 2ND EDITION","2003",,"2M PUBLISHING INTER","2004","GRAMMER","545","ENGLISH MEDIUM","CHENNAI","EFA 34",,,,"I JAYKARAN","GRAMMER","545",,,"$110.00",,,,,,,,,,,,,
"PRACTICAL SPEECH TRAINING FOR SCHOOL","2003",,"AJAY BOOK SERVICE","2004","GRAMMER","546","ENGLISH MEDIUM","NEW DELHI","EFA 35",,,,"RODNEY BENNET","GRAMMER","546",,,"$95.00",,,,,,,,,,,,,
"3000 PROVERBS","2003",,"GOODWILLS","2004","GRAMMER","547","ENGLISH MEDIUM","NEW DELHI","EFA 36",,,,"SAM PREDIPHIPS","GRAMMER","547",,,"$60.00",,,,,,,,,,,,,
"UNDERSTANDING PREPOSITIONS","2003",,,"2004","NOVEL","548","ENGLISH MEDIUM",,"EPA 37",,,,"HOWORD SARGEAIL","NOVEL","548",,,"$210.00",,,,,,,,,,,,,
"ENGLISH PRONUNCIATION IN USE","2003",,"CAMBRIDGE UNI PRESS","2004","GRAMMER","550","ENGLISH MEDIUM","NEW DELHI","EFA 39",,,,"MARK HANCOCK","GRAMMER","550",,,"$195.00",,,,,,,,,,,,,
"WHOS WHO","2003",,"VASAN BOOK DEPOT","2004","BIOGRAPHY","553","ENGLISH MEDIUM",,"EB 21",,,,"B G RAMESH","BIOGRAPHY","553",,,"$30.00",,,,,,,,,,,,,
"FREEDOM FIGHTERS","2003",,"SEASON PUBLISHING","2004","BIOGRAPHY","557","ENGLISH MEDIUM","CHENNAI","EB 25",,,,"NARAYAN SUBRAMA","BIOGRAPHY","557",,,"$45.00",,,,,,,,,,,,,
"A.P.J. ABDUL KALAM ( RAMESHWARAM TO RASHTRAPATI BHAVAN )","2003",,"RAJA POCKET BOOKS","2004","BIOGRAPHY","558","ENGLISH MEDIUM","NEW DELHI","EB 26",,,,"M.P. KAMAL","BIOGRAPHY","558",,,"$80.00",,,,,,,,,,,,,
"BHAGAT SINGH","2003",,"FORTUNE BOOKS","2004","BIOGRAPHY","559","ENGLISH MEDIUM",,"EB 27",,,,,"BIOGRAPHY","559",,,"$50.00",,,,,,,,,,,,,
"SUGLILMO MACRONI","2003",,"STERLING PRESS PVT LTD","2004","BIOGRAPHY","560","ENGLISH MEDIUM",,"EB 28",,,,"MARY JOSEPH","BIOGRAPHY","560",,,"$25.00",,,,,,,,,,,,,
"THE WRIGHT BROTHERS","2003",,"STERLING PRESS PVT LTD","2004","BIOGRAPHY","561","ENGLISH MEDIUM",,"EB 29",,,,"MARY JOSEPH","BIOGRAPHY","561",,,"$25.00",,,,,,,,,,,,,
"MICHAEL FARADAY","2003",,"STERLING PRESS PVT LTD","2004","BIOGRAPHY","562","ENGLISH MEDIUM",,"EB 30",,,,"VANDANA MALHOTRA","BIOGRAPHY","562",,,"$25.00",,,,,,,,,,,,,
"VIKRAM SARABHAI","2003",,"STERLING PRESS PVT LTD","2004","BIOGRAPHY","563","ENGLISH MEDIUM",,"EB 31",,,,"AMRITA PATEL","BIOGRAPHY","563",,,"$25.00",,,,,,,,,,,,,
"LOUIS PASTEUR","2003",,"STERLING PRESS PVT LTD","2004","BIOGRAPHY","565","ENGLISH MEDIUM",,"EB 33",,,,"MARY JOSEPH","BIOGRAPHY","565",,,"$25.00",,,,,,,,,,,,,
"THOAS ALWA EDISON","2003",,"STERLING PRESS PVT LTD","2004","BIOGRAPHY","566","ENGLISH MEDIUM",,"EB 34",,,,"MARY JOSEPH","BIOGRAPHY","566",,,"$25.00",,,,,,,,,,,,,
"ALEXANDER GRAHAM BELL","2003",,"STERLING PRESS PVT LTD","2004","BIOGRAPHY","567","ENGLISH MEDIUM",,"EB 35",,,,"MARY JOSEPH","BIOGRAPHY","567",,,"$25.00",,,,,,,,,,,,,
"CHARLES DARWIN","2003",,"STERLING PRESS PVT LTD","2004","BIOGRAPHY","568","ENGLISH MEDIUM",,"EB 36",,,,"MARY JOSEPH","BIOGRAPHY","568",,,"$25.00",,,,,,,,,,,,,
"ALEXANDER FLEMING","2003",,"STERLING PRESS PVT LTD","2004","BIOGRAPHY","569","ENGLISH MEDIUM",,"EB 37",,,,"MADHURI","BIOGRAPHY","569",,,"$25.00",,,,,,,,,,,,,
"C V RAMAN","2003",,"STERLING PRESS PVT LTD","2004","BIOGRAPHY","570","ENGLISH MEDIUM",,"EB 38",,,,"AMRITA PATEL","BIOGRAPHY","570",,,"$25.00",,,,,,,,,,,,,
"ALFRED NOBEL","2003",,"STERLING PRESS PVT LTD","2004","BIOGRAPHY","572","ENGLISH MEDIUM",,"EB 40",,,,"AMRITA PATEL","BIOGRAPHY","572",,,"$25.00",,,,,,,,,,,,,
"ISAAC NEWTON","2003",,"STERLING PRESS PVT LTD","2004","BIOGRAPHY","573","ENGLISH MEDIUM",,"EB 41",,,,"AMRITA PATEL","BIOGRAPHY","573",,,"$25.00",,,,,,,,,,,,,
"ELBERT EINSTEIN","2003",,"STERLING PRESS PVT LTD","2004","BIOGRAPHY","574","ENGLISH MEDIUM",,"EB 42",,,,"MARY JOSEPH","BIOGRAPHY","574",,,"$25.00",,,,,,,,,,,,,
"BRILLIANCE OF HINDUISM","2003",,"DIAMOND POCKET BOOK","2004","OTHER","577","ENGLISH MEDIUM",,"EKB 21",,,,"DR SHIV SHARMA","OTHER","577",,,"$125.00",,,,,,,,,,,,,
"THE TEN GURUS","2003",,"FORTUNE BOOKS PVT LTD","2004","OTHER","578","ENGLISH MEDIUM",,"EKB 23",,,,,"OTHER","578",,,"$50.00",,,,,,,,,,,,,
"DANCE","2003",,"DARLING KINDERSLEEY","2004","GK","579","ENGLISH MEDIUM",,"EK 67",,,,"DR ANDREE GRAV","GK","579",,,"$150.00",,,,,,,,,,,,,
"EVERYDAY MACHINES AND HOW THEY WORK","2003",,,"2004","GK","581","ENGLISH MEDIUM",,"EK 51",,,,"HERMANSCH MIDA","GK","581",,,"$0.00",,,,,,,,,,,,,
"CHILDRENS TREASURY OF RECORDS AND FACTS-1","2003",,"GAURAV PUB HOUSE","2004","GK","582","ENGLISH MEDIUM",,"EK 51",,,,,"GK","582",,,"$60.00",,,,,,,,,,,,,
"CHILDRENS TREASURY OF RECORDS AND FACTS-2","2003",,"GAURAV PUB HOUSE","2004","GK","583","ENGLISH MEDIUM",,"EK 52",,,,,"GK","583",,,"$60.00",,,,,,,,,,,,,
"HOME MATHS EXTENTION","2003",,"CAMBRIDGE UNI PRESS","2004","OTHER","585","ENGLISH MEDIUM",,"EKB 24",,,,"ANITA STRAKER","OTHER","585",,,"$40.00",,,,,,,,,,,,,
"FUN PUZZLES-1","2003",,"SUNRISE PUBLICATION","2004","GK","586","ENGLISH MEDIUM",,"EK 54",,,,,"GK","586",,,"$30.00",,,,,,,,,,,,,
"FUN PUZZLES-2","2003",,"SUNRISE PUBLICATION","2004","GK","587","ENGLISH MEDIUM",,"EK 55",,,,,"GK","587",,,"$30.00",,,,,,,,,,,,,
"FUN PUZZLES-4","2003",,"SUNRISE PUBLICATION","2004","GK","589","ENGLISH MEDIUM",,"EK 57",,,,,"GK","589",,,"$30.00",,,,,,,,,,,,,
"FUN PUZZLES","2003",,"A PENGUIN BOOK","2004","GK","591","ENGLISH MEDIUM",,"EK 59",,,,,"GK","591",,,"$30.00",,,,,,,,,,,,,
"FUN PUZZLES-8","2003",,"A PENGUIN BOOK","2004","GK","593","ENGLISH MEDIUM",,"EK 61",,,,,"GK","593",,,"$30.00",,,,,,,,,,,,,
"FUN PUZZLES-12","2003",,"A PENGUIN BOOK","2004","GK","597","ENGLISH MEDIUM",,"EK 65",,,,,"GK","597",,,"$30.00",,,,,,,,,,,,,
"GUINNESS WORLD RECORDS 2001",,,,"2004","GK","598","ENGLISH MEDIUM",,"EK 66",,,,,"GK","598",,,"$150.00",,,,,,,,,,,,,
"MATHEMATICS BASIC FACTS AND FORMULAE","2003",,"CHOISE INTERNATIONSAL","2004","MATHS","600","ENGLISH MEDIUM","NEW DELHI","EFE 1",,,,"NARESH CHAUDHARI","MATHS","600",,,"$28.00",,,,,,,,,,,,,
"PHYSICS BASIC FACTS AND FORMULAE","2003",,"CHOISE INTERNATIONAL ","2004","SCIENCE","602","ENGLISH MEDIUM","NEW DELHI","EFD 53",,,,"DR. KAMAL CHOUDHARY","SCIENCE","602",,,"$28.00",,,,,,,,,,,,,
"PHYSICS FORMULAE","2003",,"SAHNI PUBLICATION","2004","SCIENCE","603","ENGLISH MEDIUM","NEW DELHI","EFD 55",,,,"SUNIL OBERAI","SCIENCE","603",,,"$25.00",,,,,,,,,,,,,
"THE ART OF WAR","2003",,"PENGUIN 60P","2004","NOVEL","604","ENGLISH MEDIUM",,"EA 19",,,,"NICCOLO MACHILLI","NOVEL","604",,,"$25.00",,,,,,,,,,,,,
"THE JEALOUS EXTREMADURAN","2003",,"PENGUIN 60P","2004","NOVEL","605","ENGLISH MEDIUM",,"EA 20",,,,"CERVANLES","NOVEL","605",,,"$25.00",,,,,,,,,,,,,
"TALES OF CRICHULAIND","2003",,"PENGUIN 60P","2004","NOVEL","606","ENGLISH MEDIUM",,"EA 21",,,,"IRISH HEROIC MYTH","NOVEL","606",,,"$25.00",,,,,,,,,,,,,
"THE ATHEISTS MASS","2003",,"PENGUIN 60P","2004","NOVEL","607","ENGLISH MEDIUM",,"EA 22",,,,"HONORE DE BALZAR","NOVEL","607",,,"$25.00",,,,,,,,,,,,,
"BEOWULF AND GRNDD","2003",,"PENGUIN 60P","2004","NOVEL","608","ENGLISH MEDIUM",,"EA 23",,,,,"NOVEL","608",,,"$25.00",,,,,,,,,,,,,
"JASON AND THE ARGONUTS","2003",,"PENGUIN 60P","2004","NOVEL","609","ENGLISH MEDIUM",,"EA 24",,,,"JOHN AND THE ARGONAUTS","NOVEL","609",,,"$25.00",,,,,,,,,,,,,
"PLATO/PHAEDRUS","2003",,"PENGUIN 60P","2004","NOVEL","610","ENGLISH MEDIUM",,"EA 25",,,,,"NOVEL","610",,,"$25.00",,,,,,,,,,,,,
"BARTLEBY","2003",,"PENGUIN 60P","2004","NOVEL","611","ENGLISH MEDIUM",,"EA 26",,,,"HERMAN MELVILLE","NOVEL","611",,,"$25.00",,,,,,,,,,,,,
"AVISITALION OF THE PLAGUE","2003",,"PENGUIN 60P","2004","NOVEL","612","ENGLISH MEDIUM",,"EA 27",,,,"DANIEL DEFOE","NOVEL","612",,,"$25.00",,,,,,,,,,,,,
"CIVIL DISOBEDIENCE AND READING","2003",,"PENGUIN 60P","2004","NOVEL","613","ENGLISH MEDIUM",,"EA 28",,,,"HENRY DAVED","NOVEL","613",,,"$25.00",,,,,,,,,,,,,
"THE EDUCATION OF FREDERICK DOUGLASE","2003",,"PENGUIN 60P","2004","NOVEL","614","ENGLISH MEDIUM",,"EA 29",,,,"FREDRICK DOU GLASS","NOVEL","614",,,"$25.00",,,,,,,,,,,,,
"THE LESSON OF THE MASTER","2003",,"PENGUIN 60P","2004","NOVEL","615","ENGLISH MEDIUM",,"EA 30",,,,"HENRY JAMES","NOVEL","615",,,"$25.00",,,,,,,,,,,,,
"YEAR ONE","2003",,"PENGUIN 60P","2004","NOVEL","616","ENGLISH MEDIUM",,"EA 31",,,,"MARIANNE FAITHFULL","NOVEL","616",,,"$25.00",,,,,,,,,,,,,
"A SIMPLE HEART","2003",,"PENGUIN 60P","2004","NOVEL","617","ENGLISH MEDIUM",,"EA 32",,,,"GRESTIVE F LAUBE","NOVEL","617",,,"$25.00",,,,,,,,,,,,,
"THE JUDGEMENT AND IN THE PEND COLONY","2003",,"PENGUIN 60P","2004","NOVEL","618","ENGLISH MEDIUM",,"EA 33",,,,"FRANZ KAFTA","NOVEL","618",,,"$25.00",,,,,,,,,,,,,
"ETIAUELLE FOR RENAISSANA GENTLE MAN","2003",,"PENGUIN 60P","2004","NOVEL","619","ENGLISH MEDIUM",,"EA 34",,,,"BALDESAR CASTITALFONE","NOVEL","619",,,"$25.00",,,,,,,,,,,,,
"THE PLEASURES AND PAINS OF OPIUM","2003",,"PENGUIN 60P","2004","NOVEL","620","ENGLISH MEDIUM",,"EA 35",,,,"THOMAS DE QUIN","NOVEL","620",,,"$25.00",,,,,,,,,,,,,
"LETTERS FROM ITALY","2003",,"PENGUIN 60P","2004","NOVEL","621","ENGLISH MEDIUM",,"EA 36",,,,"GOETHE","NOVEL","621",,,"$25.00",,,,,,,,,,,,,
"FIVE LETTERS FROM AN CASTERM EMPIRE","2003",,"PENGUIN 60P","2004","NOVEL","622","ENGLISH MEDIUM",,"EA 37",,,,"ALASDAIR GRAY","NOVEL","622",,,"$25.00",,,,,,,,,,,,,
"CAMP CUBA","2003",,"PENGUIN 60P","2004","NOVEL","623","ENGLISH MEDIUM",,"EA 38",,,,"BLACK MORRISON","NOVEL","623",,,"$25.00",,,,,,,,,,,,,
"KILLING LIZARDS","2003",,"PENGUIN 60P","2004","NOVEL","624","ENGLISH MEDIUM",,"EA 39",,,,"WILLIAM BOYD","NOVEL","624",,,"$25.00",,,,,,,,,,,,,
"ADAMS NAVEL","2003",,"PENGUIN 60P","2004","NOVEL","625","ENGLISH MEDIUM",,"EA 40",,,,"STEPHEN JAY COUB","NOVEL","625",,,"$25.00",,,,,,,,,,,,,
"WHERE THE DAWN COMES UP LIKE THUNDER","2003",,"PENGUIN 60P","2004","NOVEL","626","ENGLISH MEDIUM",,"EA 41",,,,"ALAXANDR FRATER","NOVEL","626",,,"$25.00",,,,,,,,,,,,,
"ROMPOLE AND THE YOUNGER GENERATION","2003",,"PENGUIN 60P","2004","NOVEL","627","ENGLISH MEDIUM",,"EA 42",,,,"JOHN MARTIMER","NOVEL","627",,,"$25.00",,,,,,,,,,,,,
"GUNNER MILLIGAN 954024","2003",,"PENGUIN 60P","2004","NOVEL","628","ENGLISH MEDIUM",,"EA 43",,,,"SPIKE MILLIGAN","NOVEL","628",,,"$25.00",,,,,,,,,,,,,
"DOWN THE YANGTEE","2003",,"PENGUIN 60P","2004","NOVEL","629","ENGLISH MEDIUM",,"EA 44",,,,"PAUL THEROUX","NOVEL","629",,,"$25.00",,,,,,,,,,,,,
"UNDER THE GARDEN","2003",,"PENGUIN 60P","2004","NOVEL","630","ENGLISH MEDIUM",,"EA 45",,,,"GRAHAM GREEX","NOVEL","630",,,"$25.00",,,,,,,,,,,,,
"FIRST AND LAST","2003",,"PENGUIN 60P","2004","NOVEL","631","ENGLISH MEDIUM",,"EA 46",,,,"THOMAS CAPOTE","NOVEL","630",,,"$25.00",,,,,,,,,,,,,
"THE DREAMING CHILD","2003",,"PENGUIN 60P","2004","NOVEL","632","ENGLISH MEDIUM",,"EA 47",,,,"ISAK DINESEN","NOVEL","630",,,"$25.00",,,,,,,,,,,,,
"THE DREAMING CHILD","2003",,"PENGUIN 60P","2004","NOVEL","633","ENGLISH MEDIUM",,"EA 48",,,,"ISAK DINESEN","NOVEL","630",,,"$25.00",,,,,,,,,,,,,
"A LONG NIGHT AT ABU SIMBEL","2003",,"PENGUIN 60P","2004","NOVEL","634","ENGLISH MEDIUM",,"EA 49",,,,"PENELOPE LIVELY","NOVEL","630",,,"$25.00",,,,,,,,,,,,,
"FROM LE PIGIONNIER","2003",,"PENGUIN 60P","2004","NOVEL","635","ENGLISH MEDIUM",,"EA 50",,,,"DIRK BOGARDE","NOVEL","630",,,"$25.00",,,,,,,,,,,,,
"FIVE LETTERS FROM EASTERN EMPIRE","2003",,"PENGUIN 60P","2004","NOVEL","636","ENGLISH MEDIUM",,"EA 51",,,,"ALASDAIR GRAY","NOVEL","630",,,"$25.00",,,,,,,,,,,,,
"VILLAGE CHRISTMAS","2003",,"PENGUIN 60P","2004","NOVEL","637","ENGLISH MEDIUM",,"EA 52",,,,"MISS READ","NOVEL","630",,,"$25.00",,,,,,,,,,,,,
"A TREASURY OF ANIMAL STORIES AND RHYMES",,,"LADYBIRD BOOKS LTD","2004","STORY BOOK","638","ENGLISH MEDIUM",,"EEB 402",,,,,"STORY BOOK","638",,,"$150.00",,,,,,,,,,,,,
"TALES OF TOYLAND AND OTHER STORIES","2003",,"HINKER BOOKS PVT LTD","2004","STORY BOOK","639","ENGLISH MEDIUM","DELHI","EEB 403",,,,"ENID BLYTON","STORY BOOK","639",,,"$135.00",,,,,,,,,,,,,
"THE ADVENTURES OF PIP","2003",,"HINKLER BOOKS","2004","STORY BOOK","640","ENGLISH MEDIUM","DELHI","EEB 404",,,,"ENID BLYTON","STORY BOOK","640",,,"$135.00",,,,,,,,,,,,,
"GRANDMAS STORIES","2003",,"TINY TOT PUBLICATIONS","2004","STORY BOOK","642","ENGLISH MEDIUM","NEW DELHI","EEB 406",,,,,"STORY BOOK","642",,,"$55.00",,,,,,,,,,,,,
"BEDTIME STORIES","2004",,"TINY TOT PUBLICATIONS","2004","CHILDREN LITERATURE","646","ENGLISH MEDIUM","DELHI","EEB 410",,,,"SHYAM DUA","CHILDREN LITERATURE","646",,,"$55.00",,,,,,,,,,,,,
"ADVENTURE OF ROBIN HOOD",,,"FRANK GRADED READER","2004","CHILDREN LITERATURE","647","ENGLISH MEDIUM",,"EEB 411",,,,,"CHILDREN LITERATURE","647",,,"$40.00",,,,,,,,,,,,,
"SELECTED STORIES FROM PANCHANTRA","2003",,"ALKA PUBLICATION","2004","STORY BOOK","648","ENGLISH MEDIUM","MUMBAI","EEB 412",,,,,"STORY BOOK","648",,,"$30.00",,,,,,,,,,,,,
"VIKRAM BETAL STORIES","2003",,"ALKA PUBLICATIONS","2004","STORY BOOK","649","ENGLISH MEDIUM","MUMBAI","EEB 413",,,,,"STORY BOOK","649",,,"$30.00",,,,,,,,,,,,,
"FAVOURITE FOLK TALES","2003",,"ALKA PUBLICATIONS","2004","STORY BOOK","650","ENGLISH MEDIUM","MUMBAI","EEB 414",,,,,"STORY BOOK","650",,,"$30.00",,,,,,,,,,,,,
"CLASSIC TALES FOR CHILDREN ",,,"ARORA BOOK COMPANY","2004","CHILDREN LITERATURE","651","ENGLISH MEDIUM","NEW DELHI","EEB 415",,,,,"CHILDREN LITERATURE","651",,,"$30.00",,,,,,,,,,,,,
"MASNSFIELD PARK","2003",,"FORTUNE BOOKS","2004","STORY BOOK","652","ENGLISH MEDIUM","NEW DELHI","EEB 416",,,,,"STORY BOOK","652",,,"$50.00",,,,,,,,,,,,,
"GRIMANS FAIRY TALES","2003",,"FORTUNE BOOKS","2004","STORY BOOK","653","ENGLISH MEDIUM","NEW DELHI","EEB 417",,,,,"STORY BOOK","653",,,"$50.00",,,,,,,,,,,,,
"THE LOST WORLD","2003",,"FORTUNE BOOKS","2004","STORY BOOK","654","ENGLISH MEDIUM","NEW DELHI","EEB 418",,,,,"STORY BOOK","654",,,"$50.00",,,,,,,,,,,,,
"THE BLUE BIRD","2003",,"FORTUNE BOOKS","2004","STORY BOOK","655","ENGLISH MEDIUM","NEW DELHI","EEB 419",,,,,"STORY BOOK","655",,,"$50.00",,,,,,,,,,,,,
"ARABIAN NIGHTS","2003",,"FORTUNE BOOKS","2004","STORY BOOK","657","ENGLISH MEDIUM","NEW DELHI","EEB 421",,,,,"STORY BOOK","657",,,"$50.00",,,,,,,,,,,,,
"PINOCCHIO","2003",,"FORTUNE BOOKS","2004","STORY BOOK","658","ENGLISH MEDIUM","NEW DELHI","EEB 422",,,,,"STORY BOOK","658",,,"$50.00",,,,,,,,,,,,,
"THE BEST OF SHERLOCK HOLMES","2003",,"FORTUNE BOOKS","2004","STORY BOOK","659","ENGLISH MEDIUM","NEW DELHI","EEB 423",,,,,"STORY BOOK","659",,,"$50.00",,,,,,,,,,,,,
"GULLIEVERS TRAVEL","2003",,"FORTUNE BOOKS","2004","STORY BOOK","660","ENGLISH MEDIUM","NEW DELHI","EEB 424",,,,,"STORY BOOK","660",,,"$50.00",,,,,,,,,,,,,
"BUDDHA","2003",,"FORTUNE BOOKS","2004","STORY BOOK","661","ENLGISH MEDIUM","NEW DELHI","EEB 425",,,,,"STORY BOOK","661",,,"$50.00",,,,,,,,,,,,,
"SMALLEST GIANT AND OTHER STORIES","2003",,"PARTAGONE QUEEN STREET","2004","STORY BOOK","662","ENGLISH MEDIUM","NEW DELHI","EEB 426",,,,,"STORY BOOK","662",,,"$75.00",,,,,,,,,,,,,
"THE TEDDY BEARS PICNIC AND OTHER STORIES","2003",,"PARRAGON QUEEN STREET","2004","STORY BOOK","663","ENGLISH MEDIUM","NEW DELHI","EEB 427",,,,,"STORY BOOK","663",,,"$75.00",,,,,,,,,,,,,
"WAKE UP MUFFIN","2003",,"PARRAGON QUEEN STREET","2004","STORY BOOK","664","ENGLISH MEDIUM","NEW DELHI","EEB428",,,,,"STORY BOOK","664",,,"$75.00",,,,,,,,,,,,,
"GRANDMAS STORIES","2003",,"CHUNMUN CHILODRENS BOOK","2004","STORY BOOK","665","ENGLISH MEDIUM","DELHI","EEB 429",,,,"ANJUM","STORY BOOK","665",,,"$25.00",,,,,,,,,,,,,
"BED TIME TALES","2003",,"CHUNMUN CHILODRENS BOOK","2004","STORY BOOK","666","ENGLISH MEDIUM","DELHI","EEB 430",,,,"ANJUM","STORY BOOK","666",,,"$25.00",,,,,,,,,,,,,
"BED TIME TALES","2003",,"CHUNMUN CHILODRENS BOOK","2004","STORY BOOK","667","ENGLISH MEDIUM","DELHI","EEB 431",,,,"ANJUM","STORY BOOK","667",,,"$25.00",,,,,,,,,,,,,
"NALA DAMAYANTI","2003",,"SEASON PUBLISHING","2004","STORY BOOK","670","ENGLISH MEDIUM","CHENNAI","EEB 434",,,,"INDIAN MYTHOLOGY","STORY BOOK","670",,,"$45.00",,,,,,,,,,,,,
"MICHIEVOUS HANUMAN","2003",,"SEASON PUBLISHING","2004","STORY BOOK","671","ENGLISH MEDIUM","CHENNAI","EEB 435",,,,"INDIAN MYTHOLOGY","STORY BOOK","671",,,"$45.00",,,,,,,,,,,,,
"KRISHNA AND ARJUNA","2003",,"SEASON PUBLISHING","2004","STORY BOOK","673","ENGLISH MEDIUM","CHENNAI","EEB 437",,,,"INDIAN MYTHOLOGY","STORY BOOK","673",,,"$45.00",,,,,,,,,,,,,
"VOLCANOES","2009",,"SCHOLASTIC","2010","SCIENCE","674","ENGLISH MEDIUM","NEW DELHI","EFD 123",,,,"LILY WOOD","SCIENCE","674",,,"$100.00",,,,,,,,,,,,,
"PANCHATANTRA 2","2004",,"CHUNMUN CHILODRENS BOOK","2004","STORY BOOK","675","ENGLISH MEDIUM","DELHI","EEB 439",,,,"SHAKTI BATRA","STORY BOOK","675",,,"$25.00",,,,,,,,,,,,,
"JACK AND THE BEANSTALK",,,,"2004","CHILDREN LITERATURE","680","ENGLISH MEDIUM",,"EEB 384",,,,,"CHILDREN LITERATURE","680",,,"$17.00",,,,,,,,,,,,,
"CATHERINE AND THE THREE DWARFS",,,"RAINBOW BOOKS","2004","CHILDREN LITERATURE","681","ENGLISH MEDIUM","DELHI","EEB 385",,,,,"CHILDREN LITERATURE","681",,,"$0.00",,,,,,,,,,,,,
"JESUS CALLS HIS DISCIPLES",,,"TARANTULA BOOKS","2004","CHILDREN LITERATURE","699","ENGLISH MEDIUM","UK","EEB 490",,,,"JUDY HAMILTON","CHILDREN LITERATURE","699",,,"$0.00",,,,,,,,,,,,,
"THE GOOD SAMARITAN",,,"TARANTULA BOOKS","2004","CHILDREN LITERATURE","700","ENGLISH MEDIUM",,"EEB 491",,,,"JUDY HAMILTON","CHILDREN LITERATURE","700",,,"$0.00",,,,,,,,,,,,,
"THE BIRTH OF JESUS","2003",,"TORANTULO BOOKS","2004","STORY BOOK","701","ENGLISH MEDIUM",,"EEB 488",,,,"JUDY HAMILTON","STORY BOOK","701",,,"$55.00",,,,,,,,,,,,,
"THE FEEDING OF THE FIVE THOUSAND","1996",,,"2012","CHILDREN LITERATURE","702","ENGLISH MEDIUM",,"EEB 489",,,,,"CHILDREN LITERATURE","702",,,"$25.00",,,,,,,,,,,,,
"GOLDILOCKS AND THE ATHREE BEARS","2002",,"LADYBIRD BOOKS","2004","CHILDREN LITERATURE","703","ENGLISH MEDIUM",,"EEB 340",,,,,"CHILDREN LITERATURE","703",,,"$17.00",,,,,,,,,,,,,
"RIKI TIKI TAVI",,,"LADYBIRD BOOKS","2004","CHILDREN LITERATURE","704","ENGLISH MEDIUM",,"EEB 341",,,,,"CHILDREN LITERATURE","704",,,"$0.00",,,,,,,,,,,,,
"THE PRINCESS AND THE FROG","2002",,"LADYBIRD BOOKS","2004","CHILDREN LITERATURE","705","ENGLISH MEDIUM",,"EEB 342",,,,,"CHILDREN LITERATURE","705",,,"$17.00",,,,,,,,,,,,,
"THUMBELINA",,,"LADYBIRD BOOKS","2004","STORY BOOK","712","ENGLISH MEDIUM",,"EEB 349",,,,"PETULA STONE","STORY BOOK","712",,,"$55.00",,,,,,,,,,,,,
"THE GINGERBREAD MAN","2002",,"LADYBIRD BOOKS","2004","CHILDREN LITERATURE","716","ENGLISH MEDIUM","LONDON","EEB 353",,,,,"CHILDREN LITERATURE","716",,,"$17.00",,,,,,,,,,,,,
"THE MONKEY AND THE CROCODILE","2003",,"LADYBIRD BOOKS","2004","CHILDREN LITERATURE","731","ENGLISH MEDIUM","LONDON","EEB 368",,,,,"CHILDREN LITERATURE","731",,,"$17.00",,,,,,,,,,,,,
"BEAUTY AND THE BEAST","2002",,"LADYBIRD BOOKS","2004","CHILDREN LITERATURE","732","ENGLISH MEDIUM","LONDON","EEB 369",,,,,"CHILDREN LITERATURE","732",,,"$17.00",,,,,,,,,,,,,
"PINOCCHO",,,"LADYBIRD BOOKS","2004","CHILDREN LITERATURE","734","ENGLISH MEDIUM",,"EEB 371",,,,,"CHILDREN LITERATURE","734",,,"$55.00",,,,,,,,,,,,,
"THE ELVES AND THE SHOEMAKER",,,"LADYBIRD BOOKS","2004","CHILDREN LITERATURE","736","ENGLISH MEDIUM",,"EEB 373",,,,"PETER STEVENSON","CHILDREN LITERATURE","736",,,"$17.00",,,,,,,,,,,,,
"THE THREE BILLY GOATS GRUFF","2003",,"LADYBIRD BOOKS","2004","STORY BOOK","739","ENGLISH MEDIUM","MUMBAI","EEB 376",,,,,"STORY BOOK","739",,,"$55.00",,,,,,,,,,,,,
"THE COMEDY OF ERRORS","2003",,"ROHAN BOOK COMPANY","2004","STORY BOOK","743","ENGLISH MEDIUM","DELHI","EEB 303",,,,"WIILLIAM SHAKESPEAR","STORY BOOK","743",,,"$30.00",,,,,,,,,,,,,
"SINDBAD","2003",,"ROHAN BOOK COMPANY","2004","STORY BOOK","744","ENGLISH MEDIUM","DELHI","EEB 304",,,,,"STORY BOOK","744",,,"$30.00",,,,,,,,,,,,,
"MIDSUMMER NIGHTS DREAM","2003",,"ROHAN BOOK COMPANY","2004","STORY BOOK","745","ENGLISH MEDIUM","DELHI","EEB 305",,,,"WIILLIAM SHAKESPEAR","STORY BOOK","745",,,"$30.00",,,,,,,,,,,,,
"THE GOOSE GIRL","2003",,"ROHAN BOOK COMPANY","2004","STORY BOOK","746","ENGLISH MEDIUM","DELHI","EEB 306",,,,"BROTHER GRIMAN","STORY BOOK","746",,,"$30.00",,,,,,,,,,,,,
"GREAT EXPECTATIONS","2003",,"ROHAN BOOK COMPANY","2004","STORY BOOK","747","ENGLISH MEDIUM","DELHI","EEB 307",,,,"CHARLES DICKENS","STORY BOOK","747",,,"$30.00",,,,,,,,,,,,,
"PUSS IN THE BOOTS","2003",,"ROHAN BOOK COMPANY","2004","STORY BOOK","748","ENGLISH MEDIUM","DELHI","EEB 308",,,,,"STORY BOOK","748",,,"$30.00",,,,,,,,,,,,,
"THROUGH THE LOOKING GLASS","2003",,"ROHAN BOOK COMPANY","2004","STORY BOOK","751","ENGLISH MEDIUM","DELHI","EEB 311",,,,"LEWIS CARROLL","STORY BOOK","751",,,"$30.00",,,,,,,,,,,,,
"THE WIND IN THE WILLOWS","2003",,"ROHAN BOOK COMPANY","2004","STORY BOOK","753","ENGLISH MEDIUM","DELHI","EEB 313",,,,"KENNETH GRAHAME","STORY BOOK","753",,,"$30.00",,,,,,,,,,,,,
"AS YOU LIKE IT","2003",,"ROHAN BOOK COMPANY","2004","NOVEL","754","ENGLISH MEDIUM","DELHI","EEB 314",,,,"WILLIAM SAKESPEARE","NOVEL","754",,,"$30.00",,,,,,,,,,,,,
"SNOW WHITE AND THE SEVEN DWARFS","2003",,"ROHAN BOOK COMPANY","2004","STORY BOOK","755","ENGLISH MEDIUM","DELHI","EEB 315",,,,,"STORY BOOK","755",,,"$30.00",,,,,,,,,,,,,
"THE CHRISTMAS BOOKS","2003",,"ROHAN BOOK COMPANY","2004","STORY BOOK","756","ENGLISH MEDIUM","DELHI","EEB 316",,,,"CHARLES DICKNESS","STORY BOOK","756",,,"$30.00",,,,,,,,,,,,,
"MEASURE FOR MEASURE","2003",,"ROHAN BOOK COMPANY","2004","STORY BOOK","757","ENGLISH MEDIUM","DELHI","EEB 317",,,,"WIILLIAM SHAKESPEAR","STORY BOOK","757",,,"$30.00",,,,,,,,,,,,,
"THE BRAVE TIN SOLDIER","2003",,"ROHAN BOOK COMPANY","2003","STORY BOOK","758","ENGLISH MEDIUM","DELHI","EEB 318",,,,,"STORY BOOK","758",,,"$30.00",,,,,,,,,,,,,
"ALI BABA ABD THE FORTY THIVES","2003",,"ROHAN BOOK COMPANY","2004","STORY BOOK","759","ENGLISH MEDIUM","DELHI","EEB 319",,,,,"STORY BOOK","759",,,"$30.00",,,,,,,,,,,,,
"THE SECRET GARDEN","2003",,"ROHAN BOOK COMPANY","2004","STORY BOOK","760","ENGLISH MEDIUM","DELHI","EEB 320",,,,"FRANAS HODGSON","STORY BOOK","760",,,"$30.00",,,,,,,,,,,,,
"THE BLUE BIRD","2003",,"ROHAN BOOK COMPANY","2004","STORY BOOK","761","ENGLISH MEDIUM","DELHI","EEB 321",,,,,"STORY BOOK","761",,,"$30.00",,,,,,,,,,,,,
"RUMPELSTILSKIN","2003",,"ROHAN BOOK COMPANY","2004","STORY BOOK","762","ENGLISH MEDIUM","DELHI","EEB 322",,,,"BROTHERS GRIMEN","STORY BOOK","762",,,"$30.00",,,,,,,,,,,,,
"KING SOLOMONS MINES","2003",,"ROHAN BOOK COMPANY","2004","STORY BOOK","764","ENGLIISH MEDIUM","DELHI","EEB 324",,,,"H. RIDER HAGGARD","STORY BOOK","764",,,"$30.00",,,,,,,,,,,,,
"THE SLEEPING BEAUTY","2003",,"ROHAN BOOK COMPANY","2004","STORY BOOK","765","ENGLISH MEDIUM","DELHI","EEB 325",,,,,"STORY BOOK","765",,,"$30.00",,,,,,,,,,,,,
"WESEX TALES","2002",,"ROHAN BOOK COMPANY","2004","STORY BOOK","766","ENGLISH MEDIUM","MUMBAI","EEB 326",,,,"THOMAS HARDY","STORY BOOK","766",,,"$30.00",,,,,,,,,,,,,
"ALADDIN AND THE MAGIC LAMP","2003",,"ROHAN BOOK COMPANY","2004","STORY BOOK","767","ENGLISH MEDIUM","DELHI","EEB 327",,,,,"STORY BOOK","767",,,"$30.00",,,,,,,,,,,,,
"TWO GENTLEMEN OF VERONA","2003",,"ROHAN BOOK COMPANY","2004","STORY BOOK","768","ENGLISH MEDIUM","DELHI","EEB 328",,,,"WIILLIAM SHAKESPEAR","STORY BOOK","768",,,"$30.00",,,,,,,,,,,,,
"HANSEL AND GRETEL","2003",,"ROHAN BOOK COMPANY","2004","STORY BOOK","770","ENGLISH MEDIUM","DELHI","EEB 330",,,,"BROTHERS GRIMN","STORY BOOK","770",,,"$30.00",,,,,,,,,,,,,
"BEAUTY AND THE BEAST","2003",,"ROHAN BOOK COMPANY","2004","STORY BOOK","771","ENGLISH MEDIUM","DELHI","EEB 331",,,,,"STORY BOOK","771",,,"$30.00",,,,,,,,,,,,,
"THE PRINCESS AND THE PEA","2003",,"ROHAN BOOK COMPANY","2004","STORY BOOK","773","ENGLISH MEDIUM","DELHI","EEB 333",,,,"HANS CHRISTIAN ANDERSEN","STORY BOOK","773",,,"$30.00",,,,,,,,,,,,,
"MUCH ADO ABOUT NOTHING","2003",,"ROHAN BOOK COMPANY","2004","STORY BOOK","774","ENGLISH MEDIUM","DELHI","EEB 334",,,,"WIILLIAM SHAKESPEAR","STORY BOOK","774",,,"$30.00",,,,,,,,,,,,,
"THE UGLY DUCKLING","2003",,"ROHAN BOOK COMPANY","2004","STORY BOOK","775","ENGLISH MEDIUM","DELHI","EEB 335",,,,,"STORY BOOK","775",,,"$30.00",,,,,,,,,,,,,
"PRIDE AND PREJUDICE","2003",,"ROHAN BOOK COMPANY","2004","STORY BOOK","777","ENGLISH MEDIUM","DELHI","EEB 337",,,,"JANE AUSTEN","STORY BOOK","777",,,"$30.00",,,,,,,,,,,,,
"JACK AND THE BEANSTALK","2003",,"ROHAN BOOK COMPANY","2004","STORY BOOK","778","ENGLISH MEDIUM","DELHI","EEB 338",,,,,"STORY BOOK","778",,,"$30.00",,,,,,,,,,,,,
"MALGUDI DAYS","2002",,"INDIAN THOUGHT PUBLICATIONS","2004","NOVEL","779","ENGLISH MEDIUM",,"EA 53",,,,"R.K.NARAYAN","NOVEL","779",,,"$85.00",,,,,,,,,,,,,
"ADVENTURE OF ROBIN HOOD","2003",,"JAICO PUBLICATION HOUSE","2004","NOVEL","780","ENGLISH MEDIUM","DELHI","EA 55",,,,"HOWARD PYLE","NOVEL","780",,,"$90.00",,,,,,,,,,,,,
"HEART OF DARKNESS",,,"OXFORD UNI PRESS","2004","NOVEL","782","ENGLISH MEDIUM",,"EA 54",,,,"JOSEPH CONRAD","NOVEL","782",,,"$55.00",,,,,,,,,,,,,
"PECULLIAR REMEDY",,,,"2004","CHILDREN LITERATURE","783","ENGLISH MEDIUM",,"EEB 441",,,,,"CHILDREN LITERATURE","783",,,"$0.00",,,,,,,,,,,,,
"CHHATRAPATI SHIVAJI","2002",,"MANOJ PUBLICATION","2004","CHILDREN LITERATURE","786","ENGLISH MEDIUM","DELHI","EEB 444",,,,"IGEN B","CHILDREN LITERATURE","786",,,"$40.00",,,,,,,,,,,,,
"MORAL STORIES FOR CHILDREN",,,"VASAN BOOK DEPOT","2004","CHILDREN LITERATURE","792","ENGLISH MEDIUM","BANGALORE","EEB 450",,,,,"CHILDREN LITERATURE","792",,,"$0.00",,,,,,,,,,,,,
"MORE PANCHANTRA STORIES",,,"VASSAN BOOK DEPOT","2004","STORY BOOK","796","ENGLISH MEDIUM",,"EEB454",,,,,"STORY BOOK","796",,,"$20.00",,,,,,,,,,,,,
"RAMAYANA PART-1","2003",,"DREAMLAND PUB","2004","CHILDREN LITERATURE","802","ENGLISH MEDIUM",,"EEB 460",,,,,"CHILDREN LITERATURE","802",,,"$20.00",,,,,,,,,,,,,
"RAMAYANA PART-2","2003",,"DREAMLAND PUB","2004","CHILDREN LITERATURE","803","ENGLISH MEDIUM",,"EEB 461",,,,,"CHILDREN LITERATURE","803",,,"$20.00",,,,,,,,,,,,,
"RAMAYANA PART-4","2003",,"DREAMLAND PUB","2004","CHILDREN LITERATURE","805","ENGLISH MEDIUM",,"EEB 463",,,,,"CHILDREN LITERATURE","805",,,"$20.00",,,,,,,,,,,,,
"RAMAYANA PART-6","2003",,"DREAMLAND PUB","2004","CHILDREN LITERATURE","807","ENGLISH MEDIUM",,"EEB 465",,,,,"CHILDREN LITERATURE","807",,,"$20.00",,,,,,,,,,,,,
"RAMAYANA PART-8","2003",,"DREAMLAND PUB","2004","CHILDREN LITERATURE","809","ENGLISH MEDIUM",,"EEB 467",,,,,"CHILDREN LITERATURE","809",,,"$20.00",,,,,,,,,,,,,
"RAMAYANA PART-12","2003",,"DREAMLAND PUB","2004","CHILDREN LITERATURE","813","ENGLISH MEDIUM",,"EEB 471",,,,,"CHILDREN LITERATURE","813",,,"$20.00",,,,,,,,,,,,,
"SHREE KRISHNA LEELA-3","2003",,"DREAMLAND PUB","2004","CHILDREN LITERATURE","816","ENGLISH MEDIUM",,"EEB 474",,,,,"CHILDREN LITERATURE","816",,,"$25.00",,,,,,,,,,,,,
"SHREE KRISHNA LEELA-4","2003",,"DREAMLAND PUB","2004","CHILDREN LITERATURE","817","ENGLISH MEDIUM",,"EEB 475",,,,,"CHILDREN LITERATURE","817",,,"$25.00",,,,,,,,,,,,,
"MAHABHARATA-3","2003",,"DREAMLAND PUB","2004","CHILDREN LITERATURE","820","ENGLISH MEDIUM",,"EEB 478",,,,,"CHILDREN LITERATURE","820",,,"$20.00",,,,,,,,,,,,,
"MAHABHARATA-4","2003",,"DREAMLAND PUB","2004","CHILDREN LITERATURE","821","ENGLISH MEDIUM",,"EEB 479",,,,,"CHILDREN LITERATURE","821",,,"$20.00",,,,,,,,,,,,,
"MAHABHARATA PART 6",,,"DREAMLAND PUB","2010","CHILDREN LITERATURE","823","ENGLISH MEDIUM","NEW DELHI","EEB 481",,,,,"CHILDREN LITERATURE","823",,,"$20.00",,,,,,,,,,,,,
"MAHABHARATA-7","2003",,"DREAMLAND PUB","2004","CHILDREN LITERATURE","824","ENGLISH MEDIUM",,"EEB 482",,,,,"CHILDREN LITERATURE","824",,,"$20.00",,,,,,,,,,,,,
"MAHABHARATA-9","2003",,"DREAMLAND PUB","2004","CHILDREN LITERATURE","826","ENGLISH MEDIUM",,"EEB 484",,,,,"CHILDREN LITERATURE","826",,,"$20.00",,,,,,,,,,,,,
"MAHABHARATA-10","2003",,"DREAMLAND PUB","2004","CHILDREN LITERATURE","827","ENGLISH MEDIUM",,"EEB 485",,,,,"CHILDREN LITERATURE","827",,,"$20.00",,,,,,,,,,,,,
"MAHABHARATA-11","2003",,"DREAMLAND PUB","2004","CHILDREN LITERATURE","828","ENGLISH MEDIUM",,"EEB 486",,,,,"CHILDREN LITERATURE","828",,,"$20.00",,,,,,,,,,,,,
"MAHABHARATA-12","2003",,"DREAMLAND PUB","2004","CHILDREN LITERATURE","829","ENGLISH MEDIUM",,"EEB 487",,,,,"CHILDREN LITERATURE","829",,,"$20.00",,,,,,,,,,,,,
"STUDENTS READY REFERENCE",,,"SHETH PUBLISHING HOUSE","2004","GRAMMER","830","ENGLISH MEDIUM","MUMBAI","EFA 1",,,,"JOSE DOMINIC JOSEPH","GRAMMER","830",,,"$50.00",,,,,,,,,,,,,
"HOME AND SCHOOL ENVIRONMENT","2003",,"DISCOVERY PUB HOUSE","2004","-","832","ENGLISH MEDIUM",,"EFJ 2",,,,"T KALYANI DEVI","-","832",,,"$65.00",,,,,,,,,,,,,
"ARTHUR MILLER ALL MY SONS",,,"OXFORD UNI PRESS","2004","DRAMA","834","ENGLISH MEDIUM",,"ED 21",,,,"NISSIM EZEKIEL","DRAMA","834",,,"$30.00",,,,,,,,,,,,,
"TUGHLAQ","2003",,"OXFORD UNI PRESS","2004","DRAMA","835","ENGLISH MEDIUM",,"ED 22",,,,"GIRISH KARNAD","DRAMA","835",,,"$40.00",,,,,,,,,,,,,
"HAYAVADANA","2003",,"OXFORD UNI PRESS","2004","DRAMA","836","ENGLISH MEDIUM",,"ED 23",,,,"GIRISH KARNAD","DRAMA","836",,,"$40.00",,,,,,,,,,,,,
"SILENCE! THE COURT IS IN SESSION","2003",,"OXFORD UNI PRESS","2004","DRAMA","837","ENGLISH MEDIUM",,"ED 20",,,,"VIJAY TENDULKAR","DRAMA","837",,,"$30.00",,,,,,,,,,,,,
"101 MAGIC TRICKS","2003",,"OXFORD UNI PRESS","2004","OTHER","839","ENGLISH MEDIUM",,"EKB 13",,,,"IVAR VTTAL","OTHER","839",,,"$48.00",,,,,,,,,,,,,
"NITA MEHTAS ICECREAM","2003",,"SNAB PUB PVT LTD","2004","OTHER","841","ENGLISH MEDIUM",,"EKB 15",,,,"NEETA MEHTA","OTHER","841",,,"$89.00",,,,,,,,,,,,,
"CAKES AND CHOCOLATES","2003",,"SNAB PUB PVT LTD","2004","OTHER","843","ENGLISH MEDIUM",,"EKB 17",,,,"NITA MEHTA","OTHER","843",,,"$89.00",,,,,,,,,,,,,
"WHATS IT FOR ANYHOW?",,,"TROLL ASSOCIATES","2004","STORY BOOK","848","ENGLISH MEDIUM",,"EEB 498",,,,,"STORY BOOK","848",,,"$17.00",,,,,,,,,,,,,
"D.W.ALL WEL","2003",,,"2004","STORY BOOK","849","ENGLISH MEDIUM",,"EEB 499",,,,"MAC BROWN","STORY BOOK","849",,,"$17.00",,,,,,,,,,,,,
"DIGBY AND KATE",,,,"2004","CHILDREN LITERATURE","850","ENGLISH MEDIUM",,"EEB 500",,,,,"CHILDREN LITERATURE","850",,,"$17.00",,,,,,,,,,,,,
"INSIDE SESAME STREET","1986",,"A SESAME STREET","2004","STORY BOOK","851","ENGLISH MEDIUM","USA","EEB 501",,,,"MARSHA WINBORN","STORY BOOK","851",,,"$17.00",,,,,,,,,,,,,
"DUCK TALES","1989",,"RANDOM HOUSE","2004","STORY BOOK","853","ENGLISH MEDIUM","NEW YORK","EEB 502",,,,,"STORY BOOK","853",,,"$17.00",,,,,,,,,,,,,
"SLYVESTOR BEAROVERSLY","2003",,"PARENTS MAGAZINE PRESS","2004","CHILDREN LITERATURE","854","ENGLISH MEDIUM",,"EEB 503",,,,"LEE LOREN","CHILDREN LITERATURE","854",,,"$17.00",,,,,,,,,,,,,
"GETTING TO KNOW NATURES CHILDREN GUIDE","2003",,"CANADIAN CATALOGUING","2004","SCIENCE","855","ENGLISH MEDIUM",,"EFD 50",,,,"PAMELA HICKMAN","SCIENCE","855",,,"$17.00",,,,,,,,,,,,,
"CORDUROY",,,,"2004","CHILDREN LITERATURE","856","ENGLISH MEDIUM",,"EEB 504",,,,"DON FREEMAN","CHILDREN LITERATURE","856",,,"$17.00",,,,,,,,,,,,,
"GETTING TO KNOW NATURES CHILDREN","2003",,"CHIPMUNKS","2004","SCIENCE","859","ENGLISH MEDIUM","SPAIN","EFD 51",,,,"MEREBETH SWITZER","SCIENCE","859",,,"$17.00",,,,,,,,,,,,,
"COUNTING","2003",,"A GOLDEN STUDY BOOK","2004","CHILDREN LITERATURE","861","ENGLISH MEDIUM",,"EEB 508",,,,,"CHILDREN LITERATURE","861",,,"$17.00",,,,,,,,,,,,,
"SAM BANGS AND MOONSHINE","1966",,"HENRY HOLT AND COMPANY","2004","STORY BOOK","862","ENGLISH MEDIUM","NEW YORK","EEB 497",,,,"EVALINE NESS","STORY BOOK","862",,,"$17.00",,,,,,,,,,,,,
"HOW TO SCARE A LION",,,"FOLLETT PUB.COM","2004","STORY BOOK","863","ENGLISH MEDIUM",,"EEB 509",,,,"DOROTHY","STORY BOOK","863",,,"$17.00",,,,,,,,,,,,,
"TREASURY VOL-1","2003",,"CTW SESAME STRET","2004","CHILDREN LITERATURE","865","ENGLISH MEDIUM",,"EEB 511",,,,"JIM HENSON","CHILDREN LITERATURE","865",,,"$17.00",,,,,,,,,,,,,
"MY NAME IS MUDPIE","1988",,"MODERN PUBLISHING ","2004","STORY BOOK","870","ENGLISH MEDIUM","NEW YORK","EEB 516",,,,"GUY GILCHRIST","STORY BOOK","870",,,"$17.00",,,,,,,,,,,,,
"TREASURY VOL-1","2003",,"CTW SESAME STRET","2004","CHILDREN LITERATURE","876","ENGLISH MEDIUM",,"EEB 522",,,,"JIM HENSON","CHILDREN LITERATURE","876",,,"$17.00",,,,,,,,,,,,,
"WALT DISNEY A GUIDE TO FUN AND LEARNING",,,"A BANTAM BOOK","2004","CHILDREN LITERATURE","877","ENGLISH MEDIUM","UK","EEB 522",,,,,"CHILDREN LITERATURE","877",,,"$25.00",,,,,,,,,,,,,
"RABBITS FINDS A WAY","1975",,"CROWN PUBLISHERS","2004","STORY BOOK","878","ENGLISH MEDIUM","NEW YORK","EEB 524",,,,"JUDY DELTON","STORY BOOK","878",,,"$17.00",,,,,,,,,,,,,
"PETS",,,"BRIMAX BOOKS","2004","STORY BOOK","879","ENGLISH MEDIUM","ENGLAND","EEB 525",,,,"STEPHEN ATTMORE","STORY BOOK","879",,,"$17.00",,,,,,,,,,,,,
"TREASURY VOL 2",,,"CTW SESAME STRET","2004","STORY BOOK","881","ENGLISH MEDIUM",,"EEB 527",,,,"JIM HENSON","STORY BOOK","881",,,"$17.00",,,,,,,,,,,,,
"BE CAREFUL, LITTLE ANTELOPE",,,,"2004","CHILDREN LITERATURE","882","ENGLISH MEDIUM",,"EEB 528",,,,"CLAUD CLEMENT","CHILDREN LITERATURE","882",,,"$17.00",,,,,,,,,,,,,
"BEST LOVED NURSERY RHYMES",,,,"2004","CHILDREN LITERATURE","883","ENGLISH MEDIUM",,"EEB 529",,,,,"CHILDREN LITERATURE","883",,,"$0.00",,,,,,,,,,,,,
"JUST RIGHT",,,"PARENTS MAGAZINE PRESS","2004","CHILDREN LITERATURE","884","ENGLISH MEDIUM","NEW YORK","EEB 530",,,,"LILIAN MOORE","CHILDREN LITERATURE","884",,,"$17.00",,,,,,,,,,,,,
"PAUL BANYAN AND BLUE OX",,,"RANDOM HOUSE","2004","STORY BOOK","885","ENGLISH MEDIUM","NEW YORK","EEB 531",,,,"JAN GLESTER","STORY BOOK","885",,,"$17.00",,,,,,,,,,,,,
"WINNIE THE POOH AND TIGGER TOO",,,"DISNEY","2004","STORY BOOK","886","ENGLISH MEDIUM",,"EEB 532",,,,"WALT DISNEY","STORY BOOK","886",,,"$17.00",,,,,,,,,,,,,
"IM GLAD IM YOUR MOTHER",,,,"2004","CHILDREN LITERATURE","887","ENGLISH MEDIUM",,"EEB 533",,,,"KATHYRN HUTTON","CHILDREN LITERATURE","887",,,"$17.00",,,,,,,,,,,,,
"STILL MORE ANTONYMS",,,,"2004","CHILDREN LITERATURE","889","ENGLISH MEDIUM",,"EEB 535",,,,,"CHILDREN LITERATURE","889",,,"$17.00",,,,,,,,,,,,,
"BIG OR LITTLE?",,,,"2004","CHILDREN LITERATURE","890","ENGLISH MEDIUM",,"EEB 536",,,,,"CHILDREN LITERATURE","890",,,"$17.00",,,,,,,,,,,,,
"ABC",,,"BEGINNER BOOKS","2004","STORY BOOK","896","ENGLISH MEDIUM","USA","EEB 542",,,,"DR.SEUSSS","STORY BOOK","896",,,"$17.00",,,,,,,,,,,,,
"ALL ABOUT BEARS","1985",,"WORLD OF WONDER","2004","STORY BOOK","899","ENGLISH MEDIUM","USA","EEB 545",,,,"KEN FORSES","STORY BOOK","899",,,"$17.00",,,,,,,,,,,,,
"LAMBERT THE SHEEPISH LION","2002",,"RANDOM HOUSE","2004","CHILDREN LITERATURE","902","ENGLISH MEDIUM","NEW YORK","EEB 548",,,,,"CHILDREN LITERATURE","902",,,"$17.00",,,,,,,,,,,,,
"THE EARS OF LOUIS",,,,"2004","CHILDREN LITERATURE","904","ENGLISH MEDIUM",,"EEB 494",,,,,"CHILDREN LITERATURE","904",,,"$17.00",,,,,,,,,,,,,
"WILD ON WHEELS","2003",,"WEEKLY RLAULER","2004","STORY BOOK","905","ENGLISH MEDIUM","USA","EEB 550",,,,"STEVEN ALTINOSK","STORY BOOK","905",,,"$17.00",,,,,,,,,,,,,
"THE SECRET GARDEN",,,"SCHOLASTIC","2004","CHILDREN LITERATURE","906","ENGLISH MEDIUM","NEW YORK","EEB 496",,,,"DIANE MOLLESON","CHILDREN LITERATURE","906",,,"$0.00",,,,,,,,,,,,,
"THE HAPPY VALLEY","2002",,"GROVE PRESS","2004","STORY BOOK","908","ENGLISH MEDIUM","NEW YORK","EEB 552",,,,"ERIC BERNE","STORY BOOK","908",,,"$17.00",,,,,,,,,,,,,
"THE HUNGRY DUCKLING","1989",,"READERS DIGEST CHILDREN BOOK","2004","STORY BOOK","909","ENGLISH MEDIUM",,"EEB 553",,,,"CLAUDE CLEMENT","STORY BOOK","909",,,"$17.00",,,,,,,,,,,,,
"BABY FOZZIE ON CLOUD NINE","2002",,,"2004","CHILDREN LITERATURE","910","ENGLISH MEDIUM",,"EEB 554",,,,"BARRY KEATING","CHILDREN LITERATURE","910",,,"$17.00",,,,,,,,,,,,,
"GROVERS BOOK OF CUTE LITTLE BABY ANIMAL","1980",,"A SESAME STREET","2004","STORY BOOK","911","ENGLISH MEDIUM","USA","EEB 555",,,,"B.G.FORD","STORY BOOK","911",,,"$17.00",,,,,,,,,,,,,
" A GUIDE TO FUN AND LEARNING",,,"WALT DISNEY","2004","CHILDREN LITERATURE","913","ENGLISH MEDIUM",,"EEB 523",,,,,"CHILDREN LITERATURE","913",,,"$17.00",,,,,,,,,,,,,
"MY BOOK OF BIBLE STORIES","2003",,"WATCH TOWER BIBLE AND TRACT SOCIETY","2004","CHILDREN LITERATURE","914","ENGLISH MEDIUM",,"EEB 493",,,,,"CHILDREN LITERATURE","914",,,"$17.00",,,,,,,,,,,,,
"JUNIOR PET CARE RABBIT","2003",,"T.F.H.PUBLICATION","2004","CHILDREN LITERATURE","915","ENGLISH MEDIUM",,"EEB 558",,,,"ZUCA VRBOVA","CHILDREN LITERATURE","915",,,"$17.00",,,,,,,,,,,,,
"WHERES WALLACE",,,,"2004","STORY BOOK","920","ENGLISH MEDIUM",,"EEB 562",,,,"HILLARY KNIGHT","STORY BOOK","920",,,"$17.00",,,,,,,,,,,,,
"THE TALE OF PETER RABBIT","1988",,"A GOLDEN BOOK","2004","STORY BOOK","921","ENGLISH MEDIUM","NEW YORK","EEB 564",,,,"DAVID JORGRNSEN","STORY BOOK","921",,,"$17.00",,,,,,,,,,,,,
"A WEEKEND WITH WENDELL",,,"GREENWILLOW BOOKS","2004","CHILDREN LITERATURE","922","ENGLISH MEDIUM","NEW YORK","EEB 564",,,,"KEVIN HENKES","CHILDREN LITERATURE","922",,,"$17.00",,,,,,,,,,,,,
"SNOW WHITE AND THE SEVEN DWARFS",,,"A GOLDEN BOOK","2004","CHILDREN LITERATURE","924","ENGLISH MEDIUM","NEW YORK","EEB 566",,,,,"CHILDREN LITERATURE","924",,,"$17.00",,,,,,,,,,,,,
"GOOD AS GOLD",,,"DISNEY","2004","CHILDREN LITERATURE","927","ENGLISH MEDIUM",,"EEB 569",,,,,"CHILDREN LITERATURE","927",,,"$17.00",,,,,,,,,,,,,
"SAY GOOD NIGHT TO ILLITERACY",,,"HALE PRICE BOOKS","2004","STORY BOOK","930","ENGLISH MEDIUM",,"EEB 572",,,,,"STORY BOOK","930",,,"$17.00",,,,,,,,,,,,,
"PANDIS CALCULATOR BOOKS",,,,"2004","STORY BOOK","931","ENGLISH MEDIUM",,"EEB 573",,,,"PANDI","STORY BOOK","931",,,"$17.00",,,,,,,,,,,,,
"WINNIE THE POOHS FRIENDSHIP BOOK","1994",,"DUTTAN CHILDREN BOOKS","2004","STORY BOOK","932","ENGLISH MEDIUM","NEW YORK","EEB 574",,,,"ERNEST H. SHOPHER","STORY BOOK","932",,,"$17.00",,,,,,,,,,,,,
"A LONG VACATION","1972",,"LEARNERS PUBLISHING","2004","STORY BOOK","933","ENGLISH MEDIUM","MINNESOTA","EEB 575",,,,"MR. AND MRS. BUMBA","STORY BOOK","933",,,"$17.00",,,,,,,,,,,,,
"BIRDS AND TREES FLOWERS AND BEES",,,"A BANTAM BOOK","2004","CHILDREN LITERATURE","935","ENGLLISH MEDIUM","TORONTO","EEB 577",,,,,"CHILDREN LITERATURE","935",,,"$17.00",,,,,,,,,,,,,
"MARTHA SPEAKS",,,,"2004","CHILDREN LITERATURE","936","ENGLISH MEDIUM",,"EEB 578",,,,,"CHILDREN LITERATURE","936",,,"$17.00",,,,,,,,,,,,,
"HIGHER ON THE DOOR",,,"GREEN WILLOUS LIBRARY","2004","STORY BOOK","938","ENGLISH MEDIUM",,"EEB 580",,,,"JAMES STEVENSON","STORY BOOK","938",,,"$17.00",,,,,,,,,,,,,
"FRECKLES AND WILLIE",,,,"2004","CHILDREN LITERATURE","940","ENGLISH MEDIUM",,"EEB 544",,,,,"CHILDREN LITERATURE","940",,,"$17.00",,,,,,,,,,,,,
"THE TWELVE DAYS OF CHRISTMAS",,,"A GOLDEN BOOK","2004","CHILDREN LITERATURE","942","ENGLISH MEDIUM","NEW YORK","EEB 585",,,,"SHEILAH BECKETT","CHILDREN LITERATURE","942",,,"$17.00",,,,,,,,,,,,,
"POLAR BEAR, POLAR BEAR","1991",,"HENRY HOLT AND COMPANY","2004","STORY BOOK","943","ENGLISH MEDIUM","NEW YORK","EEB 585",,,,"BILL MARTIN","STORY BOOK","943",,,"$17.00",,,,,,,,,,,,,
"WIT AND MORAL","2003",,"CHUNMUN CHILODRENS BOOK","2004","STORY BOOK","947","ENGLISH MEDIUM","MUMBAI","EEB 440",,,,"YAJIV","STORY BOOK","947",,,"$25.00",,,,,,,,,,,,,
"MY A BOOK",,,"THE CHILD WORLD","2004","STORY BOOK","948","ENGLISH MEDIUM",,"EEB 588",,,,"JANE BELK MONCURE","STORY BOOK","948",,,"$17.00",,,,,,,,,,,,,
"MY B BOOK","1990",,"THE CHILDS WORLD","2004","STORY BOOK","949","ENGLISH MEDIUM","USA","EEB 589",,,,"JANE BELK MONCURRE","STORY BOOK","949",,,"$17.00",,,,,,,,,,,,,
"MY C BOOK","1990",,"THE CHILD WORLD","2004","STORY BOOK","950","ENGLISH MEDIUM","USA","EEB 590",,,,"JANE BELK MONCURE","STORY BOOK","950",,,"$17.00",,,,,,,,,,,,,
"MY H BOOK",,,"THE CHILD WORLD","2004","CHILDREN LITERATURE","951","ENGLISH MEDIUM",,"EEB 591",,,,,"CHILDREN LITERATURE","951",,,"$17.00",,,,,,,,,,,,,
"MY L BOOK","1990",,"THE CHILDS BOOK","2004","STORY BOOK","952","ENGLISH MEDIUM","USA","EEB 592",,,,"JANE BELK MONCURE","STORY BOOK","952",,,"$17.00",,,,,,,,,,,,,
"MY O BOOK",,,"THE CHILD WORLD","2004","CHILDREN LITERATURE","953","ENGLISH MEDIUM",,"EEB 593",,,,"JANE BELK MONCURE","CHILDREN LITERATURE","953",,,"$17.00",,,,,,,,,,,,,
"MY Q BOOK","1990",,"THE CHILDS BOOK","2004","STORY BOOK","954","ENGLISH MEDIUM","USA","EEB 594",,,,"JANE BELK MONUM","STORY BOOK","954",,,"$17.00",,,,,,,,,,,,,
"MY R BOOK","1991",,"THE CHILD WORLD","2004","STORY BOOK","955","ENGLISH MEDIUM","USA","EEB 595",,,,"JANE BELK MONUM","STORY BOOK","955",,,"$17.00",,,,,,,,,,,,,
"MY S BOOK",,,"THE CHILD WORLD","2004","CHILDREN LITERATURE","956","ENGLISH MEDIUM",,"EEB 596",,,,"JANE BELK","CHILDREN LITERATURE","956",,,"$17.00",,,,,,,,,,,,,
"MY U BOOK",,,"THE CHILD WORLD","2004","STORY BOOK","957","ENGLISH MEDIUM","USA","EEB 597",,,,"JANE BELK","STORY BOOK","957",,,"$17.00",,,,,,,,,,,,,
"MY W BOOK",,,"THE CHILD WORLD","2004","CHILDREN LITERATURE","959","ENGLISH MEDIUM",,"EEB 599",,,,"JANE BELK MONCURE","CHILDREN LITERATURE","959",,,"$17.00",,,,,,,,,,,,,
"THE CONCISE OXFORD THESAURUS","2003",,"OXFORD UNI PRESS","2004","GRAMMER","960","ENGLISH MEDIUM","NEW DELHI","EEA 42",,,,"BETY KIRK PATRI","GRAMMER","960",,,"$300.00",,,,,,,,,,,,,
"ULTIMATE VISUAL DICTIONARY","2003",,"DORLING KINDERSLEY","2004","GK","961","ENGLISH MEDIUM","DELHI","EK 39",,,,,"GK","961",,,"$500.00",,,,,,,,,,,,,
"QUIZ BOOK-SPACE","2003",,"UNICATE PUBLICATION","2004","GK","962","ENGLISH MEDIUM",,"EK 69",,,,"SHYAMA DUTTA","GK","962",,,"$12.00",,,,,,,,,,,,,
"QUIZ BOOK-SCIENCE","2003",,"UNICATE PUBLICATION","2004","GK","964","ENGLISH MEDIUM",,"EK 71",,,,"SHYAMA DUTTA","GK","964",,,"$12.00",,,,,,,,,,,,,
"QUIZ BOOK-INVETION & DISCOVERIES","2003",,"UNICATE PUBLICATION","2004","GK","966","ENGLISH MEDIUM",,"EK 73",,,,"SHYAMA DUTTA","GK","966",,,"$12.00",,,,,,,,,,,,,
"QUIZ BOOK-ENTERTAINMENT","2003",,"UNICATE PUBLICATION","2004","GK","967","ENGLISH MEDIUM",,"EK 74",,,,"SHYAMA DUTTA","GK","967",,,"$12.00",,,,,,,,,,,,,
"QUIZ BOOK-WORDS & DISASTERS","2003",,"UNICATE PUBLICATION","2004","GK","968","ENGLISH MEDIUM",,"EK 75",,,,"SHYAMA DUTTA","GK","968",,,"$12.00",,,,,,,,,,,,,
"QUIZ BOOK-NATURE","2003",,"UNICATE PUBLICATION","2004","GK","969","ENGLISH MEDIUM",,"EK 76",,,,"SHYAMA DUTTA","GK","969",,,"$12.00",,,,,,,,,,,,,
"QUIZ BOOK-HUMAN BODY","2003",,"UNICATE PUBLICATION","2004","GK","970","ENGLISH MEDIUM",,"EK 77",,,,"SHYAMA DUTTA","GK","970",,,"$12.00",,,,,,,,,,,,,
"QUIZ BOOK-MONUMENTS","2003",,"UNICATE PUBLICATION","2004","GK","971","ENGLISH MEDIUM",,"EK 78",,,,"SHYAMA DUTTA","GK","971",,,"$12.00",,,,,,,,,,,,,
"I WANT TO KNOW ABOUT THE WORLD AROUND ME","2003",,"UNICATE PUBLICATION","2004","GK","972","ENGLISH MEDIUM",,"EK 79",,,,"SHYAMA DUTTA","GK","972",,,"$58.00",,,,,,,,,,,,,
"I WANT TO KNOW ABOUT MACHINES & TOALS","2003",,"UNICATE PUBLICATION","2004","GK","973","ENGLISH MEDIUM",,"EK 80",,,,"SHYAMA DUTTA","GK","973",,,"$58.00",,,,,,,,,,,,,
"I WANT TO KNOW ABOUT HUMAN BODY","2003",,"UNICATE PUBLICATION","2004","GK","975","ENGLISH MEDIUM",,"EK 82",,,,"SHYAMA DUTTA","GK","975",,,"$58.00",,,,,,,,,,,,,
"I WANT TO KNOW ABOUT THE UNIVERSE","2003",,"UNICATE PUBLICATION","2004","GK","976","ENGLISH MEDIUM",,"EK 83",,,,"SHYAMA DUTTA","GK","976",,,"$58.00",,,,,,,,,,,,,
"LETS KNOW ABOUT AUSTRALIA & OCEANIA","2003",,"UNICATE PUBLICATION","2004","GK","977","ENGLISH MEDIUM",,"EK 84",,,,"SHYAMA DUTTA","GK","977",,,"$35.00",,,,,,,,,,,,,
"LETS KNOW ABOUT ASIA","2003",,"UNICATE PUBLICATION","2004","GK","978","ENGLISH MEDIUM",,"EK 85",,,,"SHYAMA DUTTA","GK","978",,,"$35.00",,,,,,,,,,,,,
"LETS KNOW ABOUT BIOLOGY","2003",,"UNICATE PUBLICATION","2004","GK","979","ENGLISH MEDIUM",,"EK 86",,,,"SHYAMA DUTTA","GK","979",,,"$35.00",,,,,,,,,,,,,
"LETS KNOW ABOUT EUROPE","2003",,"UNICATE PUBLICATION","2004","GK","980","ENGLISH MEDIUM",,"EK 113",,,,"SHYAMA DUTTA","GK","980",,,"$35.00",,,,,,,,,,,,,
"LETS KNOW ABOUT COMPUTERS","2003",,"UNICATE PUBLICATION","2004","GK","981","ENGLISH MEDIUM",,"EK 87",,,,"SHYAMA DUTTA","GK","981",,,"$35.00",,,,,,,,,,,,,
"LETS KNOW ABOUT AFRICA","2003",,"UNICATE PUBLICATION","2004","GK","982","ENGLISH MEDIUM",,"EK 88",,,,"SHYAMA DUTTA","GK","982",,,"$35.00",,,,,,,,,,,,,
"LETS KNOW ABOUT COMMUNICATION","2003",,"UNICATE PUBLICATION","2004","GK","983","ENGLISH MEDIUM",,"EK 89",,,,"SHYAMA DUTTA","GK","983",,,"$35.00",,,,,,,,,,,,,
"LETS KNOW ABOUT SOUTH AMERICA","2003",,"UNICATE PUBLICATION","2004","GK","984","ENGLISH MEDIUM",,"EK 90",,,,"SHYAMA DUTTA","GK","984",,,"$35.00",,,,,,,,,,,,,
"LETS KNOW ABOUT POLAR REGION","2003",,"UNICATE PUBLICATION","2004","GK","985","ENGLISH MEDIUM",,"EK 91",,,,"SHYAMA DUTTA","GK","985",,,"$35.00",,,,,,,,,,,,,
"LETS KNOW ABOUT BASIC MACHINES","2003",,"UNICATE PUBLICATION","2004","GK","986","ENGLISH MEDIUM",,"EK 92",,,,"SHYAMA DUTTA","GK","986",,,"$35.00",,,,,,,,,,,,,
"LETS KNOW ABOUT PHYSICS","2003",,"UNICATE PUBLICATION","2004","GK","987","ENGLISH MEDIUM",,"EK 93",,,,"SHYAMA DUTTA","GK","987",,,"$35.00",,,,,,,,,,,,,
"LETS KNOW ABOUT NORTH & CENTRAL AMERICA","2003",,"UNICATE PUBLICATION","2004","GK","988","ENGLISH MEDIUM",,"EK 94",,,,"SHYAMA DUTTA","GK","988",,,"$35.00",,,,,,,,,,,,,
"LETS KNOW ABOUT SOME OF THE FAMOUS MOUNTAINS RANGE IN THE WORLD","2003",,"UNICATE PUBLICATION","2004","GK","989","ENGLISH MEDIUM",,"EK 95",,,,"SHYAMA DUTTA","GK","989",,,"$35.00",,,,,,,,,,,,,
"LETS KNOW ABOUT UNIVERSE","2003",,"UNICATE PUBLICATION","2004","GK","991","ENGLISH MEDIUM",,"EK 97",,,,"SHYAMA DUTTA","GK","991",,,"$35.00",,,,,,,,,,,,,
"LETS KNOW ABOUT OCEANS AND SEAS","2003",,"UNICATE PUBLICATION","2004","GK","992","ENGLISH MEDIUM",,"EK 98",,,,"SHYAMA DUTTA","GK","992",,,"$35.00",,,,,,,,,,,,,
"LETS KNOW ABOUT MONUMENTS","2003",,"UNICATE PUBLICATION","2004","GK","993","ENGLISH MEDIUM",,"EK 101",,,,"SHYAMA DUTTA","GK","993",,,"$35.00",,,,,,,,,,,,,
"LETS KNOW ABOUT GREAT CIVILISATIONS","2003",,"UNICATE PUBLICATION","2004","GK","994","ENGLISH MEDIUM",,"EK 99",,,,"SHYAMA DUTTA","GK","994",,,"$35.00",,,,,,,,,,,,,
"LETS KNOW ABOUT HUMAN BODY","2003",,"UNICATE PUBLICATION","2004","GK","995","ENGLISH MEDIUM",,"EK 100",,,,"SHYAMA DUTTA","GK","995",,,"$35.00",,,,,,,,,,,,,
"LETS KNOW ABOUT MUSICAL INSTRUMENTS","2003",,"UNICATE PUBLICATION","2004","GK","996","ENGLISH MEDIUM",,"EK 105",,,,"SHYAMA DUTTA","GK","996",,,"$35.00",,,,,,,,,,,,,
"LETS KNOW ABOUT INDORE SPORTS","2003",,"UNICATE PUBLICATION","2004","GK","998","ENGLISH MEDIUM",,"EK 104",,,,"SHYAMA DUTTA","GK","998",,,"$35.00",,,,,,,,,,,,,
"LETS KNOW ABOUT EARTH","2003",,"UNICATE PUBLICATION","2004","GK","999","ENGLISH MEDIUM",,"EK 105",,,,"SHYAMA DUTTA","GK","999",,,"$35.00",,,,,,,,,,,,,
"LETS KNOW ABOUT RELIGIOUS OF THE WORLD","2003",,"UNICATE PUBLICATION","2004","GK","1000","ENGLISH MEDIUM",,"EK 106",,,,"SHYAMA DUTTA","GK","1000",,,"$35.00",,,,,,,,,,,,,
"LETS KNOW ABOUT WEAPONS OF WAR","2003",,"UNICATE PUBLICATION","2004","GK","1001","ENGLISH MEDIUM",,"EK 107",,,,"SHYAMA DUTTA","GK","1001",,,"$35.00",,,,,,,,,,,,,
"LETS KNOW ABOUT SOME PREHISTORIC ANIMALS","2003",,"UNICATE PUBLICATION","2004","GK","1002","ENGLISH MEDIUM",,"EK 111",,,,"SHYAMA DUTTA","GK","1002",,,"$35.00",,,,,,,,,,,,,
"LETS KNOW ABOUT CHEMISTRY","2003",,"UNICATE PUBLICATION","2004","GK","1003","ENGLISH MEDIUM",,"EK 108",,,,"SHYAMA DUTTA","GK","1003",,,"$35.00",,,,,,,,,,,,,
"LETS KNOW ABOUT DISASTERS","2003",,"UNICATE PUBLICATION","2004","GK","1005","ENGLISH MEDIUM",,"EK 112",,,,"SHYAMA DUTTA","GK","1005",,,"$35.00",,,,,,,,,,,,,
"LETS KNOW ABOUT VEICLES","2003",,"UNICATE PUBLICATION","2004","GK","1006","ENGLISH MEDIUM",,"EK 110",,,,"SHYAMA DUTTA","GK","1006",,,"$35.00",,,,,,,,,,,,,
"LETS KNOW ABOUT SEA-ANIMALS","2003",,"UNICATE PUBLICATION","2004","GK","1007","ENGLISH MEDIUM",,"EK 114",,,,"SHYAMA DUTTA","GK","1007",,,"$19.90",,,,,,,,,,,,,
"MY FIRST LOOK OF COLOURS","2003",,"UNICATE PUBLICATION","2004","GK","1008","ENGLISH MEDIUM",,"EK 115",,,,"SHYAMA DUTTA","GK","1008",,,"$19.90",,,,,,,,,,,,,
"MY FIRST LOOK OF TRANSPORTATION","2003",,"UNICATE PUBLICATION","2004","GK","1009","ENGLISH MEDIUM",,"EK 116",,,,"SHYAMA DUTTA","GK","1009",,,"$19.90",,,,,,,,,,,,,
"MY FIRST LOOK OF SEASONS","2003",,"UNICATE PUBLICATION","2004","GK","1010","ENGLISH MEDIUM",,"EK 117",,,,"SHYAMA DUTTA","GK","1010",,,"$19.90",,,,,,,,,,,,,
"MY FIRST LOOK OF TABLES","2003",,"UNICATE PUBLICATION","2004","GK","1011","ENGLISH MEDIUM",,"EK 118",,,,"SHYAMA DUTTA","GK","1011",,,"$19.90",,,,,,,,,,,,,
"MY FIRST LOOK OF REPTILES","2003",,"UNICATE PUBLICATION","2004","GK","1012","ENGLISH MEDIUM",,"EK 119",,,,"SHYAMA DUTTA","GK","1012",,,"$19.90",,,,,,,,,,,,,
"MY FIRST LOOK OF COMPUTERS","2003",,"UNICATE PUBLICATION","2004","GK","1013","ENGLISH MEDIUM",,"EK 120",,,,"SHYAMA DUTTA","GK","1013",,,"$19.90",,,,,,,,,,,,,
"MY FIRST LOOK OF MY HOUSE","2003",,"UNICATE PUBLICATION","2004","GK","1014","ENGLISH MEDIUM",,"EK 121",,,,"SHYAMA DUTTA","GK","1014",,,"$19.90",,,,,,,,,,,,,
"MY FIRST LOOK OF INSECTS","2003",,"UNICATE PUBLICATION","2004","GK","1015","ENGLISH MEDIUM",,"EK 122",,,,"SHYAMA DUTTA","GK","1015",,,"$19.90",,,,,,,,,,,,,
"MY FIRST LOOK OF FIGHTER PLANES","2003",,"UNICATE PUBLICATION","2004","GK","1016","ENGLISH MEDIUM",,"EK 123",,,,"SHYAMA DUTTA","GK","1016",,,"$19.90",,,,,,,,,,,,,
"MY FIRST LOOK OF RELIGIONS","2003",,"UNICATE PUBLICATION","2004","GK","1017","ENGLISH MEDIUM",,"EK 124",,,,"SHYAMA DUTTA","GK","1017",,,"$19.90",,,,,,,,,,,,,
"MY FIRST LOOK OF CRICKET","2003",,"UNICATE PUBLICATION","2004","GK","1018","ENGLISH MEDIUM",,"EK 125",,,,"SHYAMA DUTTA","GK","1018",,,"$19.90",,,,,,,,,,,,,
"MY FIRST LOOK OF FIRST AID","2003",,"UNICATE PUBLICATION","2004","GK","1019","ENGLISH MEDIUM",,"EK 126",,,,"SHYAMA DUTTA","GK","1019",,,"$19.90",,,,,,,,,,,,,
"MY FIRST LOOK OF GOOD MANNERS","2003",,"UNICATE PUBLICATION","2004","GK","1020","ENGLISH MEDIUM",,"EK 127",,,,"SHYAMA DUTTA","GK","1020",,,"$19.90",,,,,,,,,,,,,
"MY FIRST LOOK OF SPORTS","2003",,"UNICATE PUBLICATION","2004","GK","1022","ENGLISH MEDIUM",,"EK 129",,,,"SHYAMA DUTTA","GK","1022",,,"$19.90",,,,,,,,,,,,,
"MY FIRST LOOK OF BODY PARTS","2003",,"UNICATE PUBLICATION","2004","GK","1023","ENGLISH MEDIUM",,"EK 130",,,,"SHYAMA DUTTA","GK","1023",,,"$19.90",,,,,,,,,,,,,
"MY FIRST LOOK OF COUNTRIES AND THEIR FLAGS","2003",,"UNICATE PUBLICATION","2004","GK","1024","ENGLISH MEDIUM",,"EK 131",,,,"SHYAMA DUTTA","GK","1024",,,"$19.90",,,,,,,,,,,,,
"MY FIRST LOOK OF SHAPES","2003",,"UNICATE PUBLICATION","2004","GK","1025","ENGLISH MEDIUM",,"EK 132",,,,"SHYAMA DUTTA","GK","1025",,,"$19.90",,,,,,,,,,,,,
"MY FIRST LOOK OF WRONG RIGHT","2003",,"UNICATE PUBLICATION","2004","GK","1026","ENGLISH MEDIUM",,"EK 133",,,,"SHYAMA DUTTA","GK","1026",,,"$19.90",,,,,,,,,,,,,
"MY FIRST LOOK OF NUMBERS","2003",,"UNICATE PUBLICATION","2004","GK","1027","ENGLISH MEDIUM",,"EK 134",,,,"SHYAMA DUTTA","GK","1027",,,"$19.90",,,,,,,,,,,,,
"MY FIRST LOOK OF OPPOSITES","2003",,"UNICATE PUBLICATION","2004","GK","1028","ENGLISH MEDIUM",,"EK 135",,,,"SHYAMA DUTTA","GK","1028",,,"$19.90",,,,,,,,,,,,,
"MY FIRST LOOK OF ABC","2003",,"UNICATE PUBLICATION","2004","GK","1029","ENGLISH MEDIUM",,"EK 136",,,,"SHYAMA DUTTA","GK","1029",,,"$19.90",,,,,,,,,,,,,
"MY FIRST LOOK OF BIRDS","2003",,"UNICATE PUBLICATION","2004","GK","1030","ENGLISH MEDIUM",,"EK 137",,,,"SHYAMA DUTTA","GK","1030",,,"$19.90",,,,,,,,,,,,,
"MY FIRST LOOK OF TIME","2003",,"UNICATE PUBLICATION","2004","GK","1031","ENGLISH MEDIUM",,"EK 138",,,,"SHYAMA DUTTA","GK","1031",,,"$19.90",,,,,,,,,,,,,
"MY FIRST LOOK OF TREES","2003",,"UNICATE PUBLICATION","2004","GK","1032","ENGLISH MEDIUM",,"EK 139",,,,"SHYAMA DUTTA","GK","1032",,,"$19.90",,,,,,,,,,,,,
"MY FIRST LOOK OF WILD ANIMALS","2003",,"UNICATE PUBLICATION","2004","GK","1033","ENGLISH MEDIUM",,"EK 140",,,,"SHYAMA DUTTA","GK","1033",,,"$19.90",,,,,,,,,,,,,
"MY FIRST LOOK OF SHLOKAS","2003",,"UNICATE PUBLICATION","2004","GK","1034","ENGLISH MEDIUM",,"EK 141",,,,"SHYAMA DUTTA","GK","1034",,,"$19.90",,,,,,,,,,,,,
"MY FIRST LOOK OF MONUMENTS","2003",,"UNICATE PUBLICATION","2004","GK","1036","ENGLISH MEDIUM",,"EK 143",,,,"SHYAMA DUTTA","GK","1036",,,"$19.90",,,,,,,,,,,,,
"MY FIRST LOOK OF WORDS","2003",,"UNICATE PUBLICATION","2004","GK","1037","ENGLISH MEDIUM",,"EK 144",,,,"SHYAMA DUTTA","GK","1037",,,"$19.90",,,,,,,,,,,,,
"MY FIRST BOOK OF SOLAR SYSTEM","2002",,"UNICATE PUBLICATION","2004","GK","1039","ENGLISH MEDIUM",,"EK 146",,,,"SHYAMA DUTTA","GK","1039",,,"$19.00",,,,,,,,,,,,,
"MY FIRST LOOK OF INVENTIONS","2003",,"UNICATE PUBLICATION","2004","GK","1040","ENGLISH MEDIUM",,"EK 147",,,,"SHYAMA DUTTA","GK","1040",,,"$19.90",,,,,,,,,,,,,
"MY FIRST LOOK OF FRUITS","2003",,"UNICATE PUBLICATION","2004","GK","1041","ENGLISH MEDIUM",,"EK 148",,,,"SHYAMA DUTTA","GK","1041",,,"$19.90",,,,,,,,,,,,,
"MY FIRST LOOK OF FLOWERS","2003",,"UNICATE PUBLICATION","2004","GK","1042","ENGLISH MEDIUM",,"EK 149",,,,"SHYAMA DUTTA","GK","1042",,,"$19.90",,,,,,,,,,,,,
"MY FIRST LOOK OF YOGA","2003",,"UNICATE PUBLICATION","2004","GK","1043","ENGLISH MEDIUM",,"EK 150",,,,"SHYAMA DUTTA","GK","1043",,,"$19.90",,,,,,,,,,,,,
"MY FIRST LOOK OF PLANTS","2003",,"UNICATE PUBLICATION","2004","GK","1044","ENGLISH MEDIUM",,"EK 151",,,,"SHYAMA DUTTA","GK","1044",,,"$19.90",,,,,,,,,,,,,
"MY FIRST LOOK OF DOMESTIC ANIMALS","2003",,"UNICATE PUBLICATION","2004","GK","1045","ENGLISH MEDIUM",,"EK 152",,,,"SHYAMA DUTTA","GK","1045",,,"$19.90",,,,,,,,,,,,,
"MY FIRST LOOK OF VEGETABLES","2003",,"UNICATE PUBLICATION","2004","GK","1046","ENGLISH MEDIUM",,"EK 153",,,,"SHYAMA DUTTA","GK","1046",,,"$19.90",,,,,,,,,,,,,
"PREMCHANDRA GODAN","2003",,"SAHNI PUBLICATIONS","2004","HINDI","1047","ENGLISH MEDIUM",,"EEC 15",,,,"MUNSHI PREMCHANDRA","HINDI","1047",,,"$60.00",,,,,,,,,,,,,
"THE AMAZING FACTS PEOPLE AND PLACES","2003",,"PENTAGON PRESS","2004","SCIENCE","1054","ENGLISH MEDIUM","NEW DELHI","EFD 62",,,,,"SCIENCE","1054",,,"$100.00",,,,,,,,,,,,,
"AMAZING FACTS EARTH","2003",,"PENTAGON PRESS","2004","SCIENCE","1055","ENGLISH MEDIUM","NEW DELHI","EFD 63",,,,,"SCIENCE","1055",,,"$100.00",,,,,,,,,,,,,
"VIVEKANAND KI KAHANI","2004",,"THE INDIAN PRESS","2005","HINDI","1057","ENGLISH MEDIUM",,"EEC 16",,,,"FERIN RAI","HINDI","1057",,,"$25.00",,,,,,,,,,,,,
"SRI RAMKRISHNA KI KAHANI","2004",,"THE INDIAN PRESS","2005","HINDI","1058","ENGLISH MEDIUM",,"EEC 17",,,,"FERIN RAI","HINDI","1058",,,"$20.00",,,,,,,,,,,,,
"SWAMI VIVEKANAND","2004",,"THE INDIAN PRESS","2005","HINDI","1059","ENGLISH MEDIUM",,,,,,"FERIN RAI","HINDI","1059",,,"$15.00",,,,,,,,,,,,,
"SRI RAMKRISHNA CHITRAMALA","2004",,"THE INDIAN PRESS","2005","HINDI","1060","ENGLISH MEDIUM",,"EEC 18",,,,"FERIN RAI","HINDI","1060",,,"$25.00",,,,,,,,,,,,,
"THE AMAZING FACTS LIVING WORLD","2004",,"PENTAGON PRESS","2005","GK","1061","ENGLISH MEDIUM","NEW DELHI","EK 165",,,,,"GK","1061",,,"$100.00",,,,,,,,,,,,,
"SCIENCE",,,"PENTAGON PRESS","2005","STORY BOOK","1062","ENGLISH MEDIUM",,"EFD 65",,,,,"STORY BOOK","1062",,,"$100.00",,,,,,,,,,,,,
"THE AMAZING FACTS PEOPLE AND PLACES","2004",,"PENTAGON PRESS","2005","SCIENCE","1063","ENGLISH MEDIUM","NEW DELHI","EK 115",,,,,"SCIENCE","1063",,,"$100.00",,,,,,,,,,,,,
"THE AMAZING FACTS EARTH","2004",,"PENTAGON PRESS","2005","GK","1065","ENGLISH MEDIUM","NEW DELHI","EK 167",,,,,"GK","1065",,,"$100.00",,,,,,,,,,,,,
"THE AMEZING FACTS OCEAN","2004",,"PENTAGON PRESS","2005","SCIENCE","1066","ENGLISH MEDIUM","NEW DELHI","EK 166",,,,,"SCIENCE","1066",,,"$100.00",,,,,,,,,,,,,
"AMAZING UNIVERSE","2003",,"GROLIER","2005","SCIENCE","1067","ENGLISH MEDIUM",,"EFD 67",,,,,"SCIENCE","1067",,,"$100.00",,,,,,,,,,,,,
"GK WITH DEREK - HISTORY & GEOGRAPHY","2004",,"PENGUIN BOOKS INDIA","2005","GK","1068","ENGLISH MEDIUM",,"EK 159",,,,"DREK OBRIEN","GK","1068",,,"$0.00",,,,,,,,,,,,,
"GK WITH DEREK - SCENCE & WILDLIFE","2004",,"PENGUIN BOOKS INDIA","2005","GK","1070","ENGLISH MEDIUM",,"EK 161",,,,"DREK OBRIEN","GK","1070",,,"$0.00",,,,,,,,,,,,,
"GK WITH DEREK - INDIA","2004",,"PENGUIN BOOKS INDIA","2005","GK","1071","ENGLISH MEDIUM",,"EK 162",,,,"DREK OBRIEN","GK","1071",,,"$0.00",,,,,,,,,,,,,
"GK WITH DEREK - LITERATURE & MYTHOLIGY","2004",,"PENGUIN BOOKS INDIA","2005","GK","1072","ENGLISH MEDIUM",,"EK 163",,,,"DREK OBRIEN","GK","1072",,,"$0.00",,,,,,,,,,,,,
"GK WITH DEREK - SPORTS & CINEMA","2004",,"PENGUIN BOOKS INDIA","2005","GK","1073","ENGLISH MEDIUM",,"EK 164",,,,"DREK OBRIEN","GK","1073",,,"$0.00",,,,,,,,,,,,,
"WORLDS GREAT WAR SPEECHES","2004",,"BOOK PALACE","2005","OTHER","1074","ENGLISH MEDIUM",,"EKB 31",,,,"ABRAR MOHSIN","OTHER","1074",,,"$75.00",,,,,,,,,,,,,
"WORLDS GREAT 6 CLASSICS","2004",,"PENGUIN BOOKS INDIA","2005","CHILDREN LITERATURE","1075","ENGLISH MEDIUM",,"EEB 737",,,,"JAYANT GUPTA","CHILDREN LITERATURE","1075",,,"$60.00",,,,,,,,,,,,,
"VISHWA PRASIDDHA LOKKATHA","2004",,"MANOJ PUBLICATION","2005","HINDI","1076","ENGLISH MEDIUM",,"EEC 44",,,,,"HINDI","1076",,,"$30.00",,,,,,,,,,,,,
"JATAK KATHA - AMAR CHITRA KATHA","2004",,"MANOJ PUBLICATION","2005","HINDI","1077","ENGLISH MEDIUM",,"EEC 45",,,,"DHARAMPAL BARIA","HINDI","1077",,,"$80.00",,,,,,,,,,,,,
"KRISHNA & RUKMANI","2004",,"INDIA BOOK HOUSE","2005","CHILDREN LITERATURE","1084","ENGLISH MEDIUM",,"EEB 673",,,,"ANANT PAI","CHILDREN LITERATURE","1084",,,"$25.00",,,,,,,,,,,,,
"CHAND BIBI","2004",,"INDIA BOOK HOUSE","2005","CHILDREN LITERATURE","1086","ENGLISH MEDIUM","MUMBAI","EEB 675",,,,"ANANT PAI","CHILDREN LITERATURE","1086",,,"$25.00",,,,,,,,,,,,,
"ANANDA MATH","2004",,"INDIA BOOK HOUSE","2005","CHILDREN LITERATURE","1093","ENGLISH MEDIUM",,"EEB 682",,,,"ANANT PAI","CHILDREN LITERATURE","1093",,,"$25.00",,,,,,,,,,,,,
"SUBRAMANIA BHARATI",,,"AMAAR PRAKASHAN","2005","CHILDREN LITERATURE","1094","ENGLISH MEDIUM","PUNE","EEB 683",,,,,"CHILDREN LITERATURE","1094",,,"$25.00",,,,,,,,,,,,,
"BAPPA RAWAL","2004",,"INDIA BOOK HOUSE","2005","STORY BOOK","1097","ENGLISH MEDIUM","DELHI","EEB 686",,,,"ANANT PAI","STORY BOOK","1097",,,"$25.00",,,,,,,,,,,,,
"IDEAL STORY FOR KIDS 5","2003",,"ARORA BOOK COMPANY","2005","CHILDREN LITERATURE","1101","ENGLISH MEDIUM","NEW DELHI","EEB 690",,,,,"CHILDREN LITERATURE","1101",,,"$30.00",,,,,,,,,,,,,
"IDEAL STORY FOR KIDS",,,"ARORA BOOK COMPANY","2005","STORY BOOK","1102","ENGLISH MEDIUM","DELHI","EEB 691",,,,,"STORY BOOK","1102",,,"$30.00",,,,,,,,,,,,,
"TOM THUMB","2003",,"VRIDHI ENTERPRISES","2005","CHILDREN LITERATURE","1109","ENGLISH MEDIUM","LUDHIANA","EEB 698",,,,,"CHILDREN LITERATURE","1109",,,"$17.00",,,,,,,,,,,,,
"MODEL CREATION-3","2004",,"BLOSSOMS","2005","ACADEMIC","1111","ENGLISH MEDIUM",,"EH 43",,,,,"ACADEMIC","1111",,,"$40.00",,,,,,,,,,,,,
"MODEL CREATION-1","2004",,"BLOSSOMS","2005","ACADEMIC","1112","ENGLISH MEDIUM",,"EH 44",,,,,"ACADEMIC","1112",,,"$40.00",,,,,,,,,,,,,
"NON VERBAL RESONING","2002",,"S.CHAND & COMPANY","2005","GRAMMER","1113","ENGLISH MEDIUM","NEW DELHI","EFA 44",,,,"R.S.AGARWAL","GRAMMER","1113",,,"$80.00",,,,,,,,,,,,,
"HISTORY ENCYCLOPEDIA","2004",,"NATIONAL BOOK CENTRE","2005","GK","1114","ENGLISH MEDIUM","CHENNAI","EK 169",,,,,"GK","1114",,,"$895.00",,,,,,,,,,,,,
"CHICKEN SOUP FOR THE FATHERS SOUL","2004",,"NATIONAL BOOK CENTRE","2005","OTHER","1115","ENGLISH MEDIUM",,"EKB 30",,,,"JACK CANFIELD","OTHER","1115",,,"$225.00",,,,,,,,,,,,,
"LAVA AND KUSHA","2004",,"SAGAR BOOK SUPPLIERS","2005","STORY BOOK","1116","ENGLISH MEDIUM","CHENNAI","EEB 700",,,,"P.S.SUNDARAM","STORY BOOK","1116",,,"$45.00",,,,,,,,,,,,,
"INVINCIBLE PRAHLAD","2004",,"SAGAR BOOK SUPPLIERS","2005","STORY BOOK","1117","ENGLISH MEDIUM","CHENNAI","EEB 701",,,,"RAJEE RAMAN","STORY BOOK","1117",,,"$45.00",,,,,,,,,,,,,
"NAITIK BAL KATHA-1","2004",,"SAGAR BOOK SUPPLIERS","2005","HINDI","1118","ENGLISH MEDIUM",,"EEC 19",,,,"RENU JANOT","HINDI","1118",,,"$30.00",,,,,,,,,,,,,
"NAITIK BAL KATHA-2",,,"ARORA BOOK COMPANY","2005","HINDI","1119","ENGLISH MEDIUM","DELHI","EEC 20",,,,,"HINDI","1119",,,"$30.00",,,,,,,,,,,,,
"NAITIK BAL KATHA-3","2004",,"SAGAR BOOK SUPPLIERS","2005","HINDI","1120","ENGLISH MEDIUM",,"EEC 21",,,,"RENU JANOT","HINDI","1120",,,"$30.00",,,,,,,,,,,,,
"NAITIK BAL KATHA-4","2004",,"SAGAR BOOK SUPPLIERS","2005","HINDI","1121","ENGLISH MEDIUM",,"EEC 22",,,,"RENU JANOT","HINDI","1121",,,"$30.00",,,,,,,,,,,,,
"CHATPATI KAHANIYA","2004",,"SAGAR BOOK SUPPLIERS","2005","HINDI","1122","ENGLISH MEDIUM",,"EEC 23",,,,"DR RABAB S JETI","HINDI","1122",,,"$20.00",,,,,,,,,,,,,
"CHATPATI KAHANIYA","2004",,"SAGAR BOOK SUPPLIERS","2005","HINDI","1123","ENGLISH MEDIUM",,"EEC 24",,,,"DR RABAB S JETI","HINDI","1123",,,"$20.00",,,,,,,,,,,,,
"CHATPATI KAHANIYA","2004",,"SAGAR BOOK SUPPLIERS","2005","HINDI","1124","ENGLISH MEDIUM",,"EEC 25",,,,"DR RABAB S JETI","HINDI","1124",,,"$20.00",,,,,,,,,,,,,
"PATTERN BOOK",,,,"2005","CHILDREN LITERATURE","1128","ENGLISH MEDIUM",,"EEB 705",,,,,"CHILDREN LITERATURE","1128",,,"$17.00",,,,,,,,,,,,,
"THIS IS RAJASTHAN","2003",,"NATIONAL BOOK CENTRE","2005","CHILDREN LITERATURE","1130","ENGLISH MEDIUM","DELHI","EEB 707",,,,"S.SEN ROY","CHILDREN LITERATURE","1130",,,"$12.00",,,,,,,,,,,,,
"THE SUN FAIRIES",,,"NATIONAL BOOK CENTRE","2005","CHILDREN LITERATURE","1134","ENGLISH MEDIUM","NEW DELHI","EEB 711",,,,,"CHILDREN LITERATURE","1134",,,"$8.00",,,,,,,,,,,,,
"SHERA AND MITHU","2004",,"NATIONAL BOOK CENTRE","2005","CHILDREN LITERATURE","1136","ENGLISH MEDIUM","DELHI","EEB 713",,,,"MANORAMA JAFA","CHILDREN LITERATURE","1136",,,"$0.00",,,,,,,,,,,,,
"MY ROBOT ROBBI","2004",,"NATIONAL BOOK CENTRE","2006","CHILDREN LITERATURE","1139","ENGLISH MEDIUM","DELHI","EEB 716",,,,"DILIP M. SALWI","CHILDREN LITERATURE","1139",,,"$10.00",,,,,,,,,,,,,
"HOMES","2004",,"NATIONAL BOOK TRUST","2005","CHILDREN LITERATURE","1142","ENGLISH MEDIUM",,"EEB 689",,,,,"CHILDREN LITERATURE","1142",,,"$12.00",,,,,,,,,,,,,
"SAVA SHER GEHU","2004",,"NATIONAL BOOK TRUST","2005","HINDI","1145","ENGLISH MEDIUM",,"EEC 26",,,,"PREMCHANDRA","HINDI","1145",,,"$9.00",,,,,,,,,,,,,
"EK DIN…","2004",,"NATIONAL BOOK TRUST","2005","HINDI","1146","ENGLISH MEDIUM",,"EEC 27",,,,"JAGDISH JOSHI","HINDI","1146",,,"$15.00",,,,,,,,,,,,,
"CHOTI SI EK LAHER","2004",,"NATIONAL BOOK TRUST","2005","HINDI","1147","ENGLISH MEDIUM",,"EEC 28",,,,"SUMAN CHANDRAVARKAR","HINDI","1147",,,"$12.00",,,,,,,,,,,,,
"PINJARA","2004",,"NATIONAL BOOK TRUST","2005","HINDI","1148","ENGLISH MEDIUM",,"EEC 29",,,,"DODVEER KOHLI","HINDI","1148",,,"$7.00",,,,,,,,,,,,,
"PAKKI DOSTI","2004",,"NATIONAL BOOK TRUST","2005","HINDI","1149","ENGLISH MEDIUM",,"EEC 30",,,,"ENDRILA MITRA","HINDI","1149",,,"$15.00",,,,,,,,,,,,,
"JANGAL ME JIVAN","2004",,"NATIONAL BOOK TRUST","2005","HINDI","1150","ENGLISH MEDIUM",,"EEC 31",,,,"JITRAY","HINDI","1150",,,"$9.00",,,,,,,,,,,,,
"HARIYALI AUR SAFAI","2004",,"NATIONAL BOOK TRUST","2005","HINDI","1151","ENGLISH MEDIUM",,"EEC 32",,,,"J L REDDY","HINDI","1151",,,"$7.00",,,,,,,,,,,,,
"PAIDA KI MAHIMA","2004",,"NATIONAL BOOK TRUST","2005","HINDI","1152","ENGLISH MEDIUM",,"EEC 33",,,,"RASKIN BOND","HINDI","1152",,,"$8.00",,,,,,,,,,,,,
"SAAP AUR HUM","2004",,"NATIONAL BOOK TRUST","2005","HINDI","1154","ENGLISH MEDIUM",,"EEC 35",,,,"JAY WHITEKAR","HINDI","1154",,,"$10.00",,,,,,,,,,,,,
"ROHAT AUR NANDIYA","2004",,"NATIONAL BOOK TRUST","2005","HINDI","1155","ENGLISH MEDIUM",,"EEC 36",,,,"KRISHNA CHAITANYA","HINDI","1155",,,"$10.00",,,,,,,,,,,,,
"SWAMI DAYANAND","2004",,"NATIONAL BOOK TRUST","2005","HINDI","1156","ENGLISH MEDIUM",,"EEC 37",,,,"B K SINH","HINDI","1156",,,"$40.00",,,,,,,,,,,,,
"GANDHIJI","2004",,"NATIONAL BOOK TRUST","2005","HINDI","1158","ENGLISH MEDIUM",,"EEC 39",,,,,"HINDI","1158",,,"$27.00",,,,,,,,,,,,,
"DIVASWAPNA","2002",,"NATIONAL BOOK CENTRE","2005","HINDI","1159","ENGLISH MEDIUM","NEW DELHI","EEC 40",,,,"GIJUBHAI BADHEKA","HINDI","1159",,,"$25.00",,,,,,,,,,,,,
"QUANTAM JAGAT KA RAHASYA","2004",,"NATIONAL BOOK TRUST","2005","HINDI","1160","ENGLISH MEDIUM",,"EEC 41",,,,"RAJAT CHANDA","HINDI","1160",,,"$45.00",,,,,,,,,,,,,
"THE STRENGTH OF MONEY",,,"ARORA BOOK COMPANY","2008","CHILDREN LITERATURE","1173","ENGLISH MEDIUM","NEW DELHI","EEB 734",,,,,"CHILDREN LITERATURE","1173",,,"$0.00",,,,,,,,,,,,,
"THE ADVENTURES OF TOM THUMB","2003",,"ARORA BOOK COMPANY","2004","CHILDREN LITERATURE","1175","ENGLISH MEDIUM","DELHI","EEB 736",,,,,"CHILDREN LITERATURE","1175",,,"$17.00",,,,,,,,,,,,,
"PRINCE AHMED AND THE PRINCESS","2007",,"ARORA BOOK COMPANY","2008","CHILDREN LITERATURE","1182","ENGLISH MEDIUM","DELHI","EEB 743",,,,,"CHILDREN LITERATURE","1182",,,"$17.00",,,,,,,,,,,,,
"NETAJI SUBHASHCHANDRA BOSE","2004",,"SUMAN PRAKASHAN","2005","BIOGRAPHY","1190","ENGLISH MEDIUM",,"EB 46",,,,"VITHATDAS V DESAI","BIOGRAPHY","1190",,,"$15.00",,,,,,,,,,,,,
"MAHATMA GANDHI","2004",,"SUMAN PRAKASHAN","2005","BIOGRAPHY","1191","ENGLISH MEDIUM",,"EB 47",,,,"VITHATDAS V DESAI","BIOGRAPHY","1191",,,"$15.00",,,,,,,,,,,,,
"LOKMANYA BALGANGADHAR TILAK","2004",,"SUMAN PRAKASHAN","2005","BIOGRAPHY","1192","ENGLISH MEDIUM",,"EB 48",,,,"VITHATDAS V DESAI","BIOGRAPHY","1192",,,"$15.00",,,,,,,,,,,,,
"SARDAR VALLABHBHAI PATEL","2004",,"SUMAN PRAKASHAN","2005","BIOGRAPHY","1193","ENGLISH MEDIUM",,"EB 49",,,,"VITHATDAS V DESAI","BIOGRAPHY","1193",,,"$15.00",,,,,,,,,,,,,
"PANDIT JAWAHARLAL NEHRU","2004",,"SUMAN PRAKASHAN","2005","BIOGRAPHY","1194","ENGLISH MEDIUM",,"EB 50",,,,"VITHATDAS V DESAI","BIOGRAPHY","1194",,,"$15.00",,,,,,,,,,,,,
"ADARSH HINDI NIBANDHMALA","2002",,"ADARSH PRAKASHAN","2005","HINDI","1195","ENGLISH MEDIUM","AHAMEDABAD","EEC 42",,,,"M. K. MADRASI","HINDI","1195",,,"$50.00",,,,,,,,,,,,,
"DAIMOND NIBANDH & PATRA LEKHAN","2004",,"NATIONAL BOOK TRUST","2005","HINDI","1196","ENGLISH MEDIUM",,"EEC 43",,,,"RAJAT CHANDA","HINDI","1196",,,"$60.00",,,,,,,,,,,,,
"WEBSTERS INTERNATIONAL ENCYCLOPEDIA","2004",,"ASHISH BOOK CENTRE","2005","GK","1197","ENGLISH MEDIUM","DELHI","EK 170",,,,,"GK","1197",,,"$895.00",,,,,,,,,,,,,
"SWARANJALI","2004",,"SWARSADHANA MUSIC CLASSES","2005","GK","1198","ENGLISH MEDIUM",,"EK 175",,,,"SHUBHANGI MARATHE","GK","1198",,,"$40.00",,,,,,,,,,,,,
"GIJUBHAIS WONDERLAND 6","2004",,"AKSHARA PRAKASHAN","2005","CHILDREN LITERATURE","1204","ENGLISH MEDIUM","AHAMEDABAD","EEB 730",,,,"GIJUBHAI BADHEKA","CHILDREN LITERATURE","1204",,,"$50.00",,,,,,,,,,,,,
"GIJUBHAIS WONDERLAND 8","2005",,"AKSHARA PRAKASHAN","2005","CHILDREN LITERATURE","1206","ENGLISH MEDIUM","AHAMEDABAD","EEB 732",,,,"GIJUBHAI BADHEKA","CHILDREN LITERATURE","1206",,,"$50.00",,,,,,,,,,,,,
"GIJUBHAIS WONDERLAND 9","2005",,"AKSHARA PRAKASHAN","2005","CHILDREN LITERATURE","1207","ENGLISH MEDIUM","AHAMEDABAD","EEB 733",,,,"GIJUBHAI BADHEKA","CHILDREN LITERATURE","1207",,,"$50.00",,,,,,,,,,,,,
"COMPACT OXFORD DICTIONARY THESAURUS AND WORDPOWER GUIDE","2004",,"OXFORD UNI PRESS","2005","GRAMMER","1211","ENGLISH MEDIUM","NEW DELHI","EFA 43",,,,,"GRAMMER","1211",,,"$795.00",,,,,,,,,,,,,
"JONATHAN LIVINGSTON SEAGULL A STORY","2004",,"MARTINS THE PRINTERS LTD","2005","NOVEL","1212","ENGLISH MEDIUM",,"EA 57",,,,"RICHARD BACH","NOVEL","1212",,,"$100.00",,,,,,,,,,,,,
"SWAMI VIVEKANAND","2004",,"MANOJ PUBLICATION","2005","HINDI","1213","ENGLISH MEDIUM",,"EEC 46",,,,,"HINDI","1213",,,"$40.00",,,,,,,,,,,,,
"VIVEKANAND","2004",,,"2005","HINDI","1214","ENGLISH MEDIUM",,"EEC 47",,,,"RAJENDRA MOHAN BHATNAGAR","HINDI","1214",,,"$250.00",,,,,,,,,,,,,
"THE BALVIHAR BOOK OF PICTURE PARABLES","2004",,"CENTRAL CHINMSYAYA TRUST","2005","STORY BOOK","1228","ENGLISH MEDIUM","MUMBAI","EEB 861",,,,"BHARATI SUKHATANKAR","STORY BOOK","1228",,,"$35.00",,,,,,,,,,,,,
"BALA BHAGAVATAM","2004",,"CENTRAL CHINMSYAYA TRUST","2005","BIOGRAPHY","1229","ENGLISH MEDIUM","MUMBAI","EB 62",,,,"SWAMI CHINMAYAND","BIOGRAPHY","1229",,,"$60.00",,,,,,,,,,,,,
"BRITANNICA READY REFERENCE ENCYCLOPEDIA ","2004",,"ENCYCLOPEDIA BRITANNICA PVT LTD INDIA ","2005","GK","1230","ENGLISH MEDIUM","NEW DELHI","EK 189",,,,,"GK","1230",,,"$500.00",,,,,,,,,,,,,
"BRITANNICA READY REFERENCE ENCYCLOPEDIA","2004",,"ENCYCLOPEDIA BRITANNICA PVT LTD INDIA","2005","GK","1231","ENGLISH MEDIUM","NEW DELHI","EK 190",,,,,"GK","1231",,,"$500.00",,,,,,,,,,,,,
"BRITANNICA READY REFERENCE ENCYCLOPEDIA","2004",,"ENCYCLOPEDIA BRITANNICA PVT LTD INDIA","2005","GK","1232","ENGLISH MEDIUM","NEW DELHI","EK 191",,,,,"GK","1232",,,"$500.00",,,,,,,,,,,,,
"BRITANNICA READY REFERENCE ENCYCLOPEDIA","2004",,"ENCYCLOPEDIA BRITANNICA PVT LTD INDIA","2005","GK","1233","ENGLISH MEDIUM","NEW DELHI","EK 192",,,,,"GK","1233",,,"$500.00",,,,,,,,,,,,,
"BRITANNICA READY REFERENCE ENCYCLOPEDIA","2004",,"ENCYCLOPEDIA BRITANNICA PVT LTD INDIA","2005","GK","1234","ENGLISH MEDIUM","NEW DELHI","EK 193",,,,,"GK","1234",,,"$500.00",,,,,,,,,,,,,
"BRITANNICA READY REFERENCE ENCYCLOPEDIA","2004",,"ENCYCLOPEDIA BRITANNICA PVT LTD INDIA","2005","GK","1235","ENGLISH MEDIUM","NEW DELHI","EK 194",,,,,"GK","1235",,,"$500.00",,,,,,,,,,,,,
"BRITANNICA READY REFERENCE ENCYCLOPEDIA","2004",,"ENCYCLOPEDIA BRITANNICA PVT LTD INDIA","2005","GK","1236","ENGLISH MEDIUM","NEW DELHI","EK 195",,,,,"GK","1236",,,"$500.00",,,,,,,,,,,,,
"BRITANNICA READY REFERENCE ENCYCLOPEDIA","2004",,"ENCYCLOPEDIA BRITANNICA PVT LTD INDIA","2005","GK","1237","ENGLISH MEDIUM","NEW DELHI","EK 196",,,,,"GK","1237",,,"$500.00",,,,,,,,,,,,,
"BRITANNICA READY REFERENCE ENCYCLOPEDIA","2004",,"ENCYCLOPEDIA BRITANNICA PVT LTD INDIA","2005","GK","1238","ENGLISH MEDIUM","NEW DELHI","EK 197",,,,,"GK","1238",,,"$500.00",,,,,,,,,,,,,
"BRITANNICA READY REFERENCE ENCYCLOPEDIA","2004",,"ENCYCLOPEDIA BRITANNICA PVT LTD INDIA ","2005","GK","1239","ENGLISH MEDIUM","NEW DELHI","EK 198",,,,,"GK","1239",,,"$500.00",,,,,,,,,,,,,
"THE POWER OF POSITIVE THINKING","2005",,"VERMILLION","2006","GRAMMER","1240","ENGLISH MEDIUM",,"EFA 49",,,,"NORMAN VINCENT PEALE","GRAMMER","1240",,,"$125.00",,,,,,,,,,,,,
"WRITING WINNING REPORTS AND ESSAYS","2002",,"SCHOLASTIC","2005","GRAMMER","1241","ENGLISH MEDIUM","NEW YORK","EFA 49",,,,"PAUL B. JANECZKO","GRAMMER","1241",,,"$150.00",,,,,,,,,,,,,
"STUDY SMARTER TOOLS AND TECHNIQUES FOR GETTING THE BEST GRADES","2004",,"SCHOLASTIC","2006","OTHER","1242","ENGLISH MEDIUM",,"EKB 33",,,,"RIMA SEHGAL","OTHER","1242",,,"$60.00",,,,,,,,,,,,,
"THE ALCHEMIST","2005",,"HARPER COLLIAM PUB INDIA","2006","NOVEL","1244","ENGLISH MEDIUM",,"EA 58",,,,"PAULO COELHO","NOVEL","1244",,,"$195.00",,,,,,,,,,,,,
"MALGUDI SCHOOLDAYS ","2005",,"PUFFIN BOOKS","2006","NOVEL","1245","ENGLISH MEDIUM","NEW DELHI","EA 59",,,,"R.K.NARAYAN","NOVEL","1245",,,"$199.00",,,,,,,,,,,,,
"LADIES COUPE","2001",,"PENGUIN BOOKS","2006","NOVEL","1246","ENGLISH MEDIUM",,"EA 60",,,,"ANITA NAIR","NOVEL","1246",,,"$250.00",,,,,,,,,,,,,
"THE POWER OF POSITIVE TALK","2005",,"DOLPHIN PRESS","2006","PERSONALITY DEVELOPEMENT","1249","ENGLISH MEDIUM",,"EP 21",,,,"DOUGLAS BLOCH","PERSONALITY DEVELOPEMENT","1249",,,"$175.00",,,,,,,,,,,,,
"WINNIE THE POOH PUZZLERS","2005",,"SCHOLASTIC","2006","GK","1251","ENGLISH MEDIUM",,"EK 188",,,,"NANCY E KRULIK","GK","1251",,,"$120.00",,,,,,,,,,,,,
"DOUBLE DELIGHT COLOURS AND SHAPES",,,"LITTLE MONKS WISDOM","2006","CHILDREN LITERATURE","1253","ENGLISH MEDIUM",,"EEB 1000",,,,,"CHILDREN LITERATURE","1253",,,"$95.00",,,,,,,,,,,,,
"A GREEDY LION","2004",,"POPULAR PRAKASHAN","2006","CHILDREN LITERATURE","1301","ENGLISH MEDIUM",,"EEB 1036",,,,,"CHILDREN LITERATURE","1301",,,"$38.00",,,,,,,,,,,,,
"THE ANT AND THE PIGEON","2003",,"POPULAR PRAKASHAN","2006","CHILDREN LITERATURE","1312","ENGLISH MEDIUM",,"EEB 1014",,,,,"CHILDREN LITERATURE","1312",,,"$0.00",,,,,,,,,,,,,
"THE GOAT AND THE TIGER",,,"POPULAR PRAKASHAN","2006","CHILDREN LITERATURE","1313","ENGLISH MEDIUM",,"ESB 1048",,,,,"CHILDREN LITERATURE","1313",,,"$0.00",,,,,,,,,,,,,
"THE WISE HORNET",,,"POPULAR PRAKASHAN","2006","CHILDREN LITERATURE","1315","ENGLISH MEDIUM",,"EEB 1050",,,,,"CHILDREN LITERATURE","1315",,,"$0.00",,,,,,,,,,,,,
"THE PROUD DEER","2003",,"POPULAR PRAKASHAN","2006","CHILDREN LITERATURE","1317","ENGLISH MEDIUM",,"EEB 941",,,,,"CHILDREN LITERATURE","1317",,,"$0.00",,,,,,,,,,,,,
"THE BULL AND THE BUFFALO",,,"POPULAR PRAKASHAN","2006","CHILDREN LITERATURE","1321","ENGLISH MEDIUM",,"EEB 945",,,,,"CHILDREN LITERATURE","1321",,,"$0.00",,,,,,,,,,,,,
"A TOWN MOUSE AND A COUNTRY MOUSE",,,"POPULAR PRAKASHAN","2006","CHILDREN LITERATURE","1324","ENGLISH MEDIUM",,"EEB 948",,,,,"CHILDREN LITERATURE","1324",,,"$0.00",,,,,,,,,,,,,
"THE STUPID DONKEY",,,"POPULAR PRAKASHAN","2006","CHILDREN LITERATURE","1329","ENGLISH MEDIUM",,"EEB 953",,,,,"CHILDREN LITERATURE","1329",,,"$0.00",,,,,,,,,,,,,
"THE PROUD DEER",,,"POPULAR PRAKASHAN","2006","CHILDREN LITERATURE","1333","ENGLISH MEDIUM",,"EEB 957",,,,,"CHILDREN LITERATURE","1333",,,"$0.00",,,,,,,,,,,,,
"SANG KANCIL AND RAJA SULAIMANS GONG",,,"POPULAR PRAKASHAN","2006","CHILDREN LITERATURE","1337","ENGLISH MEDIUM",,"EEB 961",,,,,"CHILDREN LITERATURE","1337",,,"$0.00",,,,,,,,,,,,,
"THE END OF THE WORLD",,,"POPULAR PRAKASHAN","2006","CHILDREN LITERATURE","1340","ENGLISH MEDIUM",,"EEB 964",,,,,"CHILDREN LITERATURE","1340",,,"$0.00",,,,,,,,,,,,,
"THE TORTOISE AND THE HARE",,,"RHYTHM PUBLISHING","2006","STORY BOOK","1341","ENGLISH MEDIUM",,"EEB 965",,,,"POPULAR STORIES","STORY BOOK","1341",,,"$38.00",,,,,,,,,,,,,
"STUDY SMARTER TOOLS AND TECHNIQUES FOR GETTING THE BEST GRADES","2005",,"SCHOLASTIC","2006","OTHER","1342","ENGLISH MEDIUM",,"EKB 33",,,,"RIMA SEHGAL","OTHER","1342",,,"$60.00",,,,,,,,,,,,,
"THE HAT SELLER AND THE MONKEYS",,,"POPULAR PRAKASHAN","2007","CHILDREN LITERATURE","1343","ENGLISH MEDIUM",,"EEB 967",,,,,"CHILDREN LITERATURE","1343",,,"$0.00",,,,,,,,,,,,,
"THE HORSE AND THE DONKEY",,,"POPULAR PRAKASHAN","2006","CHILDREN LITERATURE","1344","ENGLISH MEDIUM",,"EEB 968",,,,,"CHILDREN LITERATURE","1344",,,"$0.00",,,,,,,,,,,,,
"THE RABBITS HEART",,,"POPULAR PRAKASHAN","2006","CHILDREN LITERATURE","1345","ENGLISH MEDIUM",,"EEB 969",,,,,"CHILDREN LITERATURE","1345",,,"$0.00",,,,,,,,,,,,,
"THE PROUD DEER",,,"POPULAR PRAKASHAN","2006","CHILDREN LITERATURE","1346","ENGLISH MEDIUM",,"EEB 970",,,,,"CHILDREN LITERATURE","1346",,,"$0.00",,,,,,,,,,,,,
"THE WOLF AND THE DOG",,,"POPULAR PRAKASHAN","2006","CHILDREN LITERATURE","1349","ENGLISH MEDIUM",,"EEB 973",,,,,"CHILDREN LITERATURE","1349",,,"$0.00",,,,,,,,,,,,,
"THE CROW AND THE FOX","2004",,"RHYTHM PUBLISHING","2006","STORY BOOK","1355","ENGLISH MEDIUM",,"EEB 1035",,,,"POPULAR STORIES","STORY BOOK","1355",,,"$38.00",,,,,,,,,,,,,
"THE THIRSTY CROW",,,"POPULAR PRAKASHAN","2006","CHILDREN LITERATURE","1356","ENGLISH MEDIUM",,"EEB 1036",,,,,"CHILDREN LITERATURE","1356",,,"$0.00",,,,,,,,,,,,,
"DIGITAL FORTRESS","2005",,"CORGI BOOKS","2006","NOVEL","1360","ENGLISH MEDIUM",,"EA 69",,,,"DAN BROWN","NOVEL","1360",,,"$240.00",,,,,,,,,,,,,
"DECEPTION POINT","2005",,"CORGI BOOKS","2006","NOVEL","1361","ENGLISH MEDIUM",,"EA 70",,,,"DAN BROWN","NOVEL","1361",,,"$245.00",,,,,,,,,,,,,
"PRINCESS","2005",,"BANTAM BOOKS","2006","NOVEL","1362","ENGLISH MEDIUM",,"EA 71",,,,"JEAN SASSON","NOVEL","1362",,,"$275.00",,,,,,,,,,,,,
"THE COMPLETE SHORT STORIES","1999",,"HARPER COLLIAM PUB INDIA","2006","NOVEL","1364","ENGLISH MEDIUM","LONDON","EA 73",,,,"HERCULE POIROT","NOVEL","1364",,,"$495.00",,,,,,,,,,,,,
"TIN FISH ",,,"PENGUIN BOOKS","2006","NOVEL","1365","ENGLISH MEDIUM","NEW DELHI","EA 74",,,,"SUDEEP CHAKRAVARTI","NOVEL","1365",,,"$250.00",,,,,,,,,,,,,
"PASCALS BASIC PRIMARY SPELLING","2005",,"SCHOLASTIC","2006","PERSONALITY DEVELOPMENT","1367","ENGLISH MEDIUM",,"EP 29",,,,"P WALKER","PERSONALITY DEVELOPMENT","1367",,,"$125.00",,,,,,,,,,,,,
"THE TIPPING POINT","2005",,"ABACUS","2006","PERSONALITY DEVELOPMENT","1369","ENGLISH MEDIUM",,"EP 31",,,,"MALCOLM GLADWELL","PERSONALITY DEVELOPMENT","1369",,,"$190.00",,,,,,,,,,,,,
"APOSTLE OF LOVE THE LIFE OF MOTHER TERESA","2005",,"PUFFIN BOOKS","2006","BIOGRAPHY","1370","ENGLISH MEDIUM",,"EB 63",,,,"RUKMINI CHAWLA","BIOGRAPHY","1370",,,"$125.00",,,,,,,,,,,,,
"WHAT HAPPENED THEN....?",,,"CHILDREN BOOK TRUST","2006","STORY BOOK","1372","ENGLISH MEDIUM","NEW DELHI","EEB 983",,,,,"STORY BOOK","1372",,,"$75.00",,,,,,,,,,,,,
"FOUR MICE DEEP IN THE JUNGLE","2005",,"SCHOLASTIC","2006","STORY BOOK","1373","ENGLISH MEDIUM","NEW DELHI","EEB 984",,,,"GERONIME STILTON","STORY BOOK","1373",,,"$125.00",,,,,,,,,,,,,
"ATTACK OF THE BANDIT CATS",,,"SCHOLASTIC","2007","CHILDREN LITERATURE","1374","ENGLISH MEDIUM",,"EEB 985",,,,"GERONIMO STILTON","CHILDREN LITERATURE","1374",,,"$50.00",,,,,,,,,,,,,
"ALPHABET ACTIVITIES","2004",,"SCHOLASTIC","2005","CHILDREN LITERATURE","1375","ENGLISH MEDIUM",,"EEB 986",,,,"ANITHA VASANTH","CHILDREN LITERATURE","1375",,,"$65.00",,,,,,,,,,,,,
"THE BEST OF SPEAKING TREE VOL - 1","2006",,"THE TIMES OF INDIA","2007","GK","1376","ENGLISH MEDIUM",,"EK 204",,,,,"GK","1376",,,"$200.00",,,,,,,,,,,,,
"THE BEST OF SPEAKING TREE VOL - 2","2006",,"THE TIMES OF INDIA","2007","GK","1377","ENGLISH MEDIUM",,"EK 205",,,,,"GK","1377",,,"$200.00",,,,,,,,,,,,,
"THE BEST OF SPEAKING TREE VOL - 3","2006",,"THE TIMES OF INDIA","2007","GK","1378","ENGLISH MEDIUM",,"EK 206",,,,,"GK","1378",,,"$200.00",,,,,,,,,,,,,
"RAMAYANA","2004",,"DREAMLAND PUBLICATION","2005","CHILDREN LITERATURE","1379","ENGLISH MEDIUM",,"EEB 1013",,,,,"CHILDREN LITERATURE","1379",,,"$20.00",,,,,,,,,,,,,
"A CAMEL AND A JACKAL","2005",,"ENKA PUBLICATIONS","2007","CHILDREN LITERATURE","1380","ENGLISH MEDIUM","AHAMEDABAD","EEB 1009",,,,,"CHILDREN LITERATURE","1380",,,"$17.00",,,,,,,,,,,,,
"THE IMMORTAL CHARACTER OF THE RAMAYANA","2004",,"NAVNEET PUBLICATION","2005","CHILDREN LITERATURE","1384","ENGLISH MEDIUM",,"EEB 988",,,,"ASMITA BHATT","CHILDREN LITERATURE","1384",,,"$40.00",,,,,,,,,,,,,
"RASHTRA BHAKT KI AATMVEDNA","2004",,"RASHTRIYA EKTA SENA","2005","HINDI","1385","ENGLISH MEDIUM",,"EEC 53",,,,"PREMDAN","HINDI","1385",,,"$40.00",,,,,,,,,,,,,
"IMMORTAL CHARACTER OF MAHABHARAT","2004",,"NAVNEET PUBLICATION","2005","CHILDREN LITERATURE","1389","ENGLISH MEDIUM",,"EEB 1018",,,,"YOGESH JOSHI","CHILDREN LITERATURE","1389",,,"$45.00",,,,,,,,,,,,,
"GROLIER STUDENT ENCYCLOPEDIA 1","2004",,"SCHOLASTIC GROLIER","2007","GK","1397","ENGLISH MEDIUM","SINGAPORE","EK 210",,,,"GROLLIER ADVISORY BOARD","GK","1397",,,"$200.00",,,,,,,,,,,,,
"GROLIER STUDENT ENCYCLOPEDIA 2","2004",,"SCHOLASTIC GROLIER","2007","GK","1398","ENGLISH MEDIUM","SINGAPORE","EK 211",,,,"GROLIER ADVISORY BOARD","GK","1398",,,"$200.00",,,,,,,,,,,,,
"GROLIER STUDENT ENCYCLOPEDIA 3","2004",,"SCHOLASTIC GROLIER","2007","GK","1399","ENGLISH MEDIUM","SINGAPORE","EK 212",,,,"GROLIER ADVISORY BOARD","GK","1399",,,"$200.00",,,,,,,,,,,,,
"GROLIER STUDENT ENCYCLOPEDIA","2004",,"SCHOLASTIC GROLIER","2007","GK","1400","ENGLISH MEDIUM","SINGAPORE","EK 213",,,,"GROLIER ADVISORY BOARD","GK","1400",,,"$200.00",,,,,,,,,,,,,
"GROLIER STUDENT ENCYCLOPEDIA","2004",,"SCHOLASTIC GROLIER","2007","GK","1401","ENGLISH MEDIUM","SINGAPORE","EK 214",,,,"GROLIERADVISORY BOARD","GK","1401",,,"$200.00",,,,,,,,,,,,,
"GROLIER STUDENT ENCYCLOPEDIA 6","2004",,"SCHOLASTIC GROLIER","2007","GK","1402","ENGLISH MEDIUM","SINGAPORE","EK 215",,,,"GROLIER ADVISORY BOARD","GK","1402",,,"$200.00",,,,,,,,,,,,,
"GROLIER STUDENT ENCYCLOPEDIA 7","2004",,"SCHOLASTIC GROLIER","2007","GK","1403","ENGLISH MEDIUM","SINGAPORE","EK 216",,,,"GROLLIER ADVISORY BOARD","GK","1403",,,"$200.00",,,,,,,,,,,,,
"GROLIER STUDENT ENCYCLOPEDIA 8","2004",,"SCHOLISTIC GROLIER","2007","GK","1404","ENGLISH MEDIUM","SINGAPORE","EK 217",,,,"GROLIER ADVISORY BOARD","GK","1404",,,"$200.00",,,,,,,,,,,,,
"GROLIER STUDENT ENCYCLOPEDIA 9","2004",,"SCHOLLASTIC GROLIER","2007","GK","1405","ENGLISH MEDIUM","SINGAPORE","EK 218",,,,"GROLIER ADVISORY BOARD","GK","1405",,,"$200.00",,,,,,,,,,,,,
"GROLIER STUDENT ENCYCLOPEDIA 10","2004",,"SCHOLASTIC GROLIER","2007","GK","1406","ENGLISH MEDIUM","SINGAPORE","EK 219",,,,"GROLIER ADVISORY BOARD","GK","1406",,,"$200.00",,,,,,,,,,,,,
"GROLIER STUDENT ENCYCLOPEDIA 11","2004",,"SCHOLASTIC GROLIER ","2007","GK","1407","ENGLISH MEDIUM","SINGAPORE","EK 220",,,,"GROLIER ADVISORY BOARD","GK","1407",,,"$200.00",,,,,,,,,,,,,
"GROLIER STUDENT ENCYCLOPEDIA 12","2004",,"SCHOLASTIC GROLIER","2007","GK","1408","ENGLISH MEDIUM","SINGAPORE","EK 221",,,,"GROLIER ADVISORY BOARD","GK","1408",,,"$200.00",,,,,,,,,,,,,
"GROLIER STUDENT ENCYCLOPEDIA 13","2004",,"SCHOLASTIC GROLIER","2007","GK","1409","ENGLISH MEDIUM","SINGAPORE","EK 222",,,,"GROLIER ADVISORY BOARD","GK","1409",,,"$200.00",,,,,,,,,,,,,
"GROLIER STUDENT ENCYCLOPEDIA","2004",,"SCHOLASTIC GROLIER","2007","GK","1410","ENGLISH MEDIUM","SINGAPORE","EK 223",,,,"GROLIER ADVISORY BOARD","GK","1410",,,"$200.00",,,,,,,,,,,,,
"GROLIER STUDENT ENCYCLOPEDIA","2004",,"SCHOLASTIC GROLIER","2007","GK","1411","ENGLISH MEDIUM","SINGAPORE","EK 207",,,,"GROLIER ADVISORY BOARD","GK","1411",,,"$200.00",,,,,,,,,,,,,
"GROLIER STUDENT ENCYCLOPEDIA","2004",,"SCHOLASTIC GROLIER","2007","GK","1412","ENGLISH MEDIUM","SINGAPORE","EK 208",,,,"GROLIER ADVISORY BOARD","GK","1412",,,"$200.00",,,,,,,,,,,,,
"GROLIER STUDENT ENCYCLOPEDIA","2004",,"SCHOLASTIC GROLIER","2007","GK","1413","ENGLISH MEDIUM","SINGAPORE","EK 209",,,,"GROLIER ADVISORY BOARD","GK","1413",,,"$200.00",,,,,,,,,,,,,
"BASAVESHWARA","2004",,"INDIA BOOK HOUSE","2005","CHILDREN LITERATURE","1420","ENGLISH MEDIUM",,"EEB 1040",,,,"ANANT PAL","CHILDREN LITERATURE","1420",,,"$0.00",,,,,,,,,,,,,
"FOLK TALES OF HIMACHAL PRADESH",,,"TINY TOT PUBLICATIONS","2012","CHILDREN LITERATURE","1421","ENGLISH MEDIUM",,"EEB 1043",,,,,"CHILDREN LITERATURE","1421",,,"$30.00",,,,,,,,,,,,,
"SWEET KIDS PRIMER","2004",,"VIRAHI PUBLICATION","2005","CHILDREN LITERATURE","1425","ENGLISH MEDIUM",,"EEB 1047",,,,"ASHA PRABHAKAR","CHILDREN LITERATURE","1425",,,"$15.00",,,,,,,,,,,,,
"THE MIRROR OF VALUES PARENTS BOOK","2006",,"GOYAL BOOKS","2007","STORY BOOK","1426","ENGLISH MEDIUM","NEW DELHI","EEB 1048",,,,,"STORY BOOK","1426",,,"$0.00",,,,,,,,,,,,,
"MORAL STORIES",,,"MY KIDS WORLD PUBLICATION","2007","CHILDREN LITERATURE","1427","ENGLISH MEDIUM","DELHI","EEB 1049",,,,"SHILPI","CHILDREN LITERATURE","1427",,,"$35.00",,,,,,,,,,,,,
"COMMON ERRORS IN ENGLISH","2005",,,"2007","GRAMMER","1430","ENGLISH MEDIUM",,"EFA 51",,,,"CIDMEL","GRAMMER","1430",,,"$250.00",,,,,,,,,,,,,
"MISTRESS","2005",,"PENGUIN BOOKS","2007","NOVEL","1431","ENGLISH MEDIUM","LONDON","EA 75",,,,"ANITA NAIR","NOVEL","1431",,,"$250.00",,,,,,,,,,,,,
"UNDERSTANDING SCIENCE","2006",,"SCHOLASTIC","2007","SCIENCE","1432","ENGLISH MEDIUM","NEW DELHI","EFD 92",,,,"PETER CLUTTERBUCK","SCIENCE","1432",,,"$100.00",,,,,,,,,,,,,
"UNDERSTANDING SCIENCE ","2006",,"SCHOLASTIC","2007","SCIENCE","1433","ENGLISH MEDIUM","NEW DELHI","EFD 91",,,,"PETER CLUTTERBUCK","SCIENCE","1433",,,"$100.00",,,,,,,,,,,,,
"ZOMBIE SQUAD",,,"SCHOLASTIC","2007","CHILDREN LITERATURE","1434","ENGLISH MEDIUM",,"EEB 1045",,,,"R.W.ZANDER","CHILDREN LITERATURE","1434",,,"$100.00",,,,,,,,,,,,,
"HAUNTED TREASURE",,,"SCHOLASTIC","2012","STORY BOOK","1435","ENGLISH MEDIUM","NEW DELHI","EEB 1047",,,,"FRANK RODSERS","STORY BOOK","1435",,,"$60.00",,,,,,,,,,,,,
"ZOMBIE SQUAD","2006",,"SCHOLASTIC","2007","STORY BOOK","1437","ENGLISH MEDIUM","NEW DELHI","EEB 1044",,,,"R.W.ZANDER","STORY BOOK","1437",,,"$100.00",,,,,,,,,,,,,
"WHEN THE CIRCUS CAME TO TOWN","2005",,"SCHOLASTIC PUPIL","2007","STORY BOOK","1439","ENGLISH MEDIUM","NEW DELHI","EEB 1059",,,,"POLLY HERVATH","STORY BOOK","1439",,,"$90.00",,,,,,,,,,,,,
"KIDS BOOKS OF CROSS FACTS AND FACTS","2006",,"SCHOLASTIC","2007","SCIENCE","1440","ENGLLISH MEDIUM","NEW DELHI","EFD 90",,,,"DONNA REYNOLD","SCIENCE","1440",,,"$90.00",,,,,,,,,,,,,
"BUILD A ROCKET BOAT AND 18 MORE WILD WIND PROJECT","2005",,"SCHOLASTIC PUPIL","2007","SCIENCE","1441","ENGLISH MEDIUM","NEW DELHI","EFD 89",,,,"SANDRA MARKLE","SCIENCE","1441",,,"$60.00",,,,,,,,,,,,,
"AT THE ZOO LUCKY",,,"SCHOLASTIC","2007","GK","1442","ENGLISH MEDIUM",,"EK 227",,,,,"GK","1442",,,"$50.00",,,,,,,,,,,,,
"GYSPY MAGIC","2006",,"SCHOLASTIC PUPIL","2007","STORY BOOK","1443","ENGLISH MEDIUM","NEW DELHI","EEB 1051",,,,"MOYASIMONS","STORY BOOK","1443",,,"$70.00",,,,,,,,,,,,,
"PERFECT WORLD ALWAYS FOREVER","2009",,"SCHOLASTIC","2012","PERSONALITY DEVELOPEMENT","1445","ENGLISH MEDIUM","NEW DELHI","EP 53",,,,"ROSANNE","PERSONALITY DEVELOPEMENT","1445",,,"$38.00",,,,,,,,,,,,,
"POP PARTY","2009",,"SCHOLASTIC","2012","GK","1446","ENGLISH MEDIUM","NEW DELHI","EK 210",,,,"JO HERLEY","GK","1446",,,"$100.00",,,,,,,,,,,,,
"JWALAMUKHI KYON FATATE HAI","2009",,"SCHOLASTIC","2012","GK","1447","ENGLISH MEDIUM HINDI LANGUAGE","NEW DELHI","EK 209",,,,"AYAVAND GUPTA","GK","1447",,,"$50.00",,,,,,,,,,,,,
"KYA SANP RENG KAR SAKATE HAI","2009",,"SCHOLASTIC","2012","GK","1448","ENGLISH MEDIUM HINDI LANGUAGE","NEW DELHI","EK 208",,,,"MELVINA","GK","1448",,,"$30.00",,,,,,,,,,,,,
"GHOST VILLE ELEMENTRY GHOST GAME","2002",,"SCHOLASTIC","2007","STORY BOOK","1449","ENGLISH MEDIUM","NEW DELHI","EEB 1050",,,,"JEREMY","STORY BOOK","1449",,,"$80.00",,,,,,,,,,,,,
"AMAZING ESCAPES","2006",,"SCHOLASTIC","2007","SCIENCE","1450","ENGLISH MEDIUM","NEW DELHI","EFD 84",,,,,"SCIENCE","1450",,,"$90.00",,,,,,,,,,,,,
"THREE GIRLS IN THE CITY","2005",,"SCHOLASTIC","2007","STORY BOOK","1451","ENGLISH MEDIUM","NEW DELHI","EEB 1056",,,,"JEUME","STORY BOOK","1451",,,"$125.00",,,,,,,,,,,,,
"THE THIRD SECRET","2010",,"BALLANTINE BOOKS","2012","NOVEL","1452","ENGLISH MEDIUM","NEW DELHI","EA 79",,,,"STEVE BERRY","NOVEL","1452",,,"$260.00",,,,,,,,,,,,,
"THE GREAT BRAIN ROBBERY","2006",,"SCHOLASTIC ","2007","STORY BOOK","1453","ENGLISH MEDIUM","NEW DELHI","EEB 1046",,,,"ALAN MAEDENID","STORY BOOK","1453",,,"$60.00",,,,,,,,,,,,,
"HEAD FOR ATROUBLE","2006",,"SCHOLASTIC","2007","STORY BOOK","1454","ENGLISH MEDIUM","NEW DELHI","EEB 1052",,,,"FRANK RODGERS","STORY BOOK","1454",,,"$60.00",,,,,,,,,,,,,
"MONTMORENCY","2009",,"SCHOLASTIC","2012","NOVEL","1455","ENGLISH MEDIUM","NEW DELHI","EA 76",,,,"ELEANAR","NOVEL","1455",,,"$100.00",,,,,,,,,,,,,
"SUNDARY AUR DANAV","2009",,"SCHOLASTIC","2012","STORY BOOK","1456","ENGLISH MEDIUM","NEW DELHI","EEB 55",,,,"TAISA KRELING","STORY BOOK","1456",,,"$50.00",,,,,,,,,,,,,
"THE JUNIOR NOVEL",,,"SCHOLASTIC","2007","NOVEL","1457","ENGLISH MEDIUM","NEW DELHI","EA 81",,,,"ATMAN BEGINS","NOVEL","1457",,,"$100.00",,,,,,,,,,,,,
"THE NUTCRACKERS ","2006",,"SCHOLASTIC","2007","STORY BOOK","1459","ENGLLISH MEDIUM","NEW DELHI","EEB 1058",,,,"HOFFMAN E.J.","STORY BOOK","1459",,,"$80.00",,,,,,,,,,,,,
"AWESOME EXPERIMENTS IN FORCE AND MOTION","1998",,"SCHOLASTIC","2007","SCIENCE","1460","ENGLISH MEDIUM","NEW YORK","EFD 86",,,,"MICHAEL DISPEZIO","SCIENCE","1460",,,"$100.00",,,,,,,,,,,,,
"ZOMBIE SQUAD","2003",,"SCHOLASTIC","2007","STORY BOOK","1461","ENGLISH MEDIUM","NEW DELHI","EEB 1060",,,,"R.W.ZANDER","STORY BOOK","1461",,,"$100.00",,,,,,,,,,,,,
"ROLLER CUSTER","2003",,"SCHOLASTIC","2007","STORY BOOK","1462","ENGLISH MEDIUM","NEW DELHI","EEB 1041",,,,"SHANE BREAUX","STORY BOOK","1462",,,"$80.00",,,,,,,,,,,,,
"IN TO THE AB SEA","2009",,"SCHOLASTIC","2012","GK","1465","ENGLISH MEDIUM","NEW DELHI","EK 213",,,,"STEVE JENKINS","GK","1465",,,"$90.00",,,,,,,,,,,,,
"DINOSAURS","2006",,"SCHOLASTIC","2007","SCIENCE","1466","ENGLISH MEDIUM","NEW DELHI","EFD 88",,,,"RACHEL FIRTH","SCIENCE","1466",,,"$200.00",,,,,,,,,,,,,
"TRACE N COLOUR MY FIRST NUMBERS",,,"THE FIVE MILE PRESS PVT LTD","2007","CHILDREN LITERATURE","1468","ENGLISH MEDIUM","AUSTRALIA","EEB 1063",,,,,"CHILDREN LITERATURE","1468",,,"$17.00",,,,,,,,,,,,,
"KYA SAP RENG KAR PICHE JA SAKATE HAI","2009",,"SCHOLASTIC","2012","GK","1469","ENGLISH MEDIUM HINDI LANGUAGE","NEW DELHI","EK 207",,,,"MELVIN AND GILDA BERGER","GK","1469",,,"$50.00",,,,,,,,,,,,,
"PUZZELING FRAME GAMES","2009",,"SCHOLASTIC","2012","GK","1470","ENGLISH MEDIUM","NEW DELHI","EK 211",,,,"TERRY STICKELTS","GK","1470",,,"$80.00",,,,,,,,,,,,,
"PUZZLE PICTURE","2009",,"SCHOLASTIC","2012","GK","1473","ENGLISH MEDIUM","NEW DELHI","EK 220",,,,"DERRY ANDERSON","GK","1473",,,"$70.00",,,,,,,,,,,,,
"THE BEST OF SATYAJIT ","2010",,"PENGUIN BOOKS","2012","STORY BOOK","1474","ENGLISH MEDIUM","DELHI","EEB 1062",,,,"SATYAJIT RAY","STORY BOOK","1474",,,"$250.00",,,,,,,,,,,,,
"GREGOR AND THE PROPHERY BANE",,,"SCHOLASTIC","2012","NOVEL","1475","ENGLISH MEDIUM","DELHI","EA 83",,,,"SUZANNE","NOVEL","1475",,,"$125.00",,,,,,,,,,,,,
"THE FIVE PEOPLE MEET IN HEAVEN",,,"TIME WARNER BOOKS","2007","CHILDREN LITERATURE","1476","ENGLISH MEDIUM",,"EEB 1049",,,,"MITCH ALBUM","CHILDREN LITERATURE","1476",,,"$190.00",,,,,,,,,,,,,
"DIGITAL FORTRESS",,,"CARGI BOOKS","2012","NOVEL","1477","ENGLISH MEDIUM","DELHI","EA 80",,,,"DAN BROWN","NOVEL","1477",,,"$240.00",,,,,,,,,,,,,
"LIFE WITH GRANNY",,,"SCHOLASTIC","2012","STORY BOOK","1480","ENGLISH MEDIUM","NEW DELHI","EEB 1043",,,,"PETER HARTLING ","STORY BOOK","1480",,,"$200.00",,,,,,,,,,,,,
"DRACULEES REVENG",,,"SCHOLASTIC","2012","STORY BOOK","1481","ENGLISH MEDIUM","NEW DELHI","EEB 1061",,,,"GARY MOREAMBE","STORY BOOK","1481",,,"$100.00",,,,,,,,,,,,,
"GREGOR THE OVERLAND","2006",,"SCHOLASTIC","2007","NOVEL","1482","ENGLISH MEDIUM","NEW DELHI","EA 82",,,,"SUZZANE","NOVEL","1482",,,"$125.00",,,,,,,,,,,,,
"A SEASON OF GHOSTS","2006",,"PENGUIN BOOKS","2007","STORY BOOK","1483","ENGLISH MEDIUM","LONDON","EEB 1054",,,,"RUSKIN BOND","STORY BOOK","1483",,,"$225.00",,,,,,,,,,,,,
"YASHWANI RANI KUVITI","2006",,"CHILDREN BOOK TRUST","2007","HINDI","1485","ENGLISH MEDIUM HINDI LANG","NEW DELHI","EEC 57",,,,"KAMAL SHARMA","HINDI","1485",,,"$18.00",,,,,,,,,,,,,
"MAHAN SANSTHYAN","2006",,"CHILDREN BOOK TRUST","2007","HINDI","1486","ENGLISH MEDIUM","NEW DELHI","EEC 63",,,,"B.G.VARMA","HINDI","1486",,,"$28.00",,,,,,,,,,,,,
"BELIEVE IT OR NOT AMAZING ESCAPES","2006",,"SCHOLASTIC","2007","SCIENCE","1487","ENGLISH MEDIUM","NEW DELHI","EFD 87",,,,"MARY PACKARD","SCIENCE","1487",,,"$100.00",,,,,,,,,,,,,
"SUNU SUNU GHONGA","2006",,"TULIKA","2007","HINDI","1488","ENGLISH MEDIUM","NEW DELHI","EEC 59",,,,"ASHOK RAJ ","HINDI","1488",,,"$65.00",,,,,,,,,,,,,
"KRUSHNA KI KAHANIYAN","2007",,"SCHOLASTIC","2007","HINDI","1489","ENGLISH MEDIUM","NEW DELHI","EEC 54",,,,"PUJA PANDE","HINDI","1489",,,"$160.00",,,,,,,,,,,,,
"UNEXPECTED MYSTERY STORIES","2007",,"SCHOLASTIC","2007","STORY BOOK","1490","ENGLISH MEDIUM","NEW DELHI","EEB 1053",,,,"LAURAR WILLIAMS","STORY BOOK","1490",,,"$125.00",,,,,,,,,,,,,
"ANITA SAYO KE DESHME","2006",,"SCHOLASTIC","2007","HINDI","1491","ENGLISH MEDIUM","NEW DELHI","EEC 56",,,,"DEEPA AGARWAL","HINDI","1491",,,"$80.00",,,,,,,,,,,,,
"BHUKAMP","2006",,"SCHOLASTIC","2007","HINDI","1493","ENGLISH MEDIUM","NEW DELHI","EEC 61",,,,"RUSKIN BOND","HINDI","1493",,,"$80.00",,,,,,,,,,,,,
"EK SHAJADI KI DAIRY",,,"SCHOLASTIC","2007","HINDI","1494","ENGLISH MEDIUM",,"EEC 62",,,,"SUBHADRA SEN GUPTA","HINDI","1494",,,"$125.00",,,,,,,,,,,,,
"TAGORE KI CHUNI HUI KAHANIYAN","2006",,"SCHOLASTIC","2007","HINDI","1495","ENGLISH MEDIUM","NEW DELHI","EEC 60",,,,"TAGORE","HINDI","1495",,,"$70.00",,,,,,,,,,,,,
"ILLUSTRATED FAMILY ENCYCLOPEDIA",,,"DK","2007","GK","1496","ENGLISH MEDIUM",,"EK 219",,,,,"GK","1496",,,"$500.00",,,,,,,,,,,,,
"FAMILY WISDOM",,,"JAICO PUBLICATION HOUSE","2007","NOVEL","1497","ENGLISH MEDIUM",,"EA 77",,,,"ROBIN SHARMA","NOVEL","1497",,,"$235.00",,,,,,,,,,,,,
"FIRST BODY","2006",,"HINKER BOOKS PVT LTD","2007","CHILDREN LITERATURE","1499","ENGLISH MEDIUM",,"EEB 1079",,,,,"CHILDREN LITERATURE","1499",,,"$99.00",,,,,,,,,,,,,
"IS YOUR CHILD READY TO WRITE","2008",,"A WILCO BOOB PUB","2009","STORY BOOK","1502","ENGLISH MEDIUM",,"EEB 1083",,,,,"STORY BOOK","1502",,,"$99.00",,,,,,,,,,,,,
"ENJOY WITH CRAYON","2008",,"SHANTI PUBLI","2009","STORY BOOK","1503","ENGLISH MEDIUM",,"EEB 1084",,,,,"STORY BOOK","1503",,,"$22.00",,,,,,,,,,,,,
"QUIZ TIME FOR KIDS 1",,,"DREAMLAND PUB","2007","STORY BOOK","1504","ENGLISH MEDIUM","NEW DELHI","ESB 1085",,,,"SADHNA SYAL","STORY BOOK","1504",,,"$25.00",,,,,,,,,,,,,
"WILD ANIMALS STICKER BOOK",,,"HINKER BOOKS PVT LTD","2007","CHILDREN LITERATURE","1505","ENGLISH MEDIUM",,"EEB 1086",,,,,"CHILDREN LITERATURE","1505",,,"$60.00",,,,,,,,,,,,,
"STIKER BOOK OF WILD ANIMALS","2006",,"HINKLER BOOKS","2007","STORY BOOK","1506","ENGLISH MEDIUM",,"EEB 1086",,,,,"STORY BOOK","1506",,,"$60.00",,,,,,,,,,,,,
"MATHEMATICS MADE EASY 2",,,,"2007","CHILDREN LITERATURE","1507","ENGLISH MEDIUM",,"EEB 1088",,,,,"CHILDREN LITERATURE","1507",,,"$45.00",,,,,,,,,,,,,
"MATHEMATICS MADE EASY 1",,,,"2007","CHILDREN LITERATURE","1508","ENGLISH MEDIUM",,"EEB 1089",,,,,"CHILDREN LITERATURE","1508",,,"$45.00",,,,,,,,,,,,,
"MATHEMATICS MADE EASY",,,"KIDDIBIRD ","2007","CHILDREN LITERATURE","1512","ENGLISH MEDIUM","MALAYSIA","EEB 1092",,,,,"CHILDREN LITERATURE","1512",,,"$45.00",,,,,,,,,,,,,
"THE SAUCY JANE","2007",,"EGMONT","2007","STORY BOOK","1513","ENGLISH MEDIUM","DELHI","EEB 1094",,,,"ENID BLYTON","STORY BOOK","1513",,,"$70.00",,,,,,,,,,,,,
"THE SECRET SEVEN","2006",,"HODDER AND STOUGHTON","2007","STORY BOOK","1514","ENGLISH MEDIUM","LONDON","EEB 1095",,,,"ENID BLYTOON","STORY BOOK","1514",,,"$60.00",,,,,,,,,,,,,
"UPPER FOURTH AT MULORY TOAERS","2006",,"EGMONT","2007","STORY BOOK","1515","ENGLISH MEDIUM","DELHI","EEB 1096",,,,"ENID BLYTON","STORY BOOK","1515",,,"$85.00",,,,,,,,,,,,,
"IN THE FIFTH AT MALORY TOWERS","2007",,"EGMONT","2007","STORY BOOK","1516","ENGLISH MEDIUM","DELHI","EEB 1097",,,,"ENID BLYTON","STORY BOOK","1516",,,"$85.00",,,,,,,,,,,,,
"LAST TERM AT MALARY TOWERS","2006",,"EGMONT","2007","STORY BOOK","1517","ENGLISH MEDIUM","LONDON","EEB 1098",,,,"ENID BLYTON","STORY BOOK","1517",,,"$85.00",,,,,,,,,,,,,
"THE QUEEN ELIZABEETH FAMILY","2007",,"MAMMOTH ","2007","STORY BOOK","1518","ENGLISH MEDIUM","LONDON","EEB 1099",,,,"ENID BLYTON","STORY BOOK","1518",,,"$85.00",,,,,,,,,,,,,
"THE MYSTERY OF THE SPITEFUL LETTERS","2005",,"EGMONT","2007","CHILDREN LITERATURE","1519","ENGLISH MEDIUM",,"EEB 1100",,,,"ENID BLYTON","CHILDREN LITERATURE","1519",,,"$85.00",,,,,,,,,,,,,
"THE CARAVAN FAMILY","2006",,"MAMMOTH ","2007","STORY BOOK","1520","ENGLISH MEDIUM","LONDON","EEB 1101",,,,"ENID BLYTON","STORY BOOK","1520",,,"$85.00",,,,,,,,,,,,,
"THE BUTTER CUP FARM FAMILY","2006",,"MAMMOTH ","2007","STORY BOOK","1521","ENGLISH MEDIUM","LONDON","EEB 1102",,,,"ENID BLYTON","STORY BOOK","1521",,,"$85.00",,,,,,,,,,,,,
"THE SEA SIDE FAMILY","2006",,"MAMMOTH ","2007","STORY BOOK","1522","ENGLISH MEDIUM","LONDON","EEB 1103",,,,"ENID BLYTON","STORY BOOK","1522",,,"$85.00",,,,,,,,,,,,,
"THE POLE STAR FAMILY","2006",,"MAMMOTH ","2007","STORY BOOK","1523","ENGLISH MEDIUM","LONDON","EEB 1104",,,,"ENID BLYTON","STORY BOOK","1523",,,"$85.00",,,,,,,,,,,,,
"THE SIXTHE FARM AT ST CLARES","2006",,"MAMMOTH","2007","STORY BOOK","1524","ENGLISH MEDIUM","LONDON","EEB 1105",,,,"ENID BLYTON","STORY BOOK","1524",,,"$85.00",,,,,,,,,,,,,
"FIFTH FARMERS","2006",,"EGMONT","2007","STORY BOOK","1525","ENGLISH MEDIUM","LONDON","EEB 1106",,,,"ENID BLYTON","STORY BOOK","1525",,,"$85.00",,,,,,,,,,,,,
"CLAUDINE AT ST CLARES","2006",,"EGMONT","2007","STORY BOOK","1526","ENGLISH MEDIUM","LONDON","EEB 1107",,,,"ENID BLYTON","STORY BOOK","1526",,,"$85.00",,,,,,,,,,,,,
"THE CALL OF THE WILD","2006",,"EGMONT","2007","CHILDREN LITERATURE","1527","ENGLISH MEDIUM","LONDON","EEB 1108",,,,"JACK LONDON","CHILDREN LITERATURE","1527",,,"$30.00",,,,,,,,,,,,,
"THE FAMOUS FIVE","2006",,"HOLDER CHILDREN BOOK","2007","STORY BOOK","1530","ENGLISH MEDIUM","MUMBAI","EEB 1104",,,,"ENID BLYTON","STORY BOOK","1530",,,"$85.00",,,,,,,,,,,,,
"YOURE NUISANEE MISTER MEDDLE","2006",,"BOOK WORLD ENTERPRISES","2007","STORY BOOK","1531","ENGLISH MEDIUM","MUMBAI","EEB 1105",,,,"ENID BLYTON","STORY BOOK","1531",,,"$70.00",,,,,,,,,,,,,
"THE NAUGHTIEST GIRL KEEPS CL SECRET","2006",,"HODDER AND STOUGHTON","2007","STORY BOOK","1533","ENGLISH MEDIUM","NOIDA","EEB 1107",,,,"ENID BLYTON","STORY BOOK","1533",,,"$85.00",,,,,,,,,,,,,
"SO LITTLE TIME","2007",,"HARPER COLLIAM PUB INDIA","2007","STORY BOOK","1534","ENGLISH MEDIUM","DELHI","EEB 1108",,,,"NANCY BUTCHER","STORY BOOK","1534",,,"$99.00",,,,,,,,,,,,,
"READER BEWARE YOU CHOOSE THE SAURE GOOSEBUMPS","2006",,"SCHOLASTIC","2007","STORY BOOK","1535","ENGLLISH MEDIUM","NEW DELHI","EEB 1109",,,,,"STORY BOOK","1535",,,"$0.00",,,,,,,,,,,,,
"THE VAMPIRES ASSISTANT","2007",,"HARPER COLLIAM PUB INDIA","2007","STORY BOOK","1536","ENGLISH MEDIUM","DELHI","EEB 1110",,,,"DARREN SHAN ","STORY BOOK","1536",,,"$150.00",,,,,,,,,,,,,
"MALGUDI ADVENTURES","2006",,"A PUFFIN ORIGINAL","2007","STORY BOOK","1538","ENGLISH MEDIUM",,"EEB 1113",,,,"R.N.NARAYANA","STORY BOOK","1538",,,"$199.00",,,,,,,,,,,,,
"THE RUPA BOOK OF TRAVELLERS TALE","2006",,"RUPA CO;","2007","STORY BOOK","1539","ENGLISH MEDIUM","NEW DELHI","EEB 1113",,,,"RUSKIN BOND","STORY BOOK","1539",,,"$95.00",,,,,,,,,,,,,
"GETTING TO KNOW ANIMALS","2006",,"BRIJBASI ART PRESS","2007","CHILDREN LITERATURE","1543","ENGLISH MEDIUM","DELHI","EEB 1117",,,,"POOJA ARORA","CHILDREN LITERATURE","1543",,,"$100.00",,,,,,,,,,,,,
"POP UP FARM",,,"ROBERT FREDERICK LTD.","2007","CHILDREN LITERATURE","1544","ENGLISH MEDIUM","UK","EEB 1118",,,,,"CHILDREN LITERATURE","1544",,,"$395.00",,,,,,,,,,,,,
"GIZMOS AND GADGETS","2006",,"DOLPHIN PRESS","2007","CHILDREN LITERATURE","1545","ENGLISH MEDIUM","NEW DELHI","EEB 1119",,,,"JILL HAUSER","CHILDREN LITERATURE","1545",,,"$165.00",,,,,,,,,,,,,
"AMAZINGACTIVITIES FO BOYS","2003",,"BRIJBASI ART PRESS","2004","STORY BOOK","1547","ENGLISH MEDIUM",,"EEB 1121",,,,"POOJA ARORA","STORY BOOK","1547",,,"$100.00",,,,,,,,,,,,,
"GOOD HABITS","2007",,"DREAMLAND PUB","2007","STORY BOOK","1548","ENGLISH MEDIUM","NEW DELHI","EB 1122",,,,"VED PRAKAASH","STORY BOOK","1548",,,"$100.00",,,,,,,,,,,,,
"MAGIC MATHS","2006",,"DOLPHIN PRESS","2007","GK","1550","ENGLISHMEDIUM","DELHI","EK 224",,,,"EDWARD GODAIN","GK","1550",,,"$99.00",,,,,,,,,,,,,
"WORD POWER MADE EASY","2006",,"DOLPHIN PRESS","2007","GK","1551","ENGLISH MEDIUM","DELHI","EK 230",,,,"JOE CAMERON","GK","1551",,,"$95.00",,,,,,,,,,,,,
"THE POWER OF POSITIVE TALK","2006",,"DOLPHIN PRESS","2007","PERSONALITY DEVELOPEMENT","1554","ENGLISH MEDIUM","DELHI","EP 31",,,,"JON MERRITT","PERSONALITY DEVELOPEMENT","1554",,,"$175.00",,,,,,,,,,,,,
"MANORAMA YEAR BOOK 2008","2006",,"MALAYA MANORAMA","2007","GK","1557","ENGLISH MEDIUM",,"EK 232",,,,,"GK","1557",,,"$130.00",,,,,,,,,,,,,
"NODDY BUMPY-DOG EVENTFUL DAY",,,,"2007","CHILDREN LITERATURE","1559","ENGLISH MEDIUM",,"EEB 1148",,,,"ENID BLYTON","CHILDREN LITERATURE","1559",,,"$45.00",,,,,,,,,,,,,
"ALADIN AND HIS WONDERFUL LAMP",,,"ARORA BOOK COMPANY","2008","CHILDREN LITERATURE","1567","ENGLISH MEDIUM","DELHI","EEB 1157",,,,,"CHILDREN LITERATURE","1567",,,"$30.00",,,,,,,,,,,,,
"CHEEKO AND THE GREEN CAP",,,"FRANK EDUCATIONAL AIDS","2008","CHILDREN LITERATURE","1572","ENGLISH MEDIUM",,"EEB 1162",,,,"CHITRA NARENDRAN","CHILDREN LITERATURE","1572",,,"$20.00",,,,,,,,,,,,,
"THE FOOLISH MONKEY",,,"ARORA BOOK COMPANY","2008","CHILDREN LITERATURE","1574","ENGLISH MEDIUM","NEW DELHI","EEB 1164",,,,,"CHILDREN LITERATURE","1574",,,"$0.00",,,,,,,,,,,,,
"SNOW WHITE AND THE SEVEN DWARFS",,,"ARORA BOOK COMPANY","2008","STORY BOOK","1582","ENGLISH MEDIUM","NEW DELHI","EEB 1172",,,,,"STORY BOOK","1582",,,"$20.00",,,,,,,,,,,,,
"THE HUNTER AND THE FISHERMAN",,,"RAINBOW BOOKS","2008","CHILDREN LITERATURE","1583","ENGLISH MEDIUM","DELHI","EEB 1173",,,,,"CHILDREN LITERATURE","1583",,,"$20.00",,,,,,,,,,,,,
"NODDY BUMPY-DOG HELPS OUT",,,"SHREE BOOK CENTRE","2008","CHILDREN LITERATURE","1589","ENGLISH MEDIUM","MUMBAI","EEB 1179",,,,"ENID BLYTON","CHILDREN LITERATURE","1589",,,"$0.00",,,,,,,,,,,,,
"THE UGLY DUCKLING",,,"A BOOK PALACE PUBLICATION","2008","CHILDREN LITERATURE","1604","ENGLISH MEDIUM",,"EEB 1194",,,,,"CHILDREN LITERATURE","1604",,,"$30.00",,,,,,,,,,,,,
"ROBIN HOOD","2007",,"A BOOK PALACE PUBLICATION","2008","CHILDREN LITERATURE","1610","ENGLLISH MEDIUM",,"EEB 1200",,,,,"CHILDREN LITERATURE","1610",,,"$17.00",,,,,,,,,,,,,
"GRAPES ARE SOUR",,,"ANKUR PRAKASHAN","2008","CHILDREN LITERATURE","1618","ENGLISH MEDIUM","AHAMEDABAD","EEB 25",,,,,"CHILDREN LITERATURE","1618",,,"$0.00",,,,,,,,,,,,,
"I TOO HAD A DREAM",,,"LOTUS CREATION","2008","NOVEL","1619","ENGLISH MEDIUM",,"EA 78",,,,,"NOVEL","1619",,,"$295.00",,,,,,,,,,,,,
"THE THREE MISTAKES OF MY LIFE","2008",,"RUPA CO;","2008","NOVEL","1621","ENGLISH MEDIUM",,"EA 79",,,,"CHETAN BHAGAT","NOVEL","1621",,,"$95.00",,,,,,,,,,,,,
"100 IDEAS FOR TEACHING CITIZENSHIP","2008",,"VIVA CONTINUUM","2009","EDUCATION","1623","ENGLISH MEDIUM",,"EED 1",,,,"IAN DAVIES","EDUCATION","1623",,,"$125.00",,,,,,,,,,,,,
"100 IDEAS FOR SECONDARY SCHOOL ASSEMBLIES","2008",,"VIVA CONTINUUM","2009","EDUCATION","1624","ENGLISH MEDIUM",,"EED 2",,,,"SUSAN ELKIN","EDUCATION","1624",,,"$125.00",,,,,,,,,,,,,
"100 IDEAS FOR TEACHING MATHS","2008",,"VIVA CONTINUUM","2009","EDUCATION","1626","ENGLISH MEDIUM",,"EED 4",,,,"MIKE OLLERTON","EDUCATION","1626",,,"$125.00",,,,,,,,,,,,,
"LESSON PLANNING","2008",,"VIVA CONTINUUM","2009","EDUCATION","1627","ENGLISH MEDIUM",,"EED 5",,,,"GRAHAM BHUTT","EDUCATION","1627",,,"$125.00",,,,,,,,,,,,,
"MANAGING YOUR CLASSROOM","2008",,"VIVA CONTINUUM","2009","EDUCATION","1628","ENGLISH MEDIUM",,"EED 6",,,,"GRERERD DIXIE","EDUCATION","1628",,,"$125.00",,,,,,,,,,,,,
"100 IDEAS FOR TEACHING WRITING ","2008",,"VIAVA BOOKS PVT LTD","2009","EDUCATION","1629","ENGLISH MEDIUM",,"EED 7",,,,"ANTHONY GARNAUT","EDUCATION","1629",,,"$125.00",,,,,,,,,,,,,
"101 ESSENTIAL LISTS ON ASSESSMENT","2008",,"VIAVA BOOKS PVT LTD","2009","EDUCATION","1630","ENGLISH MEDIUM",,"EED 8",,,,"TABATHA RAYMENT","EDUCATION","1630",,,"$125.00",,,,,,,,,,,,,
"100 IDEAS FOR PRIMARY ASSEMBLIES","2008",,"VIAVA BOOKS PVT LTD","2009","EDUCATION","1631","ENGLISH MEDIUM",,"EED 9",,,,"FRED SEDGWICK","EDUCATION","1631",,,"$125.00",,,,,,,,,,,,,
"100 IDEAS FOR PRIMARY SUPPLY TEACHERS","2008",,"VIAVA BOOKS PVT LTD","2009","EDUCATION","1632","ENGLISH MEDIUM",,"EED 10",,,,"MICHAEL PARRY","EDUCATION","1632",,,"$125.00",,,,,,,,,,,,,
"101 ESSENTIAL LISTS FOR USING ICT IN THE CLASSROOM","2008",,"VIAVA BOOKS PVT LTD","2009","EDUCATION","1634","ENGLISH MEDIUM",,"EED 12",,,,,"EDUCATION","1634",,,"$125.00",,,,,,,,,,,,,
"TEACHING POETRY ","2008",,"VIAVA BOOKS PVT LTD","2009","EDUCATION","1635","ENGLISH MEDIUM",,"EED 13",,,,"FRED SEDGWICK","EDUCATION","1635",,,"$95.00",,,,,,,,,,,,,
"100 IDEAS FOR TEACHING LANGUAGES","2008",,"VIAVA BOOKS PVT LTD","2009","EDUCATION","1637","ENGLISH MEDIUM",,"EED 15",,,,"NIA ARIFFITH","EDUCATION","1637",,,"$125.00",,,,,,,,,,,,,
"100 IDEAS FOR TRAINEE TEACHERS","2008",,"VIAVA BOOKS PVT LTD","2009","EDUCATION","1638","ENGLISH MEDIUM",,"EED 16",,,,"ANGELLA COOZE","EDUCATION","1638",,,"$125.00",,,,,,,,,,,,,
"101 ESSENTIAL LISTS FOR TEACHING ASSISTANTS","2008",,"VIAVA BOOKS PVT LTD","2009","EDUCATION","1639","ENGLISH MEDIUM",,"EED 17",,,,"LOUIS BURNHAM","EDUCATION","1639",,,"$125.00",,,,,,,,,,,,,
"101 ESSENTIAL LISTS FOR SECONDARY TEACHERS","2008",,"VIAVA BOOKS PVT LTD","2009","EDUCATION","1640","ENGLISH MEDIUM",,"EED 18",,,,"SUSAN ELKIN","EDUCATION","1640",,,"$125.00",,,,,,,,,,,,,
"100 IDEAS FOR TEACHING HISTORY","2008",,"VIVA BOOKS","2009","EDUCATION","1641","ENGLISH MEDIUM",,"EED 19",,,,"JULIA MURPHY","EDUCATION","1641",,,"$125.00",,,,,,,,,,,,,
"THE LEARNERS DICTIONARY OF EDUCATION","2008",,"VIVA BOOKS","2009","EDUCATION","1642","ENGLISH MEDIUM",,"EED 20",,,,"INRRELL BURGESS","EDUCATION","1642",,,"$125.00",,,,,,,,,,,,,
"100 IDEAS FOR MANAGING BEHAVIOUR","2008",,"VIVA BOOKS","2009","EDUCATION","1644","ENGLISH MEDIUM",,"EED 22",,,,"JOHNNIE YOUNG","EDUCATION","1644",,,"$145.00",,,,,,,,,,,,,
"100 IDEAS FOR TEACHING GEOGRAPHY","2008",,"VIVA BOOKS","2009","EDUCATION","1645","ENGLISH MEDIUM",,"EED 23",,,,"ANDY HEEDER","EDUCATION","1645",,,"$125.00",,,,,,,,,,,,,
"100 IDEAS FOR ESSENTIAL TEACHING SKILLS","2008",,"VIVA BOOKS","2009","EDUCATION","1646","ENGLISH MEDIUM",,"EED 24",,,,"NEAL WATKIN","EDUCATION","1646",,,"$125.00",,,,,,,,,,,,,
"101 ESSENTIAL LISTS ON MANAGING BEHAVIOUR IN THE PRIMARY SCHOOL","2008",,"VIVA BOOKS","2009","EDUCATION","1647","ENGLISH MEDIUM",,"EED 25",,,,"ALEX GRIFFITHS","EDUCATION","1647",,,"$125.00",,,,,,,,,,,,,
"101 ESSENTIAL LISTS ON MANAGING BEHAVIOUR IN THE SECONDARY SCHOOL","2008",,"VIVA BOOKS","2009","EDUCATION","1648","ENGLISH MEDIUM",,"EED 26",,,,"PAULINE STEPHENSON","EDUCATION","1648",,,"$125.00",,,,,,,,,,,,,
"101 ESSENTIAL LISTS ON MANAGING BEHAVIOUR IN THE EARLY YEARS","2008",,"VIVA BOOKS","2009","EDUCATION","1649","ENGLISH MEDIUM",,"EED 27",,,,"CLARE GRATTON","EDUCATION","1649",,,"$125.00",,,,,,,,,,,,,
"BRAIN GAMES FOR BABIES","2008",,"VIVA BOOKS","2009","EDUCATION","1650","ENGLISH MEDIUM",,"EED 28",,,,"JACKIE SILBERG","EDUCATION","1650",,,"$145.00",,,,,,,,,,,,,
"BRAIN GAMES FOR TODDLERS AMD TWAS","2008",,"VIVA BOOKS","2009","EDUCATION","1651","ENGLISH MEDIUM",,"EED 29",,,,"JACKIE SILBERG","EDUCATION","1651",,,"$145.00",,,,,,,,,,,,,
"HOW TO IMPROVE YOUR SCHOOL","2008",,"VIVA BOOKS","2009","EDUCATION","1652","ENGLISH MEDIUM",,"EED 30",,,,"JULIA FLUTTER","EDUCATION","1652",,,"$295.00",,,,,,,,,,,,,
"LEADING TEACHERS","2008",,"VIVA BOOKS","2009","EDUCATION","1653","ENGLISH MEDIUM",,"EED 31",,,,"HELEN M. GUNTER","EDUCATION","1653",,,"$195.00",,,,,,,,,,,,,
"EDUCATION RESEARCH IN PRACICE","2008",,"VIVA BOOKS","2009","EDUCATION","1654","ENGLLISH MEDIUM",,"EED 32",,,,"JOANNA SWANN","EDUCATION","1654",,,"$325.00",,,,,,,,,,,,,
"CHALLENGING CHILDREN","2008",,"VIVA BOOKS","2009","EDUCATION","1656","ENGLISH MEDIUM",,"EED 34",,,,"HENK VAN OORT","EDUCATION","1656",,,"$135.00",,,,,,,,,,,,,
"UNLOCKING SELF EXPRESSION THROUGH NLP","2008",,"VIVA BOOKS","2009","EDUCATION","1657","ENGLISH MEDIUM",,"EED 35",,,,"JUDITH BAKES","EDUCATION","1657",,,"$135.00",,,,,,,,,,,,,
"THE QUESTIONS DICTIONARY OF ART","2008",,"VIVA BOOKS","2009","EDUCATION","1658","ENGLISH MEDIUM",,"EED 36",,,,"ROB BURNES","EDUCATION","1658",,,"$160.00",,,,,,,,,,,,,
"THE MINIMAX TEACHER","2008",,"VIVA BOOKS","2009","EDUCATION","1659","ENGLISH MEDIUM",,"EED 37",,,,"JON TAYLOR","EDUCATION","1659",,,"$135.00",,,,,,,,,,,,,
"TEAM WORK","2008",,"VIVA BOOKS","2009","EDUCATION","1660","ENGLISH MEDIUM",,"EED 38",,,,"JASON ANDERSON","EDUCATION","1660",,,"$135.00",,,,,,,,,,,,,
"THE QUESTIONS OF DICTIONARY OF MUSIC","2008",,"VIVA BOOKS","2009","EDUCATION","1661","ENGLISH MEDIUM",,"EED 9",,,,"KANEN THORNTON","EDUCATION","1661",,,"$150.00",,,,,,,,,,,,,
"GUJARAT SCIENCE CITY","2008",,"GUJARAT COUNCIL OF SCIENCE CITY","2009","SCIENCE","1663","ENGLISH MEDIUM","AHAMEDABAD","EFD 108",,,,,"SCIENCE","1663",,,"$0.00",,,,,,,,,,,,,
"THE GRAMMER TREE","2006",,"OXFORD UNI PRESS","2009","GRAMMER","1665","ENGLISH MEDIUM",,"EFA 63",,,,"BEENA SUGATHAN","GRAMMER","1665",,,"$15.00",,,,,,,,,,,,,
"THE GRAMMER TREE","2008",,"OXFORD UNI PRESS","2009","GRAMMER","1668","ENGLISH MEDIUM",,"EEA 66",,,,"MRIDULA KAUL","GRAMMER","1668",,,"$0.00",,,,,,,,,,,,,
"THE GRAMMER TREE","2006",,"OXFORD UNI PRESS","2009","GRAMMER","1669","ENGLISH MEDIUM",,"EFA 67",,,,"INDRANATH GUHA","GRAMMER","1669",,,"$15.00",,,,,,,,,,,,,
"THE GRAMMER TREE","2006",,"OXFORD UNI PRESS","2009","GRAMMER","1670","ENGLISH MEDIUM",,"EFA 68",,,,"INDRANATH GUHA","GRAMMER","1670",,,"$15.00",,,,,,,,,,,,,
"BAL AROYOGSHASTRA","2008",,"KRUTIKA P SHAH","2009","SCIENCE","1674","ENGLISH MEDIUM GUJARATI LANGUAGE",,"EFD 109",,,,"DR. I.K.VIJALIWALA","SCIENCE","1674",,,"$150.00",,,,,,,,,,,,,
"WHAT DID YOU","2007",,"COLLINS","2009","GK","1675","ENGLISH MEDIUM",,"EK 246",,,,"KAMALA V. MUKUNDA","GK","1675",,,"$0.00",,,,,,,,,,,,,
"THE LEADER IN ME","2008",,"COLLINS","2009","PERSONALITY DEVELOPEMENT","1676","ENGLISH MEDIUM",,"EP 51",,,,"STEPHEN R. COVEY","PERSONALITY DEVELOPEMENT","1676",,,"$250.00",,,,,,,,,,,,,
"IT IS YOUR BUSINESS MAKE IT EASY","2008",,"WONDERLAND PUBLICATION","2009","PERSONALITY DEVELOPEMENT","1680","ENGLISH MEDIUM","DELHI","EP 53",,,,"JAGDISH JOSHI","PERSONALITY DEVELOPEMENT","1680",,,"$125.00",,,,,,,,,,,,,
"CHICKEN SOUP FOR THE SOUL TEENS TALK","2008",,"WESTLAND LTD","2009","PERSONALITY DEVELOPEMENT","1681","ENGLISH MEDIUM",,"EP 54",,,,"AMY NEWMARK","PERSONALITY DEVELOPEMENT","1681",,,"$295.00",,,,,,,,,,,,,
"PHYSICS 5TH EDITION VOL 1","2008",,"WILEY INDIA PVT. LTD","2009","SCIENCE","1683","ENGLISH MEDIUM","DELHI","EFD 111",,,,"RESNICK HALLIDAY KRANO","SCIENCE","1683",,,"$460.00",,,,,,,,,,,,,
"PHYSICS 5TH EDITION VOL 2","2009",,"WILEY INDIA PVT. LTD","2010","SCIENCE","1684","ENGLISH MEDIUM",,"EFD 112",,,,"RESNICK HALLIDAY KRANO","SCIENCE","1684",,,"$460.00",,,,,,,,,,,,,
"MODERN PHYSICS","2009",,"WILEY INDIA PVT. LTD","2010","SCIENCE","1685","ENGLISH MEDIUM",,"EFD 113",,,,"KENNETH KRANE","SCIENCE","1685",,,"$459.00",,,,,,,,,,,,,
"PHYSICS FOR YOU VOL 2009","2009",,"MTG LEARNING MEDIA","2010","SCIENCE","1686","ENGLISH MEDIUM MONTHLY MAGAZINE 12 ISSUE","NEW DELHI","EFD 114",,,,,"SCIENCE","1686",,,"$225.00",,,,,,,,,,,,,
"CHEMISTRY TODAY VOL 2009","2009",,"MTG LEARNING MEDIA","2010","SCIENCE","1687","ENGLISH MEDIUM MAONTHLY MAGAZINE 12 ISSUES","NEW DELHI","EFD 115",,,,,"SCIENCE","1687",,,"$225.00",,,,,,,,,,,,,
"MATHEMATICS TODAY","2009",,"MTG LEARNING MEDIA","2010","SCIENCE","1688","ENGLISH MEDIUM MONTHLY MAGAZINE 12 ISSUES","NEW DELHI","EFD 116",,,,,"SCIENCE","1688",,,"$225.00",,,,,,,,,,,,,
"BIOLOGY TODAY","2009",,"MTG LEARNING MEDIA","2010","SCIENCE","1689","ENGLISH MEDIUM MONTHLY MAGAZINE 12 ISSUES","NEW DELHI","EFD 117",,,,,"SCIENCE","1689",,,"$225.00",,,,,,,,,,,,,
"FIRST THINGS FIRST",,,"POCKET BOOK","2010","PERSONALITY DEVELOPEMENT","1690","ENGLISH MEDIUM","LONDON","EP 57",,,,"STEPHEN R. COVEY","PERSONALITY DEVELOPEMENT","1690",,,"$200.00",,,,,,,,,,,,,
"2 STATES","2009",,"RUPA CO;","2010","NOVEL","1691","ENGLISH MEDIUM","NEW DELHI","EA 88",,,,"CHETAN BHAGAT","NOVEL","1691",,,"$95.00",,,,,,,,,,,,,
"BEAT THE EXAMS","2009",,"DIAMOND POCKET BOOK","2010","PERSONALITY DEVELOPEMENT","1692","ENGLISH MEDIUM","MUMBAI","EP 58",,,,"DR. SUNIL VAID","PERSONALITY DEVELOPEMENT","1692",,,"$150.00",,,,,,,,,,,,,
"100 AMAZING SCIENCE FAIR PROJECTS","2009",,"GOODWILLS","2010","SCIENCE","1693","ENGLISH MEDIUM","NEW DELHI","EFD126",,,,"GLEN VECCHIONE","SCIENCE","1693",,,"$140.00",,,,,,,,,,,,,
"DARWINS ORIGIN OF SPECIES","2008",,"MANJUL PUBLISHING","2010","SCIENCE","1694","ENGLISH MEDIUM","BHOPAL","EFD 127",,,,"JANET BROWNE","SCIENCE","1694",,,"$195.00",,,,,,,,,,,,,
"THE SCIENTIFIC INDIAN","2009",,"PENGUIN BOOKS","2010","SCIENCE","1695","ENGLISH MEDIUM","NEW DELHI","EFD 128",,,,"Y.S.RAJAN","SCIENCE","1695",,,"$399.00",,,,,,,,,,,,,
"THE ELEGANT UNIVERSE","2007",,,"2010","SCIENCE","1696","ENGLISH MEDIUM",,"EFD 129",,,,,"SCIENCE","1696",,,"$337.00",,,,,,,,,,,,,
"PAINLESS SCIENCE PROJECTS","2009",,"BARRONS","2010","SCIENCE","1697","ENGLISH MEDIUM","NEW YORK","EFD 130",,,,"FAITH HICKMAN","SCIENCE","1697",,,"$337.00",,,,,,,,,,,,,
"FRUIT SALAD POEMS","2009",,"GBD BOOKS","2010","OTHER","1699","ENGLISH MEDIUM",,"EKB 41",,,,"ASHOK SAWHNY","OTHER","1699",,,"$150.00",,,,,,,,,,,,,
"MY TEACHER IS MY HERO","2010",,"VIAVA BOOKS PVT LTD","2010","EDUCATION","1701","ENGLISH MEDIUM","MUMBAI","EED 44",,,,"SUSAN REYNOLDS","EDUCATION","1701",,,"$250.00",,,,,,,,,,,,,
"THE 7TH HABITS OF HIGHLY EFFECTIVE FAMILIES","1997",,"FRANKLIN COVEY CO.","2010","PERSONALITY DEVELOPEMENT","1702","ENGLISH MEDIUM",,"EP 59",,,,"STEPHEN R. COVEY","PERSONALITY DEVELOPEMENT","1702",,,"$250.00",,,,,,,,,,,,,
"THE 8TH HABIT","2009",,"FRANKLIN COVEY CO.","2010","PERSONALITY DEVELOPEMENT","1703","ENGLISH MEDIUM",,"EP 60",,,,"STEPHEN COVEY","PERSONALITY DEVELOPEMENT","1703",,,"$485.00",,,,,,,,,,,,,
"DICTIONARY OF SYNONYMS AND ANTONYMS","2009",,"MANOJ PUBLICATION","2010","GRAMMER","1704","ENGLISH MEDIUM","DELHI","EFA 78",,,,"CHETAN PRAKASH SHARMA","GRAMMER","1704",,,"$80.00",,,,,,,,,,,,,
"FAMOUS PROVERBS","2009",,"MANOJ PUBLICATION","2010","GRAMMER","1705","ENGLLISH MEDIUM","DELHI","EFA 77",,,,"CHETAN P. SHARMA","GRAMMER","1705",,,"$80.00",,,,,,,,,,,,,
"FAVOURITE SCHOOL ESSAYS","2009",,"SHREE BOOK CENTRE","2010","GRAMMER","1706","ENGLISH MEDIUM","MUMBAI","EFA 79",,,,,"GRAMMER","1706",,,"$110.00",,,,,,,,,,,,,
"MAHASHWETA",,,"PENGUIN BOOKS","2010","NOVEL","1707","ENGLISH MEDIUM","NEW DELHI","EA 97",,,,"SUDHA MURTY","NOVEL","1707",,,"$150.00",,,,,,,,,,,,,
"SHERLOCK HOLMES",,,,"2010","NOVEL","1709","ENGLISH MEDIUM",,"EA 89",,,,,"NOVEL","1709",,,"$95.00",,,,,,,,,,,,,
"NANCY DREW- ACTION","2009",,"ALADDIN PAPERBACKS","2010","NOVEL","1711","ENGLISH MEDIUM","NEW YORK","EA 91",,,,"CAROLYN KEENE","NOVEL","1711",,,"$122.00",,,,,,,,,,,,,
"HOW I TAUGHT MY GRAND MOTHER","2009",,"A PUFFIN ORIGINAL","2010","STORY BOOK","1712","ENGLISH MEDIUM","NEW DELHI","EFA 9",,,,"SUDHA MURTY","STORY BOOK","1712",,,"$150.00",,,,,,,,,,,,,
"THE MAGIC DRUM",,,"A PUFFIN ORIGINAL","2010","ADVENTURE","1713","ENGLISH MEDIUM",,"EFA 10",,,,"SUDHA MURTY","ADVENTURE","1713",,,"$150.00",,,,,,,,,,,,,
"ISAAC ASIMOV MAGIC","2010",,"HARPER COLLIAM PUB INDIA","2010","NOVEL","1715","ENGLISH MEDIUM","NEW DELHI","EA 93",,,,"ISAAC ASIMOV","NOVEL","1715",,,"$195.00",,,,,,,,,,,,,
"ISAAC ASIMOV",,,,"2010","NOVEL","1716","ENGLISH MEDIUM",,"EA 94",,,,,"NOVEL","1716",,,"$195.00",,,,,,,,,,,,,
"CODE NAME GOD","2005",,"PENGUIN BOOKS","2010","NOVEL","1717","ENGLISH MEDIUM","NEW DELHI","EA 95",,,,"MANI BHAUMIK ","NOVEL","1717",,,"$150.00",,,,,,,,,,,,,
"QUIZ QUEST TRANSPORT","2009",,"SPIDER BOOKS","2010","GK","1722","ENGLISH MEDIUM",,"EK 252",,,,"M.K.PARTHSARTHY","GK","1722",,,"$20.00",,,,,,,,,,,,,
"QUIZ QUEST SPORTS","2009",,"SPIDER BOOKS","2010","GK","1724","ENGLISH MEDIUM",,"EK 254",,,,"M.K.PARTHSARTHY","GK","1724",,,"$20.00",,,,,,,,,,,,,
"FUN WITH SCIENCE PROJECTS","2010",,"DHINGRA PUBLISHING HOUSE","2010","SCIENCE","1725","ENGLISH MEDIUM","DELHI","EFD 132",,,,"DHINGRAS","SCIENCE","1725",,,"$175.00",,,,,,,,,,,,,
"DHINGRA S FUN WITH SCIENCE PROJECT","2009",,"DHINGRA PUBLISHING HOUSE","2010","SCIENCE","1726","ENGLISH MEDIUM","DELHI","EFD 133",,,,,"SCIENCE","1726",,,"$175.00",,,,,,,,,,,,,
"ENGLISH GRAMMAR AND COMPOSITION","2009",,"BOOK PALACE","2010","GRAMMER","1728","ENGLISH MEDIUM","NEW DELHI","EFA 80",,,,"H.S.BHATIA","GRAMMER","1728",,,"$150.00",,,,,,,,,,,,,
"THE CII ENTERPRENEURS BOOK","2009",,"WESTLAND LTD","2010","PERSONALITY DEVELOPEMENT","1730","ENGLISH MEDIUM","DELHI","EP 61",,,,"SUSHILA RAVINDRA","PERSONALITY DEVELOPEMENT","1730",,,"$250.00",,,,,,,,,,,,,
"CHICKEN SOUP FOR THE SOUL INDIAN TEACHERS","2010",,"WESTLAND LTD","2010","PERSONALITY DEVELOPEMENT","1732","ENGLLISH MEDIUM",,"EP 62",,,,"JACK CANFIELD","PERSONALITY DEVELOPEMENT","1732",,,"$295.00",,,,,,,,,,,,,
"A MATHEMATICAL MOSAIC","2009",,"WESTLAND LTD","2010","MATHS","1733","ENGLISH MEDIUM","NEW DELHI","EFE 8",,,,"RAVI VAKIL","MATHS","1733",,,"$250.00",,,,,,,,,,,,,
"PADKAR ZHILO SAFALTA MELVO","2010",,"WISDOM VILLAGE PUBLICATION","2011","PERSONALITY DEVELOPEMENT","1734","ENGLISH MEDIUM GUJARATI LANGUAGE","AHAMEDABAD","EP 68",,,,"PAVAN CHAUDHARI","PERSONALITY DEVELOPEMENT","1734",,,"$125.00",,,,,,,,,,,,,
"BECOME A SUBMARINE","2009",,"WISDOM VILLAGE PUB DIV","2010","PERSONALITY DEVELOPEMENT","1735","ENGLISH MEDIUM","AHAMEDABAD","EP 69",,,,"PAVAN CHAUDHARY","PERSONALITY DEVELOPEMENT","1735",,,"$195.00",,,,,,,,,,,,,
"CHICKEN SOUP FOR THE INDIAN TEACHERS","2010",,"WESTLAND LTD","2010","PERSONALITY DEVELOPEMENT","1736","ENGLISH MEDIUM","NEW DELHI","EP 72",,,,"JACK CANFIELD","PERSONALITY DEVELOPEMENT","1736",,,"$295.00",,,,,,,,,,,,,
"CAT NEXT DOOR","2009",,"WORKMAN PUBLISHING","2011","STORY BOOK","1737","ENGLISH MEDIUM","NEW YORK","ESB 31",,,,"ELIZABETH KODA","STORY BOOK","1737",,,"$50.00",,,,,,,,,,,,,
"FRANKLINS CLASS TRIP",,,"SCHOLASTIC","2011","STORY BOOK","1738","ENGLISH MEDIUM",,"ESB 32",,,,,"STORY BOOK","1738",,,"$25.00",,,,,,,,,,,,,
"CLIFFORDS DIGS","2008",,"SCHOLASTIC","2011","STORY BOOK","1739","ENGLISH MEDIUM","NEW YORK","ESB 33",,,,"STEVE HAEFELE","STORY BOOK","1739",,,"$25.00",,,,,,,,,,,,,
"BEST BUG PARADE","1993",,"COLLINS","2011","STORY BOOK","1740","ENGLISH MEDIUM",,"ESB 34",,,,"HALLY KELLER","STORY BOOK","1740",,,"$25.00",,,,,,,,,,,,,
"DUMBOS BOOK OF COLORS","2009",,"A GOLDEN BOOK","2011","STORY BOOK","1742","ENGLISH MEDIUM","NEW YORK","ESB 36",,,,,"STORY BOOK","1742",,,"$25.00",,,,,,,,,,,,,
"A DAYWITH FIREFIGHTERS",,,"SCHOLASTIC","2011","STORY BOOK","1743","ENGLISH MEDIUM","NEW YORK","ESB 37",,,,"JAN KOTTKE","STORY BOOK","1743",,,"$25.00",,,,,,,,,,,,,
"BABY ANIMALS",,,,"2011","STORY BOOK","1744","ENGLISH MEDIUM",,"ESB 38",,,,,"STORY BOOK","1744",,,"$25.00",,,,,,,,,,,,,
"PLAYTIME","2009",,"PUBLISHING INTERNATIONAL","2011","STORY BOOK","1746","ENGLISH MEDIUM",,"ESB 40",,,,,"STORY BOOK","1746",,,"$25.00",,,,,,,,,,,,,
"BEAVER GETS LOST",,,"READERS DIGEST CHILDREN BOOK","2011","STORY BOOK","1747","ENGLISH MEDIUM",,"ESB 41",,,,"MARCELLE GENESTE","STORY BOOK","1747",,,"$25.00",,,,,,,,,,,,,
"THE TUB GRAND FATHER","1993",,"A LAURA GERINGER BOOK","2011","STORY BOOK","1749","ENGLISH MEDIUM","USA","ESB 43",,,,"PAM CONRAD","STORY BOOK","1749",,,"$25.00",,,,,,,,,,,,,
"AND THE SHEEP",,,,"2011","STORY BOOK","1751","ENGLISH MEDIUM",,"ESB 45",,,,,"STORY BOOK","1751",,,"$25.00",,,,,,,,,,,,,
"DEAR MILI","1988",,"COLLINS","2011","STORY BOOK","1752","ENGLISH MEDIUM",,"ESB 46",,,,"WILHELM GRIM","STORY BOOK","1752",,,"$50.00",,,,,,,,,,,,,
"THE TALE OF THE LITTLE CHICKS",,,,"2011","STORY BOOK","1754","ENGLISH MEDIUM",,"ESB 48",,,,"ASTRID ANAND","STORY BOOK","1754",,,"$25.00",,,,,,,,,,,,,
"THE MIXED UP MORNING","2002",,"SCHOLASTIC","2011","STORY BOOK","1755","ENGLISH MEDIUM","NEW YORK","ESB 49",,,,"JACQUELINE A BALL","STORY BOOK","1755",,,"$25.00",,,,,,,,,,,,,
"COMMOTION IN THE OCEAN","2008",,"SCHOLASTIC","2011","STORY BOOK","1758","ENGLISH MEDIUM",,"ESB 52",,,,"GILES ANDREAE","STORY BOOK","1758",,,"$25.00",,,,,,,,,,,,,
"SUNNY OR CLUDY","2009",,,"2011","STORY BOOK","1759","ENGLISH MEDIUM",,"ESB 53",,,,"KEN WILSON","STORY BOOK","1759",,,"$25.00",,,,,,,,,,,,,
"WHOS ON THE FARM ?","2008",,"THE WRIGHT GROUP","2011","STORY BOOK","1760","ENGLISH MEDIUM",,"ESB 54",,,,"DOROTHEA DEPRISCO","STORY BOOK","1760",,,"$25.00",,,,,,,,,,,,,
"THE TALE OF JEMIMA",,,,"2011","STORY BOOK","1762","ENGLISH MEDIUM",,"ESB 56",,,,"FREDERICK WARNE","STORY BOOK","1762",,,"$25.00",,,,,,,,,,,,,
"DOWN AT THE SEAWEED CAFE",,,"RAINCOAST BOOKS","2011","STORY BOOK","1763","ENGLISH MEDIUM",,"ESB 57",,,,"ROBERT PERRY","STORY BOOK","1763",,,"$25.00",,,,,,,,,,,,,
"PIRATE DETES",,,"SCHOLASTIC","2011","STORY BOOK","1764","ENGLISH MEDIUM","NEW YORK","ESB 58",,,,"DOUG KENNEDY ","STORY BOOK","1764",,,"$25.00",,,,,,,,,,,,,
"MADELINE","2005",,"CHILDREN CHOICE BOOK CLUB","2011","STORY BOOK","1766","ENGLISH MEDIUM","NEW YORK","ESB 60",,,,"LUDWIG BEMELMAN","STORY BOOK","1766",,,"$25.00",,,,,,,,,,,,,
"CLARENCE GOES OUT",,,"SMITHSONIANS BACKYARD","2011","STORY BOOK","1767","ENGLISH MEDIUM",,"ESB 61",,,,"JEAN EKMAN","STORY BOOK","1767",,,"$25.00",,,,,,,,,,,,,
"ALADDIN AND THE MAGIC LAMP",,,"ADVANCE PUBLISHERS","2011","STORY BOOK","1768","ENGLISH MEDIUM",,"ESB 62",,,,,"STORY BOOK","1768",,,"$25.00",,,,,,,,,,,,,
"THE FAT CAT SAT ON THE MAT",,,"SCHOLASTIC","2011","STORY BOOK","1769","ENGLISH MEDIUM",,"ESB 63",,,,"NURIT KARLIN","STORY BOOK","1769",,,"$25.00",,,,,,,,,,,,,
"PEEPO",,,,"2011","STORY BOOK","1770","ENGLISH MEDIUM",,"ESB 664",,,,"JANET AND ALLAN AHLBERG","STORY BOOK","1770",,,"$25.00",,,,,,,,,,,,,
"ROAD TO READING",,,,"2011","STORY BOOK","1771","ENGLISH MEDIUM",,"ESB 65",,,,"BILL GORDH","STORY BOOK","1771",,,"$25.00",,,,,,,,,,,,,
"BABY MICKEYS","1988",,"A GOLDEN BOOK","2011","STORY BOOK","1773","ENGLISH MEDIUM","NEW YORK","ESB 67",,,,,"STORY BOOK","1773",,,"$25.00",,,,,,,,,,,,,
"BUNNYS NUMBERS","2007",,"LITTLE SIMON","2011","STORY BOOK","1774","ENGLISH MEDIUM","CHINA","ESB 68",,,,"LISA MCCUE","STORY BOOK","1774",,,"$25.00",,,,,,,,,,,,,
"CLIFFORDS",,,"SCHOLASTIC","2011","STORY BOOK","1775","ENGLISH MEDIUM","NEW YORK","ESB 69",,,,"JIM DURT","STORY BOOK","1775",,,"$25.00",,,,,,,,,,,,,
"IT FEBLE LLIKE FUN","2008",,"READERS DIGEST CHILDREN BOOK","2011","STORY BOOK","1776","ENGLISH MEDIUM",,"ESB 70",,,,,"STORY BOOK","1776",,,"$25.00",,,,,,,,,,,,,
"TIME FOR SCHOOL MOUSE","2009",,"LAURA GERINGER BOOKS","2011","STORY BOOK","1778","ENGLISH MEDIUM",,"ESB 72",,,,"LAURA NUMESOFF","STORY BOOK","1778",,,"$25.00",,,,,,,,,,,,,
"SIR ARTHUR TO THE RESCUE",,,"ADVANCE","2011","STORY BOOK","1779","ENGLISH MEDIUM",,"ESB 73",,,,"MARC BROWN","STORY BOOK","1779",,,"$50.00",,,,,,,,,,,,,
"QUEEN FOR A DAY","2006",,"ADVANCE PUBLISHERS","2011","STORY BOOK","1780","ENGLISH MEDIUM",,"ESB 74",,,,"MARK BROWN","STORY BOOK","1780",,,"$25.00",,,,,,,,,,,,,
"CLIFFORDS AND THE BATH","2006",,"SCHOLASTIC","2011","STORY BOOK","1783","ENGLISH MEDIUM",,"ESB 77",,,,"GRACE MACCARONES","STORY BOOK","1783",,,"$25.00",,,,,,,,,,,,,
"BIG TRUCKS","2006",,"LADYBIRD BOOKS","2011","STORY BOOK","1784","ENGLISH MEDIUM",,"ESB 78",,,,"MARRY GRIBBIN","STORY BOOK","1784",,,"$25.00",,,,,,,,,,,,,
"DISNEYS WINNIE THE POOH","1975",,"RANDOM HOUSE","2011","STORY BOOK","1785","ENGLISH MEDIUM","NEW YORK","ESB 79",,,,,"STORY BOOK","1785",,,"$25.00",,,,,,,,,,,,,
"HAPPY BABY ANIMAL","2009",,"PRIDDY BOOKS","2011","STORY BOOK","1786","ENGLISH MEDIUM",,"ESB 80",,,,"NEVILLA GRAHAM","STORY BOOK","1786",,,"$25.00",,,,,,,,,,,,,
"BOB THE BUILDER",,,"HIT ENTERTAINMENT","2011","STORY BOOK","1787","ENGLISH MEDIUM",,"ESB 81",,,,,"STORY BOOK","1787",,,"$50.00",,,,,,,,,,,,,
"FIVE LITTLE PUMPKINS","2009",,,"2011","STORY BOOK","1788","ENGLISH MEDIUM",,"ESB 82",,,,"WILLIAM BONIFACE","STORY BOOK","1788",,,"$25.00",,,,,,,,,,,,,
"DO ALASKANS LIVE IN IGLOOS ?","1998",,"SADDLE PAL CREATIONS ","2011","STORY BOOK","1790","ENGLISH MEDIUM","CANTWELL","ESB 84",,,,"BERND AND SUSAN RICHTER","STORY BOOK","1790",,,"$25.00",,,,,,,,,,,,,
"FRANKLIN RIDES A BIKE",,,,"2011","STORY BOOK","1791","ENGLISH MEDIUM",,"ESB 85",,,,,"STORY BOOK","1791",,,"$25.00",,,,,,,,,,,,,
"GRANDMA AND GRANDPA SMITH","1985",,"A GOLDEN BOOK","2011","STORY BOOK","1794","ENGLISH MEDIUM","NEW YORK","ESB 88",,,,"EDITH KUNHARDT","STORY BOOK","1794",,,"$25.00",,,,,,,,,,,,,
"WINNIE THE POOHS","2008",,"RANDOM HOUSE","2011","STORY BOOK","1795","ENGLISH MEDIUM","CHINA","ESB 89",,,,,"STORY BOOK","1795",,,"$25.00",,,,,,,,,,,,,
"VINNIE TAKES A BOW","1992",,"ALPHAPETS","2011","STORY BOOK","1796","ENGLISH MEDIUM","CHINA","ESB 90",,,,,"STORY BOOK","1796",,,"$25.00",,,,,,,,,,,,,
"PUT ME IN THE ZOO","2009",,"RANDOM HOUSE","2011","STORY BOOK","1800","ENGLISH MEDIUM","DELHI","ESB 94",,,,"ROBERT LOPSHIRE","STORY BOOK","1800",,,"$25.00",,,,,,,,,,,,,
"THE DAY SNUFFY HAD THE SNIFFLES","1988",,"A SESAME STREET","2011","STORY BOOK","1801","ENGLISH MEDIUM","USA","ESB 95",,,,"LINDA LEE MAIFAIR","STORY BOOK","1801",,,"$25.00",,,,,,,,,,,,,
"I MISS YOU FATHER BEAR","2003",,"HARPER COLLIAM PUB INDIA","2011","STORY BOOK","1803","ENGLISH MEDIUM","USA","ESB 97",,,,"CHRIS HAHNER","STORY BOOK","1803",,,"$50.00",,,,,,,,,,,,,
"BABY BUG",,,"LADYBIRD BOOKS","2011","STORY BOOK","1804","ENGLISH MEDIUM",,"ESB 98",,,,"CLARA VULLIAMY","STORY BOOK","1804",,,"$25.00",,,,,,,,,,,,,
"BABY IN A MESSY","2009",,"DUTTOO CHILDREN BOOKS","2011","STORY BOOK","1805","ENGLISH MEDIUM","USA","ESB 99",,,,"MONICA WELLINGTON","STORY BOOK","1805",,,"$25.00",,,,,,,,,,,,,
"CATS",,,"A GOLDEN BOOK","2011","STORY BOOK","1806","ENGLISH MEDIUM",,"ESB 100",,,,"JOANNE RYDER","STORY BOOK","1806",,,"$25.00",,,,,,,,,,,,,
"FRANKLIN IS MESSY",,,"SCHOLASTIC","2011","STORY BOOK","1807","ENGLISH MEDIUM",,"ESB 101",,,,"PAULETTE","STORY BOOK","1807",,,"$25.00",,,,,,,,,,,,,
"THERES A WOCKET IN MY POCKET",,,"BRIGHT AND EARLY","2011","STORY BOOK","1808","ENGLISH MEDIUM",,"ESB 102",,,,"DR. SEUSS","STORY BOOK","1808",,,"$25.00",,,,,,,,,,,,,
"THE YOUNGEST FAIRY GODMOTHER EVER",,,"ALADDIN PAPERBACKS","2011","STORY BOOK","1809","ENGLISH MEDIUM","LONDON","ESB 103",,,,"STEPHEN KRENSKY","STORY BOOK","1809",,,"$25.00",,,,,,,,,,,,,
"THOMAS GETS A SNOW PLOW",,,"RANDOM HOUSE","2011","STORY BOOK","1810","ENGLISH MEDIUM","NEW YORK","ESB 104",,,,"RICHARD COURTNEY","STORY BOOK","1810",,,"$25.00",,,,,,,,,,,,,
"PUZZLED PONGUINS","2008",,"TROLL","2008","STORY BOOK","1811","ENGLISH MEDIUM",,"ESB 105",,,,"PATRICK MERREL","STORY BOOK","1811",,,"$25.00",,,,,,,,,,,,,
"ITS SHARING DAY",,,"SIMON SPOTLIGHT","2011","STORY BOOK","1813","ENGLISH MEDIUM","LONDON","ESB 107",,,,"KIRSTAN LARSEN","STORY BOOK","1813",,,"$25.00",,,,,,,,,,,,,
"CATCH ME, CATCH ME",,,"A RANDOM HOUSE","2011","STORY BOOK","1814","ENGLISH MEDIUM",,"ESB 108",,,,"OWAIN BELL","STORY BOOK","1814",,,"$25.00",,,,,,,,,,,,,
"ANIMAL BABIES",,,"LANDOLLS","2011","STORY BOOK","1815","ENGLISH MEDIUM",,"ESB 109",,,,"ESTELLA HICKMAN","STORY BOOK","1815",,,"$25.00",,,,,,,,,,,,,
"A PACIFIC ALPHABET",,,"WALRUS","2011","STORY BOOK","1816","ENGLISH MEDIUM",,"ESB 110",,,,"MARGRIET RUURS","STORY BOOK","1816",,,"$25.00",,,,,,,,,,,,,
"WINNIE THE POOH AND SOME BEES","2000",,"DUTTAN CHILDREN BOOKS","2011","STORY BOOK","1817","ENGLISH MEDIUM",,"ESB 111",,,,"ERNEST SHEPARD","STORY BOOK","1817",,,"$25.00",,,,,,,,,,,,,
"THE SNAIS SPELL",,,"SCHOLASTIC","2011","STORY BOOK","1818","ENGLISH MEDIUM","USA","ESB 112",,,,"JOANNE RYDER","STORY BOOK","1818",,,"$25.00",,,,,,,,,,,,,
"TWINKLE TWINKLE LITTLE STAR",,,"CHILDS PLAY","2011","STORY BOOK","1820","ENGLISH MEDIUM","CHINA","ESB 124",,,,"ANNIE KUBLER","STORY BOOK","1820",,,"$25.00",,,,,,,,,,,,,
"GIGGLE BUNNY","1993",,"MORDEN PUBLICATION ","2011","STORY BOOK","1821","ENGLISH MEDIUM","NEW YORK","ESB 115",,,,,"STORY BOOK","1821",,,"$25.00",,,,,,,,,,,,,
"THE LORD IS MY SHEPHERD","1986",,"GOLDEN BOOK ","2011","STORY BOOK","1822","ENGLISH MEDIUM","NEW YORK","ESB 116",,,,"TOM LAPADULA","STORY BOOK","1822",,,"$50.00",,,,,,,,,,,,,
"THE BIG ORANGE SPLOT",,,"SCHOLASTIC","2011","STORY BOOK","1823","ENGLISH MEDIUM","NEW YORK","ESB 117",,,,"DANIEL MANUS PINKWATER","STORY BOOK","1823",,,"$25.00",,,,,,,,,,,,,
"BAMBI",,,"GOLDEN BOOK ","2011","STORY BOOK","1825","ENGLISH MEDIUM","USA","ESB 119",,,,"RON DIAS","STORY BOOK","1825",,,"$50.00",,,,,,,,,,,,,
"THOMAS",,,,"2011","STORY BOOK","1826","ENGLISH MEDIUM",,"ESB 120",,,,,"STORY BOOK","1826",,,"$25.00",,,,,,,,,,,,,
"CELEBRATE THE HOLIDAYS","2007",,"RONALD MCDONALDS","2011","STORY BOOK","1827","ENGLISH MEDIUM",,"ESB 121",,,,,"STORY BOOK","1827",,,"$25.00",,,,,,,,,,,,,
"MY BOOK RON MARIS",,,"PUFFIN BOOKS","2011","STORY BOOK","1828","ENGLISH MEDIUM",,"ESB 122",,,,,"STORY BOOK","1828",,,"$25.00",,,,,,,,,,,,,
"BABY BELUGA",,,"CROWN PUBLISHERS","2011","STORY BOOK","1829","ENGLISH MEDIUM","NEW YORK","ESB 123",,,,"ASHLEY WOLFF","STORY BOOK","1829",,,"$50.00",,,,,,,,,,,,,
"PIG AND CROW",,,,"2011","STORY BOOK","1831","ENGLISH MEDIUM",,"ESB 125",,,,,"STORY BOOK","1831",,,"$25.00",,,,,,,,,,,,,
"THE RAIN CAME DOWN ",,,"SCHOLASTIC","2011","STORY BOOK","1832","ENGLISH MEDIUM",,"ESB 126",,,,"DAVID SHANNON","STORY BOOK","1832",,,"$25.00",,,,,,,,,,,,,
"HIPPOPOTAMUS","2008",,"GRASSET AND DUNLOP","2011","STORY BOOK","1833","ENGLISH MEDIUM",,"ESB 127",,,,"ROGER HARGRE","STORY BOOK","1833",,,"$25.00",,,,,,,,,,,,,
"POKEMON",,,"A GOLDEN BOOK","2011","STORY BOOK","1834","ENGLISH MEDIUM","LONDON","ESB 128",,,,,"STORY BOOK","1834",,,"$25.00",,,,,,,,,,,,,
"ON THE FARM",,,"CHILDS PLAY MOMENTS","2011","STORY BOOK","1835","ENGLISH MEDIUM",,"ESB 129",,,,"JOSETTE BLANCO","STORY BOOK","1835",,,"$25.00",,,,,,,,,,,,,
"GATOR CLEANS HOUSE","1983",,"RANDOM HOUSE","2011","STORY BOOK","1837","ENGLISH MEDIUM","NEW YORK","ESB 131",,,,"MERCER MAYOR","STORY BOOK","1837",,,"$25.00",,,,,,,,,,,,,
"THE TORTOISE AND HARE","2004",,"CREATIVE","2011","STORY BOOK","1838","ENGLISH MEDIUM","CANADA","ESB 132",,,,,"STORY BOOK","1838",,,"$25.00",,,,,,,,,,,,,
"BASIC ABCS","2006",,"LEXICON","2011","STORY BOOK","1839","ENGLSIH MEDIUM","WALT DISNEY","ESB 133",,,,"DIANE WARSHAWSKY","STORY BOOK","1839",,,"$25.00",,,,,,,,,,,,,
"THE ELVES AND THE SHOEMAKER",,,"SCHOLASTIC","2011","STORY BOOK","1841","ENGLISH MEDIUM","NEW YORK","ESB 135",,,,,"STORY BOOK","1841",,,"$25.00",,,,,,,,,,,,,
"BUNNIES ABC","1985",,"A GOLDEN BOOK","2011","STORY BOOK","1842","ENGLISH MEDIUM","NEW YORK","ESB 136",,,,"GARTH WILLIAMS","STORY BOOK","1842",,,"$25.00",,,,,,,,,,,,,
"FROGGY ZGOES TO THE DOCTOR",,,"SCHOLASTIC","2011","STORY BOOK","1843","ENGLISH MEDIUM",,"ESB 137",,,,"JONATHAN LONDON","STORY BOOK","1843",,,"$25.00",,,,,,,,,,,,,
"ON MY OWN",,,"PARRAGON PUBLISHING","2011","STORY BOOK","1844","ENGLISH MEDIUM","UK","ESB 138",,,,"JILLIAN HARKER","STORY BOOK","1844",,,"$50.00",,,,,,,,,,,,,
"THE MAGIC SCHOOL BUS",,,"SCHOLASTIC","2011","STORY BOOK","1847","ENGLISH MEDIUM","NEW YORK","ESB 141",,,,,"STORY BOOK","1847",,,"$25.00",,,,,,,,,,,,,
"ARE YOU MY MOTHER","2009",,"RANDOM HOUSE","2011","STORY BOOK","1848","ENGLISH MEDIUM","DELHI","ESB 142",,,,"P.D.EASTMAN","STORY BOOK",848,,,"$25.00",,,,,,,,,,,,,
"SPIDERMAN UNDER THE SEA","2004",,"PARADISE PRESS","2011","STORY BOOK","1849","ENGLISH MEDIUM","CHINA","ESB 143",,,,"KEVIN PARKS","STORY BOOK","1849",,,"$25.00",,,,,,,,,,,,,
"THE LION KING","2006",,"DISNEY","2011","STORY BOOK","1850","ENGLISH MEDIUM",,"ESB 144",,,,,"STORY BOOK","1850",,,"$25.00",,,,,,,,,,,,,
"THE EARLY BIRD",,,"GROLIER","2011","STORY BOOK","1852","ENGLISH MEDIUM",,"ESB 146",,,,"RICHARD SCARRYS ","STORY BOOK","1852",,,"$25.00",,,,,,,,,,,,,
"ELEPHANTS LOS ELEFANTES","2004",,"GARETH STEVENS ","2011","STORY BOOK","1853","ENGLISH MEDIUM","USA","ESB 147",,,,"JOANN EARLY","STORY BOOK","1853",,,"$25.00",,,,,,,,,,,,,
"TWINKLE TWINKLE LITTLE STAR","2004",,"CHILDS PLAY","2011","STORY BOOK","1854","ENGLISH MEDIUM",,"ESB 148",,,,"ANNIE KUBLER","STORY BOOK","1854",,,"$25.00",,,,,,,,,,,,,
"CARS","2007",,"RANDOM HOUSE","2011","STORY BOOK","1855","ENGLISH MEDIUM",,"ESB 149",,,,"DISNEY STORY BOOK","STORY BOOK","1855",,,"$50.00",,,,,,,,,,,,,
"MICKY MOUSE",,,,"2011","STORY BOOK","1856","ENGLISH MEDIUM",,"ESB 150",,,,,"STORY BOOK","1856",,,"$25.00",,,,,,,,,,,,,
"NO,DAVID","1998",,"SCHOLASTIC","2011","STORY BOOK","1860","ENGLISH MEDIUM","NEW YORK","ESB 154",,,,"DAVID SHANNON","STORY BOOK","1860",,,"$25.00",,,,,,,,,,,,,
"CURIOUS GEORGE AND THE DUMP TRUCK",,,"HOUGHTON MIFFLIN COMPANY","2011","STORY BOOK","1862","ENGLISH MEDIUM",,"ESB 156",,,,"H.A. REY","STORY BOOK","1862",,,"$25.00",,,,,,,,,,,,,
"HEY,DIDDLE DIDDLE","2006",,"WHISPERING LOYATE","2011","STORY BOOK","1863","ENGLISH MEDIUM",,"ESB 157",,,,"ROB GILBERT","STORY BOOK","1863",,,"$25.00",,,,,,,,,,,,,
"RING -A - RING OROSES",,,"CARNIVAL","2011","STORY BOOK","1864","ENGLISH MEDIUM",,"ESB 158",,,,"CAROLYN SCRACE","STORY BOOK","1864",,,"$25.00",,,,,,,,,,,,,
"ARTHURS READING RACE","1996",,"GROLIER","2011","STORY BOOK","1865","ENGLISH MEDIUM",,"ESB",,,,"MARC BROWN","STORY BOOK","1865",,,"$25.00",,,,,,,,,,,,,
"GRANDMAS AT THE LAKE",,,"GRASSET AND DUNLOP","2011","STORY BOOK","1866","ENGLISH MEDIUM",,"ESB 160",,,,"EMILY ARNOED","STORY BOOK","1866",,,"$25.00",,,,,,,,,,,,,
"GUESS WHO","2006",,"A GOLDEN BOOK","2011","STORY BOOK","1867","ENGLISHMEDIUM",,"ESB 161",,,,"DICK AND JANE","STORY BOOK","1867",,,"$25.00",,,,,,,,,,,,,
"CHRISTMAS TREE",,,"A GOLDEN BOOK","2011","STORY BOOK","1868","ENGLISH MEDIUM",,"ESB 162",,,,"AMYE ROSENBERG","STORY BOOK","1868",,,"$25.00",,,,,,,,,,,,,
"THE EYE BOOK","1999",,"RANDOM HOUSE","2011","STORY BOOK","1869","ENGLISH MEDIUM","NEW YORK","ESB 163",,,,"DR. SEUSS","STORY BOOK","1869",,,"$25.00",,,,,,,,,,,,,
"IN THE POND",,,"OPEN COURT PUBLISHING COMPANY","2011","STORY BOOK","1870","ENGLISH MEDIUM",,"ESB 164",,,,"LINDA CAVE","STORY BOOK","1870",,,"$25.00",,,,,,,,,,,,,
"THE WAY I GO TO SCHOOL","2009",,"SCHOLASTIC","2011","STORY BOOK","1871","ENGLISH MEDIUM","NEW DELHI","ESB 165",,,,,"STORY BOOK","1871",,,"$25.00",,,,,,,,,,,,,
"MY LITTLE.....GOD",,,"A GOLDEN BOOK","2011","STORY BOOK","1874","ENGLISH MEDIUM","NEW YORK","ESB 168",,,,"JANE WERNER","STORY BOOK","1874",,,"$25.00",,,,,,,,,,,,,
"THE GOOD BAD CAT",,,"SCHOOL ZONE","2011","STORY BOOK","1875","ENGLISH MEDIUM",,"ESB 169",,,,"NANCY ANTLE","STORY BOOK","1875",,,"$25.00",,,,,,,,,,,,,
"MR. BROWN CAN MOO","200",,"DISNEY PRESS","2011","STORY BOOK","1876","ENGLISH MEDIUM",,"ESB 170",,,,"DR. SEUESS","STORY BOOK","1876",,,"$25.00",,,,,,,,,,,,,
"MATERS BEST FRIEND",,,"DISNEY","2011","STORY BOOK","1877","ENGLISH MEDIUM",,"ESB 171",,,,,"STORY BOOK","1877",,,"$25.00",,,,,,,,,,,,,
"EYES AND NOSE","2008",,"SESAME STREET","2011","STORY BOOK","1878","ENGLISH MEDIUM","CHINA","ESB 172",,,,,"STORY BOOK","1878",,,"$25.00",,,,,,,,,,,,,
"HANNAB AND DUSTY STARS","2009",,"INSPIRATIONAL BOARD ","2011","STORY BOOK","1879","ENGLISH MEDIUM","CHINA","ESB 173",,,,,"STORY BOOK","1879",,,"$25.00",,,,,,,,,,,,,
"GREEN EGGS","1988",,"BEGINNER BOOKS","2011","STORY BOOK","1880","ENGLISH MEDIUM","USA","ESB 174",,,,"DR. SEUESS","STORY BOOK","1880",,,"$25.00",,,,,,,,,,,,,
"ADDING IT UP",,,"SCHOLASTIC","2011","STORY BOOK","1882","ENGLISH MEDIUM","NEW YORK","ESB 176",,,,,"STORY BOOK","1882",,,"$25.00",,,,,,,,,,,,,
"TO THE ISLAND","1998",,"D.K.PUBLISHING","2011","STORY BOOK","1884","ENGLISH MEDIUM","NEW YORK","ESB 178",,,,"CHARLOTTE","STORY BOOK","1884",,,"$25.00",,,,,,,,,,,,,
"MICKEY MOUSE","2006",,"GOLDEN BOOK ","2011","STORY BOOK","1885","ENGLISH MEDIUM",,"ESB 179",,,,,"STORY BOOK","1885",,,"$25.00",,,,,,,,,,,,,
"LILO AND STITCH","2002",,"SCHOLASTIC","2011","STORY BOOK","1886","ENGLISH MEDIUM","LONDON","ESB 180",,,,"DISNEY ARISTOCAT","STORY BOOK","1886",,,"$50.00",,,,,,,,,,,,,
"TOY STORY","2008",,"DISNEY","2011","STORY BOOK","1887","ENGLISH MEDIUM",,"ESB 181",,,,"DISNEY ARISTOCAT","STORY BOOK","1887",,,"$25.00",,,,,,,,,,,,,
"I LOVE MY CLOTHES","2001",,"PARRAGON QUEEN STREET","2011","STORY BOOK","1888","ENGLISH MEDIUM","CHINA","ESB 182",,,,,"STORY BOOK","1888",,,"$25.00",,,,,,,,,,,,,
"CLIFFORDS","2003",,"SCHOLASTIC","2011","STORY BOOK","1889","ENGLISH MEDIUM","CHINA","ESB 183",,,,,"STORY BOOK","1889",,,"$25.00",,,,,,,,,,,,,
"I LOVE MY MUMMY","2009",,"DUTTAN CHILDREN BOOKS","2011","STORY BOOK","1890","ENGLISH MEDIUM",,"ESB 184",,,,"LAURAL PORTER","STORY BOOK","1890",,,"$25.00",,,,,,,,,,,,,
"PICTURE PERFECT","2008",,"SCHOLASTIC","2011","STORY BOOK","1891","ENGLISH MEDIUM","NEW DELHI","ESB 185",,,,"DISNEY ARISTOCAT","STORY BOOK","1891",,,"$25.00",,,,,,,,,,,,,
"BABY ANIMALS","1984",,"A GOLDEN BOOK","2011","STORY BOOK","1892","ENGLISH MEDIUM","NEW YORK","ESB 186",,,,"GARTH WILLIAMS","STORY BOOK","1892",,,"$25.00",,,,,,,,,,,,,
"BUSIEST FIRE FIGHTERS EVER","1993",,"A GOLDEN BOOK","2011","STORY BOOK","1894","ENGLISH MEDIUM","NEW YORK","ESB 188",,,,"RICHARD SCARRY","STORY BOOK","1894",,,"$25.00",,,,,,,,,,,,,
"I SPY SCHOOL DAYS","2000",,"SCHOLASTIC","2011","STORY BOOK","1895","ENGLISH MEDIUM",,"ESB 189",,,,"JEAN MARROLLO","STORY BOOK","1895",,,"$25.00",,,,,,,,,,,,,
"HOW THE SUN WAS BORN","2006",,"WILLOWISP PRESS","2011","STORY BOOK","1896","ENGLISH MEDIUM",,"ESB 190",,,,"STUDENTS","STORY BOOK","1896",,,"$25.00",,,,,,,,,,,,,
"THE RUNAWAY BEARD","2008",,"WORKMAN PUBLISHING","2011","STORY BOOK","1897","ENGLISH MEDIUM","NEW YORK","ESB 191",,,,"DAVID SCHILLER","STORY BOOK","1897",,,"$25.00",,,,,,,,,,,,,
"SHAPES PRE SCHOOL PRACTICE WORK BOOK","2008",,"CUDDLY DUCK","2011","STORY BOOK","1898","ENGLISH MEDIUM","CHINA","ESB 192",,,,,"STORY BOOK","1898",,,"$25.00",,,,,,,,,,,,,
"PICNIC ABC","2008",,"FOEBEL KANCOLTD","2011","STORY BOOK","1900","ENGLISH MEDIUM","JAPAN","ESB 194",,,,,"STORY BOOK","1900",,,"$25.00",,,,,,,,,,,,,
"TRUNK TROUBLA",,,"P3","2011","STORY BOOK","1901","ENGLISH MEDIUM",,"ESB 195",,,,,"STORY BOOK","1901",,,"$25.00",,,,,,,,,,,,,
"FANTANSTIC FROG",,,"SCHOLASTIC","2011","STORY BOOK","1902","ENGLISH MEDIUM","NEW YORK","ESB 196",,,,"FAY ROBINSON","STORY BOOK","1902",,,"$25.00",,,,,,,,,,,,,
"I AM A BIG SISTER","2008",,"HARPER COLLINS ","2011","STORY BOOK","1903","ENGLISH MEDIUM",,"ESB 197",,,,"MAXIE CHAMBLISS","STORY BOOK","1903",,,"$25.00",,,,,,,,,,,,,
"LITTLE KIPPERS SKATES",,,"RED WAGON BOOKS","2011","STORY BOOK","1904","ENGLISH MEDIUM","LONDON","ESB 198",,,,"MICK INKPEN","STORY BOOK","1904",,,"$25.00",,,,,,,,,,,,,
"MINE, ALL MINE","2010",,"SCHOLASTIC","2011","STORY BOOK","1905","ENGLISH MEDIUM","NEW DELHI","ESB 199",,,,"RUTH HELLER","STORY BOOK","1905",,,"$50.00",,,,,,,,,,,,,
"WATCH ME","2002",,,"2011","STORY BOOK","1906","ENGLISH MEDIUM",,"ESB 200",,,,,"STORY BOOK","1906",,,"$25.00",,,,,,,,,,,,,
"MANNERS",,,"A GOLDEN BOOK","2011","STORY BOOK","1907","ENGLISH MEDIUM",,"ESB 201",,,,"PEGGY PARISH","STORY BOOK","1907",,,"$25.00",,,,,,,,,,,,,
"TUMMY TROUBLE",,,"SCHOLASTIC","2011","STORY BOOK","1908","ENGLISH MEDIUM",,"ESB 202",,,,,"STORY BOOK","1908",,,"$25.00",,,,,,,,,,,,,
"THE BUILDING SITE",,,,"2011","STORY BOOK","1910","ENGLISH MEDIUM",,"ESB 204",,,,"PHILIPPE DUPASQUIER","STORY BOOK","1910",,,"$25.00",,,,,,,,,,,,,
"FIREFLY JOE",,,,"2011","STORY BOOK","1911","ENGLISH MEDIUM",,"ESB 205",,,,,"STORY BOOK","1911",,,"$25.00",,,,,,,,,,,,,
"PAT THE CAT",,,"DK","2011","STORY BOOK","1913","ENGLISH MEDIUM",,"ESB 207",,,,"COLIN","STORY BOOK","1913",,,"$25.00",,,,,,,,,,,,,
"DOES A SHEEP WEAR MITTENS","2008",,"IGLOO","2011","STORY BOOK","1915","ENGLISH MEDIUM","CHINA","ESB 209",,,,,"STORY BOOK","1915",,,"$25.00",,,,,,,,,,,,,
"BABYS THINGS","2008",,"PLATT AND MUNK","2011","STORY BOOK","1916","ENGLISH MEDIUM",,"ESB 210",,,,"PLATT AND MUNK","STORY BOOK","1916",,,"$25.00",,,,,,,,,,,,,
"GOOD NIGHT BABY DONALD",,,"GROLIER","2011","STORY BOOK","1917","ENGLISH MEDIUM","USA","ESB 211",,,,,"STORY BOOK","1917",,,"$25.00",,,,,,,,,,,,,
"BABY OTTER","2008",,"PUBLICATIN INTER","2011","STORY BOOK","1919","ENGLISH MEDIUM",,"ESB 212",,,,"MARK FRUCH","STORY BOOK","1919",,,"$25.00",,,,,,,,,,,,,
"THE TALE OF TIMMY TIPTOES","2008",,"A WARNER AND CO.","2011","STORY BOOK","1920","ENGLISH MEDIUM",,"ESB 214",,,,"BEATRIX POTTER","STORY BOOK","1920",,,"$25.00",,,,,,,,,,,,,
"POKEMON",,,"SCHOLASTIC","2011","STORY BOOK","1921","ENGLISH MEDIUM","NEW YORK","ESB 215",,,,,"STORY BOOK","1921",,,"$25.00",,,,,,,,,,,,,
"SUBSTRACTION ACTION","2008",,"SCHOLASTIC","2011","STORY BOOK","1922","ENGLISH MEDIUM",,"ESB 216",,,,"LOREN LEEDY","STORY BOOK","1922",,,"$25.00",,,,,,,,,,,,,
"THE GOLDEN EGG BOOK","1975",,"A GOLDEN BOOK","2011","STORY BOOK","1923","ENGLISH MEDIUM","NEW YORK","ESB 217",,,,"MARGARET WISE","STORY BOOK","1923",,,"$25.00",,,,,,,,,,,,,
"ANIMAL RESCUE ADVENT","2008",,"PUBLICATIN INTER","2011","STORY BOOK","1926","ENGLLISH MEDIUM",,"ESB 220",,,,"A & J STUDIOS","STORY BOOK","1926",,,"$25.00",,,,,,,,,,,,,
"MY FIRST BOOK",,,"THE CHILD WORLD","2011","STORY BOOK","1927","ENGLISH MEDIUM",,"ESB 221",,,,"JANE BELK","STORY BOOK","1927",,,"$25.00",,,,,,,,,,,,,
"PEEK - A - BOO","2004",,"SCHOLASTIC","2011","STORY BOOK","1928","ENGLISH MEDIUM","CHINA","ESB 222",,,,,"STORY BOOK","1928",,,"$25.00",,,,,,,,,,,,,
"BABY SCHOOL","2008",,"TIME LIFE","2011","STORY BOOK","1929","ENGLISH MEDIUM",,"ESB 223",,,,,"STORY BOOK","1929",,,"$25.00",,,,,,,,,,,,,
"A BOOK OF KISSES","2000",,"HARPER COLLINS ","2011","STORY BOOK","1930","ENGLISH MEDIUM",,"ESB 224",,,,"LAURA RADER","STORY BOOK","1930",,,"$25.00",,,,,,,,,,,,,
"MY ROCKING HORSE","2008",,"PLAYMORE & WOLDMAN","2011","STORY BOOK","1931","ENGLISH MEDIUM","CHINA","ESB 225",,,,,"STORY BOOK","1931",,,"$25.00",,,,,,,,,,,,,
"PETTER RABBIT AND HIS FRIENDS","2006",,"PUBLICATIN INTER","2011","STORY BOOK","1932","ENGLISH MEDIUM",,"ESB 226",,,,"BOB TERRIO","STORY BOOK","1932",,,"$25.00",,,,,,,,,,,,,
"WEE WILLIE WINKLE","1996",,"CANDLEWICK","2011","STORY BOOK","1933","ENGLISH MEDIUM","USA","ESB 227",,,,"ROSEMARY WELLS","STORY BOOK","1933",,,"$25.00",,,,,,,,,,,,,
"WARDS","1993",,"SCHOLASTIC","2011","STORY BOOK","1935","ENGLISH MEDIUM","USA","ESB 229",,,,"LOIS EHLERT","STORY BOOK","1935",,,"$25.00",,,,,,,,,,,,,
"WHO SAYS MOO?",,,"SCHOLASTIC","2011","STORY BOOK","1936","ENGLISH MEDIUM","NEW YORK","ESB 230",,,,"MURIEL AND LIONE KALLISH","STORY BOOK","1936",,,"$25.00",,,,,,,,,,,,,
"BASEBALL BALLERINA STRIKES OUT","2005",,"RANDOM HOUSE","2011","STORY BOOK","1938","ENGLISH MEDIUM",,"ESB 232",,,,"KATHRYN CRISTALDIE","STORY BOOK","1938",,,"$25.00",,,,,,,,,,,,,
"THE HAUNTED HOUSE","1981",,"DISNEY","2011","STORY BOOK","1940","ENGLISH MEDIUM","USA","ESB 234",,,,,"STORY BOOK","1940",,,"$50.00",,,,,,,,,,,,,
"PADDINGTONS GARDEN","1973",,"RANDOM HOUSE","2011","STORY BOOK","1941","ENGLISH MEDIUM","NEW YORK","ESB 235",,,,"MICHAL BOND","STORY BOOK","1941",,,"$25.00",,,,,,,,,,,,,
"THE FOOT BOOK","1968",,"A BRIGHT AND EARLY BOOK","2011","STORY BOOK","1942","ENGLLISH MEDIUM","NEW YORK","ESB 236",,,,"DR SEUSS","STORY BOOK","1942",,,"$25.00",,,,,,,,,,,,,
"DUNCAN AND DOLORES",,,"MACMILLAN PUBLLISHING COMPANY","2011","STORY BOOK","1943","ENGLISH MEDIUM","NEW YORK","ESB 237",,,,"BARBARA SAMUELS","STORY BOOK","1943",,,"$25.00",,,,,,,,,,,,,
"I AM A LEAF","1998",,"SCHOLASTIC","2011","STORY BOOK","1944","ENGLISH MEDIUM","LONDON","ESB 238",,,,"JEAN MARZOLLA","STORY BOOK","1944",,,"$25.00",,,,,,,,,,,,,
"COOKIES WEEK",,,"SCHOLASTIC","2012","STORY BOOK","1945","ENGLLISH MEDIUM",,"ESB 239",,,,"WINDY WARD","STORY BOOK","1945",,,"$25.00",,,,,,,,,,,,,
"WIGGLING WORMS AT WORK",,,"HARPER COLLIAM PUB INDIA","2011","STORY BOOK","1947","ENGLISH MEDIUM",,"ESB 241",,,,,"STORY BOOK","1947",,,"$25.00",,,,,,,,,,,,,
"KINDERGANTEN KIDS","1994",,"SCHOLASTIC","2011","STORY BOOK","1948","ENGLISH MEDIUM","NEW YORK","ESB 242",,,,"ELLEN B. SENSI","STORY BOOK","1948",,,"$25.00",,,,,,,,,,,,,
"THE HAT",,,"SCHOLASTIC","2011","CHILDREN LITERATURE","1949","ENGLISH MEDIUM",,"ESB 243",,,,"JAN BRETT","CHILDREN LITERATURE","1949",,,"$25.00",,,,,,,,,,,,,
"JOHNNY TRACTOR","2006",,"JOHN DEERE","2011","STORY BOOK","1950","ENGLISH MEDIUM","CHINA","ESB 244",,,,"ROYA BASTROM","STORY BOOK","1950",,,"$25.00",,,,,,,,,,,,,
"PADDINGTON AT THE SEASIDE","2006",,"RANDOM HOUSE","2011","STORY BOOK","1951","ENGLISH MEDIUM","NEW YORK","ESB 245",,,,"MICHAEL BOND","STORY BOOK","1951",,,"$25.00",,,,,,,,,,,,,
"MICKEYS BIRTHDAY SURPRISE",,,"A BANTAM BOOK","2011","CHILDREN LITERATURE","1952","ENGLISH MEDIUM","NEW YORK","EEB 246",,,,,"CHILDREN LITERATURE","1952",,,"$17.00",,,,,,,,,,,,,
"HURRY UP FRANKLIN",,,"SCHOLASTIC","2011","STORY BOOK","1953","ENGLISH MEDIUM",,"ESB 247",,,,"PAUL BOURGEOUS","STORY BOOK","1953",,,"$25.00",,,,,,,,,,,,,
"MORRIS THE MOOSE",,,"HARPER COLLIAM PUB INDIA","2011","STORY BOOK","1955","ENGLISH MEDIUM",,"ESB 249",,,,"B. WISEMAN","STORY BOOK","1955",,,"$25.00",,,,,,,,,,,,,
"MY FIRST COUNTING BOOK","1985",,"A GOLDEN BOOK","2011","STORY BOOK","1956","ENGLISH MEDIUM","NEW YORK","ESB 250",,,,"LILIAN MOORE","STORY BOOK","1956",,,"$25.00",,,,,,,,,,,,,
"A LITTLE MERMAID","1993",,"GROLIER","2011","STORY BOOK","1957","ENGLISH MEDIUM","USA","ESB 251",,,,,"STORY BOOK","1957",,,"$50.00",,,,,,,,,,,,,
"THE CHERRY PIE BABY","1994",,"A PUFFIN UNICORN","2011","STORY BOOK","1958","ENGLISH MEDIUM","USA","ESB 252",,,,"KAY CHORAO","STORY BOOK","1958",,,"$25.00",,,,,,,,,,,,,
"THE STORY OF ESTHER","2006",,"GROLIER","2011","STORY BOOK","1959","ENGLISH MEDIUM",,"ESB 253",,,,"ALICE JOYCE","STORY BOOK","1959",,,"$25.00",,,,,,,,,,,,,
"TALKIN TOOLS TAKE CHARGE",,,"SCHOLASTIC","2011","STORY BOOK","1960","ENGLISH MEDIUM","NEW YORK","ESB 254",,,,"ROC GOUDREAU","STORY BOOK","1960",,,"$25.00",,,,,,,,,,,,,
"BABE THE SHEEP PIG","1998",,"RANDOM HOUSE","2011","STORY BOOK","1961","ENGLISH MEDIUM","NEW YORK","ESB 255",,,,"DENNIS HOCKERMAN","STORY BOOK","1961",,,"$25.00",,,,,,,,,,,,,
"HANG ON, HOPPER",,,"SCHOLASTIC","2011","STORY BOOK","1962","ENGLISH MEDIUM","NEW YORK","ESB 256",,,,"MARCUS PFISTER","STORY BOOK","1962",,,"$25.00",,,,,,,,,,,,,
"THE TOOTH BOOK","2010",,"RANDOM HOUSE","2011","STORY BOOK","1963","ENGLISH MEDIUM","DELHI","ESB 257",,,,"JOE MATHIEU","STORY BOOK","1963",,,"$25.00",,,,,,,,,,,,,
"THE VELVETEEN RABBIT",,,"SCHOLASTIC","2011","STORY BOOK","1964","ENGLISH MEDIUM","NEW YORK","ESB 258",,,,"MARGERY WILLIAMS","STORY BOOK","1964",,,"$25.00",,,,,,,,,,,,,
"TELL ABOUT SOMEONE YOU LOVE",,,"MACMILLIAN PUBLISHING","2011","STORY BOOK","1965","ENGLISH MEDIUM",,"ESB 259",,,,,"STORY BOOK","1965",,,"$25.00",,,,,,,,,,,,,
"A SILLY SNOWY DAY",,,"SCHOLASTIC","2011","STORY BOOK","1967","ENGLISH MEDIUM",,"ESB 261",,,,"MICHAEL COLEMAN","STORY BOOK","1967",,,"$50.00",,,,,,,,,,,,,
"LOVE YOU FOREVER",,,"FIREFLY BOOKS","2011","STORY BOOK","1968","ENGLISH MEDIUM",,"ESB 262",,,,"ROBERT MUNSCH","STORY BOOK","1968",,,"$25.00",,,,,,,,,,,,,
"CHRISTOPHER COLUMBUS","2010",,"RANDOM HOUSE","2011","STORY BOOK","1969","ENGLISH MEDIUM","DELHI","ESB 263",,,,"NORMAN GREEN","STORY BOOK","1969",,,"$50.00",,,,,,,,,,,,,
"BAD DOG MARLEY","2008",,"HARPER COLLIAM PUB INDIA","2011","STORY BOOK","1971","ENGLISH MEDIUM",,"ESB 265",,,,"RICHARD COWDREY","STORY BOOK","1971",,,"$25.00",,,,,,,,,,,,,
"SAM GETS LOST",,,"KIDS CAN PRESS","2011","STORY BOOK","1973","ENGLISH MEDIUM","USA","ESB 267",,,,"MARY LABATT","STORY BOOK","1973",,,"$25.00",,,,,,,,,,,,,
"FRANKLIN SAYS SORRY",,,,"2011","STORY BOOK","1974","ENGLISH MEDIUM",,"ESB 268",,,,,"STORY BOOK","1974",,,"$25.00",,,,,,,,,,,,,
"ANDY AND THE TIRE","1987",,"SCHOLASTIC","2011","STORY BOOK","1975","ENGLISH MEDIUM","LONDON","ESB 269",,,,"CRAIG LOVIK","STORY BOOK","1975",,,"$50.00",,,,,,,,,,,,,
"TYRONE AND THE SWAMP GANG","2006",,"SCHOLASTIC","2011","STORY BOOK","1978","ENGLISH MEDIUM",,"ESB 272",,,,"HANS WILHELM","STORY BOOK","1978",,,"$25.00",,,,,,,,,,,,,
"BUBBLESS BEST ADVENTURE EVER",,,,"2011","STORY BOOK","1979","ENGLISH MEDIUM",,"ESB 273",,,,,"STORY BOOK","1979",,,"$25.00",,,,,,,,,,,,,
"THE RUNAWAY BUNNY","2008",,"HARPER FESTIVAL","2011","STORY BOOK","1980","ENGLISH MEDIUM",,"ESB 274",,,,"MARGERET","STORY BOOK","1980",,,"$25.00",,,,,,,,,,,,,
"THE MAGIC SHOW MYSTERY","1998",,"SCHOLASTIC","2011","STORY BOOK","1981","ENGLISH MEDIUM","LONDON","ESB 275",,,,"DANIEL MAR","STORY BOOK","1981",,,"$50.00",,,,,,,,,,,,,
"WINNIE LISTEN UP","2000",,"ADVANCE PUBLISHERS","2011","STORY BOOK","1982","ENGLISH MEDIUM",,"ESB 276",,,,"DISNEYS","STORY BOOK","1982",,,"$25.00",,,,,,,,,,,,,
"DID YOU HEAR SOMETHING?","1992",,"KIDS BOOKS","2011","STORY BOOK","1984","ENGLISH MEDIUM","USA","ESB 278",,,,"MICHAEL ANTHONY","STORY BOOK","1984",,,"$25.00",,,,,,,,,,,,,
"PRINCESS DIARY 2",,,"SCHOLASTIC","2011","STORY BOOK","1986","ENGLISH MEDIUM","USA","ESB 280",,,,"SHANDA RHIMES","STORY BOOK","1986",,,"$25.00",,,,,,,,,,,,,
"TEASING",,,"A FIRST TIME BOOK","2011","STORY BOOK","1989","ENGLLISH MEDIUM",,"ESB 283",,,,"STAN AND JAN BERENSTAIN","STORY BOOK","1989",,,"$25.00",,,,,,,,,,,,,
"JAMIE OROURKE AND THE BIG POTATO",,,"SCHOLASTIC","2011","STORY BOOK","1990","ENGLISH MEDIUM",,"ESB 284",,,,"TOMIE DEPAOLA","STORY BOOK","1990",,,"$25.00",,,,,,,,,,,,,
"ERNIES NEIGHBOURHOOD",,,"SEASAME STREET","2011","STORY BOOK","1991","ENGLISH MEDIUM",,"ESB 285",,,,"DEBORAH KOVACS","STORY BOOK","1991",,,"$25.00",,,,,,,,,,,,,
"IN THE MUSHROOM MEADOW","2002",,"RANDOM HOUSE","2011","STORY BOOK","1992","ENGLISH MEDIUM","NEW YORK","ESB 286",,,,"ALIS INCHER","STORY BOOK","1992",,,"$50.00",,,,,,,,,,,,,
"BABY PIGGY AND THUNDER","1987",,"MUPPET PRESS","2011","STORY BOOK","1993","ENGLISH MEDIUM","NEW YORK","ESB 287",,,,"JOANNE BARKAN","STORY BOOK","1993",,,"$25.00",,,,,,,,,,,,,
"BABYS BREAKFAST",,,,"2011","STORY BOOK","1995","ENGLISH MEDIUM",,"ESB 289",,,,,"STORY BOOK","1995",,,"$25.00",,,,,,,,,,,,,
"MOTHER GOOSE","1994",,"GOLDEN BOOK ","2011","STORY BOOK","1996","ENGLISH MEDIUM","NEW YORK","ESB 290",,,,"ROBIN COHEN","STORY BOOK","1996",,,"$50.00",,,,,,,,,,,,,
"EASTER IN HARWICK",,,"RANDOM HOUSE","2006","STORY BOOK","1997","ENGLISH MEDIUM","LONDON","ESB 291",,,,"THOMAS CAPOTE","STORY BOOK","1997",,,"$25.00",,,,,,,,,,,,,
"THE LITTLE MERMAID",,,"READERS DIGEST CHILDREN BOOK","2006","STORY BOOK","1998","ENGLISH MEDIUM",,"ESB 292",,,,"WENDY WAX","STORY BOOK","1998",,,"$25.00",,,,,,,,,,,,,
"WE EAT DINNER",,,"SCHOLASTIC","2011","STORY BOOK","1999","ENGLISH MEDIUM",,"ESB 293",,,,"ANGELA SHELF","STORY BOOK","1999",,,"$25.00",,,,,,,,,,,,,
"THREE DAYS ON A RIVER","1981",,"HOUGHTON MIFFLIN COMPANY","2011","STORY BOOK","2000","ENGLISH MEDIUM","BOSTON","ESB 294",,,,"VERA WILLIAMS","STORY BOOK","2000",,,"$25.00",,,,,,,,,,,,,
"ATTACK OF THE ....","2006",,"SCHOLASTIC","2011","STORY BOOK","2001","ENGLISH MEDIUM",,"ESB 295",,,,"CALVIN AND HOBBES","STORY BOOK","2001",,,"$50.00",,,,,,,,,,,,,
"BASEBALL GAME","1989",,"SCHOLASTIC","2011","STORY BOOK","2003","ENGLISH MEDIUM","NEW YORK","ESB 297",,,,"ROBERT KRAUS","STORY BOOK","2003",,,"$25.00",,,,,,,,,,,,,
"SLEEPING BEAUTY","1986",,"A GOLDEN BOOK","2011","STORY BOOK","2004","ENGLISH MEDIUM","NEW YORK","ESB 298",,,,"WALT DISNEY","STORY BOOK","2004",,,"$25.00",,,,,,,,,,,,,
"POCAHONTAS","2006",,"WALT DISNEY","2011","STORY BOOK","2005","ENGLISH MEDIUM",,"ESB 299",,,,,"STORY BOOK","2005",,,"$50.00",,,,,,,,,,,,,
"I LOVE YOU BUNNIES","2007",,"DISNEY PRESS","2011","STORY BOOK","2006","ENGLISH MEDIUM","NEW YORK","ESB 300",,,,,"STORY BOOK","2006",,,"$25.00",,,,,,,,,,,,,
"PAMELAS FIRST MUSICAL","1996",,"HYPERIAN PAPERBACKS","2011","STORY BOOK","2007","ENGLISH MEDIUM","NEW YORK","ESB 301",,,,"ANDREW JACKNESS","STORY BOOK","2007",,,"$25.00",,,,,,,,,,,,,
"TOMORROW IS A BRAND","2006",,"HARVEST HOUSE","2011","STORY BOOK","2008","ENGLISH MEDIUM","OREGON","ESB 302",,,,"DEBBY BOONE","STORY BOOK","2008",,,"$25.00",,,,,,,,,,,,,
"MIXED UP MONSTERS",,,,"2011","STORY BOOK","2009","ENGLISH MEDIUM",,"ESB 303",,,,"BANANA JOE","STORY BOOK","2009",,,"$25.00",,,,,,,,,,,,,
"TAKE ME OUT OF THE BATHTUB","2001",,"MARGARET K. MCELDERRY BOOKS","2011","STORY BOOK","2010","ENGLISH MEDIUM","LONDON","ESB 304",,,,"ALAN KATZ","STORY BOOK","2010",,,"$50.00",,,,,,,,,,,,,
"MOTHER GOOSE",,,"RANDOM HOUSE","2012","STORY BOOK","2012","ENGLISH MEDIUM","USA","ESB 306",,,,"WILLIAM JOYCE","STORY BOOK","2012",,,"$25.00",,,,,,,,,,,,,
"CINDERELLA","1995",,"GROLIER","2011","STORY BOOK","2014","ENGLISH MEDIUM",,"ESB 308",,,,"WALT DISNEY","STORY BOOK","2014",,,"$50.00",,,,,,,,,,,,,
"NO ORDINARY MOUSE",,,"CANDLEWICK","2011","STORY BOOK","2015","ENGLISH MEDIUM",,"ESB 309",,,,,"STORY BOOK","2015",,,"$25.00",,,,,,,,,,,,,
"HUSBYIN A HUT","2010",,"SCHOLASTIC","2011","STORY BOOK","2017","ENGLISH MEDIUM","NEW DELHI","ESB 311",,,,"BEM M. BAGLIO","STORY BOOK","2017",,,"$50.00",,,,,,,,,,,,,
"26 FAIRMOUNT AVENUE",,,"SCHOLASTIC","2011","STORY BOOK","2018","ENGLISH MEDIUM","NEW YORK","ESB 312",,,,,"STORY BOOK","2018",,,"$25.00",,,,,,,,,,,,,
"DINOSAUR COVE","2010",,"SCHOLASTIC","2011","STORY BOOK","2020","ENGLISH MEDIUM","NEW DELHI","ESB 314",,,,"REX STONE","STORY BOOK","2020",,,"$50.00",,,,,,,,,,,,,
"SLEEPING BEAUTY","2008",,"GALLERY BOOKS","2011","STORY BOOK","2023","ENGLISH MEDIUM","NEW YORK","ESB 317",,,,,"STORY BOOK","2023",,,"$50.00",,,,,,,,,,,,,
"THE KIDS IN MS. COLMANS","2010",,"SCHOLASTIC","2011","STORY BOOK","2025","ENGLISH MEDIUM","NEW DELHI","ESB 319",,,,"ANN M MARTIN","STORY BOOK","2025",,,"$50.00",,,,,,,,,,,,,
"IF YOU GREW UP WITH GEORGE WASHINGTON",,,"SCHOLASTIC","2011","STORY BOOK","2026","ENGLISH MEDIUM",,"ESB 320",,,,"RUTH BELOV GROSS","STORY BOOK","2026",,,"$25.00",,,,,,,,,,,,,
"A BAD CASE OF STRIPES",,,"SCHOLASTIC","2011","STORY BOOK","2028","ENGLISH MEDIUM",,"ESB 322",,,,"DAVID SHANNON","STORY BOOK","2028",,,"$25.00",,,,,,,,,,,,,
"THE KIDS GUIDE TO RESEARCH","2010",,"SCHOLASTIC","2011","STORY BOOK","2029","ENGLISH MEDIUM","NEW DELHI","ESB 323",,,,"DEDORAH HEILIGMAN","STORY BOOK","2029",,,"$0.00",,,,,,,,,,,,,
"CAM JANSEN","2009",,"SCHOLASTIC","2010","STORY BOOK","2030","ENGLISH MEDIUM","NEW DELHI","ESB 325",,,,"SUSANNA WATTI","STORY BOOK","2030",,,"$50.00",,,,,,,,,,,,,
"DINOSAURS BEFORE DARK","2009",,"SCHOLASTIC","2010","STORY BOOK","2032","ENGLISH MEDIUM","NEW DELHI","ESB 326",,,,"SAL MURDOCCA","STORY BOOK","2032",,,"$50.00",,,,,,,,,,,,,
"ROOS BEST GZIFT",,,"GROLIER","2011","STORY BOOK","2033","ENGLISH MEDIUM",,"ESB 327",,,,"RONALD KIDD","STORY BOOK","2033",,,"$25.00",,,,,,,,,,,,,
"HANSON FOREVER","1998",,"SCHOLASTIC","2011","STORY BOOK","2034","ENGLISH MEDIUM","LONDON","ESB 328",,,,,"STORY BOOK","2034",,,"$25.00",,,,,,,,,,,,,
"HANSON FOREVER",,,"SCHOLASTIC","2011","STORY BOOK","2035","ENGLISH MEDIUM",,"ESB 329",,,,,"STORY BOOK","2035",,,"$25.00",,,,,,,,,,,,,
"HANSON FOREVER",,,"SCHOLASTIC","2011","STORY BOOK","2036","ENGLISH MEDIUM",,"ESB 330",,,,,"STORY BOOK","2036",,,"$25.00",,,,,,,,,,,,,
"SAM THE MINUTEMAN",,,"HARPER COLLIAM PUB INDIA","2011","STORY BOOK","2037","ENGLISH MEDIUM",,"ESB 331",,,,"NATHANIEL BENCHLEY","STORY BOOK","2037",,,"$25.00",,,,,,,,,,,,,
"THE TINY SEED","2006",,"SCHOLASTIC","2011","STORY BOOK","2039","ENGLISH MEDIUM",,"ESB 233",,,,"ERIC CARLE","STORY BOOK","2039",,,"$25.00",,,,,,,,,,,,,
"PIRATES PAST NOON","2009",,"SCHOLASTIC","2010","STORY BOOK","2040","ENGLISH MEDIUM","NEW DELHI","ESB 334",,,,"MARY POPS","STORY BOOK","2040",,,"$50.00",,,,,,,,,,,,,
"JILLIAN JIGGS AND THE GREAT BIG SNOW",,,"SCHOLASTIC","2011","STORY BOOK","2041","ENGLISH MEDIUM","CANADA","ESB 335",,,,"PHOEBE GILMAN","STORY BOOK","2041",,,"$25.00",,,,,,,,,,,,,
"GROWING TIME",,,"SANDPIPER","2011","STORY BOOK","2042","ENGLISH MEDIUM",,"ESB 336",,,,"LEONARD WEISY","STORY BOOK","2042",,,"$25.00",,,,,,,,,,,,,
"FABLES","1980",,"A HARPER TROPHY BOOK","2011","STORY BOOK","2043","ENGLISH MEDIUM","USA","ESB 337",,,,"ARNOLD LOBEL","STORY BOOK","2043",,,"$50.00",,,,,,,,,,,,,
"THE BEST INMS. ROONAJ","2009",,"A YEARLING BOOKS","2010","STORY BOOK","2045","ENGLISH MEDIUM",,"ESB 339",,,,"BLANCHE SIMS","STORY BOOK","2045",,,"$50.00",,,,,,,,,,,,,
"WINNIE THE POOHS A TO Z",,,"DISNEY","2011","STORY BOOK","2046","ENGLISH MEDIUM",,"ESB 340",,,,,"STORY BOOK","2046",,,"$25.00",,,,,,,,,,,,,
"COTTONTAIL AT CLOVER CRESCENT","1995",,"SMITHSONIANS BACKYARD","2011","STORY BOOK","2047","ENGLISH MEDIUM",,"ESB 341",,,,"ALLEN DAVIS","STORY BOOK","2047",,,"$25.00",,,,,,,,,,,,,
"JABBEREWOCKY AND OTHERS","2006",,"GOLDEN BOOK ","2011","STORY BOOK","2050","ENGLISH MEDIUM",,"ESB 344",,,,"JEAN CHANDLER","STORY BOOK","2050",,,"$25.00",,,,,,,,,,,,,
"THE CAT IN THE HAT","2003",,"RANDOM HOUSE","2011","STORY BOOK","2052","ENGLISH MEDIUM","NEW YORK","ESB 346",,,,"DR SEUSS","STORY BOOK","2052",,,"$25.00",,,,,,,,,,,,,
"PLEASE READ TH ME",,,"TROLL","2011","STORY BOOK","2053","ENGLISH MEDIUM",,"ESB 347",,,,"ELIZABETH RODGER","STORY BOOK","2053",,,"$25.00",,,,,,,,,,,,,
"PRINCE AND THE PAUPER",,,"GROLIER","2011","STORY BOOK","2055","ENGLISH MEDIUM",,"ESB 349",,,,,"STORY BOOK","2055",,,"$25.00",,,,,,,,,,,,,
"SPRINGER",,,,"2011","STORY BOOK","2058","ENGLISH MEDIUM",,"ESB 352",,,,"JEFF KALLET","STORY BOOK","2058",,,"$25.00",,,,,,,,,,,,,
"HIPPOPOTAMUS","2010",,"TRUMPET CLUB","2011","STORY BOOK","2060","ENGLISH MEDIUM",,"ESB 354",,,,"PATRICH LEWIS","STORY BOOK","2060",,,"$50.00",,,,,,,,,,,,,
"MOTHER GOOSE","2005",,"DERRYDALE ","2011","STORY BOOK","2061","ENGLISH MEDIUM","NEW YORK","ESB 393",,,,"FREDRICK RICH","STORY BOOK","2061",,,"$25.00",,,,,,,,,,,,,
"101 DALMATIANS","2006",,"GOLDEN BOOK ","2011","STORY BOOK","2062","ENGLISH MEDIUM",,"ESB 356",,,,"BILL LANGLEY","STORY BOOK","2062",,,"$25.00",,,,,,,,,,,,,
"MUPPET STORIES","2006",,"FUNK AND WAGNALS","2011","STORY BOOK","2063","ENGLISH MEDIUM",,"ESB 351",,,,,"STORY BOOK","2063",,,"$25.00",,,,,,,,,,,,,
"DINOSAURS","2010",,"A GOLDEN BOOK","2011","SCIENCE","2064","ENGLISH MEDIUM","NEW YORK","EFD 138",,,,,"SCIENCE","2064",,,"$50.00",,,,,,,,,,,,,
"MADAGASCAR",,,"SCHOLASTIC","2011","SCIENCE","2065","ENGLISH MEDIUM","NEW YORK","EFD 139",,,,"MICHAEL ANTHONY","SCIENCE","2065",,,"$25.00",,,,,,,,,,,,,
"STARS AND CONSTELLATIONS","2010",,"SCHOLASTIC","2011","SCIENCE","2066","ENGLISH MEDIUM","NEW DELHI","EFD 140",,,,"ELIZABETH BENNETH","SCIENCE","2066",,,"$50.00",,,,,,,,,,,,,
"I SPY GOLD CHALLENGER","2010",,"SCHOLASTIC","2010","SCIENCE","2067","ENGLISH MEDIUM","NEW DELHI","EFD 141",,,,,"SCIENCE","2067",,,"$50.00",,,,,,,,,,,,,
"HOMEWORK ON YOUR COMPUTER","2009",,"SCHOLASTIC","2010","SCIENCE","2068","ENGLISH MEDIUM","NEW DELHI","EFD 142",,,,"ASHA KALBAG","SCIENCE","2068",,,"$100.00",,,,,,,,,,,,,
"CLEVER KIDS","2010",,"SCHOLASTIC","2011","SCIENCE","2069","ENGLISH MEDIUM","NEW DELHI","EFD 143",,,,,"SCIENCE","2069",,,"$50.00",,,,,,,,,,,,,
"FIND OUT ABOUT MONEY",,,"SCHOLASTIC","2011","SCIENCE","2070","ENGLISH MEDIUM","NEW YORK","EFD 144",,,,"KATHY BARABAS","SCIENCE","2070",,,"$25.00",,,,,,,,,,,,,
"SPORTS JOKES",,,"SCHOLASTIC","2011","SCIENCE","2071","ENGLISH MEDIUM",,"EFD 145",,,,"KATY HALL","SCIENCE","2071",,,"$25.00",,,,,,,,,,,,,
"OWLS, BATS, WOLVES AND OTHER NOCTURNAL ANIMALS","2010",,"SCHOLASTIC","2011","SCIENCE","2072","ENGLISH MEDIUM","NEW DELHI","EFD 146",,,,"KRIS HIRSCHMANN","SCIENCE","2072",,,"$30.00",,,,,,,,,,,,,
"GOOD ENOUGH TO EAT",,,"SCHOLASTIC","2011","SCIENCE","2073","ENGLISH MEDIUM",,"EFD 147",,,,"LIZZY ROCKWELL","SCIENCE","2073",,,"$25.00",,,,,,,,,,,,,
"NATURES CHILDREN","2010",,"SCHOLASTIC INC","2011","SCIENCE","2074","ENGLISH MEDIUM","NEW DELHI","EFD 148",,,,"MEREBETH SWITZER","SCIENCE","2074",,,"$100.00",,,,,,,,,,,,,
"CYCLOPEDIA 5","2010",,"FUNK AND WAGNALS","2011","SCIENCE","2075","ENGLISH MEDIUM",,"EFD 149",,,,"CHARLIE BROWNS","SCIENCE","2075",,,"$100.00",,,,,,,,,,,,,
"CYCLOPEDIA 1","2010",,"FUNK AND WAGNALS","2011","SCIENCE","2076","ENGLISH MEDIUM",,"EFD 150",,,,"CHARLIE BROWNS","SCIENCE","2076",,,"$100.00",,,,,,,,,,,,,
"CYCLOPEDIA 7","2010",,"FUNK AND WAGNALS","2011","SCIENCE","2077","ENGLISH MEDIUM","LONDON","EFD 151",,,,"CHARLIE BROWNS","SCIENCE","2077",,,"$100.00",,,,,,,,,,,,,
"THE DAY OF THE DINOSAUR","2010",,"RANDOM HOUSE","2011","SCIENCE","2078","ENGLISH MEDIUM","DELHI","EFD 152",,,,"STAN AND JAN BERENSTAIN","SCIENCE","2078",,,"$50.00",,,,,,,,,,,,,
"1001 WONDERS OF SCIENCE","1990",,"RANDOM HOUSE","2011","SCIENCE","2079","ENGLISH MEDIUM","NEW YORK","EFD 153",,,,"BRIAN AND BRENDA WILLIAMS","SCIENCE","2079",,,"$50.00",,,,,,,,,,,,,
"PENGUINS","2010",,"SCHOLASTIC","2011","SCIENCE","2080","ENGLISH MEDIUM","NEW DELHI","EFD 154",,,,"GAIL GIBBONS","SCIENCE","2080",,,"$50.00",,,,,,,,,,,,,
"RAGING REPTILES","2006",,"INNOVATIVE","2011","STORY BOOK","2081","ENGLISH MEDIUM","USA","EFD 155",,,,"BERNARD ADNET","STORY BOOK","2081",,,"$25.00",,,,,,,,,,,,,
"MACHINES",,,"THE BOOK COMPANY","2011","SCIENCE","2082","ENGLISH MEDIUM",,"EFD 156",,,,,"SCIENCE","2082",,,"$50.00",,,,,,,,,,,,,
"THE CONSTRUCTION ALPHABET BOOK",,,"SCHOLASTIC","2011","SCIENCE","2083","ENGLISH MEDIUM",,"EFD 157",,,,"JERRY PALLOTTA","SCIENCE","2083",,,"$25.00",,,,,,,,,,,,,
"THE GREAT ANIMAL SEARCH","2010",,"SCHOLASTIC","2011","SCIENCE","2084","ENGLISH MEDIUM","NEW DELHI","EFD 158",,,,"IAN JACKSON","SCIENCE","2084",,,"$150.00",,,,,,,,,,,,,
"CAN IT RAIN","2010",,"SCHOLASTIC","2011","SCIENCE","2085","ENGLISH MEDIUM","NEW DELHI","EFD 159",,,,"MELVIN AND GILDA BERGER","SCIENCE","2085",,,"$50.00",,,,,,,,,,,,,
"HOW DO FLIES WALK UPSIDE DOWN?","2010",,"SCHOLASTIC","2010","SCIENCE","2086","ENGLISH MEDIUM","NEW DELHI","EFD 160",,,,"JIM EFFLER","SCIENCE","2086",,,"$100.00",,,,,,,,,,,,,
"FROGS","2010",,"SCHOLASTIC","2011","SCIENCE","2087","ENGLISH MEDIUM","NEW DELHI","EFD 161",,,,"ELIZABETH CARNEY","SCIENCE","2087",,,"$50.00",,,,,,,,,,,,,
"FIRST ATLAS","2010",,"SCHOLASTIC","2011","SCIENCE","2088","ENGLISH MEDIUM","NEW DELHI","EFD 162",,,,"ELIZABETH DALLAY","SCIENCE","2088",,,"$100.00",,,,,,,,,,,,,
"THE MAGIC SCHOOL BUS",,,"SCHOLASTIC","2011","SCIENCE","2089","ENGLISH MEDIUM","NEW YORK","EFD 163",,,,"BRUCE DEGEN","SCIENCE","2089",,,"$25.00",,,,,,,,,,,,,
"BUG BLAST","2010",,"INNOVATIVE","2011","SCIENCE","2090","ENGLISH MEDIUM","NEW YORK","EFD 164",,,,"OLGA LITOWINSKY","SCIENCE","2090",,,"$100.00",,,,,,,,,,,,,
"EARTH","2010",,"CHILDREN PRESS","2011","SCIENCE","2091","ENGLISH MEDIUM","CHICAGO","EFD 165",,,,"DENNIS B FRADIN","SCIENCE","2091",,,"$50.00",,,,,,,,,,,,,
"BIRDS","2010",,"LADYBIRD BOOKS","2011","SCIENCE","2092","ENGLISH MEDIUM",,"EFD 166",,,,"PHIL WEARS","SCIENCE","2092",,,"$50.00",,,,,,,,,,,,,
"STAR WARS SPACE","2010",,"LADYBIRD BOOKS","2011","SCIENCE","2093","ENGLISH MEDIUM","DELHI","EFD 67",,,,"RYDER WINDHAM","SCIENCE","2093",,,"$50.00",,,,,,,,,,,,,
"FIRST ENCYCLOPEDIA","2010",,"KINGFISHER","2011","SCIENCE","2094","ENGLISH MEDIUM","NEW YORK","EFD 168",,,,,"SCIENCE","2094",,,"$100.00",,,,,,,,,,,,,
"CYCLOPEDIA 6","2010",,"FUNK AND WAGNALS","2011","SCIENCE","2095","ENGLISH MEDIUM","NEW YORK","EFD 169",,,,"CHARLIE BROWNS","SCIENCE","2095",,,"$150.00",,,,,,,,,,,,,
"THE BIRTH OF A WHALE","2010",,"SILVER PRESS","2011","SCIENCE","2096","ENGLISH MEDIUM","NEW JERSEY","EFD 170",,,,"JOHN ARCHAMBAULT","SCIENCE","2096",,,"$100.00",,,,,,,,,,,,,
"EVERYTHING CAT",,,"NORTHWORD PRESS","2011","SCIENCE","2097","ENGLISH MEDIUM",,"EFD 171",,,,"MARTY CRISP","SCIENCE","2097",,,"$50.00",,,,,,,,,,,,,
"SEASHORE STICKER BOOK",,,"USBORNE BOOK","2011","SCIENCE","2098","ENGLISH MEDIUM",,"EFD 172",,,,"LISA MILES","SCIENCE","2098",,,"$25.00",,,,,,,,,,,,,
"CYCLOPEDIA 2","2009",,"FUNK AND WAGNALS","2011","SCIENCE","2099","ENGLISH MEDIUM","LONDON","EFD 173",,,,"CHARLIE BROWNS","SCIENCE","2099",,,"$50.00",,,,,,,,,,,,,
"SPIDERMAN 3","2010",,"HARPER COLLIAM PUB INDIA","2011","SCIENCE","2100","ENGLISH MEDIUM","LONDON","EFD 176",,,,,"SCIENCE","2100",,,"$50.00",,,,,,,,,,,,,
"UNITED STATES 2",,,,"2011","SCIENCE","2101","ENGLISH MEDIUM",,"EFD 174",,,,,"SCIENCE","2101",,,"$25.00",,,,,,,,,,,,,
"FERRET","2010",,"WEIGL PUBLISHERS INC.","2011","SCIENCE","2102","ENGLISH MEDIUM","NEW YORK","EFD 176",,,,"LYNN HAMITON","SCIENCE","2102",,,"$50.00",,,,,,,,,,,,,
"EXPLORING THE WORLD",,,"GARETH STEVENS ","2011","SCIENCE","2103","ENGLISH MEDIUM",,"EFD 177",,,,"JULIE BROWN","SCIENCE","2103",,,"$50.00",,,,,,,,,,,,,
"WOODS WALK",,,"STORY KIDS","2011","SCIENCE","2104","ENGLISH MEDIUM",,"EFD 178",,,,"HENRY W. ART","SCIENCE","2104",,,"$50.00",,,,,,,,,,,,,
"SEALS",,,"MCCLANAHAN","2011","SCIENCE","2105","ENGLISH MEDIUM",,"EFD 179",,,,"GREG HARRIES","SCIENCE","2105",,,"$25.00",,,,,,,,,,,,,
"WILD ANIMALS","2010",,"MCCLANAHAN","2011","SCIENCE","2106","ENGLISH MEDIUM",,"EFD 180",,,,,"SCIENCE","2106",,,"$50.00",,,,,,,,,,,,,
"THINGS TO DO AFTER SCHOOL",,,"LOWELL HOUSE","2011","SCIENCE","2107","ENGLISH MEDIUM","USA","EFD 181",,,,"ERIC ANGELOCH","SCIENCE","2107",,,"$50.00",,,,,,,,,,,,,
"LIVING THINGS",,,"SMITHMARK","2011","SCIENCE","2108","ENGLISH MEDIUM",,"EFD 182",,,,"DAVID ANSLEY","SCIENCE","2108",,,"$50.00",,,,,,,,,,,,,
"SLIMY AND SCALY",,,"PARAGON","2011","SCIENCE","2109","ENGLISH MEDIUM",,"EFD 183",,,,"SUSAN BEHAR","SCIENCE","2109",,,"$25.00",,,,,,,,,,,,,
"ARICAS ANIMAL GIANTS","2009",,"NATIONAL GEOGRAPHIC SOCIETY","2011","SCIENCE","2110","ENGLISH MEDIUM",,"EFD 184",,,,,"SCIENCE","2110",,,"$100.00",,,,,,,,,,,,,
"THE LLILTTLE RABBIT",,,"RANDOM HOUSE","2011","SCIENCE","2111","ENGLISH MEDIUM",,"EFD 185",,,,,"SCIENCE","2111",,,"$25.00",,,,,,,,,,,,,
"ALBERT EINSTEIN","2010",,"ALADDIN PAPERBACKS","2011","SCIENCE","2112","ENGLISH MEDIUM","NEW YORK","EFD 186",,,,"PATRICIA LAKIN","SCIENCE","2112",,,"$50.00",,,,,,,,,,,,,
"VOLCANOES","2010",,"CRABTREE PUBLISHING COMPANY ","2011","SCIENCE","2113","ENGLISH MEDIUM","USA","EFD 187",,,,"NEIL MORRIS","SCIENCE","2113",,,"$50.00",,,,,,,,,,,,,
"INVENTION EXPLAINED","2010",,"EYEWITNESS BOOKS","2011","SCIENCE","2114","ENGLISH MEDIUM",,"EFD 188",,,,"RICHARD PLATT","SCIENCE","2114",,,"$0.00",,,,,,,,,,,,,
"SHARK","2010",,"EYEWITNESS BOOKS","2011","SCIENCE","2115","ENGLISH MEDIUM","NEW YORK","EFD 189",,,,"MIRANDA","SCIENCE","2115",,,"$150.00",,,,,,,,,,,,,
"DINOSAURS","2010",,"FLYERS ANIMALS","2011","SCIENCE","2116","ENGLISH MEDIUM",,"EFD 190",,,,"JOHN COOPER","SCIENCE","2116",,,"$50.00",,,,,,,,,,,,,
"BIG BLUE OCEAN",,,"HYPERION BOOKS FOR CHILDREN","2011","SCIENCE","2117","ENGLISH MEDIUM","NEW YORK","EFD 191",,,,"LAN G. SAUNDERS","SCIENCE","2117",,,"$25.00",,,,,,,,,,,,,
"DINOSAUR BABIES","2010",,"RANDOM HOUSE","2011","SCIENCE","2118","ENGLISH MEDIUM",,"EFD 192",,,,"LUCILLE RECHT PENNER","SCIENCE","2118",,,"$50.00",,,,,,,,,,,,,
"SEASHORE PLANTS",,,"HEINEMANN","2011","SCIENCE","2119","ENGLISH MEDIUM",,"EFD 193",,,,"ERNESTINE GIESECKE","SCIENCE","2119",,,"$50.00",,,,,,,,,,,,,
"DINOSAURS",,,"WATERMILL PRESS","2011","SCIENCE","2120","ENGLISH MEDIUM",,"EFD 194",,,,"MICHAEL LAPLACA","SCIENCE","2120",,,"$25.00",,,,,,,,,,,,,
"SIMPLE SCIENCE EXPERIMENTS",,,,"2011","SCIENCE","2121","EMGLISH MEDIUM",,"EFD 195",,,,,"SCIENCE","2121",,,"$50.00",,,,,,,,,,,,,
"PARROT","2010",,"STECK VAUGHN","2011","SCIENCE","2122","ENGLISH MEDIUM",,"EFD 196",,,,"VINCENT SERVENTLY","SCIENCE","2122",,,"$50.00",,,,,,,,,,,,,
"WHALES","2010",,"HIGHLIGHTS","2011","SCIENCE","2123","ENGLISH MEDIUM","LONDON","EFD 197",,,,"JINNY JOHNSON","SCIENCE","2123",,,"$50.00",,,,,,,,,,,,,
"PLANET EARTH","2010",,"RSVP","2011","SCIENCE","2124","ENGLISH MEDIUM","TEXAS","EFD 198",,,,"JONNE JESSOP","SCIENCE","2124",,,"$100.00",,,,,,,,,,,,,
"EXOTIC RAINFORESTS","2010",,"GOLDEN BOOK ","2011","SCIENCE","2125","ENGLISH MEDIUM","NEW YORK","EFD 199",,,,"ANITA GANERI","SCIENCE","2125",,,"$150.00",,,,,,,,,,,,,
"A COLOUR OF HIS OWN","2010",,"SCHOLASTIC","2011","STORY BOOK","2127","ENGLISH MEDIUM","NEW DELHI","ESB 359",,,,"LEO LIONNI","STORY BOOK","2127",,,"$50.00",,,,,,,,,,,,,
"MOOSES LOOSE TOOTH",,,"SCHOLASTIC","2011","STORY BOOK","2128","ENGLISH MEDIUM",,"ESB 360",,,,"JACQUELINE A. CLARKE","STORY BOOK","2128",,,"$25.00",,,,,,,,,,,,,
"ANOTHER MONSTER","1996",,"A GOLDEN BOOK","2004","STORY BOOK","2132","ENGLISH MEDIUM","NEW YORK","ESB 364",,,,"MICHAEL SMOLLIN","STORY BOOK","2132",,,"$25.00",,,,,,,,,,,,,
"THE FOUR SEASONS",,,"A SESAME STREET","2011","STORY BOOK","2133","ENGLISH MEDIUM","USA","ESB 365",,,,"TOM COOKE","STORY BOOK","2133",,,"$25.00",,,,,,,,,,,,,
"ALADDIN ",,,"GOLDEN BOOK ","2011","STORY BOOK","2134","ENGLISH MEDIUM","LONDON","ESB 366",,,,,"STORY BOOK","2134",,,"$25.00",,,,,,,,,,,,,
"LITTLE GOLDEN PICTURE DICTIONARY",,,"A GOLDEN BOOK","2011","STORY BOOK","2135","ENGLISH MEDIUM",,"ESB 367",,,,"DIANE MULDROW","STORY BOOK","2135",,,"$25.00",,,,,,,,,,,,,
"WAVE HELLO TO THOMAS",,,"RANDOM HOUSE","2011","STORY BOOK","2136","ENGLISH MEDIUM",,"ESB 368",,,,"OWAIN BELL","STORY BOOK","2136",,,"$25.00",,,,,,,,,,,,,
"BOB THE BUILDER","2010",,"DISNEY","2011","STORY BOOK","2137","ENGLISH MEDIUM","CHINA","ESB 369",,,,,"STORY BOOK","2137",,,"$25.00",,,,,,,,,,,,,
"BAMBI","2000",,"GROLIER","2011","STORY BOOK","2138","ENGLISH MEDIUM","USA","ESB 370",,,,"DISNEY ARISTOCAT","STORY BOOK","2138",,,"$50.00",,,,,,,,,,,,,
"BEDTIME PRAYER","2002",,"INTERNATIONAL","2011","STORY BOOK","2139","ENGLISH MEDIUM","CHINA","ESB 371",,,,,"STORY BOOK","2139",,,"$25.00",,,,,,,,,,,,,
"MR. BROWN MOO",,,,"2011","STORY BOOK","2140","ENGLISH MEDIUM",,"ESB 372",,,,"DR. SEUESS","STORY BOOK","2140",,,"$25.00",,,,,,,,,,,,,
"POME AND PEEL","1999",,"DIAL BOOKS","2011","STORY BOOK","2141","ENGLISH MEDIUM","NEW YORK","ESB 373",,,,"AMY EHRLICH","STORY BOOK","2141",,,"$25.00",,,,,,,,,,,,,
"DOGTEAM",,,"DRAGONFLY BOOKS","2011","STORY BOOK","2142","ENGLISH MEDIUM","NEW YORK","ESB 374",,,,"RUTH WRIGHT PAULSEN","STORY BOOK","2142",,,"$25.00",,,,,,,,,,,,,
"THE BIG MITTEN",,,,"2011","STORY BOOK","2143","ENGLISH MEDIUM",,"ESB 375",,,,"MADGE TOVEY","STORY BOOK","2143",,,"$25.00",,,,,,,,,,,,,
"MOTHER GOOSE RHYMES","2008",,"AM","2011","STORY BOOK","2144","ENGLISH MEDIUM",,"ESB 376",,,,"ROBYN OFFICER","STORY BOOK","2144",,,"$25.00",,,,,,,,,,,,,
"THE EARLY BIRD",,,,"2011","STORY BOOK","2145","ENGLISH MEDIUM",,"ESB 377",,,,"RICHARD SCARRY","STORY BOOK","2145",,,"$25.00",,,,,,,,,,,,,
"WINNIE THE POOH AND SOME BEES",,,"PUFFIN BOOKS","2011","STORY BOOK","2146","ENGLISH MEDIUM",,"ESB 378",,,,"A.A.MILNE","STORY BOOK","2146",,,"$25.00",,,,,,,,,,,,,
"MINNIES SLEEP-OVER","2005",,"BEST FRIENDS","2011","STORY BOOK","2147","ENGLISH MEDIUM",,"ESB 379",,,,,"STORY BOOK","2147",,,"$25.00",,,,,,,,,,,,,
"BLUES BEDTIME",,,"ADVANCE","2011","STORY BOOK","2148","ENGLISH MEDIUM",,"ESB 380",,,,,"STORY BOOK","2148",,,"$25.00",,,,,,,,,,,,,
"JUST SHOPPING WITH MOM","1989",,"A GOLDEN BOOK","2011","STORY BOOK","2149","ENGLISH MEDIUM","NEW YORK","ESB 381",,,,"MERCER MAYER","STORY BOOK","2149",,,"$25.00",,,,,,,,,,,,,
"BARBIE","2005",,"GROLIER","2011","STORY BOOK","2150","ENGLISH MEDIUM",,"ESB 382",,,,,"STORY BOOK","2150",,,"$25.00",,,,,,,,,,,,,
"JUNGLE ABC","2003",,"BOOK STUEIO","2011","STORY BOOK","2152","ENGLISH MEDIUM","CHINA","ESB 383",,,,,"STORY BOOK","2152",,,"$25.00",,,,,,,,,,,,,
"MY FIRST FARM","2003",,"D.K.PUBLISHING","2011","STORY BOOK","2154","ENGLISH MEDIUM","NEW YORK","ESB 386",,,,,"STORY BOOK","2154",,,"$25.00",,,,,,,,,,,,,
"GUESS HOW MUCH","2008",,"CANDLEWICK","2011","STORY BOOK","2155","ENGLISH MEDIUM",,"ESB 387",,,,"ANITA JERAM","STORY BOOK","2155",,,"$25.00",,,,,,,,,,,,,
"BUTTERWINGS","1995",,"PRICE STERN SLOAN","2011","STORY BOOK","2157","ENGLISH MEDIUM","LOS ANGELS","ESB 389",,,,"ROBIN JAMES","STORY BOOK","2157",,,"$50.00",,,,,,,,,,,,,
"BABY EINSTEIN",,,"HYPERION","2011","STORY BOOK","2158","ENGLISH MEDIUM","NEW YORK","ESB 390",,,,,"STORY BOOK","2158",,,"$25.00",,,,,,,,,,,,,
"WHO SAID THAT","2004",,"PLAYMORE & WOLDMAN","2011","STORY BOOK","2159","ENGLISH MEDIUM","CHINA","ESB 391",,,,,"STORY BOOK","2159",,,"$25.00",,,,,,,,,,,,,
"TOMMY AND CHUCKIE",,,"SIMON SPOTLIGHT ","2011","STORY BOOK","2160","ENGLISH MEDIUM","NEW YORK","ESB 392",,,,"PETER PANAS","STORY BOOK","2160",,,"$25.00",,,,,,,,,,,,,
"ANGELINA DANCES",,,"LADYBIRD BOOKS","2011","STORY BOOK","2161","ENGLISH MEDIUM",,"ESB 393",,,,,"STORY BOOK","2161",,,"$25.00",,,,,,,,,,,,,
"IF YOU GIVE A MOUSE A COOKIE",,,,"2011","STORY BOOK","2162","ENGLISH MEDIUM",,"ESB 394",,,,,"STORY BOOK","2162",,,"$25.00",,,,,,,,,,,,,
"FIVE LITTLE DUCKS","2006",,"SCHOLASTIC","2011","STORY BOOK","2165","ENGLISH MEDIUM","NEW YORK","ESB 397",,,,"IVAN BATES","STORY BOOK","2165",,,"$25.00",,,,,,,,,,,,,
"ITCHY ITCHY CHICKEN POX",,,"SCHOLASTIC","2011","STORY BOOK","2166","ENGLISH MEDIUM","NEW YORK","ESB 398",,,,,"STORY BOOK","2166",,,"$25.00",,,,,,,,,,,,,
"JAKE BAKED THE CAKE",,,"SCHOLASTIC","2011","STORY BOOK","2167","ENGLISH MEDIUM",,"ESB 399",,,,"B.G.HENNESSY","STORY BOOK","2167",,,"$25.00",,,,,,,,,,,,,
"TAKE ME OUT OF THE BATHTUB",,,"SCHOLASTIC","2011","STORY BOOK","2169","ENGLISH MEDIUM","NEW YORK","ESB 341",,,,,"STORY BOOK","2169",,,"$25.00",,,,,,,,,,,,,
"POEMS AND PRAYERS",,,"RANDOM HOUSE","2011","STORY BOOK","2170","ENGLISH MEDIUM","NEW YORK","ESB 402",,,,"MARTHA ALEXANDER","STORY BOOK","2170",,,"$25.00",,,,,,,,,,,,,
"WHAT DO YOU SAY",,,"MANKATO","2011","STORY BOOK","2171","ENGLISH MEDIUM","MINNESOTA","ESB 403",,,,"JANE BELK","STORY BOOK","2171",,,"$25.00",,,,,,,,,,,,,
"MY PRETTY KITTEN","2008",,"PLAYMORE & WOLDMAN","2011","STORY BOOK","2173","ENGLISH MEDIUM",,"ESB 465",,,,,"STORY BOOK","2173",,,"$25.00",,,,,,,,,,,,,
"SPRING PEEPS","2008",,"LITTLE SIMON","2011","STORY BOOK","2174","ENGLISH MEDIUM","NEW YORK","ESB 406",,,,"SALINA YON","STORY BOOK","2174",,,"$25.00",,,,,,,,,,,,,
"POOHS EARLY TO BED","2008",,"RANDOM HOUSE","2011","STORY BOOK","2175","ENGLISH MEDIUM","NEW DELHI","ESB 407",,,,,"STORY BOOK","2175",,,"$25.00",,,,,,,,,,,,,
"I AM DIFFERENT",,,,"2011","STORY BOOK","2177","ENGLISH MEDIUM",,"ESB 409",,,,"MANJULA PADMANABHAN","STORY BOOK","2177",,,"$25.00",,,,,,,,,,,,,
"A TRAIL",,,"RANDOM HOUSE","2011","STORY BOOK","2178","ENGLISH MEDIUM","NEW YORK","ESB 410",,,,"STAN AND JAN BERENSTAIN","STORY BOOK","2178",,,"$25.00",,,,,,,,,,,,,
"BOB THE BUILDER","2008",,"SIMON SPOTLIGHT","2011","STORY BOOK","2179","ENGLISH MEDIUM","NEW YORK","ESB 411",,,,,"STORY BOOK","2179",,,"$25.00",,,,,,,,,,,,,
"GOOD OOG ROVER","2010",,"SIMON SPOTLIGHT","2011","STORY BOOK","2180","ENGLISH MEDIUM",,"ESB 412",,,,,"STORY BOOK","2180",,,"$50.00",,,,,,,,,,,,,
"FUN BOOKS","2010",,,"2011","STORY BOOK","2181","ENGLISH MEDIUM",,"ESB 413",,,,"CASEY LUKATY","STORY BOOK","2181",,,"$50.00",,,,,,,,,,,,,
"CAN YOU TELL ME HOW TO GET TO SESAME STREET ?","2006",,"HUDSON RANDOM","2011","STORY BOOK","2182","ENGLISH MEDIUM",,"ESB 414",,,,"JOE MATHIEW","STORY BOOK","2182",,,"$25.00",,,,,,,,,,,,,
"THE CAT IN THE HAT",,,"RANDOM HOUSE","2011","STORY BOOK","2183","ENGLISH MEDIUM","LONDON","ESB 415",,,,"DR. SEUESS","STORY BOOK","2183",,,"$25.00",,,,,,,,,,,,,
"POPPY CAT","2010",,"PLAYMORE & WOLDMAN","2011","STORY BOOK","2185","ENGLISH MEDIUM",,"ESB 417",,,,"LARA JONES","STORY BOOK","2185",,,"$25.00",,,,,,,,,,,,,
"RUBBER CHICKEN","2008",,"CAMPBELL","2011","STORY BOOK","2186","ENGLISH MEDIUM","LONDON","ESB 418",,,,"LOU BROOKS","STORY BOOK","2186",,,"$25.00",,,,,,,,,,,,,
"GOOD NIGHT GOZ",,,"FRANCES LINCOLN","2011","STORY BOOK","2187","ENGLISH MEDIUM",,"ESB 419",,,,"STEVE WEATHER","STORY BOOK","2187",,,"$25.00",,,,,,,,,,,,,
"HELPING YOUR CHILD","2010",,"D.C.HEALTH","2011","STORY BOOK","2188","ENGLISH MEDIUM",,"EK 257",,,,"DARLENE MARIE","STORY BOOK","2188",,,"$50.00",,,,,,,,,,,,,
"SIGN LANGUAGE",,,"RANDOM HOUSE","2011","STORY BOOK","2189","ENGLISH MEDIUM",,"EK 258",,,,,"STORY BOOK","2189",,,"$25.00",,,,,,,,,,,,,
"I AM A BIG BROTHER",,,,"2011","GK","2190","ENGLISH MEDIUM",,"EK 259",,,,"MAXIE CHAMBLISS","GK","2190",,,"$25.00",,,,,,,,,,,,,
"DOGS AND CATS",,,"SCHOLASTIC","2011","GK","2191","ENGLISH MEDIUM",,"EK 260",,,,"JOSE MARIA","GK","2191",,,"$25.00",,,,,,,,,,,,,
"PYRAMIDS","2010",,"SCHOLASTIC","2011","GK","2192","ENGLISH MEDIUM","NEW DELHI","EK 261",,,,"PHILIPPE BIARD","GK","2192",,,"$100.00",,,,,,,,,,,,,
"INTERNET","2010",,"SCHOLASTIC","2011","GK","2193","ENGLISH MEDIUM","NEW DELHI","EK 262",,,,"DONALD GRANT","GK","2193",,,"$100.00",,,,,,,,,,,,,
"ALL ABOUT TIME","2010",,"SCHOLASTIC","2011","GK","2194","ENGLISH MEDIUM","NEW DELHI","EK 263",,,,"CELINE BOUR CHOLLET","GK","2194",,,"$100.00",,,,,,,,,,,,,
"SHARK TALE","2010",,"SCHOLASTIC","2011","GK","2195","ENGLISH MEDIUM","NEW DELHI","EK 264",,,,"GAIL HERMAN","GK","2195",,,"$50.00",,,,,,,,,,,,,
"WEST DIRGINIA","2010",,"HIGHLIGHTS","2011","GK","2196","ENGLISH MEDIUM",,"EK 265",,,,,"GK","2196",,,"$50.00",,,,,,,,,,,,,
"PUZZLEMANIA","2010",,"HIGHLIGHTS","2011","GK","2197","ENGLISH MEDIUM",,"EK 266",,,,,"GK","2197",,,"$50.00",,,,,,,,,,,,,
"PUZZLEMANIA","2010",,"HIGHLIGHTS","2011","GK","2199","ENGLISH MEDIUM",,"EK 268",,,,,"GK","2199",,,"$50.00",,,,,,,,,,,,,
"MATHMANIA","2010",,"HIGHLIGHTS","2011","GK","2200","ENGLISH MEDIUM",,"EK 269",,,,,"GK","2200",,,"$50.00",,,,,,,,,,,,,
"ALABAMA PUZZLE BOOK",,,"HIGHLIGHTS","2011","CHILDREN LITERATURE","2201","ENGLISH MEDIUM","UK","ESB 270",,,,,"CHILDREN LITERATURE","2201",,,"$25.00",,,,,,,,,,,,,
"THE SQUIRRELS","2002",,"COLLLINS","2012","GK","2202","ENGLISH MEDIUM",,"EK 271",,,,"NICK BUTTERWORTH","GK","2202",,,"$50.00",,,,,,,,,,,,,
"THE LITTLE GOAT","2010",,"RANDOM HOUSE","2011","GK","2203","ENGLISH MEDIUM","DELHI","EK 272",,,,,"GK","2203",,,"$50.00",,,,,,,,,,,,,
"ZOO ANIMAL","2008",,"D.K.PUBLISHING","2011","GK","2204","ENGLISH MEDIUM",,"EK 273",,,,,"GK","2204",,,"$25.00",,,,,,,,,,,,,
"AIR TRAVEL GAMES","2010",,"EDC","2011","GK","2205","ENGLISH MEDIUM",,"EK 274",,,,"KIM BLUDELL","GK","2205",,,"$50.00",,,,,,,,,,,,,
"THE BISON AND THE PEOPLE ","2010",,"HARCOURT","2011","GK","2206","ENGLISH MEDIUM",,"EK 275",,,,"LANE DEYONT","GK","2206",,,"$50.00",,,,,,,,,,,,,
"DAUGHTER MY FRIEND","2010",,"DEVINE PUBLICATIONS","2011","NOVEL","2208","ENGLISH MEDIUM","AHAMEDABAD","EA 103",,,,"NILAM DOSHI","NOVEL","2208",,,"$175.00",,,,,,,,,,,,,
"THE HARDY BOYS","2009",,"ALADDIN PAPERBACKS","2011","NOVELS","2209","ENGLISH MEDIUM","NEW YORK","EA 104",,,,"FRANKLIN DIXON","NOVELS","2209",,,"$130.00",,,,,,,,,,,,,
"HARDY BOYS FEEDING FRENZY","2010",,"ALLADIN PAPERBACKS","2011","NOVEL","2210","ENGLISH MEDIUM","NEW DELHI","EA 105",,,,"FRANKLIN DIXON","NOVEL","2210",,,"$130.00",,,,,,,,,,,,,
"SCHOOL DAYS",,,"RUPA CO;","2011","NOVEL","2211","ENGLISH MEDIUM",,"EA 106",,,,"RUSKIN BOND","NOVEL","2211",,,"$95.00",,,,,,,,,,,,,
"MYSTERY OF STRABGE MESSAGES","2010",,"EGMONT","2011","NOVEL","2212","ENGLISH MEDIUM","LONDON","EA 107",,,,"ENID BLYTON","NOVEL","2212",,,"$135.00",,,,,,,,,,,,,
"SECRET SEVEN","2010",,"HODDER CHILDRENS BOOK","2011","NOVEL","2213","ENGLISH MEDIUM",,"EA 108",,,,"ENID BLYTON","NOVEL","2213",,,"$75.00",,,,,,,,,,,,,
"MYSTERY OF DISAPPEARING","2010",,"EGMONT","2011","NOVEL","2214","ENGLISH MEDIUM","LONDON","EA 109",,,,"ENID BLYTON","NOVEL","2214",,,"$170.00",,,,,,,,,,,,,
"FAMOUS FIVE","2009",,"HODDER AND STOUGHTON","2011","NOVEL","2215","ENGLISH MEDIUM","BANGALORE","EA 110",,,,"ENID BLYTON","NOVEL","2215",,,"$115.00",,,,,,,,,,,,,
"101 GREAT CAREERS","2010",,"EDUCATION WORLD BOOKS","2011","EDUCATION","2216","ENGLISH MEDIUM","BANGALORE","EED 43",,,,"INDRA GIDWANI","EDUCATION","2216",,,"$500.00",,,,,,,,,,,,,
"SPEEDPOST","1999",,"PENGUIN BOOKS","2012","NOVEL","2217","ENGLISH MEDIUM","NEW DELHI","EA 76",,,,"SHOBHA DE","NOVEL","2217",,,"$350.00",,,,,,,,,,,,,
"SHERLOCK HOLMES VOL 2","1986",,"BANTAM CLASSIC","2012","NOVEL","2218","ENGLISH MEDIUM","LONDON","EA 77",,,,"SIR ARTHUR CONAN DOYLE","NOVEL","2218",,,"$299.00",,,,,,,,,,,,,
"HARRY POTTER AND THE PRISONER OF AZKABAN","2000",,"BLOOMSBURY","2012","NOVEL","2219","ENGLISH MEDIUM","LONDON","EA 78",,,,"J.K.ROWLING","NOVEL","2219",,,"$399.00",,,,,,,,,,,,,
"THE GOD OF SMALL THINGS","2002",,"PENGUIN BOOKS","2012","NOVEL","2220","ENGLISH MEDIUM","NEW DELHI","EA 79",,,,"ARUNDHATI ROY","NOVEL","2220",,,"$399.00",,,,,,,,,,,,,
"A SUITABLE BOY","2005",,"PENGUIN BOOKS","2012","NOVEL","2221","ENGLISH MEDIUM","NEW DELHI","EA 80",,,,"VIKRAM SETH","NOVEL","2221",,,"$750.00",,,,,,,,,,,,,
"SHERLOCK HOLMES THE COMPLETE NOVEL VOL 1","2000",,"BANTAM CLASSIC","2012","NOVEL","2222","ENGLISH MEDIUM","LONDON","EA 81",,,,"SIR ARTHUR CONAN DOYLE","NOVEL","2222",,,"$299.00",,,,,,,,,,,,,
"HARD TIMES","2004",,"BANTAM BOOKS","2012","NOVEL","2223","ENGLISH MEDIUM","LONDON","EA 120",,,,"CHARLES DICKENS","NOVEL","2223",,,"$299.00",,,,,,,,,,,,,
"THE GOOD EARTH","2005",,"POCKET BOOK","2012","NOVEL","2224","ENGLISH MEDIUM","LONDON","EA 121",,,,"PEARL S. BUCK","NOVEL","2224",,,"$250.00",,,,,,,,,,,,,
"A PASSAGE TO INDIA","2005",,"PENGUIN CLASSIC","2012","NOVEL","2225","ENGLISH MEDIUM","NEW DELHI","EA 122",,,,"E.M.FORSTER","NOVEL","2225",,,"$250.00",,,,,,,,,,,,,
"LORD OF THE FLIES","200",,"FABER AND FABER","2012","NOVEL","2226","ENGLISH MEDIUM","LONDON","EA 123",,,,"WILLIAM GOLDING","NOVEL","2226",,,"$299.00",,,,,,,,,,,,,
"MY FAMILY AND OTHER ANIMALS","2006",,"PUFFIN BOOKS","2012","NOVEL","2227","ENGLISH MEDIUM","LONDON","EA 124",,,,"GERALD DURRELL","NOVEL","2227",,,"$295.00",,,,,,,,,,,,,
"GOLD COMES IN BRICKS","2005",,"MASTER MIND BOOKS","2012","NOVEL","2228","ENGLISH MEDIUM","NEW DELHI","EA 125",,,,"A.A.FAIR","NOVEL","2228",,,"$75.00",,,,,,,,,,,,,
"DOUBLE OR QUITS","2005",,"MASTER MIND BOOKS","2012","NOVEL","2229","ENGLISH MEDIUM","NEW DELHI","EA 126",,,,"A.A.FAIR","NOVEL","2229",,,"$75.00",,,,,,,,,,,,,
"BEWARE THE CURVES","2005",,"MASTER MIND BOOKS INDIA","2012","NOVEL","2230","ENGLISH MEDIUM","NEW DELHI","EA 127",,,,"A.A.FAIR","NOVEL","2230",,,"$75.00",,,,,,,,,,,,,
"OWL,S DONT BLINK","2010",,"MASTER MIND BOOKS","2012","NOVEL","2231","ENGLISH MEDIUM","BANGALORE","EA 128",,,,"A.A.FAIR","NOVEL","2231",,,"$75.00",,,,,,,,,,,,,
"UP FOR GRABS","2008",,"MASTER MIND BOOKS","2012","NOVEL","2232","ENGLISH MEDIUM","NEW DELHI","EA 129",,,,"A.A.FAIR","NOVEL","2232",,,"$75.00",,,,,,,,,,,,,
"TOP OF THE HEAP","2005",,"MASTER MIND BOOKS","2012","NOVEL","2233","ENGLISH MEDIUM","NEW DELHI","EA 130",,,,"A.A.FAIR","NOVEL","2233",,,"$75.00",,,,,,,,,,,,,
"TURN ON THE HEAT","2005",,"MASTER MIND BOOKS","2012","NOVEL","2234","ENGLISH MEDIUM","NEW DELHI","EA 131",,,,"A.A.FAIR","NOVEL","2234",,,"$75.00",,,,,,,,,,,,,
"WORLD FAMOUS ADVENTURE STORIES","2012",,"MANOJ PUBLICATION","2012","STORY BOOK","2235","ENG MED","DELHI","ESB 479",,,,"IGEN B","STORY BOOK","2235",,,"$80.00",,,,,,,,,,,,,
"SELECTED STORIES FROM THE HOLY BIBLE","2012",,"MANOJ PUBLICATION","2012","STORY BOOK","2236","ENG MED","DELHI","ESB 480",,,,"KUNWAR ANIL KUMAR","STORY BOOK","2236",,,"$80.00",,,,,,,,,,,,,
"THE BEST STORIES FOR CHILDREN","2012",,"MANOJ PUBLICATION","2012","NOVEL","2237","ENG MED","DELHI","EA 481",,,,"IGEN B","NOVEL","2237",,,"$80.00",,,,,,,,,,,,,
"MY FAV FAIRY TALES","2010",,"SHANTI PUBLI","2012","STORY BOOK","2238","ENGLISH MEDIUM","NEW DELHI","ESB 474",,,,,"STORY BOOK","2238",,,"$135.00",,,,,,,,,,,,,
"RAMAYANA HINDI","2012",,"SHANTI PUBLI","2012","STORY BOOK","2239","ENG MED","DELHI","EI 16",,,,,"STORY BOOK","2239",,,"$180.00",,,,,,,,,,,,,
"PARI KATHAYNE","2012",,"SHANTI PUBLI","2012","STORY BOOK","2240","ENG MED","DELHI","ESB 478",,,,,"STORY BOOK","2240",,,"$125.00",,,,,,,,,,,,,
"HITOPDESH","2012",,"MANOJ PUBLICATION","2012","STORY BOOK","2241","ENG MED","DELHI","ESB 476",,,,"KUNWAR ANIL KUMAR","STORY BOOK","2241",,,"$50.00",,,,,,,,,,,,,
"FAMOUS STORIES OF AKBAR BIRBAL","2012",,"SHANTI PUBLI","2012","STORY BOOK","2242","ENG MED","DELHI","ESB 477",,,,,"STORY BOOK","2242",,,"$125.00",,,,,,,,,,,,,
"FAMOUS STORIES FROM PANCHANTANTRA","2012",,"SHANTI PUBLI","2012","STORY BOOK","2243","ENG MED","DELHI","ESB 482",,,,,"STORY BOOK","2243",,,"$125.00",,,,,,,,,,,,,
"MAHABHARAT HINDI","2012",,"SHANTI PUBLI","2012","STORY BOOK","2244","ENG MED","DELHI","EI 18",,,,,"STORY BOOK","2244",,,"$180.00",,,,,,,,,,,,,
"MAHABHARATA (ENGLISH)","2012",,"MANOJ PUBLICATION","2012","STORY BOOK","2245","ENG MED","80","EI 17",,,,"IGEN B","STORY BOOK","2245",,,"$80.00",,,,,,,,,,,,,
"FAMOUS JUNGLE STORIES","2012",,"MANOJ PUBLICATION","2012","STORY BOOK","2246","ENG MED","DELHI","ESB 475",,,,"GANGA PRASAD SHARMA","STORY BOOK","2246",,,"$80.00",,,,,,,,,,,,,
"MURDER IN MESOPOTAMIA","2000",,"HARPER COLLIAM PUB INDIA","2012","NOVEL","2247","ENG. MED","NOIDA","EA 132",,,,"AGATHA CHRISTIE","NOVEL","2247",,,"$175.00",,,,,,,,,,,,,
"THE LABOURS OF HERCULES","2008",,"HARPER","2012","NOVEL","2248","ENG MED","NOIDA","EA 136",,,,"AGATHA CHRISTIE","NOVEL","2248",,,"$175.00",,,,,,,,,,,,,
"HARRY POTTER AND THE HALF BLOOD PRINCE","2005",,"BLOOMSBURY","2012","NOVEL","2249","ENG MED","LONDON","EA 133",,,,"J.K.ROWLING","NOVEL","2249",,,"$299.00",,,,,,,,,,,,,
"FAMOUS FIVE FIVE GO TO TMYSTERY MOOR","2004",,"HODDER CHILDRENS BOOK","2012","NOVEL","2250","ENG MED","2004","EA 134",,,,"ENID BLYTON","NOVEL","2250",,,"$125.00",,,,,,,,,,,,,
"FAMOUS FIVE FIVE GET INTO TROUBLE","2004",,"HODDER CHILDRENS BOOK","2012","NOVEL","2251","ENG MED","NOIDA","EA 135",,,,"ENID BLYTON","NOVEL","2251",,,"$125.00",,,,,,,,,,,,,
"FAMOUS FIVE FIVE GO DOWN TO THE SEA","2004",,"HODDER AND STOUGHTON","2012","NOVEL","2252","ENG MED","LONDON","EA 137",,,,"ENID BLYTON","NOVEL","2252",,,"$125.00",,,,,,,,,,,,,
"THE SECRET OF CHIMNEYS","2004",,"HARPER COLLIAM PUB INDIA","2012","NOVEL","2253","ENG MED","NOIDA","EA 138",,,,"AGATHA CHRISTIE","NOVEL","2253",,,"$175.00",,,,,,,,,,,,,
"THE PALE HORSE","2008",,"HARPER","2012","NOVEL","2254","ENG MED","NOIDA","EA 139",,,,"AGATHA CHRISTIE","NOVEL","2254",,,"$175.00",,,,,,,,,,,,,
"LORD JIM","2007",,"BANTAM BOOKS","2012","NOVEL","2255","ENG MED","NEW YORK","EA 140",,,,"JOSEPH CONRAD","NOVEL","2255",,,"$175.00",,,,,,,,,,,,,
"ULLIVERS TRAVELS","2005",,"BANTAM BOOKS","2012","NOVEL","2256","ENGLISH MEDIUM","NEW YORK","EA 141",,,,"JONATHAN SWIFT","NOVEL","2256",,,"$190.00",,,,,,,,,,,,,
"THE ADVENTURES OF HUCKLEBERRY FINN","2008",,"BANTAM BOOKS","2012","NOVEL","2257","ENG MED","LONDON","EA 142",,,,"MARK TWAIN","NOVEL","2257",,,"$150.00",,,,,,,,,,,,,
"JOURNEY TO THE CENTRE OF THE EARTH","2003",,"RUPA CO;","2012","NOVEL","2258","ENG MED","NEW DELHI","EA 143",,,,"JULES VERNE","NOVEL","2258",,,"$95.00",,,,,,,,,,,,,
"HARD TIMES","2011",,"RUPA CO;","2012","NOVEL","2259","ENG MED","NOIDA","EA 144",,,,"CHARLES DICKENS","NOVEL","2259",,,"$95.00",,,,,,,,,,,,,
"PRIDE AND PREJUDICE","2012",,"RUPA CO;","2012","NOVEL","2260","ENGLISH MEDIUM","NEW DELHI","EA 145",,,,"JANE AUSTEN","NOVEL","2260",,,"$95.00",,,,,,,,,,,,,
"THE MAYOR OF CASTERBRIDGE","2012",,"RUPA","2012","NOVEL","2261","ENG MED","NEW DELHI","EA 146",,,,"THOMAS HARDY","NOVEL","2261",,,"$95.00",,,,,,,,,,,,,
"LITTLE WOMEN LOUISA MAY ALCOTT","2000",,"ALADDIN PAPERBACKS","2012","NOVEL","2262","ENGLISH MEDIUM","NEW YORK","EA 147",,,,"LOUISA MAY ALCOTT","NOVEL","2262",,,"$175.00",,,,,,,,,,,,,
"HARRY POTTER AND THE GOBLET OF FIRE","2000",,"BLOOMSBURY","2012","NOVEL","2263","ENG MED","LONDON","EA 148",,,,"J.K.ROWLING","NOVEL","2263",,,"$499.00",,,,,,,,,,,,,
"CATCH 22","1988",,"VINTAGE BOOKS","2012","NOVEL","2264","ENGLISH MEDIUM","UK","EA 149",,,,"JOSEPH HELLER","NOVEL","2264",,,"$399.00",,,,,,,,,,,,,
"THE NAMESAKE","2012",,"HARPER COLLIAM PUB INDIA","2012","NOVEL","2265","ENG MED","NOIDA","EA 150",,,,"JHUMPA LAHIRI","NOVEL","2265",,,"$299.00",,,,,,,,,,,,,
"COLLECTED STORIES OF O. HENRY","2012",,"RUPA CO;","2012","NOVEL","2266","ENGLISH MEDIUM","NOIDA","EA 151",,,,"O. HENRY","NOVEL","2266",,,"$295.00",,,,,,,,,,,,,
"SWAMI AND FRIENDS","2012",,"INDIAN THOUGHT PUBLICATIONS","2012","NOVEL","2267","ENGLISH MEDIUM","CHENNAI","EA 152",,,,"R.K.NARAYAN","NOVEL","2267",,,"$100.00",,,,,,,,,,,,,
"CORPORATE CHANAKYA","2012",,"JAICO PUBLICATION HOUSE","2012","PERSONALITY DEVELOPEMENT","2268","ENGLISH MEDIUM","DELHI","EP 74",,,,"RADHAKRISHNAN PILLAI","PERSONALITY DEVELOPEMENT","2268",,,"$295.00",,,,,,,,,,,,,
"THE GREAT MAHABHARATA","2012",,"SHANTI PUBLI","2012","STORY BOOK","2269","ENG MED","DELHI","EI 19",,,,,"STORY BOOK","2269",,,"$180.00",,,,,,,,,,,,,
"THE RAMAYANA","2009",,"SHANTI PUBLI","2012","SPIRITUAL","2270","ENG MED","NEW DELHI","EI 20",,,,,"SPIRITUAL","2270",,,"$180.00",,,,,,,,,,,,,
"101 SCIENCE PROJECT","2009",,"RAINBOW BOOKS","2012","SCIENCE","2271","ENG MED","DELHI","EFD 200",,,,"AKANKSHA","SCIENCE","2271",,,"$180.00",,,,,,,,,,,,,
"101 SCIENCE PROJECTS","2009",,"RAINBOW BOOKS","2012","SCIENCE","2272","ENG MED","DELHI","EFD 201",,,,"AAKANKSHA","SCIENCE","2272",,,"$180.00",,,,,,,,,,,,,
"101 SCIENCE PROJECTS","2009",,"MANOJ PUBLICATION","2012","SCIENCE","2273","ENG MED","DELHI","EFD 202",,,,"AAKANKSHA","SCIENCE","2273",,,"$180.00",,,,,,,,,,,,,
"HIGH SCHOOL ENGLISH GRAMMAR AND COMPOSITION","2008",,"S.CHAND & COMPANY ","2012","GRAMMER","2274","ENG MED","NEW DELHI","EFA 81",,,,"WREN AND MARTIN","GRAMMER","2274",,,"$175.00",,,,,,,,,,,,,
"HIGH SCHOOL ENGLISH GRAMMMAR AND COMPOSITION","2008",,"S.CHAND & COMPANY ","2012","GRAMMER","2275","ENG MED","NEW DELHI","EFA 82",,,,"WREN AND MARTINS","GRAMMER","2275",,,"$125.00",,,,,,,,,,,,,
"FAMOUS TALES OF TENALI RAMAN","2004",,"SHANTI PUBLI","2012","STORY BOOK","2276","ENG MED","NEW DELHI","ESB 483",,,,"K S KOHLI","STORY BOOK","2276",,,"$125.00",,,,,,,,,,,,,
"DOLLAR BAHU","2007",,"PENGUIN BOOKS","2012","NOVEL","2277","ENG MED","NEW DELHI","EA 153",,,,"SUDHA MURTY","NOVEL","2277",,,"$150.00",,,,,,,,,,,,,
"GANESHA WRITES MAHABHARATA","2011",,"SHREE BOOK CENTRE","2012","STORY BOOK","2278","ENG MED","MUMBAI","ESB 515",,,,,"STORY BOOK","2278",,,"$60.00",,,,,,,,,,,,,
"THE M<ISERLY CARPENTER","2011",,"SHREE BOOK CENTRE","2012","STORY BOOK","2279","ENG MED","MUMBAI","ESB 506",,,,,"STORY BOOK","2279",,,"$60.00",,,,,,,,,,,,,
"MY LITTLE BOOK OF VOCABULARY","2012",,"PRIORITY PUB","2013","STORY BOOK","2280","ENG MED",,"ESB 572",,,,,"STORY BOOK","2280",,,"$30.00",,,,,,,,,,,,,
"ASHOKA","2011",,"SASA PUBLISHING","2012","STORY BOOK","2281","ENG MED","CHENNAI","ESB 484",,,,,"STORY BOOK","2281",,,"$42.00",,,,,,,,,,,,,
"BUDDHA","2011",,"SASA PUBLISHING","2012","STORY BOOK","2283","ENG MED","CHENNAI","ESB 485",,,,,"STORY BOOK","2283",,,"$42.00",,,,,,,,,,,,,
"GURU NANAK","2011",,"SASA PUBLISHING","2012","STORY BOOK","2284","ENG MED","CHENNAI","ESB 486",,,,,"STORY BOOK","2284",,,"$42.00",,,,,,,,,,,,,
"SAI BABA","2011",,"SASA PUBLISHING","2012","STORY BOOK","2285","ENG MED","CHENNAI","ESB 489",,,,,"STORY BOOK","2285",,,"$42.00",,,,,,,,,,,,,
"RABINDRANATH TAGORE","2011",,"SASA PUBLISHING","2012","STORY BOOK","2286","ENG MED","CHENNAI","ESB 487",,,,,"STORY BOOK","2286",,,"$42.00",,,,,,,,,,,,,
"ASHOKA","2011",,"SASA PUBLISHING","2012","STORY BOOK","2287","ENG MED","CHENNAI","ESB 488",,,,,"STORY BOOK","2287",,,"$42.00",,,,,,,,,,,,,
"THE FRAGRANT BREEZE","2011",,"SHREE BOOK CENTRE","2012","STORY BOOK","2288","ENG MED","MUMBAI","ESB 507",,,,,"STORY BOOK","2288",,,"$60.00",,,,,,,,,,,,,
"THE RAMAYANA RECITAL","2011",,"SHREE BOOK CENTRE","2012","STORY BOOK","2289","ENG MED","MUMBAI","ESB 508",,,,,"STORY BOOK","2289",,,"$60.00",,,,,,,,,,,,,
"TENALI RAMAN AND THE BEGGAR","2011",,"SHREE BOOK CENTRE","2012","STORY BOOK","2290","ENG MED","MUMBAI","ESB 509",,,,,"STORY BOOK","2290",,,"$60.00",,,,,,,,,,,,,
"TENALI RAMAN MEETS GODDESS KALI","2011",,"SHREE BOOK CENTRE","2012","STORY BOOK","2291","ENG MED","MUMBAI","ESB 510",,,,,"STORY BOOK","2291",,,"$60.00",,,,,,,,,,,,,
"CLOTHES MAKE A MAN","2011",,"SHREE BOOK CENTRE","2012","STORY BOOK","2292","ENG MED","MADRAS","ESB 511",,,,,"STORY BOOK","2292",,,"$60.00",,,,,,,,,,,,,
"THE GREEDY TIEVES","2011",,"SHREE BOOK CENTRE","2012","STORY BOOK","2293","ENG MED","MUMBAI","ESB 512",,,,,"STORY BOOK","2293",,,"$60.00",,,,,,,,,,,,,
"TENALI RAMAN AND THE THIEVES","2011",,"SHREE BOOK CENTRE","2012","STORY BOOK","2294","ENG MED","MUMBAI","ESB 513",,,,,"STORY BOOK","2294",,,"$60.00",,,,,,,,,,,,,
"KRISHNA AND KALIYA","2011",,"SHREE BOOK CENTRE","2012","STORY BOOK","2295","ENG MED","MUMBAI","ESB 514",,,,,"STORY BOOK","2295",,,"$60.00",,,,,,,,,,,,,
"SHIVA AND SATI","2011",,"SHREE BOOK CENTRE","2012","STORY BOOK","2296","ENG MED","MUMBAI","ESB 505",,,,,"STORY BOOK","2296",,,"$60.00",,,,,,,,,,,,,
"SATYAVAN AND SAVITRI","2011",,"SHREE BOOK CENTRE","2012","STORY BOOK","2297","ENG MED","MUMBAI","ESB 504",,,,,"STORY BOOK","2297",,,"$60.00",,,,,,,,,,,,,
"BIRTH OF RAMA","2011",,"SHREE BOOK CENTRE","2012","STORY BOOK","2298","ENG MED","MUMBAI","ESB 496",,,,,"STORY BOOK","2298",,,"$60.00",,,,,,,,,,,,,
"THE SYAMANTAKA GEM","2011",,"SHREE BOOK CENTRE","2012","STORY BOOK","2299","ENG MED","MUMBAI","ESB 495",,,,,"STORY BOOK","2299",,,"$60.00",,,,,,,,,,,,,
"THE BIRTH OF PANDAVAS","2011",,"SHREE BOOK CENTRE","2012","STORY BOOK","2300","ENG MED","MUMBAI","ESB 494",,,,,"STORY BOOK","2300",,,"$60.00",,,,,,,,,,,,,
"KRISHNA AND KALIYA","2011",,"SHREE BOOK CENTRE","2012","STORY BOOK","2301","ENG MED","MUMBAI","ESB 493",,,,,"STORY BOOK","2301",,,"$60.00",,,,,,,,,,,,,
"KRISHNA SLAYS KAMSA","2011",,"SHREE BOOK CENTRE","2012","STORY BOOK","2302","ENG MED","MUMBAI","ESB 492",,,,,"STORY BOOK","2302",,,"$60.00",,,,,,,,,,,,,
"THE SYAMANTAKA GEM","2011",,"SHREE BOOK CENTRE","2012","STORY BOOK","2303","ENG MED","MUMBAI","ESB 491",,,,,"STORY BOOK","2303",,,"$60.00",,,,,,,,,,,,,
"KRISHNA SLAYS KAMSA","2011",,"SHREE BOOK CENTRE","2012","STORY BOOK","2304","ENG MED","MUMBAI","ESB 503",,,,,"STORY BOOK","2304",,,"$60.00",,,,,,,,,,,,,
"SHIVA AND SATI","2011",,"SHREE BOOK CENTRE","2012","STORY BOOK","2305","ENG MED","MUMBAI","ESB 490",,,,,"STORY BOOK","2305",,,"$60.00",,,,,,,,,,,,,
"THEBIRTH OF PANDAVAS","2011",,"SHREE BOOK CENTRE","2012","STORY BOOK","2306","ENG MED","MUMBAI","ESB 502",,,,,"STORY BOOK","2306",,,"$60.00",,,,,,,,,,,,,
"MY FAV FAIRY TALES","2011",,"SHANTI PUBLI","2012","STORY BOOK","2307","ENG MED","DELHI","ESB 501",,,,,"STORY BOOK","2307",,,"$30.00",,,,,,,,,,,,,
"MY FAV FAIRY TALES","2011",,"SHANTI PUBLI","2012","STORY BOOK","2308","ENG MED","DELHI","ESB 500",,,,,"STORY BOOK","2308",,,"$30.00",,,,,,,,,,,,,
"MY FAV FAIRY TALES","2011",,"SHANTI PUBLI","2012","STORY BOOK","2309","ENG MED","DELHI","ESB 499",,,,,"STORY BOOK","2309",,,"$30.00",,,,,,,,,,,,,
"MY FAV FAIRY TALES","2011",,"SHANTI PUBLI","2012","STORY BOOK","2310","ENG MED","DELHI","ESB 498",,,,,"STORY BOOK","2310",,,"$30.00",,,,,,,,,,,,,
"MY FAV FAIRY TALES","2011",,"SHANTI PUBLI","2012","STORY BOOK","2311","ENG MED","DELHI","ESB 497",,,,,"STORY BOOK","2311",,,"$30.00",,,,,,,,,,,,,
"HANUMAN BURNS LANKA","2011",,"SHREE BOOK CENTRE","2012","STORY BOOK","2312","ENG MED","MUMBAI","ESB 516",,,,,"STORY BOOK","2312",,,"$60.00",,,,,,,,,,,,,
"THE TRISHANKU HEAVEN","2011",,"SHREE BOOK CENTRE","2012","STORY BOOK","2313","ENG MED","MUMBAI","ESB 517",,,,,"STORY BOOK","2313",,,"$60.00",,,,,,,,,,,,,
"PRINCE DHRUVA","2011",,"SHREE BOOK CENTRE","2012","STORY BOOK","2314","ENG MED","MUMBAI","ESB 518",,,,,"STORY BOOK","2314",,,"$60.00",,,,,,,,,,,,,
"CHURNING OF THE OCEAN","2011",,"SHREE BOOK CENTRE","2012","STORY BOOK","2315","ENG MED","MUMBAI","ESB 519",,,,,"STORY BOOK","2315",,,"$60.00",,,,,,,,,,,,,
"THE CURSE OF BIDHATA","2011",,"SHREE BOOK CENTRE","2012","STORY BOOK","2316","ENG MED","MUMBAI","ESB 520",,,,,"STORY BOOK","2316",,,"$60.00",,,,,,,,,,,,,
"BHIMA SLAYS VAKASURA","2011",,"SHREE BOOK CENTRE","2012","STORY BOOK","2317","ENG MED","MUMBAI","ESB 521",,,,,"STORY BOOK","2317",,,"$60.00",,,,,,,,,,,,,
"DURGA SLAYS MAHISHASURA","2011",,"SHREE BOOK CENTRE","2012","STORY BOOK","2318","ENG MED","MUMBAI","ESB 522",,,,,"STORY BOOK","2318",,,"$60.00",,,,,,,,,,,,,
"SHIVA AND BHASMASURA","2011",,"SHREE BOOK CENTRE","2012","STORY BOOK","2319","ENG MED","MUMBAI","ESB 523",,,,,"STORY BOOK","2319",,,"$60.00",,,,,,,,,,,,,
"KING HARISHANDRA","2011",,"SHREE BOOK CENTRE","2012","STORY BOOK","2320","ENG MED","MUMBAI","ESB 524",,,,,"STORY BOOK","2320",,,"$60.00",,,,,,,,,,,,,
"MY FAV FAIRY TALES","2011",,"SHANTI PUBLI","2012","STORY BOOK","2321","ENG MED","DELHI","ESB 525",,,,,"STORY BOOK","2321",,,"$30.00",,,,,,,,,,,,,
"MY FAV FAIRY TALES","2011",,"SHANTI PUBLI","2012","STORY BOOK","2322","ENG MED","DELHI","ESB 526",,,,,"STORY BOOK","2322",,,"$30.00",,,,,,,,,,,,,
"MY FAV FAIRY TALES","2011",,"SHANTI PUBLI","2012","STORY BOOK","2323","ENG MED","DELHI","ESB 527",,,,,"STORY BOOK","2323",,,"$30.00",,,,,,,,,,,,,
"MY FAV FAIRY TALES","2011",,"SHANTI PUBLI","2012","STORY BOOK","2324","ENG MED","DELHI","ESB 528",,,,,"STORY BOOK","2324",,,"$30.00",,,,,,,,,,,,,
"THE POWER OF RUMOUR","2012",,"SUNRISE PUBLICATION","2013","STORY BOOK","2325","ENG MED","DELHI","ESB 529",,,,,"STORY BOOK","2325",,,"$45.00",,,,,,,,,,,,,
"THE HORSE AND THE DONKEY","2012",,"SUNRISE PUBLICATION","2013","STORY BOOK","2326","ENG MED","DELHI","ESB 530",,,,,"STORY BOOK","2326",,,"$45.00",,,,,,,,,,,,,
"THE TOWN MOUSE AND THE COUNTRY MOUSE","2012",,"SUNRISE PUBLICATION","2013","STORY BOOK","2327","ENG MED","DELHI","ESB 531",,,,,"STORY BOOK","2327",,,"$45.00",,,,,,,,,,,,,
"THE CROWS AND THE SERPENT","2012",,"SUNRISE PUBLICATION","2013","STORY BOOK","2328","ENG MED","DELHI","ESB 532",,,,,"STORY BOOK","2328",,,"$45.00",,,,,,,,,,,,,
"THE MONKEY AND THE CROCODILE","2012",,"SUNRISE PUBLICATION","2013","STORY BOOK","2329","ENG MED","DELHI","ESB 533",,,,,"STORY BOOK","2329",,,"$45.00",,,,,,,,,,,,,
"THE HARE AND THE TORTOISE","2012",,"SUNRISE PUBLICATION","2013","STORY BOOK","2330","ENG MED","DELHI","ESB 534",,,,,"STORY BOOK","2330",,,"$45.00",,,,,,,,,,,,,
"THE WICKED WOLF","2012",,"SUNRISE PUBLICATION","2013","STORY BOOK","2331","ENG MED","DELHI","ESB 535",,,,,"STORY BOOK","2331",,,"$45.00",,,,,,,,,,,,,
"THE LION AND THE MOUSE","2012",,"SUNRISE PUBLICATION","2013","STORY BOOK","2332","ENG MED","DELHI","ESB 536",,,,,"STORY BOOK","2332",,,"$45.00",,,,,,,,,,,,,
"THE CRAB AND THE HERON","2012",,"SUNRISE PUBLICATION","2013","STORY BOOK","2333","ENG MED","DELHI","ESB 337",,,,,"STORY BOOK","2333",,,"$45.00",,,,,,,,,,,,,
"THE ANT AND THE GRASSHOPPER","2012",,"SUNRISE PUBLICATION","2013","STORY BOOK","2334","ENG MED","DELHI","ESB 538",,,,,"STORY BOOK","2334",,,"$45.00",,,,,,,,,,,,,
"BEST OF HITOPADESHA","2012",,"SHANTI PUBLI","2013","STORY BOOK","2335","ENG MED","DELHI","ESB 545",,,,,"STORY BOOK","2335",,,"$40.00",,,,,,,,,,,,,
"BEST OF MORAL STORIES","2012",,"SHANTI PUBLI","2013","STORY BOOK","2336","ENG MED","DELHI","ESB 546",,,,,"STORY BOOK","2336",,,"$40.00",,,,,,,,,,,,,
"BEST OF MYTHOLOGICAL TALES","2012",,"SHANTI PUBLI","2013","STORY BOOK","2337","ENG MED","DELHI","ESB 547",,,,,"STORY BOOK","2337",,,"$40.00",,,,,,,,,,,,,
"BEST OF PANCHTANTRA","2012",,"SHANTI PUBLI","2013","STORY BOOK","2338","ENG MED","DELHI","ESB 548",,,,,"STORY BOOK","2338",,,"$40.00",,,,,,,,,,,,,
"VIKRAM VETAL","2012",,"SHANTI PUBLI","2013","STORY BOOK","2339","ENG MED","DELHI","ESB 549",,,,,"STORY BOOK","2339",,,"$40.00",,,,,,,,,,,,,
"BEST OF TENALI RAMAN","2012",,"SHANTI PUBLI","2013","STORY BOOK","2340","ENG MED","NEW DELHI","ESB 539",,,,,"STORY BOOK","2340",,,"$40.00",,,,,,,,,,,,,
"BEST OF GRANDPAS TALES","2012",,"SHANTI PUBLI","2013","STORY BOOK","2341","ENG MED","DELHI","ESB 541",,,,,"STORY BOOK","2341",,,"$40.00",,,,,,,,,,,,,
"BEST OF AKBAR BIRBAL","2012",,"SHANTI PUBLI","2013","STORY BOOK","2342","ENG MED","DELHI","ESB 540",,,,,"STORY BOOK","2342",,,"$40.00",,,,,,,,,,,,,
"BEST OF FAIRY TALES","2012",,"SHANTI PUBLI","2013","STORY BOOK","2343","ENG MED","DELHI","ESB 542",,,,,"STORY BOOK","2343",,,"$40.00",,,,,,,,,,,,,
"JATAKA TALES","2012",,"SHANTI PUBLI","2013","STORY BOOK","2344","ENG MED","DELHI","ESB 543",,,,,"STORY BOOK","2344",,,"$40.00",,,,,,,,,,,,,
"ARABIAN NIGHTS","2012",,"SHANTI PUBLI","2013","STORY BOOK","2345","ENG MED","DELHI","ESB 544",,,,,"STORY BOOK","2345",,,"$40.00",,,,,,,,,,,,,
"THE BEST OF MULLA NASRUDDIN","2011",,"YOUNG LEARNER PUBLICATIONS","2013","STORY BOOK","2346","ENG MED","DELHI","ESB 550",,,,"RUNGEEN SINGH","STORY BOOK","2346",,,"$45.00",,,,,,,,,,,,,
"MORAL STORIES","2012",,"YOUNG LEARNER PUBLICATIONS","2013","STORY BOOK","2347","ENG MED","DELHI","ESB 562",,,,"MRS RUNGEEN SINGH","STORY BOOK","2347",,,"$45.00",,,,,,,,,,,,,
"THE BEST OF TENALLI RAMAN","2012",,"YOUNG LEARNER PUBLICATIONS","2013","STORY BOOK","2348","ENG MED","DELHI","ESB 563",,,,"MRS RUNGEEN SINGH","STORY BOOK","2348",,,"$45.00",,,,,,,,,,,,,
"THE GREAT MUGHAL EMPERORS","2012",,"YOUNG LEARNER PUBLICATIONS","2013","STORY BOOK","2349","ENG MED","DELHI","ESB 561",,,,,"STORY BOOK","2349",,,"$45.00",,,,,,,,,,,,,
"THE HEROIC HATIMTAI","2012",,"YOUNG LEARNER PUBLICATIONS","2013","STORY BOOK","2350","ENG MED","DELHI","ESB 560",,,,"MRS RUNGEEN SINGH","STORY BOOK","2350",,,"$45.00",,,,,,,,,,,,,
"HITOPDESH","2012",,"YOUNG LEARNER PUBLICATIONS","2013","STORY BOOK","2351","ENG MED","DELHI","ESB 559",,,,,"STORY BOOK","2351",,,"$45.00",,,,,,,,,,,,,
"AKBAR AND BIRBAL","2012",,"YOUNG LEARNER PUBLICATIONS","2013","STORY BOOK","2352","ENG MED","NEW DELHI","ESB 558",,,,"MRS RUNGEEN SINGH","STORY BOOK","2352",,,"$45.00",,,,,,,,,,,,,
"THE BEST OF PANCHATANTRA","2012",,"YOUNG LEARNER PUBLICATIONS","2013","STORY BOOK","2353","ENG MED","DELHI","ESB 557",,,,"MRS RUNGEEN SINGH","STORY BOOK","2353",,,"$45.00",,,,,,,,,,,,,
"THE EPIC MAHABHARATA","2012",,"YOUNG LEARNER PUBLICATIONS","2013","STORY BOOK","2354","ENG MED","DELHI","ESB 556",,,,"MRS RUNGEEN SINGH","STORY BOOK","2354",,,"$45.00",,,,,,,,,,,,,
"SUPRISHID JATAK KATHAYEN","2012",,"SHANTI PUBLI","2013","HINDI","2355","ENG MED","DELHI","EEC 69",,,,,"HINDI","2355",,,"$125.00",,,,,,,,,,,,,
"THE BEST OF SHEIKH CHILLI","2012",,"YOUNG LEARNER PUBLICATIONS","2013","STORY BOOK","2356","ENG MED","DELHI","ESB 551",,,,"MRS RUNGEEN SINGH","STORY BOOK","2356",,,"$45.00",,,,,,,,,,,,,
"THE BEST OF GRANDMAS STORIES","2012",,"YOUNG LEARNER PUBLICATIONS","2013","STORY BOOK","2357","ENG MED","DELHI","ESB 552",,,,"MRS RUNGEEN SINGH","STORY BOOK","2357",,,"$45.00",,,,,,,,,,,,,
"THEBEST OF JATAKA TALES","2012",,"YOUNG LEARNER PUBLICATIONS","2013","STORY BOOK","2358","ENG MED","DELHI","ESB 553",,,,"MRS RUNGEEN SINGH","STORY BOOK","2358",,,"$45.00",,,,,,,,,,,,,
"THE BEST OF MULLA NASRUDDIN","2012",,"YOUNG LEARNER PUBLICATIONS","2013","STORY BOOK","2359","ENG MED","DELHI","ESB 554",,,,"MRS RUNGEEN SINGH","STORY BOOK","2359",,,"$45.00",,,,,,,,,,,,,
"THE EPIC RAMAYANA","2012",,"YOUNG LEARNER PUBLICATIONS","2013","STORY BOOK","2360","ENG MED","DELHI","ESB 555",,,,"MRS RUNGEEN SINGH","STORY BOOK","2360",,,"$45.00",,,,,,,,,,,,,
"SELECTED FAIRY TALES","2012",,"MANOJ PUBLICATION","2013","STORY BOOK","2361","ENG MED","DELHI","ESB 567",,,,"KUNWAR ANIL KUMAR","STORY BOOK","2361",,,"$50.00",,,,,,,,,,,,,
"LITTLE STORY BOOK BARBI","2012",,"SHREE BOOK CENTRE","2013","STORY BOOK","2362","ENG MED","DELHI","ESB 568",,,,,"STORY BOOK","2362",,,"$30.00",,,,,,,,,,,,,
"ANIMAL ADVENTURE STORIES","2012",,"SHREE BOOK CENTRE","2013","STORY BOOK","2363","ENG MED","MUMBAI","ESB 570",,,,,"STORY BOOK","2363",,,"$20.00",,,,,,,,,,,,,
"NODDY","2012",,"SHREE BOOK CENTRE","2013","STORY BOOK","2364","ENG MED","DELHI","ESB 569",,,,"ENID BLYTON","STORY BOOK","2364",,,"$30.00",,,,,,,,,,,,,
"GRANDMAS STORIES","2012",,"RAINBOW BOOKS","2013","STORY BOOK","2365","ENG MED","DELHI","ESB 564",,,,,"STORY BOOK","2365",,,"$40.00",,,,,,,,,,,,,
"THE ANT AND THE GRASSHOPPER","2012",,"SUNRISE PUBLICATION","2013","STORY BOOK","2366","ENG MED","DELHI","ESB 565",,,,,"STORY BOOK","2366",,,"$45.00",,,,,,,,,,,,,
"KNOWLEDGE ENCYCLOPEDIA","2012",,"RANDOM HOUSE","2013","GK","2367","ENG MED","NOIDA","EK 289",,,,,"GK","2367",,,"$1,999.00",,,,,,,,,,,,,
"ULLTIMATE VISUAL DICTIONARY","2012",,"DK","2013","GK","2368","ENG MED","LONDON","EK 288",,,,,"GK","2368",,,"$1,000.00",,,,,,,,,,,,,
"HOW IT WORKS GADGETS","2012",,"MILES KELLY","2013","GRAMMER","2369","ENG MED","CHINA","EK 287",,,,"STEVE PARKER","GRAMMER","2369",,,"$150.00",,,,,,,,,,,,,
"HOW IT WORKS CARS, TRUCKS AND BIKES","2012",,"MILES KELLY","2013","GRAMMER","2370","ENG MED","CHICAGO","EK 286",,,,"STEVE PARKER","GRAMMER","2370",,,"$150.00",,,,,,,,,,,,,
"HOW IT WORKS AIRCRAFT","2012",,"MILES KELLY","2013","GRAMMER","2371","ENG MED","CHINA","EK 285",,,,"STEVE PARKER","GRAMMER","2371",,,"$150.00",,,,,,,,,,,,,
"HOW IT WORKS EMERGENCY VEHICLES","2012",,"MILES KELLY","2013","GRAMMER","2372","ENG MED","CHINA","EK 284",,,,"STEVE PARKER","GRAMMER","2372",,,"$150.00",,,,,,,,,,,,,
"HOW IT WORKS ENERGY AND POWER","2012",,"MILES KELLY","2013","GRAMMER","2373","ENG MED","CHINA","EK 283",,,,"STEVE PARKER","GRAMMER","2373",,,"$150.00",,,,,,,,,,,,,
"HOW IT WORKS GIANT MACHINES","2012",,"MILES KELLY","2013","GRAMMER","2374","ENG MED","CHINA","EK 282",,,,"STEVE PARKER","GRAMMER","2374",,,"$150.00",,,,,,,,,,,,,
"HOW IT WORKS MILLITARY MACHINES","2012",,"MILES KELLY","2013","GRAMMER","2375","ENG MED","CHINA","EK 281",,,,"STEVE PARKAR","GRAMMER","2375",,,"$150.00",,,,,,,,,,,,,
"HOW IT WORKS SHIP AND SUBMARINES","2012",,"MILES KELLY","2013","GRAMMER","2376","ENG MED","CHINA","EK 280",,,,"STEVE PARKER","GRAMMER","2376",,,"$150.00",,,,,,,,,,,,,
"HOW IT WORKS SPACE EXPLORATION","2012",,"MILES KELLY","2013","GRAMMER","2377","ENG MED","CHINA","EK 279",,,,"STEVE PARKER","GRAMMER","2377",,,"$150.00",,,,,,,,,,,,,
"HOW IT WORKS SPEED MACHINES","2012",,"MILES KELLY","2013","GRAMMER","2378","ENG MED","CHINA","EK 278",,,,"STEVE PARKER","GRAMMER","2378",,,"$150.00",,,,,,,,,,,,,
"THE CRAB AND THE HERON","2012",,"SUNRISE PUBLICATION","2013","STORY BOOK","2379","ENG MED","DELHI","ESB 566",,,,,"STORY BOOK","2379",,,"$45.00",,,,,,,,,,,,,
"MY LITTLE BOOK OF VOCABULARY","2012",,"PRIORITY PUB","2013","STORY BOOK","2380","ENG MED",,"ESB 571",,,,,"STORY BOOK","2380",,,"$30.00",,,,,,,,,,,,,
"LITTLE KIDS STORY BOOKS","2012",,"SHANTI PUBLI","2013","STORY BOOK","2381","ENG MED","DELHI","ESB 575",,,,,"STORY BOOK","2381",,,"$20.00",,,,,,,,,,,,,
"MORAL STORIES","2012",,"SHANTI PUBLI","2013","STORY BOOK","2382","ENG MED","DELHI","ESB 574",,,,,"STORY BOOK","2382",,,"$25.00",,,,,,,,,,,,,
"CHILDRENS CONCISE KNOWLEDGE BANK","2012",,"RAINBOW BOOKS","2013","GK","2383","ENG MED","DELHI","EK 291",,,,,"GK","2383",,,"$180.00",,,,,,,,,,,,,
"CHILDRENS CONCISE KNOWLEDGE BANK","2012",,"RAINBOW BOOKS","2013","GK","2384","ENG MED","DELHI","EK 292",,,,,"GK","2384",,,"$180.00",,,,,,,,,,,,,
"CHILDRENS CONCISE KNOWLEDGE BANK","2012",,"RAINBOW BOOKS","2013","GK","2385","ENG MED","DELHI","EK 290",,,,,"GK","2385",,,"$180.00",,,,,,,,,,,,,
"THE DA VINCI CODE","2012",,"CORGI BOOKS","2013","NOVEL","2386","ENG MED","LONDON","EA 155",,,,"DAN BROWN","NOVEL","2386",,,"$399.00",,,,,,,,,,,,,
"THE FAMOUS FIVE FIVE GO TO MYSTERY MOOR","2012",,"HODDER CHILDRENS BOOK","2013","NOVEL","2387","ENG MED","UK","EA 157",,,,"ENID BLYTON","NOVEL","2387",,,"$125.00",,,,,,,,,,,,,
"THE FAMOUS FIVE FIVE GET INTO A FIX","2012",,"HODDER CHILDRENS BOOK","2013","NOVEL","2388","ENG MED","UK","EA 158",,,,"ENID BLYTON","NOVEL","2388",,,"$125.00",,,,,,,,,,,,,
"THE FAMOUS FIVE FIVE GO TO BILLYCOCK HILL","2012",,"HODDER CHILDRENS BOOK","2013","NOVEL","2389","ENG MED","UK","EA 156",,,,"ENID BLYTON","NOVEL","2389",,,"$125.00",,,,,,,,,,,,,
"THE JUNGLE BOOKS","2012",,"BANTAM BOOKS","2013","STUDENTS CLASSICS","2390","ENG MED","UK","ESC 18",,,,"RUDYARD KIPLING","STUDENTS CLASSICS","2390",,,"$150.00",,,,,,,,,,,,,
"MY PICTURE WORD BOOK","2012",,"RAINBOW BOOKS","2013","GK","2391","ENG MED","DELHI","ESB 573",,,,,"GK","2391",,,"$45.00",,,,,,,,,,,,,
"LITTLE OXFORD ENG DICTIONARY","2013",,"OXFORD UNI PRESS","2013","GK","2392","ENG MED","LONDON","EK 293",,,,"SARA HAWKER","GK","2392",,,"$190.00",,,,,,,,,,,,,
"LITTLE OXFORD ENG DICTIONARY","2013",,"OXFORD UNI PRESS","2013","GK","2393","ENG MED","LONDON","EK 294",,,,"SARA HAWKER","GK","2393",,,"$190.00",,,,,,,,,,,,,
"LITTLE OXFORD ENG DICTIONARY","2013",,"OXFORD UNI PRESS","2013","GK","2394","ENG MED","LONDON","EK 295",,,,"SARA HAWKER","GK","2394",,,"$190.00",,,,,,,,,,,,,
"LITTLE OXFORD ENGLISH DICTIONARY","2013",,"OXFORD UNI PRESS","2013","GK","2395","ENG MED","LONDON","EK 296",,,,"SARA HAWKER","GK","2395",,,"$190.00",,,,,,,,,,,,,
"LITTLE OXFORD ENG DICTIONARY","2013",,"OXFORD UNI PRESS","2013","GK","2396","ENG MED","LONDON","EK 297",,,,"SARA HAWKER","GK","2396",,,"$190.00",,,,,,,,,,,,,
"SUMMERHILL","2007",,"EKLAVYA PUBLICATION","2013","EDUCATION","2397","ENG MED","BHOPAL","EED 49",,,,"A.S.NEIL","EDUCATION","2397",,,"$175.00",,,,,,,,,,,,,
"ADITI AUR SAMUDRI SANYASIN","2010",,"EKLAVYA","2013","ADVENTURE","2398","ENG MED","BHOPAL","EEA 11",,,,"SUNITI NAMJOSHI","ADVENTURE","2398",,,"$45.00",,,,,,,,,,,,,
"CHILDRENS PERCEPTION OF SARKAR","2008",,"EKLAVYA","2013","EDUCATION","2399","ENG MED","BHOPAL","EED 45",,,,"ALEX M. GEORGE","EDUCATION","2399",,,"$70.00",,,,,,,,,,,,,
"BIN PATTI SAB SOON","2007",,"EKLAVYA","2013","OTHER","2400","ENG MED","BHOPAL","EKB 49",,,,"KISHOR PAWAR","OTHER","2400",,,"$35.00",,,,,,,,,,,,,
"WHAT A SONG","2010",,"EKLAVYA","2013","OTHER","2401","ENG MED","BHOPAL","EKB 46",,,,"JITENDRA THAKUR","OTHER","2401",,,"$90.00",,,,,,,,,,,,,
"STORY OF ASTRONOMY","2008",,"EKLAVYA","2013","SCIENCE","2402","EMG MED","BHOPAL","EFD 210",,,,"UDAY PATIL","SCIENCE","2402",,,"$80.00",,,,,,,,,,,,,
"BAL VAIDNYANIK 7 ENG","2008",,"EKLAVYA","2013","SCIENCE","2403","ENG MED","BHOPAL","EFD 209",,,,,"SCIENCE","2403",,,"$120.00",,,,,,,,,,,,,
"GANIT KI GATIVIDHIYAN","2011",,"EKLAVYA","2013","MATHS","2404","ENG MED","BHOPAL","EFE 9",,,,"JANE PORTMAN","MATHS","2404",,,"$100.00",,,,,,,,,,,,,
"BHARTIYA HITIHAS KE STROAT","2010",,"EKLAVYA","2013","EDUCATION","2405","ENG MED","BHOPAL","EED 46",,,,"SHIRIN RATNAGAR","EDUCATION","2405",,,"$100.00",,,,,,,,,,,,,
"BAL VAIDNYANIK 7","2002",,"MP PATHYAPUSTAK NIGAM","2013","SCIENCE","2406","ENG MED","BHOPAL","EFD 207",,,,,"SCIENCE","2406",,,"$30.00",,,,,,,,,,,,,
"BAL VAIDNYANIK","2001",,"MP PATHYAPUSTAK NOGAM ","2013","SCIENCE","2407","ENG MED","BHOPAL","EFD 208",,,,,"SCIENCE","2407",,,"$30.00",,,,,,,,,,,,,
"HOW HOT? HOW COLD?","2008",,"EKLAVYA","2013","OTHER","2408","ENG MED","BHOPAL","EKB 48",,,,,"OTHER","2408",,,"$15.00",,,,,,,,,,,,,
"WHO WILL TEACH EMPEROR AKBAR","2010",,"EKLAVYA","2013","EDUCATION","2409","ENG MED","BHOPAL","EED 47",,,,"DEEPA BALSAVAR","EDUCATION","2409",,,"$40.00",,,,,,,,,,,,,
"ESCAPE FROM CHILDHOOD","2008",,"EKLAVYA","2013","EDUCATION","2410","ENG MED","BHOPAL","EED 48",,,,"JOHN HOLT","EDUCATION","2410",,,"$100.00",,,,,,,,,,,,,
"THE LAUGHING ONION","2010",,"EKLAVYA","2013","OTHER","2411","ENG MED","BHOPAL","EKB 47",,,,"ANITA VARMA","OTHER","2411",,,"$35.00",,,,,,,,,,,,,
"ADITI AUR TEMS NADI KA DRAGON","2006",,"EKLAVYA","2013","OTHER","2412","ENG MED","BHOPAL","EEC 70",,,,"SUNITI NAMJOSHI","OTHER","2412",,,"$45.00",,,,,,,,,,,,,
"ADITI AUR EK ANKH WALI BANDARIYA","2006",,"EKLAVYA","2013","OTHER","2413","ENG MED","BHOPAL","EKB 52",,,,"SUNITI NAMJOSHI","OTHER","2413",,,"$45.00",,,,,,,,,,,,,
"ADITI AUR VIDNYANI SANAYANSIN","2006",,"EKLAVYA","2013","OTHER","2414","ENG MED","BHOPAL","EKB 51",,,,"SUNITI NAMJOSHI","OTHER","2414",,,"$45.00",,,,,,,,,,,,,
"VED HINDU DHRAM , HINDUTAV","2006",,"EKLAVYA","2013","OTHER","2415","ENG MED","BHOPAL","EKB 50",,,,"KUMKUM ROY","OTHER","2415",,,"$45.00",,,,,,,,,,,,,
"DEMOCRATIC SCHOOLS","2006",,"EKLAVYA","2013","EDUCATION","2416","ENG MED","BHOPAL","EED 50",,,,"MIICHAEL W. APPLE","EDUCATION","2416",,,"$110.00",,,,,,,,,,,,,
"THINKING FAST AND SLOW","2011",,"PENGUIN BOOKS","2013","PERSONALITY DEVELOPEMENT","2418","ENG MED","NEW DELHI","EP 79",,,,"DANIEL KAHNEMAN","PERSONALITY DEVELOPEMENT","2418",,,"$599.00",,,,,,,,,,,,,
"YOU CAN HEAL YOUR LIFE","2013",,"HAY HOUSE INDIA","2013","PERSONALITY DEVELOPEMENT","2419","ENG MED","NEW DELHI","EP 80",,,,"LOUIS L. HAY","PERSONALITY DEVELOPEMENT","2419",,,"$399.00",,,,,,,,,,,,,
"REVOLUTION 2020","2011",,"RUPA","2013","NOVEL","2420","ENG MED","NEW DELHI","EA 159",,,,"CHETAN BHAGAT","NOVEL","2420",,,"$140.00",,,,,,,,,,,,,
"WHAT YOUNG INDIA WANTS","2012",,"RUPA","2013","NOVEL","2421","ENG MED","NEW DELHI","EA 160",,,,"CHETAN BHAGAT","NOVEL","2421",,,"$140.00",,,,,,,,,,,,,
"THE STORY OF MY LIFE","2010",,"PIGEON BOOK INDIA","2013","BIOGRAPHY","2422","ENG MED","DELHI","EB 107",,,,"HELEN KELLER","BIOGRAPHY","2422",,,"$195.00",,,,,,,,,,,,,
"THE LORD OF THE RINGS","2005",,"HARPER COLLIAM PUB INDIA","2013","NOVEL","2423","ENG MED","LONDON","EA 161",,,,"J.R.R. TOLKIEN","NOVEL","2423",,,"$799.00",,,,,,,,,,,,,
"STEVE JOBS","2012",,"LITTLE BROWN","2013","BIOGRAPHY","2424","ENG MED","LONDON","EB 108",,,,"WALTER ISAACSON","BIOGRAPHY","2424",,,"$899.00",,,,,,,,,,,,,
"THE PREGNANT KING","2008",,"PENGUIN BOOKS","2013","SPIRITUAL","2425","ENG MED","NEW DELHI","EI 25",,,,"DEVDUTT PATTANAIK","SPIRITUAL","2425",,,"$299.00",,,,,,,,,,,,,
"7 SECRETS OF VISHNU","2011",,"WESTLAND LTD","2013","SPIRITUAL","2426","ENG MED","NEW DELHI","EI 24",,,,"DEVDUTT PATTANAIK","SPIRITUAL","2426",,,"$250.00",,,,,,,,,,,,,
"7 SECRETS OF SHIVA","2009",,"WESTLAND LTD","2013","SPIRITUAL","2427","ENG MED","DELHI","EI 23",,,,"DEVDUTT PATTANAIK","SPIRITUAL","2427",,,"$250.00",,,,,,,,,,,,,
"7 SECRETS FROM HINDU CALENDAR ART","2009",,"WESTLAND LTD","2013","SPIRITUAL","2428","ENG MED","DELHI","EI 22",,,,"DEVDUTT PATTANAIK","SPIRITUAL","2428",,,"$295.00",,,,,,,,,,,,,
"VALLEY OF THE GIANT SKELETONS","2012",,"SCHOLASTIC","2013","STUDENTS CLASSICS","2429","ENG MED","NEW DELHI","ESC 21",,,,"GERONIMO STILTON","STUDENTS CLASSICS","2429",,,"$200.00",,,,,,,,,,,,,
"GERONIMA AND GOLD MEDAL MYSTERY","2012",,"SCHOLASTIC","2013","STUDENTS CLASSICS","2430","ENG MED","NEW DELHI","ESC 22",,,,"GERONIMO STILTON","STUDENTS CLASSICS","2430",,,"$200.00",,,,,,,,,,,,,
"THE MOUSE ISLAND MARATHON","2012",,"SCHOLASTIC","2013","STUDENTS CLASSICS","2431","ENG MED","NEW DELHI","ESC 23",,,,"GERONIMA STILTON","STUDENTS CLASSICS","2431",,,"$200.00",,,,,,,,,,,,,
"IM NOT A SUPERMOUSE","2012",,"SCHOLASTIC","2013","STUDENTS CLASSICS","2432","ENG MED","NEW DELHI","ESC 24",,,,"GERONIME STILTON","STUDENTS CLASSICS","2432",,,"$200.00",,,,,,,,,,,,,
"WEDDING CRASHER","2012",,"SCHOLASTIC","2013","STUDENTS CLASSICS","2433","ENG MED","NEW DELHI","ESC 25",,,,"GERONIME STILTON","STUDENTS CLASSICS","2433",,,"$200.00",,,,,,,,,,,,,
"WATCH YOUR WHISKERS, STILTON","2012",,"SCHOLASTIC","2013","STUDENTS CLASSICS","2434","ENG MED","NEW DELHI","ESC 20",,,,"GERONIMO STILTON","STUDENTS CLASSICS","2434",,,"$200.00",,,,,,,,,,,,,
"THEA STILTON AND THE MYSTERY IN PARIS","2012",,"SCHOLASTIC","2013","STUDENTS CLASSICS","2435","ENG MED","NEW DELHI","ESC 26",,,,"GERONIME STILTON","STUDENTS CLASSICS","2435",,,"$250.00",,,,,,,,,,,,,
"THEA STILTON BIG TROUBLE IN THE BIG APPLE","2012",,"SCHOLASTIC","2013","STUDENTS CLASSICS","2436","ENG MED","NEW DELHI","ESC 27",,,,"GERONIMO STILTON","STUDENTS CLASSICS","2436",,,"$250.00",,,,,,,,,,,,,
"THEA STILTON AND THE PRINCES EMERALD","2012",,"SCHOLASTIC","2013","STUDENTS CLASSICS","2437","ENG MED","NEW DELHI","ESC 28",,,,"GERONIME STILTON","STUDENTS CLASSICS","2437",,,"$250.00",,,,,,,,,,,,,
"THEA STILTON AND THE MOUNTAIN OF FIRE","2012",,"SCHOLASTIC","2013","STUDENTS CLASSICS","2438","ENG MED","NEW DELHI","ESC 29",,,,"GERONIMO STILTON","STUDENTS CLASSICS","2438",,,"$250.00",,,,,,,,,,,,,
" THE TEST OF MY LIFE","2012",,"RANDOM HOUSE","2013","BIOGRAPHY","2439","ENG MED","NEW DELHI","EB 109",,,,"YUVRAJ SINGH","BIOGRAPHY","2439",,,"$399.00",,,,,,,,,,,,,
"WHO MOVED MY CHEESE?","2011",,"VERMILLION","2013","STUDENTS CLASSICS","2440","ENG MED","UK","ESC 30",,,,"DR. SPENCER JOHNSON","STUDENTS CLASSICS","2440",,,"$199.00",,,,,,,,,,,,,
"MANORAMA YEAR BOOK 2013","2012",,"MALAYA MANORAMA","2013","GK","2441","ENG MED","CHENNAI","EK 298",,,,,"GK","2441",,,"$200.00",,,,,,,,,,,,,
"OTHELLO","2012",,"MANOJ PUBLICATION","2013","STUDENTS CLASSICS","2442","ENG MED","DELHI","ESC 31",,,,"WIILLIAM SHAKESPEAR","STUDENTS CLASSICS","2442",,,"$60.00",,,,,,,,,,,,,
"THE MERCHANT OF VENICE","2012",,"MANJUL PUBLISHING","2013","STUDENTS CLASSICS","2443","ENG MED","DELHI","ESC 32",,,,"WIILLIAM SHAKESPEAR","STUDENTS CLASSICS","2443",,,"$60.00",,,,,,,,,,,,,
"ROMEO JULIET","2012",,"MANOJ PUBLICATION","2013","STUDENTS CLASSICS","2444","ENG MED","DELHI","ESC 33",,,,"WIILLIAM SHAKESPEAR","STUDENTS CLASSICS","24444",,,"$60.00",,,,,,,,,,,,,
"KING LEAR","2012",,"MANOJ PUBLICATION","2013","STUDENTS CLASSICS","2445","ENG MED","DELHI","ESC 34",,,,"WIILLIAM SHAKESPEAR","STUDENTS CLASSICS","2445",,,"$60.00",,,,,,,,,,,,,
"THE TEMPEST","2012",,"MANOJ PUBLICATION","2013","STUDENTS CLASSICS","2446","ENG MED","DELHI","ESC 35",,,,"WIILLIAM SHAKESPEAR","STUDENTS CLASSICS","2446",,,"$60.00",,,,,,,,,,,,,
"JULIUS CAESAR","2012",,"MANOJ PUBLICATION","2013","STUDENTS CLASSICS","2447","ENG MED","DELHI","ESC 36",,,,"WIILLIAM SHAKESPEAR","STUDENTS CLASSICS","2447",,,"$60.00",,,,,,,,,,,,,
"THE MERCHANT OF VENICE","2012",,"MANOJ PUBLICATION","2013","STUDENTS CLASSICS","2448","ENG MED","DELHI","ESC 38",,,,"WIILLIAM SHAKESPEAR","STUDENTS CLASSICS","2448",,,"$60.00",,,,,,,,,,,,,
"A MIDSUMMER NIGHTS DREAM","2012",,"MANOJ PUBLICATION","2013","STUDENTS CLASSICS","2449","ENG MED","DELHI","ESC 37",,,,"WIILLIAM SHAKESPEAR","STUDENTS CLASSICS","2449",,,"$60.00",,,,,,,,,,,,,
"7TH HABITS OF HIGHLY EFFECTIVE TEENAGERS","2010",,"SIMON ANDSCHUSTER","2013","PERSONALITY DEVELOPEMENT","2450","ENG MED","LONDON","EP 82",,,,"SEAN COVEY","PERSONALITY DEVELOPEMENT","2450",,,"$475.00",,,,,,,,,,,,,
"MAKING SENSE OF YOUR CHILDS FRIENDSHIP","2010",,"PICCADILLY PRESS","2013","PERSONALITY DEVELOPEMENT","2454","ENG MED","LONDON","EP 83",,,,"ELIZABETH HARTLEY BREWER","PERSONALITY DEVELOPEMENT","2454",,,"$300.00",,,,,,,,,,,,,
"PHYSICS PART 1","2012",,"MODERN PUBLISHING ","2013","SCIENCE","2457","ENG MED","JALANDHAR","EFD 212",,,,"SATISH K.GUPTA","SCIENCE","2457",,,"$370.00",,,,,,,,,,,,,
"PHYSICS FOR CLASS 12","2012",,"MODERN PUBLISHING ","2013","SCIENCE","2458","ENG MED","JALANDHAR","EFD 211",,,,"SATISH K. GUPTA","SCIENCE","2458",,,"$370.00",,,,,,,,,,,,,
"MECHANICS PART1","2012",,"ARIHANT PRAKASHAN","2013","SCIENCE","2459","ENG MED","MEERUT","EFD 213",,,,"DC PANDEY","SCIENCE","2459",,,"$310.00",,,,,,,,,,,,,
"TEXT INORGANIC CHEMISTRY","2012",,"ARIHANT PRAKASHAN","2013","SCIENCE","2460","ENG MED","MEERUT","EFD 214",,,,"DR. R.K.GUPTA","SCIENCE","2460",,,"$690.00",,,,,,,,,,,,,
"TEXTBOOK OF ORGANIC CHEMISTRY","2012",,"ARIHANT PRAKASHAN","2013","SCIENCE","2461","ENG MED","MEERUT","EFD 215",,,,"DR. R.K.GUPTA","SCIENCE","2461",,,"$665.00",,,,,,,,,,,,,
"MECHANICS PART 2","2012",,"ARIHANT PRAKASHAN","2013","SCIENCE","2462","ENG MED","MEERUT","EFD 216",,,,"DC PANDEY","SCIENCE","2462",,,"$275.00",,,,,,,,,,,,,
"THE ELEMENTS OF COORDINATE GEOMETRY","2012",,"ARIHANT PRAKASHAN","2013","SCIENCE","2463","ENG MED","MEERUT","EFD 217",,,,"CARTESIAN","SCIENCE","2463",,,"$115.00",,,,,,,,,,,,,
"OBJECTIVE BIOLOGY","2012",,"MCGRAW HILL EDUCATION","2013","SCIENCE","2464","ENG MED","NEW DELHI","EFD 218",,,,"S.S.BHATIA","SCIENCE","2464",,,"$500.00",,,,,,,,,,,,,
"OTHELLO","2013",,"SHREE BOOK CENTRE","2013","CHILDREN CLASSICS","2465","ENG MED","MUMBAI","ESC 39",,,,"CHARLES AND MARY LAMB","CHILDREN CLASSICS","2465",,,"$75.00",,,,,,,,,,,,,
"SHAKESPEARE A MIDSUMMER NIGHTS DREAM","2013",,"SHREE BOOK CENTRE","2013","CHILDREN CLASSICS","2466","ENG MED","MUMBAI","ESC 40",,,,"CHARLES AND MARY LAMB","CHILDREN CLASSICS","2466",,,"$75.00",,,,,,,,,,,,,
"SHAKESPEARE MUCH ADO ABOUT NOTHING","2013",,"SHREE BOOK CENTRE","2013","CHILDREN CLASSICS","2467","ENG MED","MUMBAI","ESC 41",,,,"CHARLES AND MARY LAMB","CHILDREN CLASSICS","2467",,,"$75.00",,,,,,,,,,,,,
"SHAKESPEARE HAMLET, PRINCE OF DENMARK","2013",,"SHREE BOOK CENTRE","2013","CHILDREN CLASSICS","2468","ENG MED","MUMBAI","ESC 42",,,,"CHARLES AND MARY LAMB","CHILDREN CLASSICS","2468",,,"$75.00",,,,,,,,,,,,,
"SHAKESPEARE ALLS WELL THAT ENDS WELL","2013",,"SHREE BOOK CENTRE","2013","CHILDREN CLASSICS","2469","ENG MED","MUMBAI","ESC 43",,,,"CHARLES AND MARY LAMB","CHILDREN CLASSICS","2469",,,"$75.00",,,,,,,,,,,,,
"SHAKESPEARE ROMEO AND JULLIET","2013",,"SHREE BOOK CENTRE","2013","CHILDREN CLASSICS","2470","ENG MED","MUMBAI","ESC 44",,,,"CHARLES AND MARY LAMB","CHILDREN CLASSICS","2470",,,"$75.00",,,,,,,,,,,,,
"SHAKESPEARE MACBETH","2013",,"SHREE BOOK CENTRE","2013","CHILDREN CLASSICS","2471","ENG MED","MUMBAI","ESC 45",,,,"CHARLES AND MARY LAMB","CHILDREN CLASSICS","2471",,,"$75.00",,,,,,,,,,,,,
"SHAKESPEARE THE COMEDY OF ERRORS","2013",,"SHREE BOOK CENTRE","2013","CHILDREN CLASSICS","2472","ENG MED","MUMBAI","ESC 46",,,,"CHARLES AND MARY LAMB","CHILDREN CLASSICS","2472",,,"$75.00",,,,,,,,,,,,,
"SHAKESPEARE AS YOU LIKE IT","2013",,"SHREE BOOK CENTRE","2013","CHILDREN CLASSICS","2473","ENG MED","MUMBAI","ESC 47",,,,"CHARLES AND MARY LAMB","CHILDREN CLASSICS","2473",,,"$75.00",,,,,,,,,,,,,
"SHAKESPEARE MEASURE FOR MEASURE","2013",,"SHREE BOOK CENTRE","2013","CHILDREN CLASSICS","2474","ENG MED","MADRAS","ESC 48",,,,"CHARLES AND MARY LAMB","CHILDREN CLASSICS","2474",,,"$75.00",,,,,,,,,,,,,
"AWESOME FOLK TALES","2013",,"SHREE BOOK CENTRE","2013","STORY BOOK","2475","ENG MED","MUMBAI","ESB 577",,,,,"STORY BOOK","2475",,,"$199.00",,,,,,,,,,,,,
"MAGICAL AESOPS FABLES","2013",,"SHREE BOOK CENTRE","2013","STORY BOOK","2476","ENG MED","MUMBAI","ESB 578",,,,,"STORY BOOK","2476",,,"$199.00",,,,,,,,,,,,,
"AWESOME TENALI RAMAN","2013",,"SHREE BOOK CENTRE","2013","STORY BOOK","2477","ENG MED","MUMBAI","ESB 579",,,,,"STORY BOOK","2477",,,"$199.00",,,,,,,,,,,,,
"AWESOME GRANDMA STORIES","2013",,"SHREE BOOK CENTRE","2013","STORY BOOK","2478","ENG MED","MUMBAI","ESB 580",,,,,"STORY BOOK","2478",,,"$199.00",,,,,,,,,,,,,
"FABULOUS INDIAN MYTHOLOGY","2013",,"SHREE BOOK CENTRE","2013","STORY BOOK","2479","ENG MED","MUMBAI","ESB 581",,,,,"STORY BOOK","2479",,,"$199.00",,,,,,,,,,,,,
"AWESOME INDIAN MYTHOLOGY","2013",,"SHREE BOOK CENTRE","2013","STORY BOOK","2480","ENG MED","MUMBAI","ESB 582",,,,,"STORY BOOK","2480",,,"$199.00",,,,,,,,,,,,,
"FABULOUS AKBAR AND BIRBAL","2013",,"SHREE BOOK CENTRE","2013","STORY BOOK","2481","ENG MED","MUMBAI","ESB 583",,,,,"STORY BOOK","2481",,,"$199.00",,,,,,,,,,,,,
"AWESOME FAIRY TALES","2013",,"SHREE BOOK CENTRE","2013","STORY BOOK","2482","ENG MED","MUMBAI","ESB 584",,,,,"STORY BOOK","2482",,,"$199.00",,,,,,,,,,,,,
"AWESOME ARABIAN NIGHTS","2013",,"SHREE BOOK CENTRE","2013","STORY BOOK","2483","ENG MED","MUMBAI","ESB 585",,,,,"STORY BOOK","2483",,,"$199.00",,,,,,,,,,,,,
"AWESOME AESOPS FABLES","2013",,"SHREE BOOK CENTRE","2013","STORY BOOK","2484","ENG MED","MUMBAI","ESB 586",,,,,"STORY BOOK","2484",,,"$199.00",,,,,,,,,,,,,
"MAGICAL PANCHATANTRA STORIES","2013",,"SHREE BOOK CENTRE","2013","STORY BOOK","2485","ENG MED","MUMBAI","ESB 587",,,,,"STORY BOOK","2485",,,"$199.00",,,,,,,,,,,,,
"FABULOUS GRANDPA STORIES","2013",,"SHREE BOOK CENTRE","2013","STORY BOOK","2486","ENG MED","MUMBAI","ESB 588",,,,,"STORY BOOK","2486",,,"$199.00",,,,,,,,,,,,,
"MAGICAL TENALI RAMAN","2013",,"SHREE BOOK CENTRE","2013","STORY BOOK","2487","ENG MED","MUMBAI","ESB 589",,,,,"STORY BOOK","2487",,,"$199.00",,,,,,,,,,,,,
"ADVENTURES OF HANUMAN","2013",,"SHREE BOOK CENTRE","2013","STORY BOOK","2488","ENG MED","MUMBAI","ESB 590",,,,,"STORY BOOK","2488",,,"$199.00",,,,,,,,,,,,,
"FASTER 100 WAYS TO IMPROVE YOUR DIGITAL LIFE","2013",,"PORTFOLIO PENGUIN","2013","COMPUTER","2489","ENG MED","ENGLAND","EFH 10",,,,"ANKIT FADIA","COMPUTER","2489",,,"$199.00",,,,,,,,,,,,,
"BEYOND THE POWER OF YOUR SUBCONSCIOUS MIND","2013",,"JAICO PUBLICATION HOUSE","2013","PERSONALITY DEVELOPEMENT","2490","ENG MED","MUMBAI","EP 84",,,,"C JAMES JENSEN","PERSONALITY DEVELOPEMENT","2490",,,"$199.00",,,,,,,,,,,,,
"THE STORY OF NIKE","2013",,"JAICO PUBLICATION HOUSE","2013","COMPUTER","2491","ENGLISH MEDIUM","MUMBAI","EFH 11",,,,"AARON FRISCH","COMPUTER","2491",,,"$99.00",,,,,,,,,,,,,
"THE STORY OF AMAZON.COM","2013",,"JAICO PUBLICATION HOUSE","2013","COMPUTER","2492","ENGLISH MEDIUM","MUMBAI","EFH 12",,,,"SARA GILBERT","COMPUTER","2492",,,"$99.00",,,,,,,,,,,,,
"THE STORY OF MICROSOFT","2013",,"JAICO PUBLICATION HOUSE","2013","COMPUTER","2493","ENG MED","MUMBAI","EFH 13",,,,"NELL MUSOLF","COMPUTER","2493",,,"$99.00",,,,,,,,,,,,,
"THE STORY OF FACEBOOK","2013",,"JAICO PUBLICATION HOUSE","2013","COMPUTER","2494","ENG MED","MUMBAI","EFH 14",,,,"SARA GILBERT","COMPUTER","2494",,,"$99.00",,,,,,,,,,,,,
"THE STORY OF GOOGLE","2013",,"JAICO PUBLICATION HOUSE","2013","COMPUTER","2495","ENG MED","MUMBAI","EFH 15",,,,"SARA GILBERT","COMPUTER","2495",,,"$99.00",,,,,,,,,,,,,
"THE STORY OF APPLE","2013",,"JAICO PUBLICATION HOUSE","2013","COMPUTER","2496","ENG MED","MUMBAI","EFH 16",,,,"SARA GILBERT","COMPUTER","2496",,,"$99.00",,,,,,,,,,,,,
"A BIOGRAPHY ALBERT EINSTEIN","2013",,"JAICO PUBLICATION HOUSE","2013","PERSONALITY DEVELOPEMENT","2497","ENG MED","DELHI","EB 110",,,,"ALICE CALAPRICE","PERSONALITY DEVELOPEMENT","2497",,,"$250.00",,,,,,,,,,,,,
"SEEK","2013",,"RANDOM HOUSE","2013","PERSONALITY DEVELOPEMENT","2498","ENG MED","UK","EP 85",,,,"RAKESH GODHWANI","PERSONALITY DEVELOPEMENT","2498",,,"$150.00",,,,,,,,,,,,,
"I AM MALALA","2013",,"WEIDENFIELDAND NICOLSON","2014","BIOGRAPHY","2499","ENG MED","LONDON","EB 111",,,,"MALALA YOUSAFZAI","BIOGRAPHY","2499",,,"$399.00",,,,,,,,,,,,,
"CHICKEN SOUP FOR THE UNSINKABLE SOUL","1999",,"WESTLAND LTD","2014","OTHER","2500","ENG MED","CHENNAI","EKB 53",,,,"JACK CANFIELD","OTHER","2500",,,"$225.00",,,,,,,,,,,,,
"CHICKEN SOUP FOR THE PRETEENS TALK","2009",,"WESTLAND LTD","2014","OTHER","2501","ENG MED","LONDON","EKB 54",,,,"JACK CANFIELD","OTHER","2501",,,"$295.00",,,,,,,,,,,,,
"CHICKEN SOUP FOR THE MOTHER AND SON SOUL","2007",,"WESTLAND LTD","2014","OTHER","2502","ENG MED","CHENNAI","EKB 55",,,,"JACK CANFIELD","OTHER","2502",,,"$295.00",,,,,,,,,,,,,
"A BIOGRAPHY OF ABRAHAM LINCOLN","2009",,"LEXICON BOOKS","2014","BIOGRAPHY","2503","ENG MED","NEW DELHI","EB 112",,,,"G.R.BENSON","BIOGRAPHY","2503",,,"$225.00",,,,,,,,,,,,,
"CAPITAL","2000",,"MAPLE PRESS","2014","STUDENTS CLASSICS","2504","ENG MED","NOIDA","EP 86",,,,"KARL MARX","STUDENTS CLASSICS","2504",,,"$295.00",,,,,,,,,,,,,
"DEAR JOHN","2006",,"SPHERE","2014","OTHER","2505","ENG MED","UK","EKB 56",,,,"NICHOLAS SPARKS","OTHER","2505",,,"$125.00",,,,,,,,,,,,,
"KING JOHN","2006",,"WASHINGTON SQUARE PRESS","2014","STUDENTS CLASSICS","2506","ENG MED","LONDON","ESC 52",,,,"WIILLIAM SHAKESPEAR","STUDENTS CLASSICS","2506",,,"$95.00",,,,,,,,,,,,,
"HANS ANDERSENS FAIRY TALES","2000",,"PUFFIN BOOKS","2014","STUDENTS CLASSICS","2507","ENG MED","LONDON","ESC 49",,,,"NAOMI LEWIS","STUDENTS CLASSICS","2507",,,"$95.00",,,,,,,,,,,,,
"GOOSEBUMPSSERIES 2000A","2006",,"SCHOLASTIC","2014","STUDENTS CLASSICS","2508","ENG MED","LONDON","ESC 50",,,,"R.L. STINE","STUDENTS CLASSICS","2508",,,"$100.00",,,,,,,,,,,,,
"GOOSEBUMPS THE BEAST FROM THE EAST","2006",,"SCHOLASTIC","2014","STUDENTS CLASSICS","2509","ENG MED","LONDON","ESC 51",,,,"R.L.STINE","STUDENTS CLASSICS","2509",,,"$100.00",,,,,,,,,,,,,
"JUNIOR SCIENCE MODULES LIGHT","2013",,"FEDERAL PUBLICATIONS","2014","SCIENCE","2514","ENG MED","SINGAPORE","EFD 219",,,,"C.N.PRESCOTT","SCIENCE","2514",,,"$50.00",,,,,,,,,,,,,
"JUNIOR SCIENCE MODULES HEAT","2013",,"FEDERAL PUBLICATIONS","2014","SCIENCE","2515","ENG MED","SINGAPORE","EFD 220",,,,"C.N.PRESCOTT","SCIENCE","2515",,,"$50.00",,,,,,,,,,,,,
"GIJUBHAIS WONDERLAND 1","2013",,"AKSHARA PRAKASHAN","2013","STORY BOOK","2518","ENG MED","AHAMEDABAD","ESB 91",,,,"GIJUBHAI BADHEKA","STORY BOOK","2518",,,"$50.00",,,,,,,,,,,,,
"GIJUBHAIS WONDERLAND 2","2013",,"AKSHARA PRAKASHAN","2014","STORY BOOK","2519","ENG MED","AHAMEDABAD","ESB 592",,,,"GIJUBHAI BADHEKA","STORY BOOK","2519",,,"$50.00",,,,,,,,,,,,,
"GIJUBHAIS WONDERLAND 3","2013",,"AKSHARA PRAKASHAN","2014","STORY BOOK","2520","ENG MED","AHAMEDABAD","ESB 593",,,,"GIJUBHAI BADHEKA","STORY BOOK","2520",,,"$50.00",,,,,,,,,,,,,
"GIJUBHAIS WONDERLAND 4","2013",,"AKSHARA PRAKASHAN","2014","STORY BOOK","2521","ENG MED","AHAMEDABAD","ESB 594",,,,"GIJUBHAI BADHEKA","STORY BOOK","2521",,,"$50.00",,,,,,,,,,,,,
"GIJUBHAIS WONDERLAND 5","2013",,"AKSHARA PRAKASHAN","2014","STORY BOOK","2522","ENG MED","AHAMEDABAD","ESB 595",,,,"GIJUBHAI BADHEKA","STORY BOOK","2522",,,"$50.00",,,,,,,,,,,,,
"GIJUBHAIS WONDERLAND 6","2013",,"AKSHARA PRAKASHAN","2014","STORY BOOK","2523","ENG MED","AHAMEDABAD","ESB 596",,,,"GIJUBHAI BADHEKA","STORY BOOK","2523",,,"$50.00",,,,,,,,,,,,,
"GIJUBHAIS WONDERLAND 7","2013",,"AKSHARA PRAKASHAN","2014","STORY BOOK","2524","ENG MED","AHAMEDABAD","ESB 597",,,,"GIJUBHAI BADHEKA","STORY BOOK","2524",,,"$50.00",,,,,,,,,,,,,
"GIJUBHAIS WONDERLAND 8","2013",,"AKSHARA PRAKASHAN","2014","STORY BOOK","2525","ENG MED","AHAMEDABAD","ESB 598",,,,"GIJUBHAI BADHEKA","STORY BOOK","2525",,,"$50.00",,,,,,,,,,,,,
"GIJUBHAIS WONDERLAND 9","2013",,"AKSHARA PRAKASHAN","2014","STORY BOOK","2526","ENG MED","AHAMEDABAD","ESB 599",,,,"GIJUBHAI BADHEKA","STORY BOOK","2526",,,"$50.00",,,,,,,,,,,,,
"GIJUBHAIS WONDERLAND 10","2013",,"AKSHARA PRAKASHAN","2014","STORY BOOK","2527","ENG MED","AHAMEDABAD","ESB 600",,,,"GIJUBHAI BADHEKA","STORY BOOK","2527",,,"$50.00",,,,,,,,,,,,,
"GIJUBHAIS WONDERLAND 11","2013",,"AKSHARA PRAKASHAN","2014","STORY BOOK","2528","ENG MED","AHAMEDABAD","ESB 601",,,,"GIJUBHAI BADHEKA","STORY BOOK","2528",,,"$50.00",,,,,,,,,,,,,
"GIJUBHAIS WONDERLAND 12","2013",,"AKSHARA PRAKASHAN","2014","STORY BOOK","2529","ENG MED","AHAMEDABAD","ESB 602",,,,"GIJUBHAI BADHEKA","STORY BOOK","2529",,,"$50.00",,,,,,,,,,,,,
"WILD ANIMALS","2013",,"AKSHARA PRAKASHAN","2014","STORY BOOK","2530","ENG MED","AHAMEDABAD","EFD 223",,,,"RAJNEE VYAS","STORY BOOK","2530",,,"$60.00",,,,,,,,,,,,,
"THE THUMB PRINCE","2013",,"AKSHARA PRAKASHAN","2014","STORY BOOK","2531","ENG MED","AHAMEDABAD","ESB 603",,,,"PROF P.J.SONI","STORY BOOK","2531",,,"$40.00",,,,,,,,,,,,,
"CATERPILLARS","2010",,"NORTH WORD","2014","ENVIRONMENT","2532","ENG MED","MINOCQUA","EVS 8",,,,"MEL BORING","ENVIRONMENT","2532",,,"$50.00",,,,,,,,,,,,,
"CYCLOPEDIA 2","2010",,"FUNK AND WAGNALS","2014","STORY BOOK","2533","ENG MED","UK","ESB 614",,,,"CHARLES M. SCHULZ","STORY BOOK","2533",,,"$50.00",,,,,,,,,,,,,
"DISNEY FAMILY STORY COLLECTION","2010",,"DISNEY PRESS","2014","STORY BOOK","2534","ENG MED","NEW YORK","ESB 615",,,,"MICHAEL CATLETT","STORY BOOK","2534",,,"$100.00",,,,,,,,,,,,,
"THE DREAM KEEPER","2010",,"SCHOLASTIC","2014","STUDENTS CLASSICS","2535","ENG MED","NEW YORK","ESB 609",,,,"BRIAN PINKNEY","STUDENTS CLASSICS","2535",,,"$50.00",,,,,,,,,,,,,
"LITTLE RED BOOK","2010",,"SIMON ANDSCHUSTER","2014","STUDENTS CLASSICS","2536","ENG MED","LONDON","ESC 54",,,,"HARVEY PENIC","STUDENTS CLASSICS","2536",,,"$50.00",,,,,,,,,,,,,
"TITANIC","2010",,"SCHOLASTIC","2014","SCIENCE","2537","ENG MED","LONDON","EFD 225",,,,"ROBERT D. BALLARD","SCIENCE","2537",,,"$100.00",,,,,,,,,,,,,
"A TREASURES TROVE","2010",,"TREASURE TROV INC","2014","STORY BOOK","2538","ENG MED","USA","ESB 605",,,,"MICHAEL STADTHER","STORY BOOK","2538",,,"$50.00",,,,,,,,,,,,,
"SPACE STAION SCIENCE","2010",,"SCHOLASTIC","2014","SCIENCE","2539","ENG MED","LONDON","EFD 224",,,,"MARIANNE J. DYSON","SCIENCE","2539",,,"$100.00",,,,,,,,,,,,,
"MONSTER HOUSE","2010",,"SIMON ANDSCHUSTER","2014","STORY BOOK","2540","ENG MED","NEW YORK","ESC 53",,,,"TOM HUGHEE","STORY BOOK","2540",,,"$50.00",,,,,,,,,,,,,
"CALLIE FOR PRESIDENT","2010",,"SCHOLASTIC","2014","CHILDREN CLASSICS","2541","ENG MED","LONDON","ESC 58",,,,"ROBIN WASSERMAN","CHILDREN CLASSICS","2541",,,"$50.00",,,,,,,,,,,,,
"UNDERWATER LIFE","2010",,"TROLL ASSOCIATES","2014","ENVIRONMENT","2542","ENG MED","USA","EVS 6",,,,"THERESA GRACE","ENVIRONMENT","2542",,,"$50.00",,,,,,,,,,,,,
"FRIENDS","2010",,"SCHOLASTIC","2014","STORY BOOK","2543","ENG MED","NEW YORK","ESB 618",,,,"KARAN BOKRAM","STORY BOOK","2543",,,"$100.00",,,,,,,,,,,,,
"PET DICTIONARY","2010",,"SCHOLASTIC","2014","ENVIRONMENT","2544","ENG MED","LONDON","EVS 2",,,,,"ENVIRONMENT","2544",,,"$100.00",,,,,,,,,,,,,
"SHELLS","2010",,"DK","2014","ENVIRONMENT","2545","ENG MED","NEW YORK","EVS 5",,,,"JENNIFER COLDRY","ENVIRONMENT","2545",,,"$50.00",,,,,,,,,,,,,
"SEVEN SPIDERS SPINNING","2010",,"HARPER TROPHY","2014","CHILDREN CLASSICS","2546","ENG MED","UK","ESC 56",,,,"GREGORY MAGUIRE","CHILDREN CLASSICS","2546",,,"$50.00",,,,,,,,,,,,,
"THE FANGTASTIC ADVENTURES OF DRACULAS DENTURES","2010",,"EDC","2014","STORY BOOK","2547","ENG MED","USA","ESB 616",,,,"PHILIP HAWTHORN","STORY BOOK","2547",,,"$50.00",,,,,,,,,,,,,
"TYRANNOSAURUS","2009",,"SCHOLASTIC","2014","ENVIRONMENT","2548","ENG MED","NEW YORK","EVS 4",,,,"JACK PRELUTSKY","ENVIRONMENT","2548",,,"$50.00",,,,,,,,,,,,,
"BIOICLE","2010",,"SCHOLASTIC","2014","ENVIRONMENT","2549","ENG MED","LONDON","EVS 9",,,,"GREG FARSHTEY","ENVIRONMENT","2549",,,"$50.00",,,,,,,,,,,,,
"ALICE IN WONDERLAND","2010",,"GOLDEN PRESS","2014","STORY BOOK","2550","ENG MED","NEW YORK","ESB 617",,,,"LEWIS CARROLLS ","STORY BOOK","2550",,,"$50.00",,,,,,,,,,,,,
"SNOWBOARDING","2010",,"DK","2014","STORY BOOK","2551","ENG MED","SINGAPORE","ESB 612",,,,"STEVE DAVIS","STORY BOOK","2551",,,"$50.00",,,,,,,,,,,,,
"FIGHT FOR LIFE","2010",,"SCHOLASTIC","2014","STUDENTS CLASSICS","2552","ENG MED","LONDON","ESC 55",,,,"LAURIE HALSE ANDERSON","STUDENTS CLASSICS","2552",,,"$50.00",,,,,,,,,,,,,
"HOW NATURE WORKS","2010",,"READERS DIGEST ","2014","ENVIRONMENT","2553","ENG MED","NEW YORK","EVS 1",,,,"DAVID BURNIE","ENVIRONMENT","2553",,,"$100.00",,,,,,,,,,,,,
"ROBIN HOOD PRINCE OF THIEVES","2010",,"MALLARD PRESS","2014","STORY BOOK","2554","ENG MED","UK","ESB 611",,,,"GARTH PEARCE","STORY BOOK","2554",,,"$50.00",,,,,,,,,,,,,
"WPRST ENEMIES /BEST FRIENDS","2010",,"ALADDIN MIX","2014","STUDENTS CLASSICS","2555","ENG MED","LONDON","ESC 57",,,,"ANNIE BRAYANT","STUDENTS CLASSICS","2555",,,"$100.00",,,,,,,,,,,,,
"DISNEY STORY COLLECTION","2010",,"RANDOM HOUSE","2014","STORY BOOK","2556","ENG MED","NEW YORK","ESB 613",,,,"DISNEY ARISTOCAT","STORY BOOK","2556",,,"$50.00",,,,,,,,,,,,,
"THE MAGIC SCHOOL BUS","2010",,"SCHOLASTIC","2014","STORY BOOK","2557","ENG MED","LONDON","ESB 608",,,,"JOANNA COLE ","STORY BOOK","2557",,,"$50.00",,,,,,,,,,,,,
"DISNEYS PRINCESS COLLECTION","2010",,"DISNEY PRESS","2014","STORY BOOK","2558","ENG MED","NEW YORK","ESB 610",,,,,"STORY BOOK","2558",,,"$100.00",,,,,,,,,,,,,
"SCIENCE EXPERIMENTS","2010",,"EDC","2014","SCIENCE","2559","ENG MED","USA","EFD 226",,,,"JANE BINGHAM","SCIENCE","2559",,,"$50.00",,,,,,,,,,,,,
"BABY SITTERS LITTLE SISTERS#27","2010",,"SCHOLASTIC","2014","STORY BOOK","2560","ENG MED","LONDON","ESB 604",,,,"ANN M. MARTIN","STORY BOOK","2560",,,"$50.00",,,,,,,,,,,,,
"DISNEY PIXOR MONSTERS,INC ","2009",,"SCHOLASTIC","2014","STORY BOOK","2561","ENG MED","LONDON","ESB 607",,,,,"STORY BOOK","2561",,,"$50.00",,,,,,,,,,,,,
"JUNIOR GREAT BOOKS","2010",,"THE GREAT BOOK FOUNDATION","2014","STORY BOOK","2562","ENG MED","CHICAGO","ESB 606",,,,,"STORY BOOK","2562",,,"$50.00",,,,,,,,,,,,,
"SPIDERS","2010",,"KIDS BOOKS","2014","ENVIRONMENT","2563","ENG MED","USA","EVS 7",,,,"JANE P. RESNICK","ENVIRONMENT","2563",,,"$50.00",,,,,,,,,,,,,
"BIRDS OF PREY","2010",,"CHILDREN PRESS","2014","ENVIRONMENT","2564","ENG MED","CHICAGO","EVS 3",,,,"LYNN M. STONE","ENVIRONMENT","2564",,,"$50.00",,,,,,,,,,,,,
"THE INHERIFANCE OF LOSS","2006",,"PENGUIN BOOKS","2014","NOVEL","2565","ENG MED","NEW DELHI","EA 162",,,,"KIRAN DESAI","NOVEL","2565",,,"$399.00",,,,,,,,,,,,,
"PRIDE AND PREJUDICE","2010",,"BARONET BOOKS","2014","STUDENTS CLASSICS","2566","ENG MED","NEW YORK","ESC 66",,,,"JANE AUSTEN","STUDENTS CLASSICS","2566",,,"$100.00",,,,,,,,,,,,,
"PRIDE AND PREJUDICE","2010",,"NORTON AND COMPANY","2014","NOVEL","2567","ENG MED","NEW YORK","EA 163",,,,"JANE AUSTEN","NOVEL","2567",,,"$295.00",,,,,,,,,,,,,
"THE SECRET SEVEN THREE EXCITING ADVENTURES","2010",,"HODDER CHILDRENS BOOK","2014","STUDENTS CLASSICS","2568","ENG MED","NOIDA","ESC 65",,,,"ENID BLYTON","STUDENTS CLASSICS","2568",,,"$150.00",,,,,,,,,,,,,
"STAY HUNGRY STAY FOOLISH","2008",,"IIM AHMEDABAD","2014","STUDENTS CLASSICS","2569","ENG MED","AHAMEDABAD","EP 87",,,,"RASHMI BANSAL ","STUDENTS CLASSICS","2569",,,"$125.00",,,,,,,,,,,,,
"A PHILOSOPHY OF THE ROLE OF THE CONTEMPORARY TEACHER","2010",,"THE MOTHERS INSTITUTE OF RESEARCH","2014","EDUCATION","2570","ENG MED","DELHI","EED 54",,,,"KIREET JOSHI","EDUCATION","2570",,,"$390.00",,,,,,,,,,,,,
"NALA AND DAMAYANTI","2004",,"INDIAN COUNCIL OF PHILOSOPHICAL RESEARCH","2014","EDUCATION","2571","ENG MED","NEW DELHI","EED 56",,,,"KIREET JOSHI","EDUCATION","2571",,,"$170.00",,,,,,,,,,,,,
"BETTER WORDPOWER","2006",,"OXFORD UNI PRESS","2014","GK","2572","ENG MED","USA","EK 299",,,,"JANE WHITCUT","GK","2572",,,"$100.00",,,,,,,,,,,,,
"HARRY POTTER AND THE PHILOSOPHERS STONE","2010",,"BLOOMSBURY","2014","STUDENTS CLASSICS","2573","ENG MED","LONDON","ESC 67",,,,"J.K.ROWLING","STUDENTS CLASSICS","2573",,,"$100.00",,,,,,,,,,,,,
"CONTEMPORARY INDIA","2009",,"PEARSON EDUCATION","2014","EDUCATION","2574","ENG MED","NEW DELHI","EED 57",,,,"NEERA CHANDHOKE","EDUCATION","2574",,,"$150.00",,,,,,,,,,,,,
"THE ADVENTURES OF TOM SAWYER","2009",,"BARNES AND NOBLE","2014","ADVENTURE","2575","ENG MED","NEW YORK","EEA 12",,,,"MARK TWAIN","ADVENTURE","2575",,,"$100.00",,,,,,,,,,,,,
"BEST STORY BOOK EVER","2009",,"GOLDEN BOOK ","2014","STORY BOOK","2576","ENG MED","NEW YORK","ESB 639",,,,"RICHARD SCARRYS ","STORY BOOK","2576",,,"$50.00",,,,,,,,,,,,,
"GOOSEBUMPS MONSTER BLOOD","2010",,"SCHOLASTIC","2014","STUDENTS CLASSICS","2577","ENG MED","LONDON","ESC 60",,,,"R.L. STINE","STUDENTS CLASSICS","2577",,,"$100.00",,,,,,,,,,,,,
"HOW TO GET FROM WHERE","2007",,"HARPER ELEMENTS","2014","PERSONALITY DEVELOPEMENT","2578","ENG MED","LONDON","EP 88",,,,"JACK CANFIELD","PERSONALITY DEVELOPEMENT","2578",,,"$275.00",,,,,,,,,,,,,
"QUESTIONS KIDS ASK","2009",,"GROLIER","2014","GK","2579","ENG MED","USA","EK 303",,,,,"GK","2579",,,"$50.00",,,,,,,,,,,,,
"THE SECRET SEVEN SHOCK FOR THE SECRET SEVEN","2009",,"HODDER AND STOUGHTON","2014","STUDENTS CLASSICS","2580","ENG MED","UK","ESC 64",,,,"ENID BLYTON","STUDENTS CLASSICS","2580",,,"$50.00",,,,,,,,,,,,,
"GOOSEBUMPS THE HEADLESS GHOST","2009",,"SCHOLASTIC","2014","STUDENTS CLASSICS","2581","ENG MED","NEW DELHI","ESC 59",,,,"R.L. STINE","STUDENTS CLASSICS","2581",,,"$50.00",,,,,,,,,,,,,
"OLIVER TWIST","2011",,"BARONET BOOKS","2014","STUDENTS CLASSICS","2582","ENG MED","NEW YORK","ESC 68",,,,"CHARLES DICKENS","STUDENTS CLASSICS","2582",,,"$100.00",,,,,,,,,,,,,
"GOOSEBUMPS REVENGE OF THE LAWN","2009",,"SCHOLASTIC","2014","STUDENTS CLASSICS","2583","ENG MED","LONDON","ESC 62",,,,"R.L. STINE","STUDENTS CLASSICS","2583",,,"$50.00",,,,,,,,,,,,,
"GOOSEBUMPS THE GIRL WHO CRIED MONSTER","2010",,"SCHOLASTIC","2014","STUDENTS CLASSICS","2584","ENG MED","LONDON","ESC 63",,,,"R.L. STINE","STUDENTS CLASSICS","2584",,,"$95.00",,,,,,,,,,,,,
"GOOSEBUMPS BE CAREFUL","2009",,"SCHOLASTIC","2014","STUDENTS CLASSICS","2585","ENG MED","LONDON","ESC 61",,,,"R.L. STINE","STUDENTS CLASSICS","2585",,,"$95.00",,,,,,,,,,,,,
"LOST TREASURE OF THE EMERALD EYE","2010",,"SCHOLASTIC","2014","STUDENTS CLASSICS","2586","ENG MED","NEW DELHI","ESC 69",,,,"GERONIMA STILTON","STUDENTS CLASSICS","2586",,,"$150.00",,,,,,,,,,,,,
"EDUCATION OF THE COMPLETE PERSON","2012",,"THE MOTHERS INSTITUTE OF RESEARCH","2014","EDUCATION","2587","ENG MED","NEW DELHI","EED 54",,,,"KIREET JOSHI","EDUCATION","2587",,,"$240.00",,,,,,,,,,,,,
"THE SECRET SEVEN ADVENTURE","2009",,"HODDER AND STOUGHTON","2014","STORY BOOK","2588","ENG MED","UK","ESB 637",,,,"ENID BLYTON","STORY BOOK","2588",,,"$50.00",,,,,,,,,,,,,
"SECRET SEVEN GO AHEAD ","2009",,"HODDER AND STOUGHTON","2014","STORY BOOK","2589","ENG MED","NEW YORK","ESB 636",,,,"ENID BLYTON","STORY BOOK","2589",,,"$50.00",,,,,,,,,,,,,
"POOH FUN IS WHERE","2009",,"DISNEY","2014","STORY BOOK","2590","ENG MED","USA","ESB 622",,,,"RONALD KIDD","STORY BOOK","2590",,,"$100.00",,,,,,,,,,,,,
"POOH THE FRIENDSHIP GARDEN","2009",,"DISNEY","2014","STORY BOOK","2591","ENG MED","USA","ESB 621",,,,"RITA BALDUCCI","STORY BOOK","2591",,,"$100.00",,,,,,,,,,,,,
"BRONTOSAURUS","2009",,"RAY ROURKE PUBLISHING COMPANY","2014","ENVIRONMENT","2592","ENG MED",,"EVS 10",,,,"ANGELA SHEEHAN","ENVIRONMENT","2592",,,"$50.00",,,,,,,,,,,,,
"OLD BLACK WITCH","2009",,"PARENTS MAGAZINE PRESS","2014","STORY BOOK","2593","ENG MED","NEW YORK","ESB 620",,,,"HARRY DEVLIN","STORY BOOK","2593",,,"$50.00",,,,,,,,,,,,,
"HIGH SCHOOL MUSICAL","2009",,"DISNEY PRESS","2014","STORY BOOK","2594","ENG MED","NEW YORK","ESB 619",,,,"EMMA HARRISON","STORY BOOK","2594",,,"$50.00",,,,,,,,,,,,,
"WEEK AT GRANDMAS","2009",,"RANDOM HOUSE","2014","STORY BOOK","2595","ENG MED","DELHI","ESB 623",,,,,"STORY BOOK","2595",,,"$50.00",,,,,,,,,,,,,
"DINOSAURS","2009",,"BISON BOOKS","2014","ENVIRONMENT","2596","ENG MED","USA","EVS 11",,,,"JOHN MAN","ENVIRONMENT","2596",,,"$50.00",,,,,,,,,,,,,
"PLAIN GIREL","2009",,"SCHOLASTIC","2014","STORY BOOK","2597","ENG MED","NEW DELHI","ESB 638",,,,"VIRGINIA SORENSEN","STORY BOOK","2597",,,"$50.00",,,,,,,,,,,,,
"3 NINJAS KICK BACK","2009",,"SCHOLASTIC","2014","STORY BOOK","2598","ENG MED","LONDON","ESB 626",,,,"NANCY KRULIK","STORY BOOK","2598",,,"$50.00",,,,,,,,,,,,,
"THE GLOW IN THE DARK ZODIAC","2009",,"RANDOM HOUSE","2014","STORY BOOK","2599","ENG MED","NEW YORK","ESB 627",,,,"KATHARINE ROSS","STORY BOOK","2599",,,"$50.00",,,,,,,,,,,,,
"RIDING CHAMPION","2009",,"GOLDEN BOOK ","2014","STORY BOOK","2600","ENG MED",,"ESB 625",,,,"L.L. HITCHCOCK","STORY BOOK","2600",,,"$50.00",,,,,,,,,,,,,
"CHANGES FOR KIRSTEN","2009",,"PLEASANT COMPANY","2014","STORY BOOK","2601","ENG MED","UK","ESB 624",,,,"JANET SHAW","STORY BOOK","2601",,,"$50.00",,,,,,,,,,,,,
"SCARY STORIES 3","2009",,"HARPER","2014","STORY BOOK","2602","ENG MED","UK","ESB 628",,,,"ALVIN SCHWARTZ","STORY BOOK","2602",,,"$50.00",,,,,,,,,,,,,
"DINOSAUR WORLD","2009",,"PRICE STERN SLOAN","2014","ENVIRONMENT","2603","ENG MED","LOS ANGELS","EVS 13",,,,"GEOFFREY T. WILLIAMS","ENVIRONMENT","2603",,,"$50.00",,,,,,,,,,,,,
"PETS JUST WANT TO HAVE FUN","2010",,"HOOKED ON PHONICS","2014","ENVIRONMENT","2604","ENG MED


ENG MED","CHINA","EVS 12",,,,"NICOLA MATHEWS","ENVIRONMENT","2604",,,"$50.00",,,,,,,,,,,,,
"WILLT THE WANDERING KITTEN","2010",,"DERRYDALE BOOKS","2014","STORY BOOK","2605","ENG MED","NEW YORK","ESB 630",,,,,"STORY BOOK","2605",,,"$50.00",,,,,,,,,,,,,
"BE AN INVENTOR","2009",,"HARCOURT BRACE JOVANOVICH PUB","2014","SCIENCE","2606","ENG MED","NEW YORK","EFD 227",,,,"BARBARA TAYLOR","SCIENCE","2606",,,"$50.00",,,,,,,,,,,,,
"LITTLE MEN","2009",,"DOVER PUB.","2014","STORY BOOK","2607","ENG MED","NEW YORK","ESB 633",,,,"LOUISA MAY ALCOTT","STORY BOOK","2607",,,"$50.00",,,,,,,,,,,,,
"YANKEE DOODLE","2009",,"DK","2014","STORY BOOK","2608","ENG MED","LONDON","ESB 629",,,,"GARY CHALK","STORY BOOK","2608",,,"$50.00",,,,,,,,,,,,,
"WALT DISNEYS 101 DALMATIANS","2009",,"TWIN BOOKS","2014","STORY BOOK","2609","ENG MED","USA","ESB 631",,,,,"STORY BOOK","2609",,,"$100.00",,,,,,,,,,,,,
"DISCOVER DINOSAURS","2009",,"PUBLICATIN INTER","2014","ENVIRONMENT","2610","ENG MED","USA","EVS14",,,,"DONALD F. GLUT","ENVIRONMENT","2610",,,"$50.00",,,,,,,,,,,,,
"AFTERNOON ON THE AMAZON","2009",,"RANDOM HOUSE","2014","ENVIRONMENT","2611","ENG MED","USA","EVS 13",,,,"MARY POPE OSBORNE","ENVIRONMENT","2611",,,"$50.00",,,,,,,,,,,,,
"THE SESAME STREET TREASURY","1997",,"CHILDRENS TELEVISION WORKSHOP","2014","STORY BOOK","2612","ENG MED","UK","ESB 635",,,,"JIM HENSON","STORY BOOK","2612",,,"$50.00",,,,,,,,,,,,,
"BRAIN QUEST WORKBOOK","2009",,"WORKMAN PUBLISHING","2014","GK","2613","ENG MED","NEW YORK","EK 302",,,,"LISA MCCUE","GK","2613",,,"$100.00",,,,,,,,,,,,,
"WORLD OF FACTS","2009",,"PENGUIN BOOKS","2014","GK","2614","ENG MED","NEW DELHI","EK 301",,,,"RUSSELL ASH","GK","2614",,,"$275.00",,,,,,,,,,,,,
"I WONDER WHY I BLINK","1997",,"SOUTHWESTERN","2014","GK","2615","ENG MED","UK","EK 300",,,,"BRIGID AVISON","GK","2615",,,"$50.00",,,,,,,,,,,,,
"BABY ANIMAL STORIES","2006",,"PUBLICATIN INTER","2014","STORY BOOK","2616","ENG MED","UK","ESB 632",,,,"JANE MADAY","STORY BOOK","2616",,,"$100.00",,,,,,,,,,,,,
"THE UNIVERSE AND WEATHER","2009",,"THE CHILDRENS TREASURY OF KNOWLEDGE","2014","SCIENCE","2617","ENG MED","SINGAPORE","EFD 228",,,,"EDITORS OF FEP","SCIENCE","2617",,,"$100.00",,,,,,,,,,,,,
"SCHOLASTIC FIRST DICTIONARY","2010",,"SCHOLASTIC","2014","GK","2618","ENG MED","NEW DELHI","EK 304",,,,"JUDITH S. LEVEY","GK","2618",,,"$150.00",,,,,,,,,,,,,
"TREASURE OF VIRTUES","2009",,"PUBLICATIN INTER","2014","STORY BOOK","2619","ENG MED","USA","ESB 634",,,,"JENNIFER COLDRY","STORY BOOK","2619",,,"$100.00",,,,,,,,,,,,,
"THE BEST OF SAKI","2010",,"VISHV BOOKS","2014","STUDENTS CLASSICS","2620","ENG MED","DELHI","ESC 71",,,,"HECTOR HUGH MUNRO","STUDENTS CLASSICS","2620",,,"$95.00",,,,,,,,,,,,,
"TEENAGE BLUES PARENTING CLUES","2013",,"JAICO PUBLICATION HOUSE","2014","OTHER","2621","ENG MED","DELHI","EKB 57",,,,"ANJANEYA MISHRA","OTHER","2621",,,"$250.00",,,,,,,,,,,,,
"THE ONE MINUTE TEACHER","2009",,"HARPER COLLIAM PUB INDIA","2014","EDUCATION","2622","ENG MED","UK","EED58",,,,"SPENCER JOHNSON","EDUCATION","2622",,,"$150.00",,,,,,,,,,,,,
"101 PRERANATMAK VARTAO","2014",,"JAICO PUBLICATION HOUSE","2014","PERSONALITY DEVELOPEMENT","2623","ENG MED","AHAMEDABAD","EP 89",,,,"DR G. FRANSIS ZEVIOUR","PERSONALITY DEVELOPEMENT","2623",,,"$175.00",,,,,,,,,,,,,
"TOP 10 OF EVERYTHING 2014","2013",,"IMPULSE","2014","GK","2625","ENG MED","USA","EK 307",,,,"PAUL TERRY","GK","2625",,,"$1,795.00",,,,,,,,,,,,,
"BRITANNICA REFERENCE ENCYCLOPEDIA","2013",,"ENCYCLOPEDIA BRITANNICA PVT LTD INDIA","2014","GK","2626","ENG MED","LONDON","EK 308",,,,"JACOB E. SAFRA","GK","2626",,,"$1,895.00",,,,,,,,,,,,,
"1001 INVENTIONS THAT CHANGED THE WORLD","2011",,"CASSELL ILLUSTRATED","2014","GK","2627","ENG MED","USA","EK 309",,,,"JACK CHALLONER","GK","2627",,,"$995.00",,,,,,,,,,,,,
"ICT IN THE CLASSROOM","2013",,"RESEARCH PRESS","2015","EDUCATION","2628","ENG MEDIUM","NEW DELHI","EED 59",,,,"ANNE SPARROWHAWK","EDUCATION","2828",,,"$99.00",,,,,,,,,,,,,
"PRIMARY TEACHERS POCKETBOOK","2013",,"RESEARCH PRESS","2015","EDUCATION","2629","ENG MED","NEW DELHI","EED 60",,,,"BRUCE POTTS","EDUCATION","2629",,,"$99.00",,,,,,,,,,,,,
"A-Z EDUCATIONAL TERMS POCKETBOOK","2013",,"RESEARCH PRESS","2015","EDUCATION","2630","ENG MED","NEW DELHI","EED 61",,,,"BRIN BEST ","EDUCATION","2630",,,"$99.00",,,,,,,,,,,,,
"SECONDARY TEACHERS POCKET BOOK","2013",,"RESEARCH PRESS","2015","EDUCATION","2631","ENG MED","NEW DELHI","EED 62",,,,"BRIN BEST","EDUCATION","2631",,,"$99.00",,,,,,,,,,,,,
"IGNITED MINDS","2013",,"PENGUIN BOOKS","2015","EDUCATION","2632","ENG MEDIUM","NEW DELHI","EED 63",,,,"APJ ABDUL KALAM","EDUCATION","2632",,,"$199.00",,,,,,,,,,,,,
"IMPATIENT OPTIMIST","2013",,"COLLINS","2015","PERSONALITY DEVELOPEMENT","2633","ENG MED","NEW DELHI","EP 90",,,,"LISA ROGAK","PERSONALITY DEVELOPEMENT","2633",,,"$199.00",,,,,,,,,,,,,
"GITANJALI","2013",,"A FULL CIRCLE BOOK","2015","OTHER","2634","ENG MED","NEW DELHI","EKB 59",,,,"W.B.YEATS","OTHER","2634",,,"$95.00",,,,,,,,,,,,,
"THE FILTER BUBBLE","2011",,"PENGUIN BOOKS","2015","COMPUTER","2635","ENG MED","USA","EFH 17",,,,"ELI PARISER","COMPUTER","2635",,,"$200.00",,,,,,,,,,,,,
"SAFE IN THE STREETS","2011",,"PIATKUS","2015","OTHER","2636","ENG MED","UK","EKB 58",,,,"JESSICA DAVIES","OTHER","2636",,,"$100.00",,,,,,,,,,,,,
"FALLING FOR CHRISTMAS","2011",,"MIRA","2015","STUDENTS CLASSICS","2637","ENG MED","UK","ESC 72",,,,"DEBBIE MACOMBER","STUDENTS CLASSICS","2637",,,"$100.00",,,,,,,,,,,,,
"CHICKEN SOUP FOR THE SOUL ON BEING A PARENT","2013",,"WESTLAND LTD","2015","OTHER","2639","ENG MED","CHENNAI","EKB 60",,,,"JACK CANFIELD","OTHER","2639",,,"$295.00",,,,,,,,,,,,,
"CHICKEN SOUP FOR THE SOUL A BOOK OF MIRACLES","2013",,"WESTLAND LTD","2015","OTHER","2640","ENG MED","CHENNAI","EKB 61",,,,"JACK CANFIELD","OTHER","2640",,,"$295.00",,,,,,,,,,,,,
"CHICKEN SOUP FOR THE SOUL INDIAN FATHERS","2013",,"WESTLAND LTD","2015","OTHER","2641","ENG MED","CHENNAI","EKB 62",,,,"JACK CANFIELD","OTHER","2641",,,"$295.00",,,,,,,,,,,,,
"CHICKEN SOUP FOR THE SOULLIFE LESSONS","2013",,"WESTLAND LTD","2015","OTHER","2642","ENG MED","CHENNAI","EKB 63",,,,"JACK CANFIELD","OTHER","2642",,,"$295.00",,,,,,,,,,,,,
"CHICKEN SOUP FOR THE SOUL EXTRAORDINARY TEENS","2013",,"WESTLAND LTD","2015","OTHER","2643","ENG MED","CHENNAI","EKB 64",,,,"JACK CANFIELD","OTHER","2643",,,"$295.00",,,,,,,,,,,,,
"CHICKEN SOUP FOR THE SOUL TEENS TALK","2013",,"WESTLAND LTD","2015","OTHER","2644","ENG MED","CHENNAI","EKB 65",,,,"JACK CANFIELD","OTHER","2644",,,"$295.00",,,,,,,,,,,,,
"CHICKEN SOUP FOR THE SOULPOWER MOMS","2013",,"WESTLAND LTD","2015","OTHER","2645","ENG MED","CHENNAI","EKB 66",,,,"JACK CANFIELD","OTHER","2645",,,"$295.00",,,,,,,,,,,,,
"ADULTERY","2014",,"RANDOM HOUSE","2015","BIOGRAPHY","2646","ENG MED","NEW DELHI","EA 164",,,,"PAULO COELHO","BIOGRAPHY","2646",,,"$299.00",,,,,,,,,,,,,
"NR NARAYANA MURTY A BIOGRAPHY","2014",,"RAJPAL","2015","BIOGRAPHY","2647","ENG MED","DELHI","EB 119",,,,"RITU SINGH","BIOGRAPHY","2647",,,"$125.00",,,,,,,,,,,,,
"TRAVELLING TO INFINITY MY LIFE WITH STEPHEN","2014",,"MEHTA PUBLISHING HOUSE","2015","BIOGRAPHY","2648","ENG MED","PUNE","EB 120",,,,"JANE HAWKING","BIOGRAPHY","2648",,,"$550.00",,,,,,,,,,,,,
"GUTS AND GLORY","2014",,"RUPA","2015","BIOGRAPHY","2649","ENG MED","NEW DELHI","EB 118",,,,"SIBM","BIOGRAPHY","2649",,,"$250.00",,,,,,,,,,,,,
"100 WAYS TO BRING OUT YOUR BEST","2014",,"PUSTAK MAHAL","2015","PERSONALITY DEVELOPEMENT","2650","ENG MED","DELHI","EP 91",,,,"ROGER FRITZ","PERSONALITY DEVELOPEMENT","2650",,,"$150.00",,,,,,,,,,,,,
"50 MAGNIFICENT INDIANS","2014",,"JAICO PUBLICATION HOUSE","2015","BIOGRAPHY","2651","ENG MED","MUMBAI","EB 121",,,,"S.LAL","BIOGRAPHY","2651",,,"$299.00",,,,,,,,,,,,,
"THE GREAT BOOK OF ESSAYS","2013",,"SHREE BOOK CENTRE","2015","GRAMMER","2652","ENG MED","MUMBAI","EFA 83",,,,"JACK CANFIELD","GRAMMER","2652",,,"$135.00",,,,,,,,,,,,,
"MY GRAMMAR AND I","2009",,"MICHAEL OMARA BOOKS LTD.","2015","GRAMMER","2653","ENG MED","LONDON","EFA 84",,,,"CAROLINE TAGGART","GRAMMER","2653",,,"$135.00",,,,,,,,,,,,,
"ACTING AND THEATRE","2000",,"USBORNE BOOK","2015","DRAMA","2654","ENG MED","ENGLAND","ED 24",,,,"CHERYL EVANS","DRAMA","2654",,,"$100.00",,,,,,,,,,,,,
"JOY OF KNOWLEDGE","2000",,"MALTA","2015","GK","2655","ENG MED","UK","EK 318",,,,,"GK","2655",,,"$100.00",,,,,,,,,,,,,
"WILDLIFE","2000",,"COLLINS","2015","SCIENCE","2656","ENG MED","LONDON","EFD 232",,,,"MARTIN KNOWELDEN","SCIENCE","2656",,,"$1,000.00",,,,,,,,,,,,,
"EGYPT","2006",,"BRIJBASI ART PRESS","2015","GK","2657","ENG MED","NOIDA","EK 319",,,,,"GK","2657",,,"$120.00",,,,,,,,,,,,,
"DEVELOP YOUR CREATIVE SKILLS","2000",,"TIME LIFE","2015","OTHER","2658","ENG MED","USA","EKB 68",,,,,"OTHER","2658",,,"$100.00",,,,,,,,,,,,,
"UNDERSTANDING MUSIC","2000",,"USBORNE BOOK","2015","OTHER","2659","ENG MED","ENGLAND","EKB 67",,,,"RUSSELL PUNTER","OTHER","2659",,,"$100.00",,,,,,,,,,,,,
"MIRAGE","1998",,"RANDOM HOUSE","2015","NOVEL","2660","ENG MED","UK","EA 171",,,,"JAMES FOLLETT","NOVEL","2660",,,"$100.00",,,,,,,,,,,,,
"AFTER THE WAR","1999",,"COLLINS","2015","NOVEL","2661","ENG MED","LONDON","EA 166",,,,"FREDERIC RAPHAEL","NOVEL","2661",,,"$100.00",,,,,,,,,,,,,
"FLINT AND ROSES","2000",,"FUTURA PUBLICATIONS","2015","NOVEL","2662","ENG MED","LONDON","EA 165",,,,"BRENDA JAGGER","NOVEL","2662",,,"$100.00",,,,,,,,,,,,,
"BROTHER CADFAELS PENANCE","2008",,"TIME WARNER BOOKS","2015","NOVEL","2663","ENG MED","UK","EA 174",,,,"ELLIS PETERS","NOVEL","2663",,,"$100.00",,,,,,,,,,,,,
"THE AGE OF KALI","2001",,"PENGUIN BOOKS","2015","GK","2664","ENG MED","NEW DELHI","EK 312",,,,"WILLIAM DALRYMPLE","GK","2664",,,"$100.00",,,,,,,,,,,,,
"MY FIRST 1000 WORDS","2001",,"DISNEY PRESS","2015","GK","2665","ENG MED","USA","EK 311",,,,,"GK","2665",,,"$150.00",,,,,,,,,,,,,
"THE SNOW FALCON","1999",,"HARPER COLLIAM PUB INDIA","2015","NOVEL","2666","ENG MED","LONDON","EA 169",,,,"STUART HARRISON","NOVEL","2666",,,"$100.00",,,,,,,,,,,,,
"SOW THE SEED","2001",,"PAN BOOKS","2015","NOVEL","2668","ENG MED","UK","EA 181",,,,"MARGARET DICKINSON","NOVEL","2668",,,"$100.00",,,,,,,,,,,,,
"LOVE CHILD","2000",,"CORONET BOOKS","2015","NOVEL","2669","ENG MED","LONDON","EA 187",,,,"IRENE CARR","NOVEL","2669",,,"$100.00",,,,,,,,,,,,,
"ORPHANS OF THE STORM","2005",,"ARROW","2015","NOVEL","2670","ENG MED","UK","EA 183",,,,"KATIE FLYNN","NOVEL","2670",,,"$100.00",,,,,,,,,,,,,
"ON MYSTIC LAKE","1998",,"BANTAM BOOKS","2015","NOVEL","2671","ENG MED","LONDON","EA 182",,,,"KRISTIN HANNAH","NOVEL","2671",,,"$100.00",,,,,,,,,,,,,
"OLD SCORES","2006",,"HEADLINE","2015","NOVEL","2672","ENG MED","LONDON","EA 184",,,,"BERNARDINE KENNEDY","NOVEL","2672",,,"$100.00",,,,,,,,,,,,,
"WHEN TOMORROW DAWNS","2000",,"HEADLINE","2015","NOVEL","2673","ENG MED","LONDON","EA 168",,,,"LYN ANDREWS","NOVEL","2673",,,"$100.00",,,,,,,,,,,,,
"SWANSEA SUMMER","2005",,"ORION","2015","NOVEL","2674","ENG MED","LONDON","EA 175",,,,"CATRIN COLLIER","NOVEL","2674",,,"$100.00",,,,,,,,,,,,,
"THE AGE OF KALI","2004",,"PENGUIN BOOKS","2015","GK","2675","ENG MED","NEW DELHI","EK 313",,,,"WILLIAM DALRYMPLE","GK","2675",,,"$100.00",,,,,,,,,,,,,
"THE ARGUMENTATIVE INDIAN","2005",,"PENGUIN BOOKS","2015","NOVEL","2676","ENG MED","LONDON","EA 167",,,,"AMARTYSA SEN","NOVEL","2676",,,"$100.00",,,,,,,,,,,,,
"THE BIRTHDAY PARTY","2000",,"CORGI BOOKS","2015","NOVEL","2677","ENG MED","LONDON","EA 178",,,,"ELVI RHODES","NOVEL","2677",,,"$100.00",,,,,,,,,,,,,
"BETRAYED","2005",,"ARROW BOOKS","2015","NOVEL","2678","ENG MED","LONDON","EA 173",,,,"LYNDSEY HARRIS","NOVEL","2678",,,"$100.00",,,,,,,,,,,,,
"FALLEN ANGELS","2008",,"CORGI BOOKS","2015","NOVEL","2679","ENG MED","LONDON","EA 172",,,,"VALERIE WOOD","NOVEL","2679",,,"$100.00",,,,,,,,,,,,,
"A SENSE OF DUTY","2000",,"HARPER COLLIAM PUB INDIA","2015","NOVEL","2680","ENG MED","UK","EA 185",,,,"SHEELAGH KELLY","NOVEL","2680",,,"$100.00",,,,,,,,,,,,,
"ACORNAS SEARCH","2005",,"CORGI BOOKS","2015","NOVEL","2681","ENG MED","UK","EA 180",,,,"ANNE MCCAFFREY","NOVEL","2681",,,"$100.00",,,,,,,,,,,,,
"VORTEX","2003",,"WARNER BOOKS","2015","NOVEL","2682","ENG MED","LONDON","EA 170",,,,"LARRY BOND","NOVEL","2682",,,"$100.00",,,,,,,,,,,,,
"SALLYS WAR","2003",,"M & B","2015","NOVEL","2683","ENG MED","UK","EA 179",,,,"CONNIE MONK","NOVEL","2683",,,"$195.00",,,,,,,,,,,,,
"THE DEEP WELL AT NOON","1999",,"CORONET BOOKS","2015","NOVEL","2684","ENG MED","LONDON","EA 177",,,,"JESSICA STIRLING","NOVEL","2684",,,"$100.00",,,,,,,,,,,,,
"A CHILDS VOICE CALLING","2007",,"ARROW","2015","NOVEL","2685","ENG MED","AUSTRALIA","EA 176",,,,"MAGGIE BENNETT","NOVEL","2685",,,"$100.00",,,,,,,,,,,,,
"CHANAKYA MANTRA","2010",,"WESTLAND LTD","2015","HINDI","2686","ENG MED","NEW DELHI","EEC 72",,,,"ASHWIN SANGHI","HINDI","2686",,,"$195.00",,,,,,,,,,,,,
"MALGUDI KI KAHANIYAN","2012",,"RAJPAL","2015","HINDI","2687","ENG MED","DELHI","EEC 71",,,,"R.K.NARAYAN","HINDI","2687",,,"$195.00",,,,,,,,,,,,,
"IIM AHMEDABAD BUSINESS ","2011",,"RANDOM HOUSE","2015","PERSONALITY DEVELOPEMENT","2688","ENG MED","NOIDA","EP 93",,,,"S. MANIKUTTY","PERSONALITY DEVELOPEMENT","2688",,,"$299.00",,,,,,,,,,,,,
"WORLD OF FACTS","2006",,"PENGUIN 60P","2015","GK","2689","ENG MED","NEW DELHI","EK 314",,,,"RUSSEL ASH ","GK","2689",,,"$1,495.00",,,,,,,,,,,,,
"BREAKING WINDOWS","2001",,"THE FREE PRESS","2015","PERSONALITY DEVELOPEMENT","2690","ENG MED","NEW YORK","EP 94",,,,"DAVID BANK","PERSONALITY DEVELOPEMENT","2690",,,"$100.00",,,,,,,,,,,,,
"AMMI LETTER TO A DEMOCRATIC MOTHER","2008",,"TRANQUEBAR PRESS","2015","NOVEL","2691","ENG MED","NEW DELHI","EA 186",,,,"SAEED MIRZA","NOVEL","2691",,,"$100.00",,,,,,,,,,,,,
"GLOBAL LITERACIES","2000",,"SIMON ANDSCHUSTER","2015","PERSONALITY DEVELOPEMENT","2692","ENG MED","NEW YORK","EP 95",,,,"ROBERT ROSEN","PERSONALITY DEVELOPEMENT","2692",,,"$100.00",,,,,,,,,,,,,
"THE MONK WHO SOLD HIS FERRARI","2005",,"JAICO PUBLICATION HOUSE","2015","PERSONALITY DEVELOPEMENT","2694","ENG MED","NEW DELHI","EP 92",,,,"ROBIN SHARMA","PERSONALITY DEVELOPEMENT","2694",,,"$195.00",,,,,,,,,,,,,
"HARAOH","2000",,"SCHOLASTIC","2015","GK","2695","ENG MED","NEW YORK","EK 315",,,,"ANNE MILLARD","GK","2695",,,"$100.00",,,,,,,,,,,,,
"WHALES","2000",,"HIGHLIGHTS","2015","EVS","2696","ENG MED","UK","EVS 17",,,,"JINNY JOHNSON","EVS","2696",,,"$100.00",,,,,,,,,,,,,
"EARTH ","2006",,"BRIJBASI ART PRESS","2015","EVS","2697","ENG MED","NOIDA","EVS 18",,,,"KIRTI KAUL","EVS","2697",,,"$100.00",,,,,,,,,,,,,
"JOY OF KNOWLEDGE","2000",,"MALTA","2015","GK","2698","ENG MED","UK","EK 317",,,,,"GK","2698",,,"$100.00",,,,,,,,,,,,,
"NOAHS ARK","1994",,"DK","2015","GK","2699","ENG MED","LONDON","EK 316",,,,"SELINA HASTINGS","GK","2699",,,"$100.00",,,,,,,,,,,,,
"WHERE ARE ALL THE DINOSAURS?","1990",,"TROLL ASSOCIATES","2015","SCIENCE","2700","ENG MED","NEW JERSEY","EFD 231",,,,"MARY O NEILL","SCIENCE","2700",,,"$100.00",,,,,,,,,,,,,
"SPIDERS","2000",,"ROURKE","2015","EVS","2701","ENG MED","USA","EVS 19",,,,"JASON COOPER","EVS","2701",,,"$100.00",,,,,,,,,,,,,
"AMAZING JOURNEYS","2000",,"GINN PUBLISHING CANADA INC","2015","ENVIRONMENT","2702","ENG MED","HONG KONG","EVS 16",,,,"RON BACON","ENVIRONMENT","2702",,,"$25.00",,,,,,,,,,,,,
"500 FANTASTIC FACTS","1994",,"GRANDREMS BOOKS LTD","2015","GK","2703","ENG MED","LONDON","EK 320",,,,"ANGELA ROYSTON","GK","2703",,,"$100.00",,,,,,,,,,,,,
"OCEAN FILES","1999",,"DISCOVERY CHANNEL SCHOOL","2015","SCIENCE","2704","ENG MED","USA","EFD 230",,,,,"SCIENCE","2704",,,"$100.00",,,,,,,,,,,,,
"HAPPY EASTER","2006",,"HONOR BOOKS","2015","OTHER","2705","ENG MED","USA","EKB 74",,,,,"OTHER","2705",,,"$100.00",,,,,,,,,,,,,
"WRITERS LITTLE BOOK","1996",,"ICS BOOKS","2015","OTHER","2706","ENG MED","USA","EKB 73",,,,"JOHN LONG","OTHER","2706",,,"$100.00",,,,,,,,,,,,,
"DOCTORS LITTLE BOOK","2006",,"ICS BOOKS","2015","OTHER","2707","ENG MED","USA","EKB 72",,,,"WILLIAM W. FORGEY","OTHER","2707",,,"$100.00",,,,,,,,,,,,,
"DANCING IN THE DARK","2003",,"ORION","2015","STUDENTS CLASSICS","2708","ENG MED","UK","ESC 74",,,,"MAUREEN LEE","STUDENTS CLASSICS","2708",,,"$100.00",,,,,,,,,,,,,
"THE BOYHOOD OF BURGLAR BILL","2008",,"PUFFIN BOOKS","2015","STUDENTS CLASSICS","2709","ENG MED","LONDON","ESC 75",,,,"ALLAN AHLBERG","STUDENTS CLASSICS","2709",,,"$100.00",,,,,,,,,,,,,
"GOLDKEEPER","2004",,"OXFORD UNI PRESS","2015","STUDENTS CLASSICS","2710","ENG MED","UK","ESC 76",,,,"SALLY PRUE","STUDENTS CLASSICS","2710",,,"$100.00",,,,,,,,,,,,,
"OUR DAUGHTERS HEALTH","2001",,"HYPERIAN PAPERBACKS","2015","OTHER","2711","ENG MED","NEW YORK","EKB 70",,,,"SHARON L. ROAN","OTHER","2711",,,"$150.00",,,,,,,,,,,,,
"HINDU MANNERS, CUSTOMS AND CEREMONIES","2002",,"CREST PUBLISHING HOUSE","2015","OTHER","2712","ENG MED","NEW DELHI","EKB 71",,,,"CHITRALEKHA SINGH","OTHER","2712",,,"$85.00",,,,,,,,,,,,,
"DOCTOR ON THE BALL","2001",,"RUPA AND CO.","2015","STUDENTS CLASSICS","2713","ENG MED","NOIDA","ESC 77",,,,"RICHARD GORDON","STUDENTS CLASSICS","2713",,,"$95.00",,,,,,,,,,,,,
"EMMA ON THIN ICING","2011",,"SIMON ANDSCHUSTER","2015","OTHER","2714","ENG MED","UK","ESC 78",,,,"COCO SIMON","OTHER","2714",,,"$100.00",,,,,,,,,,,,,
"PROOF OF HEAVEN","2012",,"PLATKUS","2015","OTHER","2715","ENG MED","NOIDA","EKB 69",,,,"DR EBEN ALEXANDER","OTHER","2715",,,"$350.00",,,,,,,,,,,,,
"I HAVE A DREAM","2011",,"WESTLAND LTD","2015","PERSONALITY DEVELOPEMENT","2716","ENG MED","NOIDA","EP 96",,,,"RASHMI BANSAL ","PERSONALITY DEVELOPEMENT","2716",,,"$150.00",,,,,,,,,,,,,
"ANGLES AND DEMONS","2001",,"CORGI BOOKS","2015","NOVEL","2717","ENG MED","LONDON","EA 188",,,,"DAN BROWN","NOVEL","2717",,,"$200.00",,,,,,,,,,,,,
"THE GREATNESS GUIDE","2007",,"JAICO PUBLICATION HOUSE","2015","PERSONALITY DEVELOPEMENT","2718","ENG MED","MUMBAI","EP 97",,,,"ROBIN SHARMA","PERSONALITY DEVELOPEMENT","2718",,,"$175.00",,,,,,,,,,,,,
"THE GREATNESS GUIDE 2","2009",,"JAICO PUBLICATION HOUSE","2015","PERSONALITY DEVELOPEMENT","2719","ENG MED","AHAMEDABAD","EP 98",,,,"ROBIN SHARMA","PERSONALITY DEVELOPEMENT","2719",,,"$195.00",,,,,,,,,,,,,
"A TAP ON THE WINDOW","2013",,"ORIAN FICTION","2015","NOVEL","2720","ENG MED","UK","EA 189",,,,"LINWOOD BARCLAY","NOVEL","2720",,,"$250.00",,,,,,,,,,,,,
"ARISTOTLE","2010",,"TOP MULTI MEDIA INC.","2015","BIOGRAPHY","2721","ENG MED","USA","EB 122",,,,"DEEP TRIVEDI","BIOGRAPHY","2721",,,"$50.00",,,,,,,,,,,,,
"PABLO PKASSO","2010",,"TOP MULTI MEDIA INC.","2015","BIOGRAPHY","2722","ENG MED","USA","EB 123",,,,"DEEP TRIVEDI","BIOGRAPHY","2722",,,"$50.00",,,,,,,,,,,,,
"CARL JUNG","2010",,"TOP MULTI MEDIA INC.","2015","BIOGRAPHY","2723","ENG MED","USA","EB 124",,,,"DEEP TRIVEDI","BIOGRAPHY","2723",,,"$50.00",,,,,,,,,,,,,
"NAPOLEON BONAPARTE","2010",,"TOP MULTI MEDIA INC.","2015","BIOGRAPHY","2724","ENG MED","USA","EB 125",,,,"DEEP TRIVEDI","BIOGRAPHY","2724",,,"$50.00",,,,,,,,,,,,,
"ABRAHAM MASLOW","2010",,"TOP MULTI MEDIA INC.","2015","BIOGRAPHY","2725","ENG MED","USA","EB 126",,,,"DEEP TRIVEDI","BIOGRAPHY","2725",,,"$50.00",,,,,,,,,,,,,
"WRIGHT BROTHERS","2010",,"TOP MULTI MEDIA INC.","2015","BIOGRAPHY","2726","ENG MED","USA","EB 127",,,,"DEEP TRIVEDI","BIOGRAPHY","2726",,,"$50.00",,,,,,,,,,,,,
"B.F. SKINNER","2010",,"TOP MULTI MEDIA INC.","2015","BIOGRAPHY","2727","ENG MED","USA","EB 128",,,,"DEEP TRIVEDI","BIOGRAPHY","2727",,,"$50.00",,,,,,,,,,,,,
"IVAN PAVLOV","2010",,"TOP MULTI MEDIA INC.","2015","BIOGRAPHY","2728","ENG MED","USA","EB 133",,,,"DEEP TRIVEDI","BIOGRAPHY","2728",,,"$50.00",,,,,,,,,,,,,
"FRIEDRICH NIETZSCHE","2010",,"TOP MULTI MEDIA INC,","2015","BIOGRAPHY","2729","ENG MED","USA","EB 138",,,,"DEEP TRIVEDI","BIOGRAPHY","2729",,,"$50.00",,,,,,,,,,,,,
"KHALIL GIBRAN","2010",,"TOP MULTIMEDIA INC.","2015","BIOGRAPHY","2730","ENG MED","USA","EB 145",,,,"DEEP TRIVEDI","BIOGRAPHY","2730",,,"$50.00",,,,,,,,,,,,,
"ALBERT EINSTEIN","2010",,"TOP MULTIMEDIA INC.","2015","BIOGRAPHY","2731","ENG MED","USA","EB 146",,,,"DEEP TRIVEDI","BIOGRAPHY","2731",,,"$50.00",,,,,,,,,,,,,
"CHARLIE CHAPLIN","2010",,"TOP MULTI MEDIA INC.","2015","BIOGRAPHY","2732","ENG MED","USA","EB 137",,,,"DEEP TRIVEDI","BIOGRAPHY","2732",,,"$50.00",,,,,,,,,,,,,
"HENRY FORD","2010",,"TOP MULTIMEDIA INC.","2015","BIOGRAPHY","2733","ENG MED","USA","EB 144",,,,"DEEP TRIVEDI","BIOGRAPHY","2733",,,"$50.00",,,,,,,,,,,,,
"SOCRATES","2010",,"TOP MULTI MEDIA INC.","2015","BIOGRAPHY","2734","ENG MED","USA","EB 131",,,,"DEEP TRIVEDI","BIOGRAPHY","2734",,,"$50.00",,,,,,,,,,,,,
"JESUS CHRIST","2010",,"TOP MULTI MEDIA INC.","2015","BIOGRAPHY","2735","ENG MED","USA","EB 130",,,,"DEEP TRIVEDI","BIOGRAPHY","2735",,,"$50.00",,,,,,,,,,,,,
"LAO-TZU","2010",,"TOP MULTI MEDIA INC.","2015","BIOGRAPHY","2736","ENG MED","USA","EB 143",,,,"DEEP TRIVEDI","BIOGRAPHY","2736",,,"$50.00",,,,,,,,,,,,,
"LAUREL AND HARDY","2010",,"TOP MULTI MEDIA INC.","2015","BIOGRAPHY","2737","ENG MED","USA","EB 136",,,,"DEEP TRIVEDI","BIOGRAPHY","2737",,,"$50.00",,,,,,,,,,,,,
"BERTRAND RUSSELL","2010",,"TOP MULTI MEDIA INC","2015","BIOGRAPHY","2738","ENG MED","USA","EB 142",,,,"DEEP TRIVEDI","BIOGRAPHY","2738",,,"$50.00",,,,,,,,,,,,,
"PLATO ","2010",,"TOP MULTI MEDIA INC.","2015","BIOGRAPHY","2739","ENG MED","USA","EB 129",,,,"DEEP TRIVEDI","BIOGRAPHY","2739",,,"$50.00",,,,,,,,,,,,,
"MOTHER TERESA","2010",,"TOP MULTI MEDIA INC.","2015","BIOGRAPHY","2740","ENG MED","USA","EB 132",,,,"DEEP TRIVEDI","BIOGRAPHY","2740",,,"$50.00",,,,,,,,,,,,,
"SWAMI VIVEKANAND","2010",,"TOP MULTI MEDIA INC.","2015","BIOGRAPHY","2741","ENG MED","USA","EB 139",,,,"DEEP TRIVEDI","BIOGRAPHY","2741",,,"$50.00",,,,,,,,,,,,,
"MULA NASRUDDIN","2010",,"TOP MULTI MEDIA INC.","2015","BIOGRAPHY","2742","ENG MED","USA","EB 141",,,,"DEEP TRIVEDI","BIOGRAPHY","2742",,,"$50.00",,,,,,,,,,,,,
"J.KRISHNAMURTI","2010",,"TOP MULTI MEDIA INC,","2015","BIOGRAPHY","2743","ENG MED","USA","EB 134",,,,"DEEP TRIVEDI","BIOGRAPHY","2743",,,"$50.00",,,,,,,,,,,,,
"ADOLF HITLER","2010",,"TOP MULTI MEDIA INC","2015","BIOGRAPHY","2744","ENG MED","USA","EB 135",,,,"DEEP TRIVEDI","BIOGRAPHY","2744",,,"$50.00",,,,,,,,,,,,,
"ISAAC NEWTON","2010",,"TOP MULTI MEDIA INC.","2015","BIOGRAPHY","2745","ENG MED","USA","EB 140",,,,"DEEP TRIVEDI","BIOGRAPHY","2745",,,"$50.00",,,,,,,,,,,,,
"STUDENT HANDBOOK VOL 5","2003",,"SOUTHWESTERN","2015","GK","2746","ENG MED","HONG KONG","EK 322",,,,,"GK","2746",,,"$500.00",,,,,,,,,,,,,
"STUDENT HANDBOOK VOL 5","2003",,"SOUTHWESTERN","2015","GK","2747","ENG MED","USA","EK 323",,,,,"GK","2747",,,"$500.00",,,,,,,,,,,,,
"TOMBS,GRAVES AND MUMIES","1998",,"PHONIX ILLUSTRATED","2015","GK","2748","ENG MED","LONDON","EK 321",,,,"PAUL G. BAHN","GK","2748",,,"$400.00",,,,,,,,,,,,,
"HIGH SCHOOL MUSICAL","2007",,"DISNEY PRESS","2015","STORY BOOK","2749","ENG MED","USA","ESB 646",,,,"N. B. GRACE","STORY BOOK","2749",,,"$50.00",,,,,,,,,,,,,
"UP CLOSE AND PERSONAL","2007",,"PUFFIN BOOKS","2015","STORY BOOK","2750","ENG MED","UK","ESB 645",,,,"GRACE NORWICH","STORY BOOK","2750",,,"$50.00",,,,,,,,,,,,,
"THE LOST DIARY OF ERIK BLOODAXE","1997",,"COLLINS","2015","STORY BOOK","2751","ENG MED","LONDON","ESB 648",,,,"VIKING WARRIOR","STORY BOOK","2751",,,"$50.00",,,,,,,,,,,,,
"BITTER SWEET","2013",,"PUFFIN BOOKS","2015","STORY BOOK","2752","ENG MED","ENGLAND","ESB 647",,,,"CATHY CASSIDY","STORY BOOK","2752",,,"$50.00",,,,,,,,,,,,,
"PUZZLE TIME","2007",,"ICE WATER PRESS","2015","STORY BOOK","2753","ENG MED","AUSTRALIA","ESB 649",,,,,"STORY BOOK","2753",,,"$50.00",,,,,,,,,,,,,
"BAT AND BELL","1998",,"FABER AND FABER","2015","STORY BOOK","2754","ENG MED","LONDON","ESB 650",,,,"PHILIP REEVE","STORY BOOK","2754",,,"$50.00",,,,,,,,,,,,,
"WHY DO CAT DO THAT?","1998",,"BOW TIE PRESS","2015","STORY BOOK","2755","ENG MED","CALIFORNIA","ESB 651",,,,"KIM THORNTON","STORY BOOK","2755",,,"$50.00",,,,,,,,,,,,,
"FIGHT FOR LIFE","2000",,"AMERICAN GIRL","2015","STORY BOOK","2756","ENG MED","USA","ESB 652",,,,"LAURIE HALSE ANDERSON","STORY BOOK","2756",,,"$50.00",,,,,,,,,,,,,
"DO BUGS HAVE BOTTOMS","2011",,"MACMILLAN PUBLLISHING COMPANY","2015","STORY BOOK","2757","ENG MED","LONDON","ESB 653",,,,"GLENN MURPHY","STORY BOOK","2757",,,"$50.00",,,,,,,,,,,,,
"GOES BARKTASTIC BABY","2004",,"SCHOLASTIC","2015","STORY BOOK","2758","ENG MED","NEW DELHI","ESB 654",,,,"MARTIN CHATTERTON","STORY BOOK","2758",,,"$50.00",,,,,,,,,,,,,
"SATIN SLIPPERS","1989",,"BANTAM BOOKS","2015","STORY BOOK","2759","ENG MED","NEW YORK","ESB 655",,,,"ELIZABETH BERNARD","STORY BOOK","2759",,,"$50.00",,,,,,,,,,,,,
"CALL IT COURAGE","2008",,"SCHOLASTIC","2015","STORY BOOK","2760","ENG MED","NEW YORK","ESB 656",,,,"ARMSTRONG SPERRY","STORY BOOK","2760",,,"$50.00",,,,,,,,,,,,,
"THE BOY AND THE WHALE","2000",,"PUFFIN BOOKS","2015","STORY BOOK","2761","ENG MED","USA","ESB 657",,,,"DAVID WONG","STORY BOOK","2761",,,"$50.00",,,,,,,,,,,,,
"MAXIMUM JUSTICE","2006",,"LADYBIRD BOOKS","2015","STORY BOOK","2762","ENG MED","LONDON","ESB 658",,,,"DEVEN APTEKAR","STORY BOOK","2762",,,"$50.00",,,,,,,,,,,,,
"XTREME MYSTERIES","1998",,"HYPERIAN PAPERBACKS","2015","STORY BOOK","2763","ENG MED","NEW YORK","ESB 659",,,,"LABAN HILL","STORY BOOK","2763",,,"$50.00",,,,,,,,,,,,,
"THE FOLK OF THE FARAWAY TREE","2000",,"DEAN AND SON LTD","2015","STORY BOOK","2764","ENG MED","LONDON","ESB 660",,,,"ENID BLYTON","STORY BOOK","2764",,,"$50.00",,,,,,,,,,,,,
"A HELPING OF HORRID HENRY","2003",,"A DOLPHIN PAPERBACK","2015","STORY BOOK","2765","ENG MED","LONDON","ESB 661",,,,"TONY ROSS ","STORY BOOK","2765",,,"$100.00",,,,,,,,,,,,,
"JUST THE ONE","2000",,"PRIVATE EYE","2015","STORY BOOK","2766","ENG MED","LONDON","ESB 662",,,,"RICHARD INGRAMS","STORY BOOK","2766",,,"$50.00",,,,,,,,,,,,,
"THE BOY WITH THE BRONZE AXE","1996",,"PUFFIN BOOKS","2015","STORY BOOK","2767","ENG MED","AUSTRALIA","ESB 663",,,,"KATHLEEN FIDLER","STORY BOOK","2767",,,"$50.00",,,,,,,,,,,,,
"MERLIN","2007",,"STRIPES","2015","STORY BOOK","2768","ENG MED","LONDON","ESB 664",,,,"TINA NOLAN","STORY BOOK","2768",,,"$50.00",,,,,,,,,,,,,
"HANNAH MONTANA","2008",,"PARRAGON PUBLISHING","2015","STORY BOOK","2769","ENG MED","UK","ESB 665",,,,"LAURY MCELROY","STORY BOOK","2769",,,"$50.00",,,,,,,,,,,,,
"TREBIZON","2000",,"PUFFIN BOOKS","2015","STORY BOOK","2770","ENG MED","USA","ESB 666",,,,"ANNE DIGBY","STORY BOOK","2770",,,"$50.00",,,,,,,,,,,,,
"ABSOLUTELY NORMAL CHAOS","2000",,"MACMILLAN PUBLLISHING COMPANY","2015","STORY BOOK","2771","ENG MED","AUSTRALIA","ESB 667",,,,"SHARON CREECH","STORY BOOK","2771",,,"$50.00",,,,,,,,,,,,,
"BRIDGE TO TERABITHIA","2000",,"SCHOLASTIC","2015","STORY BOOK","2772","ENG MED","LONDON","ESB 668",,,,"KATHERINE PATERSON","STORY BOOK","2772",,,"$50.00",,,,,,,,,,,,,
"COING SKIING","2000",,"BRITISH BROADCASTING CORPORATION","2015","STORY BOOK","2773","ENG MED","USA","ESB 669",,,,"MICHAEL SMEE","STORY BOOK","2773",,,"$50.00",,,,,,,,,,,,,
"HIGH SCHOOL MUSICAL","2008",,"DISNEY PRESS","2015","STORY BOOK","2774","ENG MED","USA","ESB 670",,,,"CATHERINE HAPKA","STORY BOOK","2774",,,"$50.00",,,,,,,,,,,,,
"UNITED STATES OF AMERICA","2002",,"SCHOLASTIC","2015","STORY BOOK","2775","ENG MED","NEW YORK","ESB 671",,,,"PAULA DANZIGER","STORY BOOK","2775",,,"$50.00",,,,,,,,,,,,,
"SKY HIGH","2005",,"RANDOM HOUSE","2015","STORY BOOK","2776","ENG MED","NEW YORK","ESB 672",,,,,"STORY BOOK","2776",,,"$50.00",,,,,,,,,,,,,
"THREE FACES OF ME","2000",,"PARACHUTE PRESS","2015","STORY BOOK","2777","ENG MED","NEW YORK","ESB 673",,,,"R.L. STINE","STORY BOOK","2777",,,"$50.00",,,,,,,,,,,,,
"THREE FACES OF ME","2000",,"PARACHUTE PRESS","2015","STORY BOOK","2778","ENG MED","NEW YORK","ESB 674",,,,"R.L. STINE","STORY BOOK","2778",,,"$50.00",,,,,,,,,,,,,
"THE BANANA SPLIT AFFAIR","2000",,"HODDER AND STOUGHTON","2015","STORY BOOK","2779","ENG MED","USA","ESB 675",,,,"CYNTHA BLAIR","STORY BOOK","2779",,,"$50.00",,,,,,,,,,,,,
"PARTI,R ELIFFANT","2000",,"GWSAG","2015","STORY BOOK","2780","ENG MED","USA","ESB 676",,,,"PAUL BIEGEL","STORY BOOK","2780",,,"$50.00",,,,,,,,,,,,,
"GHOST ON THE LANDING","2006",,"WAYLAND","2015","STORY BOOK","2781","ENG MED","UK","ESB 677",,,,"ELEANOR ALLEN","STORY BOOK","2781",,,"$50.00",,,,,,,,,,,,,
"LITTLE WOMEN LOUISA MAY ALCOTT","2011",,"SHETH PUBLISHING HOUSE","2015","STORY BOOK","2782","ENG MED","MUMBAI","ESB 678",,,,"LOUSIA M. ALCOTT","STORY BOOK","2782",,,"$50.00",,,,,,,,,,,,,
"XTREME MYSTERIES","2006",,"HYPERIAN PAPERBACKS","2015","STORY BOOK","2783","ENG MED","USA","ESB 679",,,,"LABAN HILL","STORY BOOK","2783",,,"$70.00",,,,,,,,,,,,,
"MEET THE ROBINSONS","2000",,"DISNEY","2015","STORY BOOK","2784","ENG MED","USA","ESB 680",,,,,"STORY BOOK","2784",,,"$50.00",,,,,,,,,,,,,
"BOOTS AND BULLETS","2000",,"MILLS BOON","2015","STORY BOOK","2785","ENG MED","USA","ESB 681",,,,"BJ DANIELS","STORY BOOK","2785",,,"$50.00",,,,,,,,,,,,,
"A HISTORY OF LATIN AMERICA","2000",,"PENGUIN BOOKS","2015","STORY BOOK","2786","ENG MED","USA","ESB 682",,,,"GEORGE PENDLE","STORY BOOK","2786",,,"$50.00",,,,,,,,,,,,,
"AT THE RIVER GATES","2000",,"PENGUIN BOOKS","2015","STORY BOOK","2787","ENG MED","USA","ESB 683",,,,"PHILIPPA PEARCE","STORY BOOK","2787",,,"$50.00",,,,,,,,,,,,,
"DINOSAUR STORIES","2000",,"HIPPO","2015","STORY BOOK","2788","ENG MED","UK","ESB 684",,,,"ANDREW DONKIN","STORY BOOK","2788",,,"$50.00",,,,,,,,,,,,,
"TOMMY AND THE OIL RIG","1985",,"HODDER AND STOUGHTON","2015","STORY BOOK","2789","ENG MED","LONDON","ESB 685",,,,"DORA THATCHER","STORY BOOK","2789",,,"$50.00",,,,,,,,,,,,,
"WALKING THE WALLS","2000",,"HODDER AND STOUGHTON","2015","STORY BOOK","2790","ENG MED","USA","ESB 686",,,,"CHRIS HIGGINS","STORY BOOK","2790",,,"$50.00",,,,,,,,,,,,,
"HOW TO HAVE AN OBEDIENT DOG","2000",,"PAPERFRONTS","2015","STORY BOOK","2791","ENG MED","USA","ESB 687",,,,"JACKIE MARRIOTT","STORY BOOK","2791",,,"$50.00",,,,,,,,,,,,,
"THE WOLVES OF WILLOUGHBY CHASE","2000",,"RED FOX","2015","STORY BOOK","2792","ENG MED","USA","ESB 688",,,,"JOEN AIKEN","STORY BOOK","2792",,,"$50.00",,,,,,,,,,,,,
"THE BORROWERS ALOFT","2000",,"PUFFIN BOOKS","2015","STORY BOOK","2793","ENG MED","USA","ESB 689",,,,"MARY NORTON","STORY BOOK","2793",,,"$50.00",,,,,,,,,,,,,
"BLACK BEAUTY","2014",,"A WILCO BOOK","2015","STORY BOOK","2794","ENG MED","NEW YORK","ESB 690",,,,"ANNA SEWELL ","STORY BOOK","2794",,,"$50.00",,,,,,,,,,,,,
"A TALE OF TWO CITIES","2014",,"A WILCO BOOK","2015","STORY BOOK","2795","ENG MED","MUMBAI","ESB 691",,,,"CHARLES DICKENS","STORY BOOK","2795",,,"$50.00",,,,,,,,,,,,,
"WHEN PANTS ATTACK","2014",,"SIMON SPOTLIGHT","2015","STORY BOOK","2796","ENG MED","NEW YORK","ESB 692",,,,,"STORY BOOK","2796",,,"$50.00",,,,,,,,,,,,,
"OLIVER TWIST","2014",,"A WILCO BOOK","2015","STORY BOOK","2797","ENG MED","MUMBAI","ESB 693",,,,"CHARLES DICKENS","STORY BOOK","2797",,,"$50.00",,,,,,,,,,,,,
"LITTLE TOM THUMB","2014",,"SHETH PUBLISHING HOUSE","2015","STORY BOOK","2798","ENG MED","MUMBAI","ESB 694",,,,,"STORY BOOK","2798",,,"$50.00",,,,,,,,,,,,,
"KIDNAPPED","2000",,"A WILCO BOOK","2015","STORY BOOK","2799","ENG MED","MUMBAI","ESB 695",,,,,"STORY BOOK","2799",,,"$50.00",,,,,,,,,,,,,
"TREASURE ISLAND","2014",,"A WILCO BOOK","2015","STORY BOOK","2800","ENG MED","MUMBAI","ESB 696",,,,"ROBERT LOUIS STEVENSON","STORY BOOK","2800",,,"$50.00",,,,,,,,,,,,,
"PUSS IN THE BOOTS","2014",,"SHETH PUBLISHING HOUSE","2015","STORY BOOK","2801","ENG MED","MUMBAI","ESB 697",,,,,"STORY BOOK","2801",,,"$50.00",,,,,,,,,,,,,
"SLEEPING BEAUTY","2014",,"THE TREE HOUSE","2015","STORY BOOK","2802","ENG MED","MUMBAI","ESB 698",,,,,"STORY BOOK","2802",,,"$50.00",,,,,,,,,,,,,
"HANSEL AND GRETEL","2014",,"SHETH PUBLISHING HOUSE","2015","STORY BOOK","2803","ENG MED","MUMBAI","ESB 699",,,,,"STORY BOOK","2803",,,"$50.00",,,,,,,,,,,,,
"GREAT EXPECTATIONS","2014",,"A WILCO BOOKS","2015","STORY BOOK","2804","ENG MED","MUMBAI","ESB 700",,,,,"STORY BOOK","2804",,,"$50.00",,,,,,,,,,,,,
"PETER PAN","2014",,"THE TREE HOUSE","2015","STORY BOOK","2805","ENG MED","MUMBAI","ESB 701",,,,,"STORY BOOK","2805",,,"$50.00",,,,,,,,,,,,,
"LITTLE RED RIDING HOOD","2014",,"THE TREE HOUSE","2015","STORY BOOK","2806","ENG MED","MUMBAI","ESB 702",,,,,"STORY BOOK","2806",,,"$50.00",,,,,,,,,,,,,
"BEAUTY AND THE BEAST","2014",,"THE TREE HOUSE","2015","STORY BOOK","2807","ENG MED","MUMBAI","ESB 703",,,,,"STORY BOOK","2807",,,"$50.00",,,,,,,,,,,,,
"THUMBELINA","2014",,"THE TREE HOUSE","2015","STORY BOOK","2808","ENG MED","MUMBAI","ESB 704",,,,,"STORY BOOK","2808",,,"$50.00",,,,,,,,,,,,,
"SNOW WHITE AND THE SEVEN DWARFS","2014",,"TREE HOUSE","2015","STORY BOOK","2809","ENG MED","MUMBAI","ESB 705",,,,,"STORY BOOK","2809",,,"$50.00",,,,,,,,,,,,,
"THE FOUR MUSICIANS OF BREMEN","2014",,"THE TREE HOUSE","2015","STORY BOOK","2810","ENG MED","MUMBAI","ESB 706",,,,,"STORY BOOK","2810",,,"$50.00",,,,,,,,,,,,,
"GOLDILOCKS AND THE ATHREE BEARS","2014",,"THE TREE HOUSE","2015","STORY BOOK","2811","ENG MED","MUMBAI","ESB 707",,,,,"STORY BOOK","2811",,,"$50.00",,,,,,,,,,,,,
"CINDERELLA","2014",,"THE TREE HOUSE","2015","STORY BOOK","2812","ENG MED","MUMBAI","ESB 708",,,,,"STORY BOOK","2812",,,"$50.00",,,,,,,,,,,,,
"TOM SAWYER","2014",,"THE TREE HOUSE","2015","STORY BOOK","2813","ENG MED","MUMBAI","ESB 709",,,,,"STORY BOOK","2813",,,"$50.00",,,,,,,,,,,,,
"THE BRAVE LITTLE TAILOR","2014",,"THE TREE HOUSE","2015","STORY BOOK","2814","ENG MED","MUMBAI","ESB 710",,,,,"STORY BOOK","2814",,,"$50.00",,,,,,,,,,,,,
"THE TIN SOLDIER","2014",,"TREE HOUSE","2015","STORY BOOK","2815","ENG MED","MUMBAI","ESB 711",,,,,"STORY BOOK","2815",,,"$50.00",,,,,,,,,,,,,
"CLITTER CITY","2002",,"DRAGON GRANADA PUBLISHING","2015","STORY BOOK","2816","ENG MED","LONDON","ESB 713",,,,"MICHAEL DENTON","STORY BOOK","2816",,,"$50.00",,,,,,,,,,,,,
"HEY, DOLLFACE","2000",,"COLLINS","2015","STORY BOOK","2817","ENG MED","LONDON","ESB 717",,,,"DEBORAH HAUTZIG","STORY BOOK","2817",,,"$50.00",,,,,,,,,,,,,
"DOGSONG","2011",,"ALADDIN PAPERBACKS","2015","STORY BOOK","2818","ENG MED","USA","ESB 712",,,,"GARY PAULSEN","STORY BOOK","2818",,,"$50.00",,,,,,,,,,,,,
"XTREME MYSTERIES","2000",,"HYPERIAN PAPERBACKS","2015","STORY BOOK","2819","ENG MED","UK","ESB 715",,,,"LABAN HILL","STORY BOOK","2819",,,"$50.00",,,,,,,,,,,,,
"I CANT BELIEVE","2000",,"VIRGIN","2015","STORY BOOK","2820","ENG MED","USA","ESB 714",,,,"WARREN MARTYN","STORY BOOK","2820",,,"$50.00",,,,,,,,,,,,,
"LITTLE DARLINGS","2002",,"DOUBLEDAY","2015","STORY BOOK","2821","ENG MED","UK","ESB 716",,,,"JACQUELINE WILSON","STORY BOOK","2821",,,"$50.00",,,,,,,,,,,,,
"HIGH SCHOOL MUSICAL 3","2000",,"PARRAGON PUBLISHING","2015","STORY BOOK","2822","ENG MED","NEW YORK","ESB 718",,,,"N.B.GRACE","STORY BOOK","2822",,,"$50.00",,,,,,,,,,,,,
"TEN STATIONS","2011",,"HARPER COLLINS ","2015","STORY BOOK","2823","ENG MED","LONDON","ESB 719",,,,"JENNY VALENTINE","STORY BOOK","2823",,,"$50.00",,,,,,,,,,,,,
"LOVE AND KISSES","2009",,"HARPER COLLIAM PUB INDIA","2015","STORY BOOK","2824","ENG MED","UK","ESB 720",,,,"JEAN URE","STORY BOOK","2824",,,"$50.00",,,,,,,,,,,,,
"VIKING AT SCHOOL","2011",,"PUFFIN BOOKS","2015","STORY BOOK","2825","ENG MED","USA","ESB 721",,,,"JEREMY STRONG","STORY BOOK","2825",,,"$50.00",,,,,,,,,,,,,
"A GOLDEN DREAM","2000",,"SPHERE BOOK LTD","2015","STORY BOOK","2826","ENG MED","LONDON","ESB 722",,,,"MICHAEL SCOTT","STORY BOOK","2826",,,"$50.00",,,,,,,,,,,,,
"THE PUPPY PLACE","2011",,"SCHOLASTIC","2015","STORY BOOK","2827","ENG MED","NEW YORK","ESB 723",,,,"ELLEN MILES","STORY BOOK","2827",,,"$50.00",,,,,,,,,,,,,
"TWICE THE TROUBLE","2011",,"BBC","2015","STORY BOOK","2828","ENG MED","USA","ESB 724",,,,"SARA CARROLL","STORY BOOK","2828",,,"$50.00",,,,,,,,,,,,,
"TRASH HITS","2000",,"PUFFIN BOOKS","2015","STORY BOOK","2829","ENG MED","USA","ESB 725",,,,"KAYE UMANSKY","STORY BOOK","2829",,,"$50.00",,,,,,,,,,,,,
"GIRL TALK","2000",,"WESTERN PUBLISHING COMPANY","2015","STORY BOOK","2830","ENG MED","USA","ESB 726",,,,"L.E.BLAIR","STORY BOOK","2830",,,"$50.00",,,,,,,,,,,,,
"SIN BIN MELANIE","2011",,"AN ARMADA ORIGINAL","2015","STORY BOOK","2831","ENG MED","UK","ESB 727",,,,"KEITH MILES","STORY BOOK","2831",,,"$50.00",,,,,,,,,,,,,
"WITCH CRUSHES","2006",,"HARPER COLLIAM PUB INDIA","2015","STORY BOOK","2832","ENG MED","UK","ESB 728",,,,,"STORY BOOK","2832",,,"$50.00",,,,,,,,,,,,,
" HOW TO EAT FRIED WORMS","2000",,"ORCHARD BOOKS","2015","STORY BOOK","2833","ENG MED","USA","ESB 729",,,,"THOMAS ROCKWELL","STORY BOOK","2833",,,"$50.00",,,,,,,,,,,,,
"GIRL TALK","2000",,"WESTERN PUBLISHING COMPANY","2015","STORY BOOK","2834","ENG MED","USA","ESB 730",,,,"L.E.BLAIR","STORY BOOK","2834",,,"$50.00",,,,,,,,,,,,,
"WEREWOLVES,DORKS","2011",,"SIMON ANDSCHUSTER","2015","STORY BOOK","2835","ENG MED","UK","ESB 731",,,,"HAMSTERS, FARTS","STORY BOOK","2835",,,"$50.00",,,,,,,,,,,,,
"MY LOVE MY LOVE","2000",,"VIRAGO UPSTARTS","2015","STORY BOOK","2836","ENG MED","UK","ESB 732",,,,"ROSA GUY","STORY BOOK","2836",,,"$50.00",,,,,,,,,,,,,
"THE ORIENT LONGMAN SCHOOL ATLAS","2002",,"ORIENT LONGMAN PVT. LTD","2003","GK","111111","ENGLISH MEDIUM","NEW DELHI","EK 8",,,,,"GK","1",,,"$0.00",,,,,,,,,,,,,
"THE UGLY DUCKLING","2002",,"KHWAI AND YOUNG PUB","2003","STORY BOOK","111112","ENGLISH MEDIUM",,"EEB 218",,,,"VERSULA WALSH","STORY BOOK","2",,,"$37.00",,,,,,,,,,,,,
"THE LITTLE MERMAID","2002",,,"2003","STORY BOOK","111113","ENGLISH MEDIUM",,"EEB 220",,,,"VERSULA WALSH","STORY BOOK","3",,,"$37.00",,,,,,,,,,,,,
"GULLLIVERS TRAVEL",,,,"2009","STORY BOOK","111114","ENGLISH MEDIUM",,"EEB217",,,,"VERSULA WALSH","STORY BOOK","4",,,"$37.00",,,,,,,,,,,,,
"LITTLE RED RIDING HOOD",,,,"2003","STORY BOOK","111115","ENGLISH MEDIUM",,"EEB 221",,,,"VERSULA WALSH","STORY BOOK","5",,,"$37.00",,,,,,,,,,,,,
"ALADDIN AND THE MAGIC LAMP",,,,"2003","STORY BOOK","111116","ENGLISH MEDIUM",,"EEB 222",,,,"VERSULA WALSH","STORY BOOK","6",,,"$37.00",,,,,,,,,,,,,
"CINDRELLA",,,,"2003","STORY BOOK","111117","ENGLISH MEDIUM",,"EEB216",,,,"VERSULA WALSH","STORY BOOK","7",,,"$37.00",,,,,,,,,,,,,
"SLEEPING BEAUTY",,,,"2003","STORY BOOK","111118","ENGLISH MEDIUM",,"EEB 215",,,,"VERSULA WALSH","STORY BOOK","8",,,"$37.00",,,,,,,,,,,,,
"THE CUNNING FOX",,,,"2003","STORY BOOK","111119","ENGLISH MEDIUM",,"EEB 265",,,,,"STORY BOOK","9",,,"$37.00",,,,,,,,,,,,,
"MAHABHARATA (HINDI)","2002",,"NAVNEET PUBLICATION","2003","HINDI","111332","ENGLISH MEDIUM",,"EEC 2",,,,"SMT U J SHASTRI","HINDI","332",,,"$140.00",,,,,,,,,,,,,
"LAVA KUSHA","2003",,"SEASON PUBLISHING","2004","STORY BOOK","674000","ENGLISH MEDIUM","CHENNAI","EEB 438",,,,"INDIAN MYTHOLOGY","STORY BOOK","674",,,"$45.00",,,,,,,,,,,,,
"THE CRUEL ELEPHANT",,,,"2003","STORY BOOK","1111110","ENGLISH MEDIUM",,"EEB 263",,,,,"STORY BOOK","10",,,"$16.00",,,,,,,,,,,,,
"THE INNOCENT CAT",,,,"2003","STORY BOOK","1111111","ENGLISH MEDIUM",,"EEB 264",,,,,"STORY BOOK","11",,,"$16.00",,,,,,,,,,,,,
"THE FOOLISH CRANE CROW",,,,"2003","STORY BOOK","1111112","ENGLISH MEDIUM",,"EEB 262",,,,,"STORY BOOK","12",,,"$16.00",,,,,,,,,,,,,
"THE BHAGAVADGITA",,,"GEETA PRESS","2003","STORY BOOK","1111115","ENGLISH MEDIUM",,"EKB 6",,,,"VERSULA WALSH","STORY BOOK","15",,,"$0.00",,,,,,,,,,,,,
"SRI KRISHNALEELA",,,"NAVNEET ","2003","STORY BOOK","1111119","ENGLISH MEDIUM","MUMBAI","EEB 289",,,,,"STORY BOOK","19",,,"$20.00",,,,,,,,,,,,,
"GOLDILOCKS AND THE ATHREE BEARS",,,"NAVNEET ","2003","STORY BOOK","1111120","ENGLISH MEDIUM","MUMBAI","EEB 290",,,,"SORAH TOAST","STORY BOOK","20",,,"$0.00",,,,,,,,,,,,,
"HENRIETTA AND THE HAT",,,"MERRIGOLD PRESS","2003","CHILDREN LITERATURE","1111122","ENGLISH MEDIUM","NEW YORK","EEB 292",,,,,"CHILDREN LITERATURE","22",,,"$17.00",,,,,,,,,,,,,
"BARBIE ","2004",,"EGMONT","2005","CHILDREN LITERATURE","1111123","ENGLISH MEDIUM","MUMBAI","EEB293",,,,,"CHILDREN LITERATURE","23",,,"$0.00",,,,,,,,,,,,,
"FUN WITH PUZZLE","2002",,"NAVNEET ","2003","GK","1111124","ENGLISH MEDIUM","MUMBAI","EK 40",,,,"AMAR DESAI","GK","24",,,"$25.00",,,,,,,,,,,,,
"MONUMENTS OF INDIA",,,"HAR ANAND PUB","2003","GK","1111125","ENGLISH MEDIUM","DELHI","EK 41",,,,"DELHI PUB SCHOOL","GK","25",,,"$130.00",,,,,,,,,,,,,
"GENOME","2002",,"BOOKS TODAY CHILDREN","2003","SCIENCE","1111126","ENGLISH MEDIUM",,"EFD 46",,,,"MALT RIDLEY","SCIENCE","26",,,"$0.00",,,,,,,,,,,,,
"ITS STORY TIME","2004",,"NAVNEET ","2005","CHILDREN LITERATURE","1111131","ENGLISH MEDIUM","MUMBAI","EEB 298",,,,,"CHILDREN LITERATURE","31",,,"$30.00",,,,,,,,,,,,,
"ITS STORY TIME 3","2002",,"NAVNEET","2003","CHILDREN LITERATURE","1111132","ENGLISH MEDIUM","MUMBAI","EEB 299",,,,"MOHANBHAI S PATEL","CHILDREN LITERATURE","32",,,"$30.00",,,,,,,,,,,,,
"CHILDRENS KNOWLEDGE BANK 1","2003",,"PUSTAK MAHAL","2004","GK","1111135","ENGLISH MEDIUM","DELHI","EK 43",,,,"DR. SUNIL GUPTA","GK","35",,,"$30.00",,,,,,,,,,,,,
"CHILDRENS KNOWLEDGE BANK 2","2002",,"PUSTAK MAHAL","2004","GK","1111136","ENGLISH MEDIUM","DELHI","EK 44",,,,"DR. SUNIL GUPTA","GK","36",,,"$60.00",,,,,,,,,,,,,
"CHILDRENS KNOWLEDGE BANK 4","2003",,"PUSTAK MAHAL","2004","GK","1111138","ENGLISH MEDIUM","DELHI","EK 46",,,,"DR. SUNIL GUPTA","GK","38",,,"$60.00",,,,,,,,,,,,,
"CHILDRENS KNOWLEDGE BANK 5","2003",,"PUSTAK MAHAL","2004","GK","1111139","ENGLISH MEDIUM","DELHI","EK 47",,,,"DR. SUNIL GUPTA","GK","39",,,"$60.00",,,,,,,,,,,,,
"CHILDRENS KNOWLEDGE BANK 6","2002",,"PUSTAK MAHAL","2004","GK","1111140","ENGLISH MEDIUM","DELHI","EK 48",,,,"DR. SUNIL GUPTA","GK","40",,,"$60.00",,,,,,,,,,,,,
"LECTURES FROM COLOMBO TO ALMORA","2002",,"ADAVIATA ASHRAM","2004","BIOGRAPHY","1111142","ENGLLISH MEDIUM",,"EB 44",,,,"SWAMI VIVEKANANDA","BIOGRAPHY","42",,,"$62.00",,,,,,,,,,,,,
"VIKAS STORIES FOR CHILDREN YELLOW BOOK","2002",,"NAVNEET ","2003","CHILDREN LITERATURE","1111148","ENGLISH MEDIUM","MUMBAI","EEB 611",,,,"C.K.SAMPAT","CHILDREN LITERATURE","48",,,"$25.00",,,,,,,,,,,,,
"SUN STORY BOOK",,,"ANADA PRAKASHAN","2004","CHILDREN LITERATURE","1111150","ENGLISH MEDIUM","AHAMEDABAD","EEB 607",,,,"RAJNEE VYAS","CHILDREN LITERATURE","50",,,"$35.00",,,,,,,,,,,,,
"AESOPS FABLES",,,"NAVNEET ","2004","CHILDREN LITERATURE","1111152","ENGLISH MEDIUM","MUMBAI","EEB 609",,,,"YOGESH JOSHI","CHILDREN LITERATURE","52",,,"$45.00",,,,,,,,,,,,,
"1001 WORDS TO TALK ABOUT","2002",,,"2004","STORY BOOK","1111155","ENGLISH MEDIUM",,"EEB 612",,,,,"STORY BOOK","55",,,"$0.00",,,,,,,,,,,,,
"ENJOY ABC","2002",,"JEEVANDEEP PUBLICATION","2004","STORY BOOK","1111162","ENGLISH MEDIUM",,"EEB 619",,,,,"STORY BOOK","62",,,"$25.00",,,,,,,,,,,,,
"A TIME TO RHYME",,,,"2004","STORY BOOK","1111163","ENGLISH MEDIUM",,"EEB 620",,,,"VANDANA BIST","STORY BOOK","63",,,"$28.00",,,,,,,,,,,,,
"TELL ME THE ANSWER","2002",,,"2004","GK","1111172","ENGLISH MEDIUM",,"EK 40",,,,"INDIRA MUKHARJEE","GK","72",,,"$110.00",,,,,,,,,,,,,
"HOLY BIBLE","2001",,"OM LITERATURE","2002","SPIRITUAL","1111173","ENGLISH MEDIUM",,"EI 1",,,,"HIS MAJESTY","SPIRITUAL","73",,,"$0.00",,,,,,,,,,,,,
"AGAL VADHO SEEMAPAR","2002",,"R.AMBANI AND CO.","2004","ACADEMIC","1111174","ENGLISH MEDIUM",,"EH 42",,,,"SWAIT MARTEN","ACADEMIC","74",,,"$0.00",,,,,,,,,,,,,
"BIG BOOK OF FAIRY TALES","2004",,"TINY TOT PUBLICATIONS","2004","STORY BOOK","1111175","ENGLISH MEDIUM","NEW DELHI","EEB 628",,,,,"STORY BOOK","75",,,"$225.00",,,,,,,,,,,,,
"LANGUE ET DE CIVILISATION FRANCAISES",,,"GOYAL BOOKS","2004","FRENCH LIT","1111177","ENGLISH MEDIUM",,"EFK 1",,,,,"FRENCH LIT","77",,,"$0.00",,,,,,,,,,,,,
"THE WORLD OF QUESTION AND ANSWER ( GREEN )","2003",,"DHINGRA PUBLISHING HOUSE","2004","GK","1111178","ENGLISH MEDIUM","DELHI","EK 155",,,,"SHILPI","GK","78",,,"$150.00",,,,,,,,,,,,,
"THE WORLD OF QUESTION AND ANSWER (RED)","2002",,"DHINGRA PUBLISHING HOUSE","2004","GK","1111179","ENGLISH MEDIUM","DELHI","EK 156",,,,,"GK","79",,,"$150.00",,,,,,,,,,,,,
"THE WORLD OF QUESTION AND ANSWER ( BLUE ))","2002",,"DHINGRA PUBLISHING HOUSE","2004","GK","1111180","ENGLISH MEDIUM","DELHI","EK 157",,,,,"GK","80",,,"$150.00",,,,,,,,,,,,,
"WONDER OF SCIENCE","2003",,"DHINGRA PUBLISHING HOUSE","2004","SCIENCE","1111185","ENGLISH MEDIUM","DELHI","EFD 57",,,,,"SCIENCE","85",,,"$96.00",,,,,,,,,,,,,
"SUPER SCIENCE MAGIC","2003",,"SCHOLASTIC","2004","SCIENCE","1111187","ENGLISH MEDIUM","NEW DELHI","EFD 56",,,,"JAMIL SMITH","SCIENCE","87",,,"$0.00",,,,,,,,,,,,,
"BASIC COMPUTER KNOWLEDGE","2002",,"DIAMOND POCKET BOOK","2004","COMPUTER","1111189","ENGLISH MEDIUM","NEW DELHI","EFH 6",,,,,"COMPUTER","89",,,"$5.00",,,,,,,,,,,,,
"THE GOLDEN TOUCH","2003",,,"2004","CHILDREN LITERATURE","1111190","ENGLISH MEDIUM",,"EEB 633",,,,,"CHILDREN LITERATURE","90",,,"$17.00",,,,,,,,,,,,,
"THE TACTFUL FOX","2003",,"ARORA BOOK COMPANY","2004","CHILDREN LITERATURE","1111194","ENGLISH MEDIUM","DELHI","EEB 637",,,,,"CHILDREN LITERATURE","94",,,"$17.00",,,,,,,,,,,,,
"THE FOOLISH CRANE","2003",,"ENKA PUBLICATIONS","2004","CHILDREN LITERATURE","1111199","ENGLISH MEDIUM","AHAMEDABAD","EEB642",,,,,"CHILDREN LITERATURE","99",,,"$17.00",,,,,,,,,,,,,
"KHIL KHILAT",,,"SUNDERLAL MASTER","2007","STORY BOOK","1111421","ENGLISH MEDIUM
",,"NIL",,,,"SUDARSAN MASTER","STORY BOOK","421",,,"$2,006.00",,,,,,,,,,,,,
"HIMALAYA KA SAMAPARN","2005",,"BABASWAMI PRINTING","2007","HINDI","1111424","ENGLISH MEDIUM",,"EEC 64",,,,"SRI SHIVKRUPANAND SWAMI","HINDI","424",,,"$450.00",,,,,,,,,,,,,
"HELP THE SKY IS FALLING","2003",,"ENKA PUBLICATIONS PVT. LTD","2004","CHILDREN LITERATURE","11111100","ENGLISH MEDIUM",,"EEB 643",,,,,"CHILDREN LITERATURE","100",,,"$17.00",,,,,,,,,,,,,
"THE LION AND THE MOUSE","2003",,"ENKA","2004","CHILDREN LITERATURE","11111102","ENGLISH MEDIUM",,"EEB 645",,,,,"CHILDREN LITERATURE","102",,,"$16.00",,,,,,,,,,,,,
"THE BOASTFUL RABBIT","2002",,"ENKA PUBLICATIONS","2004","CHILDREN LITERATURE","11111107","ENGLISH MEDIUM","AHAMEDABAD","EEB 650",,,,,"CHILDREN LITERATURE","107",,,"$17.00",,,,,,,,,,,,,
"THE BEST HOUSE","2002",,"ENKA PUBLICATIONS","2004","CHILDREN LITERATURE","11111110","ENGLISH MEDIUM","AHAMEDABAD","EEB 653",,,,,"CHILDREN LITERATURE","110",,,"$16.00",,,,,,,,,,,,,
"THE CUNNING FOX",,,"ENKA","2004","CHILDREN LITERATURE","11111111","ENGLLISH MEDIUM","AHAMEDABAD","EEB 654",,,,,"CHILDREN LITERATURE","111",,,"$0.00",,,,,,,,,,,,,
"FALSE PRIDE","2002",,"ENKA PUBLICATIONS","2004","CHILDREN LITERATURE","11111112","ENGLISH MEDIUM","AHAMEDABAD","EEB 655",,,,,"CHILDREN LITERATURE","112",,,"$17.00",,,,,,,,,,,,,
"SCIENCE DISCOVERY MACHINES AT WORK","2003",,"NAVNEET ","2004","SCIENCE","11111119","ENGLISH MEDIUM","MUMBAI","EFD 60",,,,"ALAN WORD","SCIENCE","119",,,"$55.00",,,,,,,,,,,,,
"BELIEVE IT OR NOT ODDINARY PEOPLE","2003",,"SCHOLASTIC","2004","OTHERS","11111120","ENGLISH MEDIUM","NEW DELHI","EKB 29",,,,"MARY PACKARD","OTHERS","120",,,"$55.00",,,,,,,,,,,,,
"LANGUE ET CIVILISATION FRANCAISES","2003",,"GOYAL BOOKS","2004","FRENCH LITERATURE","11111121","ENGLISH MEDIUM","DELHI","EFK 2",,,,,"FRENCH LITERATURE","121",,,"$0.00",,,,,,,,,,,,,
"ALI BABA ABD THE FORTY THIVES",,,"LEARNERS PUBLISHING","2004","CHILDREN LITERATURE","11111126","ENGLISH MEDIUM",,"EEB 665",,,,"JANET RIECHEKY","CHILDREN LITERATURE","126",,,"$0.00",,,,,,,,,,,,,
"THE ADVENTURES OF TOM SAWYER","2002",,"SCHOLASTIC","2004","ADVENTURE","11111131","ENGLISH MEDIUM","NEW DELHI","EEA 7",,,,"MARK TWAIN","ADVENTURE","131",,,"$0.00",,,,,,,,,,,,,
"KALEIDOSCOPE INDIA THE INDIA QUIZ BOOK","2003",,"SCHOLASTIC","2004","GK","11111132","ENGLISH MEDIUM",,"EK 171",,,,"AKASH BANSAL","GK","132",,,"$75.00",,,,,,,,,,,,,
"IF PIGS COULD FLY",,,"SCHOLASTIC","2004","CHILDREN LITERATURE","11111134","ENGLISH MEDIUM","NEW YORK","EEB 738",,,,,"CHILDREN LITERATURE","134",,,"$25.00",,,,,,,,,,,,,
"EARTHQUAKES","2002",,"POPULAR PRAKASHAN","2004","GK","11111135","ENGLISH MEDIUM","DISCOVERY CHANNAL","EK 172",,,,,"GK","135",,,"$95.00",,,,,,,,,,,,,
"EXPERIMENTS","2003",,"SCHOLASTIC","2004","SCIENCE","11111136","ENGLISH MEDIUM","NEW DELHI","EFD 68",,,,"ALASTAIR SMITH","SCIENCE","136",,,"$95.00",,,,,,,,,,,,,
"SHREE KRISHNA LEELA-3","2003",,"DREAMLAND PUB","2004","STORY BOOK","11111139","ENGLISH MEDIUM","DELHI","EEB 723",,,,,"STORY BOOK","139",,,"$20.00",,,,,,,,,,,,,
"SHREE KRISHNA LEELA-4","2002",,"DREAMLAND PUB","2004","STORY BOOK","11111140","ENGLISH MEDIUM","NEW DELHI","EEB 724",,,,,"STORY BOOK","140",,,"$20.00",,,,,,,,,,,,,
"RAMAYANA BALKAND","2002",,"MANOJ PUBLICATION","2004","STORY BOOK","11111144","ENGLISH MEDIUM","NEW DELHI","EEB 770",,,,,"STORY BOOK","144",,,"$40.00",,,,,,,,,,,,,
"A MANUAL OF SELF UNFOLDMENT","2003",,"CENTRAL CHINMSYAYA TRUST","2004","PERSONALITY DEVELOPEMENT","11111149","ENGLISH MEDIUM",,"EP 23",,,,"SWAMI CHINMAYAND","PERSONALITY DEVELOPEMENT","149",,,"$40.00",,,,,,,,,,,,,
"JACK AND THE BEANSTALK","2003",,"MY KIDS WORLD PUBLICATION","2004","CHILDREN LITERATURE","11111157","ENGLISH MEDIUM","DELHI","EEB 781",,,,"SHILPI","CHILDREN LITERATURE","157",,,"$17.00",,,,,,,,,,,,,
"STORIES FOR CHILDREN 2","2003",,"NAVNEET","2004","STORY BOOK","11111161","ENGLISH MEDIUM","MUMBAI","EEB 784",,,,"C.K.SAMPAT","STORY BOOK","161",,,"$85.00",,,,,,,,,,,,,
"STORIES FOR CHILDREN 3","2004",,"NAVNEET ","2005","STORY BOOK","11111162","ENGLISH MEDIUM","MUMBAI","EEB 785",,,,"C.K.SAMPAT","STORY BOOK","162",,,"$85.00",,,,,,,,,,,,,
"SCIENTISTS AND INVENTIONS","2003",,"PUSTAK MAHAL","2004","BIOGRAPHY","11111163","ENGLISH MEDIUM","NEW DELHI","EB 52",,,,"A.H.HASHMI","BIOGRAPHY","163",,,"$25.00",,,,,,,,,,,,,
"ENERGY","2002",,"PUSTAK MAHAL","2004","SCIENCE","11111164","ENGLISH MEDIUM","DELHI","EFD 71",,,,"A.H.HASHMI","SCIENCE","164",,,"$25.00",,,,,,,,,,,,,
"EARTH ","2004",,"PUSTAK MAHAL","2005","SCIENCE","11111166","ENGLISH MEDIUM","DELHI","EFD 73",,,,"A.H.HASHMI","SCIENCE","166",,,"$25.00",,,,,,,,,,,,,
"HOW THE RABBIT SOWED THE MILLET",,,,"2005","CHILDREN LITERATURE","11111168","ENGLISH MEDIUM",,"EEB 386",,,,"W. MAY","CHILDREN LITERATURE","168",,,"$0.00",,,,,,,,,,,,,
"MY ALBUM OF SAFETY",,,"NAVNEET ","2005","LITERATURE","11111171","ENGLISH MEDIUM","MUMBAI","EFJ 3",,,,,"LITERATURE","171",,,"$20.00",,,,,,,,,,,,,
"TINY TOT TELL ME MORE 1","2003",,"TINY TOT PUBLICATIONS","2004","SCIENCE","11111173","ENGLISH MEDIUM","DELHI","EFD 70",,,,"D.S.SAM AND K.S.KOHLI","SCIENCE","173",,,"$150.00",,,,,,,,,,,,,
"LOOK AT YOUR BODY BLOOD","2002",,"NAVNEET ","2005","SCIENCE","11111174","ENGLISH MEDIUM","MUMBAI","EFD 75",,,,"STEVE PARKER","SCIENCE","174",,,"$80.00",,,,,,,,,,,,,
"LOOK AT YOUR BODY SENCES","2002",,"NAVNEET ","2005","SCIENCE","11111175","ENGLISH MEDIUM","MUMBAI","EFD 76",,,,"STEVE PARKER","SCIENCE","175",,,"$80.00",,,,,,,,,,,,,
"LOOK AT YOUR BODY SKELETON","2004",,"NAVNEET ","2005","SCIENCE","11111176","ENGLISH MEDIUM","MUMBAI","EFD 77",,,,"STEVE PARKER","SCIENCE","176",,,"$75.00",,,,,,,,,,,,,
"LOOK AT YOUR BODY LUNGS","2002",,"NAVNEET ","2005","SCIENCE","11111177","ENGLISH MEDIUM","MUMBAI","EFD 78",,,,"STEVE PARKER","SCIENCE","177",,,"$75.00",,,,,,,,,,,,,
"LOOK AT YOUR BODY BRAIN AND NERVES","2002",,"NAVNEET ","2004","SCIENCE","11111178","ENGLISH MEDIUM","MUMBAI","EFD 79",,,,"STEVE PARKER","SCIENCE","178",,,"$80.00",,,,,,,,,,,,,
"COMPUTERS","1998",,"NAVNEET ","2012","SCIENCE","11111179","ENGLISH MEDIUM","MUMBAI","EFH 7",,,,"STEVE PARKER","SCIENCE","179",,,"$75.00",,,,,,,,,,,,,
"COMMUNICATIONS","2003",,"NAVNEET ","2005","COMPUTER","11111180","ENGLISH MEDIUM","MUMBAI","EFH 8",,,,"STEVE PARKER","COMPUTER","180",,,"$75.00",,,,,,,,,,,,,
"HOLY FAITH ESSENTIAL ENGLISH GRAMMER AND COMPOSITION","2003",,"HOLY FAITH INTERNATIONAL LTD ","2004","GRAMMER","11111183","ENGLISH MEDIUM","NEW DELHI","EFA 45",,,,"JAMES THOMAS","GRAMMER","183",,,"$100.00",,,,,,,,,,,,,
"HITOPADESH 5","2006",,"NAVNEET ","2008","CHILDREN LITERATURE","11111198","ENGLISH MEDIUM","MUMBAI","EEB 800",,,,"YOGESH JOSHI","CHILDREN LITERATURE","198",,,"$40.00",,,,,,,,,,,,,
"MOHANDAS KARAMCHAND GANDHI","2004",,"STERLING PRESS PVT LTD","2005","BIOGRAPHY","11111206","ENGLISH MEDIUM",,"EB 53",,,,"DIPALI SINGH","BIOGRAPHY","206",,,"$20.00",,,,,,,,,,,,,
"MANAV GHADTHAR KALA","2003",,"CENTRAL CHINMSYAYA TRUST","2005","PERSONALITY DEVELOPEMENT","11111207","ENGLISH MEDIUM GUJ BOOK",,"EP 24",,,,"SWAMI CHINMAYAND","PERSONALITY DEVELOPEMENT","207",,,"$0.00",,,,,,,,,,,,,
"JIVAN JYOT JALAV","2003",,"CENTRAL CHINMSYAYA TRUST","2005","PERSONALITY DEVELOPEMENT","11111208","ENGLISH MEDIUM",,"EP 25",,,,"SWAMI CHINMAYAND","PERSONALITY DEVELOPEMENT","208",,,"$0.00",,,,,,,,,,,,,
"A VISION OF INDIA PROFILE OF EXCELLENCE","2004",,"NAVNEET ","2005","GK","11111209","ENGLISH MEDIUM","MUMBAI","EK 177",,,,"SWARN KHANDPUR","GK","209",,,"$80.00",,,,,,,,,,,,,
"52 WAYS TO LIVE SUCCESS","2006",,"JAICO PUBLICATION HOUSE","2007","PERSONALITY DEVELOPEMENT","11111210","ENGLISH MEDIUM","NEW DELHI","EP 26",,,,"JEAME SHARBYNO","PERSONALITY DEVELOPEMENT","210",,,"$0.00",,,,,,,,,,,,,
"BAL SATANG PART 1","2003",,"SWAMINARAYAN AKSHARPITH","2005","BIOGRAPHY","11111212","ENGLISH MEDIUM","AHAMEDABAD","EB 54",,,,"SWAMINARAYAN","BIOGRAPHY","212",,,"$15.00",,,,,,,,,,,,,
"SNOW WHITE AND THE SEVEN DWARFS",,,"A GOLDEN BOOK","2005","CHILDREN LITERATURE","11111215","ENGLISH MEDIUM","USA",,,,,,"CHILDREN LITERATURE","215",,,"$40.00",,,,,,,,,,,,,
"DREAMS TO REALITY A BIOGRAPHY OF DR. A.P.J.ABDUL KALAM","2004",,"NAVNEET ","2005","BIOGRAPHY","11111219","ENGLISH MEDIUM","MUMBAI","EB 55",,,,"SRINIVAS LAXMAN","BIOGRAPHY","219",,,"$100.00",,,,,,,,,,,,,
"CHANDRASHEKHAR AZAD","2004",,"MANOJ PUBLICATION","2005","BIOGRAPHY","11111230","ENGLISH MEDIUM","DELHI","EB 58",,,,"IGEN B.","BIOGRAPHY","230",,,"$40.00",,,,,,,,,,,,,
"SHIV PARVATI","2003",,"MANOJ PUBLICATION","2005","STORY BOOK","11111231","ENGLISH MEDIUM","DELHI","EEB 809",,,,"ANIL KUMAR","STORY BOOK","231",,,"$40.00",,,,,,,,,,,,,
"BHAKT PRAHLADA","2002",,"MANOJ PUBLICATION","2005","CHILDREN LITERATURE","11111232","ENGLISH MEDIUM","DELHI","EEB 810",,,,"KAKA HARIOM","CHILDREN LITERATURE","232",,,"$40.00",,,,,,,,,,,,,
"FAIRY TALES 2","2003",,"NAVNEET ","2005","CHILDREN LITERATURE","11111233","ENGLISH MEDIUM","MUMBAI","EEB 811",,,,"BHIKHABHAI SUTHAR","CHILDREN LITERATURE","233",,,"$30.00",,,,,,,,,,,,,
"WITTY TENALIRAMA","2003",,"MANOJ PUBLICATION","2005","CHILDREN LITERATURE","11111237","ENGLISH MEDIUM",,"EEB 815",,,,"KUNWAR ANIL KUMAR","CHILDREN LITERATURE","237",,,"$40.00",,,,,,,,,,,,,
"VEER SVARKAR","2003",,"MANOJ PUBLICATION","2005","STORY BOOK","11111238","ENGLISH MEDIUM","DELHI","EEB 816",,,,"DR. MAHENDRA MITTAL","STORY BOOK","238",,,"$40.00",,,,,,,,,,,,,
"SUPER PICTURE DICTIONARY","2004",,"DREAMLAND PUB","2004","GRAMMER","11111239","ENGLISH MEDIUM","NEW DELHI","EFA 47",,,,"PRASHANT GUPTA","GRAMMER","239",,,"$150.00",,,,,,,,,,,,,
"101 GREAT INDIAN MONUMENTS","2004",,"TINY TOT PUBLICATIONS","2005","STORY BOOK","11111240","ENGLISH MEDIUM","NEW DELHI","EK 178",,,,"SHYAM DUA","STORY BOOK","240",,,"$110.00",,,,,,,,,,,,,
"PANCHANTANTRA",,,"NAVNEET ","2007","CHILDREN LITERATURE","11111242","ENGLISH MEDIUM","MUMBAI","EEB 818",,,,"YOGESH JOSHI","CHILDREN LITERATURE","242",,,"$40.00",,,,,,,,,,,,,
"MANORAMA YEAR BOOK 2006","2004",,"MALAYA MANORAMA","2005","GK","11111246","ENGLISH MEDIUM",,"EK 179",,,,,"GK","246",,,"$120.00",,,,,,,,,,,,,
"OXFORD READING CIRCLE","2005",,"OXFORD UNI PRESS","2006","STORY BOOK","11111247","ENGLISH MEDIUM","DELHI","EEB 822",,,,"NICHOLUS HORSBURGH","STORY BOOK","247",,,"$58.00",,,,,,,,,,,,,
"101 WYS TO IMPROVE YOUR GRAMMAR SKILLS","2005",,"SCHOLASTIC","2006","GRAMMER","11111251","ENGLISH MEDIUM","NEW DELHI","EFA 46",,,,"BARBARA LEVY","GRAMMER","251",,,"$65.00",,,,,,,,,,,,,
"RABINDRANATH TAGORE SELECTED SHORT STORIES","2005",,"PENGUIN BOOKS","2006","STORY BOOK","11111252","ENGLISH MEDIUM","DELHI","EEB 824",,,,"WILLIAM RADICE","STORY BOOK","252",,,"$250.00",,,,,,,,,,,,,
"ARE YOU AFRAID OF THE DARK?","2004",,"HARPER COLLIAM PUB INDIA","2006","NOVEL","11111255","ENGLISH MEDIUM",,"EA 62",,,,"SIDNEY SHELDON","NOVEL","255",,,"$195.00",,,,,,,,,,,,,
"FALSE IMPRESSION","2004",,"PAN BOOKS","2006","NOVEL","11111256","ENGLISH MEDIUM",,"EA 63",,,,"JEFFREY ARCHER","NOVEL","256",,,"$250.00",,,,,,,,,,,,,
"KRISHNA KI KAHANIYA","2005",,"SCHOLASTIC","2006","HINDI","11111257","ENGLISH MEDIUM","NEW DELHI","EEC 49",,,,"POOJA PANDYE","HINDI","257",,,"$160.00",,,,,,,,,,,,,
"BEING YOUR BEST ","2005",,"DOLPHIN PRESS","2006","PERSONALITY DEVELOPEMENT","11111259","ENGLISH MEDIUM","NEW DELHI","EP 22",,,,"BARBARA A. LEWIS","PERSONALITY DEVELOPEMENT","259",,,"$125.00",,,,,,,,,,,,,
"LITTLE WOMEN LOUISA MAY ALCOTT","2004",,"SCHOLASTIC","2006","NOVEL","11111262","ENGLISH MEDIUM","NEW DELHI","EA 64",,,,"PAULA DANZIGER","NOVEL","262",,,"$100.00",,,,,,,,,,,,,
"A BRIEF HISTORY OF TIME","2005",,"BANTAM BOOKS","2006","NOVEL","11111265","ENGLISH MEDIUM","NEW DELHI","EA 66",,,,"STEPHEN W. HAWKING","NOVEL","265",,,"$310.00",,,,,,,,,,,,,
"BEING YOUR BEST","2004",,"DOLPHIN PRESS","2006","PERSONALITY DEVELOPEMENT","11111266","ENGLISH MEDIUM","NEW DELHI","EP 28",,,,"BARBARA LEVY","PERSONALITY DEVELOPEMENT","266",,,"$145.00",,,,,,,,,,,,,
"6 PLAYS","2005",,"CHILDREN BOOK TRUST","2006","STORY BOOK","11111268","ENGLISH MEDIUM","NEW DELHI","EEB 825",,,,,"STORY BOOK","268",,,"$36.00",,,,,,,,,,,,,
"ROBIN HOOD AND HIS MERRY MEN","2005",,"SCHOLASTIC","2006","STORY BOOK","11111270","ENGLISH MEDIUM","NEW DELHI","EEB 826",,,,"HOWARD PYLE","STORY BOOK","270",,,"$95.00",,,,,,,,,,,,,
"100 GREAT LEADERS","2004",,"NAVNEET ","2006","BIOGRAPHY","11111272","ENGLISH MEDIUM","MUMBAI","EB 59",,,,,"BIOGRAPHY","272",,,"$150.00",,,,,,,,,,,,,
"RAMAYANA","2005",,"ANKUR PRAKASHAN","2006","STORY BOOK","11111275","ENGLISH MEDIUM","AHAMEDABAD","EEB 828",,,,"A.J.PATEL","STORY BOOK","275",,,"$50.00",,,,,,,,,,,,,
"WORLDS WEATHER AND CLIMATE","1996",,"NAVNEET ","2012","SCIENCE","11111283","ENGLISH MEDIUM","MUMBAI","EFD 81",,,,"DICK FILE","SCIENCE","283",,,"$70.00",,,,,,,,,,,,,
"BEST OF GOODNIGHT STORIES","2006",,"TINY TOT PUBLICATIONS","2006","STORY BOOK","11111284","ENGLISH MEDIUM","NEW DELHI","EEB 832",,,,,"STORY BOOK","284",,,"$120.00",,,,,,,,,,,,,
"SOLAR SYSTEM","2004",,"POPULAR PRAKASHAN","2006","SCIENCE","11111285","ENGLISH MEDIUM","DISCOVERY CHANNEL","EFD 82",,,,,"SCIENCE","285",,,"$95.00",,,,,,,,,,,,,
"HARRY POTTER",,,"BLOOMSBURY","2006","NOVEL","11111286","ENGLISH MEDIUM",,"EA 68",,,,"J.K.ROWLING","NOVEL","286",,,"$0.00",,,,,,,,,,,,,
"G.K.QUIZ FOR ALL","2005",,"TINY TOT PUBLICATIONS","2006","GK","11111287","ENGLISH MEDIUM","DELHI","EK 180",,,,"S.K. MEHRA","GK","287",,,"$60.00",,,,,,,,,,,,,
"STORIES FROM PANCHANTRA 1","2005",,"CHILDREN BOOK TRUST","2006","STORY BOOK","11111288","ENGLISH MEDIUM","NEW DELHI","EEB 833",,,,"SHIVKUMAR","STORY BOOK","288",,,"$120.00",,,,,,,,,,,,,
"32 STORIES FOR CHILDREN",,,"ANKUR PRAKASHAN","2006","CHILDREN LITERATURE","11111296","ENGLISH MEDIUM","AHAMEDABAD","EEB 840",,,,"SOMABHAI PATEL","CHILDREN LITERATURE","296",,,"$0.00",,,,,,,,,,,,,
"THE PEARSON CONCISE GENERAL KNOWLEDGE MANUAL 2006",,,"PEARSON EDUCATION","2006","STORY BOOK","11111297","ENGLISH MEDIUM",,"EK 181",,,,"SHOWICK THORPE","STORY BOOK","297",,,"$125.00",,,,,,,,,,,,,
"CHILDRENS KNOWLEDGE BANK 1",,,"PUSTAK MAHAL","2006","GK","11111300","ENGLISH MEDIUM",,"EK 182",,,,"DR. SUNIL GUPTA","GK","300",,,"$60.00",,,,,,,,,,,,,
"CHILDRENS KNOWLEDGE BANK 2","2005",,"PUSTAK MAHAL","2006","GK","11111301","ENGLISH MEDIUM","DELHI","EK 183",,,,"DR. SUNITA GUPTA","GK","301",,,"$60.00",,,,,,,,,,,,,
"CHILDRENS KNOWLEDGE BANK 3","2005",,"PUSTAK MAHAL","2006","GK","11111302","ENGLISH MEDIUM","DELHI","EK 184",,,,"DR. SUNITA GUPTA","GK","302",,,"$60.00",,,,,,,,,,,,,
"CHILDRENS KNOWLEDGE BANK 4","2005",,"PUSTAK MAHAL","2006","GK","11111303","ENGLISH MEDIUM","DELHI","EK 185",,,,"DR. SUNITA GUPTA","GK","303",,,"$60.00",,,,,,,,,,,,,
"CHILDRENS KNOWLEDGE BANK 5","2005",,"PUSTAK MAHAL","2006","GK","11111304","ENGLISH MEDIUM","MUMBAI","EK 186",,,,"DR.SUNITA GUPTA","GK","304",,,"$60.00",,,,,,,,,,,,,
"CHILDRENS KNOWLEDGE BANK 6","2004",,"PUSTAK MAHAL","2006","GK","11111305","ENGLISH MEDIUM","NEW DELHI","EK 187",,,,"DR. SUNITA GUPTA","GK","305",,,"$60.00",,,,,,,,,,,,,
"WITTY TALES OF AKBAR BIRBAL",,,"MANOJ PUBLICATION","2002","CHILDREN LITERATURE","11111306","ENGLISH MEDIUM","DELHI","EEB 842",,,,"RAJIV TIWARI","CHILDREN LITERATURE","306",,,"$40.00",,,,,,,,,,,,,
"LITTLE HANUMAN",,,,"2000","CHILDREN LITERATURE","11111322","ENGLISH MEDIUM",,"EEB 846",,,,"SMARA","CHILDREN LITERATURE","322",,,"$25.00",,,,,,,,,,,,,
"LITTLE HANUMAN",,,"SEASON PUBLISHING","2006","CHILDREN LITERATURE","11111323","ENGLISH MEDIUM",,"EEB 846",,,,"SMAARA","CHILDREN LITERATURE","323",,,"$0.00",,,,,,,,,,,,,
"WORLDS GREAT SPEECHES OF ALL TIMES","2003",,"BOOK PALACE","2005","BIOGRAPHY","11111325","ENGLISH MEDIUM","NEW DELHI","EB 61",,,,"ABRAR MOHSIN","BIOGRAPHY","325",,,"$50.00",,,,,,,,,,,,,
"BRITANNICA READY REFERENCE ENCYCLOPEDIA","2005",,"ENCYCLOPEDIA BRITANNICA PVT LTD INDIA","2006","GK","11111326","ENGLISH MEDIUM","NEW DELHI","EK 199",,,,,"GK","326",,,"$0.00",,,,,,,,,,,,,
"BRITANNICA READY REFERENCE ENCYCLOPEDIA","2005",,"ENCYCLOPEDIA BRITANNICA PVT LTD INDIA","2006","GK","11111327","ENGLISH MEDIUM","NEW DELHI","EK 200",,,,,"GK","327",,,"$0.00",,,,,,,,,,,,,
"LITTLE KRISHNA","2004",,"SHREE BOOK CENTRE","2006","STORY BOOK","11111328","ENGLISH MEDIUM","AHAMEDABAD","EEB 880",,,,"GAMAN","STORY BOOK","328",,,"$25.00",,,,,,,,,,,,,
"FUNNY YOU SHOULD ASK","2004",,"SCHOLASTIC","2006","GK","11111335","ENGLISH MEDIUM","NEW DELHI","EK 202",,,,"MARG MEIKLE","GK","335",,,"$0.00",,,,,,,,,,,,,
"INDIA A TOURISTSS GUIDE","2004",,"VASAN BOOK DEPOT","2006","GK","11111336","ENGLISH MEDIUM","DELHI","EK 203",,,,,"GK","336",,,"$195.00",,,,,,,,,,,,,
"THE IMMORTAL CHARACTER OF THE RAMAYANA",,,"NAVNEET ","2006","CHILDREN LITERATURE","11111340","ENGLISH MEDIUM","MUMBAI","EEB 988",,,,"YOGESH JOSHI","CHILDREN LITERATURE","340",,,"$40.00",,,,,,,,,,,,,
"PRERANANU ZARANU","2004",,"ADHIA INTERNATIONAL","2006","PERSONALITY DEVELOPEMENT","11111341","ENGLISH MEDIUM",,"EP 32",,,,"DR. JITENDRA ADHIA","PERSONALITY DEVELOPEMENT","341",,,"$70.00",,,,,,,,,,,,,
"VIRAL VIBHUTIA","2004",,"SOHAM TRUST","2006","BIOGRAPHY","11111342","ENGLISH MEDIUM",,"EB 104",,,,"BINA JOSHI","BIOGRAPHY","342",,,"$90.00",,,,,,,,,,,,,
"UP TO DATE SCHOOL NIBHAND","2004",,"GOODWILLS","2006","HINDI","11111345","ENGLISH MEDIUM","NEW DELHI","EEC 51",,,,"S.S. BAKHARI","HINDI","345",,,"$65.00",,,,,,,,,,,,,
"THE THIRSTY CROW",,,,"2006","CHILDREN LITERATURE","11111347","ENGLISH MEDIUM",,"EEB 991",,,,,"CHILDREN LITERATURE","347",,,"$20.00",,,,,,,,,,,,,
"VIVEKANANDJI SATHE VARTALAP","2004",,"SRI RAMAKRISHNA MATH","2006","PERSONALITY DEVELOPEMENT","11111354","ENGLISH MEDIUM",,"EP 33",,,,,"PERSONALITY DEVELOPEMENT","354",,,"$10.00",,,,,,,,,,,,,
"SHAKTIDAI VICHAR",,,,"2006","PERSONALITY DEVELOPEMENT","11111355","ENGLISH MEDIUM",,"EP 34",,,,,"PERSONALITY DEVELOPEMENT","355",,,"$4.00",,,,,,,,,,,,,
"VIDHYARTHINI PATRA","2004",,"SRI RAMAKRISHNA MATH","2006","PERSONALITY DEVELOPEMENT","11111356","ENGLISH MEDIUM",,"EP 35",,,,"SWAMI PURUSHOTAMANAND","PERSONALITY DEVELOPEMENT","356",,,"$5.00",,,,,,,,,,,,,
"UTHO JAGO","2004",,"SRI RAMAKRISHNA MATH","2006","PERSONALITY DEVELOPEMENT","11111357","ENGLISH MEDIUM",,"EP 36",,,,"SWAMI VIVEKANANDA","PERSONALITY DEVELOPEMENT","357",,,"$12.00",,,,,,,,,,,,,
"BHAGO HEY BHARAT","2004",,"SRI RAMAKRISHNA MATH","2006","PERSONALITY DEVELOPEMENT","11111358","ENGLISH MEDIUM",,"EP 37",,,,"SWAMI VIVEKANANDA","PERSONALITY DEVELOPEMENT","358",,,"$12.00",,,,,,,,,,,,,
"SWAMI VIEKANAND RASHTRA SAMBODHAN","2004",,"SRI RAMAKRISHNA MATH","2006","PERSONALITY DEVELOPEMENT","11111359","ENGLISH MEDIUM",,"EP 38",,,,"SWAMI VIVEKANANDA","PERSONALITY DEVELOPEMENT","359",,,"$10.00",,,,,,,,,,,,,
"MULYALAKSHI KELVANI","2004",,"SRI RAMAKRISHNA MATH","2006","PERSONALITY DEVELOPEMENT","11111360","ENGLISH MEDIUM",,"EP 72",,,,"SWAMI JITYANAND","PERSONALITY DEVELOPEMENT","360",,,"$40.00",,,,,,,,,,,,,
"SWAMIVIVEKANAND ","2004",,"ADVAITA ASHRAM","2006","BIOGRAPHY","11111361","ENGLISH MEDIUM",,"EB 72",,,,"SWAMI TEJASANAND","BIOGRAPHY","361",,,"$14.00",,,,,,,,,,,,,
"SRIMAD BHAGADGITA","2004",,"SRI RAMAKRISHNA MATH","2006","SPIRITUAL","11111362","ENGLISH MEDIUM",,"EI 3",,,,"SWAMI VIRESHWARANANDA","SPIRITUAL","362",,,"$25.00",,,,,,,,,,,,,
"SRI RAMKRISHNA BIOGRAPHY","2004",,"SRI RAMAKRISHNA MATH","2006","BIOGRAPHY","11111363","ENGLISH MEDIUM",,"EB 68",,,,"SWAMINIKHILESHWARANAND","BIOGRAPHY","363",,,"$25.00",,,,,,,,,,,,,
"SWAMIVIVEKANAND AT A GLANCE","2005",,"SRI RAMAKRISHNA MATH","2006","PERSONALITY DEVELOPEMENT","11111364","ENGLISH MEDIUM",,"EP 39",,,,"SWAMI LOKESHWARANANDA","PERSONALITY DEVELOPEMENT","364",,,"$25.00",,,,,,,,,,,,,
"SRI SARDADEVI","2004",,"SRI RAMAKRISHNA MATH","2006","BIOGRAPHY","11111365","ENGLISH MEDIUM",,"NIL",,,,"SWAMI TAPASYANANDA","BIOGRAPHY","365",,,"$8.00",,,,,,,,,,,,,
"THE STORY OF SISTER NIVEDITA","2004",,"SRI RAMAKRISHNA MATH","2006","BIOGRAPHY","11111366","ENGLISH MEDIUM",,"NIL",,,,"PRAVRAJIKA","BIOGRAPHY","366",,,"$14.00",,,,,,,,,,,,,
"AWAKEN THE GENIUS IN YOUR CHILD","2005",,"ORIENTED PAPERBACKS","2006","PERSONALITY DEVELOPEMENT","11111367","ENGLISH MEDIUM","NEW DELHI","EP 42",,,,"SHANKUTALA DEVI","PERSONALITY DEVELOPEMENT","367",,,"$150.00",,,,,,,,,,,,,
"WHO MOVED MY CHEESE?","2005",,"VERMILLION","2006","STORY BOOK","11111372","ENGLISH MEDIUM","NEW DELHI","EEB 1006",,,,"DR SPENCER JOHNSON","STORY BOOK","372",,,"$125.00",,,,,,,,,,,,,
"SCIENCE DISCOVERY WATER AND FLOATING","2005",," NAVNEET","2006","SCIENCE","11111374","ENGLISH MEDIUM","MUMBAI","EFD 83",,,,"ALAM WORD","SCIENCE","374",,,"$70.00",,,,,,,,,,,,,
"EDUCATION PROGRAMMES IN MANAGEMENT",,,"NARSEE MONJEE INSTITUTE OF MANAGEMENT STUDY","2006","GRAMMER","11111376","ENGLISH MEDIUM","BOMBAY","EFA 52",,,,"V.P.MICHEAL","GRAMMER","376",,,"$50.00",,,,,,,,,,,,,
"EVEREST","2005",,"SCHOLASTIC","2006","STORY BOOK","11111379","ENGLISH MEDIUM","NEW DELHI","EEB 1027",,,,"GORDON KORMAN","STORY BOOK","379",,,"$150.00",,,,,,,,,,,,,
"P.J.FUNNUBUNNY",,,"RANDOM HOUSE","2004","CHILDREN LITERATURE","11111384","ENGLISH MEDIUM","NEW YORK","EEB 1032",,,,"MARILYN SADLER","CHILDREN LITERATURE","384",,,"$25.00",,,,,,,,,,,,,
"ANMOL RATNA","2005",,"GRAND DREAMSLLIM","2006","STORY BOOK","11111386","ENGLISH MEDIUM",,"EEB 1042",,,,,"STORY BOOK","386",,,"$25.00",,,,,,,,,,,,,
"BUBBLES OWNS UP",,,,"2007","CHILDREN LITERATURE","11111387","ENGLISH MEDIUM",,"EEB 1037",,,,,"CHILDREN LITERATURE","387",,,"$0.00",,,,,,,,,,,,,
"THE COUNTRY MOUSE AND THE TOWN MOUSE",,,"MPB PUBLICATIONS ","2006","CHILDREN LITERATURE","11111388","ENGLISH MEDIUM","DELHI","EEB 1038",,,,,"CHILDREN LITERATURE","388",,,"$0.00",,,,,,,,,,,,,
"THE THIRSTY CROW","2005",,"MPB PUBLICATIONS ","2006","CHILDREN LITERATURE","11111390","ENGLISH MEDIUM","DELHI","EEB 1040",,,,,"CHILDREN LITERATURE","390",,,"$25.00",,,,,,,,,,,,,
"LETS KNOW ABOUT MONUMENTS","2004",,"PRINTED ATUNIC PRESS","2006","GK","11111397","ENGLISH MEDIUM",,"EK 218",,,,,"GK","397",,,"$0.00",,,,,,,,,,,,,
"LETS KNOW ABOUT COMMUNICATION","2004",,"PRINTED ATUNIC PRESS","2006","GK","11111398","ENGLISH MEDIUM",,"EK 217",,,,,"GK","398",,,"$0.00",,,,,,,,,,,,,
"POLAR REGION","2005",,"PRINTED ATUNIN PRESS","2006","GK","11111399","ENGLISH MEDIUM",,"EK 216",,,,,"GK","399",,,"$0.00",,,,,,,,,,,,,
"A COLLECTION OF 111 COLOURFUL STORIES FOR KIDS A TREASURY OF TALES","2006",,"AKSHARA PRAKASHAN","2007","STORY BOOK","11111400","ENGLISH MEDIUM","AHAMEDABAD","EEB 1063",,,,"V. RAMANUJ","STORY BOOK","400",,,"$300.00",,,,,,,,,,,,,
"THE ELEPHANT AND THE CRAB","2006",,"KIDDZ BOOK","2007","STORY BOOK","11111408","ENGLISH MEDIUM","MALAYSIA","EEB 1076",,,,"PATRICK MORAIS","STORY BOOK","408",,,"$225.00",,,,,,,,,,,,,
"GK QUES ANS",,,"PARICHAY OVERSEAS","2007","GK","11111409","ENGLISH MEDIUM",,"EK 226",,,,,"GK","409",,,"$40.00",,,,,,,,,,,,,
"THE CALCUTTA QUIZ BOOK","2004",,"A NORTH STAR BOOK","2007","GK","11111410","ENGLISH MEDIUM",,"EK 227",,,,"NEIL OBRIEN","GK","410",,,"$50.00",,,,,,,,,,,,,
"HINTS ON NATIONAL EDUCATION IN INDIA","2005",,"UDBODHAN OFFICE","2007","OTHER","11111411","ENGLISH MEDIUM","KOLKOTTA","EKB 37",,,,"SISTER NIVEDITA","OTHER","411",,,"$30.00",,,,,,,,,,,,,
"ENVIRONMENTAL STUDIES","2006",,"LAXMI PUBLICATIONS LTD","2007","SCIENCE","11111412","ENGLISH MEDIUM","BANGALORE","EFD 93",,,,"DR. J.P.SHARMA","SCIENCE","412",,,"$60.00",,,,,,,,,,,,,
"MINERALS OF INDIA","2005",,"NATIONAL BOOK CENTRE","2007","GK","11111413","ENGLISH MEDIUM","DELHI","EK 228",,,,"D.N.WADIA","GK","413",,,"$42.00",,,,,,,,,,,,,
"MOTHER TERESA","2006",,"RBC INTERNATIONAL","2007","BIOGRAPHY","11111414","ENGLISH MEDIUM",,"EB 71",,,,,"BIOGRAPHY","414",,,"$30.00",,,,,,,,,,,,,
"THOAS ALWA EDISON","2006",,"SADHANA PUBLICATION","2007","BIOGRAPHY","11111415","ENGLISH MEDIUM",,"EB 72",,,,"M.L.ASHOK","BIOGRAPHY","415",,,"$22.00",,,,,,,,,,,,,
"RABINDRANATH TAGORE","2006",,"RBC INTERNATIONAL","2007","BIOGRAPHY","11111416","ENGLISH MEDIUM",,"EB 73",,,,,"BIOGRAPHY","416",,,"$30.00",,,,,,,,,,,,,
"NELSON MENDALA","2006",,"SPIDER BOOKS","2007","BIOGRAPHY","11111417","ENGLISH MEDIUM",,"EB 74",,,,,"BIOGRAPHY","417",,,"$25.00",,,,,,,,,,,,,
"KSILKHILAT","2006",,"SOTHELAL MASTER","2007","STORY BOOK","11111418","ENGLISH MEDIUM
",,"EEB 1096",,,,"SUDARSAN K MASTER","STORY BOOK","418",,,"$25.00",,,,,,,,,,,,,
"KHIL KHILAT",,,"SUNDERLAL MASTER","2007","STORY BOOK","11111419","ENGLISH MEDIUM
",,"NIL",,,,"SUDARSHAN MASTER","STORY BOOK","419",,,"$2,006.00",,,,,,,,,,,,,
"KHIL KHILAT",,,"SUNDERLAL MASTER","2007","STORY BOOK","11111420","ENGLISH MEDIUM
",,"NIL",,,,"SUDARSAN MASTER","STORY BOOK","420",,,"$2,006.00",,,,,,,,,,,,,
"ONE EYED GROOM",,,"DYNAMIC PUBLICATIONS ","2007","CHILDREN LITERATURE","11111423","ENGLISH MEDIUM",,"EEB 1100",,,,"ANIEL DHIGAN","CHILDREN LITERATURE","423",,,"$30.00",,,,,,,,,,,,,
"HIMALAYA KA SAMAPARN","2007",,"BABASWAMI PRINTING","2007","HINDI","11111424","ENGLISH MEDIUM","MUMBAI","EEC 64",,,,"SHRI SHIVKRUPANAND SWAMI","HINDI","424",,,"$450.00",,,,,,,,,,,,,
"HUMOROUS STORIES OF SHEKH CHILLI","2007",,"MANOJ PUBLICATION","2008","STORY BOOK","11111425","ENGLISH MEDIUM","DELHI","EEB 1123",,,,"IGEN B","STORY BOOK","425",,,"$80.00",,,,,,,,,,,,,
"NAVNEETS OBJECTIVE GENENRAL KNOWLEDGE","2006",,"NAVNEET ","2007","GK","11111427","ENGLISH MEDIUM","MUMBAI","EK 233",,,,,"GK","427",,,"$65.00",,,,,,,,,,,,,
"THE ADVENTURES OF AGAD DATTA",,,"INDIA BOOK HOUSE","2008","CHILDREN LITERATURE","11111429","ENGLISH MEDIUM",,"EEB 1126",,,,,"CHILDREN LITERATURE","429",,,"$30.00",,,,,,,,,,,,,
"MY ALBUM OF DINOSAURS","2007",,"NAVNEET ","2008","GK","11111430","ENGLISH MEDIUM","MUMBAI","EEB 1127",,,,,"GK","430",,,"$20.00",,,,,,,,,,,,,
"NUMBERS","2007",,"NAVNEET ","2008","CHILDREN LITERATURE","11111432","ENGLISH MEDIUM","MUMBAI","EEB 1129",,,,,"CHILDREN LITERATURE","432",,,"$20.00",,,,,,,,,,,,,
"THE KING OF JUNGLE","2008",,"MACAW BOOKS","2008","CHILDREN LITERATURE","11111437","ENGLISH MEDIUM","THIALAND","EEB 1133",,,,,"CHILDREN LITERATURE","437",,,"$49.00",,,,,,,,,,,,,
"THE 7TH HABITS OF HIGHLY EFFECTIVE PEOPLE","2007",,,"2008","PERSONALITY DEVELOPEMENT","11111440","ENGLISH MEDIUM",,"EP 42",,,,"STEPHEN R. COVEY","PERSONALITY DEVELOPEMENT","440",,,"$250.00",,,,,,,,,,,,,
"IMPRESSIVE LETTERS FOR ALL OCCASSIONS","2007",,"JEET PUBLICATION","2008","GRAMMER","11111441","ENGLISH MEDIUM","MUMBAI","EFA 52",,,,"VINOD KUMAR","GRAMMER","441",,,"$45.00",,,,,,,,,,,,,
"FRENCH ENGLISH","2007",,"CONTINUMM","2008","GRAMMER","11111442","ENGLISH MEDIUM","LONDON","EFA 53",,,,"J.H.DOUGLAS","GRAMMER","442",,,"$0.00",,,,,,,,,,,,,
"IMPROVE YOUR WORD POWER","2007",,"SUDHA PUBLICATION","2008","GRAMMER","11111443","ENGLILSH MEDIUM","NEW DELHI","EFA 54",,,,"O.P.GULATI","GRAMMER","443",,,"$25.00",,,,,,,,,,,,,
"SYMPTOMS","2007",,"BLOOM SHURY","2008","GRAMMER","11111445","ENGLISH MEDIUM","DELHI","EFA 56",,,,"DR. ROBERT YOUNSON","GRAMMER","445",,,"$75.00",,,,,,,,,,,,,
"ENGLISH COMPOSITION SERIES-1 WORDS","2007",,"BETTER YOURSELF BOOKS","2008","GRAMMER","11111446","ENGLISH MEDIUM","DELHI","EFA 57",,,,"A.G. REGO","GRAMMER","446",,,"$35.00",,,,,,,,,,,,,
"SPELLING POWER MADE EASY","2007",,"GOODWILLS","2008","GRAMMER","11111447","ENGLISH MEDIUM","NEW DELHI","EFA 58",,,,"DR. B. JAMES","GRAMMER","447",,,"$28.00",,,,,,,,,,,,,
"EASY MAGIC","2007",,"SCHOLASTIC","2008","GK","11111448","ENGLISH MEDIUM","NEW DELHI","EK 235",,,,"BOB LONGE","GK","448",,,"$200.00",,,,,,,,,,,,,
"QUESTION CHILDREN ASK","2007",,"ACADEMIC PUBLICATION","2008","GK","11111449","ENGLISH MEDIUM",,"EK 236",,,,"JOHN BELLINGHAM","GK","449",,,"$150.00",,,,,,,,,,,,,
"AMAZING PUZZLES","2007",,"T.NARAYANA IYENDAR","2008","GK","11111450","ENGLISH MEDIUM",,"EK 237",,,,"B.G.RAMESH","GK","450",,,"$10.00",,,,,,,,,,,,,
"WORLD KNOWLEDGE FOR CHILDREN 1","2007",,"SHIKHA PUBLICATION","2008","GK","11111451","ENGLISH MEDIUM","NEW DELHI","EK 238",,,,"SUKANYA","GK","451",,,"$60.00",,,,,,,,,,,,,
"SCIENCE DISCOVERY SKY AND WEATHERS","2007",,"NAVNEET ","2008","SCIENCE","11111452","ENGLISH MEDIUM","MUMBAI","EFD 95",,,,"ALAM WORD","SCIENCE","452",,,"$55.00",,,,,,,,,,,,,
"SHIKSHANNI SONOGRAPHY","2007",,"PRADYNA PRABODH PARIVAR","2008","GK","11111458","ENGLISH MEDIUM",,,,,,"BHUMI UDAYVALLABH","GK","458",,,"$40.00",,,,,,,,,,,,,
"ALLAK DALLAK","2007",,"MALHAR OFFSET","2008","CHILDREN LITERATURE","11111459","ENGLISH MEDIUM","SURAT","EEB 1196",,,,"RAMESH PATEL","CHILDREN LITERATURE","459",,,"$12.00",,,,,,,,,,,,,
"MANDARIAN","2004",,"PHRASE BOOKS","2008","GRAMMER","11111460","ENGLISH MEDIUM",,"EFA 59",,,,"ANTHONY GARNAUT","GRAMMER","460",,,"$200.00",,,,,,,,,,,,,
"DEAR TEACHER","2007",,"UNIK OFFSET","2008","CHILDREN LITERATURE","11111462","ENGLISH MEDIUM",,"EEB 1138",,,,"M.K.SAHARMA","CHILDREN LITERATURE","462",,,"$40.00",,,,,,,,,,,,,
"SPEECHES THAT CHANGED THE WORLD","2007",,"BOUNTY BOOKSIN ","2008","PERSONALITY DEVELOPEMENT","11111463","ENGLISH MEDIUM","CHINA","EP 43",,,,,"PERSONALITY DEVELOPEMENT","463",,,"$150.00",,,,,,,,,,,,,
"CHATUR BIRBALBANCHO KI KAHANIYA","2007",,"STERLING PRESS PVT LTD","2008","CHILDREN LITERATURE","11111465","ENGLISH MEDIUM","DELHI","EEB 1140",,,,"KOMAL MEHARA","CHILDREN LITERATURE","465",,,"$30.00",,,,,,,,,,,,,
"MANMOHAK LOKKATHYEN","2007",,"ROHAN BOOK COMPANY","2008","CHILDREN LITERATURE","11111466","ENGLISH MEDIUM","DELHI","EEB 1141",,,,,"CHILDREN LITERATURE","466",,,"$25.00",,,,,,,,,,,,,
"NODDY",,,"TOYLAND","2008","CHILDREN LITERATURE","11111468","ENGLISH MEDIUM",,"EEB 1144",,,,"ENID BLYTON","CHILDREN LITERATURE","468",,,"$17.00",,,,,,,,,,,,,
"THE WISE BEAR",,,"YOUNG LEARNER PUBLICATIONS","2008","CHILDREN LITERATURE","11111471","ENGLISH MEDIUM","NEW DELHI","EEB 1146",,,,,"CHILDREN LITERATURE","471",,,"$20.00",,,,,,,,,,,,,
"A TREASURY OF TALES","2002",,"AKSHARA PRAKASHAN","2008","STORY BOOK","11111473","ENGLISH MEDIUM","AHAMEDABAD","EEB 1211",,,,"V. RAMANUJ","STORY BOOK","473",,,"$200.00",,,,,,,,,,,,,
"BELIEVE IT OR NOT","2007",,"SCHOLASTIC","2008","SCIENCE","11111474","ENGLISH MEDIUM",,"EFD 97",,,,"MYRY PACKARD","SCIENCE","474",,,"$0.00",,,,,,,,,,,,,
"THREE GIRLS IN THE CITY CLOSE UP","2007",,"SCHOLASTIC","2008","STORY BOOK","11111476","ENGLISH MEDIUM","NEW DELHI","EEB 1207",,,,"JEANNE BETANCOURT","STORY BOOK","476",,,"$100.00",,,,,,,,,,,,,
"A TAIL OF TWO KITTIES","2007",,"SCHOLASTIC","2008","STORY BOOK","11111477","ENGLISH MEDIUM","NEW DELHI","EEB 1208",,,,"BASED ON THE FEATURE FILM","STORY BOOK","477",,,"$0.00",,,,,,,,,,,,,
"KING VIKRAM AND THE RIDDLES OF THE VETAL","2007",,"SCHOLASTIC","2008","STORY BOOK","11111478","ENGLISH MEDIUM","NEW DELHI","EEB 1209",,,,"DEEPA AGARWAL","STORY BOOK","478",,,"$0.00",,,,,,,,,,,,,
"NATURES ACTIVITY SUNNY DAYS","2007",,"SCHOLASTIC","2008","SCIENCE","11111481","ENGLISH MEDIUM","NEW DELHI","EFD 98",,,,"NANCY F. CASTALDO","SCIENCE","481",,,"$200.00",,,,,,,,,,,,,
"MY DINOSAURS","2009",,"SCHOLASTIC","2008","GK","11111482","ENGLISH MEDIUM","NEW DELHI","EK 240",,,,"JOHN SIBBICK","GK","482",,,"$0.00",,,,,,,,,,,,,
"WHERE AM I?","2007",,"WISDOM VILLAGE PUB DIV","2008","GK","11111483","ENGLISH MEDIUM",,"EK 241",,,,"PREMLATA","GK","483",,,"$95.00",,,,,,,,,,,,,
"BEST OF TAGORE 12 SHORT STORIES","2007",,"SCHOLASTIC","2008","STORY BOOK","11111487","ENGLISH MEDIUM","NEW DELHI","EEB 1216",,,,"JHARNA BASU","STORY BOOK","487",,,"$75.00",,,,,,,,,,,,,
"THE WIT OF TENALI RAMAN","2007",,"SCHOLASTIC","2008","STORY BOOK","11111490","ENGLISH MEDIUM","NEW DELHI","EEB 1215",,,,"DEVIKA RUNACHERI","STORY BOOK","490",,,"$100.00",,,,,,,,,,,,,
"TRASH CRAFTS",,,"SCHOLASTIC","2008","CHILDREN LITERATURE","11111491","ENGLISH MEDIUM",,"EEB 1225",,,,"BENITA SEN","CHILDREN LITERATURE","491",,,"$85.00",,,,,,,,,,,,,
"READ TO ME","2007",,"SCHOLASTIC","2008","ACADEMIC","11111494","ENGLISH MEDIUM","NEW DELHI","EH 39",,,,"BERNICE E.","ACADEMIC","494",,,"$125.00",,,,,,,,,,,,,
"UNDERSTANDING SPECIAL EDUCATION","2007",,"SCHOLASTIC","2008","PERSONALITY DEVELOPEMENT","11111496","ENGLISH MEDIUM","NEW DELHI","EP 46",,,,"CYNTHIA M STOVE","PERSONALITY DEVELOPEMENT","496",,,"$175.00",,,,,,,,,,,,,
"TEACHING READING AND WRITING WITH NURSURY RHYMES","2007",,"SCHOLASTIC","2008","CHILDREN LITERATURE","11111497","ENGLISH MEDIUM","NEW DELHI","EEB 1219",,,,"DEBORAH KOVACS","CHILDREN LITERATURE","497",,,"$0.00",,,,,,,,,,,,,
"CREATING BULL FREE CLASSROOM","2007",,"SCHOLASTIC","2008","PERSONALITY DEVELOPEMENT","11111499","ENGLISH MEDIUM","NEW DELHI","EP 47",,,,"CURAL S. MANULLEN","PERSONALITY DEVELOPEMENT","499",,,"$150.00",,,,,,,,,,,,,
"PHONIC FROM A TO Z","2007",,"SCHOLASTIC","2008","CHILDREN LITERATURE","11111502","ENGLISH MEDIUM","NEW DELHI","EEB 1221",,,,"WILEY BLEVINS","CHILDREN LITERATURE","502",,,"$350.00",,,,,,,,,,,,,
"THE PRINCIPALS ESSENTIAL GUIDE TO LITERACY IN THE ELEMEMTARY SCHOOL","2007",,"SCHOLASTIC","2008","PERSONALITY DEVELOPEMENT","11111503","ENGLISH MEDIUM","NEW DELHI","EP 49",,,,"NANCY PADAK","PERSONALITY DEVELOPEMENT","503",,,"$300.00",,,,,,,,,,,,,
"PAINTING WITHOUT BRUSHES","2007",,"SCHOLASTIC","2008","CHILDREN LITERATURE","11111504","ENGLISH MEDIUM",,"EEB 1220",,,,"BRENDA WHITTLE","CHILDREN LITERATURE","504",,,"$50.00",,,,,,,,,,,,,
"TEACHING SCIENCE YES, YOU CAN","2007",,"SCHOLASTIC","2008","SCIENCE","11111505","ENGLISH MEDIUM","NEW DELHI","EFD 99",,,,,"SCIENCE","505",,,"$295.00",,,,,,,,,,,,,
"BABY FOOD",,,"SCHOLASTIC","2008","CHILDREN LITERATURE","11111508","ENGLISH MEDIUM",,"EEB 1226",,,,,"CHILDREN LITERATURE","508",,,"$0.00",,,,,,,,,,,,,
"GITA PRAVACHAN","2007",,,"2008","CHILDREN LITERATURE","11111511","ENGLLISH MEDIUM",,"EEB 1223",,,,"VINOBA BHAVE","CHILDREN LITERATURE","511",,,"$0.00",,,,,,,,,,,,,
"PARVARISH","2007",,,"2008","LITERATURE","11111512","ENGLISH MEDIUM",,"EFJ 4",,,,"KETAN BHARDAVA","LITERATURE","512",,,"$50.00",,,,,,,,,,,,,
"SNOW WHITE AUR SAT BAUNE","2007",,"MANOJ PUBLICATION","2008","CHILDREN LITERATURE","11111514","ENGLISH MEDIUM","DELHI","EEB 1230",,,,,"CHILDREN LITERATURE","514",,,"$25.00",,,,,,,,,,,,,
"NANHE SUAR AUR CHATUR BHEDIA","2007",,"MANOJ PUBLICATION","2008","CHILDREN LITERATURE","11111515","ENGLISH MEDIUM","DELHI","EEB 1231",,,,,"CHILDREN LITERATURE","515",,,"$25.00",,,,,,,,,,,,,
"CHAMATKARI BAUNE AUR BUDHA MOCHI","2007",,"MANOJ PUBLICATION","2008","CHILDREN LITERATURE","11111516","ENGLISH MEDIUM","DELHI","EEB 1232",,,,,"CHILDREN LITERATURE","516",,,"$25.00",,,,,,,,,,,,,
"MASUM LALI AUR MAKKAR BHEDIYA","2007",,"MANOJ PUBLICATION","2008","CHILDREN LITERATURE","11111518","ENGLISH MEDIUM","DELHI","EEB 1234",,,,,"CHILDREN LITERATURE","518",,,"$25.00",,,,,,,,,,,,,
"GODAN","2007",,"SAHANI PUBLICATIONS","2008","HINDI","11111519","ENGLISH MEDIUM","NEW DELHI","EEC 66",,,,"PREMCHAND","HINDI","519",,,"$60.00",,,,,,,,,,,,,
"DURGA BHABI","2006",,"SARFAROSHI PUSTAK SHRENI","2008","BIOGRAPHY","11111520","ENGLISH MEDIUM",,"EB 69",,,,"DR. AARTI PANDYA","BIOGRAPHY","520",,,"$0.00",,,,,,,,,,,,,
"LALA HARDAYALGI","2006",,"SARFAROSHI PUSTAK SHRENI","2008","BIOGRAPHY","11111521","ENGLISH MEDIUM",,"EB 70",,,,"VISHNU PANDYA","BIOGRAPHY","521",,,"$0.00",,,,,,,,,,,,,
"DR. HEGDEWAR","2006",,"SARFAROSHI PUSTAK SHRENI","2008","BIOGRAPHY","11111523","ENGLISH MEDIUM","AHAMEDABAD","EB 74",,,,"BAHGIRAVA DESAI","BIOGRAPHY","523",,,"$0.00",,,,,,,,,,,,,
"CHANDRASHEKHAR AZAD","2006",,"SARFAROSHI PUSTAK SHRENI","2008","BIOGRAPHY","11111524","ENGLISH MEDIUM","AHAMEDABAD","EB 73",,,,"DR. SUBHASH RASTOGI","BIOGRAPHY","524",,,"$0.00",,,,,,,,,,,,,
"TATYA TOPE","2006",,"SARFAROSHI PUSTAK SHRENI","2008","BIOGRAPHY","11111525","ENGLISH MEDIUM","AHAMEDABAD","EB 74",,,,"INDUMATI SHEVADE","BIOGRAPHY","525",,,"$0.00",,,,,,,,,,,,,
"ASAFAQ ULLAKHAN","2006",,"SARFAROSHI PUSTAK SHRENI","2008","BIOGRAPHY","11111526","ENGLISH MEDIUM","AHAMEDABAD","EB 75",,,,"HASMUKH RAVAL","BIOGRAPHY","526",,,"$0.00",,,,,,,,,,,,,
"SUKHDEV","2006",,"SARFAROSHI PUSTAK SHRENI","2008","BIOGRAPHY","11111527","ENGLISH MEDIUM","AHAMEDABAD","EB 76",,,,"DR. SUBHASH RASTOGI","BIOGRAPHY","527",,,"$0.00",,,,,,,,,,,,,
"SHYAMJI KRISHNA VARMA","2006",,"SARFAROSHI PUSTAK SHRENI","2008","BIOGRAPHY","11111528","ENGLISH MEDIUM","AHAMEDABAD","EB 79",,,,"VISHNU PANDYA","BIOGRAPHY","528",,,"$0.00",,,,,,,,,,,,,
"BHAGAT SINGH","2006",,"SARFAROSHI PUSTAK SHRENI","2008","BIOGRAPHY","11111529","ENGLISH MEDIUM","AHAMEDABAD","EB 78",,,,"SUBHASH RASTOGI","BIOGRAPHY","529",,,"$0.00",,,,,,,,,,,,,
"RAMPRASAD BISMIL","2006",,"SARFAROSHI PUSTAK SHRENI","2008","BIOGRAPHY","11111530","ENGLISH MEDIUM","AHAMEDABAD","EB 79",,,,"HASMUKH RAVAL","BIOGRAPHY","530",,,"$0.00",,,,,,,,,,,,,
"SARDAR VALLABHBHAI PATEL","2006",,"SARFAROSHI PUSTAK SHRENI","2008","BIOGRAPHY","11111531","ENGLISH MEDIUM","AHAMEDABAD","EB 80",,,,"PRABHAKAR KHAMAR","BIOGRAPHY","531",,,"$0.00",,,,,,,,,,,,,
"MANGAL PANDYE","2006",,"SARFAROSHI PUSTAK SHRENI","2008","BIOGRAPHY","11111532","ENGLISH MEDIUM","AHAMEDABAD","EB 81",,,,"ANITA GAUD","BIOGRAPHY","532",,,"$0.00",,,,,,,,,,,,,
"VEER SVARKAR","2006",,"SARFAROSHI PUSTAK SHRENI","2008","BIOGRAPHY","11111533","ENGLISH MEDIUM","AHAMEDABAD","EB 82",,,,"HARISH DIWEDE","BIOGRAPHY","533",,,"$0.00",,,,,,,,,,,,,
"SUBHASH CHANDRA BOSE","2006",,"SARFAROSHI PUSTAK SHRENI","2008","BIOGRAPHY","11111534","ENGLISH MEDIUM","AHAMEDABAD","EB 83",,,,"CHATANYA DESAI","BIOGRAPHY","534",,,"$0.00",,,,,,,,,,,,,
"RAJ KUNWAR SINGH","2006",,"SARFAROSHI PUSTAK SHRENI","2008","BIOGRAPHY","11111535","ENGLISH MEDIUM","AHAMEDABAD","EB 84",,,,"URMILA BEHANJANI","BIOGRAPHY","535",,,"$0.00",,,,,,,,,,,,,
"KHUDIRAM BOSE","2006",,"SARFAROSHI PUSTAK SHRENI","2008","BIOGRAPHY","11111536","ENGLISH MEDIUM","AHAMEDABAD","EB 85",,,,"K.T.MEHTA","BIOGRAPHY","536",,,"$0.00",,,,,,,,,,,,,
"PRUTHVISINGH AZAD","2006",,"SARFAROSHI PUSTAK SHRENI","2008","BIOGRAPHY","11111537","ENGLISH MEDIUM","AHAMEDABAD","EB 86",,,,"SHANTILAL JANI","BIOGRAPHY","537",,,"$0.00",,,,,,,,,,,,,
"BARINDRA KUMAR GHOSH","2007",,"SARFAROSHI PUSTAK SHRENI","2008","BIOGRAPHY","11111538","ENGLISH MEDIUM","AHAMEDABAD","EB 87",,,,"K.CHANDRANATHA","BIOGRAPHY","538",,,"$0.00",,,,,,,,,,,,,
"UPENDRANATH BANDOPADHYAY","2006",,"SARFAROSHI PUSTAK SHRENI","2008","BIOGRAPHY","11111539","ENGLISH MEDIUM","AHAMEDABAD","EB 88",,,,"K.CHANDRANATH","BIOGRAPHY","539",,,"$0.00",,,,,,,,,,,,,
"GANESHSHANKAR VIDHYARTHI","2006",,"SARFAROSHI PUSTAK SHRENI","2008","BIOGRAPHY","11111540","ENGLISH MEDIUM","AHAMEDABAD","EB 89",,,,"DR. KALIDAS MEHTA","BIOGRAPHY","540",,,"$0.00",,,,,,,,,,,,,
"NANASAHEB PESHVA","2006",,"SARFAROSHI PUSTAK SHRENI","2008","BIOGRAPHY","11111541","ENGLISH MEDIUM","AHAMEDABAD","EB 90",,,,"DR. KALIDAS MEHTA","BIOGRAPHY","541",,,"$0.00",,,,,,,,,,,,,
"JATIN BADHA","2006",,"SARFAROSHI PUSTAK SHRENI","2008","BIOGRAPHY","11111542","ENGLISH MEDIUM","AHAMEDABAD","EB 91",,,,"NATVAR GOHEL","BIOGRAPHY","542",,,"$0.00",,,,,,,,,,,,,
"SWAMI SHRADHANAND","2006",,"SARFAROSHI PUSTAK SHRENI","2008","BIOGRAPHY","11111543","ENGLISH MEDIUM","AHAMEDABAD","EB 92",,,,"HASMUKH RAVAL","BIOGRAPHY","543",,,"$0.00",,,,,,,,,,,,,
"LOKMANYA BALGANGADHAR TILAK","2006",,"SARFAROSHI PUSTAK SHRENI","2008","BIOGRAPHY","11111544","ENGLISH MEDIUM","AHAMEDABAD","EB 93",,,,"DR. KALIDAS MEHTA","BIOGRAPHY","544",,,"$0.00",,,,,,,,,,,,,
"KESARI SINGH","2006",,"SARFAROSHI PUSTAK SHRENI","2008","BIOGRAPHY","11111545","ENGLISH MEDIUM","AHAMEDABAD","EB 94",,,,"SHIVDAN GADHVI","BIOGRAPHY","545",,,"$0.00",,,,,,,,,,,,,
"LALA LAJAPATRAI","2006",,"SARFAROSHI PUSTAK SHRENI","2008","BIOGRAPHY","11111546","ENGLISH MEDIUM","AHAMEDABAD","EB 95",,,,"JITENDRA PATEL","BIOGRAPHY","546",,,"$0.00",,,,,,,,,,,,,
"BHAI PARMANAND","2006",,"SARFAROSHI PUSTAK SHRENI","2008","BIOGRAPHY","11111547","ENGLISH MEDIUM","AHAMEDABAD","EB 96",,,,"AARTI OZA","BIOGRAPHY","547",,,"$0.00",,,,,,,,,,,,,
"RAJA MAHENDRA PRATAP","2006",,"SARFAROSHI PUSTAK SHRENI","2008","BIOGRAPHY","11111548","ENGLISH MEDIUM","AHAMEDABAD","EB 97",,,,"DR. SANJEEV OZA","BIOGRAPHY","548",,,"$0.00",,,,,,,,,,,,,
"BABA GURUDATT SINGH","2006",,"SARFAROSHI PUSTAK SHRENI","2008","BIOGRAPHY","11111549","ENGLISH MEDIUM","AHAMEDABAD","EB 98",,,,"MAHADEVBHAI GHORIYALI","BIOGRAPHY","549",,,"$0.00",,,,,,,,,,,,,
"JAYPRAKASH NARAYAN","2006",,"SARFAROSHI PUSTAK SHRENI","2008","BIOGRAPHY","11111550","ENGLISH MEDIUM","AHAMEDABAD","EB 99",,,,"VARADRAJ PANDIT","BIOGRAPHY","550",,,"$0.00",,,,,,,,,,,,,
"SRI RAMCHARIT MANAS","2006",,"GITA PRESS GORAKHPUR","2008","HINDI","11111551","ENGLISH MEDIUM",,"EEC 67",,,,"HANUMANPRASAD PODAR","HINDI","551",,,"$0.00",,,,,,,,,,,,,
"RAVINDRANATH TAGORE KI SARVASHRETH KAHANIYAEN","2007",,"RAJA POCKET BOOKS","2009","HINDI","11111553","ENGLISH MEDIUM",,"EEC 69",,,,"RAVINDRANATH TAGORE","HINDI","553",,,"$60.00",,,,,,,,,,,,,
"SHABD","2008",,"HARSHTARU PRAKASHAN","2009","PERSONALITY DEVELOPEMENT","11111555","ENGLISH MEDIUM","AHAMEDABAD","EP 73",,,,"JAYANT DESAI","PERSONALITY DEVELOPEMENT","555",,,"$200.00",,,,,,,,,,,,,
"AKSHAR CAFE","2006",,"HARSHTARU PRAKASHAN","2009","OTHER","11111556","ENGLISH MEDIUM","VALSAD","EKB 39",,,,"JAYANT DESAI","OTHER","556",,,"$300.00",,,,,,,,,,,,,
"BARAK OBAMA","2007",,"IBD BOOKS","2009","OTHER","11111557","ENGLISH MEDIUM",,"EKB 39",,,,"KAUSHAL GOYAL","OTHER","557",,,"$195.00",,,,,,,,,,,,,
"101 GREAT FREEDOM FIGHTERS","2007",,"TINY TOT PUBLICATIONS","2009","BIOGRAPHY","11111558","ENGLISH MEDIUM","DELHI","EB ",,,,"SHYAM DUA","BIOGRAPHY","558",,,"$120.00",,,,,,,,,,,,,
"HUMAN BODY","2006",,"DEPOT BOOKS","2009","SCIENCE","11111559","ENGLISH MEDIUM","NOIDA","EFD 100",,,,"KIRTI KAUL","SCIENCE","559",,,"$100.00",,,,,,,,,,,,,
"ATAM VINZE PANKH","2008",,"GURJAR PRAKASHAN","2009","BIOGRAPHY","11111561","ENGLISH MEDIUM","AHAMEDABAD","EB 31",,,,"A.P.J.ABDULKALAM","BIOGRAPHY","561",,,"$160.00",,,,,,,,,,,,,
"DHORAN 12 PACHI SHU","2007",,"LIBERTY PUBLICATION","2009","GK","11111562","ENGLISH MEDIUM","AHAMEDABAD","EK 250",,,,"BHASKAR SHUKLA","GK","562",,,"$75.00",,,,,,,,,,,,,
"DHORAN 12 PACHI SHU VIDYAN PRAVAH","2007",,"LIBERTY PUBLICATION","2009","GK","11111563","ENGLISH MEDIUM","AHAMEDABAD","EK 251",,,,"JAGDISH PATEL","GK","563",,,"$55.00",,,,,,,,,,,,,
"DHORAN 12 PACHI SHU SAMANYA PRAVAH","2008",,"LIBERTY PUBLICATION","2009","GK","11111564","ENGLISH MEDIUM","AHAMEDABAD","EK 249",,,,"JAGADISH PATEL","GK","564",,,"$55.00",,,,,,,,,,,,,
"INTERVIWE TECHNIQUE","2008",,"LIBERTY PUBLICATIONS","2009","GK","11111565","ENGLISH MEDIUM","AHAMEDABAD","EK 248",,,,"R.N.KOTAK","GK","565",,,"$35.00",,,,,,,,,,,,,
"VANI BOLIEA JANI TO SAMRUDHINI VICHAR","2008",,"AMAAR PRAKASHAN","2009","PERSONALITY DEVELOPEMENT","11111566","ENGLISH MEDIUM",,"EP 57",,,,"DAULATBHAI DESAI","PERSONALITY DEVELOPEMENT","566",,,"$250.00",,,,,,,,,,,,,
"DR. AMBEDKAR VICHAR AND VAHYAR","2007",,"PARTH PUBLLICATIONS","2009","PERSONALITY DEVELOPEMENT","11111567","ENGLISH MEDIUM",,"EP 63",,,,"GOVINDBHAI CHAUHAN","PERSONALITY DEVELOPEMENT","567",,,"$130.00",,,,,,,,,,,,,
"DHORAN 10 PACHI SHU","2007",,"AMAR PRAKASHAN","2009","GK","11111568","ENGLISH MEDIUM",,"EK 253",,,,"PROF BHASKAR SHUKLA","GK","568",,,"$100.00",,,,,,,,,,,,,
"PANJAB KESARI LALA LAJAPATRAI","2007",,"PARTH PUBLICATION","2009","BIOGRAPHY","11111570","ENGLISH MEDIUM",,"EB 107",,,,"URMILA JANI","BIOGRAPHY","570",,,"$70.00",,,,,,,,,,,,,
"SAFAL KARKIRDI MIND SET DWARA","2007",,"RANNADE PRAKASHAN","2009","PERSONALITY DEVELOPEMENT","11111571","ENGLISH MEDIUM",,"EP 61",,,,"MADHUSUDHAN BRAMHABHATT","PERSONALITY DEVELOPEMENT","571",,,"$100.00",,,,,,,,,,,,,
"VAYKTI GHADATAR","2007",,"GURJAR PRAKASHAN","2009","PERSONALITY DEVELOPEMENT","11111572","ENGLISH MEDIUM","AHAMEDABAD","EP 62",,,,"FATHER WALLACE","PERSONALITY DEVELOPEMENT","572",,,"$75.00",,,,,,,,,,,,,
"SUBHASH CHANDRA BOSE","2008",,"GURJAR PRAKASHAN","2009","BIOGRAPHY","11111573","ENGLISH MEDIUM","AHAMEDABAD","EB 113",,,,"GUNVANT ACHARYA","BIOGRAPHY","573",,,"$100.00",,,,,,,,,,,,,
"DR. VIKRAM SARABHAI","2008",,"GURJAR PRAKASHAN","2009","BIOGRAPHY","11111574","ENGLISH MEDIUM","AHAMEDABAD","EB 109",,,,"DR. USHA JOSHI","BIOGRAPHY","574",,,"$50.00",,,,,,,,,,,,,
"GANDHI JIVANGATHA 2","2008",,"GURJAR PRAKASHAN","2009","BIOGRAPHY","11111575","ENGLISH MEDIUM","AHAMEDABAD","EB",,,,"YASHWANT MEHTA","BIOGRAPHY","575",,,"$100.00",,,,,,,,,,,,,
"BHARATRATNA DR. RAJENDRAPRASAD","2009",,"SANSKAR SAHITYA MANDIR","2009","BIOGRAPHY","11111576","NIL",,"EB 112",,,,"KANUBHAI","BIOGRAPHY","576",,,"$100.00",,,,,,,,,,,,,
"SWANYASIDDHA","2008",,"RANNADE PRAKASHAN","2009","PERSONALITY DEVELOPEMENT","11111578","ENGLISH MEDIUM",,"EP 68",,,,"DR. MOHANBHAI PANCHAL","PERSONALITY DEVELOPEMENT","578",,,"$100.00",,,,,,,,,,,,,
"DHORAN 10 PACHI SHU","2008",,"LIBERTY PUBLICATION","2009","GK","11111582","ENGLISH MEDIUM","AHAMEDABAD","EK 252",,,,"JAGADISH PATEL","GK","582",,,"$70.00",,,,,,,,,,,,,
"PRERAK KELVANIKARO","2008",,"RANNADE PRAKASHAN","2009","BIOGRAPHY","11111583","ENGLISH MEDIUM",,"EB 103",,,,"DR. MINAKSHI THAKAR","BIOGRAPHY","583",,,"$135.00",,,,,,,,,,,,,
"SAFALTANI DISHAMA","2008",,"NAVBHARAT SAHITYA MANDIR","2009","PERSONALITY DEVELOPEMENT","11111584","ENGLISH MEDIUM","AHAMEDABAD","EP 7",,,,"YOGENDRA VYAS","PERSONALITY DEVELOPEMENT","584",,,"$95.00",,,,,,,,,,,,,
"SAT SOPAN","2008",,"NAVBHARAT SAHITYA MANDIR","2009","PERSONALITY DEVELOPEMENT","11111585","ENGLISH MEDIUM","AHAMEDABAD","EP 64",,,,"RAJU ANDHARIYA","PERSONALITY DEVELOPEMENT","585",,,"$150.00",,,,,,,,,,,,,
"SAMPURNA LAKSHYA","2008",,"NAVBHARAT SAHITYA MANDIR","2009","PERSONALITY DEVELOPEMENT","11111586","ENGLISH MEDIUM","AHAMEDABAD","EP 9",,,,"SARSRI","PERSONALITY DEVELOPEMENT","586",,,"$120.00",,,,,,,,,,,,,
"KSHANANO SAKSHTAR","2008",,"SAHITYA SANGAM","2009","PERSONALITY DEVELOPEMENT","11111587","ENGLISH MEDIUM",,"EP 70",,,,"KUMARPAL DESAI","PERSONALITY DEVELOPEMENT","587",,,"$75.00",,,,,,,,,,,,,
"SAFAL MANAS SAFAL KEM NIVADE CHE ?","2008",,"GRANTHLOK","2009","PERSONALITY DEVELOPEMENT","11111588","ENGLISH MEDIUM","DELHI","EP 11",,,,"VANRAJ MALAVI","PERSONALITY DEVELOPEMENT","588",,,"$0.00",,,,,,,,,,,,,
"SAFAL COMMUNICATION KEM KARSHO ?","2008",,"NAVSARJAN PUBLICATIONS","2009","PERSONALITY DEVELOPEMENT","11111590","ENGLISH MEDIUM","AHAMEDABAD","EP 58",,,,"RAJU ANDHARIYA","PERSONALITY DEVELOPEMENT","590",,,"$100.00",,,,,,,,,,,,,
"ROJGAR SWAROJGAR","2008",,"ABI PUBLICATIONS","2009","PERSONALITY DEVELOPEMENT","11111591","ENGLISH MEDIUM",,,,,,,"PERSONALITY DEVELOPEMENT","591",,,"$40.00",,,,,,,,,,,,,
"VYAKTI VIKAS","2008",,"NAVBHARAT SAHITYA MANDIR","2009","PERSONALITY DEVELOPEMENT","11111592","ENGLISH MEDIUM","AHAMEDABAD","EP 66",,,,"ROHIT PATEL","PERSONALITY DEVELOPEMENT","592",,,"$61.00",,,,,,,,,,,,,
"KARKIRDI ANE JIVAN SUKH","2008",,"NAVBHARAT SAHITYA MANDIR","2009","GK","11111593","ENGLISH MEDIUM","AHAMEDABAD","EK 247",,,,"ROHIT PATEL","GK","593",,,"$95.00",,,,,,,,,,,,,
"MRUTYUNJAY SHAID BHAGATSINGH","2008",,"NAVBHARAT SAHITYA MANDIR","2009","BIOGRAPHY","11111594","ENGLISH MEDIUM","AHAMEDABAD","EB 106",,,,"ARUN MEHTA","BIOGRAPHY","594",,,"$125.00",,,,,,,,,,,,,
"TAMARI SUSHUPAT SHAKTI KEM JAGADASHO","2008",,"NAVBHARAT SAHITYA MANDIR","2009","PERSONALITY DEVELOPEMENT","11111595","ENGLISH MEDIUM","AHAMEDABAD","EP 59",,,,"RAJU ANDHARIA","PERSONALITY DEVELOPEMENT","595",,,"$85.00",,,,,,,,,,,,,
"POSITIVE PERSONALITY KEVI RITE ?","2007",,"NAVBHARAT SAHITYA MANDIR","2009","PERSONALITY DEVELOPEMENT","11111596","ENGLISH MEDIUM","AHAMEDABAD","EP 16",,,,"RAJU ANDHARIYA","PERSONALITY DEVELOPEMENT","596",,,"$100.00",,,,,,,,,,,,,
"SWAYANSIDDHA","2007",,"NAVBHARAT SAHITYA MANDIR","2009","PERSONALITY DEVELOPEMENT","11111597","ENGLISH MEDIUM","AHAMEDABAD","EP 69",,,,"LATA HIRANI","PERSONALITY DEVELOPEMENT","597",,,"$60.00",,,,,,,,,,,,,
"BARAFAMA JWALAMUKHI","2007",,"NAVBHARAT SAHITYA MANDIR","2009","PERSONALITY DEVELOPEMENT","11111598","ENGLISH MEDIUM","AHAMEDABAD","EP 67",,,,"MAHESH DAVE","PERSONALITY DEVELOPEMENT","598",,,"$120.00",,,,,,,,,,,,,
"SWAMIVIVEKANAND ","2007",,"IMAGE PUBLICATION","2009","BIOGRAPHY","11111599","ENGLISH MEDIUM","AHAMEDABAD","EB 105",,,,"JAYA MEHTA","BIOGRAPHY","599",,,"$65.00",,,,,,,,,,,,,
"SAFALTANU MANOGHADATAR","2008",,"GRANTHLOK","2009","PERSONALITY DEVELOPEMENT","11111600","ENGLISH MEDIUM","AHAMEDABAD","EP 60",,,,"VANRAJ MALAVI","PERSONALITY DEVELOPEMENT","600",,,"$140.00",,,,,,,,,,,,,
"CIVIL SEVA PARIKSHA SHURUAT","2007",,"AMI PUBLICATION","2009","GK","11111602","ENGLISH MEDIUM",,"EK 11",,,,,"GK","602",,,"$160.00",,,,,,,,,,,,,
"BHAGAVADGITA","2008",,"GITA PRESS GORAKHPUR","2009","SPIRITUAL","11111603","ENGLISH MEDIUM",,"EI 7",,,,,"SPIRITUAL","603",,,"$0.00",,,,,,,,,,,,,
"BHAGAVADGITA","2008",,"GITA PRESS GORAKHPUR","2009","SPIRITUAL","11111604","ENGLISH MEDIUM",,"EI 8",,,,,"SPIRITUAL","604",,,"$0.00",,,,,,,,,,,,,
"BIRBAL THE WISE 4","2007",,"NAVNEET","2009","CHILDREN LITERATURE","11111607","ENGLISH MEDIUM","MUMBAI",,,,,"ASMITA BHATT","CHILDREN LITERATURE","607",,,"$33.00",,,,,,,,,,,,,
"BIRBAL THE WISE 5","2007",,"NAVNEET ","2009","CHILDREN LITERATURE","11111608","ENGLISH MEDIUM","MUMBAI",,,,,"BHASKARBHAI BHATT","CHILDREN LITERATURE","608",,,"$33.00",,,,,,,,,,,,,
"HITOPADESH 1",,,"NAVNEET ","2009","STORY BOOK","11111611","ENGLISH MEDIUM","MUMBAI","EEB 1241",,,,"YOGESH JOSHI","STORY BOOK","611",,,"$40.00",,,,,,,,,,,,,
"KISHORO MATE VIDYANANO PRAYOGO","2008",,"NAVBHARAT SAHITYA MANDIR","2009","SCIENCE","11111612","ENGLISH MEDIUM","AHAMEDABAD","EFD 102",,,,"RAMESH PATEL","SCIENCE","612",,,"$60.00",,,,,,,,,,,,,
"KISHORO MATE VIDYANANO PRAYOGO","2008",,"NAVBHARAT SAHITYA MANDIR","2009","SCIENCE","11111613","ENGLISH MEDIUM","AHAMEDABAD","EFD 103",,,,"RAMESH PATEL","SCIENCE","613",,,"$25.00",,,,,,,,,,,,,
"HIRDAY","2008",,"SWAMINARAYAN AKSHARPITH","2009","SCIENCE","11111614","ENGLISH MEDIUM","AHAMEDABAD","EFD 104",,,,,"SCIENCE","614",,,"$25.00",,,,,,,,,,,,,
"INDU PIPALAMA BHIDU","2008",,"SWAMINARAYAN AKSHARPITH","2009","SCIENCE","11111615","ENGLISH MEDIUM","AHAMEDABAD","EFD 105",,,,"DR.VRUJALAL PATEL","SCIENCE","615",,,"$5.00",,,,,,,,,,,,,
"KISHORO MATE VIDYANANO PRAYOGO","2008",,"NAVBHARAT SAHITYA MANDIR","2009","SCIENCE","11111616","ENGLISH MEDIUM","AHAMEDABAD","EFD 101",,,,"RAMESH PATEL","SCIENCE","616",,,"$60.00",,,,,,,,,,,,,
"GHANSHYAM CHARITRA","2008",,"SWAMINARAYAN AKSHARPITH","2009","SPIRITUAL","11111617","ENGLISH MEDIUM","AHAMEDABAD","EI 5",,,,"PROF RAMESH DAVE","SPIRITUAL","617",,,"$20.00",,,,,,,,,,,,,
"VEGETARIANISM","2008",,"SWAMINARAYAN AKSHARPITH","2009","GK","11111618","ENGLISH MEDIUM","AHAMEDABAD","EK 244",,,,"SADHU MUKTANAND","GK","618",,,"$40.00",,,,,,,,,,,,,
"BAL SATANG PART 1","2005",,"SWAMINARAYAN AKSHARPITH","2009","CHILDREN LITERATURE","11111619","ENGLISH MEDIUM","AHAMEDABAD","EEB 1237",,,,,"CHILDREN LITERATURE","619",,,"$15.00",,,,,,,,,,,,,
"BAL SATANG PART 2",,,"SWAMINARAYAN AKSHARPITH","2009","CHILDREN LITERATURE","11111620","ENGLISH MEDIUM","AHAMEDABAD","EEB 1238",,,,,"CHILDREN LITERATURE","620",,,"$15.00",,,,,,,,,,,,,
"PRASANG MALA","2008",,"SWAMINARAYAN AKSHARPITH","2009","STORY BOOK","11111621","ENGLISH MEDIUM","AHAMEDABAD","EEB 1039",,,,"108 INSPIRING SATSANG STORIES","STORY BOOK","621",,,"$20.00",,,,,,,,,,,,,
"PRAMUKH SWAMI MAHARAJ","2008",,"SWAMINARAYAN AKSHARPITH","2009","SPIRITUAL","11111622","ENGLISH MEDIUM","AHAMEDABAD","EI 4",,,,"SADHU PRIYADARSHANDAS","SPIRITUAL","622",,,"$0.00",,,,,,,,,,,,,
"DIVASWAPNA","2008",,"SANSKAR SAHITYA MANDIR","2009","SPIRITUAL","11111624","ENGLISH MEDIUM","AHAMEDABAD",,,,,"GIJUBHAI BADHEKA","SPIRITUAL","624",,,"$40.00",,,,,,,,,,,,,
"TWO CATS AND THE MONKEY","2002",,"ANKUR PRAKASHAN","2004","CHILDREN LITERATURE","11111628","ENGLISH MEDIUM","AHAMEDABAD","EEB 1243",,,,,"CHILDREN LITERATURE","628",,,"$25.00",,,,,,,,,,,,,
"THE FOX AND THE CRANE",,,"ANKUR PRAKASHAN","2009","CHILDREN LITERATURE","11111630","ENGLISH MEDIUM","AHAMEDABAD","EEB 1244",,,,,"CHILDREN LITERATURE","630",,,"$0.00",,,,,,,,,,,,,
"NAVNEET PRIMARY SCHOOL DICTIONARY","2008",,"NAVNEET ","2009","ACADEMIC","11111631","ENGLISH MEDIUM","MUMBAI","EH 45",,,,"R.C.TIWARI","ACADEMIC","631",,,"$40.00",,,,,,,,,,,,,
"THE GIFT OF FAMILY","2008",,"OASIS PUBLICATION","2009","STORY BOOK","11111632","ENGLISH MEDIUM","AHAMEDABAD","EEB 1246",,,,"SANJIV SHAH","STORY BOOK","632",,,"$0.00",,,,,,,,,,,,,
"JIVAN KA STROAT","2008",,"BHAKTIVEDANT BOOK TRUST","2009","SPIRITUAL","11111635","ENGLISH MEDIUM",,"EI 6",,,,"SWAMI PRABHUPAD","SPIRITUAL","635",,,"$30.00",,,,,,,,,,,,,
"KISHORO MATE VIDYANANO PRAYOGO","2008",,"NAVBHARAT SAHITYA MANDIR","2009","SCIENCE","11111637","ENGLISH MEDIUM","AHAMEDABAD","EFD 110",,,,"RAMESH PATEL","SCIENCE","637",,,"$60.00",,,,,,,,,,,,,
"SAFALTANA SAT ADHYMATIC NIYAMO","2008",,"HAY HOUSE INDIA","2009","PERSONALITY DEVELOPEMENT","11111643","ENGLISH MEDIUM",,"EP 56",,,,"DR. DEEPAK CHOPRA","PERSONALITY DEVELOPEMENT","643",,,"$60.00",,,,,,,,,,,,,
"NANDU THE RUDE BOY",,,"ALKA PUBLICATION","2009","CHILDREN LITERATURE","11111644","ENGLISH MEDIUM","MUMBAI","EEB 1249",,,,"SHYAMALA.S","CHILDREN LITERATURE","644",,,"$0.00",,,,,,,,,,,,,
"FAMOUS FAIRY TALES","2008",,"ALKA PUBLICATION","2009","STORY BOOK","11111645","ENGLISH MEDIUM","MUMBAI","EEB 1250",,,,"RAASHMI JAISWAL","STORY BOOK","645",,,"$30.00",,,,,,,,,,,,,
"KRISHNA","2007",,"MACAW BOOKS","2009","CHILDREN LITERATURE","11111649","ENGLISH MEDIUM",,"EEB 1254",,,,"GRAPHIC NOVEL","CHILDREN LITERATURE","649",,,"$39.00",,,,,,,,,,,,,
"MAHARANA PRATAP","2006",,"MACAW","2009","STORY BOOK","11111651","ENGLISH MEDIUM",,"EEB 1254",,,,,"STORY BOOK","651",,,"$39.00",,,,,,,,,,,,,
"DNYANI SHODHMA","2009",,"BHAKTIVEDANT BOOK TRUST","2010","SPIRITUAL","11111653","ENGLISH MEDIUM",,"EI 7",,,,"SWAMI PRABHUPAD","SPIRITUAL","653",,,"$0.00",,,,,,,,,,,,,
"VEDIC MATHS","2008",,"BPI INDIA PVT LTD","2010","MATHS","11111654","ENGLISH MEDIUM","NEW DELHI","EFE 5",,,,"H.K.GUPTA","MATHS","654",,,"$65.00",,,,,,,,,,,,,
"QUESTION BANK IN CHEMISTRY 1","2009",,"S.CHAND AND COMPANY ","2010","SCIENCE","11111655","ENGLISH MEDIUM","NEW DELHI","EFD 118",,,,"DR VIKRAM PANCHAL","SCIENCE","655",,,"$125.00",,,,,,,,,,,,,
"QUESTION BANK IN CHEMISTRY 2","2009",,"S.CHAND & COMPANY ","2010","SCIENCE","11111656","ENGLISH MEDIUM","NEW DELHI","EFD 119",,,,"DR. VIKRAM PANCHAL","SCIENCE","656",,,"$115.00",,,,,,,,,,,,,
"QUESTION BANK IN MATHS 2","2009",,"S.CHAND & COMPANY","2010","MATHS","11111658","ENGLISH MEDIUM","NEW DELHI","EFE 6",,,,"KASHYAP TRIVEDI","MATHS","658",,,"$160.00",,,,,,,,,,,,,
"QUESTION BANK IN MATHS PART 1","2009",,"S.CHAND & COMPANY","2010","MATHS","11111659","ENGLISH MEDIUM","NEW DELHI","EFE 7",,,,"KASHYAP TRIVEDI","MATHS","659",,,"$175.00",,,,,,,,,,,,,
"CAMBRIDGE ENGLISH DICTIONARY","2007",,"CAMBRIDGE UNI PRESS","2010","GRAMMER","11111660","ENGLISH MEDIUM","NEW DELHI","EFA 70",,,,,"GRAMMER","660",,,"$109.00",,,,,,,,,,,,,
"THE PENGUINE YEAR BOOK 09",,,"PENGUIN BOOKS","2010","GRAMMER","11111661","ENGLISH MEDIUM","NEW DELHI","EFA 72",,,,"DEREK OBRIEN","GRAMMER","661",,,"$150.00",,,,,,,,,,,,,
"DIRECTORY OF MEDICAL COLLEGES IN INDIA",,,"RAMESH PUBLISHING HOUSE","2010","SCIENCE","11111662","ENGLISH MEDIUM","NEW DELHI","EFD 121",,,,"ANJANI A. GUPTA","SCIENCE","662",,,"$60.00",,,,,,,,,,,,,
"OFFICE IN HAND 2003","2009",,"RAMESH PUBLISHING HOUSE","2010","GRAMMER","11111663","ENGLISH MEDIUM","AHAMEDABAD","EFA 71",,,,"JOY A. SHAH","GRAMMER","663",,,"$100.00",,,,,,,,,,,,,
"NAVRANG THALI","2009",,"NITI PRINTER","2010","HINDI","11111666","ENGLISH MEDIUM","SURAT","EEC 68",,,,"NAYNAKSHI VAIDH","HINDI","666",,,"$125.00",,,,,,,,,,,,,
"THE MASTERS TOUCH","2008",,"ATMIYA VIDYA MANDIR","2010","EDUCATION","11111667","ENGLISH MEDIUM",,"EED 40",,,,"YOGESH RAVAL","EDUCATION","667",,,"$0.00",,,,,,,,,,,,,
"OCEANS ATLAS","2009",,"YOUNG LEARNER PUBLICATIONS","2010","SCIENCE","11111668","ENGLISH MEDIUM","NEW DELHI","EFD 122",,,,"NICHOLAS HARRIS","SCIENCE","668",,,"$60.00",,,,,,,,,,,,,
"PAULO COELHO VERONIKA",,,"HARPER COLLIAM PUB INDIA","2010","NOVEL","11111669","ENGLISH MEDIUM",,"EA 82",,,,"MARGARET JULL","NOVEL","669",,,"$250.00",,,,,,,,,,,,,
"THE CIRCLE OF GOLD",,,"SCHOLASTIC","2010","NOVEL","11111671","ENGLISH MEDIUM",,"EA 84",,,,"WILLIAN RODARMER","NOVEL","671",,,"$275.00",,,,,,,,,,,,,
"MONUMENTS OF INDIA","2009",,"SCHOLASTIC","2010","GK","11111672","ENGLISH MEDIUM","NEW DELHI","EK 247",,,,"MRINALINI VENKAT","GK","672",,,"$175.00",,,,,,,,,,,,,
"STAY STRONG",,,"SCHOLASTIC","2010","NOVEL","11111673","ENGLISH MEDIUM",,"EA 85",,,,"TERRIE WILLIAMS","NOVEL","673",,,"$250.00",,,,,,,,,,,,,
"VOLCANOES","2009",,"SCHOLASTIC","2010","SCIENCE","11111674","ENGLISH MEDIUM","NEW DELHI","EFD 123",,,,"LILY WOOD","SCIENCE","674",,,"$100.00",,,,,,,,,,,,,
"THE PANCHANTANTRA",,,"SCHOLASTIC","2010","NOVEL","11111675","ENGLISH MEDIUM","NEW YORK","EA 86",,,,"SAMPURNA CHATTARJI","NOVEL","675",,,"$0.00",,,,,,,,,,,,,
"DISNEY ADV. WEIRED YET TRUE",,,"SCHOLASTIC","2010","ADVENTURE","11111676","ENGLISH MEDIUM","NEW DELHI","EEA 8",,,,"RACHEL ROBERTS","ADVENTURE","676",,,"$70.00",,,,,,,,,,,,,
"OCEANS ","2007",,"MCS","2010","SCIENCE","11111678","ENGLISH MEDIUM",,"EFD 124",,,,"SUSIE HODGE","SCIENCE","678",,,"$175.00",,,,,,,,,,,,,
"THE NIGHT SKY","2009",,"SCHOLASTIC","2010","SCIENCE","11111679","ENGLISH MEDIUM","NEW DELHI","EFD 125",,,,"JOHN FARNDON","SCIENCE","679",,,"$175.00",,,,,,,,,,,,,
"GOOD GRAMMAR","2009",,"SCHOLASTIC","2010","GRAMMER","11111680","ENGLISH MEDIUM","NEW DELHI","EFA 74",,,,"PETER CLUTTERBUCK","GRAMMER","680",,,"$150.00",,,,,,,,,,,,,
"FABULOUS ART ACTIVITIES","2006",,"SCHOLASTIC","2010","OTHER","11111681","ENGLISH MEDIUM","NEW DELHI","EKB 39",,,,"TERESA CORNELL","OTHER","681",,,"$90.00",,,,,,,,,,,,,
"SHAPE, SCULPT. AND ROLL WITH MAGIC CLAY","2009",,"SCHOLASTIC","2010","OTHER","11111682","ENGLISH MEDIUM",,"EKB40",,,,"DEBORAH KOVACS","OTHER","682",,,"$90.00",,,,,,,,,,,,,
"OXFORD SCHOOL ATLAS","2008",,"OXFORD UNI PRESS","2010","GRAMMER","11111683","ENGLISH MEDIUM","NEW DELHI","EFA 75",,,,,"GRAMMER","683",,,"$150.00",,,,,,,,,,,,,
"CHILDREN S FIRST ENCYCLOPEDIA","2009",,"YOUNG LEARNER PUBLICATIONS","2010","GRAMMER","11111684","ENGLISH MEDIUM","NEW DELHI","EFA 76",,,,"KATHY ALLEN","GRAMMER","684",,,"$125.00",,,,,,,,,,,,,
"STORIES FROM PANCHANTRA 1","2003",,"CHILDREN BOOK TRUST","2010","STORY BOOK","11111685","ENGLISH MEDIUM","NEW DELHI","ESB 1",,,,"SHIVKUMAR","STORY BOOK","685",,,"$120.00",,,,,,,,,,,,,
"BHEEMA THE POWERHOUSE",,,"MANOJ PUBLICATION","2010","STORY BOOK","11111686","ENGLISH MEDIUM","DELHI","ESB 2",,,,"DR. MAHENDRA MITTAL","STORY BOOK","686",,,"$40.00",,,,,,,,,,,,,
"THE SELFISH GIANT",,,"SCHOLASTIC","2010","STORY BOOK","11111687","ENGLISH MEDIUM",,"ESB 3",,,,"OSCAR WILDE","STORY BOOK","687",,,"$95.00",,,,,,,,,,,,,
"FAMOUS STORIES FROM THE BIBLA 2 REBECCAS WEDDING",,,"DREAMLAND PUB","2010","STORY BOOK","11111688","ENGLISH MEDIUM","DELHI","ESB 4",,,,,"STORY BOOK","688",,,"$0.00",,,,,,,,,,,,,
"THE VALIANT HEROES","2000",,"AKSHARA PRAKASHAN","2010","STORY BOOK","11111689","ENGLISH MEDIUM","AHAMEDABAD","ESB 5",,,,"R.S. NAYAK","STORY BOOK","689",,,"$40.00",,,,,,,,,,,,,
"HANSEL AND GRETEL","2000",,"VASAN BOOK DEPOT","2010","STORY BOOK","11111690","ENGLISH MEDIUM","BANGALORE","ESB 6",,,,,"STORY BOOK","690",,,"$20.00",,,,,,,,,,,,,
"THE LADY AND THE LION",,,"DHINGRA PUBLISHING HOUSE","2010","STORY BOOK","11111691","ENGLISH MEDIUM","DELHI","ESB 7",,,,"NEETU SHARMA","STORY BOOK","691",,,"$18.00",,,,,,,,,,,,,
"RUMPELSTILTSKIN",,,"DHINGRA PUBLISHING HOUSE","2011","STORY BOOK","11111692","ENGLISH MEDIUM","DELHI","ESB 8",,,,"NEETU SHARMA","STORY BOOK","692",,,"$18.00",,,,,,,,,,,,,
"LITTLE BROTHER LITTLE SISTER",,,"DHINGRA PUBLISHING HOUSE","2011","STORY BOOK","11111693","ENGLISH MEDIUM","DELHI","ESB 9",,,,"NEETU SHARMA","STORY BOOK","693",,,"$18.00",,,,,,,,,,,,,
"THE ROBBER BRIDEGROOM",,,"DHINGRA PUBLISHING HOUSE","2010","STORY BOOK","11111694","ENGLISH MEDIUM","DELHI","ESB 10",,,,"NEETU SHARMA","STORY BOOK","694",,,"$18.00",,,,,,,,,,,,,
"THE LITTLE TIN SOLDIER",,,"DHINGRA PUBLISHING HOUSE","2010","STORY BOOK","11111695","ENGLISH MEDIUM","DELHI","ESB 11",,,,"NEETU SHARMA","STORY BOOK","695",,,"$18.00",,,,,,,,,,,,,
"RAMAYANA ARANYAKAND KISHKINDHA KAND",,,"MANOJ PUBLICATION","2010","STORY BOOK","11111696","ENGLISH MEDIUM","DELHI","ESB 12",,,,,"STORY BOOK","696",,,"$40.00",,,,,,,,,,,,,
"STORIES FOR CHILDREN BY SWAMI VIVEKANANDA","2004",,"ADVAITA ASHRAM","2010","STORY BOOK","11111697","ENGLISH MEDIUM","KOLKOTTA","ESB 13",,,,"IRENE R.RAY","STORY BOOK","697",,,"$18.00",,,,,,,,,,,,,
"MEERABAI",,,"MANOJ PUBLICATION","2010","STORY BOOK","11111698","ENGLISH MEDIUM","DELHI","ESB 14",,,,"DR. MAHENDRA MITTAL","STORY BOOK","698",,,"$40.00",,,,,,,,,,,,,
"KITU GOES ON A HOLIDAY",,,"VISHV BOOKS","2010","STORY BOOK","11111699","ENGLISH MEDIUM",,"ESB 15",,,,"RUNGEEN SINGH","STORY BOOK","699",,,"$50.00",,,,,,,,,,,,,
"WONDER STORIES FOR CHILDREN",,,"ANKUR PRAKASHAN","2010","STORY BOOK","11111700","ENGLISH MEDIUM","AHAMEDABAD","ESB 16",,,,,"STORY BOOK","700",,,"$25.00",,,,,,,,,,,,,
"THE RAMAYANA","2009",,"SWAMINARAYAN AKSHARPITH","2010","SPIRITUAL","11111701","ENGLISH MEDIUM","AHAMEDABAD","EI 10",,,,"SADHU AMRUTVIJAY","SPIRITUAL","701",,,"$100.00",,,,,,,,,,,,,
"BACK TO THE DAY","1996",,"SCHOLASTIC","2010","NOVEL","11111703","ENGLISH MEDIUM","NEW DELHI","EA 99",,,,"BEATRICE GORMLEY","NOVEL","703",,,"$100.00",,,,,,,,,,,,,
"BABY SITTERS CLUB",,,"SCHOLASTIC","2010","NOVEL","11111704","ENGLISH MEDIUM","NEW DELHI","EA 100",,,,"ANN M MARTIN","NOVEL","704",,,"$0.00",,,,,,,,,,,,,
"SCARED STIFF","1996",,"SCHOLASTIC","2010","NOVEL","11111705","ENGLISH MEDIUM",,"EA 98",,,,"JOHNNA N. MALCOLM","NOVEL","705",,,"$0.00",,,,,,,,,,,,,
"MY BIG PICTURE WORKBOOK NEIGHBOURHOOD","2006",,"HELLO FRIEND","2010","STORY BOOK","11111707","ENGLISH MEDIUM","DELHI","ESB 18",,,,"MADHU SINGH SIROHI","STORY BOOK","707",,,"$29.00",,,,,,,,,,,,,
"PANCHANTRA STORIES 1","2010",,"RAINBOW BOOKS","2010","STORY BOOK","11111708","ENGLISH MEDIUM","DELHI","ESB 19",,,,,"STORY BOOK","708",,,"$20.00",,,,,,,,,,,,,
"PANCHANTRA STORIES 2","2010",,"RAINBOW BOOKS","2010","STORY BOOK","11111709","ENGLISH MEDIUM","DELHI","ESB 20",,,,,"STORY BOOK","709",,,"$20.00",,,,,,,,,,,,,
"PANCHANTANTRA STORIES 3","2010",,"RAINBOW BOOKS","2010","STORY BOOK","11111710","ENGLISH MEDIUM","DELHI","ESB 21",,,,,"STORY BOOK","710",,,"$20.00",,,,,,,,,,,,,
"PANCHANTANTRA STORIES 4",,,"RAINBOW BOOKS","2010","STORY BOOK","11111711","ENGLISH MEDIUM","DELHI","ESB 22",,,,,"STORY BOOK","711",,,"$20.00",,,,,,,,,,,,,
"PANCHANTRA STORIES 5","2010",,"RAINBOW BOOKS","2010","STORY BOOK","11111712","ENGLISH MEDIUM","DELHI","ESB 23",,,,,"STORY BOOK","712",,,"$20.00",,,,,,,,,,,,,
"PANCHANTRA STORIES 6","2010",,"RAINBOW BOOKS","2010","STORY BOOK","11111713","ENGLISH MEDIUM","DELHI","ESB 24",,,,,"STORY BOOK","713",,,"$20.00",,,,,,,,,,,,,
"PANCHANTRA STORIES 7","2010",,"RAINBOW BOOKS","2010","STORY BOOK","11111714","ENGLISH MEDIUM","DELHI","ESB 25",,,,,"STORY BOOK","714",,,"$20.00",,,,,,,,,,,,,
"PANCHANTRA STORIES 8","2010",,"RAINBOW BOOKS","2010","STORY BOOK","11111715","ENGLISH MEDIUM","DELHI","ESB 26",,,,,"STORY BOOK","715",,,"$20.00",,,,,,,,,,,,,
"VIDHYARTHIO ANE PARIKSHANI TAIRI",,,"SAHITYA SANKUL","2012","EDUCATION","11111716","ENGLISH MEDIUM","SURAT","EED 41",,,,"JANAK HAYAK","EDUCATION","716",,,"$20.00",,,,,,,,,,,,,
"LOKVAVHYAR MAIN KUSHALATA",,,,"2012","OTHER","11111717","ENGLISH MEDIUM",,"EKB 43",,,,"LASE GIBLINE","OTHER","717",,,"$0.00",,,,,,,,,,,,,
"STORIES FROMPANCHANTRA","2010",,"CHILDREN BOOK TRUST","2010","STORY BOOK","11111718","ENGLISH MEDIUM","NEW DELHI","ESB 27",,,,"SHIVKUMAR","STORY BOOK","718",,,"$140.00",,,,,,,,,,,,,
"ROALD DAHL THE TWIST","2010",,"PUFFIN BOOKS","2010","STORY BOOK","11111719","ENGLISH MEDIUM","NEW YORK","ESB 28",,,,"QUENTIN BLAKE","STORY BOOK","719",,,"$50.00",,,,,,,,,,,,,
"SWAMI VIVEKANANDAS ADDRESSES","2009",,"ADVATIA ASHRAM","2010","BIOGRAPHY","11111720","ENGLISH MEDIUM","AHAMEDABAD","EB 103",,,,,"BIOGRAPHY","720",,,"$2.00",,,,,,,,,,,,,
"SWAMIVIVEKANAND ","2009",,"ADVAITA ASHRAM","2010","BIOGRAPHY","11111722","ENGLISH MEDIUM","AHAMEDABAD","EB 104",,,,"SWAMI VIVEKANANDA","BIOGRAPHY","722",,,"$4.00",,,,,,,,,,,,,
"WILL POWER","2009",,"ADAVAITA ASHRAM","2010","PERSONALITY DEVELOPEMENT","11111723","ENGLISH MEDIUM","AHAMEDABAD","EP 64",,,,"SWAMI BUDHANANDA","PERSONALITY DEVELOPEMENT","723",,,"$8.00",,,,,,,,,,,,,
"HOW TO BUILD CHARACTER","2009",,"ADAVAITA ASHRAM","2010","PERSONALITY DEVELOPEMENT","11111725","ENGLISH MEDIUM","AHAMEDABAD","EP 66",,,,"SWAMI BUDHANANDA","PERSONALITY DEVELOPEMENT","725",,,"$8.00",,,,,,,,,,,,,
"NURTURING EMOTIONAL INTELLIGNECE","2010",,"SCHOLAR HUB","2011","OTHER","11111728","ENGLISH MEDIUM","NEW DELHI","EKB 44",,,,"SUGHANDA JAIN","OTHER","728",,,"$225.00",,,,,,,,,,,,,
"SELECTED STORIES FROM PANCHANTRA",,,"ALKA PUBLICATION","2010","STORY BOOK","11111729","ENGLISH MEDIUM",,"ESB 29",,,,"RASHMI JAISWAL","STORY BOOK","729",,,"$30.00",,,,,,,,,,,,,
"SELECTIONS FROM THE COMPLETE WORKS OF SWAMI VIVEKANANDA","2007",,"ADVAITA ASHRAM","2011","BIOGRAPHY","11111732","ENGLISH MEDIUM","KOLKOTTA","EB 105",,,,,"BIOGRAPHY","732",,,"$30.00",,,,,,,,,,,,,
"MY INDIA THE INDIAN ETERNAL","1993",,"RAMKRISHNA MISSION INSTITUTE OF CULTURE","2011","GK","11111733","ENGLISH MEDIUM","KOLKOTTA","EK 256",,,,"SWAMI VIVEKANANDA","GK","733",,,"$30.00",,,,,,,,,,,,,
"SAYINGS OF SRI RAMKRISHNA","2008",,"SRI RAMAKRISHNA MATH","2011","SPIRITUAL","11111734","ENGLISH MEDIUM","MADRAS","EI 11",,,,,"SPIRITUAL","734",,,"$25.00",,,,,,,,,,,,,
"EDUCATION","2010",,"SRI RAMAKRISHNA MATH","2011","EDUCATION","11111735","ENGLISH MEDIUM","RAJKOT","EED 42",,,,"T.S.AVINASHLINGAM","EDUCATION","735",,,"$15.00",,,,,,,,,,,,,
"HAPPINESS AND PEACE","2010",,"AHAMADABED MANAGEMENT INC","2011","SPIRITUAL","11111736","ENGLISH MEDIUM","AHAMEDABAD","EKB 45",,,,"SWAMINIKHILESHWARANAND","SPIRITUAL","736",,,"$15.00",,,,,,,,,,,,,
"AYNA GRAHONI SARAL YATRA","2010",,"BHAKTIVEDANT BOOK TRUST","2011","SPIRITUAL","11111741","ENGLISH MEDIUM","AHAMEDABAD","NIL",,,,"BHAKTIVEDANT SWAM PRABHUPAD","SPIRITUAL","741",,,"$20.00",,,,,,,,,,,,,
"IBS INSPIRATIONAL BOOKS OF SCIENCE 2","2010",,"SCIENCE OLYMPAID FOUNDATION","2011","SCIENCE","11111743","ENGLISH MEDIUM","NEW DELHI","EFD 137",,,,"ARVIND BHARADWAJ","SCIENCE","743",,,"$0.00",,,,,,,,,,,,,
"FISH TALES","2004",,"HODDER AND STOUGHTON","2011","NOVEL","11111744","ENGLISH MEDIUM","LONDON","EA 102",,,,"STEPHEN C. LUNDIN","NOVEL","744",,,"$100.00",,,,,,,,,,,,,
"GOLDILOCKS AND THE ATHREE BEARS",,,,"2011","STORY BOOK","11111745","ENGLISH MEDIUM",,"ESB 420",,,,,"STORY BOOK","745",,,"$25.00",,,,,,,,,,,,,
"THE WIND IN THE WILLOWS",,,"GRAND DREAMSLLIM","2011","STORY BOOK","11111746","ENGLISH MEDIUM",,"ESB 421",,,,,"STORY BOOK","746",,,"$25.00",,,,,,,,,,,,,
"SUPER GOOFY JOKES",,,"SCHOLASTIC","2011","STORY BOOK","11111747","ENGLISH MEDIUM",,"ESB 421",,,,"JACQUELINE HORSFALL","STORY BOOK","747",,,"$0.00",,,,,,,,,,,,,
"GET TO THE TOP","2011",,"RANDOM HOUSE","2011","PERSONALITY DEVELOPEMENT","11111748","ENGLISH MEDIUM",,"EP 72",,,,"SUHEL SETH ","PERSONALITY DEVELOPEMENT","748",,,"$250.00",,,,,,,,,,,,,
"ANYA GRAHONI SARAL YATRA",,,"BHAKTIVEDANT BOOK TRUST","2011","SPIRITUAL","11111749","ENGLISH MEDIUM",,,,,,"BHAKTIVEDANT SWAM PRABHUPAD","SPIRITUAL","749",,,"$20.00",,,,,,,,,,,,,
"PURNA PRASHNA PURNA UTTARO","2010",,"BHAKTIVEDANT BOOK TRUST","2011","SPIRITUAL","11111750","ENGLISH MEDIUM","AHAMEDABAD","NIL",,,,"BHAKTIVEDANT SWAMI PRABHUPAD","SPIRITUAL","750",,,"$20.00",,,,,,,,,,,,,
"SAVITRI AND SATYAVAN","2009",,"MACAW BOOKS","2011","STORY BOOK","11111751","ENGLISH MEDIUM",,"ESB 423",,,,,"STORY BOOK","751",,,"$0.00",,,,,,,,,,,,,
"SRIMAD BHAGADGITA",,,"BHAKTIVEDANT BOOK TRUST","2012","SPIRITUAL","11111752","ENGLISH MEDIUM",,"EI 14",,,,"BHAKTIVEDANT SWAM PRABHUPAD","SPIRITUAL","752",,,"$0.00",,,,,,,,,,,,,
"DESKTOP PUBLISHING",,,"COMPUTER WORLD PUBLICATIONS","2012","COMPUTER","11111753","ENGLISH MEDIUM",,"EFH 9",,,,,"COMPUTER","753",,,"$299.00",,,,,,,,,,,,,
"BHAGAVAN JAGANNATH NATAK",,,"BHAKTIVEDANT BOOK TRUST","2012","SPIRITUAL","11111754","ENGLISH MEDIUM",,"EI",,,,"SWAMI PRABHUPAD","SPIRITUAL","754",,,"$0.00",,,,,,,,,,,,,
"MORAL STORIES FOR CHILDREN",,,"ENKA","2012","STORY BOOK","11111755","ENGLISH MEDIUM","AHAMEDABAD","ESB 424",,,,,"STORY BOOK","755",,,"$20.00",,,,,,,,,,,,,
"POPULAR STORIES TWO FRIENDS AND A BEAR",,,"ANGEL PUBLISHING HOUSE","2012","STORY BOOK","11111756","ENGLISH MEDIUM","NEW DELHI","ESB 425",,,,,"STORY BOOK","756",,,"$38.00",,,,,,,,,,,,,
"VIKAS TREASURE OF STORIES JASMINE BOOK",,,"NAVNEET ","2012","STORY BOOK","11111757","ENGLISH MEDIUM","MUMBAI","ESB 426",,,,"DR. S.D. MULGAONKAR","STORY BOOK","757",,,"$32.00",,,,,,,,,,,,,
"POPULAR STORIES A STUPID FOX",,,"ANGEL PUBLISHINGHOUSE","2012","STORY BOOK","11111758","ENGLISH MEDIUM","NEW DELHI","ESB 427",,,,,"STORY BOOK","758",,,"$38.00",,,,,,,,,,,,,
"7 IN ONE MORAL STORIES",,,"MY KIDS WORLD PUBLICATION","2012","STORY BOOK","11111759","ENGLISH MEDIUM","DELHI","ESB 428",,,,"SHILPI","STORY BOOK","759",,,"$35.00",,,,,,,,,,,,,
"3 IN ONE MORAL STORIES",,,"MY KIDS WORLD PUBLICATION","2012","STORY BOOK","11111760","ENGLISH MEDIUM","DELHI","ESB 429",,,,"SHILPI","STORY BOOK","760",,,"$35.00",,,,,,,,,,,,,
"VIKAS SUBHOD BALVARTAO",,,"NAVNEET ","2012","STORY BOOK","11111761","ENGLISH MEDIUM","MUMBAI","ESB 430",,,,"C.K.SAMPAT","STORY BOOK","761",,,"$23.00",,,,,,,,,,,,,
"CHATUR BIRBAL 3",,,"NAVNEET ","2012","STORY BOOK","11111762","ENGLISH MEDIUM","MUMBAI","ESB 431",,,,"BHASKARBHAI BHATT","STORY BOOK","762",,,"$20.00",,,,,,,,,,,,,
"LO KANHU VARTA",,,"NAVNEET ","2012","STORY BOOK","11111763","ENGLISH MEDIUM","MUMBAI","ESB 432",,,,"MOHANBHAI S PATEL","STORY BOOK","763",,,"$20.00",,,,,,,,,,,,,
"CHATUR BIRBAL 4",,,"NAVNEET ","2012","STORY BOOK","11111764","ENGLISH MEDIUM","MUMBAI","ESB 433",,,,"BHASKARBHAI BHATT","STORY BOOK","764",,,"$20.00",,,,,,,,,,,,,
"BAKOR PATELNA PARAKRAMO",,,"GANDIV","2012","STORY BOOK","11111765","ENGLISH MEDIUM","SURAT","ESB 434",,,,"HARIPRASAD VYAS","STORY BOOK","765",,,"$30.00",,,,,,,,,,,,,
"BAKOR PATEL PAPADIYO JANG",,,"GANDIV","2012","STORY BOOK","11111766","ENGLISH MEDIUM","SURAT","ESB 435",,,,"HARIPRASAD VYAS","STORY BOOK","766",,,"$40.00",,,,,,,,,,,,,
"BAKOR PATEL TRAN LEKHAK",,,"GANDIV","2012","STORY BOOK","11111767","ENGLISH MEDIUM","SURAT","ESB 436",,,,"HARIPRASAD VYAS","STORY BOOK","767",,,"$35.00",,,,,,,,,,,,,
"BAKOR PATEL BAKTAR NAY DAKTAR",,,"GANDIV","2012","STORY BOOK","11111768","ENGLISH MEDIUM","SURAT","ESB 437",,,,"HARIPRASAD VYAS","STORY BOOK","768",,,"$35.00",,,,,,,,,,,,,
"BAKOR PATELJO JAY DARBAR",,,"GANDIV","2012","STORY BOOK","11111769","ENGLISH MEDIUM","SURAT","ESB 438",,,,"HARIPRASAD VYAS","STORY BOOK","769",,,"$35.00",,,,,,,,,,,,,
"BAKOR PATEL GOTAM PINDAM",,,"GANDIV","2012","STORY BOOK","11111770","ENGLISH MEDIUM","SURAT","ESB 439",,,,"HARIPRASAD VYAS","STORY BOOK","770",,,"$35.00",,,,,,,,,,,,,
"BAKOR PATELNI VATO",,,"GANDIV","2012","STORY BOOK","11111771","ENGLISH MEDIUM","SURAT","ESB 440",,,,"HARIPRASAD VYAS","STORY BOOK","771",,,"$35.00",,,,,,,,,,,,,
"BAKOR PATELNI KAHANIEO",,,"GANDIV","2012","STORY BOOK","11111772","ENGLISH MEDIUM","SURAT","ESB 441",,,,"HARIPRASAD VYAS","STORY BOOK","772",,,"$35.00",,,,,,,,,,,,,
"BAKOR PATELNA FAJETA",,,"GANDIV","2012","STORY BOOK","11111773","ENGLISH MEDIUM","SURAT","ESB 442",,,,"HARIPRASAD VYAS","STORY BOOK","773",,,"$35.00",,,,,,,,,,,,,
"BAKOR PATEL AASMANAMA",,,"GANDIV","2012","STORY BOOK","11111774","ENGLISH MEDIUM","SURAT","ESB 443",,,,"HARIPRASAD VYAS","STORY BOOK","774",,,"$35.00",,,,,,,,,,,,,
"BAKOR PATEL TACHKIYU",,,"GANDIV","2012","STORY BOOK","11111775","ENGLISH MEDIUM","SURAT","ESB 444",,,,"HARIPRASAD VYAS","STORY BOOK","775",,,"$35.00",,,,,,,,,,,,,
"BAKOR PATEL TERI BI CHUP",,,"GANDIV","2012","STORY BOOK","11111776","ENGLISH MEDIUM","SURAT","ESB 445",,,,"HARIPRASAD VYAS","STORY BOOK","776",,,"$35.00",,,,,,,,,,,,,
"BAKOR PATELBHULKANA",,,"GANDIV","2012","STORY BOOK","11111777","ENGLISH MEDIUM","SURAT","ESB 446",,,,"HARIPRASAD VYAS","STORY BOOK","777",,,"$30.00",,,,,,,,,,,,,
"BAKOR PATEL RAJANU GAJ",,,"GANDIV","2012","STORY BOOK","11111778","ENGLISH MEDIUM","SURAT","ESB 447",,,,"HARIPRASAD VYAS","STORY BOOK","778",,,"$35.00",,,,,,,,,,,,,
"BAKOR PATEL GHOLAKU GHOLU",,,"GANDIV","2012","STORY BOOK","11111779","ENGLISH MEDIUM","SURAT","ESB 448",,,,"HARIPRASAD VYAS","STORY BOOK","779",,,"$35.00",,,,,,,,,,,,,
"BAKOR PATELNI GARBADO",,,"GANDIV","2012","STORY BOOK","11111780","ENGLISH MEDIUM","SURAT","ESB 449",,,,"HARIPRASAD VYAS","STORY BOOK","780",,,"$35.00",,,,,,,,,,,,,
"BAKOR PATEL ANDHALE BAHERU",,,"GANDIV ","2012","STORY BOOK","11111781","ENGLISH MEDIUM","SURAT","ESB 450",,,,"HARIPRASAD VYAS","STORY BOOK","781",,,"$35.00",,,,,,,,,,,,,
"BAKOR PATEL JAGAJO RE",,,"GANDIV","2012","STORY BOOK","11111782","ENGLISH MEDIUM","SURAT","ESB 451",,,,"HARIPRASAD VYAS","STORY BOOK","782",,,"$35.00",,,,,,,,,,,,,
"BAKOR PATEL CHOR CHOR",,,"GANDIV","2012","STORY BOOK","11111783","ENGLISH MEDIUM","SURAT","ESB 452",,,,"HARIPRASAD VYAS","STORY BOOK","783",,,"$35.00",,,,,,,,,,,,,
"BAKOR PATEL AADE LAKADE",,,"GANDIV","2012","STORY BOOK","11111784","ENGLISH MEDIUM","SURAT","ESB 453",,,,"HARIPRASAD VYAS","STORY BOOK","784",,,"$35.00",,,,,,,,,,,,,
"BAKOR PATEL SAMPETARA",,,"GANDIV","2012","STORY BOOK","11111785","ENGLISH MEDIUM","SURAT","ESB 454",,,,"HARIPRASAD VYAS","STORY BOOK","785",,,"$35.00",,,,,,,,,,,,,
"BAKOR PATEL JEVA SATHE TEVA",,,"GANDIV","2012","STORY BOOK","11111786","ENGLISH MEDIUM","SURAT","ESB 455",,,,"HARIPRASAD VYAS","STORY BOOK","786",,,"$35.00",,,,,,,,,,,,,
"BAKOR PATEL HARKHANE BADALE",,,"GANDIV","2012","STORY BOOK","11111787","ENGLISH MEDIUM","SURAT","ESB 456",,,,"HARIPRASAD VYAS","STORY BOOK","787",,,"$35.00",,,,,,,,,,,,,
"RANGBERANG BODHAKKATAO",,,"ENKA","2012","STORY BOOK","11111788","ENGLISH MEDIUM","AHAMEDABAD","ESB 457",,,,,"STORY BOOK","788",,,"$25.00",,,,,,,,,,,,,
"PARIONI VATO",,,"NAVNEET ","2012","STORY BOOK","11111789","ENGLISH MEDIUM","MUMBAI","ESB 458",,,,"BHIKABHAI SUTHAR","STORY BOOK","789",,,"$20.00",,,,,,,,,,,,,
"BAL SATANG PART 1",,,"SWAMINARAYAN AKSHARPITH","2012","STORY BOOK","11111790","ENGLISH MEDIUM","AHAMEDABAD","ESB 459",,,,,"STORY BOOK","790",,,"$7.00",,,,,,,,,,,,,
"BAL SATSANG 2",,,"SWAMINARAYAN AKSHARPITH","2012","STORY BOOK","11111791","ENGLISH MEDIUM","AHAMEDABAD","ESB 460",,,,,"STORY BOOK","791",,,"$7.00",,,,,,,,,,,,,
"NATAKANU NATAK",,,"NAVBHARAT SAHITYA MANDIR","2012","STORY BOOK","11111792","ENGLISH MEDIUM","MUMBAI","ESB 461",,,,"JIVRAM JOSHI","STORY BOOK","792",,,"$30.00",,,,,,,,,,,,,
"PIPERMITANA PAHAD PAR",,,"IMAGE PUBLICATION","2012","STORY BOOK","11111793","ENGLISH MEDIUM","AHAMEDABAD","ESB 462",,,,"SURESH DALAL","STORY BOOK","793",,,"$10.00",,,,,,,,,,,,,
"BAKHADJANTAR",,,"IMAGE PUBLICATION","2012","STORY BOOK","11111794","ENGLISH MEDIUM","AHAMEDABAD","ESB 463",,,,"SURESH DALAL","STORY BOOK","794",,,"$40.00",,,,,,,,,,,,,
"BHILLU",,,"IMAGE PUBLICATION","2012","STORY BOOK","11111795","ENGLISH MEDIUM","AHAMEDABAD","ESB 464",,,,"BANSI VARMA","STORY BOOK","795",,,"$35.00",,,,,,,,,,,,,
"TAGAR TAGAR",,,"IMAGE PUBLICATION","2012","STORY BOOK","11111796","ENGLISH MEDIUM","AHAMEDABAD","ESB 465",,,,"SURESH DALAL","STORY BOOK","796",,,"$30.00",,,,,,,,,,,,,
"DHISHUM DHISHUM",,,"IMAGE PUBLICATION","2012","STORY BOOK","11111797","ENGLISH MEDIUM","AHAMEDABAD","ESB 466",,,,"SURESH DALAL","STORY BOOK","797",,,"$25.00",,,,,,,,,,,,,
"EK HATHE CHAPATI",,,"IMAGE PUBLICATION","2012","STORY BOOK","11111798","ENGLISH MEDIUM","AHAMEDABAD","ESB 467",,,,"SURESH DALAL","STORY BOOK","798",,,"$20.00",,,,,,,,,,,,,
"BINDAS",,,"IMAGE PUBLICATION","2012","STORY BOOK","11111799","ENGLISH MEDIUM","AHAMEDABAD","ESB 468",,,,"SURESH DALAL","STORY BOOK","799",,,"$30.00",,,,,,,,,,,,,
"THUI THAPPA",,,"IMAGE PUBLICATION","2012","STORY BOOK","11111800","ENGLISH MEDIUM","AHAMEDABAD","ESB 469",,,,"SURESH DALAL","STORY BOOK","800",,,"$20.00",,,,,,,,,,,,,
"CHAKO ANE MAKO",,,"NAVBHARAT SAHITYA MANDIR","2012","STORY BOOK","11111801","ENGLISH MEDIUM","AHAMEDABAD","ESB 470",,,,"JIVRAM JOSHI","STORY BOOK","801",,,"$45.00",,,,,,,,,,,,,
"CHAKO ANE MAKO",,,"NAVBHARAT SAHITYA MANDIR","2012","STORY BOOK","11111802","ENGLISH MEDIUM","AHAMEDABAD","ESB 471",,,,"JIVRAM JOSHI","STORY BOOK","802",,,"$45.00",,,,,,,,,,,,,
"CHAKO ANE MAKO",,,"NAVBHARAT SAHITYA MANDIR","2012","STORY BOOK","11111803","ENGLISH MEDIUM","AHAMEDABAD","ESB 472",,,,"JIVRAM JOSHI","STORY BOOK","803",,,"$45.00",,,,,,,,,,,,,
"AALISHAN AKBAR BHADUR BIRBAL",,,"KESHAR PUBLICATION ","2012","STORY BOOK","11111804","ENGLISH MEDIUM","AHAMEDABAD","ESB 473",,,,,"STORY BOOK","804",,,"$7.00",,,,,,,,,,,,,
"READERS DIGEST SELECT EDITIONS THE DISTANT ECHO",,,"READERS DIGEST","2012","NOVEL","11111805","ENGLISH MEDIUM",,"EA 11",,,,,"NOVEL","805",,,"$150.00",,,,,,,,,,,,,
"READERS DIGEST SELECT EDITION","2004",,"READERS DIGEST ","2012","NOVEL","11111806","ENGLISH MEDIUM",,"EA 112",,,,,"NOVEL","806",,,"$150.00",,,,,,,,,,,,,
"MORNING NOON AND NIGHT","1995",,,"2012","NOVEL","11111807","ENGLISH MEDIUM",,"EA 113",,,,"SIDNEY SHELDON","NOVEL","807",,,"$150.00",,,,,,,,,,,,,
"KNOWLEDGE ENCYCLOPEDIA",,,"RANDOM HOUSE INDIA","2012","GK","11111808","ENGLISH MEDIUM","NOIDA","EK 277",,,,,"GK","11111808",,,"$1,999.00",,,,,,,,,,,,,
"THE BOOK OF TIME","2008",,"SCHOLASTIC","2012","STUDENTS CLASSICS","11111809","ENG MED","NEW DELHI","ESC 1",,,,"WILLIAM RODRAMOR","STUDENTS CLASSICS","11111809",,,"$195.00",,,,,,,,,,,,,
"TERROR ON THE TITANIC","2010",,"SCHOLASTIC","2012","STUDENTS CLASSICS","11111810","ENG MED","NEW DELHI","ESC 2",,,,"SAMIT BASU","STUDENTS CLASSICS","11111810",,,"$150.00",,,,,,,,,,,,,
"ROUND THE WORLD IN EIGHTY DAYS","2008",,"S.CHAND & COMPANY","2012","STUDENTS CLASSICS","11111811","ENG MED","NEW DELHI","ESC 3",,,,"JULES VERNE","STUDENTS CLASSICS","11111811",,,"$80.00",,,,,,,,,,,,,
"GOOSEBUMPS SECRET AGENT GRANDMA","2008",,"SCHOLASTIC","2012","STUDENTS CLASSICS","11111812","ENG MED","NEW DELHI","ESC 4",,,,"R.L.STINE","STUDENTS CLASSICS","11111812",,,"$95.00",,,,,,,,,,,,,
"SCIENCE FICTION STORIES","2008",,"TINY TOT PUBLICATIONS","2012","STUDENTS CLASSICS","11111813","ENG MED","NEW DELHI","ESC 5",,,,"SHYAM DUA","STUDENTS CLASSICS","11111813",,,"$40.00",,,,,,,,,,,,,
"THE SECRETS OF DROON","2008",,"SCHOLASTIC","2012","STUDENTS CLASSICS","11111814","ENG MED","NEW DELHI","ESC 6",,,,"TONY ABBOTT","STUDENTS CLASSICS","11111814",,,"$95.00",,,,,,,,,,,,,
"THE HARDY BOYS BURNED","2005",,"ALADDIN PAPERBACKS","2012","STUDENTS CLASSICS","11111815","ENG MED","NEW YORK","ESC 7",,,,"FRANKLIN DIXON","STUDENTS CLASSICS","11111815",,,"$125.00",,,,,,,,,,,,,
"HARRY POTTER AND THE CHAMBER OF SECRETS","1998",,"BLOOMSBURY","2012","STUDENTS CLASSICS","11111816","ENG MED","LONDON","ESC 8",,,,"J.K.ROWLING","STUDENTS CLASSICS","11111816",,,"$220.00",,,,,,,,,,,,,
"THE HARDY BOYS DOUBLE TROUBLE","2008",,"ALADDIN PAPERBACKS","2012","STUDENTS CLASSICS","11111817","ENG MED","NEW YORK","ESC 9",,,,"FRANKLIN DIXON","STUDENTS CLASSICS","11111817",,,"$125.00",,,,,,,,,,,,,
"THE MYSTERY SERIES","2003",,"EGMONT","2012","STUDENTS CLASSICS","11111818","ENG MED","LONDON","ESC 10",,,,"ENID BLYTON","STUDENTS CLASSICS","11111818",,,"$295.00",,,,,,,,,,,,,
"TEMPTED","2009",,"ATOM","2012","STUDENTS CLASSICS","11111819","ENG MED","UK","ESC 11",,,,"P.C.AND KRISTIN CAST","STUDENTS CLASSICS","11111819",,,"$295.00",,,,,,,,,,,,,
"THE MYSTERY OF THE SPITEFUL LETTERS","2009",,"EGMONT","2012","STUDENTS CLASSICS","11111820","ENG MED","LONDON","ESC 12",,,,"ENID BLYTON","STUDENTS CLASSICS","11111820",,,"$135.00",,,,,,,,,,,,,
"OH, SHIT, NOT AGAIN","2008",,"EXPRESSION PUBLICATIONS","2012","STUDENTS CLASSICS","11111821","ENG MED","PUNE","ESC 13",,,,"MANDAR KOKATE","STUDENTS CLASSICS","11111821",,,"$150.00",,,,,,,,,,,,,
"FAVOURITE FAIRY TALES, LOVE STORIES","2008",,"RUPA AND CO.","2012","STUDENTS CLASSICS","11111822","ENG MED","NOIDA","ESC 14",,,,"RUSKIN BOND","STUDENTS CLASSICS","11111822",,,"$150.00",,,,,,,,,,,,,
"GOOSEBUMPS TRAPPED IN BAT WING HALL","2005",,"SCHOLASTIC","2012","STUDENTS CLASSICS","11111823","ENG MED","NEW DELHI","ESC 15",,,,"R.L. STINE","STUDENTS CLASSICS","11111823",,,"$95.00",,,,,,,,,,,,,
"SELECTED STORIES OF SHERLOCK HOLME","2008",,"MACMILLAN PUBLLISHING COMPANY","2012","STUDENTS CLASSICS","11111824","ENG MED","NEW DELHI","ESC 16",,,,"SIR ANTHAR CANON DAYLE","STUDENTS CLASSICS","11111824",,,"$48.00",,,,,,,,,,,,,
"SWAMIVIVEKANAND ","2012",,"SRI RAMAKRISHNA MATH","2013","BIOGRAPHY","11111825","ENG MED","RAJKOT","EB 106",,,,,"BIOGRAPHY","11111825",,,"$100.00",,,,,,,,,,,,,
"MAHAYOGI SRI ARVIND","2011",,"VASANTBHAI PATEL","2013","SPIRITUAL","11111826","ENG MED","VADODARA","EI 21",,,,"JYOTI THANKI","SPIRITUAL","11111826",,,"$150.00",,,,,,,,,,,,,
"GOOSEBUMPS THE GIRL WHO CRIED MONSTER","2012",,"SCHOLASTIC","2013","STUDENTS CLASSICS","11111827","ENG MED","NEW DELHI","ESC 17",,,,"R.L. STINE","STUDENTS CLASSICS","11111827",,,"$95.00",,,,,,,,,,,,,
"ALCHEMIST GUJARATI","2012",,"R.R.SHETH AND CO.","2013","NOVEL","11111828","ENG MED","MUMBAI","EA 154",,,,"PAULO COELHO","NOVEL","11111828",,,"$99.00",,,,,,,,,,,,,
"DHINGRA S FUN WITH SCIENCE PROJECT","2002",,"DHINGRA PUBLISHING HOUSE","2013","SCIENCE","11111829","ENG MED","DELHI","EFD 203",,,,,"SCIENCE","11111829",,,"$110.00",,,,,,,,,,,,,
"WONDERS OF SCIENCE","1994",,"PUSTAK MAHAL","2013","SCIENCE","11111830","ENG MED","DELHI","EFD 204",,,,,"SCIENCE","11111830",,,"$48.00",,,,,,,,,,,,,
"101 SCIENCE EXPERIMENTS","2002",,"PUSTAK MAHAL","2013","SCIENCE","11111831","ENG MED","DELHI","EFD 205",,,,,"SCIENCE","11111831",,,"$48.00",,,,,,,,,,,,,
"HANDS ON SCIENCE EXPERIMENTS","2005",,"ACADEMIC PUBLICATION","2013","SCIENCE","11111832","ENG MED","NEW DELHI","EFD 206",,,,,"SCIENCE","11111832",,,"$75.00",,,,,,,,,,,,,
"IVANHOE","2012",,"JAICO PUBLICATION HOUSE","2013","STUDENTS CLASSICS","11111833","ENG MED","MUMBAI","ESC 19",,,,"SIR WALTER SCOTT","STUDENTS CLASSICS","11111833",,,"$135.00",,,,,,,,,,,,,
"MORE TALES FROM THE ARABIAN NIGHTS","2012",,"SHREE BOOK CENTRE","2013","STORY BOOK","11111834","ENG MED","MUMBAI","ESB 576",,,,,"STORY BOOK","11111834",,,"$175.00",,,,,,,,,,,,,
"KAMYABI KA SHABDKOSH","2008",,"SAIFERON MARKETING","2013","PERSONALITY DEVELOPEMENT","11111835","ENGLISH MEDIUM","NEW DELHI","EP 75",,,,"JEET KALASI","PERSONALITY DEVELOPEMENT","11111835",,,"$190.00",,,,,,,,,,,,,
"STOP MLM","2008",,"SAFFRON MARKETING","2013","PERSONALITY DEVELOPEMENT","11111836","ENGLISH MEDIUM","NEW DELHI","EP 76",,,,"JEET KALSI","PERSONALITY DEVELOPEMENT","11111836",,,"$190.00",,,,,,,,,,,,,
"NEEV NINTY","2011",,"TEJGYAN GLOBAL FOUNDATION","2013","PERSONALITY DEVELOPEMENT","11111837","ENGLISH MED","PUNE","EP 77",,,,"SIRSHREE","PERSONALITY DEVELOPEMENT","11111837",,,"$100.00",,,,,,,,,,,,,
"NETWORK MARKETING KA JADU","2009",,"WINNWERA LIFE TRAINING PVT LTD","2013","PERSONALITY DEVELOPEMENT","11111838","ENGLISH MEDIUM","MUMBAI","EP 78",,,,"SHASHIKANT KHAMKAR","PERSONALITY DEVELOPEMENT","11111838",,,"$200.00",,,,,,,,,,,,,
"THE GIANT DIAMOND ROBBERY","2009",,"SCHOLASTIC","2014","STUDENTS CLASSICS","11111839","ENG MED","NEW DELHI","ESC 70",,,,"GERONIMO STILTON","STUDENTS CLASSICS","11111839",,,"$230.00",,,,,,,,,,,,,
"MR. MIDNIGHT","2009",,"ANGSANA BOOKS","2014","STORY BOOK","11111840","ENG MED","USA","ESB 640",,,,"JAMES LEE","STORY BOOK","11111840",,,"$50.00",,,,,,,,,,,,,
"THE GREAT BIG BOOK OF READING","2008",,"QED PUBLISHING","2014","STORY BOOK","11111841","ENG MED","CHINA","ESB 641",,,,,"STORY BOOK","11111841",,,"$150.00",,,,,,,,,,,,,
"INDIA MY LAND","2009",,"STERLING PRESS PVT LTD","2014","GK","11111842","ENG MED","NEW DELHI","EK 305",,,,,"GK","11111842",,,"$150.00",,,,,,,,,,,,,
"BIOGRAPHIES OMNIBUS GREAT INVENTORS","2013",,"SHREE BOOK CENTRE","2014","BIOGRAPHY","11111843","ENG MED","MUMBAI","EB 117",,,,,"BIOGRAPHY","11111843",,,"$160.00",,,,,,,,,,,,,
"GREAT SCIENTISTS","2013",,"NAVNEET ","2014","SCIENCE","11111844","ENG MED","MUMBAI","EFD 229",,,,"SURESH SHAH","SCIENCE","11111844",,,"$70.00",,,,,,,,,,,,,
"BARBIE PRINCESS CHARM SCHOOL","2014",,"PARRAGON PUBLISHING","2015","STORY BOOK","11111845","ENG MED","UK","ESB 643",,,,,"STORY BOOK","11111845",,,"$295.00",,,,,,,,,,,,,
"NODDY AND THE BOUNCING BALL","2014",,"EURO BOOKS","2015","STORY BOOK","11111846","ENG MED","MUMBAI","ESB 644",,,,,"STORY BOOK","11111846",,,"$340.00",,,,,,,,,,,,,
"LIMCA BOOK OF RECORDS","2014",,"COCA COLA INC","2015","GK","11111847","ENG MED","GURGAON","EK 310",,,,"VIJAYA GHOSE","GK","11111847",,,"$500.00",,,,,,,,,,,,,
"MY FIRST BIG BOOK OF FAIRY TALES","2014",,"SHRI NARMADA STATIONARY MART","2015","STORY BOOK","11111848","ENG MED","AHAMEDABAD","ESB 642",,,,,"STORY BOOK","11111848",,,"$159.00",,,,,,,,,,,,,
"FIRST 100 WORDS","2014",,"PRIDDY BOOKS","2015","ACADEMIC","11111849","ENG MED","LONDON","EH 47",,,,,"ACADEMIC","11111849",,,"$199.00",,,,,,,,,,,,,
"AAHAR ANE AAROGY","2001",,"GURJAR PRAKASHAN","2012","SCIENCE","22222133","GUJ. MED.","AHAMEDABAD","GGA - 10",,,,"DR. VACHHARAJANI","SCIENCE","133",,,"$40.00",,,,,,,,,,,,,
"52 WAYS TO LIVE SUCCESS","2004",,"JAICO PUBLICATION HOUSE","2004","PERSONALITY DEVELOPEMENT","111111210","ENGLISH MEDIUM","DELHI","EP 26",,,,"JEAME SHARBUNO","PERSONALITY DEVELOPEMENT","210",,,"$0.00",,,,,,,,,,,,,
"THE POWER OF POSITIVE THINKING","2004",,"VERMILLION","2006","PERSONALITY DEVELOPEMENT","111111240","ENGLISH MEDIUM","NEW ZEALAND","EP 20",,,,"NORMAN VINCIENT","PERSONALITY DEVELOPEMENT","1240",,,"$125.00",,,,,,,,,,,,,
"GROLIER STUDENT ENCYCLOPEDIA","2004",,"SCHOLASTIC GROLIER","2004","GK","111111409","ENGLISH MEDIUM","SINGAPORE","EK 222",,,,"GROLIER ADVISORY BOARD","GK","1409",,,"$200.00",,,,,,,,,,,,,
"ENVIRONMENTAL STUDIES","2006",,"LAXMI PUBLICATIONS LTD","2007","SCIENCE","111111412","ENGLISH MEDIUM","BANGALORE","EFD 93",,,,"DR. J.P.SHARMA","SCIENCE","412",,,"$60.00",,,,,,,,,,,,,
"VOLCANOES","2009",,"SCHOLASTIC","2010","SCIENCE","111111674","ENGLISH MEDIUM","NEW DELHI","EFD 123",,,,"LILY WOOD","SCIENCE","674",,,"$100.00",,,,,,,,,,,,,
"VIGNAN NI AVNAVI VATO","2011",,"CHETNA PRACATION","2012","SCIENCE","222222256","GUJ. MED.","AHAMEDABAD","GGA - 247",,,,"PRO. T. C. SHAH","SCIENCE","2256",,,"$50.00",,,,,,,,,,,,,
"VISMAYKARAK ANTRIKSH","2014",,"PARRAGON PUBLISHING","2015","SCIENCE","222222693","GUJ. MED.","NOIDA","2693",,,,"COPYRIGHT","SCIENCE","2693",,,"$275.00",,,,,,,,,,,,,
"VIGNAN ANE TECHNOLOGY GNANKOSH","2014",,"PARRAGON PUBLISHING","2015","SCIENCE","222222694","GUJ. MED.","NOIDA","GGB - 258",,,,"COPYRIGHT","SCIENCE","2694",,,"$275.00",,,,,,,,,,,,,
"VISV ITIHAS","2014",,"PARRAGON PUBLISHING","2015","SCIENCE","222222695","GUJ. MED.","NOIDA","GGB - 259",,,,"COPY RIGHT","SCIENCE","2695",,,"$275.00",,,,,,,,,,,,,
"VISVA JIV","2014",,"PARRAGON PUBLISHING","2015","SCIENCE","222222696","GUJ. MED.","NOIDA","GGB - 260",,,,"COPY RIGHT","SCIENCE","2696",,,"$275.00",,,,,,,,,,,,,
"MANAV SHARIR GNAN KOSH","2014",,"PARRAGON PUBLISHING","2015","SCIENCE","222222697","GUJ. MED.","NOIDA","GGB - 261",,,,"COPY RIGHT","SCIENCE","2697",,,"$275.00",,,,,,,,,,,,,
"AASCHARYA JANAK HAKIKATO ","2014",,"PARRAGON PUBLISHING","2015","SCIENCE","222222698","GUJ. MED.","NOIDA","GGB - 262",,,,"COPY RIGHT","SCIENCE","2698",,,"$275.00",,,,,,,,,,,,,
"AJAB ANOKHI DUNIYA","2014",,"PARRAGON PUBLISHING","2015","SCIENCE","222222699","GUJ. MED.","NOIDA","GGB - 263",,,,"COPY RIGHT","SCIENCE","2699",,,"$275.00",,,,,,,,,,,,,
"PRUTHVIGRAH NO GNANKOSH","2014",,"PARRAGON PUBLISHING","2015","SCIENCE","222222700","GUJ. MED.","NOIDA","GGB - 264",,,,"COPYRIGHT","SCIENCE","2700",,,"$275.00",,,,,,,,,,,,,
"VIGNAN NI DUNIYA","2014",,"PARRAGON PUBLISHING","2015","SCIENCE","222222701","GUJ. MED.","NOIDA","GGB - 265",,,,"COPYRIGHT","SCIENCE","2701",,,"$275.00",,,,,,,,,,,,,
"ADBHUT SAVAL - JAVABGNANKOSH","2014",,"PARRAGON PUBLISHING","2015","SCIENCE","222222702","GUJ. MED.","NOIDA","GGB - 266",,,,"COPYRIGHT","SCIENCE","2702",,,"$275.00",,,,,,,,,,,,,
"VEER BALAO","2006",,"GITA PRESS GORAKHPUR","2007","STORY BOOK","333331338","GUJ. MED.","GORAKHPUR","GE - 971",,,,"HANUMAN PRASAD PODDAR","STORY BOOK","1338",,,"$5.00",,,,,,,,,,,,,
"SATYANA PRAYOGO","2007",,"NAVAJIVAN PUBLISHING HOUSE","2012","BIOGRAPHY","333331957","GUJ. MED.","AHAMEDABAD","GB - 256",,,,"MOHANDAS KARAMCHAND GHANDHI","BIOGRAPHY","1957",,,"$30.00",,,,,,,,,,,,,
"NANSEN","2011",,"VIKAS VARTUL TRUST","2011","STORY BOOK","333333010","GUJ. MED.","BHAVNAGAR","GE - 2079",,,,"MULSANKAR MO BHUTT","STORY BOOK","3010",,,"$60.00",,,,,,,,,,,,,
"DES - VIDESHNA VAIGNANIKO","1992",,"NAVNEET PUBLICATION","2012","SHAMAJIK VIGNAN","333333036","GUJ. MED.","GURJAR PRACATION","GGB - 64",,,,"PRO. SHURESH SHAH","SHAMAJIK VIGNAN","3036",,,"$26.00",,,,,,,,,,,,,
"HAND WRITING","2006",,"ALKA PUBLICATION","2007","STORY BOOK","1111111506","ENGLISH MEDIUM","MUMBAI","EEB 1087",,,,"ANJALI BENYI","STORY BOOK","1506",,,"$60.00",,,,,,,,,,,,,
