Title,Edition,ISBN,Publisher Name,Publishing Year,Serial Title,Call Number,Language,publishing place,Classification,Notes,Image,File Attach,Author,Subject,Item Start value,Specific Detail Info,Copies,Price,label,Supplier,Subtitle,Keyword,Book review,Standards,Frequency
PRIYAJAN,1,,R.R Seth ni Co.,,,1,Gujarati,,891.47,,,,ANTANI VINESH,Literature,1,,0,80.00,,,,,,,
PALAV MA SANTAYELI PRIT,1,,Navbharat Sahitya Mandir,,,2,Gujarati,,891.47,,,,ASMANI BALVANT,Literature,2,,0,39.00,,,,,,,
DIVAN - E - AADAM,1,,Navbharat Sahitya Mandir,,,3,Gujarati,,891.47,,,,ABUWALA SHAIKHADAM,Literature,3,,0,130.00,,,,,,,
GUJARAT NA JYOTIRDHARO,1,,Gujarat Pustakalay Mandal,,,4,Gujarati,,891.47,,,,AMIN MOTIBHAI,Literature,4,,0,30.00,,,,,,,
MAHARSHI ARVIND,1,,Prakash Printing Press,,,5,Gujarati,,891.47,,,,ARVIND,Literature,5,,0,2.50,,,,,,,
VYAVHARU MARGDARSHAN,1,,Shree Arvind Society,,,6,Gujarati,,891.47,,,,ARVIND,Literature,6,,0,2.50,,,,,,,
VYAVHARU MARGDARSHAN - 2,1,,Shree Arvind Society,,,7,Gujarati,,891.47,,,,ARVIND,Literature,7,,0,2.50,,,,,,,
VYAVHARU MARGDARSHAN - 3,1,,Shree Arvind Society,,,8,Gujarati,,891.47,,,,ARVIND,Literature,8,,0,2.50,,,,,,,
SHREE MATAJI DIVYA SWARUP,1,,Shree Arvind Society,,,9,Gujarati,,891.47,,,,ARVIND,Literature,9,,0,3.50,,,,,,,
SHREE MATAJI DIVYA SWARUP,1,,Shree Arvind Society,,,10,Gujarati,,891.47,,,,ARVIND,Literature,10,,0,3.50,,,,,,,
PATRAWALI,1,,Shree Arvind Society,,,11,Gujarati,,891.47,,,,ARVIND,Literature,11,,0,1.75,,,,,,,
SANGRAM NI KSHANO,1,,Shree Arvind Society,,,12,Gujarati,,891.47,,,,ARVIND,Literature,12,,0,2.50,,,,,,,
SANGRAM NI KSHANO,1,,Shree Arvind Society,,,13,Gujarati,,891.47,,,,ARVIND,Literature,13,,0,2.50,,,,,,,
AALAP VILAP,1,,Abhinav Sahitya Prakashan,,,14,Gujarati,,891.47,,,,BAPIRAJU ADIVI,Literature,14,,0,45.00,,,,,,,
SHREE BROKER NI SRESHOTH VARTAO,1,,Navbharat Sahitya Mandir,,,15,Gujarati,,891.47,,,,BROKER GULABDAS,Literature,15,,0,60.00,,,,,,,
PADGHA DUBI GAYA,1,,Navbharat Sahitya Mandir,,,16,Gujarati,,891.47,,,,BAKSHI CHANDRAKANT,Literature,16,,0,24.00,,,,,,,
PRIYA NIKI,1,,Navbharat Sahitya Mandir,,,17,Gujarati,,891.47,,,,BAKSHI CHANDRAKANT,Literature,17,,0,85.00,,,,,,,
VINOD NI NAJARE,1,,Gurjar Granth Ratna Karyalay,,,18,Gujarati,,891.47,,,,BHATT VINOD,Literature,18,,0,36.00,,,,,,,
HARSHE HAIYU HARKHAY,1,,Adarsh Prakashan,,,19,Gujarati,,891.47,,,,BHATT KRUSHNAPRASAD,Literature,19,,0,64.00,,,,,,,
MAN MARU SAHARANU RAN,1,,Adarsh Prakashan,,,20,Gujarati,,891.47,,,,BHATT KRUSHNAPRASAD,Literature,20,,0,48.00,,,,,,,
PREM MANDIR NI PUJARAN,1,,Adarsh Prakashan,,,21,Gujarati,,891.47,,,,BHATT KRUSHNAPRASAD,Literature,21,,0,67.00,,,,,,,
NIRJA BHARGAVA,1,,Vora & Co.,,,22,Gujarati,,891.47,,,,BHATT ASHWINI,Literature,22,,0,44.00,,,,,,,
KATHA SHRUSTI,1,,Shabdalok Prakashan,,,23,Gujarati,,891.47,,,,BRAHMBHATT PRASAD,Literature,23,,0,20.00,,,,,,,
SHAP ABHISHAP,1,,Adarsh Prakashan,,,24,Gujarati,,891.47,,,,BRAHMBHATT PRASAD,Literature,24,,0,33.00,,,,,,,
SHABDA SINDHU,1,,Shabdalok Prakashan,,,25,Gujarati,,891.47,,,,BRAHMBHATT PRASAD,Literature,25,,0,28.00,,,,,,,
GUJARAT NI SHAURYA GATHAO,1,,Adarsh Prakashan,,,26,Gujarati,,891.47,,,,BHATT KRUSHNAPRASAD,Literature,26,,0,43.00,,,,,,,
OTHAR - 2,1,,Vora & Co.,,,27,Gujarati,,891.47,,,,BHATT ASHWINI,Literature,27,,0,90.00,,,,,,,
BALJASOOSO NA PARAKRAMO,1,,Pravin Prakashan,,,28,Gujarati,,891.47,,,,BHATT MULSHANKAR,Literature,28,,0,60.00,,,,,,,
RAG VAIRAG,1,,R.R Seth ni Co.,,,29,Gujarati,,891.47,,,,BAROT SARANG,Literature,29,,0,13.00,,,,,,,
MANAV HAIYA,1,,R.R Seth ni Co.,,,30,Gujarati,,891.47,,,,BAROT SARANG,Literature,30,,0,13.00,,,,,,,
SAUNDRYA BHAVNA,1,,Kirti Printers,,,31,Gujarati,,891.47,,,,BASRAI SIRAJ,Literature,31,,0,10.00,,,,,,,
KANTI BHATT NI VARTAO,1,,Navbharat Sahitya Mandir,,,32,Gujarati,,891.47,,,,BHATT KANTI,Literature,32,,0,55.00,,,,,,,
GUJARAT NA JYOTIRDHARO,1,,Adarsh Prakashan,,,33,Gujarati,,891.47,,,,BHAVSAR MANHARPRASAD,Literature,33,,0,1.30,,,,,,,
ITIHAS MADHU,1,,Adarsh Prakashan,,,34,Gujarati,,891.47,,,,BAVISI MUGATLAL,Literature,34,,0,30.00,,,,,,,
CHUTELA NIBANDHO,1,,Gujarat Pustakalay Mandal,,,35,Gujarati,,891.47,,,,CHAVADA HARKISHANSINGH,Literature,35,,0,50.00,,,,,,,
SHIVKUMARJOSHI NI SRESHOTH VARTAO,1,,Adarsh Prakashan,,,36,Gujarati,,891.47,,,,CHAUDHARY RAGHUVIR,Literature,36,,0,31.00,,,,,,,
ANTARVAS,1,,Ranadwar Prakashan,,,37,Gujarati,,891.47,,,,CHAUDHARY RAGHUVIR,Literature,37,,0,180.00,,,,,,,
VYAKTI ANE VIBHUTI,1,,Pravin Prakashan,,,38,Gujarati,,891.47,,,,DAVE HARINDRA,Literature,38,,0,125.00,,,,,,,
KRISHNA ANE MANAVSAMBANDHO,1,,Pravin Prakashan,,,39,Gujarati,,891.47,,,,DAVE HARINDRA,Literature,39,,0,140.00,,,,,,,
KATHA RAMNI VYATHA MANAVNI,1,,Pravin Prakashan,,,40,Gujarati,,891.47,,,,DAVE HARINDRA,Literature,40,,0,110.00,,,,,,,
VERATUN SWAPNA GHUTATUN SATYA,1,,Pravin Prakashan,,,41,Gujarati,,891.47,,,,DAVE HARINDRA,Literature,41,,0,80.00,,,,,,,
NEERAV SAMVAD,1,,Pravin Prakashan,,,42,Gujarati,,891.47,,,,DAVE HARINDRA,Literature,42,,0,75.00,,,,,,,
ANAGAT,1,,Pravin Prakashan,,,43,Gujarati,,891.47,,,,DAVE HARINDRA,Literature,43,,0,38.00,,,,,,,
ISHWARNI ANKHNUN ANSUN,1,,Pravin Prakashan,,,44,Gujarati,,891.47,,,,DAVE HARINDRA,Literature,44,,0,80.00,,,,,,,
GARUDNU UDDAYAN,1,,Gurjar Granth Ratna Karyalay,,,45,Gujarati,,891.47,,,,DAVE HARSHAD,Literature,45,,0,40.00,,,,,,,
GURUDEV NA GITO,1,,Navjivan Prakashan Mandir,,,46,Gujarati,,891.47,,,,DAVE JUGATRAM,Literature,46,,0,2.75,,,,,,,
UTTAR NI YATRA,1,,Punit Prakashan Mandir,,,47,Gujarati,,891.47,,,,DAVE NARHARI,Literature,47,,0,8.00,,,,,,,
SUGANDH,1,,Pravin Pustak Bhandar,,,48,Gujarati,,891.47,,,,DAVE HARINDRA,Literature,48,,0,105.00,,,,,,,
MAIN TO CHUP CHAP CHAH RAHI,1,,Image Publication,,,49,Gujarati,,891.47,,,,DAVE MAHESH,Literature,49,,0,120.00,,,,,,,
KASTURI MRIGA APNE SAHU,1,,Navneet Publication,,,50,Gujarati,,891.47,,,,DESAI DAULATBHAI,Literature,50,,0,35.00,,,,,,,
PATRALALSA,1,,Sanskar Granthawali,,,51,Gujarati,,891.47,,,,DESAI RAMANLAL,Literature,51,,0,12.25,,,,,,,
JAYANT,1,,R.R Seth ni Co.,,,52,Gujarati,,891.47,,,,DESAI RAMANLAL,Literature,52,,0,12.25,,,,,,,
BHARELO AGNI,1,,R.R Seth ni Co.,,,53,Gujarati,,891.47,,,,DESAI RAMANLAL,Literature,53,,0,170.00,,,,,,,
PEDAL PAR PRITHVI PARIKRAMA,1,,Navbharat Sahitya Mandir,,,54,Gujarati,,891.47,,,,DESAI MAHENDRA,Literature,54,,0,36.00,,,,,,,
GADHYA RANG,1,,Gandiv Sahitya Mandir,,,55,Gujarati,,891.47,,,,DESAI VRAJRAI,Literature,55,,0,20.00,,,,,,,
MARI JIVANKATHA,1,,Navjivan Mudranalay,,,56,Gujarati,,891.47,,,,DESAI MAHADEV,Literature,56,,0,70.00,,,,,,,
JAGAT NA ITIHAS NU REKHADARSHAN,1,,Navjivan Prakashan Mandir,,,57,Gujarati,,891.47,,,,DESAI MANILAL,Literature,57,,0,70.00,,,,,,,
Steve Jovs,1,,R.R Seth ni Co.,,,57,Gujarati,,891.47,,,,Walter Isaacson,Literature,57,,0,240.00,,,,,,,
SIDHDHANT SAR,1,,Prakash Printing Press,,,58,Gujarati,,891.47,,,,DWIVEDI MANILAL,Literature,58,,0,8.00,,,,,,,
RASBINDU,1,,R.R Seth ni Co.,,,59,Gujarati,,891.47,,,,DESAI RAMANLAL,Literature,59,,0,9.75,,,,,,,
THE COUNT OF MONTE CRISTO,1,,Gurjar Granth Ratna Karyalay,,,60,Gujarati,,891.47,,,,DUMA ALEXANDER,Literature,60,,0,110.00,,,,,,,
MIN NI AANGLI E SURAJ UGYO,1,,Shabdalok Prakashan,,,61,Gujarati,,891.47,,,,DHANTEJASWI KHALIL,Literature,61,,0,60.00,,,,,,,
LILA PANDADE PANKHAR,1,,Shabdalok Prakashan,,,62,Gujarati,,891.47,,,,DHANTEJASWI KHALIL,Literature,62,,0,60.00,,,,,,,
KORI AANKH MA BHEENA SWAPNA,1,,Shabdalok Prakashan,,,63,Gujarati,,891.47,,,,DHANTEJASWI KHALIL,Literature,63,,0,40.00,,,,,,,
VANPARV,1,,Shabdalok Prakashan,,,64,Gujarati,,891.47,,,,DHANAK SATISH,Literature,64,,0,25.00,,,,,,,
SARTHI,1,,Suryaprakash Printing Press,,,65,Gujarati,,891.47,,,,DALPATRAM NANHALAL,Literature,65,,0,5.30,,,,,,,
UDBODHAN,1,,Charotar Printing Press,,,66,Gujarati,,891.47,,,,DALPATRAM NANHALAL,Literature,66,,0,2.50,,,,,,,
PRASTAVMALA,1,,Suryaprakash Printing Press,,,67,Gujarati,,891.47,,,,DALPATRAM NANHALAL,Literature,67,,0,3.00,,,,,,,
KAVISHWAR DALPATRAM Part-2,1,,Suryaprakash Printing Press,,,68,Gujarati,,891.47,,,,DALPATRAM NANHALAL,Literature,68,,0,5.00,,,,,,,
KAVISHWAR DALPATRAM Part-3,1,,Suryaprakash Printing Press,,,69,Gujarati,,891.47,,,,DALPATRAM NANHALAL,Literature,69,,0,5.00,,,,,,,
SHAHENSHAH AKBARSHAH,1,,Aditya Mudranalay,,,70,Gujarati,,891.47,,,,DALPATRAM NANHALAL,Literature,70,,0,,,,,,,,
SANGH MITRA,1,,Sharda Mudranalay,,,71,Gujarati,,891.47,,,,DALPATRAM NANHALAL,Literature,71,,0,2.00,,,,,,,
OJ ANE AGAR,1,,Suryaprakash Printing Press,,,72,Gujarati,,891.47,,,,DALPATRAM NANHALAL,Literature,72,,0,1.50,,,,,,,
AMARVEL,1,,Prembhakti Mudranalay,,,73,Gujarati,,891.47,,,,DALPATRAM NANHALAL,Literature,73,,0,2.50,,,,,,,
CHITRA DARSHNO,1,,Sharda Mudranalay,,,74,Gujarati,,891.47,,,,DALPATRAM NANHALAL,Literature,74,,0,2.00,,,,,,,
PREMKUNJ,1,,Khadayta Mudrankala Mandir,,,75,Gujarati,,891.47,,,,DALPATRAM NANHALAL,Literature,75,,0,1.25,,,,,,,
GOPIKA,1,,Suryaprakash Printing Press,,,76,Gujarati,,891.47,,,,DALPATRAM NANHALAL,Literature,76,,0,2.00,,,,,,,
SHREE HARSHDEV,1,,Prembhakti Mudranalay,,,77,Gujarati,,891.47,,,,DALPATRAM NANHALAL,Literature,77,,0,2.50,,,,,,,
AJIT ANE AJITA,1,,Prakash Printing Press,,,78,Gujarati,,891.47,,,,DALPATRAM NANHALAL,Literature,78,,0,2.00,,,,,,,
MAHERAMAN NA MOTI,1,,Suryaprakash Printing Press,,,79,Gujarati,,891.47,,,,DALPATRAM NANHALAL,Literature,79,,0,2.00,,,,,,,
SAMBODHAN,1,,Khadayta Mudrankala Mandir,,,80,Gujarati,,891.47,,,,DALPATRAM NANHALAL,Literature,80,,0,2.50,,,,,,,
KURUKSHETRA CHATURTH KAND,1,,Sarswati Printing Works,,,81,Gujarati,,891.47,,,,DALPATRAM NANHALAL,Literature,81,,0,2.00,,,,,,,
KURUKSHETRA DWADAS H KAND,1,,Khadayta Mudrankala Mandir,,,82,Gujarati,,891.47,,,,DALPATRAM NANHALAL,Literature,82,,0,2.00,,,,,,,
KURUKSHETRA PRATHAM KAND,1,,Khadayta Mudrankala Mandir,,,83,Gujarati,,891.47,,,,DALPATRAM NANHALAL,Literature,83,,0,2.00,,,,,,,
KURUKSHETRA TRUTIYA KAND,1,,Sarswati Printing Works,,,84,Gujarati,,891.47,,,,DALPATRAM NANHALAL,Literature,84,,0,2.00,,,,,,,
KURUKSHETRA Samantpanchak Mahaprasthan,1,,Sarswati Printing Works,,,85,Gujarati,,891.47,,,,DALPATRAM NANHALAL,Literature,85,,0,2.00,,,,,,,
KURUKSHETRA KAL ANE KAND,1,,Aditya Mudranalay,,,86,Gujarati,,891.47,,,,DALPATRAM NANHALAL,Literature,86,,0,2.00,,,,,,,
KURUKSHETRA ARPAN ANE PRASTVNA,1,,Sarswati Printing Works,,,87,Gujarati,,891.47,,,,DALPATRAM NANHALAL,Literature,87,,0,2.00,,,,,,,
KURUKSHETRA CHATURTH KAND,1,,Sharda Mudranalay,,,88,Gujarati,,891.47,,,,DALPATRAM NANHALAL,Literature,88,,0,2.00,,,,,,,
INDUKUMAR Ank-2,1,,Sharda Mudranalay,,,89,Gujarati,,891.47,,,,DALPATRAM NANHALAL,Literature,89,,0,2.00,,,,,,,
INDUKUMAR Ank-3,1,,Prembhakti Mudranalay,,,90,Gujarati,,891.47,,,,DALPATRAM NANHALAL,Literature,90,,0,2.50,,,,,,,
VASANTOSTAV,1,,Prembhakti Mudranalay,,,91,Gujarati,,891.47,,,,DALPATRAM NANHALAL,Literature,91,,0,1.50,,,,,,,
MANIMAHOTSAV NA SAHITYABOL,1,,Aditya Mudranalay,,,92,Gujarati,,891.47,,,,DALPATRAM NANHALAL,Literature,92,,0,2.00,,,,,,,
MANIMAHOTSAV NA SAHITYABOL Part-2,1,,The Gujarat Printing Press,,,93,Gujarati,,891.47,,,,DALPATRAM NANHALAL,Literature,93,,0,2.00,,,,,,,
KETLAK KAVYO Part-2,1,,Prembhakti Mudranalay,,,95,Gujarati,,891.47,,,,DALPATRAM NANHALAL,Literature,95,,0,1.25,,,,,,,
GEET MANJARI,1,,Prembhakti Mudranalay,,,96,Gujarati,,891.47,,,,DALPATRAM NANHALAL,Literature,96,,0,1.50,,,,,,,
GEET MANJARI,1,,Prembhakti Mudranalay,,,97,Gujarati,,891.47,,,,DALPATRAM NANHALAL,Literature,97,,0,2.50,,,,,,,
ARDH SHATABDI NA ANUBHAVBOL,1,,Aditya Mudranalay,,,98,Gujarati,,891.47,,,,DALPATRAM NANHALAL,Literature,98,,0,1.50,,,,,,,
PUNYA KANTHA,1,,Navbharat Sahitya Mandir,,,99,Gujarati,,891.47,,,,DALPATRAM NANHALAL,Literature,99,,0,1.50,,,,,,,
GURU DAKSHINA,1,,Aditya Mudranalay,,,100,Gujarati,,891.47,,,,DALPATRAM NANHALAL,Literature,100,,0,2.50,,,,,,,
MUMBAIMA NO MAHOTSAV,1,,Suryaprakash Printing Press,,,101,Gujarati,,891.47,,,,DALPATRAM NANHALAL,Literature,101,,0,1.50,,,,,,,
APNA SHAKSHAR RATNO Part - 1,1,,Gyan Mandir Mudranalay,,,102,Gujarati,,891.47,,,,DALPATRAM NANHALAL,Literature,102,,0,2.00,,,,,,,
DWARKA PRALAY,1,,Mihir Prakashan,,,103,Gujarati,,891.47,,,,DALPATRAM NANHALAL,Literature,103,,0,3.00,,,,,,,
RAJSUTRO NI KAVYATRIPUTI ANE RANGITO,1,,Gyan Mandir Mudranalay,,,104,Gujarati,,891.47,,,,DALPATRAM NANHALAL,Literature,104,,0,1.00,,,,,,,
VISHWA GEETA,1,,Arun Printory,,,105,Gujarati,,891.47,,,,DALPATRAM NANHALAL,Literature,105,,0,2.50,,,,,,,
SHREE RANKRISHNA KATHAMRUT,1,,Kitabghar Printory,,,106,Gujarati,,891.47,,,,GUPTA MAHENDRANMATH,Literature,106,,0,50.00,,,,,,,
UPDESHPRAD VARTAO,1,,Geeta Press,,,107,Gujarati,,891.47,,,,GOYANKA JAYDALAL,Literature,107,,0,50.00,,,,,,,
CHARITRAHIN,1,,Mihir Prakashan,,,108,Gujarati,,891.47,,,,GANDHI bHOGILAL,Literature,108,,0,87.00,,,,,,,
DEVDAS,1,,Mihir Prakashan,,,109,Gujarati,,891.47,,,,GANDHI bHOGILAL,Literature,109,,0,22.00,,,,,,,
PRERNADAYNIO,1,,Navbharat Sahitya Mandir,,,110,Gujarati,,891.47,,,,GANDIV,Literature,110,,0,20.00,,,,,,,
KHAMIRVANTI KATHAO,1,,Pravin Prakashan,,,111,Gujarati,,891.47,,,,GADHVI PINGLISHBHAI,Literature,111,,0,20.00,,,,,,,
JIVANBAGH NI SUVAS,1,,Punit Prakashan Mandir,,,112,Gujarati,,891.47,,,,GAJJAR PRAKASH,Literature,112,,0,10.00,,,,,,,
FERO NA JAJO FOK,1,,Adarsh Prakashan,,,113,Gujarati,,891.47,,,,GAUDANI HARILAL,Literature,113,,0,36.00,,,,,,,
AROGYA NI CHAVI Part - 1,1,,Navjivan Prakashan Mandir,,,114,Gujarati,,891.47,,,,GANDHIJI,Literature,114,,0,2.00,,,,,,,
AROGYA NI CHAVI Part-2,1,,Navjivan Prakashan Mandir,,,115,Gujarati,,891.47,,,,GANDHIJI,Literature,115,,0,2.00,,,,,,,
AROGYA NI CHAVI Part - 3,1,,Navjivan Prakashan Mandir,,,116,Gujarati,,891.47,,,,GANDHIJI,Literature,116,,0,2.00,,,,,,,
MANGAL PRABHAT,1,,Navjivan Prakashan Mandir,,,117,Gujarati,,891.47,,,,GANDHIJI,Literature,117,,0,2.00,,,,,,,
MANGAL PRABHAT,1,,Navjivan Prakashan Mandir,,,118,Gujarati,,891.47,,,,GANDHIJI,Literature,118,,0,2.00,,,,,,,
NITINASH NE MARGE,1,,Navjivan Prakashan Mandir,,,119,Gujarati,,891.47,,,,GANDHIJI,Literature,119,,0,2.00,,,,,,,
RACHNATMAK KARYAKRAM,1,,Navjivan Prakashan Mandir,,,120,Gujarati,,891.47,,,,GANDHIJI,Literature,120,,0,2.00,,,,,,,
SHAYAD AKASH CHUP CHE,1,,Adarsh Prakashan,,,121,Gujarati,,891.47,,,,ISMAILI NASIR,Literature,121,,0,38.50,,,,,,,
TARSHAKTI NI GAMMAT MANIYE,1,,Bhagvati Mudranalay,,,122,Gujarati,,891.47,,,,HORA ANAKSHI,Literature,122,,0,17.00,,,,,,,
KHUDIRAM BOZ,1,,Pravin Prakashan,,,123,Gujarati,,891.47,,,,JANI SHANTILAL,Literature,123,,0,16.00,,,,,,,
GURU DAKSHINA,1,,Pravin Prakashan,,,124,Gujarati,,891.47,,,,JANI SHANTILAL,Literature,124,,0,22.75,,,,,,,
RASHTRIYA BHAVNA NI JAGRUTI,1,,Pravin Prakashan,,,125,Gujarati,,891.47,,,,JANI SHANTILAL,Literature,125,,0,20.00,,,,,,,
AMAR SAHID BHAGATSINH,1,,Pravin Pustak Bhandar,,,126,Gujarati,,891.47,,,,JANI SHANTILAL,Literature,126,,0,18.00,,,,,,,
PRITHVIRAJ CHAUHAN,1,,Pravin Pustak Bhandar,,,127,Gujarati,,891.47,,,,JANI SHANTILAL,Literature,127,,0,24.00,,,,,,,
SUBHASHCHANDRA BOZ,1,,Pravin Pustak Bhandar,,,128,Gujarati,,891.47,,,,JANI SHANTILAL,Literature,128,,0,18.00,,,,,,,
NIRMLA,1,,Pravin Pustak Bhandar,,,129,Gujarati,,891.47,,,,JANI SHANTILAL,Literature,129,,0,27.00,,,,,,,
SHAKUNTAL,1,,Vora & Co.,,,130,Gujarati,,891.47,,,,JANI RAMESH,Literature,130,,0,4.00,,,,,,,
JYOTISH JANI NI SHRESTH VARTAO,1,,Adarsh Prakashan,,,131,Gujarati,,891.47,,,,JANI JYOTISH,Literature,131,,0,23.00,,,,,,,
MEGHANI NI CHHABI,1,,Image Publication,,,132,Gujarati,,891.47,,,,JANI KNUBHAI,Literature,132,,0,50.00,,,,,,,
BILESHWAR,1,,Suraj Prakashan,,,133,Gujarati,,891.47,,,,JOSHI GOVERDHANESH,Literature,133,,0,9.00,,,,,,,
BHAUTIK VIGYAN NA VALMIKIO,1,,Gurjar Granth Ratna Karyalay,,,134,Gujarati,,891.47,,,,JOSHI USHA,Literature,134,,0,54.00,,,,,,,
NAV NAV RUPE,1,,Adarsh Prakashan,,,135,Gujarati,,891.47,,,,JOSHI SHIVKUMAR,Literature,135,,0,31.50,,,,,,,
RANG BHEENA CHAHERA,1,,Adarsh Prakashan,,,136,Gujarati,,891.47,,,,JOSHI SHIVKUMAR,Literature,136,,0,33.00,,,,,,,
PRAKASH NO PADCHHAYO,1,,Navbharat Sahitya Mandir,,,137,Gujarati,,891.47,,,,JOSHI DINKAR,Literature,137,,0,156.00,,,,,,,
TARA CHARNO MA HU PHOOL,1,,Shabdalok Prakashan,,,138,Gujarati,,891.47,,,,JOSHI KANIYALAL,Literature,138,,0,45.00,,,,,,,
HU PHOOL NATHI FORAM CHU,1,,Shabdalok Prakashan,,,139,Gujarati,,891.47,,,,JOSHI KANIYALAL,Literature,139,,0,55.00,,,,,,,
ROSHNI RUPNI RANG RUDIYA NA,1,,Shabdalok Prakashan,,,140,Gujarati,,891.47,,,,JOSHI KANIYALAL,Literature,140,,0,36.00,,,,,,,
JINDGI VERVIKHER,1,,Shabdalok Prakashan,,,141,Gujarati,,891.47,,,,JOSHI KANIYALAL,Literature,141,,0,45.00,,,,,,,
TU MANZIL HU RAHI,1,,Shabdalok Prakashan,,,142,Gujarati,,891.47,,,,JOSHI KANIYALAL,Literature,142,,0,45.00,,,,,,,
ULZAN,1,,Shabdalok Prakashan,,,143,Gujarati,,891.47,,,,JOSHI KANIYALAL,Literature,143,,0,90.00,,,,,,,
RAG MILAN NA CHHEDYA,1,,Shabdalok Prakashan,,,144,Gujarati,,891.47,,,,JOSHI KANIYALAL,Literature,144,,0,25.00,,,,,,,
HU TARA SANGU TU MARA SANGE,1,,Shabdalok Prakashan,,,145,Gujarati,,891.47,,,,JOSHI KANIYALAL,Literature,145,,0,50.00,,,,,,,
AKASH EK RANG ANEK,1,,Shabdalok Prakashan,,,146,Gujarati,,891.47,,,,JOSHI KANIYALAL,Literature,146,,0,35.00,,,,,,,
ANTRE AMIRAS GHUNTYO,1,,Shabdalok Prakashan,,,147,Gujarati,,891.47,,,,JOSHI KANIYALAL,Literature,147,,0,35.00,,,,,,,
MAHARAJADHIRAJ PRABHAKARVARDHAN,1,,Shabdalok Prakashan,,,148,Gujarati,,891.47,,,,JOSHI KANIYALAL,Literature,148,,0,10.00,,,,,,,
RAJKUMARI RAJYASHREE,1,,Shabdalok Prakashan,,,149,Gujarati,,891.47,,,,JOSHI KANIYALAL,Literature,149,,0,17.00,,,,,,,
MAHADEVI ISHITA,1,,Shabdalok Prakashan,,,150,Gujarati,,891.47,,,,JOSHI KANIYALAL,Literature,150,,0,15.00,,,,,,,
YASHNANDINI,1,,Shabdalok Prakashan,,,151,Gujarati,,891.47,,,,JOSHI GOVERDHANESH,Literature,151,,0,17.00,,,,,,,
RAJPOHIT VISHODHAN,1,,Shabdalok Prakashan,,,152,Gujarati,,891.47,,,,JOSHI KANIYALAL,Literature,152,,0,13.00,,,,,,,
YUGA PRAVARTAK PAYGAMBER,1,,Kitabghar Printory,,,153,Gujarati,,891.47,,,,JITATMANAND SWAMI,Literature,153,,0,40.00,,,,,,,
VERAYELA PHOOL,1,,Adarsh Prakashan,,,154,Gujarati,,891.47,,,,JIBRAN KHALIL,Literature,154,,0,20.00,,,,,,,
AGRADOOT,1,,Adarsh Prakashan,,,155,Gujarati,,891.47,,,,JIBRAN KHALIL,Literature,155,,0,11.00,,,,,,,
PAGAL,1,,Adarsh Prakashan,,,156,Gujarati,,891.47,,,,JIBRAN KHALIL,Literature,156,,0,20.00,,,,,,,
BHITAR,1,,Malhar Offset,,,157,Gujarati,,891.47,,,,JOSHI JAYANT,Literature,157,,0,20.00,,,,,,,
BHITAR,1,,Malhar Offset,,,158,Gujarati,,891.47,,,,JOSHI JAYANT,Literature,158,,0,100.00,,,,,,,
RAKHADTA rAM,1,,Adarsh Prakashan,,,159,Gujarati,,891.47,,,,JIBRAN KHALIL,Literature,159,,0,100.00,,,,,,,
OUTSIDER,1,,Adarsh Prakashan,,,160,Gujarati,,891.47,,,,KAMU AALBER,Literature,160,,0,15.00,,,,,,,
VICHAR DARSHAN,1,,Navjivan Prakashan Mandir,,,161,Gujarati,,891.47,,,,KEDARNATH,Literature,161,,0,1.50,,,,,,,
JIVTA TAHEVARO,1,,Navjivan Prakashan Mandir,,,162,Gujarati,,891.47,,,,KALELKAR KAKASAHEB,Literature,162,,0,5.00,,,,,,,
BHAJNAVALI,1,,Navjivan Prakashan Mandir,,,163,Gujarati,,891.47,,,,KALELKAR KAKASAHEB,Literature,163,,0,5.00,,,,,,,
JIVAN SHIKSHAN,1,,Navjivan Prakashan Mandir,,,164,Gujarati,,891.47,,,,KALELKAR KAKASAHEB,Literature,164,,0,0.75,,,,,,,
JIVAN SHIKSHAN,1,,Navjivan Prakashan Mandir,,,165,Gujarati,,891.47,,,,KALELKAR KAKASAHEB,Literature,165,,0,0.75,,,,,,,
ANKHE ANSU HOTHE SMIT,1,,Navbharat Sahitya Mandir,,,166,Gujarati,,891.47,,,,KAJI  JAYAVATI,Literature,166,,0,100.00,,,,,,,
JIVAN EK KHEL,1,,Kusum Prakashan,,,167,Gujarati,,891.47,,,,KAPADIYA KUNDNIKA,Literature,167,,0,12.00,,,,,,,
PARODH THATA PAHELA,1,,Navbharat Sahitya Mandir,,,168,Gujarati,,891.47,,,,KAPADIYA KUNDNIKA,Literature,168,,0,90.00,,,,,,,
KRONCHVADH,1,,R.R Seth ni Co.,,,169,Gujarati,,891.47,,,,KHANDEKER V S,Literature,169,,0,12.75,,,,,,,
ANTAR NI OLAKH,1,,R.R Seth ni Co.,,,170,Gujarati,,891.47,,,,KHANDEKER V S,Literature,170,,0,19.00,,,,,,,
SULBHA,1,,R.R Seth ni Co.,,,171,Gujarati,,891.47,,,,KHANDEKER V S,Literature,171,,0,43.00,,,,,,,
VARA FERA,1,,R.R Seth ni Co.,,,172,Gujarati,,891.47,,,,KHANDEKER V S,Literature,172,,0,9.50,,,,,,,
DON DHRUV,1,,R.R Seth ni Co.,,,173,Gujarati,,891.47,,,,KHANDEKER V S,Literature,173,,0,17.00,,,,,,,
SANDHYADIP,1,,R.R Seth ni Co.,,,174,Gujarati,,891.47,,,,KHANDEKER V S,Literature,174,,0,25.00,,,,,,,
SWAPNASETU,1,,Pradip Prakashan,,,175,Gujarati,,891.47,,,,KHOKHAWALA A S,Literature,175,,0,12.00,,,,,,,
SWAPNASETU,1,,Pradip Prakashan,,,176,Gujarati,,891.47,,,,KHOKHAWALA A S,Literature,176,,0,12.00,,,,,,,
MANGAL NA GRAHMA,1,,Shabdalok Prakashan,,,177,Gujarati,,891.47,,,,MADRASI NAVNEET,Literature,177,,0,60.00,,,,,,,
KELVNI VIVAK,1,,Navjivan Prakashan Mandir,,,178,Gujarati,,891.47,,,,MASHRUWALA KISHORLAL,Literature,178,,0,2.50,,,,,,,
JIVAN SHODHAN,1,,Navjivan Prakashan Mandir,,,179,Gujarati,,891.47,,,,MASHRUWALA KISHORLAL,Literature,179,,0,6.50,,,,,,,
RANGDA,1,,Navbharat Sahitya Mandir,,,180,Gujarati,,891.47,,,,MADIA CHUNILAL,Literature,180,,0,37.50,,,,,,,
ROOP-AROOP,1,,Navbharat Sahitya Mandir,,,181,Gujarati,,891.47,,,,MADIA CHUNILAL,Literature,181,,0,47.00,,,,,,,
TEJ ANE TIMIR,1,,Navbharat Sahitya Mandir,,,182,Gujarati,,891.47,,,,MADIA CHUNILAL,Literature,182,,0,67.00,,,,,,,
KAVYA VISHESH,1,,Image Publication,,,183,Gujarati,,891.47,,,,MEGHANI ZAVERCHAND,Literature,183,,0,60.00,,,,,,,
ZER TO PIDHA JANI JANI,1,,Sanskar Granthawali,,,184,Gujarati,,891.47,,,,MEGHANI ZAVERCHAND,Literature,184,,0,60.00,,,,,,,
MANDAKINI,1,,Adarsh Prakashan,,,185,Gujarati,,891.47,,,,MEHTA CHANDRAVADAN,Literature,185,,0,54.00,,,,,,,
CHANDRAVADAN MEHTA NA KAVYO,1,,Adarsh Prakashan,,,186,Gujarati,,891.47,,,,MEHTA CHANDRAVADAN,Literature,186,,0,20.00,,,,,,,
MOTANA NAN,1,,Arun Printory,,,187,Gujarati,,891.47,,,,MEHTA KALYANJI,Literature,187,,0,5.00,,,,,,,
MALELE JIV,1,,Pravin Prakashan,,,188,Gujarati,,891.47,,,,MEHTA HARKISHAN,Literature,188,,0,190.00,,,,,,,
EK AJANI CHOKRI,1,,Shabdalok Prakashan,,,189,Gujarati,,891.47,,,,MEHTA RASIK,Literature,189,,0,47.50,,,,,,,
SES PHOOL,1,,Pravin Prakashan,,,190,Gujarati,,891.47,,,,MEHTA RASIK,Literature,190,,0,45.00,,,,,,,
BHAVINI TALVAR-I,1,,Pravin Prakashan,,,191,Gujarati,,891.47,,,,MEHTA RASIK,Literature,191,,0,135.00,,,,,,,
BHAVANI TALVAR-II,1,,Pravin Prakashan,,,192,Gujarati,,891.47,,,,MEHTA RASIK,Literature,192,,0,200.00,,,,,,,
SHASHI ANE SHYAM,1,,Shabdalok Prakashan,,,193,Gujarati,,891.47,,,,MEHTA RASIK,Literature,193,,0,48.00,,,,,,,
SAMAR SHUMA,1,,Shabdalok Prakashan,,,194,Gujarati,,891.47,,,,MEHTA RASIK,Literature,194,,0,47.50,,,,,,,
MRUGJAL BHINI PAPNO,1,,Shabdalok Prakashan,,,195,Gujarati,,891.47,,,,MEHTA RASIK,Literature,195,,0,40.00,,,,,,,
samar sushma,1,,Shabdalok Prakashan,,,196,Gujarati,,891.47,,,,MEHTA RASIK,Literature,196,,0,36.00,,,,,,,
JAD CHETAN,1,,Pravin Prakashan,,,197,Gujarati,,891.47,,,,MEHTA HARKISHAN,Literature,197,,0,95.00,,,,,,,
JAD CHETAN - 2,1,,Pravin Prakashan,,,198,Gujarati,,891.47,,,,MEHTA HARKISHAN,Literature,198,,0,85.00,,,,,,,
GHUMARI,1,,Gurjar Granth Ratna Karyalay,,,199,Gujarati,,891.47,,,,Mankad Mohammd,Literature,199,,0,42.00,,,,,,,
SAFALTA,1,,Gurjar Granth Ratna Karyalay,,,200,Gujarati,,891.47,,,,Mankad Mohammd,Literature,200,,0,150.00,,,,,,,
MARO PRAVAS,1,,Kalpesh Kitab Kendra,,,201,Gujarati,,891.47,,,,MERAI SHANTILAL,Literature,201,,0,8.00,,,,,,,
TAMEJ TAMARA GHADVAIYA,1,,Royal Book Co.,,,202,Gujarati,,891.47,,,,MARDAN SWET,Literature,202,,0,60.00,,,,,,,
MAHASHEWTA,1,,R.R Seth ni Co.,,,203,Gujarati,,891.47,,,,MURTI SUDHA,Literature,203,,0,100.00,,,,,,,
MAHASHWETA,1,,R.R Seth ni Co.,,,204,Gujarati,,891.47,,,,MURTI SUDHA,Literature,204,,0,100.00,,,,,,,
TAMEJ TAMARU AJWALU,1,,R.R Seth ni Co.,,,205,Gujarati,,891.47,,,,MURTI SUDHA,Literature,205,,0,75.00,,,,,,,
P.D.U,1,,Gujarat Vyayam Pracharak Mandal,,,206,Gujarati,,891.47,,,,MODI DUSHAYANTBHAI,Literature,206,,0,3.00,,,,,,,
SANGHARSH MA GUJARAT,1,,Sadhna Pustak Prakashan,,,207,Gujarati,,891.47,,,,MODI NARENDRA,Literature,207,,0,12.00,,,,,,,
TARI ANKHO SUNDAR CHE,1,,R.R Seth ni Co.,,,208,Gujarati,,891.47,,,,MODI NAVIN,Literature,208,,0,16.00,,,,,,,
NAVLIKAO,1,,Gurjar Prakashan,,,209,Gujarati,,891.47,,,,MUNSHI KANIYALAL,Literature,209,,0,110.00,,,,,,,
VER NI VASULAT,1,,Gurjar Granth Ratna Karyalay,,,210,Gujarati,,891.47,,,,MUNSHI KANIYALAL,Literature,210,,0,24.00,,,,,,,
BHAGWAN PARSHURAM,1,,Gurjar Prakashan,,,211,Gujarati,,891.47,,,,MUNSHI KANIYALAL,Literature,211,,0,160.00,,,,,,,
KAIFI AZAMI NA KETLAK KAVYO,1,,Image Publication,,,212,Gujarati,,891.47,,,,MANIYAR RAISH,Literature,212,,0,80.00,,,,,,,
ARDHI SADI NI VAACHAN YATRA 3,1,,Lok Milap Trust,,,213,Gujarati,,891.47,,,,MEGHANI MAHENDRA,Literature,213,,0,75.00,,,,,,,
ARDHI SADI NI VAACHANYATRA,1,,Lok Milap Trust,,,214,Gujarati,,891.47,,,,MEGHANI MAHENDRA,Literature,214,,0,75.00,,,,,,,
VOT AND WHY GRANTHAVALI 2,1,,Sahitya Sangam,,,215,Gujarati,,891.47,,,,NAIK JANAK,Literature,215,,0,30.00,,,,,,,
VOT AND WHY GRANTHAWALI 5,1,,Sahitya Sangam,,,216,Gujarati,,891.47,,,,NAIK JANAK,Literature,216,,0,30.00,,,,,,,
VOT AND WHY GRANTHAWALI -6,1,,Sahitya Sangam,,,217,Gujarati,,891.47,,,,NAIK JANAK,Literature,217,,0,30.00,,,,,,,
JIVVU SAHELU CHE,1,,Sahitya Sangam,,,218,Gujarati,,891.47,,,,NAIK JANAK,Literature,218,,0,80.00,,,,,,,
SAMBANDHO NU AAYOJAN,1,,Sahitya Sangam,,,219,Gujarati,,891.47,,,,NAIK JANAK,Literature,219,,0,120.00,,,,,,,
LAGNI NA GHAR MA AAPNE,1,,Sahitya Sangam,,,220,Gujarati,,891.47,,,,NAIK NANUBHAI,Literature,220,,0,40.00,,,,,,,
MANGAL AMANGAL,1,,Adarsh Prakashan,,,221,Gujarati,,891.47,,,,NAIK KAILASH,Literature,221,,0,45.00,,,,,,,
DARIYO DHALYO MARI PAPNE,1,,Adarsh Prakashan,,,222,Gujarati,,891.47,,,,NAIK KAILASH,Literature,222,,0,40.00,,,,,,,
MAN MALYA NI VELA,1,,Adarsh Prakashan,,,223,Gujarati,,891.47,,,,NAIK KAILASH,Literature,223,,0,40.00,,,,,,,
DARIYA DHALYO MARI PAPNE,1,,Adarsh Prakashan,,,224,Gujarati,,891.47,,,,NAIK KAILASH,Literature,224,,0,40.00,,,,,,,
MRIGJAL TO DUR DUR NA,1,,Adarsh Prakashan,,,230,Gujarati,,891.47,,,,OZA MAFAT,Literature,230,,0,40.00,,,,,,,
SAHER JNI VACHCHE LOHI NI NADI,1,,Adarsh Prakashan,,,231,Gujarati,,891.47,,,,OZA MAFAT,Literature,231,,0,31.50,,,,,,,
SONERI SAPNA NI RAKH,1,,Adarsh Prakashan,,,232,Gujarati,,891.47,,,,OZA MAFAT,Literature,232,,0,40.00,,,,,,,
TADAKA MA OGALATO SURYA,1,,Adarsh Prakashan,,,233,Gujarati,,891.47,,,,OZA MAFAT,Literature,233,,0,40.00,,,,,,,
SURAJ BUBE MRIGJAL MA,1,,Adarsh Prakashan,,,234,Gujarati,,891.47,,,,OZA MAFAT,Literature,234,,0,40.00,,,,,,,
MOHANLAL PATEL NI SHRESTH VARTAO,1,,Adarsh Prakashan,,,235,Gujarati,,891.47,,,,PATEL MOHANLAL,Literature,235,,0,30.00,,,,,,,
MOPASANNI SHRESTH VARTAO,1,,Shree Arvind Society,,,236,Gujarati,,891.47,,,,PATEL MOHANLAL,Literature,236,,0,35.00,,,,,,,
RAN MACHHAYI SHYAM GHATA,1,,Adarsh Prakashan,,,237,Gujarati,,891.47,,,,PATEL MOHANLAL,Literature,237,,0,30.00,,,,,,,
ANDHARI RAT NA OLA,1,,Adarsh Prakashan,,,238,Gujarati,,891.47,,,,PATEL MOHANLAL,Literature,238,,0,36.00,,,,,,,
PADADA JARI KINKHAB NA,1,,Adarsh Prakashan,,,239,Gujarati,,891.47,,,,PATEL MOHANLAL,Literature,239,,0,65.00,,,,,,,
PARTH NE KAHO CHADAVE BAN,1,,Sadhan Prakashan,,,240,Gujarati,,891.47,,,,PATEL PANNALAL,Literature,240,,0,41.00,,,,,,,
CHIRANTAN JYOT PART-I,1,,Harirar Pustakalay,,,241,Gujarati,,891.47,,,,PATEL PANNALAL,Literature,241,,0,9.00,,,,,,,
NAVAL SHRUNGARIKA,1,,Ashok Printory,,,242,Gujarati,,891.47,,,,PATEL SHANTABEN,Literature,242,,0,10.00,,,,,,,
VALAMNA,1,,R.R Seth ni Co.,,,243,Gujarati,,891.47,,,,PETLIKAR ISHWAR,Literature,243,,0,10.00,,,,,,,
MADHLAL,1,,R.R Seth ni Co.,,,244,Gujarati,,891.47,,,,PETLIKAR ISHWAR,Literature,244,,0,10.00,,,,,,,
VICHAR VIRMASH,1,,Shree Arvind Society,,,245,Gujarati,,891.47,,,,PATHAK RAMANLAL,Literature,245,,0,24.00,,,,,,,
AKSMAT NA AAKRO,1,,Shabdalok Prakashan,,,246,Gujarati,,891.47,,,,PATHAK RAMANLAL,Literature,246,,0,36.00,,,,,,,
HASYARAMNA,1,,Shabdalok Prakashan,,,247,Gujarati,,891.47,,,,PATHAK RAMANLAL,Literature,247,,0,37.00,,,,,,,
BHAVSAGAR,1,,Navbharat Sahitya Mandir,,,248,Gujarati,,891.47,,,,PETLIKAR ISHWAR,Literature,248,,0,58.00,,,,,,,
GEETA DARSHAN,1,,R.R Seth ni Co.,,,249,Gujarati,,891.47,,,,PETLIKAR ISHWAR,Literature,249,,0,3.25,,,,,,,
MIN PIYASI,1,,R.R Seth ni Co.,,,250,Gujarati,,891.47,,,,PETLIKAR ISHWAR,Literature,250,,0,10.75,,,,,,,
SHEET PANKHI NU SAMRAJYA,1,,Adarsh Prakashan,,,251,Gujarati,,891.47,,,,PANDYA HASYADA,Literature,251,,0,27.00,,,,,,,
UJLA PADCHAYA KALI BHOY,1,,Lok Milap Trust,,,252,Gujarati,,891.47,,,,PAREKH NAGINDAS,Literature,252,,0,30.00,,,,,,,
SHRESTH HASYARACHANAO,1,,Adarsh Prakashan,,,253,Gujarati,,891.47,,,,PATEL MOHANLAL,Literature,253,,0,45.00,,,,,,,
CARTANCALL,1,,Shabdalok Prakashan,,,254,Gujarati,,891.47,,,,PATHAK SAROJ,Literature,254,,0,31.00,,,,,,,
ONCESMOR,1,,Shree Arvind Society,,,255,Gujarati,,891.47,,,,PATHAK SAROJ,Literature,255,,0,57.00,,,,,,,
OOPNAYAK,1,,Shabdalok Prakashan,,,256,Gujarati,,891.47,,,,PATHAK SAROJ,Literature,256,,0,35.00,,,,,,,
HUKAM NO EKKO,1,,Shabdalok Prakashan,,,257,Gujarati,,891.47,,,,PATHAK SAROJ,Literature,257,,0,37.50,,,,,,,
HU JIVU CHU,1,,Shabdalok Prakashan,,,258,Gujarati,,891.47,,,,PATHAK SAROJ,Literature,258,,0,48.00,,,,,,,
TIME BOMB,1,,Shabdalok Prakashan,,,259,Gujarati,,891.47,,,,PATHAK SAROJ,Literature,259,,0,37.50,,,,,,,
LIKHITANG,1,,Shabdalok Prakashan,,,260,Gujarati,,891.47,,,,PATHAK SAROJ,Literature,260,,0,36.00,,,,,,,
AHALYA THI ELIZABETH,1,,Shabdalok Prakashan,,,261,Gujarati,,891.47,,,,PATHAK SAROJ,Literature,261,,0,38.00,,,,,,,
SADABAHAR VARTAO,1,,R.R Seth ni Co.,,,262,Gujarati,,891.47,,,,PANDYA VITHTHAL,Literature,262,,0,25.00,,,,,,,
SHYAMJI KRUSHNA VARMA,1,,Sarfaroshi Pustak Shreni,,,263,Gujarati,,891.47,,,,PANDYA VISHNU,Literature,263,,0,20.00,,,,,,,
CHANDRASHEKHAR  AZAD,1,,Sarfaroshi Pustak Shreni,,,264,Gujarati,,891.47,,,,PANDYA NALIN,Literature,264,,0,20.00,,,,,,,
MANGLYANA MOTI,1,,Punit Prakashan Mandir,,,265,Gujarati,,891.47,,,,PUNIT,Literature,265,,0,25.00,,,,,,,
KAVYA PUSH,1,,Adarsh Prakashan,,,266,Gujarati,,891.47,,,,PARMAR NATVARSINH,Literature,266,,0,33.00,,,,,,,
JAP,1,,Shree Arvind Society,,,267,Gujarati,,891.47,,,,PANDIT M. P,Literature,267,,0,2.00,,,,,,,
HASYOTSAV,1,,Adarsh Prakashan,,,268,Gujarati,,891.47,,,,PANDIT KRISHNA,Literature,268,,0,32.00,,,,,,,
BIRBAL TARI BALIHARI,1,,Sarswat Pustakalay Prakashan,,,269,Gujarati,,891.47,,,,PRASSNAKANTI,Literature,269,,0,10.00,,,,,,,
MAJANA MURAKHLAL,1,,Sarswat Pustakalay Prakashan,,,270,Gujarati,,891.47,,,,PRASSNAKANTI,Literature,270,,0,10.00,,,,,,,
JADUI VITI,1,,Sarswat Pustakalay Prakashan,,,271,Gujarati,,891.47,,,,PRASSNAKANTI,Literature,271,,0,10.00,,,,,,,
RASHTRIYA GEETO ANE TENA KAVIO,1,,Sarswat Pustakalay Prakashan,,,272,Gujarati,,891.47,,,,PRASSNAKANTI,Literature,272,,0,10.00,,,,,,,
ZER TO PIDHA CHE JANI JANI-2,1,,R.R Seth ni Co.,,,273,Gujarati,,891.47,,,,PANCHOLI MANUBHAI,Literature,273,,0,38.00,,,,,,,
ZER TO PIDHA CHE JANI JANI-3,1,,R.R Seth ni Co.,,,274,Gujarati,,891.47,,,,PANCHOLI MANUBHAI,Literature,274,,0,38.00,,,,,,,
SAVITRI SARSAHITA,1,,Shree Arvind Society,,,275,Gujarati,,891.47,,,,POOJALAL,Literature,275,,0,15.00,,,,,,,
HASYALEHRI,1,,Adarsh Prakashan,,,276,Gujarati,,891.47,,,,RATILAL,Literature,276,,0,40.00,,,,,,,
YATRA RAN THI JAL SUDHI NI,1,,Ratnayatri Trust,,,277,Gujarati,,891.47,,,,RATNASURIJI,Literature,277,,0,20.00,,,,,,,
KALYANKARI PRAVCHANO,1,,Geeta Press,,,278,Gujarati,,891.47,,,,RAMSUKHDAS,Literature,278,,0,20.00,,,,,,,
KALYANKARI PRAVCHANO,1,,Geeta Press,,,279,Gujarati,,891.47,,,,RAMSUKHDAS,Literature,279,,0,7.00,,,,,,,
SARDAR VALLABHBHAI PATEL,1,,Pravin Pustak Bhandar,,,280,Gujarati,,891.47,,,,RAVAL HASMUKH,Literature,280,,0,37.75,,,,,,,
NANASAHEB PESHWA,1,,Pravin Pustak Bhandar,,,281,Gujarati,,891.47,,,,RAVAL HASMUKH,Literature,281,,0,34.00,,,,,,,
SUKHDEV,1,,Pravin Pustak Bhandar,,,282,Gujarati,,891.47,,,,RAVAL HASMUKH,Literature,282,,0,26.25,,,,,,,
RANILAXMI BAI,1,,Pravin Prakashan,,,283,Gujarati,,891.47,,,,RAVAL HASMUKH,Literature,283,,0,20.00,,,,,,,
CHANDRASHEKHAR AZAD,1,,Pravin Pustak Bhandar,,,284,Gujarati,,891.47,,,,RAVAL HASMUKH,Literature,284,,0,26.00,,,,,,,
ANOKHI SHIKAR KATHAO,1,,Pravin Prakashan,,,285,Gujarati,,891.47,,,,RAMANUJ KANIYALAL,Literature,285,,0,28.00,,,,,,,
SORATHI VIRANGNANI VATO,1,,Pravin Prakashan,,,286,Gujarati,,891.47,,,,RAICHURA GOKULDAS,Literature,286,,0,33.00,,,,,,,
LAKH RUPIYA NI VAAT,1,,Image Publication,,,287,Gujarati,,891.47,,,,RATHOD SAHBUDDIN,Literature,287,,0,80.00,,,,,,,
MAHAN HRIDYO NA SAREGAMAPADHA NI,1,,Matri Bhumi,,,288,Gujarati,,891.47,,,,SHAH SANJIV,Literature,288,,0,150.00,,,,,,,
CHINTNIKA,1,,Kusum Prakashan,,,289,Gujarati,,891.47,,,,SHAH PREETI,Literature,289,,0,60.00,,,,,,,
DHANI NE DHAK MA RAKHO,1,,Shabdalok Prakashan,,,290,Gujarati,,891.47,,,,SHAH CHITRASEN,Literature,290,,0,35.00,,,,,,,
SAMBHAVAMI KHSANE KSHANE,1,,R.R Seth ni Co.,,,291,Gujarati,,891.47,,,,SHAH GUNVANT,Literature,291,,0,310.00,,,,,,,
ASTITVANO UTSAV,1,,R.R Seth ni Co.,,,292,Gujarati,,891.47,,,,SHAH GUNVANT,Literature,292,,0,260.00,,,,,,,
SAVDHAN! EKVISMI SADI AAVI RAHI CHE,1,,R.R Seth ni Co.,,,293,Gujarati,,891.47,,,,SHAH GUNVANT,Literature,293,,0,11.00,,,,,,,
VAGADA NE TARAS TAHUKA NI,1,,R.R Seth ni Co.,,,294,Gujarati,,891.47,,,,SHAH GUNVANT,Literature,294,,0,16.00,,,,,,,
VICHARO NA VRINDAVAN MA,1,,R.R Seth ni Co.,,,295,Gujarati,,891.47,,,,SHAH GUNVANT,Literature,295,,0,20.00,,,,,,,
FEX,1,,R.R Seth ni Co.,,,296,Gujarati,,891.47,,,,SHAH GUNVANT,Literature,296,,0,35.00,,,,,,,
KAP NI KALAME,1,,Gandiv Sahitya Mandir,,,297,Gujarati,,891.47,,,,SHAH CHUNILAL,Literature,297,,0,6.50,,,,,,,
JIGAR ANE AMI,1,,XYZ,,,298,Gujarati,,891.47,,,,SHAH CHUNILAL,Literature,298,,0,35.00,,,,,,,
JIGAR ANE AMI,1,,XYZ,,,299,Gujarati,,891.47,,,,SHAH CHUNILAL,Literature,299,,0,35.00,,,,,,,
AAYNA MA EK BIMB OCCHU,1,,Harirar Pustakalay,,,300,Gujarati,,891.47,,,,SHAH PARIMAL,Literature,300,,0,50.00,,,,,,,
CHAMATKARO AAJE PAN BANE CHE,1,,Sharda Mudranalay,,,301,Gujarati,,891.47,,,,SONI RAMANLAL,Literature,301,,0,150.00,,,,,,,
VIRAJ VAHU,1,,Mihir Prakashan,,,302,Gujarati,,891.47,,,,SONI RAMANLAL,Literature,302,,0,32.00,,,,,,,
SHRIKANT Part 1 - 2,1,,Mihir Prakashan,,,303,Gujarati,,891.47,,,,SONI RAMANLAL,Literature,303,,0,61.25,,,,,,,
ASIAKHAND NI LOKKATHAO,1,,Shabdalok Prakashan,,,304,Gujarati,,891.47,,,,SUNDARAM SHIVAM,Literature,304,,0,48.00,,,,,,,
VANSH VRUKSH,1,,Adarsh Prakashan,,,305,Gujarati,,891.47,,,,SUNDARAM R. S,Literature,305,,0,40.00,,,,,,,
SCORPIAN,1,,Rupali Publication,,,306,Gujarati,,891.47,,,,SHARMA GAUTAM,Literature,306,,0,33.50,,,,,,,
VIJAYSHASTRI NI SHRSTH VARTAO,1,,Adarsh Prakashan,,,307,Gujarati,,891.47,,,,SHASTRI VIJAY,Literature,307,,0,24.00,,,,,,,
AJAMPA NA DANKH,1,,Pragati Prakashan,,,308,Gujarati,,891.47,,,,SHYAMAL,Literature,308,,0,45.00,,,,,,,
AANTNO CHEKHOV,1,,Pragati Prakashan,,,309,Gujarati,,891.47,,,,SAVANI ATUL,Literature,309,,0,30.00,,,,,,,
RASHTRA NA SALAGTA PRASHNO,1,,Gurjar Prakashan,,,310,Gujarati,,891.47,,,,SACHCHIDANAND SWAMI,Literature,310,,0,50.00,,,,,,,
BHARTIYA YUDHDHO NO ITIHAS,1,,Gurjar Prakashan,,,311,Gujarati,,891.47,,,,SACHCHIDANAND SWAMI,Literature,311,,0,60.00,,,,,,,
MARA ANUBHAVO,1,,Gurjar Prakashan,,,312,Gujarati,,891.47,,,,SACHCHIDANAND SWAMI,Literature,312,,0,100.00,,,,,,,
AARSH VIDYA,1,,Pavitra Graphics,,,313,Gujarati,,891.47,,,,SARSWATI  DAYANAND,Literature,313,,0,10.00,,,,,,,
BHAGVAT GEETA GYAN ANE KARMA,1,,Shah Printers,,,314,Gujarati,,891.47,,,,SARSWATI  DAYANAND,Literature,314,,0,10.00,,,,,,,
SWAMI DAYANAND NA SUKTI RATNO,1,,Pravin Prakashan,,,315,Gujarati,,891.47,,,,SARSWATI  DAYANAND,Literature,315,,0,25.00,,,,,,,
BHARAT NO SHIKSHK ANE SANSKRUTIK KELVNI,1,,Dayaram Sanskruti Chintan Trust,,,316,Gujarati,,891.47,,,,SARSWATI  DAYANAND,Literature,316,,0,20.00,,,,,,,
BHAGVAN DAKSHINA MURTI ANE PRARTHANA NU AAYOJAN,1,,Pavitra Graphics,,,317,Gujarati,,891.47,,,,SARSWATI  DAYANAND,Literature,317,,0,20.00,,,,,,,
VEDOKTAVARNASHRAM NI YATHARTHTA,1,,Apple Graphics,,,318,Gujarati,,891.47,,,,SARSWATI  DAYANAND,Literature,318,,0,20.00,,,,,,,
DHAMAPARIVARTAN KARAVAVU HINSA CHE,1,,Pavitra Graphics,,,319,Gujarati,,891.47,,,,SARSWATI  DAYANAND,Literature,319,,0,10.00,,,,,,,
KRIYA PRATIKRIYA,1,,Pavitra Graphics,,,320,Gujarati,,891.47,,,,SARSWATI  DAYANAND,Literature,320,,0,10.00,,,,,,,
SHRNAGATI ANE MUKTI,1,,Pavitra Graphics,,,321,Gujarati,,891.47,,,,SARSWATI  DAYANAND,Literature,321,,0,10.00,,,,,,,
TEJILO TOKHAR,1,,Kusum Prakashan,,,322,Gujarati,,891.47,,,,Sawel Anna,Literature,322,,0,10.00,,,,,,,
MAHAPRATAPI CHANKYA,1,,Pravin Prakashan,,,323,Gujarati,,891.47,,,,Solanki Pramod,Literature,323,,0,23.00,,,,,,,
AGHORIYO SATHE PANCH DIVAS,1,,Pravin Prakashan,,,324,Gujarati,,891.47,,,,SomPa Suresh,Literature,324,,0,10.00,,,,,,,
TATYA TOPE,1,,Sarfaroshi Pustak Shreni,,,325,Gujarati,,891.47,,,,Sharde Indralok,Literature,325,,0,10.00,,,,,,,
BHAJ GOVINDAM,1,,Graphic Arts,,,326,Gujarati,,891.47,,,,Satya Sai,Literature,326,,0,6.00,,,,,,,
SANTO NI PRERAK KATHAO,1,,Pravin Prakashan,,,327,Gujarati,,891.47,,,,Seth Ratubhai,Literature,327,,0,20.00,,,,,,,
SANTO NI PRERAK KATHAO - 2,1,,Pravin Prakashan,,,328,Gujarati,,891.47,,,,Seth Ratubhai,Literature,328,,0,20.00,,,,,,,
SANTO NI PRERAK KATHAO -3,1,,Pravin Prakashan,,,329,Gujarati,,891.47,,,,Seth Ratubhai,Literature,329,,0,20.00,,,,,,,
SANTO NI PRERAK KATHAO - 4,1,,Pravin Prakashan,,,330,Gujarati,,891.47,,,,Seth Ratubhai,Literature,330,,0,20.00,,,,,,,
VIGYAN VISHESH,1,,Navbharat Sahitya Mandir,,,331,Gujarati,,891.47,,,,PATEL PITAMBER,Literature,331,,0,17.00,,,,,,,
PRERAK PRASANGO - 2,1,,SADBHAV PRAKASHAN,,,332,Gujarati,,891.47,,,,SATYAM,Literature,332,,0,32.00,,,,,,,
TAGOR NI SHRESTH VARTAO,1,,Shabdalok Prakashan,,,333,Gujarati,,891.47,,,,TAGOR RAVINDRA,Literature,333,,0,58.00,,,,,,,
YUDDH ANE SHANTI,1,,RAVANI PRAKASHAN,,,334,Gujarati,,891.47,,,,TOLS TOY,Literature,334,,0,32.00,,,,,,,
VERAI JATI KSHNO,1,,Adarsh Prakashan,,,335,Gujarati,,891.47,,,,TRIVEDI RAMESH,Literature,335,,0,37.00,,,,,,,
DRASHTIBINDU,1,,Adarsh Prakashan,,,336,Gujarati,,891.47,,,,TRIVEDI RAMESH,Literature,336,,0,20.00,,,,,,,
HAIYU KHOLINE HASIE,1,,R.R Seth ni Co.,,,337,Gujarati,,891.47,,,,TRIPATHI BAKUL,Literature,337,,0,130.00,,,,,,,
SAPTAPADI NU SATMU PAGLU,1,,Adarsh Prakashan,,,338,Gujarati,,891.47,,,,THAKOR ASHOK,Literature,338,,0,37.00,,,,,,,
SAJA RAHEVU SAHELU CHE,1,,Sahitya Sangam,,,339,Gujarati,,891.47,,,,THAKKAR TRUPTI,Literature,339,,0,20.00,,,,,,,
HEALTH TIPS,1,,Sahitya Sangam,,,340,Gujarati,,891.47,,,,THAKKAR TRUPTI,Literature,340,,0,12.00,,,,,,,
SANDHIVA,1,,Sahitya Sangam,,,341,Gujarati,,891.47,,,,THAKKAR TRUPTI,Literature,341,,0,12.00,,,,,,,
KHIL,1,,Sahitya Sangam,,,342,Gujarati,,891.47,,,,THAKKAR TRUPTI,Literature,342,,0,20.00,,,,,,,
HARDAYAROG ANE BLOODPRESSURE,1,,Sahitya Sangam,,,343,Gujarati,,891.47,,,,THAKKAR TRUPTI,Literature,343,,0,12.00,,,,,,,
SAFED DAG,1,,Sahitya Sangam,,,344,Gujarati,,891.47,,,,THAKKAR TRUPTI,Literature,344,,0,20.00,,,,,,,
BALAKONA ROGO,1,,Sahitya Sangam,,,345,Gujarati,,891.47,,,,THAKKAR TRUPTI,Literature,345,,0,12.00,,,,,,,
SHALAO NE PATRO Part 1 - 2,1,,Gurjar Granth Ratna Karyalay,,,346,Gujarati,,891.47,,,,VAIDYA BALKRISHNA,Literature,346,,0,12.00,,,,,,,
SURAJ NA KALAJE DAGH,1,,Navbharat Sahitya Mandir,,,347,Gujarati,,891.47,,,,VADODARIYA BHUPAT,Literature,347,,0,105.00,,,,,,,
JIVAN NI AKHANDTA,1,,Gujarat Pustakalay Mandal,,,348,Gujarati,,891.47,,,,VYAS HARISH,Literature,348,,0,75.00,,,,,,,
ARK,1,,R.AMBANI & Co.,,,349,Gujarati,,891.47,,,,VYAS RAMESHCHENDRA,Literature,349,,0,35.00,,,,,,,
JIVAN MIMANSA,1,,Gurjar Granth Ratna Karyalay,,,350,Gujarati,,891.47,,,,VYAS HARISH,Literature,350,,0,90.00,,,,,,,
GANDHIJI ANE NAVI PEDHI,1,,Gurjar Granth Ratna Karyalay,,,351,Gujarati,,891.47,,,,VALLES FATHER,Literature,351,,0,20.00,,,,,,,
STREE DHARM,1,,Gurjar Granth Ratna Karyalay,,,352,Gujarati,,891.47,,,,VALLES FATHER,Literature,352,,0,18.00,,,,,,,
AVALI LOKSHAHI,1,,Gujarat Pustakalay Mandal,,,354,Gujarati,,891.47,,,,VALLES FATHER,Literature,354,,0,35.00,,,,,,,
ANU-SONG,1,,Image Publication,,,355,Gujarati,,891.47,,,,VIJLIWALA SARIFA,Literature,355,,0,100.00,,,,,,,
SHATAROOPA,1,,Gujarat Pustakalay Mandal,,,356,Gujarati,,891.47,,,,VIJLIWALA SARIFA,Literature,356,,0,255.00,,,,,,,
OH-HINDUSTAN AHH HINDUSTAN,1,,Navbharat Sahitya Mandir,,,357,Gujarati,,891.47,,,,VASAVADA JAY,Literature,357,,0,4.00,,,,,,,
VISHV NI VICHITRATAO,1,,Poonam Prakashan,,,358,Gujarati,,891.47,,,,VIDYALANKAR CHANDRAMURTI,Literature,358,,0,45.00,,,,,,,
VISHVA NA ANAUKEL RAHASYO,1,,Poonam Prakashan,,,359,Gujarati,,891.47,,,,VIDYALANKAR CHANDRAMURTI,Literature,359,,0,50.00,,,,,,,
VISHV NA ANAUKEL RAHASYO,1,,Poonam Prakashan,,,360,Gujarati,,891.47,,,,VIDYALANKAR CHANDRAMURTI,Literature,360,,0,50.00,,,,,,,
VISHV NI VICGTRATAO,1,,Poonam Prakashan,,,361,Gujarati,,891.47,,,,VIDYALANKAR CHANDRAMURTI,Literature,361,,0,45.00,,,,,,,
SAWAL AMARA JAWAB TAMARA,1,,Poonam Prakashan,,,362,Gujarati,,891.47,,,,VIDYALANKAR CHANDRAMURTI,Literature,362,,0,50.00,,,,,,,
GYANYOG,1,,Shree Ram Krishna Ashram,,,363,Gujarati,,891.47,,,,VIVEKANAND SWAMI,Literature,363,,0,30.00,,,,,,,
BHARAT MA AAPELA BHASHNO,1,,Shree Ram Krishna Ashram,,,364,Gujarati,,891.47,,,,VIVEKANAND SWAMI,Literature,364,,0,30.00,,,,,,,
SWAMI VIVEKANAND NU JIVAN CHARITRA,1,,Shree Ram Krishna Ashram,,,365,Gujarati,,891.47,,,,VIVEKANAND SWAMI,Literature,365,,0,30.00,,,,,,,
CHALO SAMBHALIYE SWAMIJI VARTA KAHE CHE,1,,Shree Arvind Society,,,366,Gujarati,,891.47,,,,VIVEKANAND SWAMI,Literature,366,,0,10.00,,,,,,,
JIVAN VYAVHAR MA VEDANT,1,,Shree Ram Krishna Ashram,,,367,Gujarati,,891.47,,,,VIVEKANAND SWAMI,Literature,367,,0,10.00,,,,,,,
ADARSH MANAV NU NIRMAN,1,,Shree Ram Krishna Ashram,,,368,Gujarati,,891.47,,,,VIVEKANAND SWAMI,Literature,368,,0,10.00,,,,,,,
AAPNA HATH MA BHARAT NU BHAVI,1,,Shree Ram Krishna Ashram,,,369,Gujarati,,891.47,,,,VIVEKANAND SWAMI,Literature,369,,0,10.00,,,,,,,
PREMYOG,1,,Shree Ram Krishna Ashram,,,370,Gujarati,,891.47,,,,VIVEKANAND SWAMI,Literature,370,,0,10.00,,,,,,,
SWAMI VIVEKANAND NU SANKSHIPT JIVAN,1,,Shree Ram Krishna Ashram,,,371,Gujarati,,891.47,,,,VIVEKANAND SWAMI,Literature,371,,0,10.00,,,,,,,
RAMAYAN MAHABHARAT ANE SANTKATHA,1,,Shree Ram Krishna Ashram,,,372,Gujarati,,891.47,,,,VIVEKANAND SWAMI,Literature,372,,0,10.00,,,,,,,
SHAKTIDAYI VICHAR,1,,Shree Ram Krishna Ashram,,,373,Gujarati,,891.47,,,,VIVEKANAND SWAMI,Literature,373,,0,10.00,,,,,,,
PARAMHANS NA MOTI,1,,Shree Ram Krishna Ashram,,,374,Gujarati,,891.47,,,,VIVEKANAND SWAMI,Literature,374,,0,10.00,,,,,,,
EK JUBANI MATHI,1,,Shabdalok Prakashan,,,375,Gujarati,,891.47,,,,YAGNIK HASU,Literature,375,,0,7.50,,,,,,,
Manifastation On Earth,1,,Shree Arvind Society,,,377,English,,823,,,,ARVIND,Literature,377,,0,,,,,,,,
Savitri,1,,Shree Arvind Society,,,378,English,,823,,,,ARVIND,Literature,378,,0,35.00,,,,,,,
Doing You Best for Health,1,,Ginn & Co.,,,379,English,,823,,,,Andress J.M,Literature,379,,0,30.00,,,,,,,
Doing You Best For Health,1,,Ginn & Co.,,,380,English,,823,,,,Andress J.M,Literature,380,,0,30.00,,,,,,,
Pride And Prejudice,1,,Vikas Publishing,,,381,English,,823,,,,Austen Jane,Literature,381,,0,9.50,,,,,,,
Pride And Prejudice,1,,Vikas Publishing,,,382,English,,823,,,,Austen Jane,Literature,382,,0,9.50,,,,,,,
Shell We Tell president,1,,XYZ,,,383,English,,823,,,,Archer Jeffery,Literature,383,,0,132.00,,,,,,,
Shergil,1,,Lalit Kala Acadami,,,384,English,,823,,,,Appasamy Jaya,Literature,384,,0,5.00,,,,,,,
Sybil,1,,XYZ,,,385,English,,823,,,,Austen Jane,Literature,385,,0,10.00,,,,,,,
Falk Tale Of India,1,,Blackie & Sons.,,,386,English,,823,,,,Agarwal N.K,Literature,386,,0,,,,,,,,
Tales of All Times,1,,Shree Arvind Society,,,387,English,,823,,,,ARVIND,Literature,387,,0,20.00,,,,,,,
A Quiver Full Of Arrow,1,,Coronat Books,,,388,English,,823,,,,Archer Jeffery,Literature,388,,0,30.00,,,,,,,
The Vine Clad Hill,1,,Seagull Library,,,389,English,,823,,,,Allan Mabel,Literature,389,,0,10.00,,,,,,,
Pride And Prejudice,1,,Macmillan & Co.,,,390,English,,823,,,,Austen Jane,Literature,390,,0,10.00,,,,,,,
Mansfield Park,1,,Macmillan & Co.,,,391,English,,823,,,,Austen Jane,Literature,391,,0,10.00,,,,,,,
Folk Tales From The Soviet Union,1,,Raduga Publisher,,,392,English,,823,,,,Babloyan R,Literature,392,,0,,,,,,,,
Wide Open Window,1,,The Copp Clark Co.,,,393,English,,823,,,,Barret Franklin,Literature,393,,0,,,,,,,,
Switch On The Sun,1,,Publication & Information Directorate,,,394,English,,823,,,,Bhattacharya Tapan,Literature,394,,0,,,,,,,,
The Mystory of the spitefull Letters,1,,Cox & Wyman Ltd.,,,395,English,,823,,,,Enid Blyton,Literature,395,,0,,,,,,,,
Chinmay Cornel Stories,1,,Cox & Wyman Ltd.,,,396,English,,823,,,,Enid Blyton,Literature,396,,0,,,,,,,,
Paradise Losts,1,,M.V.Printers,,,397,English,,823,,,,Banerji S.K,Literature,397,,0,30.00,,,,,,,
Jane Eyre,1,,Macmillan & Co.,,,398,English,,823,,,,Bronte Charlotte,Literature,398,,0,,,,,,,,
Badminton,1,,Hodder & Stallghten Ltd.,,,399,English,,823,,,,Brundle Fred,Literature,399,,0,16.00,,,,,,,
Gugliemo Marconi,1,,Orient Longman Ltd.,,,400,English,,823,,,,Brich B,Literature,400,,0,,,,,,,,
The Man Who Sold Death,1,,Tandam Publishing Co.,,,401,English,,823,,,,Carter Nick,Literature,401,,0,,,,,,,,
Marie Correll,1,,Wilco Books,,,402,English,,823,,,,Corelli Marie,Literature,402,,0,,,,,,,,
The Saint Steps In,1,,Pan Books Ltd.,,,403,English,,823,,,,Charties L,Literature,403,,0,,,,,,,,
Lord Jim,1,,New American Library,,,404,English,,823,,,,Conrad Joseph,Literature,404,,0,,,,,,,,
Tom Clancys Power Plays,1,,Penguin Books,,,405,English,,823,,,,Clanay Tom,Literature,405,,0,,,,,,,,
The Moon Stone,1,,Macmillan & Co.,,,406,English,,823,,,,Collins Wilkie,Literature,406,,0,,,,,,,,
The Last of The Mohians,1,,Bantan Books,,,407,English,,823,,,,Cooper James,Literature,407,,0,,,,,,,,
Roses In Decemlier,1,,Bhartiya Vidya Bhavan,,,408,English,,823,,,,Chagla M.C,Literature,408,,0,20.00,,,,,,,
Our Fathered Friends,1,,Childrea,,,409,English,,823,,,,Chopra U.C,Literature,409,,0,3.50,,,,,,,
The Hound of The Baskervilles,1,,Reproduction Syndicate,,,410,English,,823,,,,Chester B.M,Literature,410,,0,3.50,,,,,,,
Devi Prasad Roy Chaudhary,1,,Lalit Kala Acadami,,,411,English,,823,,,,Appasamy Jaya,Literature,411,,0,,,,,,,,
A Guide To Happy Retirement,1,,Pustak Mahal,,,412,English,,823,,,,Chandla S,Literature,412,,0,48.00,,,,,,,
Edward The Second,1,,Educational Publication,,,413,English,,823,,,,Chopra D.K,Literature,413,,0,30.00,,,,,,,
Kindle Life,1,,Chinmaya Publication Trust,,,414,English,,823,,,,Chinmyand Swami,Literature,414,,0,,,,,,,,
Secret Of Action,1,,Western Singer & Publication,,,415,English,,823,,,,Chinmyand Swami,Literature,415,,0,,,,,,,,
Proud Procession,1,,J.M Dent & Sons,,,416,English,,823,,,,Dickie Donalda,Literature,416,,0,,,,,,,,
Proud Procession,1,,J.M Dent & Sons,,,417,English,,823,,,,Dickie Donalda,Literature,417,,0,,,,,,,,
Proud Prossion,1,,J.M Dent & Sons,,,418,English,,823,,,,Dickie Donalda,Literature,418,,0,,,,,,,,
Proud Prossion,1,,J.M Dent & Sons,,,419,English,,823,,,,Dickie Donalda,Literature,419,,0,,,,,,,,
Gay Adventures,1,,J.M Dent & Sons,,,420,English,,823,,,,Dickie Donalda,Literature,420,,0,,,,,,,,
The Idiot,1,,Progress Publisher,,,421,English,,823,,,,Dostoyeusry Fyodor,Literature,421,,0,,,,,,,,
The Idiot,1,,Progress Publisher,,,422,English,,823,,,,Dostoyeusry Fyodor,Literature,422,,0,,,,,,,,
Grate Expectations,1,,Vikas Publishing,,,423,English,,823,,,,Dickens Charls,Literature,423,,0,,,,,,,,
David Copper Field,1,,Vikas Publishing,,,424,English,,823,,,,Dickens Charls,Literature,424,,0,,,,,,,,
Game Plan For Disaster,1,,Siman & Schuster,,,425,English,,823,,,,Dixon Frankli New,Literature,425,,0,,,,,,,,
The Voodoo Plot,1,,William Wllins & Sons,,,426,English,,823,,,,Dixon Frankli New,Literature,426,,0,,,,,,,,
The Clue of The Screehing Owl,1,,William Wllins & Sons,,,427,English,,823,,,,Dixon Frankli New,Literature,427,,0,,,,,,,,
The Hardy Boys,1,,William Wllins & Sons,,,428,English,,823,,,,Dixon Frankli New,Literature,428,,0,,,,,,,,
Virginia Woolf,1,,Peacock Books,,,429,English,,823,,,,Mrs Dalloway,Literature,429,,0,45.00,,,,,,,
Crisis Management,1,,Sri Gangadheswar Pub,,,430,English,,823,,,,Swami Dayanand,Literature,430,,0,,,,,,,,
Knowledge and Action,1,,Sri Gangadheswar Pub,,,431,English,,823,,,,Swami Dayanand,Literature,431,,0,,,,,,,,
Twelth Annual Convocation,1,,XYZ,,,432,English,,823,,,,Justice Hon,Literature,432,,0,,,,,,,,
Robinson Crusoe,1,,Newman Wostay,,,433,English,,823,,,,Defoe Daniel,Literature,433,,0,,,,,,,,
Electric Light,1,,Orient Longman Ltd.,,,434,English,,823,,,,Edison Thomas,Literature,434,,0,,,,,,,,
The Hammer of Eden,1,,Typeset By Set Satyam,,,435,English,,823,,,,Follett Ken,Literature,435,,0,,,,,,,,
A Passage to India,1,,Macmillan & Co.,,,436,English,,823,,,,Foster E.M,Literature,436,,0,25.00,,,,,,,
Ethical Religion,1,,Navjivan Publishing House,,,437,English,,823,,,,Gandhi M.K,Literature,437,,0,,,,,,,,
The Moral Basis of Vegetarianism,1,,Navjivan Publishing House,,,438,English,,823,,,,Gandhi M.K,Literature,438,,0,5.00,,,,,,,
Village Industries,1,,Navjivan Publishing House,,,439,English,,823,,,,Gandhi M.K,Literature,439,,0,2.00,,,,,,,
Industrialize & Perish,1,,Navjivan Publishing House,,,440,English,,823,,,,Gandhi M.K,Literature,440,,0,2.50,,,,,,,
Mnto This Last,1,,Navjivan Publishing House,,,441,English,,823,,,,Gandhi M.K,Literature,441,,0,3.00,,,,,,,
Key To Health,1,,Navjivan Publishing House,,,442,English,,823,,,,Gandhi M.K,Literature,442,,0,10.00,,,,,,,
Co-Operation,1,,Navjivan Publishing House,,,443,English,,823,,,,Gandhi M.K,Literature,443,,0,10.00,,,,,,,
Thoughts of National Language,1,,Navjivan Publishing House,,,444,English,,823,,,,Gandhi M.K,Literature,444,,0,5.00,,,,,,,
Problem Of Education,1,,Navjivan Publishing House,,,445,English,,823,,,,Gandhi M.K,Literature,445,,0,4.00,,,,,,,
The New Age,1,,Shree Arvind Society,,,446,English,,823,,,,Gandhi M.K,Literature,446,,0,,,,,,,,
The Chamber,1,,Penguin Books,,,447,English,,823,,,,Grisham John,Literature,447,,0,,,,,,,,
The Client,1,,Penguin Books,,,448,English,,823,,,,Grisham John,Literature,448,,0,,,,,,,,
The testament,1,,Peacock Books,,,449,English,,823,,,,Grisham John,Literature,449,,0,,,,,,,,
Band of Brothers,1,,Coronat Books,,,450,English,,823,,,,Gann Ernest,Literature,450,,0,,,,,,,,
The Case of Beautiful Bagger,1,,Pocket Books,,,451,English,,823,,,,Gardner Erle Stanlay,Literature,451,,0,,,,,,,,
The Case of The Duplicate Daughter,1,,Pocket Books,,,452,English,,823,,,,Gardner Erle Stanlay,Literature,452,,0,,,,,,,,
The Prophet,1,,USB Publisher,,,453,English,,823,,,,JIBRAN KHALIL,Literature,453,,0,,,,,,,,
The Case of The Lazy Lover,1,,Pocket Books,,,454,English,,823,,,,Gardner Erle Stanlay,Literature,454,,0,,,,,,,,
And nothing has ever happened,1,,Zen Publication,,,455,English,,823,,,,Gurudev,Literature,455,,0,,,,,,,,
Intermediate Compreshension Pirces,1,,Oxford University Press,,,456,English,,823,,,,Hill L. A,Literature,456,,0,,,,,,,,
Interrmediate Comprehension Prices,1,,Oxford University Press,,,457,English,,823,,,,Hill L. A,Literature,457,,0,,,,,,,,
Lost Horizon,1,,Macmillan & Co.,,,458,English,,823,,,,Hilton Jemes,Literature,458,,0,26.50,,,,,,,
Nine Stories from PANCHATANTRA,1,,Oxford University Press,,,459,English,,823,,,,Horsburgh David,Literature,459,,0,3.00,,,,,,,
Hall of Fame,1,,Orient Longman Ltd.,,,460,English,,823,,,,Horsburgh David,Literature,460,,0,30.00,,,,,,,
Letter Writer,1,,Hodder & Stallghten Ltd.,,,461,English,,823,,,,Humphrey Gordon,Literature,461,,0,30.00,,,,,,,
The Woodlanders,1,,Oxford University Press,,,462,English,,823,,,,Hardy Thomas,Literature,462,,0,30.00,,,,,,,
The Mayor of Casterbridge,1,,Macmillan & Co.,,,463,English,,823,,,,Hardy Thomas,Literature,463,,0,30.00,,,,,,,
SHE,1,,Rupa & Co.,,,464,English,,823,,,,Haggard Rider,Literature,464,,0,25.00,,,,,,,
The Mistery of the Dancing Devil,1,,Armada Books,,,465,English,,823,,,,Hitchcock Alfred,Literature,465,,0,30.00,,,,,,,
You Only Live Twice,1,,Glidrose Production,,,466,English,,823,,,,Hugbes Richard,Literature,466,,0,30.00,,,,,,,
The Great Errors,1,,Pustak Mahal,,,467,English,,823,,,,Jain Shital Kumar,Literature,467,,0,60.00,,,,,,,
King Richard The Second,1,,Educational Publication,,,468,English,,823,,,,Jain B.B,Literature,468,,0,55.00,,,,,,,
Who Moved My Cheese?,1,,Vermillion,,,469,English,,823,,,,Johnson Spencer,Literature,469,,0,,,,,,,,
Volpone or the Fox,1,,Educational Publication,,,470,English,,823,,,,Jonson Ben,Literature,470,,0,65.00,,,,,,,
Adventures In Reading,1,,California State Dept of Edu.,,,471,English,,823,,,,Knolle Dorothy,Literature,471,,0,,,,,,,,
Morden Algebra,1,,Eurasia Publishing House,,,472,English,,823,,,,Pearson Helen,Literature,472,,0,8.00,,,,,,,
Maxim Gorky,1,,Progress Publisher,,,473,English,,823,,,,Karavtsov Igor,Literature,473,,0,,,,,,,,
Kim,1,,Oxford University Press,,,474,English,,823,,,,Kipling Rudyard,Literature,474,,0,,,,,,,,
The Garnet Bracelet,1,,Progress Publisher,,,475,English,,823,,,,Kuprin A,Literature,475,,0,1.00,,,,,,,
The Hunchack of Notre Dame,1,,Macmillan & Co.,,,476,English,,823,,,,Krishnan Rati,Literature,476,,0,,,,,,,,
One Act Plays of Our Time,1,,Macmillan & Co.,,,477,English,,823,,,,Kumar S.K,Literature,477,,0,4.50,,,,,,,
The Three Musketeers,1,,S.Chand & Co.,,,478,English,,823,,,,Kenett john,Literature,478,,0,6.00,,,,,,,
Lourney to The Center of The Earth,1,,S.Chand & Co.,,,479,English,,823,,,,Kenett john,Literature,479,,0,5.00,,,,,,,
Dr. Jekyll and Mr. Hude,1,,S.Chand & Co.,,,480,English,,823,,,,Kenett john,Literature,480,,0,,,,,,,,
The Spider Sapphire Mystrey,1,,Armada Books,,,481,English,,823,,,,Keene Carolyn,Literature,481,,0,20.00,,,,,,,
Poem of John Keats,1,,Rupa & Co.,,,482,English,,823,,,,Keats John,Literature,482,,0,60.00,,,,,,,
Baa And Bapu,1,,Navjivan Prakashan Mandir,,,483,English,,823,,,,KALARTHI MUKULBHAI,Literature,483,,0,25.00,,,,,,,
The Last Days of Pompeii,1,,Macmillan & Co.,,,484,English,,823,,,,Lytton Lord,Literature,484,,0,23.75,,,,,,,
Passport for Pilgrim,1,,Pan Books Ltd.,,,485,English,,823,,,,Leasor James,Literature,485,,0,,,,,,,,
The Art of Essayist,1,,Orient Longman Ltd.,,,486,English,,823,,,,Ludium Robert,Literature,486,,0,15.00,,,,,,,
The Osterman Weekend,1,,Bantan Books,,,487,English,,823,,,,Ludium Robert,Literature,487,,0,,,,,,,,
The Bourne Identity,1,,Bantan Books,,,488,English,,823,,,,Ludium Robert,Literature,488,,0,,,,,,,,
Swami Vivekanand,1,,Advaita Ashram,,,489,English,,823,,,,Majmudar R.C,Literature,489,,0,50.00,,,,,,,
The Sultanate Of Delhi,1,,S.Chand & Co.,,,490,English,,823,,,,Mahajan V.D,Literature,490,,0,25.00,,,,,,,
A History of English Literature,1,,Prakash Books,,,491,English,,823,,,,Mundra J.N,Literature,491,,0,60.00,,,,,,,
A History of English Literature,1,,Prakash Books,,,492,English,,823,,,,Mundra J.N,Literature,492,,0,80.00,,,,,,,
Six Plays,1,,Childrea,,,493,English,,823,,,,Navin Menon,Literature,493,,0,36.00,,,,,,,
Blue Horizons,1,,Progress Publisher,,,494,English,,823,,,,Mitrosherkov Victor,Literature,494,,0,5.00,,,,,,,
Seven One Act Plays,1,,Oxford University Press,,,495,English,,823,,,,Mahajan .C,Literature,495,,0,5.00,,,,,,,
Seven One Act Play,1,,Oxford University Press,,,496,English,,823,,,,Mahajan .C,Literature,496,,0,5.00,,,,,,,
Seven One Act Plays,1,,Oxford University Press,,,496,English,,823,,,,Mahajan .C,Literature,496,,0,5.00,,,,,,,
King Arthur & the Knights of The Round Table,1,,Madhuban Edu Books,,,497,English,,823,,,,Malory Thomas,Literature,497,,0,12.00,,,,,,,
Five on A Secert Trail,1,,Right Books,,,498,English,,823,,,,Enid Blyton,Literature,498,,0,,,,,,,,
The Gateway to literary Reading & Composition,1,,XYZ,,,499,English,,823,,,,Marsh Leouis,Literature,499,,0,,,,,,,,
The Charm of English Prose,1,,Macmillan & Co.,,,500,English,,823,,,,Mishra N.K,Literature,500,,0,,,,,,,,
Gandhi & Marx,1,,Navjivan Publishing House,,,501,English,,823,,,,Mashruwala K.G,Literature,501,,0,1.75,,,,,,,
A Vision of Future India,1,,Navjivan Publishing House,,,502,English,,823,,,,Mashruwala K.G,Literature,502,,0,14.00,,,,,,,
Stories In Verse Old & New,1,,S.Chand & Co.,,,503,English,,823,,,,Martin H,Literature,503,,0,,,,,,,,
Stories in Verse Old & New,1,,S.Chand & Co.,,,504,English,,823,,,,Martin H,Literature,504,,0,,,,,,,,
The Gateway to Literary Reading & Composition,1,,Blackie & Sons.,,,505,English,,823,,,,Marsh Leouis,Literature,505,,0,2.00,,,,,,,
The Charm of English Prose,1,,Macmillan & Co.,,,506,English,,823,,,,Mishra N.K,Literature,506,,0,5.00,,,,,,,
Rubber And its Many Uses,1,,Oxford University Press,,,507,English,,823,,,,Mckay Harbert,Literature,507,,0,,,,,,,,
Bhagwan Nityananda - Hiis Life and His Mission,1,,Gurudev Ashram,,,508,English,,823,,,,Paramanand Swami,Literature,508,,0,4.00,,,,,,,
Hoodgate,1,,William Wllins & Sons,,,509,English,,823,,,,Maclean Mistair,Literature,509,,0,35.00,,,,,,,
Chishakti Vilas: The Play Of Conciousness,1,,Gurudev Ashram,,,510,English,,823,,,,Paramanand Swami,Literature,510,,0,,,,,,,,
Who Is Devotee of The Lord,1,,XYZ,,,511,English,,823,,,,Murthy M V N,Literature,511,,0,,,,,,,,
Stories In Verse,1,,S.Chand & Co.,,,512,English,,823,,,,Martin H,Literature,512,,0,1.50,,,,,,,
Creative Teaching,1,,Unwin Educational Books,,,513,English,,823,,,,Nicholls H,Literature,513,,0,,,,,,,,
Education for New Life,1,,Shree Arvind Society,,,514,English,,823,,,,Prasad Narayan,Literature,514,,0,,,,,,,,
Alexander Graham Bell,1,,Orient Longman Ltd.,,,515,English,,823,,,,Pollard Michale,Literature,515,,0,50.00,,,,,,,
Spices and Condiments,1,,National B ook Trust,,,516,English,,823,,,,Pthi J.S,Literature,516,,0,60.00,,,,,,,
Insect Pests of Crops,1,,National B ook Trust,,,517,English,,823,,,,Pradhan S,Literature,517,,0,50.00,,,,,,,
Making The Most of Middle Age,1,,Sudha Publication,,,518,English,,823,,,,Pitt Brice,Literature,518,,0,25.00,,,,,,,
Daily Thoughts And Prayers,1,,Shri Ramkrishna Math,,,519,English,,823,,,,Paramanand Swami,Literature,519,,0,70.00,,,,,,,
A Nation Builder of Work,1,,Navjivan Publishing House,,,520,English,,823,,,,Pyarelal,Literature,520,,0,20.00,,,,,,,
Gandhian Techniques in Modern World,1,,Navjivan Publishing House,,,521,English,,823,,,,Pyarelal,Literature,521,,0,5.00,,,,,,,
Japa,1,,The Jupiter Press,,,522,English,,823,,,,PANDIT M. P,Literature,522,,0,,,,,,,,
Ancient And Medieval World,1,,Henry Holt & Co.,,,523,English,,823,,,,Rogers B,Literature,523,,0,,,,,,,,
Ancient And Medieval World,1,,Henry Holt & Co.,,,524,English,,823,,,,Rogers B,Literature,524,,0,,,,,,,,
When Daddy Was A Little Boy,1,,Progress Publisher,,,525,English,,823,,,,Raskin Alexander,Literature,525,,0,,,,,,,,
Art of Management,1,,Macmillan & Co.,,,526,English,,823,,,,Rustomji M.K,Literature,526,,0,48.00,,,,,,,
Life of Ramakrishna,1,,Shree Arvind Society,,,527,English,,823,,,,Rolland Romain,Literature,527,,0,50.00,,,,,,,
Life of Milton,1,,Macmillan & Co.,,,528,English,,823,,,,Rmachandra P.V,Literature,528,,0,,,,,,,,
A Design For Reading,1,,Macmillan & Co.,,,529,English,,823,,,,Rao Venkat,Literature,529,,0,2.75,,,,,,,
Coca And Chocolate,1,,Oxford University Press,,,530,English,,823,,,,Redmayne Paul,Literature,530,,0,,,,,,,,
Recovery of Faith,1,,Orient Paperbacks,,,531,English,,823,,,,Radhakrishnan,Literature,531,,0,10.00,,,,,,,
The Psuet of Trust,1,,Hind Pocket Books,,,532,English,,823,,,,Radhakrishnan,Literature,532,,0,7.00,,,,,,,
Living With a Ppose,1,,Orient Paperbacks,,,533,English,,823,,,,Radhakrishnan,Literature,533,,0,,,,,,,,
Towards a New World,1,,Orient Paperbacks,,,534,English,,823,,,,Radhakrishnan,Literature,534,,0,20.00,,,,,,,
Faith Renewed,1,,Hind Pocket Books,,,535,English,,823,,,,Radhakrishnan,Literature,535,,0,5.00,,,,,,,
Midnights Children,1,,XYZ,,,536,English,,823,,,,Rushdie Salman,Literature,536,,0,,,,,,,,
A Stranger In The Mirror,1,,Warner Books Edi,,,537,English,,823,,,,Sheldon Sidney,Literature,537,,0,170.00,,,,,,,
Master of The Game,1,,Rupa & Co.,,,538,English,,823,,,,Sheldon Sidney,Literature,538,,0,30.00,,,,,,,
Nothing Lasts Forever,1,,Warner Books Edi,,,539,English,,823,,,,Sheldon Sidney,Literature,539,,0,170.00,,,,,,,
Bloodline,1,,Harper Collins Publication,,,540,English,,823,,,,Sheldon Sidney,Literature,540,,0,170.00,,,,,,,
Nothing Lasts Forever,1,,Harper Collins Publication,,,541,English,,823,,,,Sheldon Sidney,Literature,541,,0,100.00,,,,,,,
Once is Not Enough,1,,Coronat Books,,,542,English,,823,,,,Susann Jacqeline,Literature,542,,0,,,,,,,,
Vally of The Dolls,1,,Corgi Books,,,543,English,,823,,,,Susann Jacqeline,Literature,543,,0,,,,,,,,
Prizes,1,,Bantan Books,,,544,English,,823,,,,Segal Erich,Literature,544,,0,,,,,,,,
The Grapes of Warth,1,,Pan Books Ltd.,,,545,English,,823,,,,Stainbeck John,Literature,545,,0,,,,,,,,
Footprint on the Horizon,1,,R.R Seth ni Co.,,,546,English,,823,,,,SHAH GUNVANT,Literature,546,,0,12.00,,,,,,,
Mid Summer Nights Dream,1,,New American Library,,,547,English,,823,,,,Shaskespare William,Literature,547,,0,,,,,,,,
Treasure Island,1,,Orient Longman Ltd.,,,548,English,,823,,,,Stevanson Robort,Literature,548,,0,6.00,,,,,,,
Treasure Island,1,,Orient Longman Ltd.,,,549,English,,823,,,,Stevanson Robort,Literature,549,,0,,,,,,,,
Treasure Island,1,,Madhuban Edu Books,,,550,English,,823,,,,Stevanson Robort,Literature,550,,0,12.00,,,,,,,
Our Leaders Vol - 7,1,,Childrea,,,551,English,,823,,,,Sain Pravina,Literature,551,,0,30.00,,,,,,,
Our Leaders Vol - 4,1,,Childrea,,,552,English,,823,,,,Srikumar,Literature,552,,0,35.00,,,,,,,
Hunt For The Golden Langur,1,,Childrea,,,553,English,,823,,,,Srikumar,Literature,553,,0,12.00,,,,,,,
Lady Windermears Fan,1,,Macmillan & Co.,,,554,English,,823,,,,Sriraman,Literature,554,,0,25.00,,,,,,,
Frankenstain,1,,New American Library,,,555,English,,823,,,,Shellay Mary,Literature,555,,0,15.00,,,,,,,
Grow Rich While You Sleep,1,,Thorosons Publishing Group,,,556,English,,823,,,,Sweetland Ben,Literature,556,,0,2.50,,,,,,,
Black Beauty,1,,Madhuban Edu Books,,,557,English,,823,,,,Sewell Anna,Literature,557,,0,9.50,,,,,,,
Sister Margarita,1,,Mills & Boons Ltd,,,558,English,,823,,,,Stuart Alex,Literature,558,,0,,,,,,,,
Heaven Knows Mr. Allison,1,,Poonam Prakashan,,,559,English,,823,,,,Shaw Charles,Literature,559,,0,,,,,,,,
The Romance of Living,1,,Orient Longman Ltd.,,,560,English,,823,,,,Singh S,Literature,560,,0,2.00,,,,,,,
Ethics of Chanakya,1,,Sahani Publication,,,561,English,,823,,,,Sahani,Literature,561,,0,35.00,,,,,,,
Milton Comus,1,,Macmillan & Co.,,,562,English,,823,,,,Sastri C L,Literature,562,,0,25.00,,,,,,,
The Rape of The Lock An Epistle to Dr. Arbuthnot,1,,Orient Longman Ltd.,,,563,English,,823,,,,Sproule Anna,Literature,563,,0,25.75,,,,,,,
The Wright Brothers,1,,Orient Longman Ltd.,,,564,English,,823,,,,Sproule Anna,Literature,564,,0,50.00,,,,,,,
Julius Caesar,1,,Cambridge University Press,,,565,English,,823,,,,Spevack Marvin,Literature,565,,0,80.00,,,,,,,
Dunkel Agreement - A Constitution of Indian Slavery,1,,Azadi Bachao Andolan Publication,,,566,English,,823,,,,Sharma Banwari,Literature,566,,0,3.00,,,,,,,
Civies and Indian Administration,1,,Satya Sai Books,,,567,English,,823,,,,Schoch S,Literature,567,,0,3.75,,,,,,,
New Horizons,1,,Macmillan & Co.,,,568,English,,823,,,,Scott A P,Literature,568,,0,24.75,,,,,,,
Award Winning Dissertations,1,,Swati Publication,,,569,English,,823,,,,Shah Shashikant,Literature,569,,0,22.00,,,,,,,
The Story of Gandhi,1,,Children Books Trust,,,570,English,,823,,,,Shankar Rajkumari,Literature,570,,0,40.00,,,,,,,
Neighbour In The United States,1,,California State Dept of Education,,,571,English,,823,,,,Smith J,Literature,571,,0,,,,,,,,
Golden Age,1,,Satya Sai Books,,,572,English,,823,,,,Satya Sai,Literature,572,,0,,,,,,,,
The Becon,1,,Satya Sai Books,,,573,English,,823,,,,Satya Sai,Literature,573,,0,,,,,,,,
The Divine Heritage of Prasanthi Nilayam,1,,Satya Sai Books,,,574,English,,823,,,,Satya Sai,Literature,574,,0,4.00,,,,,,,
Spiritual Directives/advice On Operation of Sai Centers,1,,Satya Sai Books,,,575,English,,823,,,,Satya Sai,Literature,575,,0,,,,,,,,
Prasanthi Vahini,1,,Satya Sai Books,,,576,English,,823,,,,Satya Sai,Literature,576,,0,,,,,,,,
The Life of Sri Satya Sai Baba,1,,Satya Sai Books,,,577,English,,823,,,,Sarathi Sanathana,Literature,577,,0,,,,,,,,
Satya Sai Speaks - 3,1,,Satya Sai Books,,,578,English,,823,,,,Satya Sai,Literature,578,,0,,,,,,,,
Satya Sai Speaks- 5,1,,Satya Sai Books,,,579,English,,823,,,,Satya Sai,Literature,579,,0,,,,,,,,
Satya Sai Speaks - 3,1,,Satya Sai Books,,,580,English,,823,,,,Satya Sai,Literature,580,,0,,,,,,,,
A Summary of the Life And Techniqs of SRI RAMANA,1,,Divine Life Soc,,,581,English,,823,,,,Sadhu Om,Literature,581,,0,3.00,,,,,,,
The Tragical History of Doctor Faustus,1,,Educational Publishing Co.,,,582,English,,823,,,,Takakhav N S,Literature,582,,0,20.00,,,,,,,
The Way of The World,1,,Macmillan & Co.,,,583,English,,823,,,,Thomas C T,Literature,583,,0,14.50,,,,,,,
Every Man In His Humour,1,,Macmillan & Co.,,,584,English,,823,,,,Thomas C T,Literature,584,,0,38.50,,,,,,,
Curtaim Calls,1,,Oxford University Press,,,585,English,,823,,,,Tripathy Biyot,Literature,585,,0,13.50,,,,,,,
Twelfth Night,1,,Ginn & Co.,,,586,English,,823,,,,Taylor Henery,Literature,586,,0,,,,,,,,
The Wreck,1,,Macmillan & Co.,,,587,English,,823,,,,Tagor R,Literature,587,,0,52.00,,,,,,,
Manibhai Desai An Ascetic Incarnate,1,,Dayalji Asharam,,,588,English,,823,,,,Chandrakant Upadhyay,Literature,588,,0,5.00,,,,,,,
Around The World In Eighty Daya,1,,Oxford University Press,,,589,English,,823,,,,Verne Jules,Literature,589,,0,2.00,,,,,,,
Around The World In Eighty Days,1,,Oxford University Press,,,590,English,,823,,,,Verne Jules,Literature,590,,0,4.50,,,,,,,
Around The World In Eighty Days,1,,Oxford University Press,,,591,English,,823,,,,Verne Jules,Literature,591,,0,4.50,,,,,,,
Thoughts On Education,1,,Sarva Seva Sangh Prakashan,,,592,English,,823,,,,Vinoba,Literature,592,,0,5.00,,,,,,,
Talks With Swami Vivekananda,1,,Advaita Ashrama,,,593,English,,823,,,,Vivekananda Swami,Literature,593,,0,40.00,,,,,,,
My India Arise !,1,,Ramkrishna Math,,,594,English,,823,,,,Vivekananda Swami,Literature,594,,0,,,,,,,,
My India Arise !,1,,Ramkrishna Math,,,595,English,,823,,,,Vivekananda Swami,Literature,595,,0,1.00,,,,,,,
Round The World In Eighty Days,1,,Rupa & Co.,,,596,English,,823,,,,Verne Jules,Literature,596,,0,50.00,,,,,,,
Julius Caeser,1,,Pitt Press,,,597,English,,823,,,,Verity A W,Literature,597,,0,43.75,,,,,,,
Reminiscences of Swami Vivekanand,1,,Advaita Ashrama,,,598,English,,823,,,,Vivekananda Swami,Literature,598,,0,55.00,,,,,,,
Pandit Jawaharlal Nehru,1,,Suman Prakashan,,,599,English,,823,,,,Udeshi Vithaldas,Literature,599,,0,15.00,,,,,,,
Dharmavir Dhanna,1,,Shree Laxmi Pustak Bhandar,,,600,English,,823,,,,Upadhyay Shree Pushkar Muni,Literature,600,,0,250.00,,,,,,,
Dharmavir Dhanna,1,,Shree Laxmi Pustak Bhandar,,,601,English,,823,,,,Upadhyay Shree Pushkar Muni,Literature,601,,0,250.00,,,,,,,
Dharmavir Dhanna,1,,Shree Laxmi Pustak Bhandar,,,602,English,,823,,,,Upadhyay Shree Pushkar Muni,Literature,602,,0,250.00,,,,,,,
Dharmavir Dhanna,1,,Shree Laxmi Pustak Bhandar,,,603,English,,823,,,,Upadhyay Shree Pushkar Muni,Literature,603,,0,250.00,,,,,,,
Dharmavir Dhanna,1,,Shree Laxmi Pustak Bhandar,,,604,English,,823,,,,Upadhyay Shree Pushkar Muni,Literature,604,,0,250.00,,,,,,,
Dharmavir Dhanna,1,,Shree Laxmi Pustak Bhandar,,,605,English,,823,,,,Upadhyay Shree Pushkar Muni,Literature,605,,0,250.00,,,,,,,
Dharmavir Dhanna,1,,Shree Laxmi Pustak Bhandar,,,606,English,,823,,,,Upadhyay Shree Pushkar Muni,Literature,606,,0,250.00,,,,,,,
Samaraditya,1,,Shree Laxmi Pustak Bhandar,,,607,English,,823,,,,Upadhyay Shree Pushkar Muni,Literature,607,,0,250.00,,,,,,,
Samaraditya,1,,Shree Laxmi Pustak Bhandar,,,608,English,,823,,,,Upadhyay Shree Pushkar Muni,Literature,608,,0,250.00,,,,,,,
Samaraditya,1,,Shree Laxmi Pustak Bhandar,,,609,English,,823,,,,Upadhyay Shree Pushkar Muni,Literature,609,,0,250.00,,,,,,,
Samaraditya,1,,Shree Laxmi Pustak Bhandar,,,610,English,,823,,,,Upadhyay Shree Pushkar Muni,Literature,610,,0,250.00,,,,,,,
Samaraditya,1,,Shree Laxmi Pustak Bhandar,,,611,English,,823,,,,Upadhyay Shree Pushkar Muni,Literature,611,,0,250.00,,,,,,,
Samaraditya,1,,Shree Laxmi Pustak Bhandar,,,612,English,,823,,,,Upadhyay Shree Pushkar Muni,Literature,612,,0,250.00,,,,,,,
Pradyumna Kumar,1,,Shree Laxmi Pustak Bhandar,,,613,English,,823,,,,Upadhyay Shree Pushkar Muni,Literature,613,,0,250.00,,,,,,,
Pradyumna Kumar,1,,Shree Laxmi Pustak Bhandar,,,614,English,,823,,,,Upadhyay Shree Pushkar Muni,Literature,614,,0,250.00,,,,,,,
Pradyumna Kumar,1,,Shree Laxmi Pustak Bhandar,,,615,English,,823,,,,Upadhyay Shree Pushkar Muni,Literature,615,,0,250.00,,,,,,,
Pradyumna Kumar,1,,Shree Laxmi Pustak Bhandar,,,616,English,,823,,,,Upadhyay Shree Pushkar Muni,Literature,616,,0,250.00,,,,,,,
Pradyumna Kumar,1,,Shree Laxmi Pustak Bhandar,,,617,English,,823,,,,Upadhyay Shree Pushkar Muni,Literature,617,,0,250.00,,,,,,,
Pradyumna Kumar,1,,Shree Laxmi Pustak Bhandar,,,618,English,,823,,,,Upadhyay Shree Pushkar Muni,Literature,618,,0,250.00,,,,,,,
Pradyumna Kumar,1,,Shree Laxmi Pustak Bhandar,,,619,English,,823,,,,Upadhyay Shree Pushkar Muni,Literature,619,,0,250.00,,,,,,,
Rajkumar Mahabal,1,,Shree Laxmi Pustak Bhandar,,,620,English,,823,,,,Upadhyay Shree Pushkar Muni,Literature,620,,0,250.00,,,,,,,
Rajkumar Mahabal,1,,Shree Laxmi Pustak Bhandar,,,621,English,,823,,,,Upadhyay Shree Pushkar Muni,Literature,621,,0,250.00,,,,,,,
Rajkumar Mahabal,1,,Shree Laxmi Pustak Bhandar,,,622,English,,823,,,,Upadhyay Shree Pushkar Muni,Literature,622,,0,250.00,,,,,,,
Rajkumar Mahabal,1,,Shree Laxmi Pustak Bhandar,,,623,English,,823,,,,Upadhyay Shree Pushkar Muni,Literature,623,,0,250.00,,,,,,,
Rajkumar Mahabal,1,,Shree Laxmi Pustak Bhandar,,,624,English,,823,,,,Upadhyay Shree Pushkar Muni,Literature,624,,0,250.00,,,,,,,
Rajkumar Mahabal,1,,Shree Laxmi Pustak Bhandar,,,625,English,,823,,,,Upadhyay Shree Pushkar Muni,Literature,625,,0,250.00,,,,,,,
Rajkumar Mahabal,1,,Shree Laxmi Pustak Bhandar,,,626,English,,823,,,,Upadhyay Shree Pushkar Muni,Literature,626,,0,250.00,,,,,,,
Punyano Prabhav,1,,Shree Laxmi Pustak Bhandar,,,627,English,,823,,,,Upadhyay Shree Pushkar Muni,Literature,627,,0,250.00,,,,,,,
Punyano Prabhav,1,,Shree Laxmi Pustak Bhandar,,,628,English,,823,,,,Upadhyay Shree Pushkar Muni,Literature,628,,0,250.00,,,,,,,
Punyano Prabhav,1,,Shree Laxmi Pustak Bhandar,,,629,English,,823,,,,Upadhyay Shree Pushkar Muni,Literature,629,,0,250.00,,,,,,,
Punyano Prabhav,1,,Shree Laxmi Pustak Bhandar,,,630,English,,823,,,,Upadhyay Shree Pushkar Muni,Literature,630,,0,250.00,,,,,,,
Punyano Prabhav,1,,Shree Laxmi Pustak Bhandar,,,631,English,,823,,,,Upadhyay Shree Pushkar Muni,Literature,631,,0,250.00,,,,,,,
Punyano Prabhav,1,,Shree Laxmi Pustak Bhandar,,,632,English,,823,,,,Upadhyay Shree Pushkar Muni,Literature,632,,0,250.00,,,,,,,
Punyano Prabhav,1,,Shree Laxmi Pustak Bhandar,,,633,English,,823,,,,Upadhyay Shree Pushkar Muni,Literature,633,,0,250.00,,,,,,,
A Colerdge Selection,1,,Macmillan & Co.,,,634,English,,823,,,,Wilson Raymond,Literature,634,,0,3850.00,,,,,,,
The White Devil,1,,Penguin Books,,,635,English,,823,,,,Webster John,Literature,635,,0,36.75,,,,,,,
The Adventure of Sally,1,,Penguin Books,,,636,English,,823,,,,Wodehouse P G,Literature,636,,0,,,,,,,,
The Navigator,1,,Rupa & Co.,,,637,English,,823,,,,West Morris,Literature,637,,0,12.00,,,,,,,
Autobiography of Yogi,1,,Jaico Publishing House,,,638,English,,823,,,,Yognanda Paramhans,Literature,638,,0,,,,,,,,
Autobiography of Yogi,1,,Jaico Publishing House,,,639,English,,823,,,,Yognanda Paramhans,Literature,639,,0,,,,,,,,
Beckoning Trails,1,,The Ryerson Press,,,640,English,,823,,,,Young Madeline,Literature,640,,0,,,,,,,,
Oscar Wilde,1,,Wilco International,,,641,English,,823,,,,XYZ,Literature,641,,0,,,,,,,,
Oscar Wilde,1,,Crest Publishing House,,,642,English,,823,,,,XYZ,Literature,642,,0,95,,,,,,,
Wide Open Window,1,,Cropp Clark Co.,,,643,English,,823,,,,Barret Franklin,Literature,643,,0,,,,,,,,
Macbath,1,,USB Publisher,,,644,English,,823,,,,Shaskespare William,Literature,644,,0,75,,,,,,,
Short Stories,1,,Book Palace,,,645,English,,823,,,,XYZ,Literature,645,,0,60,,,,,,,
Collection of Stories 2,1,,Book Palace,,,646,English,,823,,,,Gupta Jayant,Literature,646,,0,75,,,,,,,
Collection Stories 3,1,,Book Palace,,,647,English,,823,,,,Gupta Jayant,Literature,647,,0,75,,,,,,,
Succecc Stories,1,,Rdi Print And Publishing Pvt. Ltd.,,,648,English,,823,,,,Gupta Jayant,Literature,648,,0,,,,,,,,
A Tale of Two Cities,1,,S.Chand & Co.,,,649,English,,823,,,,Dickens Charls,Literature,649,,0,35,,,,,,,
Outstanding Short Stories,1,,S.Chand & Co.,,,650,English,,823,,,,Paces S E,Literature,650,,0,30,,,,,,,
Kidnapped,1,,S.Chand & Co.,,,651,English,,823,,,,Paces S E,Literature,651,,0,30,,,,,,,
The Advantures of Don Quixote,1,,S.Chand & Co.,,,652,English,,823,,,,Paces S E,Literature,652,,0,25,,,,,,,
King Solomans Mines,1,,S.Chand & Co.,,,653,English,,823,,,,Paces S E,Literature,653,,0,30,,,,,,,
The Coral Island,1,,S.Chand & Co.,,,654,English,,823,,,,Paces S E,Literature,654,,0,25,,,,,,,
Silas Marner,1,,S.Chand & Co.,,,655,English,,823,,,,Paces S E,Literature,655,,0,25,,,,,,,
The Posthumous Paper of Picwick Club,1,,Macmillan & Co.,,,656,English,,823,,,,Dickens Charls,Literature,656,,0,41.75,,,,,,,
Tale of Two Cities,1,,Oxford University Press,,,657,English,,823,,,,Dickens Charls,Literature,657,,0,6,,,,,,,
King Solomans Mine,1,,Oxford University Press,,,658,English,,823,,,,Haggard H,Literature,658,,0,4.5,,,,,,,
Scooge & The Christmas Spirits,1,,Oxford University Press,,,659,English,,823,,,,Haggard H,Literature,659,,0,,,,,,,,
Tow Eggs On My Plate,1,,S.Chand & Co.,,,660,English,,823,,,,Kenett john,Literature,660,,0,6,,,,,,,
The Advantures of Uckleberry Finn,1,,Macmillan & Co.,,,661,English,,823,,,,Twin Mark,Literature,661,,0,76.5,,,,,,,
Six Tales From Shakespeare,1,,Macmillan & Co.,,,662,English,,823,,,,Shakespeare William,Literature,662,,0,4.65,,,,,,,
The Charms of English Prose,1,,Macmillan & Co.,,,663,English,,823,,,,Mishra N.K,Literature,663,,0,5.75,,,,,,,
The Grate Brain,1,,A Yearling Books,,,664,English,,823,,,,Fitzgerald John,Literature,664,,0,,,,,,,,
Stories in Verse,1,,S.Chand & Co.,,,665,English,,823,,,,Martin H,Literature,665,,0,1.5,,,,,,,
On Human Bondage,1,,Macmillan & Co.,,,666,English,,823,,,,Maugham W,Literature,666,,0,5,,,,,,,
The Adventure of Huckleberry Finn,1,,Orient Longman Ltd.,,,667,English,,823,,,,Twin Mark,Literature,667,,0,,,,,,,,
The King Vikram & The Ghost,1,,Jaico Publishing House,,,668,English,,823,,,,Tawney C H,Literature,668,,0,25,,,,,,,
Gal Young UN,1,,Bantan Books,,,669,English,,823,,,,Rowlings Marjorie,Literature,669,,0,,,,,,,,
Mustang,1,,Pyramid Books,,,670,English,,823,,,,Daly Kethleen,Literature,670,,0,,,,,,,,
Treasure Island,1,,Orient Longman Ltd.,,,671,English,,823,,,,Stevanson Robort,Literature,671,,0,,,,,,,,
Stories For Children 3,1,,Satya Sai Books,,,672,English,,823,,,,XYZ,Literature,672,,0,6,,,,,,,
The Adventures of Don Quixote,1,,S.Chand & Co.,,,673,English,,823,,,,Paces S E,Literature,673,,0,6,,,,,,,
Mordern Short Stories,1,,S.Chand & Co.,,,674,English,,823,,,,Paces S E,Literature,674,,0,7.5,,,,,,,
The Adventures of Don Quixote,1,,S.Chand & Co.,,,675,English,,823,,,,Paces S E,Literature,675,,0,10,,,,,,,
Six Detective Stories,1,,S.Chand & Co.,,,676,English,,823,,,,Paces S E,Literature,676,,0,12.5,,,,,,,
Antony  & Cleopatra,1,,Cambridge University Press,,,677,English,,823,,,,Bevington David,Literature,677,,0,80,,,,,,,
Maha Mala,1,,Navjivan Publishing House,,,678,English,,823,,,,Prabhu R K,Literature,678,,0,6,,,,,,,
Mother Teresa,1,,Pocket Books,,,679,English,,823,,,,Mother Teresa,Literature,679,,0,10,,,,,,,
The Home And The World,1,,Macmillan & Co.,,,680,English,,823,,,,TAGOR RAVINDRA,Literature,680,,0,50.5,,,,,,,
Air Pollution,1,,Pragati Publication,,,681,English,,823,,,,Kudesia V P,Referance Book,681,,0,360,,,,,,,
Water Pollution,1,,Pragati Publication,,,682,English,,823,,,,Kudesia V P,Referance Book,682,,0,,,,,,,,
Studies in General Science,1,,Macmillan & Co.,,,683,English,,823,,,,Roche Denis,Referance Book,683,,0,1.75,,,,,,,
Studies In General Science,1,,Macmillan & Co.,,,684,English,,823,,,,Roche Denis,Referance Book,684,,0,1.75,,,,,,,
Moral Science Series Book VI,1,,Macmillan & Co.,,,685,English,,823,,,,Wasani S G,Referance Book,685,,0,3.52,,,,,,,
Moral Science Series Book - VI,1,,Macmillan & Co.,,,686,English,,823,,,,Wasani S G,Referance Book,686,,0,2.6,,,,,,,
Moral  Science Series Book VIII,1,,Macmillan & Co.,,,687,English,,823,,,,Andress J.M,Referance Book,687,,0,,,,,,,,
S S C Science Made Easy,1,,C Jamnadas & Co.,,,688,English,,823,,,,Kautilya,Referance Book,688,,0,42,,,,,,,
Our Scientiests,1,,Children Books Trust,,,689,English,,823,,,,Salwi Dilip,Referance Book,689,,0,15,,,,,,,
Physics Dictionary,1,,Acedemic Publisher,,,690,English,,823,,,,Arora D L,Referance Book,690,,0,20,,,,,,,
S S C Examples in Physics,1,,A R Seth & Co.,,,691,English,,823,,,,Force,Referance Book,691,,0,,,,,,,,
Chemistry,1,,Compretition Review Pvt Ltd,,,693,English,,823,,,,Stainbeck John,Referance Book,693,,0,40.00,,,,,,,
Biology,1,,XYZ,,,694,English,,823,,,,XYZ,Referance Book,694,,0,,,,,,,,
Maths For Civil Studies,1,,Compretition Review Pvt Ltd,,,695,English,,823,,,,Garg Kailash,Referance Book,695,,0,35.00,,,,,,,
Business Mathematics,1,,Sultan Chan & Co,,,696,English,,823,,,,Kapoor V K,Referance Book,696,,0,140.00,,,,,,,
Teaching of Mathematics,1,,Sharda Brother,,,697,English,,823,,,,Nanda N N,Referance Book,697,,0,6.00,,,,,,,
Mathematical Solitaries & Games,1,,Universities Press,,,698,English,,823,,,,Schwartr Benjamin,Referance Book,698,,0,90.00,,,,,,,
Arithmetic We Use,1,,California State Dept of Education,,,699,English,,823,,,,Brueckrer Leo,Referance Book,699,,0,,,,,,,,
A Modern Arithmetic Part - V,1,,Macmillan & Co.,,,700,English,,823,,,,Pavate D C,Referance Book,700,,0,3.00,,,,,,,
A Modern Arithmetic Part IV,1,,Macmillan & Co.,,,701,English,,823,,,,Pavate D C,Referance Book,701,,0,3.00,,,,,,,
Model Arithmatic,1,,Cambridge Publishing House,,,702,English,,823,,,,Rajgopalan T,Referance Book,702,,0,1.75,,,,,,,
M.Sc Maths Paper 1,1,,Annamalai University,,,703,English,,823,,,,XYZ,Referance Book,703,,0,,,,,,,,
M.Sc Maths Paper - 3,1,,Annamalai University,,,704,English,,823,,,,XYZ,Referance Book,704,,0,,,,,,,,
M.Sc Paper 3,1,,Annamalai University,,,705,English,,823,,,,XYZ,Referance Book,705,,0,,,,,,,,
M.Sc Maths Paper 3,1,,Annamalai University,,,706,English,,823,,,,XYZ,Referance Book,706,,0,,,,,,,,
M.Sc Maths Paper IV,1,,Annamalai University,,,707,English,,823,,,,XYZ,Referance Book,707,,0,,,,,,,,
Algrbra Std X,1,,State Board of Secondary Section,,,708,English,,823,,,,Vaidya M L,Referance Book,708,,0,,,,,,,,
A First Course in Modern Algebra,1,,NIE Campus,,,709,English,,823,,,,Singh S,Referance Book,709,,0,3.00,,,,,,,
Algebra for High School Vol - 1,1,,Macmillan & Co.,,,710,English,,823,,,,Athavale H V,Referance Book,710,,0,2.50,,,,,,,
Algebra For Std - X,1,,Gujarat State,,,711,English,,823,,,,Vasavada M H,Referance Book,711,,0,3.55,,,,,,,
Algebra for High School,1,,Macmillan & Co.,,,712,English,,823,,,,Athavale H V,Referance Book,712,,0,2.10,,,,,,,
Foundations of Modern Geometry,1,,Arya Book Depot,,,713,English,,823,,,,Sachdeva S S,Referance Book,713,,0,15.00,,,,,,,
Geomatry For Higher Secondary,1,,S.Chand & Co.,,,714,English,,823,,,,Narayana Shanti,Referance Book,714,,0,5.50,,,,,,,
Plane Geometry,1,,Thomas Nelson & Sons,,,715,English,,823,,,,Morgan J M,Referance Book,715,,0,,,,,,,,
A School Geometry,1,,Macmillan & Co.,,,716,English,,823,,,,Agashe V S,Referance Book,716,,0,,,,,,,,
A New School Geometry Book  3,1,,Macmillan & Co.,,,717,English,,823,,,,Agashe V S,Referance Book,717,,0,4.60,,,,,,,
A School Geometry Part I -IV,1,,Macmillan & Co.,,,718,English,,823,,,,Hall H S,Referance Book,718,,0,,,,,,,,
Practical Geometry,1,,J V Navlakhi & Co.,,,719,English,,823,,,,Corroll John,Referance Book,719,,0,4.00,,,,,,,
The Book of When,1,,XYZ,,,720,English,,823,,,,Zanini Giuseppe,Referance Book,720,,0,,,,,,,,
The Encyclopedia of Modern History,1,,Hamlyn,,,721,English,,823,,,,Clark Jemes,Referance Book,721,,0,,,,,,,,
Guide To World History,1,,Thr Popular Book Store,,,722,English,,823,,,,Deshpande,Referance Book,722,,0,6.00,,,,,,,
History of Medieval India,1,,S.Chand & Co.,,,723,English,,823,,,,Mahajan V.D,Referance Book,723,,0,155.00,,,,,,,
History of Mddieval India,1,,S.Chand & Co.,,,724,English,,823,,,,Mahajan V.D,Referance Book,724,,0,,,,,,,,
Modern Indian History,1,,S.Chand & Co.,,,725,English,,823,,,,Aggarwal J C,Referance Book,725,,0,120.00,,,,,,,
Matriculartion History of England & India,1,,The Modern Publishing Co.,,,726,English,,823,,,,Vaswani B J,Referance Book,726,,0,,,,,,,,
A Students Manual of Teaching Hiostory,1,,City Book Depot,,,727,English,,823,,,,E X P Proff.,Referance Book,727,,0,2.80,,,,,,,
Grate Women of India Vol - 1,1,,XYZ,,,728,English,,823,,,,Amma,Referance Book,728,,0,,,,,,,,
Grate Women of India  Vol - 2,1,,XYZ,,,729,English,,823,,,,Amma,Referance Book,729,,0,,,,,,,,
1000 History Quiz,1,,Rupa & Co.,,,730,English,,823,,,,Basu Anuradha,Referance Book,730,,0,50.00,,,,,,,
World Geography,1,,Ginn & Co.,,,731,English,,823,,,,Bardley John,Referance Book,731,,0,,,,,,,,
Geography Std - 8,1,,Gujarat State,,,732,English,,823,,,,Abhyankar W P,Referance Book,732,,0,1.45,,,,,,,
Civics Std - 8,1,,Gujarat State,,,733,English,,823,,,,Shukla S P,Referance Book,733,,0,0.45,,,,,,,
Civics Std - 8,1,,Gujarat State,,,734,English,,823,,,,Sheth Dipak,Referance Book,734,,0,0.88,,,,,,,
Practical ORACLE - 8,1,,Computer World,,,735,English,,823,,,,Chauhan Hitesh,Referance Book,735,,0,100.00,,,,,,,
The ABCs of 1-2-3,1,,BPB Publication,,,736,English,,823,,,,Gilbert Chirs,Referance Book,736,,0,66.00,,,,,,,
Health & Physical Education,1,,Sharda Brother,,,737,English,,823,,,,Arora Balraj,Referance Book,737,,0,2.25,,,,,,,
Enjoying English 10,1,,The L W Pinger & Co.,,,738,English,,823,,,,Bechtel Hannah,Referance Book,738,,0,,,,,,,,
Prose for the Young Readers,1,,Popular Prakashan,,,739,English,,823,,,,Sebastian D K,Referance Book,739,,0,40.00,,,,,,,
Test of Reasoning,1,,Macmillan & Co.,,,740,English,,823,,,,XYZ,Referance Book,740,,0,97.00,,,,,,,
Englisg Grammer & Composition,1,,Navneet Prakashan,,,741,English,,823,,,,Adalja C C,Referance Book,741,,0,3.00,,,,,,,
English Grammer And Composition,1,,Navneet Prakashan,,,742,English,,823,,,,Adalja C C,Referance Book,742,,0,3.50,,,,,,,
English Grammer And Composition,1,,Neeta Prakashan,,,743,English,,823,,,,Kakkar R L,Referance Book,743,,0,4.00,,,,,,,
Outline Composition Book,1,,Oxford University Press,,,744,English,,823,,,,Hill L. A,Referance Book,744,,0,,,,,,,,
50 Model Essays,1,,Treasure House of Book,,,745,English,,823,,,,Miller Joyce,Referance Book,745,,0,,,,,,,,
New Horizons Book - 1,1,,Macmillan & Co.,,,746,English,,823,,,,Scott A P,Referance Book,746,,0,6.20,,,,,,,
New Horizons Book III,1,,Macmillan & Co.,,,747,English,,823,,,,Scott A P,Referance Book,747,,0,,,,,,,,
New Horizons Introductory Book A,1,,Macmillan & Co.,,,748,English,,823,,,,Scott A P,Referance Book,748,,0,2.75,,,,,,,
New Horizons,1,,Macmillan & Co.,,,749,English,,823,,,,Scott A P,Referance Book,749,,0,8.65,,,,,,,
New Horizons Book - IV,1,,Macmillan & Co.,,,750,English,,823,,,,Scott A P,Referance Book,750,,0,8.20,,,,,,,
New Horizons Introductory Book B,1,,Macmillan & Co.,,,751,English,,823,,,,Scott A P,Referance Book,751,,0,4.60,,,,,,,
New Rediant Readers Book - IV,1,,Allied Publisher,,,752,English,,823,,,,Collocott T C,Referance Book,752,,0,,,,,,,,
New Rediant ReadersBook - X,1,,Allied Publisher,,,753,English,,823,,,,Collocott T C,Referance Book,753,,0,4.75,,,,,,,
New Rediant Book - IX,1,,Allied Publisher,,,754,English,,823,,,,Collocott T C,Referance Book,754,,0,,,,,,,,
New Rediant Readers Book - IX,1,,Allied Publisher,,,755,English,,823,,,,Collocott T C,Referance Book,755,,0,5.60,,,,,,,
New Rediant Readers Book - VIII,1,,Allied Publisher,,,756,English,,823,,,,Collocott T C,Referance Book,756,,0,,,,,,,,
Poems And Rhymes - 6,1,,Neeta Prakashan,,,757,English,,823,,,,Martis D G,Referance Book,757,,0,5.00,,,,,,,
Poems And Rhymes - 7,1,,Neeta Prakashan,,,758,English,,823,,,,Martis D G,Referance Book,758,,0,5.50,,,,,,,
Poems And Rhymas - 7,1,,Neeta Prakashan,,,759,English,,823,,,,Martis D G,Referance Book,759,,0,5.50,,,,,,,
Teachers Hand Book,1,,Gujarat State,,,760,English,,823,,,,XYZ,Referance Book,760,,0,1.50,,,,,,,
Creative English,1,,Oxford University Press,,,761,English,,823,,,,Chander Jagdish,Referance Book,761,,0,5.00,,,,,,,
Engkish Poems And Ballads,1,,Oxford University Press,,,762,English,,823,,,,Warner Alan,Referance Book,762,,0,,,,,,,,
A New Course Book In English,1,,Macmillan & Co.,,,763,English,,823,,,,Patil C T,Referance Book,763,,0,12.00,,,,,,,
The Gateway to Literary Reading And Composition,1,,George Allen & Unwin Pvt. Ltd.,,,764,English,,823,,,,Marsh Lewis,Referance Book,764,,0,,,,,,,,
Brighter English,1,,Orient Longman Ltd.,,,765,English,,823,,,,Eckersley C E,Referance Book,765,,0,8.00,,,,,,,
Precis Writing,1,,Book Palace,,,766,English,,823,,,,Bhatia,Referance Book,766,,0,35.00,,,,,,,
Common Errors In English,1,,Sahitya Sangam,,,767,English,,823,,,,Samuel Y,Referance Book,767,,0,35.00,,,,,,,
English Prose Selections,1,,Orient Longman Ltd.,,,768,English,,823,,,,Bruton J G,Referance Book,768,,0,1.80,,,,,,,
A Class Book For Summarising & Appreciation,1,,Arya Sudharak Press,,,769,English,,823,,,,Shah Nanalal,Referance Book,769,,0,1.00,,,,,,,
Current Idions,1,,Narayan Book Depot,,,770,English,,823,,,,Singh Sirdr,Referance Book,770,,0,8.00,,,,,,,
The New Method English Dictionary,1,,Orient Longman Ltd.,,,771,English,,823,,,,West Michael,Referance Book,771,,0,,,,,,,,
How To Interview And Interviewed,1,,Sudha Publication,,,772,English,,823,,,,Brown Michael,Referance Book,772,,0,75.00,,,,,,,
Basic Education,1,,Navjivan Publishing House,,,773,English,,823,,,,Gandhi M.K,Referance Book,773,,0,3.50,,,,,,,
1000 Science Quiz,1,,Rupa & Co.,,,774,English,,823,,,,Salwi Dilip,Referance Book,774,,0,50.00,,,,,,,
Navneet General Knowledge,1,,Navneet Prakashan,,,775,English,,823,,,,Vyas Shankar,Referance Book,775,,0,40.00,,,,,,,
Advanced Accounts,1,,S.Chand & Co.,,,776,English,,823,,,,Shukla M C,Referance Book,776,,0,335.00,,,,,,,
Fundamental & Advanced Accounting Vol - II,1,,Tata Mcgraw Hill Publishing Co.,,,777,English,,823,,,,Xavier G,Referance Book,777,,0,,,,,,,,
Advanced Accountancy Vol - 1,1,,Vikas Publishing,,,778,English,,823,,,,Maheshwari S N,Referance Book,778,,0,375.00,,,,,,,
Practical Accounting Vol - 1,1,,S.Chand & Co.,,,779,English,,823,,,,Pillai R S N,Referance Book,779,,0,290.00,,,,,,,
Grewals Accountancy,1,,S.Chand & Co.,,,780,English,,823,,,,Gupta M P,Referance Book,780,,0,240.00,,,,,,,
Principles And Practice of Accountancy,1,,Premier Book Co.,,,781,English,,823,,,,Chitragupta,Referance Book,781,,0,25.00,,,,,,,
Introduction to Accountancy,1,,S.Chand & Co.,,,782,English,,823,,,,Grewal T C,Referance Book,782,,0,140.00,,,,,,,
Fundamentals of Account,1,,I C A,,,783,English,,823,,,,XYZ,Referance Book,783,,0,,,,,,,,
Modern Economics,1,,S.Chand & Co.,,,784,English,,823,,,,Ahuja H L,Referance Book,784,,0,460.00,,,,,,,
Economics and Geography,1,,Sultan Chan & Co,,,785,English,,823,,,,Khanna K K,Referance Book,785,,0,40.00,,,,,,,
Indian Economics,1,,Shyamlal Charitable Trust,,,786,English,,823,,,,Dewett K K,Referance Book,786,,0,130.00,,,,,,,
Elementry Economics Theory,1,,S.Chand & Co.,,,787,English,,823,,,,Dewett K K,Referance Book,787,,0,75.00,,,,,,,
Modern Economics Guide,1,,C Jamnadas & Co.,,,788,English,,823,,,,Kautilya,Referance Book,788,,0,60.00,,,,,,,
Economics,1,,Publication Div,,,789,English,,823,,,,XYZ,Referance Book,789,,0,,,,,,,,
Introduction to Statistical Method,1,,Vikas Publishing,,,790,English,,823,,,,Gupta C B,Referance Book,790,,0,245.00,,,,,,,
Quantitative Aptitude Statistics Vol - II,1,,S.Chand & Co.,,,791,English,,823,,,,Arora P N,Referance Book,791,,0,250.00,,,,,,,
Dwinondhi Nama Padhdhti,1,,Pustak Prakashan Sahkari Mandli,,,792,Gujarati,,819.47,,,,Bhavsar J G,Referance Book,792,,0,76.00,,,,,,,
Principle of Business Studies,1,,Pitamber Publishing House,,,793,English,,823,,,,Maheshwari R P,Referance Book,793,,0,40.00,,,,,,,
Explorations in Science,1,,Macmillan & Co.,,,794,English,,823,,,,Limpus George,Referance Book,794,,0,,,,,,,,
Explorations in Science,1,,Macmillan & Co.,,,795,English,,823,,,,Limpus George,Referance Book,795,,0,,,,,,,,
Genetic Engineering,1,,Macmillan & Co.,,,796,English,,823,,,,Mitra Sandhya,Referance Book,796,,0,265.00,,,,,,,
Oxford Referance Dictionary,1,,Oxford University Press,,,797,English,,823,,,,Soaenes Catherine,Referance Book,797,,0,,,,,,,,
Popular Dictionary,1,,Popular Prakashan,,,798,English,,823,,,,Majmudar R.C,Referance Book,798,,0,80.00,,,,,,,
Word Power Dictionary,1,,Dimond Pocket Books,,,799,English,,823,,,,Charles P,Referance Book,799,,0,20.00,,,,,,,
Medicinal Plants,1,,National Book Trust,,,800,English,,823,,,,Jain Shital Kumar,Referance Book,800,,0,50.00,,,,,,,
Lets Be Healthy,1,,Macmillan & Co.,,,801,English,,823,,,,Charties L,Referance Book,801,,0,,,,,,,,
I I T Mathematics,1,,A S Prakashan,,,802,English,,823,,,,Vasistha A R,Referance Book,802,,0,150.00,,,,,,,
100 Great Lives,1,,Rupa & Co.,,,803,English,,823,,,,Canning John,Referance Book,803,,0,250.00,,,,,,,
Studies in General Science,1,,Macmillan & Co.,,,804,English,,823,,,,Roche Denis,Referance Book,804,,0,1.80,,,,,,,
Guided English for India Book-1,1,,Oxford Uni Press,,,805,English,,823,,,,Howe D.H,Referance Book,805,,0,,,,,,,,
Guided to English for India Book - 2,1,,Oxford Uni Press,,,806,English,,823,,,,Howe D.H,Referance Book,806,,0,,,,,,,,
Guided English for India Book - 3,1,,Oxford Uni Press,,,807,English,,823,,,,Howe D.H,Referance Book,807,,0,,,,,,,,
Introductory Book of Knowledge - 1,1,,Big Ideas Ins Pvt Ltd,,,808,English,,823,,,,Brien Derekd,Referance Book,808,,0,90.00,,,,,,,
Introductory Book of knowledge - 2,1,,Big Ideas Ins Pvt Ltd,,,809,English,,823,,,,Brien Derekd,Referance Book,809,,0,90.00,,,,,,,
Introductory Book of Knowledge - 4,1,,Big Ideas Ins Pvt Ltd,,,810,English,,823,,,,Brien Derekd,Referance Book,810,,0,90.00,,,,,,,
Introductory Book of Knowledge - 6,1,,Big Ideas Ins Pvt Ltd,,,811,English,,823,,,,Brien Derekd,Referance Book,811,,0,90.00,,,,,,,
Science Fair Project,1,,XYZ,,,812,English,,823,,,,XYZ,Referance Book,812,,0,,,,,,,,
Science Project,1,,XYZ,,,813,English,,823,,,,XYZ,Referance Book,813,,0,,,,,,,,
Science Fair Project - Physics,1,,XYZ,,,814,English,,823,,,,XYZ,Referance Book,814,,0,,,,,,,,
Diamond Quiz Book,1,,Diamond Books,,,815,English,,823,,,,Goswami Anuj,Referance Book,815,,0,95.00,,,,,,,
Very Useful Verbs,1,,Enka Pub Pvt Ltd,,,816,English,,823,,,,XYZ,Referance Book,816,,0,10.00,,,,,,,
Murder in the Mews,1,,Fontana Books,,,817,English,,823,,,,Christie Agatha,Literature,817,,0,,,,,,,,
The Hamlyn Book of WHERE,1,,The Hamlyn Books,,,818,English,,823,,,,Zanini Giuseppe,Literature,818,,0,32.00,,,,,,,
The Three Fat Man,1,,XYZ,,,819,English,,823,,,,Olesha Yuri,Literature,819,,0,12.00,,,,,,,
The Fire Bird,1,,Progress Publisher,,,820,English,,823,,,,Yershov Igor,Literature,820,,0,61.00,,,,,,,
Innovative Teachers,1,,Shilpa Prakashan,,,821,English,,823,,,,Shah Kishor,Literature,821,,0,30.00,,,,,,,
How To Build Character,1,,Advaita Ashrama,,,822,English,,823,,,,Budhananda Swami,Literature,822,,0,8.00,,,,,,,
How To Build Character,1,,Advaita Ashrama,,,823,English,,823,,,,Budhananda Swami,Literature,823,,0,8.00,,,,,,,
The Valiant Heroes,1,,Akshra Ashrama,,,824,English,,823,,,,Naik R S,Literature,824,,0,40.00,,,,,,,
Objective General Knowledge,1,,Navneet Prakashan,,,825,English,,823,,,,Tolani Roshan,Referance Book,825,,0,50.00,,,,,,,
Objective General Knowledge,1,,Navneet Prakashan,,,826,English,,823,,,,Tolani Roshan,Referance Book,826,,0,50.00,,,,,,,
101 Ways to Boost Your Maths Skill,1,,Scholastic Ins.,,,827,English,,823,,,,Shafer Susan,Referance Book,827,,0,,,,,,,,
The Luminuous Life of Kapil Dev,1,,Printline Books,,,828,English,,823,,,,Dua Shyam,Literature,828,,0,25.00,,,,,,,
Flowers And Fruits,1,,Mira Publication,,,829,English,,823,,,,Sajandas Gangaram,Literature,829,,0,,,,,,,,
52 Ways to Live Success,1,,Jaico Publishing House,,,830,English,,823,,,,Sharbuno Jeanne,Literature,830,,0,,,,,,,,
The Book of Mind Benders,1,,Jaico Publishing House,,,831,English,,823,,,,Stickers Terry,Literature,831,,0,,,,,,,,
Khushavant Singhs Joke Book,1,,Orient Paperbacks,,,832,English,,823,,,,Miranda Mario,Literature,832,,0,35.00,,,,,,,
Spell Well,1,,Allied Publisher,,,833,English,,823,,,,Krikpatrick E M,Referance Book,833,,0,65.00,,,,,,,
New Testament With Psalms  and Proverbs,1,,XYZ,,,834,English,,823,,,,XYZ,Literature,834,,0,,,,,,,,
Convenient Action- Climat Change,1,,Macmillan Publishers,,,835,English,,823,,,,MODI NARENDRA,Literature,835,,0,695.00,,,,,,,
Con Banega Karodpati,1,,XYZ,,,836,English,,823,,,,XYZ,Referance Book,836,,0,,,,,,,,
Svyam Sidhdha,1,,White Space,,,837,Gujarati,,891.47,,,,Desai Minaxi,Literature,837,,0,,,,,,,,
Bhulka Vahalap Nu Sarnamu,1,,XYZ,,,838,Gujarati,,891.47,,,,Desai Minaxi,Literature,838,,0,,,,,,,,
Ardhi Sadi Ni Vanchanyatra,1,,Lok Milap Trust,,,839,Gujarati,,891.47,,,,MEGHANI MAHENDRA,Literature,839,,0,75.00,,,,,,,
Satya Na Prayogo,1,,Navjivan Prakashan Mandir,,,840,Gujarati,,891.47,,,,Gandhi M.K,Literature,840,,0,30.00,,,,,,,
Senior Citizens,1,,SAHITYA SANKOOL,,,841,Gujarati,,891.47,,,,NAIK JANAK,Literature,841,,0,80.00,,,,,,,
Hun Maru Sarnamu Chu,1,,Navbharat Sahitya Mandir,,,842,Gujarati,,891.47,,,,Pohit Ramesh,Literature,842,,0,150.00,,,,,,,
He Jivan Relax Please,1,,Prasanna Trust,,,843,Gujarati,,891.47,,,,Sukhbodhananda Swami,Literature,843,,0,125.00,,,,,,,
Bharat Na Nari Ratno,1,,Pravin Prakashan,,,844,Gujarati,,891.47,,,,JANI SHANTILAL,Literature,844,,0,48.00,,,,,,,
Bharat Na Nari Ratno,1,,Pravin Prakashan,,,845,Gujarati,,891.47,,,,JANI SHANTILAL,Literature,845,,0,48.00,,,,,,,
Suvakya Sagar,1,,Gurjar Granth Ratna Karyalay,,,846,Gujarati,,891.47,,,,SONI RAMANLAL,Literature,846,,0,200.00,,,,,,,
Man Na Morpitchh,1,,Image Publication,,,847,Gujarati,,891.47,,,,Panchal Dinesh,Literature,847,,0,70.00,,,,,,,
Five Point Someone,1,,Satva Publication,,,848,Gujarati,,891.47,,,,Bhagat Chetan,Literature,848,,0,150.00,,,,,,,
Divasvapna,1,,Sanskar Sahitya Mandir,,,849,Gujarati,,891.47,,,,Badheka Gijubhai,Literature,849,,0,40.00,,,,,,,
Suna Aavas,1,,XYZ,,,850,Gujarati,,891.47,,,,MEHTA RASIK,Literature,850,,0,,,,,,,,
Kshat Vikshat,1,,Navbharat Sahitya Mandir,,,851,Gujarati,,891.47,,,,MADIA CHUNILAL,Literature,851,,0,46.00,,,,,,,
Jayanti Dalal Na Pratinidhi Ekankio,1,,Adarsh Prakashan,,,852,Gujarati,,891.47,,,,Dalal Jayanti,Literature,852,,0,50.00,,,,,,,
Saroj Pathak Ni Shrashtha Vartao,1,,Shabdalok Prakashan,,,853,Gujarati,,891.47,,,,PATHAK RAMANLAL,Literature,853,,0,80.00,,,,,,,
Lay Pralay - 1,1,,Pravin Pustak Bhandar,,,854,Gujarati,,891.47,,,,MEHTA HARKISHAN,Literature,854,,0,125.00,,,,,,,
Lay Pralay 2,1,,Pravin Pustak Bhandar,,,855,Gujarati,,891.47,,,,MEHTA HARKISHAN,Literature,855,,0,125.00,,,,,,,
Lay Pralay 3,1,,Pravin Pustak Bhandar,,,856,Gujarati,,891.47,,,,MEHTA HARKISHAN,Literature,856,,0,125.00,,,,,,,
Hasya Kanika,1,,Lok Milap Trust,,,857,Gujarati,,891.47,,,,MEGHANI MAHENDRA,Literature,857,,0,15.00,,,,,,,
Be Rajkumari,1,,gURJAR aGE,,,858,Gujarati,,891.47,,,,Daru Arunika,Literature,858,,0,70.00,,,,,,,
Baraf Ma Jwalamukhi,1,,Image Publication,,,859,Gujarati,,891.47,,,,DAVE MAHESH,Literature,859,,0,120.00,,,,,,,
Prerak Vibhuti - Mahatma Gandhi,1,,Hari Om Ashram,,,860,Gujarati,,891.47,,,,Pujya Shree Mota,Literature,860,,0,7.00,,,,,,,
Tame Jate J Kari Juo,1,,R.R Seth ni Co.,,,861,Gujarati,,891.47,,,,Choksi Gatubhai,Referance Book,861,,0,50.00,,,,,,,
Desh Videsh Na Vaigyaniko,1,,Navneet Prakashan,,,862,Gujarati,,891.47,,,,Shah Suresh,Referance Book,862,,0,55.00,,,,,,,
Navneet General Knowledge,1,,Navneet Prakashan,,,863,Gujarati,,891.47,,,,Tolani Roshan,Referance Book,863,,0,50.00,,,,,,,
Alice In Wonderland,1,,Scholastic Ins.,,,864,English,,823,,,,Corroll Lewis,Literature,864,,0,99.00,,,,,,,
Arebian Nights-1,1,,Navneet Prakashan,,,865,Gujarati,,891.47,,,,Suthar Bhikhabhai,Literature,865,,0,23.00,,,,,,,
Arebian Nights-2,1,,Navneet Prakashan,,,866,Gujarati,,891.47,,,,Suthar Bhikhabhai,Literature,866,,0,23.00,,,,,,,
Arebian Nights-3,1,,Navneet Prakashan,,,867,Gujarati,,891.47,,,,Suthar Bhikhabhai,Literature,867,,0,23.00,,,,,,,
Arebian Nights-4,1,,Navneet Prakashan,,,868,Gujarati,,891.47,,,,Suthar Bhikhabhai,Literature,868,,0,23.00,,,,,,,
Arebian Nights-5,1,,Navneet Prakashan,,,869,Gujarati,,891.47,,,,Suthar Bhikhabhai,Literature,869,,0,23.00,,,,,,,
Arebian Nights-6,1,,Navneet Prakashan,,,870,Gujarati,,891.47,,,,Suthar Bhikhabhai,Literature,870,,0,23.00,,,,,,,
Arebian Nights-6,1,,Navneet Prakashan,,,871,Gujarati,,891.47,,,,Suthar Bhikhabhai,Literature,871,,0,23.00,,,,,,,
Arebian Nights-8,1,,Navneet Prakashan,,,872,Gujarati,,891.47,,,,Suthar Bhikhabhai,Literature,872,,0,23.00,,,,,,,
Chatur Birbal-1,1,,Navneet Prakashan,,,873,Gujarati,,891.47,,,,Bhatt Bhaskar,Literature,873,,0,23.00,,,,,,,
Chatur Birbal-2,1,,Navneet Prakashan,,,874,Gujarati,,891.47,,,,Bhatt Bhaskar,Literature,874,,0,23.00,,,,,,,
Chatur Birbal-3,1,,Navneet Prakashan,,,875,Gujarati,,891.47,,,,Bhatt Bhaskar,Literature,875,,0,23.00,,,,,,,
Chatur Birbal-4,1,,Navneet Prakashan,,,876,Gujarati,,891.47,,,,Bhatt Bhaskar,Literature,876,,0,23.00,,,,,,,
Rasprad Vartao-1,1,,Navneet Prakashan,,,877,Gujarati,,891.47,,,,Suthar Bhikhabhai,Literature,877,,0,23.00,,,,,,,
Rasprad Vartao-2,1,,Navneet Prakashan,,,878,Gujarati,,891.47,,,,Suthar Bhikhabhai,Literature,878,,0,23.00,,,,,,,
Rasprad Vartao-3,1,,Navneet Prakashan,,,879,Gujarati,,891.47,,,,Suthar Bhikhabhai,Literature,879,,0,23.00,,,,,,,
Rasprad Vartao-4,1,,Navneet Prakashan,,,880,Gujarati,,891.47,,,,Joshi Yogesh,Literature,880,,0,23.00,,,,,,,
Rasprad Vartao-5,1,,Navneet Prakashan,,,881,Gujarati,,891.47,,,,Joshi Yogesh,Literature,881,,0,23.00,,,,,,,
Rasprad Vartao-6,1,,Navneet Prakashan,,,882,Gujarati,,891.47,,,,Joshi Yogesh,Literature,882,,0,23.00,,,,,,,
Isap Neeti-1,1,,Navneet Prakashan,,,883,Gujarati,,891.47,,,,Joshi Yogesh,Literature,883,,0,35.00,,,,,,,
Isap Neeti-2,1,,Navneet Prakashan,,,884,Gujarati,,891.47,,,,Joshi Yogesh,Literature,884,,0,35.00,,,,,,,
Isap Neeti-3,1,,Navneet Prakashan,,,885,Gujarati,,891.47,,,,Joshi Yogesh,Literature,885,,0,35.00,,,,,,,
Isap Neeti-4,1,,Navneet Prakashan,,,886,Gujarati,,891.47,,,,Joshi Yogesh,Literature,886,,0,35.00,,,,,,,
Bakor Patel Ni Kahanio,1,,Gandiv Sahitya Mandir,,,887,Gujarati,,891.47,,,,Vyas Hariprasad,Literature,887,,0,35.00,,,,,,,
Bakor patel- Tran Trekhad,1,,Gandiv Sahitya Mandir,,,888,Gujarati,,891.47,,,,Vyas Hariprasad,Literature,888,,0,35.00,,,,,,,
Bakor Patel- Doctor Na Ye Doctor,1,,Navneet Prakashan,,,889,Gujarati,,891.47,,,,Vyas Hariprasad,Literature,889,,0,35.00,,,,,,,
Bakor Patel- Andhle Baheru,1,,Gandiv Sahitya Mandir,,,890,Gujarati,,891.47,,,,Vyas Hariprasad,Literature,890,,0,35.00,,,,,,,
Bakor Patel- Raj Nu Gaj,1,,Gandiv Sahitya Mandir,,,891,Gujarati,,891.47,,,,Vyas Hariprasad,Literature,891,,0,35.00,,,,,,,
Bakor Patel na Fajeta,1,,Gandiv Sahitya Mandir,,,892,Gujarati,,891.47,,,,Vyas Hariprasad,Literature,892,,0,35.00,,,,,,,
Pario Ni Vato-1,1,,Gandiv Sahitya Mandir,,,893,Gujarati,,891.47,,,,Suthar Bhikhabhai,Literature,893,,0,22.00,,,,,,,
Pario Ni Vato-2,1,,Gandiv Sahitya Mandir,,,894,Gujarati,,891.47,,,,Suthar Bhikhabhai,Literature,894,,0,22.00,,,,,,,
Pario Ni Vato-3,1,,Gandiv Sahitya Mandir,,,895,Gujarati,,891.47,,,,Suthar Bhikhabhai,Literature,895,,0,22.00,,,,,,,
Pario Ni Vato-4,1,,Gandiv Sahitya Mandir,,,896,Gujarati,,891.47,,,,Suthar Bhikhabhai,Literature,896,,0,22.00,,,,,,,
Varta Lo Koi Varta Lo-1,1,,Navneet Prakashan,,,897,Gujarati,,891.47,,,,PATEL MOHANLAL,Literature,897,,0,23.00,,,,,,,
Vartao Lo Koi Varta Lo-2,1,,Navneet Prakashan,,,898,Gujarati,,891.47,,,,PATEL MOHANLAL,Literature,898,,0,23.00,,,,,,,
Varta Lo Koi Varta Lo-4,1,,Navneet Prakashan,,,899,Gujarati,,891.47,,,,PATEL MOHANLAL,Literature,899,,0,23.00,,,,,,,
Subodh Balvartao-2,1,,Navneet Prakashan,,,900,Gujarati,,891.47,,,,Sampat C K,Literature,900,,0,20.00,,,,,,,
Subodh Balvartao-5,1,,Navneet Prakashan,,,901,Gujarati,,891.47,,,,Sampat C K,Literature,901,,0,20.00,,,,,,,
Subodh Balvartao-6,1,,Navneet Prakashan,,,902,Gujarati,,891.47,,,,Sampat C K,Literature,902,,0,20.00,,,,,,,
Subodh Balvartao-7,1,,Navneet Prakashan,,,903,Gujarati,,891.47,,,,Sampat C K,Literature,903,,0,20.00,,,,,,,
SamPna BalRamayan-1,1,,Anada Prakashan,,,904,Gujarati,,891.47,,,,Naik Ratilal,Literature,904,,0,35.00,,,,,,,
SamPna BalRamayan-2,1,,Anada Prakashan,,,905,Gujarati,,891.47,,,,Naik Ratilal,Literature,905,,0,35.00,,,,,,,
Bal Mahabharat-1,1,,Anada Prakashan,,,906,Gujarati,,891.47,,,,Naik Ratilal,Literature,906,,0,35.00,,,,,,,
Veer Kumaro-2,1,,Akshra Ashrama,,,907,Gujarati,,891.47,,,,Naik Ratilal,Literature,907,,0,40.00,,,,,,,
Veer Kumaro-3,1,,Akshra Ashrama,,,908,Gujarati,,891.47,,,,Naik Ratilal,Literature,908,,0,40.00,,,,,,,
Veer Kumaro-4,1,,Akshra Ashrama,,,909,Gujarati,,891.47,,,,Naik Ratilal,Literature,909,,0,40.00,,,,,,,
Veer Kumaro-5,1,,Akshra Ashrama,,,910,Gujarati,,891.47,,,,Naik Ratilal,Literature,910,,0,40.00,,,,,,,
Veer Kumaro-8,1,,Akshra Ashrama,,,911,Gujarati,,891.47,,,,Naik Ratilal,Literature,911,,0,40.00,,,,,,,
Bal Mahabharat-2,1,,Anada Prakashan,,,912,Gujarati,,891.47,,,,Naik Ratilal,Literature,912,,0,35.00,,,,,,,
Geeta,1,,Anada Prakashan,,,913,Gujarati,,891.47,,,,Naik Ratilal,Literature,913,,0,15.00,,,,,,,
Isap Ni Vato Part - 2,1,,Anada Prakashan,,,914,Gujarati,,891.47,,,,XYZ,Literature,914,,0,20.00,,,,,,,
Navrang Bal Vartao,1,,Ankur Prakashan,,,915,Gujarati,,891.47,,,,XYZ,Literature,915,,0,20.00,,,,,,,
Hitopadesh Ni Vato Part - 1,1,,Akshara Prakashan,,,916,Gujarati,,891.47,,,,Naik Ratilal,Literature,916,,0,40.00,,,,,,,
Paku-Gap Gapidas,1,,Navbharat Sahitya Mandir,,,917,Gujarati,,891.47,,,,Joshi Jivram,Literature,917,,0,15.00,,,,,,,
Madhpudo,1,,Ankur Prakashan,,,918,Gujarati,,891.47,,,,Patel Somabhai,Literature,918,,0,10.00,,,,,,,
Panchtantra Ni Bodhak Vartao - 2,1,,Ankur Prakashan,,,919,Gujarati,,891.47,,,,Patel Somabhai,Literature,919,,0,5.00,,,,,,,
Panchtantra Ni Bodkak Vartao -3,1,,Ankur Prakashan,,,920,Gujarati,,891.47,,,,Patel Somabhai,Literature,920,,0,5.00,,,,,,,
panchtantra Ni Bodhak Vartao - 4,1,,Ankur Prakashan,,,921,Gujarati,,891.47,,,,Patel Somabhai,Literature,921,,0,5.00,,,,,,,
Panchtantra Ni Bodhak Vartao - 5,1,,Ankur Prakashan,,,922,Gujarati,,891.47,,,,Patel Somabhai,Literature,922,,0,5.00,,,,,,,
Panchtantra Ni Bodhak Vartao - 6,1,,Ankur Prakashan,,,923,Gujarati,,891.47,,,,Patel Somabhai,Literature,923,,0,5.00,,,,,,,
Panchtantra Ni Bodhak Vartao - 1,1,,Ankur Prakashan,,,924,Gujarati,,891.47,,,,Patel Somabhai,Literature,924,,0,5.00,,,,,,,
Mot Ni Yatra,1,,Shree Laxmi Pustak Bhandar,,,925,Gujarati,,891.47,,,,Gohel Natvar,Literature,925,,0,10.00,,,,,,,
Vandevi No Har,1,,Shree Laxmi Pustak Bhandar,,,926,Gujarati,,891.47,,,,Gohel Natvar,Literature,926,,0,10.00,,,,,,,
Naglok,1,,Shree Laxmi Pustak Bhandar,,,927,Gujarati,,891.47,,,,Gohel Natvar,Literature,927,,0,10.00,,,,,,,
Pashan Manav,1,,Shree Laxmi Pustak Bhandar,,,928,Gujarati,,891.47,,,,Gohel Natvar,Literature,928,,0,10.00,,,,,,,
Birbal Nu Budhdhi Chaturya,1,,Sastu Pustak Bhandar,,,929,Gujarati,,891.47,,,,Varan Varsha,Literature,929,,0,12.00,,,,,,,
Vinela Phool - 9,1,,Yagna Prakashan,,,930,Gujarati,,891.47,,,,Harish Chandra,Literature,930,,0,7.00,,,,,,,
Vinela Moti - 3,1,,Yagna Prakashan,,,931,Gujarati,,891.47,,,,Harish Chandra,Literature,931,,0,10.00,,,,,,,
Samju Balak,1,,Om Shanti Press,,,932,Gujarati,,891.47,,,,XYZ,Literature,932,,0,,,,,,,,
Panchtantra Ni Bal Kathao - 4,1,,Navbharat Sahitya Mandir,,,933,Gujarati,,891.47,,,,Gajjar Harshida,Literature,933,,0,11.00,,,,,,,
Vivekananda Ni Sachitra Bodhak Katha,1,,Shree Ram Krishna Ashram,,,934,Gujarati,,891.47,,,,Mehta Mansukh,Literature,934,,0,10.00,,,,,,,
Shree Ram Krishna Dev ni Vartao,1,,Shree Ram Krishna Ashram,,,935,Gujarati,,891.47,,,,Mehta Mansukh,Literature,935,,0,15.00,,,,,,,
Balko Na Maa Shardadevi,1,,Shree Ram Krishna Ashram,,,936,Gujarati,,891.47,,,,Swami Smarananda,Literature,936,,0,13.00,,,,,,,
Balko Na Shree Ram Krisahna,1,,Shree Ram Krishna Ashram,,,937,Gujarati,,891.47,,,,Swami Smarananda,Literature,937,,0,20.00,,,,,,,
Vivekananda Ki Manoram Kahaniya,1,,Advaita Ashrama,,,938,Hindi,,423,,,,Bhuvalka Dharamsheela,Literature,938,,0,13.00,,,,,,,
Vivekananda Ki Kahani,1,,Advaita Ashrama,,,939,Hindi,,423,,,,Rai Iran,Literature,939,,0,17.00,,,,,,,
Shree Ram Krishna Ki Kahaniya,1,,Advaita Ashrama,,,940,Hindi,,423,,,,Gupta Mallika,Literature,940,,0,16.00,,,,,,,
Shraa Ram Krishna Kathachitra Mala,1,,Advaita Ashrama,,,941,Hindi,,423,,,,XYZ,Literature,941,,0,20.00,,,,,,,
Bachho Ke Vicekananda,1,,Udbodhan Karyalaya,,,942,Hindi,,423,,,,Swami Vishwashryananda,Literature,942,,0,11.00,,,,,,,
Bachho Ke Ram Krishna,1,,Udbodhan Karyalaya,,,943,Hindi,,423,,,,Swami Vishwashryananda,Literature,943,,0,16.00,,,,,,,
Bachho Ki Maa Shardadevi,1,,Advaita Ashrama,,,944,Hindi,,423,,,,Swami Vishwashryananda,Literature,944,,0,12.00,,,,,,,
Tenalirama Ki Kahaniya,1,,Prakash Publikcation,,,945,Hindi,,423,,,,Sanjay Kumar,Literature,945,,0,12.00,,,,,,,
Principles of Class teaching,1,,Avadh Prakashan,,,946,English,,823,,,,Smith Frank,Referance Book,946,,0,3.20,,,,,,,
General Knowledge,1,,Avadh Prakashan,,,947,English,,823,,,,Agarwal O P,Referance Book,947,,0,15.00,,,,,,,
ICON,1,,XYZ,,,948,English,,823,,,,XYZ,Literature,948,,0,155.00,,,,,,,
Nutrition & Dietetics,1,,Mc.Grewhill Publishing,,,949,English,,823,,,,Joshi Shubhangini,Literature,949,,0,,,,,,,,
Tartu Mahanagar,1,,R.R Seth ni Co.,,,950,Gujarati,,891.47,,,,DaulatBhai Naik,Literature,950,,0,100.00,,,,,,,
Eanshi Divas Ma Pruthvi Ni Pradaxina,1,,R.R Seth ni Co.,,,951,Gujarati,,891.47,,,,DaulatBhai Naik,Literature,951,,0,125.00,,,,,,,
Michael Strigoff,1,,R.R Seth ni Co.,,,952,Gujarati,,891.47,,,,DaulatBhai Naik,Literature,952,,0,170.00,,,,,,,
Agnirath,1,,R.R Seth ni Co.,,,953,Gujarati,,891.47,,,,DaulatBhai Naik,Literature,953,,0,200.00,,,,,,,
Light House,1,,R.R Seth ni Co.,,,954,Gujarati,,891.47,,,,DaulatBhai Naik,Literature,954,,0,110.00,,,,,,,
English Referance Book,1,,Camp Publication,,,955,English,,820,,,,Jacqueline Chinai,Referance Book,955,,0,65.00,,,,,,,
English Referance Book (VIII - Part - 2),1,,Camp Publication,,,956,English,,820,,,,Jacqueline Chinai,Referance Book,956,,0,65.00,,,,,,,
English Referance Book (IX - Part - 1),1,,Camp Publication,,,957,English,,820,,,,Jacqueline Chinai,Referance Book,957,,0,80.00,,,,,,,
English Referance Book,1,,Camp Publication,,,958,English,,820,,,,Jacqueline Chinai,Referance Book,958,,0,80.00,,,,,,,
English Ready Reckoner (IX - Part - 1),1,,Camp Publication,,,959,English,,820,,,,Jacqueline Chinai,Referance Book,959,,0,50.00,,,,,,,
Mathematics Practice Work (Std - 8),1,,Navneet Publication,,,960,English,,820,,,,Shah Gautam B,Referance Book,960,,0,65.00,,,,,,,
Mathematics Practice Work (Std - 8),1,,Navneet Publication,,,961,English,,820,,,,Shah Gautam B,Referance Book,961,,0,65.00,,,,,,,
English Grammar & Composition ( Std - 8),1,,Navneet Publication,,,962,English,,820,,,,Nav,Referance Book,962,,0,55.00,,,,,,,
English Grammar & Composition (Std - 8),1,,Navneet Publication,,,963,English,,820,,,,Nav,Referance Book,963,,0,55.00,,,,,,,
Mathematics Solved Examples,1,,Navneet Publication,,,964,English,,510,,,,XYZ,Referance Book,964,,0,55.00,,,,,,,
Practice Work Mathematics Part-1,1,,Navbharat Sahitya Mandir,,,965,English,,510,,,,XYZ,Referance Book,965,,0,55.00,,,,,,,
Practice Work Mathematics Part - 2,1,,Navneet Publication,,,966,English,,510,,,,XYZ,Referance Book,966,,0,65.00,,,,,,,
Science and Technology Digest Part-2,1,,Navneet Publication,,,967,English,,500,,,,XYZ,Referance Book,967,,0,65.00,,,,,,,
Navneet Science and Technology Digest Part-2 Std X,1,,Navneet Publication,,,968,English,,500,,,,XYZ,Referance Book,968,,0,65.00,,,,,,,
Modern S S C Sanskrit Std - X,1,,C Jamnadas & Co.,,,969,English,,891.2,,,,Kautilya,Referance Book,969,,0,40.00,,,,,,,
Gujarati Digest,1,,Navneet Publication,,,970,Gujarati,,891.47,,,,XYZ,Referance Book,970,,0,,,,,,,,
English Digest,1,,Navneet Publication,,,971,English,,820,,,,XYZ,Referance Book,971,,0,80.00,,,,,,,
English Digest,1,,Navneet Publication,,,972,English,,820,,,,XYZ,Referance Book,972,,0,80.00,,,,,,,
Jivan Safar,1,,Good Book Publisher,,,973,Gujarati,,891.47,,,,XYZ,Literature,973,,0,90.00,,,,,,,
Marak Marak,1,,Gurjar Sahitya Bhavan,,,974,Gujarati,,891.47,,,,Borisagar Ratilal,Literature,974,,0,70.00,,,,,,,
Jyotindra Tarang,1,,Gurjar Prakashan,,,975,Gujarati,,891.47,,,,DAVE JUGATRAM,Literature,975,,0,175.00,,,,,,,
Ipsitayan,1,,Navbharat Sahitya Mandir,,,976,Gujarati,,891.47,,,,Rane Bharti,Literature,976,,0,200.00,,,,,,,
Ajni Kshhan,1,,Gurjar Granth Ratna Karyalay,,,977,Gujarati,,891.47,,,,Mankad Mohammd,Literature,977,,0,100.00,,,,,,,
Somtirth,1,,Ranadwar Prakashan,,,978,Gujarati,,891.47,,,,CHAUDHARY RAGHUVIR,Literature,978,,0,160.00,,,,,,,
Angad No Pag,1,,Amara Prakashan,,,979,Gujarati,,891.47,,,,Dholkia Haresh,Literature,979,,0,120.00,,,,,,,
Bharelo Agni,1,,R.R Seth ni Co.,,,980,Gujarati,,891.473,,,,DESAI RAMANLAL,Literature,980,,0,200.00,,,,,,,
Zarukhe Deeva,1,,Navbharat Sahitya Mandir,,,981,Gujarati,,891.473,,,,Isha - Kundnika,Literature,981,,0,100.00,,,,,,,
La Mizarebals,1,,Balvinod Prakashan,,,982,Gujarati,,891.473,,,,Kakdia Mansukh,Literature,982,,0,100.00,,,,,,,
Meghani ni Navlikao,1,,Gurjar Prakashan,,,983,Gujarati,,891.473,,,,MEGHANI ZAVERCHAND,Literature,983,,0,110.00,,,,,,,
Gujarat No Nath,1,,Gurjar Prakashan,,,984,Gujarati,,891.473,,,,Munshi K M,Literature,984,,0,250.00,,,,,,,
Na Hanyate,1,,Rannade Prakashan,,,985,Gujarati,,891.473,,,,PAREKH NAGINDAS,Literature,985,,0,230.00,,,,,,,
Bhadram Bhadra,1,,Gurjar Granth Ratna Karyalay,,,986,Gujarati,,891.473,,,,Neelkanth Ramanlal,Literature,986,,0,200.00,,,,,,,
Janam Tip,1,,Navbharat Sahitya Mandir,,,987,Gujarati,,891.473,,,,PETLIKAR ISHWAR,Literature,987,,0,110.00,,,,,,,
The Old Man And The Sea,1,,Shabdalok Prakashan,,,988,Gujarati,,891.473,,,,Thakor Ravindra,Literature,988,,0,80.00,,,,,,,
Be Akshar Jindgi Na,1,,Navbharat Sahitya Mandir,,,989,Gujarati,,891.473,,,,Vadodariya Bhoopt,Literature,989,,0,200.00,,,,,,,
Slience Please!,1,,R.R Seth ni Co.,,,990,Gujarati,,891.473,,,,Vijliwala I K,Literature,990,,0,60.00,,,,,,,
Five Point Someone,1,,Satva Prakashan,,,991,Gujarati,,891.473,,,,Bhagat Chetan,Literature,991,,0,150.00,,,,,,,
Namun Te Hasyabrahm Ne,1,,Gurjar Prakashan,,,992,Gujarati,,891.473,,,,Borisagar Ratilal,Literature,992,,0,180.00,,,,,,,
Shreshtha Hasyarachnao,1,,Navbharat Sahitya Mandir,,,993,Gujarati,,891.473,,,,DAVE JUGATRAM,Literature,993,,0,95.00,,,,,,,
Param Teje,1,,Rannade Prakashan,,,994,Gujarati,,891.473,,,,Panchal Mohanlal,Literature,994,,0,170.00,,,,,,,
Himalayan Na Siddhayogi,1,,Balvinod Prakashan,,,995,Gujarati,,891.47,,,,KAPADIYA KUNDNIKA,Literature,995,,0,151.00,,,,,,,
Mahabharat Na Subhashito,1,,Kusum Prakashan,,,996,Gujarati,,891.47,,,,Shastri P U,Literature,996,,0,135.00,,,,,,,
Rajkan,1,,Gurjar Prakashan,,,997,Gujarati,,891.47,,,,DhoomKetu,Literature,997,,0,100.00,,,,,,,
Sanskar Geeto,1,,Yagna Prakashan,,,998,Gujarati,,891.47,,,,Shah Jagdish,Literature,998,,0,30.00,,,,,,,
Chakra Thi Charkha Sudhi,1,,Pravin Prakashan,,,999,Gujarati,,891.47,,,,JOSHI DINKAR,Literature,999,,0,150.00,,,,,,,
Maharaj Na Mukhe thi ane Biji Vato,1,,Gujarati Sahitya Parisad,,,1000,Gujarati,,891.47,,,,Patel Maganlal,Literature,1000,,0,140.00,,,,,,,
Saradr Etle Sardar,1,,R.R Seth ni Co.,,,1001,Gujarati,,891.47,,,,SHAH GUNVANT,Literature,1001,,0,120.00,,,,,,,
Narandra Modi- Aadhunik Gujarat Na Shilpi,1,,R.R Seth ni Co.,,,1002,Gujarati,,891.47,,,,Randeri Kalandi,Literature,1002,,0,250.00,,,,,,,
Dhirubhai Ambani- Avarodho Ni Aarpar,1,,R.R Seth ni Co.,,,1003,Gujarati,,891.47,,,,Krishnamurthy A G,Literature,1003,,0,75.00,,,,,,,
Aganpankh,1,,Gurjar Prakashan,,,1004,Gujarati,,891.47,,,,Dholkia Haresh,Literature,1004,,0,125.00,,,,,,,
Narayan Murthi - Mulyo Na Jatan Ni Anokhi Safar,1,,R.R Seth ni Co.,,,1005,Gujarati,,891.47,,,,Chokkan N,Literature,1005,,0,90.00,,,,,,,
Morarjibhai - Adag Manobal Na Prahari,1,,Kusum Prakashan,,,1006,Gujarati,,891.47,,,,Kadikar Yashvant,Literature,1006,,0,22.50,,,,,,,
Dr. Radhakrishanan - Shikshak Manthi Rashtrapati,1,,Navsarjan Publication,,,1007,Gujarati,,891.47,,,,Dave Jaydev L,Literature,1007,,0,40.00,,,,,,,
Meghanicharit,1,,Gujarat Vishvakosh,,,1008,Gujarati,,891.47,,,,Jani Kanubhai,Literature,1008,,0,80.00,,,,,,,
Kalpana Chavla - Bharat ni Pratham Avakash Yatri Mahila,1,,Kothari Prakashan,,,1009,Gujarati,,891.47,,,,Kadikar Yashvant,Literature,1009,,0,90.00,,,,,,,
Albert Einstine,1,,Pravin Prakashan,,,1010,Gujarati,,891.47,,,,Mishra Vinod Kumar,Literature,1010,,0,90.00,,,,,,,
Gandhi Ganga Part - 1,1,,Lok Milap Trust,,,1011,Gujarati,,891.47,,,,MEGHANI MAHENDRA,Literature,1011,,0,100.00,,,,,,,
Gandhi Ganga Part - 2,1,,Lok Milap Trust,,,1012,Gujarati,,891.47,,,,MEGHANI MAHENDRA,Literature,1012,,0,70.00,,,,,,,
Gandhi - Jeva Joya Vinoba e,1,,Yagna Prakashan,,,1013,Gujarati,,891.47,,,,Shah Kanti,Literature,1013,,0,50.00,,,,,,,
Swami Vivekananda,1,,Image Publication,,,1014,Gujarati,,891.47,,,,Mehta Jaya,Literature,1014,,0,65.00,,,,,,,
Bhagwan Mahavir,1,,Jaybhikhu Sahitya Trust,,,1015,Gujarati,,891.47,,,,Jay Bhikhu,Literature,1015,,0,140.00,,,,,,,
Maharshi Sri Aurbindo,1,,Harsh Prakashan,,,1016,Gujarati,,891.47,,,,BRAHMBHATT PRASAD,Literature,1016,,0,250.00,,,,,,,
Bhagwan Buddha,1,,Shreeji Sels Agency,,,1017,Gujarati,,891.47,,,,Mandli Popatlal,Literature,1017,,0,30.00,,,,,,,
Pujya Vinoba Bhave,1,,Parul Prakashan,,,1018,Gujarati,,891.47,,,,Jani Kripa Shankar,Literature,1018,,0,30.00,,,,,,,
Dayananda Sarswati,1,,Surya Prakashan,,,1019,Gujarati,,891.47,,,,Trivedi Jethalal,Literature,1019,,0,50.00,,,,,,,
Paramhans Shri Ramkrishna,1,,Viral Prakashan,,,1020,Gujarati,,891.47,,,,Pandya Dushyant,Literature,1020,,0,120.00,,,,,,,
Yatiraj Swami Vivekananda,1,,Viral Prakashan,,,1021,Gujarati,,891.47,,,,Pandya Dushyant,Literature,1021,,0,120.00,,,,,,,
Panjab Kesri Lala Lajpatrai,1,,Peshwa Prakashan,,,1022,Gujarati,,891.47,,,,Jani Urmila,Literature,1022,,0,70.00,,,,,,,
Subhashchandsra Boz,1,,gURJAR aGE,,,1023,Gujarati,,891.47,,,,Acharya Gunvant,Literature,1023,,0,100.00,,,,,,,
Maharana Pratap,1,,Shreeji Sels Agency,,,1024,Gujarati,,891.47,,,,Mandli Popatlal,Literature,1024,,0,30.00,,,,,,,
Chandra Shekhar Azad,1,,Rannade Prakashan,,,1025,Gujarati,,891.47,,,,Mandli Popatlal,Literature,1025,,0,30.00,,,,,,,
Virangna Laxmibai,1,,Deep Enterprise,,,1026,Gujarati,,891.47,,,,Mandli Popatlal,Literature,1026,,0,30.00,,,,,,,
Chankya,1,,Deep Enterprise,,,1027,Gujarati,,891.47,,,,Mandli Popatlal,Literature,1027,,0,25.00,,,,,,,
Lalbahadur Shastri,1,,Parul Prakashan,,,1028,Gujarati,,891.47,,,,Jani Kripa Shankar,Literature,1028,,0,75.00,,,,,,,
Warren Buffett,1,,Wondaer Land Publication,,,1029,Gujarati,,891.47,,,,Kotak Keyur,Literature,1029,,0,70.00,,,,,,,
Steve Jobs,1,,Wondaer Land Publication,,,1030,Gujarati,,891.47,,,,Acharya Manish,Literature,1030,,0,70.00,,,,,,,
Saundaryavanti,1,,Gujarat Sahitya Academy,,,1031,Gujarati,,891.47,,,,Vamdatt Arun,Literature,1031,,0,,,,,,,,
101 Preranadayi Prasango,1,,Pravin Prakashan,,,1032,Gujarati,,891.47,,,,VIDYALANKAR CHANDRAMURTI,Literature,1032,,0,75.00,,,,,,,
Gujarati Pratinidhi Vartao,1,,Adarsh Prakashan,,,1033,Gujarati,,891.47,,,,Vidyalankar Vinod,Literature,1033,,0,115.00,,,,,,,
Birbal Kathamala - 5,1,,Parul Prakashan,,,1034,Gujarati,,891.47,,,,Amin Chandrakant,Literature,1034,,0,40.00,,,,,,,
Birbal Ane Badshah - 3,1,,Parul Prakashan,,,1035,Gujarati,,891.47,,,,Amin Chandrakant,Literature,1035,,0,50.00,,,,,,,
Birbal Ane Badshah - 4,1,,Parul Prakashan,,,1036,Gujarati,,891.47,,,,Amin Chandrakant,Literature,1036,,0,50.00,,,,,,,
Birbal Ane Badshah - 3,1,,Parul Prakashan,,,1037,Gujarati,,891.47,,,,Amin Chandrakant,Literature,1037,,0,50.00,,,,,,,
irbal Ane Badshah - 1,1,,Parul Prakashan,,,1038,Gujarati,,891.47,,,,Amin Chandrakant,Literature,1038,,0,50.00,,,,,,,
Marathi Shreshtha Vartao,1,,Laxmi Pustak Bhandar,,,1039,Gujarati,,891.47,,,,Binywale Jagdish,Literature,1039,,0,70.00,,,,,,,
Tagor Ni Shrestha Vartao,1,,Navbharat Sahitya Mandir,,,1040,Gujarati,,891.47,,,,BRAHMBHATT PRASAD,Literature,1040,,0,13.00,,,,,,,
Chandrakant Bakshi Ni Shrestha Vartao,1,,Navbharat Sahitya Mandir,,,1041,Gujarati,,891.47,,,,BAKSHI CHANDRAKANT,Literature,1041,,0,140.00,,,,,,,
Drashtant Kathao,1,,Sanskar Sahitya Mandir,,,1042,Gujarati,,891.47,,,,Bhatt Nanabhai,Literature,1042,,0,80.00,,,,,,,
Pankatha Rahasya,1,,R.R Seth ni Co.,,,1043,Gujarati,,891.47,,,,Bhandev,Literature,1043,,0,55.00,,,,,,,
Madhav Kyany Nathi Madhuvan Ma,1,,Pravin Prakashan,,,1044,Gujarati,,891.473,,,,DAVE HARINDRA,Literature,1044,,0,125.00,,,,,,,
Zakalbhina Moti,1,,Kusum Prakashan,,,1045,Gujarati,,891.47,,,,Desai Kumarpal,Literature,1045,,0,75.00,,,,,,,
Phoolgulabi Kisssa,1,,XYZ,,,1046,Gujarati,,891.47,,,,Goswami Kirit,Literature,1046,,0,,,,,,,,
Dolly Dum Dum Ane Bade Baba,1,,Divine Publication,,,1047,Gujarati,,891.47,,,,Gohel Natvar,Literature,1047,,0,60.01,,,,,,,
Rangmanch Tamaro,1,,Deep Enterprise,,,1048,Gujarati,,891.47,,,,Jani Vinod C,Literature,1048,,0,70.00,,,,,,,
Vishwa Prasidhdha Vartao,1,,Kothari Prakashan,,,1049,Gujarati,,891.47,,,,Jani Kripa Shankar,Literature,1049,,0,170.00,,,,,,,
Vikramaditya Hemu,1,,Jaybhikhu Sahitya Trust,,,1050,Gujarati,,891.47,,,,Jay Bhikhu,Literature,1050,,0,200.00,,,,,,,
Kon Tiki,1,,Sanskar Sahitya Mandir,,,1051,Gujarati,,891.47,,,,MEGHANI MAHENDRA,Literature,1051,,0,70.00,,,,,,,
Saurashtra Ni Rasdhar - 3,1,,Everst Prakashan,,,1052,Gujarati,,891.47,,,,MEGHANI ZAVERCHAND,Literature,1052,,0,120.00,,,,,,,
Kundnika Kapadia Ni Shreshtha Vartao,1,,Book Mark Publication,,,1053,Gujarati,,891.47,,,,KAPADIYA KUNDNIKA,Literature,1053,,0,110.00,,,,,,,
Satya Ni Sodh Ma,1,,Laxmi Pustak Bhandar,,,1054,Gujarati,,891.47,,,,MEGHANI ZAVERCHAND,Literature,1054,,0,150.00,,,,,,,
Mahan Musafaro - 1,1,,gURJAR aGE,,,1055,Gujarati,,891.47,,,,Mehta Yashvant,Literature,1055,,0,40.00,,,,,,,
Mahan Musafaro - 5,1,,gURJAR aGE,,,1056,Gujarati,,891.47,,,,Mehta Yashvant,Literature,1056,,0,40.00,,,,,,,
Sherkhan - A King of Jungle,1,,Urenus Books,,,1057,Gujarati,,891.47,,,,Maurya Vijaygupt,Literature,1057,,0,120.00,,,,,,,
Ek Raat Ma,1,,Sanjeevani,,,1058,Gujarati,,891.47,,,,PATEL PANNALAL,Literature,1058,,0,50.00,,,,,,,
Ramayan Kishor Katha,1,,Sanjeevani,,,1059,Gujarati,,891.47,,,,PATEL PANNALAL,Literature,1059,,0,165.00,,,,,,,
Tom Sawyer  Na Parakramo,1,,Gurjar Granth Ratna Karyalay,,,1060,Gujarati,,891.47,,,,Patel Dhiruben,Literature,1060,,0,225.00,,,,,,,
Viky Ane Miky Nava Brahmand ni Safare,1,,Divine Publication,,,1061,Gujarati,,891.47,,,,Parikh Avinash,Literature,1061,,0,70.00,,,,,,,
Swapna Ek Buddhu Nu,1,,Rannade Prakashan,,,1062,Gujarati,,891.47,,,,Savla Mavji K,Literature,1062,,0,3.50,,,,,,,
Mahabharat Ni Chiranjiv Kathao,1,,Sanskruti Publicatgion,,,1063,Gujarati,,891.47,,,,Sathavara Ratilal,Literature,1063,,0,50.00,,,,,,,
Gora,1,,Adarsh Prakashan,,,1064,Gujarati,,891.473,,,,TAGOR RAVINDRA,Literature,1064,,0,80.00,,,,,,,
Sarswati Chandra,1,,Adarsh Prakashan,,,1065,Gujarati,,891.473,,,,Tripathi Goverdhanram,Literature,1065,,0,70.00,,,,,,,
Tyare Karishu Shun?,1,,Lok Milap Trust,,,1066,Gujarati,,891.47,,,,Tolstoy Lio,Literature,1066,,0,10.00,,,,,,,
80 Divasma Pruthvi ni Pradkshina,1,,Sanskar Sahitya Mandir,,,1067,Gujarati,,891.47,,,,Mehta Tuljashankar,Literature,1067,,0,50.00,,,,,,,
Karanghelo,1,,Amara Prakashan,,,1068,Gujarati,,891.473,,,,Mehta Tuljashankar,Literature,1068,,0,225.01,,,,,,,
Rakhdu Toli,1,,Sanskar Sahitya Mandir,,,1069,Gujarati,,891.473,,,,Nill A S,Literature,1069,,0,130.00,,,,,,,
Panch Bal Natako,1,,Chintan Corporation.,,,1070,Gujarati,,891.47,,,,Pandya Narendra,Literature,1070,,0,90.00,,,,,,,
Hum Honge Kamyab,1,,R.R Seth ni Co.,,,1071,Gujarati,,891.47,,,,Apj Abdul Kalam,Literature,1071,,0,125.00,,,,,,,
Khabhe Kothlo ane Desh Moklo,1,,Jam Venture Publication,,,1072,Gujarati,,891.47,,,,Bansal Rashmi,Literature,1072,,0,150.00,,,,,,,
Bhartiya Mahilao - Shunya thi Shikhar,1,,Navbharat Sahitya Mandir,,,1073,Gujarati,,891.47,,,,Biyani Prakash,Literature,1073,,0,250.00,,,,,,,
Gujarat Na Ramatveero,1,,Darshita Prakashan,,,1074,Gujarati,,891.47,,,,Biniwala Jagdish,Literature,1074,,0,70.00,,,,,,,
Gujarat Na Udyog ane Udyogpatio,1,,Darshita Prakashan,,,1075,Gujarati,,891.47,,,,Chhapia Prafulchandra,Literature,1075,,0,60.00,,,,,,,
Mahamanav Dr. Ambedkar,1,,Ranadwar Prakashan,,,1076,Gujarati,,891.47,,,,Gohel Natvar,Literature,1076,,0,150.00,,,,,,,
Jagvikhyat Mahila Vaignaniko,1,,Adarsh Prakashan,,,1077,Gujarati,,891.47,,,,Jani Yogendra,Literature,1077,,0,80.00,,,,,,,
Vishvavikhyat Vaignyaniko - Shnshodhako,1,,Adarsh Prakashan,,,1078,Gujarati,,891.47,,,,Jani Yogendra,Literature,1078,,0,160.00,,,,,,,
Bhartiya Sanskruti na Sarjako,1,,Arun Printory,,,1079,Gujarati,,891.47,,,,JOSHI DINKAR,Literature,1079,,0,125.00,,,,,,,
Waris - Rana man Khilelun Pushp,1,,Oasis Shop,,,1080,Gujarati,,891.47,,,,Kataria Kshama,Literature,1080,,0,18.00,,,,,,,
Azadi Anadolan Ni Veerangnaao,1,,Harsh Prakashan,,,1081,Gujarati,,891.47,,,,Mehta Yashvant,Literature,1081,,0,100.00,,,,,,,
Alchemist,1,,Pravin Prakashan,,,1082,Gujarati,,891.47,,,,Mehta Sudha,Literature,1082,,0,99.00,,,,,,,
Muthi Unchera,1,,Balchetan Prakashan,,,1083,Gujarati,,891.47,,,,Matravadia Mrudula,Literature,1083,,0,70.00,,,,,,,
Balvir Paskar Prapt Karnar Balako,1,,Chintan Corporation.,,,1084,Gujarati,,891.47,,,,Mandli Popatlal,Literature,1084,,0,105.00,,,,,,,
 Vishv Ni Mahan Matao,1,,Chintan Corporation.,,,1085,Gujarati,,891.47,,,,Patel sakalchand,Literature,1085,,0,75.00,,,,,,,
Vikram Sarabhai - Viral Vibhuti,1,,Gujarat Vishvakosh,,,1086,Gujarati,,891.47,,,,Patel Prahlad,Literature,1086,,0,60.00,,,,,,,
Kelvani Ni Tatvik Pithika ane Shikshan Chintako,1,,Anada Prakashan,,,1087,Gujarati,,891.47,,,,Patel Dinesh,Literature,1087,,0,80.00,,,,,,,
Aava Hata Mara Guruji,1,,Rannade Prakashan,,,1088,Gujarati,,891.47,,,,Patel Bahecharbhai,Literature,1088,,0,275.00,,,,,,,
Gujarat Ni Nari Pratibhao,1,,Darshita Prakashan,,,1089,Gujarati,,891.47,,,,Patel Natwar,Literature,1089,,0,50.00,,,,,,,
Kelvani Na Rastriy Rushio,1,,R.R Seth ni Co.,,,1090,Gujarati,,891.47,,,,Patel Motibhai,Literature,1090,,0,125.00,,,,,,,
Apana Krantikario,1,,Pashwa Prakashan,,,1091,Gujarati,,891.47,,,,Patel Jitendra,Literature,1091,,0,150.00,,,,,,,
Sat Charitro,1,,Gujarati Sahitya Parisad,,,1092,Gujarati,,891.47,,,,PAREKH NAGINDAS,Literature,1092,,0,50.00,,,,,,,
Nobal Paritoshik Sanmanit Mahila Mahashakti,1,,Pushpam Publication,,,1093,Gujarati,,891.47,,,,Raval Kanubhai,Literature,1093,,0,150.00,,,,,,,
Desh Videsh Na Vaigyaniko,1,,Navneet Publication,,,1094,Gujarati,,891.47,,,,Shah Suresh,Literature,1094,,0,55.00,,,,,,,
Chintanika,1,,Kusum Prakashan,,,1095,Gujarati,,891.47,,,,SHAH PREETI,Literature,1095,,0,120.00,,,,,,,
Naari Pratibhao,1,,Shatiya Saurabh,,,1096,Gujarati,,891.47,,,,Thakar Bela,Literature,1096,,0,250.00,,,,,,,
Nobal Paritoshik Vijeta Mahilao,1,,Shabdalok Prakashan,,,1097,Gujarati,,891.47,,,,Thakar Bharatkumar,Literature,1097,,0,115.00,,,,,,,
Preranadeep,1,,Navsarjan Publication,,,1098,Gujarati,,891.47,,,,Shah Bela,Literature,1098,,0,150.00,,,,,,,
Bhartiya Sanskruti,1,,Yagna Prakashan,,,1099,Gujarati,,891.47,,,,Vinoba Bhave,Literature,1099,,0,25.00,,,,,,,
Vishva Na Mahan Shikshan Shashtrio,1,,Pravin Pustak Bhandar,,,2000,Gujarati,,891.47,,,,Vidyalankar Chandramauli,Literature,2000,,0,50.00,,,,,,,
Bhartiya Kathanako Ekso Eak,1,,Sanskruti Publicatgion,,,2001,Gujarati,,891.47,,,,YAGNIK HASU,Literature,2001,,0,100.00,,,,,,,
Yuva Najare Swarnim Gujarat,1,,Navbharat Sahitya Mandir,,,2002,Gujarati,,891.47,,,,Iyenger Sudarshan,Literature,2002,,0,225.00,,,,,,,
Aapana Lok Utsavo,1,,Pravin Prakashan,,,2003,Gujarati,,891.47,,,,Dabhi Rajesh,Literature,2003,,0,325.00,,,,,,,
Aapno Sanskrutik Varso,1,,XYZ,,,2004,Gujarati,,891.47,,,,Gandhi Premanand,Literature,2004,,0,150.00,,,,,,,
Sampatti Nu Sarjan,1,,Pravin Prakashan,,,2005,Gujarati,,891.47,,,,Lala R M,Literature,2005,,0,195.00,,,,,,,
Ardhi Sadi Ni Vanchan Yatra -1,1,,Lok Milap Trust,,,2006,Gujarati,,891.47,,,,MEGHANI MAHENDRA,Literature,2006,,0,150.00,,,,,,,
Gujart Na Ghadvaiya,1,,Arunoday Prakashan,,,2007,Gujarati,,891.47,,,,Mehta Makrand,Literature,2007,,0,210.00,,,,,,,
Bharat Ni Prachin Vidyapitho,1,,Punruthan Prakashan,,,2008,Gujarati,,891.47,,,,Padarkar Mo Di,Literature,2008,,0,25.00,,,,,,,
Gujarat Na Grantho,1,,Darshita Prakashan,,,2009,Gujarati,,891.47,,,,Trivedi Pnima,Literature,2009,,0,70.00,,,,,,,
Gujarat Ni Aitihasik Ghatanao,1,,Darshita Prakashan,,,2010,Gujarati,,891.47,,,,Trivedi Pnima,Literature,2010,,0,60.00,,,,,,,
Vishva Na Anukel Rahsyo,1,,Royal Book Co.,,,2011,Gujarati,,891.47,,,,Vidyalankar Chandramauli,Literature,2011,,0,50.00,,,,,,,
Saundrya Ni NAdi Narmada,1,,Pravin Prakashan,,,2012,Gujarati,,891.47,,,,Vegad Amritlal,Literature,2012,,0,145.00,,,,,,,
Ananya,1,,Rannade Prakashan,,,2013,Gujarati,,891.47,,,,Desai Hari,Literature,2013,,0,90.00,,,,,,,
Sapna O No Saudagar Steven Spillberg,1,,Wondaer Land Publication,,,2014,Gujarati,,891.47,,,,Gadhvi Kintu,Literature,2014,,0,70.00,,,,,,,
Mari Atmakatha,1,,Gurjar Prakashan,,,2015,Gujarati,,891.47,,,,Thakor Ravindra,Literature,2015,,0,160.00,,,,,,,
Prarthna Sammelan ane Yoga Shikshan,1,,Balchetan Prakashan,,,2016,Gujarati,,796,,,,Bhatt Ramesh,Literature,2016,,0,135.00,,,,,,,
Prarthna Sammelan Ane Yoga Shikshan,1,,Balchetan Prakashan,,,2017,Gujarati,,796,,,,Bhatt Ramesh,Literature,2017,,0,13.00,,,,,,,
Vividh Rogo Ma Yogasano,1,,Navneet Publication,,,2018,Gujarati,,796,,,,Modi Dushyant,Literature,2018,,0,80.00,,,,,,,
Pradushan : Jagat Nu Mahadushan,1,,Adarsh Prakashan,,,2019,Gujarati,,500,,,,Jani Yogendra,Literature,2019,,0,90.00,,,,,,,
Surya Shakti,1,,Adarsh Prakashan,,,2020,Gujarati,,500,,,,Shah Padmakant,Literature,2020,,0,100.00,,,,,,,
Prakruti Ane Prani Jagat,1,,Urenus Books,,,2021,Gujarati,,500,,,,Vijay Nagengra,Literature,2021,,0,250.00,,,,,,,
Mega Super Maths (M.C.Qs),1,,Navneet Publication,,,2022,Gujarati,,510,,,,Patel J.B,Literature,2022,,0,248.00,,,,,,,
Veidik Ganit,1,,R.R Seth ni Co.,,,2023,Gujarati,,510,,,,Kumar Pradip,Literature,2023,,0,50.00,,,,,,,
Ganit Sathe Gyan Gammat,1,,Adarsh Prakashan,,,2024,Gujarati,,510,,,,Sheth Rajni,Literature,2024,,0,75.00,,,,,,,
Karamati Computer Science,1,,Adarsh Prakashan,,,2025,Gujarati,,621.39,,,,Bhamore N.P,Literature,2025,,0,70.00,,,,,,,
Intel Teach Program Essiential Course,1,,I C A,,,2026,Gujarati,,621.39,,,,Candau Debbie,Literature,2026,,0,,,,,,,,
Computer Shikshan,1,,Anada Prakashan,,,2027,Gujarati,,621.39,,,,Dave B M,Literature,2027,,0,100.00,,,,,,,
Internet : Aajni Anivaryata,1,,Adarsh Prakashan,,,2028,Gujarati,,621.39,,,,Jani Yogendra,Literature,2028,,0,125.00,,,,,,,
Information Technology,1,,Gurjar Sahitya Bhavan,,,2029,Gujarati,,621.39,,,,Shukla Satishprakiash,Literature,2029,,0,80.00,,,,,,,
Aath Shri Google Katha,1,,Wondaer Land Publication,,,2030,Gujarati,,621.39,,,,Vasavada Viral,Literature,2030,,0,70.00,,,,,,,
Course on Computer Basics,1,,National Group,,,2031,Gujarati,,621.39,,,,DOEACC Soc.,Literature,2031,,0,,,,,,,,
Aasaan Angraji,1,,Urenus Books,,,2032,Gujarati,,820,,,,Vijay Nagengra,Literature,2032,,0,250.00,,,,,,,
A Step to Spoken English,1,,Good Book Publisher,,,2033,English,,820,,,,Pandya Narendra,Literature,2033,,0,75.00,,,,,,,
A Grade English Speaking Course,1,,Khushbu Prakashan,,,2034,Gujarati,,820,,,,Bhdresariya Dinu,Literature,2034,,0,240.00,,,,,,,
Dynamic Memory English Speaking Course,1,,Fusion Books,,,2035,Gujarati,,820,,,,Chaudhary Biswaroop,Literature,2035,,0,150.00,,,,,,,
Essence of English Grammar,1,,Navbharat Sahitya Mandir,,,2036,Gujarati,,820,,,,Patel Kantibhai,Literature,2036,,0,375.00,,,,,,,
Real Dictionary (Eng-Guj),1,,Akshra Ashrama,,,2037,Gujarati,,803,,,,Patel A J,Literature,2037,,0,350.00,,,,,,,
Perfect Dictionary of Confusing Word,1,,Anada Prakashan,,,2038,Gujarati,,803,,,,Vaishnav Harmik,Literature,2038,,0,50.00,,,,,,,
Angregee Shabdo Ni Duniya Maa,1,,Navbharat Sahitya Mandir,,,2039,Gujarati,,803,,,,Doshi Prabhulal,Literature,2039,,0,300.00,,,,,,,
Pharases and Idioms (Eng - Guj),1,,Navbharat Sahitya Mandir,,,2040,Gujarati,,803,,,,Jhaveri Jyotsna,Literature,2040,,0,130.00,,,,,,,
Tribhasha Kosh,1,,Akshara Prakashan,,,2041,Gujarati,,803,,,,Acharya B D,Literature,2041,,0,250.00,,,,,,,
Essays & Letters,1,,Gurjar Prakashan,,,2042,English,,820,,,,Kapadiya S T,Literature,2042,,0,85.00,,,,,,,
Reading Comprehension,1,,Gurjar Prakashan,,,2043,English,,820,,,,Dave B M,Literature,2043,,0,40.00,,,,,,,
Perfect Verbs & Infinitives,1,,Anada Prakashan,,,2044,English,,820,,,,Shah Rashmikant,Literature,2044,,0,65.00,,,,,,,
Sgabda Rachnanjli,1,,Pravin Prakashan,,,2045,Gujarati,,891.47,,,,Bhagvatsinhji,Literature,2045,,0,250.00,,,,,,,
Jodni Dipika,1,,Navbharat Sahitya Mandir,,,2046,Gujarati,,891.47,,,,Pohit Kishorchandra,Literature,2046,,0,90.00,,,,,,,
Sarth Rudhiprayog Ane Kahevat Kosh,1,,Navratna Enterprise,,,2047,Gujarati,,891.47,,,,Bhavsar Mafatlal,Literature,2047,,0,30.00,,,,,,,
Angreji Shabdabhandol Ni Maja Maniye,1,,Adarsh Prakashan,,,2048,Gujarati,,891.47,,,,Madrasi M K,Literature,2048,,0,70.00,,,,,,,
Uchchaar Ekaj Shabdo Juda Arth Juda,1,,Shabdalok Prakashan,,,2049,Gujarati,,891.47,,,,Shah Shantilal,Literature,2049,,0,25.00,,,,,,,
Angreji Bhasha Na Kriyapado Ane Tena Rupo,1,,Shabdalok Prakashan,,,2050,Gujarati,,891.47,,,,Shah Shantilal,Literature,2050,,0,25.00,,,,,,,
Angreji Bhasha Na Virudharthi Shabdo,1,,Shabdalok Prakashan,,,2051,Gujarati,,891.47,,,,Shah Shantilal,Literature,2051,,0,25.00,,,,,,,
"Angreji Bhasha Maa Kriyapado Ane Tenathi Thatan Nammo , Visheshano",1,,Shabdalok Prakashan,,,2052,Gujarati,,891.47,,,,Shah Shantilal,Literature,2052,,0,25.00,,,,,,,
Spelling Man Bhool Thay Eva Angreji Shabdo,1,,Sahitya Sangam,,,2053,Gujarati,,891.47,,,,Shah Shantilal,Literature,2053,,0,25.00,,,,,,,
Bhartiya Sanskruti Maa Aavu Kem?,1,,R.R Seth ni Co.,,,2054,Gujarati,,891.47,,,,Vasu Aaditya,Literature,2054,,0,50.00,,,,,,,
Paheli Shodh Kone Kari?,1,,Pravin Printery,,,2055,Gujarati,,891.47,,,,Choksi Gatubhai,Literature,2055,,0,1.00,,,,,,,
Hen! Aavun Te Hoy?,1,,Balchetan Prakashan,,,2056,Gujarati,,891.47,,,,Patel Jayanti,Literature,2056,,0,60.00,,,,,,,
Navneet General Knowledge,1,,Navneet Publication,,,2057,Gujarati,,891.47,,,,Raval AG,Literature,2057,,0,95.00,,,,,,,
Vishwa Sahitya Darshan,1,,gURJAR aGE,,,2058,Gujarati,,891.47,,,,Pani Tushar,Literature,2058,,0,100.00,,,,,,,
The Billion Dollar Book,1,,Wondaer Land Publication,,,2059,Gujarati,,920,,,,Cholera Yagnesh,Literature,2059,,0,295.00,,,,,,,
Sangharsh Maan Gujarat,1,,Image Publication,,,2060,Gujarati,,891.47,,,,MODI NARENDRA,Literature,2060,,0,150.00,,,,,,,
Swagtam Gujarat,1,,Akshra Ashrama,,,2061,Gujarati,,891.47,,,,Vyas Rajni,Literature,2061,,0,150.00,,,,,,,
Veenela Phool - 1,1,,Yagna Prakashan,,,2062,Gujarati,,891.47,,,,Harish Chandra,Literature,2062,,0,30.00,,,,,,,
Veenela Phool - 5,1,,Yagna Prakashan,,,2063,Gujarati,,891.47,,,,Harish Chandra,Literature,2063,,0,30.00,,,,,,,
Veenela Phool - 10,1,,Yagna Prakashan,,,2064,Gujarati,,891.47,,,,Harish Chandra,Literature,2064,,0,30.00,,,,,,,
Veenela Phool - 15,1,,Yagna Prakashan,,,2065,Gujarati,,891.47,,,,Harish Chandra,Literature,2065,,0,30.00,,,,,,,
Veenela Phool - 17,1,,Yagna Prakashan,,,2066,Gujarati,,891.47,,,,Harish Chandra,Literature,2066,,0,30.00,,,,,,,
Jhaverchand Meghani Sathe Vachanyatra,1,,Gurjar Sahitya Bhavan,,,2067,Gujarati,,920,,,,MEGHANI MAHENDRA,Literature,2067,,0,15.00,,,,,,,
Umashankar Joshi Sathe Vachanyatra,1,,Gurjar Sahitya Bhavan,,,2068,Gujarati,,920,,,,MEGHANI MAHENDRA,Literature,2068,,0,15.00,,,,,,,
Kaka Kalelkar Sathe Vavhanyatra,1,,Gurjar Sahitya Bhavan,,,2069,Gujarati,,920,,,,MEGHANI MAHENDRA,Literature,2069,,0,15.00,,,,,,,
Swami Anand Sathe Vachanyatra,1,,Gurjar Sahitya Bhavan,,,2070,Gujarati,,920,,,,MEGHANI MAHENDRA,Literature,2070,,0,15.00,,,,,,,
Manubhai Pancholi Sathe Vachanyatra,1,,Gurjar Sahitya Bhavan,,,2071,Gujarati,,920,,,,MEGHANI MAHENDRA,Literature,2071,,0,15.00,,,,,,,
Father Valless Sathe Vachanyatra,1,,Gurjar Sahitya Bhavan,,,2072,Gujarati,,920,,,,MEGHANI MAHENDRA,Literature,2072,,0,15.00,,,,,,,
Vinoba Sathe Vachanyatra,1,,Gurjar Sahitya Bhavan,,,2073,Gujarati,,920,,,,MEGHANI MAHENDRA,Literature,2073,,0,15.00,,,,,,,
Gandhiji Sathe Vachanyatra,1,,Gurjar Sahitya Bhavan,,,2074,Gujarati,,920,,,,MEGHANI MAHENDRA,Literature,2074,,0,25.00,,,,,,,
Chamdi Na Rogo,1,,Chintan Corporation.,,,2075,Gujarati,,891.47,,,,Thakkar Labhshankar,Literature,2075,,0,20.00,,,,,,,
Shardi Salekham,1,,Chintan Corporation.,,,2076,Gujarati,,891.47,,,,Thakkar Labhshankar,Literature,2076,,0,20.00,,,,,,,
Pran E J Jivan,1,,Punruthan Prakashan,,,2077,Gujarati,,891.47,,,,Katdare Indumati,Literature,2077,,0,20.00,,,,,,,
Pranayu vigyan,1,,Navbharat Sahitya Mandir,,,2078,Gujarati,,570,,,,Nakrani Hirajibhai,Literature,2078,,0,125.00,,,,,,,
Yogman Swasthya ane Sarvar,1,,Gurjar Granth Ratna Karyalay,,,2079,Gujarati,,570,,,,Shree Mataji,Literature,2079,,0,150.00,,,,,,,
Arogya Ni Bhet,1,,Oasis Shop,,,2080,Gujarati,,570,,,,SHAH SANJIV,Literature,2080,,0,15.00,,,,,,,
Prerna Nu Zarnu,1,,Rudra Publication,,,2081,Gujarati,,891.47,,,,Adhia Jitendra,Literature,2081,,0,150.00,,,,,,,
Jivan Jivi Janiye,1,,Navbharat Sahitya Mandir,,,2082,Gujarati,,891.47,,,,Bhatt Meera,Literature,2082,,0,50.00,,,,,,,
Rahasya Ni Pele Par,1,,Pentagon Press,,,2083,Gujarati,,891.47,,,,Barnarbi Brenda,Literature,2083,,0,395.00,,,,,,,
Man Na Dware Samrudhdhi,1,,Amara Prakashan,,,2084,Gujarati,,891.47,,,,DESAI DAULATBHAI,Literature,2084,,0,130.00,,,,,,,
Mottvation Viksavo Adhlak Samrudhdhi Lavo,1,,Amara Prakashan,,,2085,Gujarati,,891.47,,,,DESAI DAULATBHAI,Literature,2085,,0,140.00,,,,,,,
Uth Jag Musafir Bhor Bhai,1,,Amara Prakashan,,,2086,Gujarati,,891.47,,,,DESAI DAULATBHAI,Literature,2086,,0,125.00,,,,,,,
Positive Man Nu Sarjan,1,,R.R Seth ni Co.,,,2087,Gujarati,,891.47,,,,Gupta M K,Literature,2087,,0,20.00,,,,,,,
Jivan Ghadtar Na Prerak Prasango,1,,Yagna Prakashan,,,2088,Gujarati,,891.47,,,,Harishchandra,Literature,2088,,0,20.00,,,,,,,
"Sutevo, Athapa, Kutevo Kadho",,,Granthlok,,,2089,Gujarati,,891.47,,,,Malvi Vanraj,Self Devp,2089,,0,110.00,,,,,,,
Sambandhonu Shtreshth Aayojan,,,Sahitya Sangam,,,2090,Gujarati,,891.47,,,,Nayk Janak,Self Devp,2090,,0,120.00,,,,,,,
Satya Na Diva,,,Pravin Printary,,,2091,Gujarati,,891.47,,,,Salla Mansukh,Self Devp,2091,,0,60.00,,,,,,,
Premni Bhet,,,Oasis Shop,,,2092,Gujarati,,891.47,,,,Sanjiv Shah,Self Devp,2092,,0,25.00,,,,,,,
Jivanni Bhat,,,Oasis Shop,,,2093,Gujarati,,891.47,,,,Sanjiv Shah,Self Devp,2093,,0,15.00,,,,,,,
Pasandgini Bhet,,,Oasis Shop,,,2094,Gujarati,,891.47,,,,Sanjiv Shah,Self Devp,2094,,0,10.00,,,,,,,
Jivannu Sarvangi Vigyan,,,Yagna Prakashan,,,2095,Gujarati,,891.47,,,,Shumakhar E F,Self Devp,2095,,0,25.00,,,,,,,
Vigyan Adhyatm,,,Yagna Prakashan,,,2096,Gujarati,,891.47,,,,Vinoba Bhave,Self Devp,2096,,0,50.00,,,,,,,
Karyakramnu Sanchalan Kevi Rite Karsho?,,,Shabdalok Prakashan,,,2097,Gujarati,,891.47,,,,Vatavwala Harish,Self Devp,2097,,0,90.00,,,,,,,
Jivanghadtarni Kala,,,Kitabghar Printary,,,2098,Gujarati,,891.47,,,,Jagdatmananda Swami,Self Devp,2098,,0,40.00,,,,,,,
Ekagrata ane Dhyan,,,Kitabghar Printary,,,2099,Gujarati,,891.47,,,,Nikhileshwarananda Swami,Self Devp,2099,,0,25.00,,,,,,,
Safaltanu Rahasya-Sarvangi Vikas,,,Kitabghar Printary,,,3000,Gujarati,,891.47,,,,Nikhileshwarananda Swami,Self Devp,3000,,0,15.00,,,,,,,
Vyaktitva Vikas,,,Kitabghar Printary,,,3001,Gujarati,,891.47,,,,Vivekananda Swami,Self Devp,3001,,0,15.00,,,,,,,
Adarsh Manacnu Nirman,,,Kitabghar Printary,,,3002,Gujarati,,891.47,,,,Dhruveshananda Swami,Self Devp,3002,,0,12.00,,,,,,,
Charitrya Nirman Kevi Rite Karvu,,,Kitabghar Printary,,,3003,Gujarati,,891.47,,,,Dhruveshananda Swami,Self Devp,3003,,0,10.00,,,,,,,
Ichchashakti ane teno vikas,,,Kitabghar Printary,,,3004,Gujarati,,891.47,,,,Dhruveshananda Swami,Self Devp,3004,,0,10.00,,,,,,,
Sat Sopan Sukh Ane Safaltana,,,Navbharat Pra.Man,,,3005,Gujarati,,891.47,,,,Andharia Raju,Success,3005,,0,150.00,,,,,,,
Karkirdina Shikhro,,,Pravin Pustak ,,,3006,Gujarati,,891.47,,,,Dastoor B.N,Success,3006,,0,40.00,,,,,,,
Safalta Tamara Hathma,,,Pravin Prakashan,,,3007,Gujarati,,891.47,,,,Marden Swet,Success,3007,,0,75.00,,,,,,,
Unchi Udan,,,Pravin Prakashan,,,3008,Gujarati,,891.47,,,,Mehta Pragnesh,Success,3008,,0,90.00,,,,,,,
Safalta ni Bhet,,,Oasis Shop,,,3009,Gujarati,,891.47,,,,Shah Sanjiv,Success,3009,,0,10.00,,,,,,,
Karyakshamatani Bhet,,,Oasis Shop,,,3010,Gujarati,,891.47,,,,Shah Sanjiv,Success,3010,,0,20.00,,,,,,,
Safaltana Shikhro,,,Nilkamal Prakashan,,,3011,Gujarati,,891.47,,,,XYZ,Success,3011,,0,140.00,,,,,,,
Vidyarthi Ane Man Ni Shakti,,,Devine Pub,,,3012,Gujarati,,891.47,,,,Agarwal Vijay,Student Devp,3012,,0,100.00,,,,,,,
Siddhi Pamvano Ilam,,,Amar Prakashan,,,3013,Gujarati,,891.47,,,,Desai Dolatbhai,Student Devp,3013,,0,32.00,,,,,,,
Chinta Vina Pariksha Apavani Chavi,,,Amar Prakashan,,,3014,Gujarati,,891.47,,,,Desai Dolatbhai,Student Devp,3014,,0,40.00,,,,,,,
Vidyarthini Munzvanna Ukel,,,Amar Prakashan,,,3015,Gujarati,,891.47,,,,Desai Dolatbhai,Student Devp,3015,,0,25.30,,,,,,,
Vidyarthi Mate Char Wakeup ne bar Kasam,,,Amar Prakashan,,,3016,Gujarati,,891.47,,,,Desai Dolatbhai,Student Devp,3016,,0,25.00,,,,,,,
Olkho Tamara Sathidarone,,,Amar Prakashan,,,3017,Gujarati,,891.47,,,,Desai Dolatbhai,Student Devp,3017,,0,32.00,,,,,,,
Adbhyas Man Shrestha Gunankni Chavi,,,Amar Prakashan,,,3018,Gujarati,,891.47,,,,Desai Dolatbhai,Student Devp,3018,,0,25.00,,,,,,,
Vidyarthine Parikshama 98 taka Lavwani Chavi,,,Amar Prakashan,,,3019,Gujarati,,891.47,,,,Desai Dolatbhai,Student Devp,3019,,0,32.00,,,,,,,
Balak Prabhuno Prempatra,,,Navbharat Sahitya Mandir,,,3020,Gujarati,,891.47,,,,Bhatt Meera,Child Development,3020,,0,65.00,,,,,,,
Tame Tamara Balak Ne Olkho,,,Good Book Publisher,,,3021,Gujarati,,891.47,,,,Panchal Mohanlal,Child Development,3021,,0,140.00,,,,,,,
Santan Ghadtarna Padkaro,,,Gurjar Granth Ratna Karyalay,,,3022,Gujarati,,891.47,,,,Thakar Bela,Child Development,3022,,0,110.00,,,,,,,
Amulya Dhan Aapna Balko,,,Navneet Publication,,,3023,Gujarati,,891.47,,,,Tripathi Swati,Child Development,3023,,0,40.00,,,,,,,
"Bal Vikasni A,B,C,D",,,Sahitya Sangam,,,3024,Gujarati,,891.47,,,,Shah Shashikant,Child Development,3024,,0,60.00,,,,,,,
Mahakavya Ramayan,,,Navneet Publication,,,3025,Gujarati,,891.47,,,,Shastri Kumarjimini,Great Epic,3025,,0,250.00,,,,,,,
Mahakavya Mahabharat,,,Navneet Publication,,,3026,Gujarati,,891.47,,,,Shastri Kumarjimini,Great Epic,3026,,0,275.00,,,,,,,
Paaram Chetnani Kshne,,,Bharti Publication,,,3027,Gujarati,,891.47,,,,Bhatt Kanti,Motivational Thoughts,3027,,0,200.00,,,,,,,
Geeta Darshan,,,Yagna Prakashan,,,3028,Gujarati,,891.47,,,,Vinoba,Religious Novel,3028,,0,250.00,,,,,,,
"Ramayan, Mahabharat ane Santkatha",,,Kitabghar Printary,,,3029,Gujarati,,891.47,,,,Vivekananda Swami,Religious Story,3029,,0,15.00,,,,,,,
Chinta Nahi Pan Chintan,,,Image Publication,,,3030,Gujarati,,891.47,,,,Kothari Haribhai,Sanskrit Shubhashit,3030,,0,110.00,,,,,,,
Shikshan Vichar,,,Yagna Prakashan,,,3031,Gujarati,,891.47,,,,Vinoba,Educational Thoughts,3031,,0,30.00,,,,,,,
Upnishadono Abhyas,,,Yagna Prakashan,,,3032,Gujarati,,891.47,,,,Vinoba,World Literature,3032,,0,30.00,,,,,,,
Sahitya,,,Yagna Prakashan,,,3033,Gujarati,,891.47,,,,Vinoba,World Literature,3033,,0,40.00,,,,,,,
Balakonu Bauddhik Manoranjan Kevi Rite Karsho,,,Granthlok,,,3034,Gujarati,,370,,,,Hora Anakshi,Education Devp,3034,,0,90.00,,,,,,,
Kelvani Chartitya Ghadtar Mate,,,Navsarjan Publication,,,3035,Gujarati,,370,,,,Joshi Kirit,Education Devp,3035,,0,60.00,,,,,,,
Kelvani Mate Rastiya Karyasuchi,,,Navsarjan Publication,,,3036,Gujarati,,370,,,,Joshi Kirit,Education Devp,3036,,0,75.00,,,,,,,
Balvavystha ane Kumaravasthani Shikshan Samsyao,,,Balvinod Prakashan,,,3037,Gujarati,,370,,,,Mehta Himatbhai,Educational Essay,3037,,0,100.00,,,,,,,
Bharatma Shikshan Pranalino Vikas,,,Anada Prakashan,,,3038,Gujarati,,370,,,,Mehta Anjani,Education Devep,3038,,0,-,,,,,,,
Shikshak To Che Jyotirdhar,,,Ramkrishna Math,,,3039,Gujarati,,370,,,,Nikhileshwarananda Swami,Education Devep,3039,,0,12.00,,,,,,,
Kelvanini Kedie,,,Gurjar Prakashan,,,3040,Gujarati,,370,,,,Patel Ashok,Education Devep,3040,,0,115.00,,,,,,,
Shikshakno Dharma ane Karma,,,Rannade Prakashan,,,3041,Gujarati,,370,,,,Patel Mafatlal,Education Devep,3041,,0,75.00,,,,,,,
Shikshanma Jivan Kaushalya,,,Balchetan Prakashan,,,3042,Gujarati,,370,,,,Patel Krishna,Education Devep,3042,,0,80.00,,,,,,,
Shikshakjagatni Vedna Sanvednao,,,Good Book Publisher,,,3043,Gujarati,,370,,,,Panchal Mohanlal,Education Devep,3043,,0,245.00,,,,,,,
Shaikshnik Technology ane Vyavsthapan,,,Anada Prakashan,,,3044,Gujarati,,370,,,,Raval Chimanbhai,Education And Management,3044,,0,-,,,,,,,
Arvachin Bharatna Ghadtarma Shikshakni Bhumika ,,,Ramkrishna Math,,,3045,Gujarati,,370,,,,Ranganathananda Swami,Education And Management,3045,,0,12.00,,,,,,,
Jivtar Name Ajavalun,,,R.R Seth ni Co.,,,3046,Gujarati,,891.47,,,,Salla Mansukh,Novel,3046,,0,95.00,,,,,,,
Shikshanma Navinikaran Ane Technology,,,Gurjar Prakashan,,,3047,Gujarati,,370,,,,Trivedi R.S,Education Devep,3047,,0,65.00,,,,,,,
Shikshanno Sonography,,,Navbharat Sahitya Mandir,,,3048,Gujarati,,370,,,,Udayallabhvijay Muni,Education Devep,3048,,0,50.00,,,,,,,
Kelvani,,,Ramkrishna Math,,,3049,Gujarati,,370,,,,Vivekananda Swami,Education Devep,3049,,0,15.00,,,,,,,
Vividh Gyanvardhika,,,Kothari Prakashan,,,3050,Gujarati,,891.47,,,,Patel S.M,General Knowledge,3050,,0,120.00,,,,,,,
Vismayni Pankhe,,,Honest Publication,,,3051,Gujarati,,891.47,,,,Vyas Rajni,General Knowledge,3051,,0,-,,,,,,,
Computer Parichay,,,Surya Prakashan,,,3052,Gujarati,,621.39,,,,Patel M.S,Computer,3052,,0,60.00,,,,,,,
Internet Ni Duniya,,,Kothari Prakashan,,,3053,Gujarati,,621.39,,,,Patel M.S,Computer,3053,,0,120.00,,,,,,,
Kautuk,,,R.R Seth ni Co.,,,3054,Gujarati,,500,,,,Mody Nagin,Science G.K,3054,,0,40.00,,,,,,,
Vigyan ane Shanshodhan,,,Nilkamal Prakashan,,,3055,Gujarati,,500,,,,Gajjar Dhirajlal,Science G.K,3055,,0,100.00,,,,,,,
Manovigyanni Kasotio,,,Gurjar Granth Ratna Karyalay,,,3056,Gujarati,,150,,,,Patel Vinod,Psychology Test,3056,,0,60.00,,,,,,,
Dariyalal,,,Gurjar Prakashan,,,3057,Gujarati,,891.473,,,,Acharya Ganvantari,His and Novel,3057,,0,55.00,,,,,,,
Othar Part-2,,,Navbharat Sahitya Mandir,,,3058,Gujarati,,891.473,,,,Bhatt Ashwinee,Novel,3058,,0,250.00,,,,,,,
Jyotindra Davena Hasyavaibhav,,,Gurjar Prakashan,,,3059,Gujarati,,891.474,,,,Borisagar Ratilal,Humouras Essay,3059,,0,36.00,,,,,,,
Dhumketu Vartavaibhav,,,Gurjar Prakashan,,,3060,Gujarati,,891.47,,,,Dhumketu,Short Stories,3060,,0,38.00,,,,,,,
Amasna Tara,,,Gurjar Prakashan,,,3061,Gujarati,,897,,,,Chavda Kishansing,Collection of Essay,3061,,0,60.00,,,,,,,
Rasdharni Vartao,,,Gurjar Prakashan,,,3062,Gujarati,,891.47,,,,Meghani Zaverchand,Folk Stories,3062,,0,56.00,,,,,,,
Jay Somnath,,,Gurjar Prakashan,,,3063,Gujarati,,891.473,,,,Munshi K M,Historical Novel,3063,,0,55.00,,,,,,,
Samajik Samrasta,,,Image Publication,,,3064,Gujarati,,320.95475,,,,Modi Narendra,Articles & Lecture,3064,,0,200.00,,,,,,,
Janamtip,,,R.R Seth ni Co.,,,3065,Gujarati,,891.473,,,,Petlikar Ishwar,Novel,3065,,0,80.00,,,,,,,
Mara Anubhavo,,,Gurjar Prakashan,,,3066,Gujarati,,294.561092,,,,Sachchidananda Swami,Experience,3066,,0,80.00,,,,,,,
Swami Aanand Nibandh Vaibhav,,,Gurjar Prakashan,,,3067,Gujarati,,891.473,,,,Sheth Chandrakant,Selection of Essays,3067,,0,50.00,,,,,,,
Saraswatichandra (Sanxipta Swaroop),1,,Gurjar Granth Ratna Karyalay,,,3068,Gujarati,,891.47,,,,Tripathi Goverdhanram,Novel,3068,,0,50.00,,,,,,,
Dviref Varta Vaibhav,,,Gurjar Prakashan,,,3069,Gujarati,,891.47,,,,Trivedi Chimanlal,Short Stories,3069,,0,40.00,,,,,,,
Gurjar Kavyavaibhav,,,Gurjar Prakashan,,,3070,Gujarati,,891.471,,,,Trivedi Chimanlal,Poems,3070,,0,30.00,,,,,,,
Father Valless Nibandhvaibhav,,,Gurjar Prakashan,,,3071,Gujarati,,891.474,,,,Valless Father,Collection of Essay,3071,,0,50.00,,,,,,,
Ek bijane Gamta Rahiye,,,Gurjar Prakashan,,,3072,Gujarati,,302,,,,Vaidya Oza Kajal,Articles & Lecture,3072,,0,100.00,,,,,,,
Master Vaynktesh Aayangerni Shrestha Vartao,,,Shabdalok Prakashan,,,3073,Gujarati,,891.47,,,,Madrasi Nikhil,Short Stories,3073,,0,55.00,,,,,,,
Aekagrata Ane Dhyan,1,,Ramkrishna Ashram,,,3074,Gujarati,,891.47,,,,Nikhileshwara Nanda Swami,Literature,3074,,0,25.00,,,,,,,
Aadhunik manav Shanti Ni Shodh Ma,1,,Ramkrishna Ashram,,,3075,Gujarati,,891.47,,,,Nikhileshwara Nanda Swami,Literature,3075,,0,35.00,,,,,,,
Shikshak To Che Jyotirdhar,1,,Ramkrishna Ashram,,,3076,Gujarati,,891.47,,,,Nikhileshwara Nanda Swami,Literature,3076,,0,14.00,,,,,,,
Safalta Nu Rahsya Sarwangi Vyaktitwa Vikas,1,,Ramkrishna Ashram,,,3077,Gujarati,,891.47,,,,Nikhileshwara Nanda Swami,Literature,3077,,0,15.00,,,,,,,
Vidhyarthio Mate Aatma Vikas,1,,Ramkrishna Ashram,,,3078,Gujarati,,891.47,,,,Premeshananda Swami,Literature,3078,,0,3.00,,,,,,,
Swami Vivekananda - Jivan ane Sandesh,1,,Ramkrishna Ashram,,,3079,Gujarati,,891.47,,,,VIVEKANAND SWAMI,Literature,3079,,0,3.00,,,,,,,
Dhyan Ane Teni Padhdhti,1,,Ramkrishna Ashram,,,3080,Gujarati,,891.47,,,,VIVEKANAND SWAMI,Literature,3080,,0,5.00,,,,,,,
Bhartiya Nari,1,,Ramkrishna Ashram,,,3081,Gujarati,,891.47,,,,VIVEKANAND SWAMI,Literature,3081,,0,5.00,,,,,,,
Kelvani,1,,Ramkrishna Ashram,,,3082,Gujarati,,891.47,,,,VIVEKANAND SWAMI,Literature,3082,,0,5.00,,,,,,,
Vyaktitwa Vikas,1,,Ramkrishna Ashram,,,3083,Gujarati,,891.47,,,,VIVEKANAND SWAMI,Literature,3083,,0,5.00,,,,,,,
Utho! Jago!,1,,Ramkrishna Ashram,,,3084,Gujarati,,891.47,,,,VIVEKANAND SWAMI,Literature,3084,,0,5.00,,,,,,,
Will Power and its Development,1,,Advaita Ashram,,,3085,English,,891.47,,,,Budhananda Swami,Literature,3085,,0,2.00,,,,,,,
The Mind and its Control,1,,Advaita Ashram,,,3086,English,,891.47,,,,Budhananda Swami,Literature,3086,,0,4.00,,,,,,,
How to Build Character,1,,Advaita Ashram,,,3087,English,,891.47,,,,Budhananda Swami,Literature,3087,,0,3.00,,,,,,,
A Simple Life of Swami Vivekananda,1,,Advaita Ashram,,,3088,English,,891.47,,,,Brahmachari Amal,Literature,3088,,0,6.00,,,,,,,
Swami Vivekananda Life and Teaching,1,,Ramkrishna Ashram,,,3089,English,,891.47,,,,Brahmachari Amal,Literature,3089,,0,3.00,,,,,,,
Swami Vivekanandas Childhood,1,,Advaita Ashram,,,3090,English,,891.47,,,,Chakraborty Pronabesh,Literature,3090,,0,6.00,,,,,,,
Tales from Swami Vivekananda,1,,Advaita Ashram,,,3091,English,,891.47,,,,Ishatmananda Swami,Literature,3091,,0,5.00,,,,,,,
Stories For Children by Swami Vivekananda,1,,Advaita Ashram,,,3092,English,,891.47,,,,Ray Irene R,Literature,3092,,0,5.00,,,,,,,
Tales From Ramkrishna,1,,Advaita Ashram,,,3093,English,,891.47,,,,Ray Irene R,Literature,3093,,0,6.00,,,,,,,
The Story of Sarada Devi,1,,Advaita Ashram,,,3094,English,,891.47,,,,Sharananda Swami,Literature,3094,,0,5.00,,,,,,,
The Story of Ramkrishna,1,,Advaita Ashram,,,3095,English,,891.47,,,,Sharananda Swami,Literature,3095,,0,6.00,,,,,,,
Swami9 Vivekananda on India and her Problems,1,,Advaita Ashram,,,3096,English,,891.47,,,,Niravenananda Swami,Literature,3096,,0,5.00,,,,,,,
Cradle Tales of Hindusim,1,,Ramkrishna Ashram,,,3097,English,,891.47,,,,VIVEKANAND SWAMI,Literature,3097,,0,13.00,,,,,,,
My Idea of Education,1,,Ramkrishna Ashram,,,3098,English,,891.47,,,,VIVEKANAND SWAMI,Literature,3098,,0,9.00,,,,,,,
Unioversal Ethics and Moral Conduct,1,,Advaita Ashram,,,3099,English,,891.47,,,,VIVEKANAND SWAMI,Literature,3099,,0,6.00,,,,,,,
Meditation and its Methods,1,,Advaita Ashram,,,3100,English,,891.47,,,,VIVEKANAND SWAMI,Literature,3100,,0,5.00,,,,,,,
Our Women,1,,Advaita Ashram,,,3101,English,,891.47,,,,VIVEKANAND SWAMI,Literature,3101,,0,3.00,,,,,,,
Personality Development,1,,Advaita Ashram,,,3102,English,,891.47,,,,VIVEKANAND SWAMI,Literature,3102,,0,4.00,,,,,,,
Pictorial Parables of Sri Ramkrishna,1,,Advaita Ashram,,,3103,English,,891.47,,,,XYZ,Literature,3103,,0,8.00,,,,,,,
Selection from the complete works of Swami Viivekananda,1,,Ramkrishna Ashram,,,3104,English,,820,,,,VIVEKANAND SWAMI,Literature,3104,,0,30.00,,,,,,,
Navneet MCQs Std - XII (Science),1,,Navneet Prakashan,,,3105,English,,820,,,,Xavier G,Literature,3105,,0,30.00,,,,,,,
Indias Struggle For Independence,,,Penguin Books,,,3106,English,,900,,,,Bipin Chandra,Literature,3106,,0,-,,,,,,,
Modern Economics Std 11,,,C.Jamnadas & Co.,,,3107,English,,300,,,,Kautilya,Edu- Economics,3107,,0,45.00,,,,,,,
Chronicle India 2013,,,Chronical Books,,,3108,English,,891.47,,,,Ojha N.H,Edu-History,3108,,0,-,,,,,,,
200,,,Ratnayatri Trust,,,3109,Gujarati,,891.47,,,,Vijay Ratna Suriji Aacharya,Literature,3109,,0,70.00,,,,,,,
Safalta Koi No Ijaro nathi Part -1,,,Creators,,,3110,Gujarati,,891.47,,,,Dr. Surani,Self Devp,3110,,0,50.00,,,,,,,
Safalta Koi No Ijaro nathi Part -2,,,Creators,,,3111,Gujarati,,891.47,,,,Dr. Surani,Self Devp,3111,,0,50.00,,,,,,,
Aatmabodh,,,Navbharat Sahitya Mandir,,,3112,Gujarati,,891.47,,,,Anandmurti Guruma,Literature,3112,,0,150.00,,,,,,,
Satyana Prayogo Athwa Atmakatha,,,Navjivan Prakashan Mandir,,,3113,Gujarati,,891.47,,,,Gandhi Mohandas,Biography,3113,,0,15.00,,,,,,,
Ola Ke Padchhaya,,,Kankavati Prakashan,,,3114,Gujarati,,891.47,,,,Ratilal,Essays,3114,,0,180.00,,,,,,,
Pandani Parkamma,,,Kankavati Prakashan,,,3115,Gujarati,,891.47,,,,Ratilal,Essays,3115,,0,180.00,,,,,,,
Dariyo Ane Reti,,,Kankavati Prakashan,,,3116,Gujarati,,891.47,,,,Ratilal,Essays,3116,,0,180.00,,,,,,,
Sakshatkar,,,Kankavati Prakashan,,,3117,Gujarati,,891.47,,,,Ratilal,Essays,3117,,0,180.00,,,,,,,
Hasi Shake To Hasjo,,,Kankavati Prakashan,,,3118,Gujarati,,891.47,,,,Ratilal,Essays,3118,,0,180.00,,,,,,,
Zarananu Ekant,,,Kankavati Prakashan,,,3119,Gujarati,,891.47,,,,Ratilal,Essays,3119,,0,180.00,,,,,,,
Uttarbodh,,,Kankavati Prakashan,,,3120,Gujarati,,891.47,,,,Ratilal,Essays,3120,,0,180.00,,,,,,,
Udbodhan,,,Kankavati Prakashan,,,3121,Gujarati,,891.47,,,,Ratilal,Essays,3121,,0,180.00,,,,,,,
Manna Marod,,,Kankavati Prakashan,,,3122,Gujarati,,891.47,,,,Ratilal,Essays,3122,,0,180.00,,,,,,,
Aavishkaro,,,Paragon Publication,,,3123,Gujarati,,600,,,,XYZ,Essays,3123,,0,90.00,,,,,,,
Brahamand,,,Paragon Publication,,,3124,Gujarati,,523.1,,,,XYZ,Literature,3124,,0,90.00,,,,,,,
Dynosorni Duniya,,,Paragon Publication,,,3125,Gujarati,,567.9,,,,XYZ,Literature,3125,,0,90.00,,,,,,,
Vishwano Ithas,,,Paragon Publication,,,3126,Gujarati,,909,,,,XYZ,History,3126,,0,90.00,,,,,,,
Prakrutik Vishwa,,,Paragon Publication,,,3127,Gujarati,,590,,,,XYZ,Science G.K,3127,,0,90.00,,,,,,,
Vanaspti Jagat,,,Paragon Publication,,,3128,Gujarati,,580,,,,XYZ,Science G.K,3128,,0,90.00,,,,,,,
Prani Shrushti,,,Paragon Publication,,,3129,Gujarati,,590,,,,XYZ,Science G.K,3129,,0,90.00,,,,,,,
Vigyan,,,Paragon Publication,,,3130,Gujarati,,500,,,,XYZ,Science G.K,3130,,0,90.00,,,,,,,
Manav Sharir,,,Paragon Publication,,,3131,Gujarati,,611,,,,XYZ,Science G.K,3131,,0,90.00,,,,,,,
Pruthvi,,,Paragon Publication,,,3132,Gujarati,,550,,,,XYZ,Science G.K,3132,,0,90.00,,,,,,,
Vigyan Ane Technology Gyankosh,,,Paragon Publication,,,3133,Gujarati,,503,,,,XYZ,Science Encyclopedia,3133,,0,275.00,,,,,,,
Asshchryajanak Hakikato Ane Gyan Kosh,,,Paragon Publication,,,3134,Gujarati,,611,,,,XYZ,Science G.K,3134,,0,275.00,,,,,,,
Vismaykarak Antarix,,,Paragon Publication,,,3135,Gujarati,,500.5,,,,XYZ,Science G.K,3135,,0,275.00,,,,,,,
Adbhoot Sawal - Jawab Gyankosh,,,Paragon Publication,,,3136,Gujarati,,039.914.7,,,,XYZ,Science G.K,3136,,0,275.00,,,,,,,
Manav Sharir Gyankosh,,,Paragon Publication,,,3137,Gujarati,,611.003,,,,XYZ,Science G.K,3137,,0,275.00,,,,,,,
Vigyanni Duniya,,,Paragon Publication,,,3138,Gujarati,,500,,,,XYZ,Science G.K,3138,,0,275.00,,,,,,,
Aruthvigrahno Gyan Kosh,,,Paragon Publication,,,3139,Gujarati,,550.3,,,,XYZ,Science G.K,3139,,0,275.00,,,,,,,
Vishva JiV,,,Paragon Publication,,,3140,Gujarati,,590,,,,XYZ,Science G.K,3140,,0,275.00,,,,,,,
Vishva Ithas,,,Paragon Publication,,,3141,Gujarati,,909,,,,XYZ,History,3141,,0,275.00,,,,,,,
Ah=jab Anokhi Duniya,,,Paragon Publication,,,3142,Gujarati,,525,,,,XYZ,Science G.K,3142,,0,275.00,,,,,,,
The Mond and Its Control,,,Advaita Ashram,,,3143,English,,823,,,,XYZ,Self Devp,3143,,0,4.00,,,,,,,
Shraddhano Swas,,,R.R Seth ni Co.,,,3144,Gujarati,,891.47,,,,Budhananda Swami,Short Stories,3144,,0,60.00,,,,,,,
Arsha Vidya- The Vision Of The Rishish,,,Gandhareshwar Trust,,,3145,Gujarati,,200,,,,Bhatt Nitin,Literature,3145,,0,-,,,,,,,
Confuing Words,,,Authors Press,,,3146,Gujarati,,428.1,,,,Dyananda Swami,English Grammar,3146,,0,125.00,,,,,,,
Adhunik Manav Shantini Shodhma,,,Ramkrishna Ashram,,,3147,Gujarati,,891.47,,,,Gopal Krishnan P.N,Literature,3147,,0,35.00,,,,,,,
Ekagrata Ane Dhyan,,,Ramkrishna Ashram,,,3148,Gujarati,,891.47,,,,Nikhileshwarananda Swami,Literature,3148,,0,25.00,,,,,,,
Safaltana Rahashyo ane Sarwangi Vikas,,,Ramkrishna Ashram,,,3149,Gujarati,,891.47,,,,Nikhileshwarananda Swami,Literature,3149,,0,16.00,,,,,,,
Shri Ramkrishna ane Swami Vivekananda,,,Advaita Ashram,,,3150,English,,823,,,,Nikhileshwarananda Swami,Literature,3150,,0,-,,,,,,,
Vidyarthine Patra,,,Advaita Ashram,,,3151,Gujarati,,891.47,,,,Nehru jawaharlal,Literature,3151,,0,6.00,,,,,,,
The Massage of Ramkrishna,,,Advaita Ashram,,,3152,Gujarati,,891.47,,,,Purshotamanand Swami,Letters,3152,,0,1.00,,,,,,,
Enlightened Citizenship & Our Democracy,,,Advaita Ashram,,,3153,English,,823,,,,Ranganathananda Swami,Literature,3153,,0,4.00,,,,,,,
The Philosophy of Democratic Administration,,,Advaita Ashram,,,3154,English,,823,,,,Ranganathananda Swami,Literature,3154,,0,5.00,,,,,,,
The Essence of Indian Cultural,,,Advaita Ashram,,,3155,English,,823,,,,Ranganathananda Swami,Literature,3155,,0,3.00,,,,,,,
The Gift Of Life,,,Oasis Shop,,,3156,English,,823,,,,Shah Sanjiv,Literature,3156,,0,10.00,,,,,,,
Premno Aasav,,,R.R Seth ni Co.,,,3157,Gujarati,,891.47,,,,Sondarva Hetal,Short Stories,3157,,0,50.00,,,,,,,
Saraswatichandra,,,Gurjar Granth Ratna Karyalay,,,3158,Gujarati,,891.47,,,,Tripathi Goverdhanram,Novel,3158,,0,250.00,,,,,,,
Safaltana Sopan,,,Ramkrishna Math,,,3159,Gujarati,,891.47,,,,Vivekananda Swami,Literature,3159,,0,2.00,,,,,,,
Shaktidayi Vichar,,,Ramkrishna Math,,,3160,Gujarati,,891.47,,,,Vivekananda Swami,Literature,3160,,0,8.00,,,,,,,
Sudhanas 6r Preparations for Higher Life,,,Advaita Ashram,,,3161,Gujarati,,891.47,,,,Vivekananda Swami,Literature,3161,,0,3.00,,,,,,,
Work and its Secret,,,Advaita Ashram,,,3162,Gujarati,,294.544,,,,Vivekananda Swami,Literature,3162,,0,2.00,,,,,,,
Work and its Secret,,,Advaita Ashram,,,3163,Gujarati,,294.544,,,,Vivekananda Swami,Literature,3163,,0,2.00,,,,,,,
India,,,Advaita Ashram,,,3164,English,,823,,,,Vivekananda Swami,Literature,3164,,0,5.00,,,,,,,
Universal Ethics & Moral Conduct,,,Advaita Ashram,,,3165,English,,823,,,,Vivekananda Swami,Literature,3165,,0,6.00,,,,,,,
To The Youth of India,,,Advaita Ashram,,,3166,English,,823,,,,Vivekananda Swami,Literature,3166,,0,6.00,,,,,,,
Bhartiya Nari,,,Advaita Ashram,,,3167,Gujarati,,891.47,,,,Vivekananda Swami,Literature,3167,,0,5.00,,,,,,,
Sauna Swami Vivekananda,,,Advaita Ashram,,,3168,Gujarati,,891.47,,,,Vivekananda Swami,Literature,3168,,0,-,,,,,,,
Faith,,,Advaita Ashram,,,3169,English,,823,,,,Vivekananda Swami,Literature,3169,,0,4.00,,,,,,,
Way To Success,,,Advaita Ashram,,,3170,English,,823,,,,Vivekananda Swami,Literature,3170,,0,4.00,,,,,,,
Cal to The Youth of India,,,Ramkrishna Math,,,3171,English,,823,,,,Vivekananda Swami,Literature,3171,,0,4.00,,,,,,,
Service,,,Ramkrishna Math,,,3172,English,,823,,,,Vivekananda Swami,Literature,3172,,0,4.00,,,,,,,
Kelvani,,,Advaita Ashram,,,3173,English,,823,,,,Vivekananda Swami,Literature,3173,,0,5.00,,,,,,,
Personality Development,,,Advaita Ashram,,,3174,English,,823,,,,Vivekananda Swami,Literature,3174,,0,4.00,,,,,,,
Parents and Teachers In Value Education,,,Advaita Ashram,,,3175,English,,823,,,,Vivekananda Swami,Literature,3175,,0,50.00,,,,,,,
Swami Vivekananda Jivan ni Au Updesh,,,Advaita Ashram,,,3176,Hindi,,423,,,,Vivekananda Swami,Literature,3176,,0,3.00,,,,,,,
Charitryaghadtar Dwara Rashtriya Nirman,,,Advaita Ashram,,,3177,Gujarati,,891.47,,,,Vivekananda Swami,Literature,3177,,0,25.00,,,,,,,
Five Point Someone,,,Felix Publication,,,3178,English,,823,,,,Bhagat Chetan,Novel,3178,,0,176.00,,,,,,,
One Night At Call Centre,,,Felix Publication,,,3179,English,,823,,,,Bhagat Chetan,Novel,3179,,0,176.00,,,,,,,
2 States,,,Felix Publication,,,3180,English,,823.92,,,,Bhagat Chetan,Novel,3180,,0,176.00,,,,,,,
Half Girl Friend,,,Felix Publication,,,3181,English,,823.92,,,,Bhagat Chetan,Novel,3181,,0,176.00,,,,,,,
What Young India Wants,,,Felix Publication,,,3182,English,,303.4840954,,,,Bhagat Chetan,Essays & Columns,3182,,0,176.00,,,,,,,
Making India Awesome,,,Felix Publication,,,3183,English,,361.10954,,,,Bhagat Chetan,Essays & Columns,3183,,0,176.00,,,,,,,
The Secret,,,Felix Publication,,,3184,English,,158.1,,,,Byrne Rhonda,Literature,3184,,0,750.00,,,,,,,
The Power,,,Felix Publication,,,3185,English,,155.25,,,,Byrne Rhonda,Literature,3185,,0,750.00,,,,,,,
Hero,,,Felix Publication,,,3186,English,,158,,,,Byrne Rhonda,Literature,3186,,0,699.00,,,,,,,
The Magic of the Lost Temple,,,Felix Publication,,,3187,English,,158,,,,Byrne Rhonda,Literature,3187,,0,399.00,,,,,,,
The Achemist,,,Felix Publication,,,3188,English,,869.3,,,,Coelho Paulo,Literature,3188,,0,299.00,,,,,,,
7 Habits of Highly Effective People,,,Felix Publication,,,3189,English,,158,,,,Covey Stephen R,Literature,3189,,0,599.00,,,,,,,
Jurassic Park,,,Felix Publication,,,3190,English,,813.64,,,,Crichton Michael,Literature,3190,,0,399.00,,,,,,,
Ame Badhan,,,Felix Publication,,,3191,Gujarati,,891.47,,,,Dave Jyotrindra,Literature,3191,,0,225.00,,,,,,,
Divasvapna,,,Felix Publication,,,3192,Gujarati,,891.47,,,,Desai Nayak Sadhna,Literature,3192,,0,110.00,,,,,,,
Sherlock Holmes Part-1,,,Felix Publication,,,3193,English,,823,,,,Doyel Conana Arthur,Literature,3193,,0,463.00,,,,,,,
Sherlock Holmes Part-2,,,Felix Publication,,,3194,English,,823,,,,Doyel Conana Arthur,Literature,3194,,0,,,,,,,,
Think And Grow Rich,,,Felix Publication,,,3195,English,,650.1,,,,Hill Napoleon,Literature,3195,,0,150.00,,,,,,,
You Can Hill Your Life,,,Felix Publication,,,3196,English,,823,,,,Hey Louise,Literature,3196,,0,450.00,,,,,,,
Rich Dad Poor Dad,,,Felix Publication,,,3197,English,,823,,,,Kiyosaki Robert.J,Literature,3197,,0,399.00,,,,,,,
Diary of Wimpy Kid - The Long Haul,,,Felix Publication,,,3198,English,,,,,,Kinney Jeff,Literature,3198,,0,299.00,,,,,,,
Diary of Wimpy Kid - Old School,,,Felix Publication,,,3199,English,,,,,,Kinney Jeff,Literature,3199,,0,399.00,,,,,,,
The Guiding Light,,,Felix Publication,,,4000,English,,808.882,,,,Kalam APJ Abdul,Literature,4000,,0,295.00,,,,,,,
My Journy,,,Felix Publication,,,4001,English,,954.050592,,,,Kalam APJ Abdul,Literature,4001,,0,198.00,,,,,,,
Turning Point,,,Felix Publication,,,4002,English,,954.050592,,,,Kalam APJ Abdul,Literature,4002,,0,250.00,,,,,,,
Target 3 Billion,,,Felix Publication,,,4003,English,,307.1412095,,,,Kalam APJ Abdul,Literature,4003,,0,350.00,,,,,,,
Transcendance,,,Felix Publication,,,4004,English,,294.544,,,,Kalam APJ Abdul,Literature,4004,,0,450.00,,,,,,,
Something Happened on the Way To Heaven,,,Felix Publication,,,4005,English,,823.914,,,,Murty Sudha,Short Stories,4005,,0,250.00,,,,,,,
The Mother I Never knew,,,Felix Publication,,,4006,English,,823.914,,,,Murty Sudha,Short Stories,4006,,0,250.00,,,,,,,
Grandmas Bag od Stories,,,Felix Publication,,,4007,English,,823.914,,,,Murty Sudha,Short Stories,4007,,0,250.00,,,,,,,
The Monk Who Sold His Ferari,,,Felix Publication,,,4008,English,,813.54,,,,Sharma Robin,Literature,4008,,0,199.00,,,,,,,
The Greatness Guide,,,Felix Publication,,,4009,English,,158.1,,,,Sharma Robin,Literature,4009,,0,225.00,,,,,,,
The Greatness Guide -2,,,Felix Publication,,,4010,English,,158.1,,,,Sharma Robin,Literature,4010,,0,225.00,,,,,,,
The Leader Who Had No Title,,,Felix Publication,,,4011,English,,658.4092,,,,Sharma Robin,Literature,4011,,0,199.00,,,,,,,
Lidership Wisdom ,,,Felix Publication,,,4012,English,,658.4092,,,,Sharma Robin,Literature,4012,,0,250.00,,,,,,,
Discover Youe Destiny,,,Felix Publication,,,4013,English,,158.1,,,,Sharma Robin,Literature,4013,,0,250.00,,,,,,,
Daily Inspiratation,,,Felix Publication,,,4014,English,,158.1,,,,Sharma Robin,Literature,4014,,0,299.00,,,,,,,
Who Will Cry When You Die,,,Felix Publication,,,4015,English,,158.1,,,,Sharma Robin,Literature,4015,,0,175.00,,,,,,,
Family Wisdom,,,Felix Publication,,,4016,English,,694.1,,,,Sharma Robin,Literature,4016,,0,225.00,,,,,,,
The Secret Letters,,,Felix Publication,,,4017,English,,823,,,,Sharma Robin,Literature,4017,,0,250.00,,,,,,,
Mastery Manual,,,Felix Publication,,,4018,English,,823,,,,Sharma Robin,Literature,4018,,0,199.00,,,,,,,
Magaliving,,,Felix Publication,,,4019,English,,823,,,,Sharma Robin,Literature,4019,,0,199.00,,,,,,,
Mrutyunjay,,,Felix Publication,,,4020,English,,891.47,,,,Savant Shivaji,Literature,4020,,0,399.00,,,,,,,
Playing Its My Way,,,Felix Publication,,,4021,English,,920,,,,Tendulkar Sachin,Literature,4021,,0,499.00,,,,,,,
Krishnayan,,,Felix Publication,,,4022,English,,891.47,,,,Vaidya Oza Kajal,Literature,4022,,0,275.00,,,,,,,
The Book of Thief,,,Felix Publication,,,4023,English,,823,,,,Azusak Markus,Literature,4023,,0,499.00,,,,,,,
The Oath Of Vayuputras,,,Felix Publication,,,4024,English,,823,,,,Amish,Literature,4024,,0,395.00,,,,,,,
Scion of Iskshavaku,,,Felix Publication,,,4025,English,,823,,,,Amish,Literature,4025,,0,350.00,,,,,,,
Advantage India,,,Felix Publication,,,4026,English,,338.954,,,,Kalam APJ Abdul,Literature,4026,,0,299.00,,,,,,,
We Can Do It.,,,Felix Publication,,,4027,English,,609.54,,,,Kalam APJ Abdul,Literature,4027,,0,399.00,,,,,,,
Digital Fortress,1,,Trasworld Publication,,,4028,English,,813.6,,,,Brown Dan,Literature,4028,,0,399.00,,,,,,,
Deception Point,1,,Trasworld Publication,,,4029,English,,813.54,,,,Brown Dan,Literature,4029,,0,399.00,,,,,,,
Angels & Demons,1,,Trasworld Publication,,,4030,English,,813.54,,,,Brown Dan,Literature,4030,,0,399.00,,,,,,,
Inferno,1,,Trasworld Publication,,,4031,English,,813.54,,,,Brown Dan,Literature,4031,,0,399.00,,,,,,,
The Da Vinci Code,1,,Trasworld Publication,,,4032,English,,813.54,,,,Brown Dan,Literature,4032,,0,399.00,,,,,,,
The Lost Symbol,1,,Trasworld Publication,,,4033,English,,813.54,,,,Brown Dan,Literature,4033,,0,399.00,,,,,,,
The Secret Seven - 1,1,,Hodder Publication,,,4034,English,,823.912,,,,Blyton Enid,Literature,4034,,0,125.00,,,,,,,
Secret Seven Adventure - 2,1,,Hodder Publication,,,4035,English,,823.912,,,,Blyton Enid,Literature,4035,,0,125.00,,,,,,,
"Well Done, Secret Seven - 3",1,,Hodder Publication,,,4036,English,,823.912,,,,Blyton Enid,Literature,4036,,0,125.00,,,,,,,
Secret Seven on the Trail - 4,1,,Hodder Publication,,,4037,English,,823.912,,,,Blyton Enid,Literature,4037,,0,125.00,,,,,,,
"Go Ahead, Secret Seven - 5",1,,Hodder Publication,,,4038,English,,823.912,,,,Blyton Enid,Literature,4038,,0,125.00,,,,,,,
"Good Work, Secret Seven - 6",1,,Hodder Publication,,,4039,English,,823.912,,,,Blyton Enid,Literature,4039,,0,125.00,,,,,,,
Secret Seven Win Through - 7,1,,Hodder Publication,,,4040,English,,823.912,,,,Blyton Enid,Literature,4040,,0,125.00,,,,,,,
"Three Cheers, Secret Seven - 8",1,,Hodder Publication,,,4041,English,,823.912,,,,Blyton Enid,Literature,4041,,0,125.00,,,,,,,
Secret Sevenh Mystery - 9,1,,Hodder Publication,,,4042,English,,823.912,,,,Blyton Enid,Literature,4042,,0,125.00,,,,,,,
Puzzle for the Secret Seven -10,1,,Hodder Publication,,,4043,English,,823.912,,,,Blyton Enid,Literature,4043,,0,125.00,,,,,,,
Secret Seven Fireworks -11,1,,Hodder Publication,,,4044,English,,823.912,,,,Blyton Enid,Literature,4044,,0,125.00,,,,,,,
Good Old Secret Seven - 12,1,,Hodder Publication,,,4045,English,,823.912,,,,Blyton Enid,Literature,4045,,0,125.00,,,,,,,
Shock For The Secret Seven - 13,1,,Hodder Publication,,,4046,English,,823.912,,,,Blyton Enid,Literature,4046,,0,125.00,,,,,,,
"Look Out, Secret Seven - 14",1,,Hodder Publication,,,4047,English,,823.912,,,,Blyton Enid,Literature,4047,,0,125.00,,,,,,,
Fun For the Secret Seven - 15,1,,Hodder Publication,,,4048,English,,823.912,,,,Blyton Enid,Literature,4048,,0,125.00,,,,,,,
The Naughtiest Girl Again,1,,Hodder Publication,,,4049,English,,823.912,,,,Blyton Enid,Literature,4049,,0,150.00,,,,,,,
The Naughtiest Girl is a Monitor,1,,Hodder Publication,,,4050,English,,823.912,,,,Blyton Enid,Literature,4050,,0,150.00,,,,,,,
The Naudhtiest Girl in the School,1,,Hodder Publication,,,4051,English,,823.912,,,,Blyton Enid,Literature,4051,,0,150.00,,,,,,,
Heres The Naughtiest Girl!,1,,Hodder Publication,,,4052,English,,823.912,,,,Blyton Enid,Literature,4052,,0,150.00,,,,,,,
Connect The Dots,1,,West Lend Publication,,,4053,English,,338.040922,,,,Bansal Rashmi,Literature,4053,,0,150.00,,,,,,,
India Since Independence,1,,Penguin Publication,,,4054,English,,954.035,,,,Chandra Bipin,Literature,4054,,0,225.00,,,,,,,
Indias Struggle For Independence,1,,Penguin Publication,,,4055,English,,954.035,,,,Chandra Bipin,Literature,4055,,0,450.00,,,,,,,
The Origin of Species,1,,Fingure Print Classic,,,4056,English,,576.82,,,,Darwin Charles,Literature,4056,,0,399.00,,,,,,,
The Naughtiest Girl Keeps a Secret,1,,Hodder Publication,,,4057,English,,823.912,,,,Digby Anne,Literature,4057,,0,250.00,,,,,,,
The Naughtiest Girl Saves the Day,1,,Hodder Publication,,,4058,English,,823.914,,,,Digby Anne,Literature,4058,,0,150.00,,,,,,,
Well Done the Naughtiest Girl,1,,Hodder Publication,,,4059,English,,823.914,,,,Digby Anne,Literature,4059,,0,150.00,,,,,,,
The Naughtiest Girl Wants to Win,1,,Hodder Publication,,,4060,English,,823.914,,,,Digby Anne,Literature,4060,,0,150.00,,,,,,,
The Naughtiest Girl Marches On,1,,Hodder Publication,,,4061,English,,823.914,,,,Digby Anne,Literature,4061,,0,150.00,,,,,,,
The Naughtiest Girl Helps a Friend,1,,Hodder Publication,,,4062,English,,823.914,,,,Digby Anne,Literature,4062,,0,150.00,,,,,,,
Auobiography of Benjamin Franklin,1,,Little Scholary Ltd,,,4063,English,,973.3092,,,,Franklin Benjamin,Literature,4063,,0,150.00,,,,,,,
The Motorcycle Diaries,1,,Harper Perennail ,,,4064,English,,918.04,,,,Guevara Ernesto che,Literature,4064,,0,95.00,,,,,,,
India After Gandhi,1,,The Picado Book,,,4065,English,,954.04,,,,Guha Ramchandra,Literature,4065,,0,325.00,,,,,,,
Who Moved My Cheese?,1,,Ver Milion,,,4066,English,,155.24,,,,Johnson Dr.Spencer,Literature,4066,,0,199.00,,,,,,,
The Man Who know Infinity,1,,Abacus Publication,,,4067,English,,510.92,,,,Kanigel Robert,Literature,4067,,0,,,,,,,,
Steve Jobs,1,,Abacus Publication,,,4068,English,,621.39092,,,,Isaacson Walter,Literature,4068,,0,,,,,,,,
The Magic of the Lost Temple,1,,Puffin Book,,,4069,English,,823.914,,,,Murthy Sudha,Literature,4069,,0,250.00,,,,,,,
Grandmas Bag of Stories,1,,Puffin Books,,,4070,English,,823.0108,,,,Murthy Sudha,Literature,4070,,0,199.00,,,,,,,
Twilight,1,,Atoms Books,,,4071,English,,813.6,,,,Meyer Stephenie,Literature,4071,,0,250.00,,,,,,,
The Discovery of India,1,,Penguin Books,,,4072,English,,954,,,,Nehru Jawaharlal,Literature,4072,,0,499.00,,,,,,,
Awken The Giant Within,1,,Pocket Books,,,4073,English,,158.1,,,,Robbins Anthony,Literature,4073,,0,699.00,,,,,,,
Unlimited Power,1,,Pocket Books,,,4074,English,,158.1,,,,Robbins Anthony,Literature,4074,,0,599.00,,,,,,,
Empire of the Moghal - The Serpents Tooth,1,,Pocket Books,,,4075,English,,900,,,,Rutherford Alex,Literature,4075,,0,599.00,,,,,,,
Empire of the Moghal - Raiders from the North,1,,Headline Publication,,,4076,English,,900,,,,Rutherford Alex,Literature,4076,,0,399.00,,,,,,,
Empire of the Moghal - Brothers at War,1,,Headline Publication,,,4077,English,,900,,,,Rutherford Alex,Literature,4077,,0,399.00,,,,,,,
Empire of the Moghal - The Tainted Throne,1,,Headline Publication,,,4078,English,,900,,,,Rutherford Alex,Literature,4078,,0,399.00,,,,,,,
Empire of the Moghal - The Ruler of the world,1,,Headline Publication,,,4079,English,,900,,,,Rutherford Alex,Literature,4079,,0,399.00,,,,,,,
English Language And Literature,,,,,,4080,English,,807,,,,,Referance Book,4080,,0,520.00,,,,,,,
English Language And Literature,,,,,,4081,English,,807,,,,,Referance Book,4081,,0,520.00,,,,,,,
Beehive Textbook in English Std-9,,,,,,4082,English,,807,,,,,Referance Book,4082,,0,65.00,,,,,,,
Beehive Textbook in English Std-9,,,,,,4083,English,,807,,,,,Referance Book,4083,,0,65.00,,,,,,,
Moments Supplementry Readers in English Std - 9,,,,,,4084,English,,807,,,,,Referance Book,4084,,0,35.00,,,,,,,
Moments Supplementry Readers in English Std - 9,,,,,,4085,English,,807,,,,,Referance Book,4085,,0,35.00,,,,,,,
English Language And Literature Exam Mate,,,,,,4086,English,,807,,,,,Referance Book,4086,,0,498.00,,,,,,,
Hornbill- Text Book Std - 11,,,,,,4087,English,,807,,,,,Referance Book,4087,,0,50.00,,,,,,,
Hornbill- Text Book Std - 11,,,,,,4088,English,,807,,,,,Referance Book,4088,,0,50.00,,,,,,,
Snapshots-Supplementry Readers in English Std - 11 Sci,,,,,,4089,English,,807,,,,,Referance Book,4089,,0,35.00,,,,,,,
Snapshots-Supplementry Readers in English Std - 11 Sci,,,,,,4090,English,,807,,,,,Referance Book,4090,,0,35.00,,,,,,,
NCERT Maths Textbook For Std 11 Science,,,,,,4091,English,,510,,,,,Referance Book,4091,,0,180.00,,,,,,,
NCERT Maths Textbook For Std 11 Science,,,,,,4092,English,,510,,,,,Referance Book,4092,,0,180.00,,,,,,,
Mathematics Textbook for Std 12 Science Part - 1,,,,,,4093,English,,510,,,,,Referance Book,4093,,0,115.00,,,,,,,
Mathematics Textbook for Std 12 Science Part - 2,,,,,,4094,English,,510,,,,,Referance Book,4094,,0,130.00,,,,,,,
Full Marks Mathematics Std 11 Science,,,,,,4095,English,,510,,,,,Referance Book,4095,,0,368.00,,,,,,,
All In One BIOLOGY ,,,,,,4096,English,,574,,,,,Referance Book,4096,,0,403.00,,,,,,,
NCERT Biology Std - 12  Science,,,,,,4097,English,,574,,,,,Referance Book,4097,,0,170.00,,,,,,,
Universal Biology For NEET Part- 1,,,,,,4098,English,,574,,,,,Referance Book,4098,,0,,,,,,,,
Universal Biology For NEET Part- 2,,,,,,4099,English,,574,,,,,Referance Book,4099,,0,,,,,,,,
Full Marks Biology,,,,,,4100,English,,574,,,,,Referance Book,4100,,0,416.00,,,,,,,
Chemistry Part - 1 Std 12 Science,,,,,,4101,English,,530,,,,,Referance Book,4101,,0,170.00,,,,,,,
Chemistry Part - 2 Std 12 Science,,,,,,4102,English,,530,,,,,Referance Book,4102,,0,115.00,,,,,,,
Chemistry Part - 1 Std 11 Science,,,,,,4103,English,,530,,,,,Referance Book,4103,,0,155.00,,,,,,,
Chemistry Part - 2 Std 11 Science,,,,,,4104,English,,530,,,,,Referance Book,4104,,0,105.00,,,,,,,
All In One Chemistry Std 11 Science,,,,,,4105,English,,530,,,,,Referance Book,4105,,0,420.00,,,,,,,
16 Years JEE Main Chapterwise Solution,,,,,,4106,English,,530,,,,,Referance Book,4106,,0,174.00,,,,,,,
Full Marks Chemistry Std - 11 Science,,,,,,4107,English,,530,,,,,Referance Book,4107,,0,,,,,,,,
Full Marks Chemistry Std - 11 Science,,,,,,4108,English,,530,,,,,Referance Book,4108,,0,,,,,,,,
Physics Part - 1 Std 11 Science,,,,,,4109,English,,540,,,,,Referance Book,4109,,0,130.00,,,,,,,
Physics Part - 2 Std 11 Science,,,,,,4110,English,,540,,,,,Referance Book,4110,,0,105.00,,,,,,,
Physics Part - 1 Std 12 Science,,,,,,4111,English,,540,,,,,Referance Book,4111,,0,170.00,,,,,,,
Physics Part - 2 Std 12 Science,,,,,,4112,English,,540,,,,,Referance Book,4112,,0,140.00,,,,,,,
All In One Physich Std 11 Science,,,,,,4113,English,,540,,,,,Referance Book,4113,,0,403.00,,,,,,,
All In One English Std 11 Sci,,,,,,4114,English,,807,,,,,Referance Book,4114,,0,340.00,,,,,,,
Full Marks Physics Std 11 Sci,,,,,,4115,English,,540,,,,,Referance Book,4115,,0,472.00,,,,,,,
Full Marks Physics Std 11 Sci,,,,,,4116,English,,540,,,,,Referance Book,4116,,0,,,,,,,,
16 Years JEE Main Chapterwise Solution - Physics,,,,,,4117,English,,540,,,,,Referance Book,4117,,0,174.00,,,,,,,
Aashaka,1,,Ram Charit Publisher,,,BHET BNP-1,Gujarati,,891.74,,,,Bhatt Suresh,Literature,BHET BNP-1,,0,,,,,,,,
Mahabharat Na Stree Patro,1,,XYZ,,,BHET BNP-2,Gujarati,,891.74,,,,Bhagvat Smita,Literature,BHET BNP-2,,0,,,,,,,,
Shareloke Homesni Rahasya Kathao,1,,Adarsh Prakashan,,,BHET BNP-3,Gujarati,,891.74,,,,Doyal Canon Arthur,Literature,BHET BNP-3,,0,,,,,,,,
Manasnu Kai Kaheway Nahi,1,,Pravin Prakashan,,,BHET BNP-4,Gujarati,,891.74,,,,JOSHI DINKAR,Literature,BHET BNP-4,,0,,,,,,,,
Pusharth Kathao,1,,R.R Seth ni Co.,,,BHET BNP-5,Gujarati,,891.74,,,,Kalarthi Mukul,Literature,BHET BNP-5,,0,,,,,,,,
Sanskar Kathao,1,,R.R Seth ni Co.,,,BHET BNP-6,Gujarati,,891.74,,,,Kalarthi Mukul,Literature,BHET BNP-6,,0,,,,,,,,
Manni Wat,1,,R.R Seth ni Co.,,,BHET BNP-7,Gujarati,,891.74,,,,Murthy Sudha,Literature,BHET BNP-7,,0,,,,,,,,
Nokhi Matina Jiv,1,,R.R Seth ni Co.,,,BHET BNP-8,Gujarati,,891.74,,,,Murthy Sudha,Literature,BHET BNP-8,,0,,,,,,,,
Mansaini Thapan,1,,R.R Seth ni Co.,,,BHET BNP-9,Gujarati,,891.74,,,,Murthy Sudha,Literature,BHET BNP-9,,0,,,,,,,,
Dharma Rah Batave Ramayan,1,,Wonder Publication,,,BHET BNP-10,Gujarati,,891.74,,,,Morari Bapu,Literature,BHET BNP-10,,0,,,,,,,,
Safalta Rah Batave Ramayan,1,,Wonder Publication,,,BHET BNP-11,Gujarati,,891.74,,,,Morari Bapu,Literature,BHET BNP-11,,0,,,,,,,,
Shikshan Rah Batave Ramayan,1,,R.R Seth ni Co.,,,BHET BNP-12,Gujarati,,891.74,,,,Morari Bapu,Literature,BHET BNP-12,,0,,,,,,,,
Jivan Rah Batave Ramayan,1,,R.R Seth ni Co.,,,BHET BNP-13,Gujarati,,891.74,,,,Morari Bapu,Literature,BHET BNP-13,,0,,,,,,,,
Jaggu Dakuna Verna valamna - 1,1,,Pravin Prakashan,,,BHET BNP-14,Gujarati,,891.74,,,,MEHTA HARKISHAN,Literature,BHET BNP-14,,0,,,,,,,,
Jagga Dakuna Verna Valamna-2,1,,R.R Seth ni Co.,,,BHET BNP-15,Gujarati,,891.74,,,,MEHTA HARKISHAN,Literature,BHET BNP-15,,0,,,,,,,,
Jagga Dakuna Verna Valamna-3,1,,R.R Seth ni Co.,,,BHET BNP-16,Gujarati,,891.74,,,,MEHTA HARKISHAN,Literature,BHET BNP-16,,0,,,,,,,,
Lajja,1,,R.R Seth ni Co.,,,BHET BNP-17,Gujarati,,891.74,,,,Nasrin Taslima,Literature,BHET BNP-17,,0,,,,,,,,
Stri Olakh Vagarnu Astitwa,1,,R.R Seth ni Co.,,,BHET BNP-18,Gujarati,,891.74,,,,Nasrin Taslima,Literature,BHET BNP-18,,0,,,,,,,,
Kahewat Kosh,1,,Axara Prakashan,,,BHET BNP-20,Gujarati,,891.74,,,,Naik Ratilal,Literature,BHET BNP-20,,0,,,,,,,,
Chalo Bal Adhikaro Janiye,1,,Balchetan Prakashan,,,BHET BNP-21,Gujarati,,891.74,,,,Patel Jayanti,Literature,BHET BNP-21,,0,,,,,,,,
Manav Thaun To Ghanu,1,,Arunoday Prakashan,,,BHET BNP-22,Gujarati,,891.74,,,,Pandit Bahadurshah,Literature,BHET BNP-22,,0,,,,,,,,
SuryaPush,1,,Aavran Art Work,,,BHET BNP-23,Gujarati,,891.74,,,,Ramanuj Madhav,Literature,BHET BNP-23,,0,,,,,,,,
Astitvano Utsav :- Ishvasyam,1,,R.R Seth ni Co.,,,BHET BNP-24,Gujarati,,891.74,,,,SHAH GUNVANT,Literature,BHET BNP-24,,0,,,,,,,,
Sambhavami Kshane Kshane,1,,R.R Seth ni Co.,,,BHET BNP-25,Gujarati,,891.74,,,,SHAH GUNVANT,Literature,BHET BNP-25,,0,,,,,,,,
Gandhini Champal,1,,R.R Seth ni Co.,,,BHET BNP-26,Gujarati,,891.74,,,,SHAH GUNVANT,Literature,BHET BNP-26,,0,,,,,,,,
Gandhina Chashma,1,,R.R Seth ni Co.,,,BHET BNP-27,Gujarati,,891.74,,,,SHAH GUNVANT,Literature,BHET BNP-27,,0,,,,,,,,
Mahamanav Mahavir,1,,R.R Seth ni Co.,,,BHET BNP-28,Gujarati,,891.74,,,,SHAH GUNVANT,Literature,BHET BNP-28,,0,,,,,,,,
Parodhiye Kalarava,1,,R.R Seth ni Co.,,,BHET BNP-29,Gujarati,,891.74,,,,SHAH GUNVANT,Literature,BHET BNP-29,,0,,,,,,,,
Yuva Hawa,1,,Navbharat Sahitya Mandir,,,BHET BNP-30,Gujarati,,891.74,,,,VASAVADA JAY,Literature,BHET BNP-30,,0,,,,,,,,
G.K.Jungle,1,,Navbharat Sahitya Mandir,,,BHET BNP-31,Gujarati,,891.74,,,,VASAVADA JAY,Literature,BHET BNP-31,,0,,,,,,,,
Science Samandar,1,,Navbharat Sahitya Mandir,,,BHET BNP-32,Gujarati,,891.74,,,,VASAVADA JAY,Literature,BHET BNP-32,,0,,,,,,,,
Parikrama Narmada Maiyaa ni,1,,R.R Seth ni Co.,,,BHET BNP-33,Gujarati,,891.74,,,,Vegad Amritlal,Literature,BHET BNP-33,,0,,,,,,,,
Antarno Ujas,1,,R.R Seth ni Co.,,,BHET BNP-34,Gujarati,,891.74,,,,Vijliwala I K,Literature,BHET BNP-34,,0,,,,,,,,
Prerna Nu Zarnu,1,,Adhia International,,,BHET B35,Gujarati,,891.74,,,,Adhia Jitendra,Literature,BHET B35,,0,,,,,,,,
Sneh Nu Zarnu,1,,Adhia International,,,BHET B36,Gujarati,,891.74,,,,Adhia Jitendra,Literature,BHET B36,,0,,,,,,,,
Shikshak Nu Darshan,1,,Pravin Prakashan,,,BHET B37,Gujarati,,891.74,,,,Bhandev,Literature,BHET B37,,0,,,,,,,,
Revoluation 2020,1,,R.R Seth ni Co.,,,BHET B38,Gujarati,,891.74,,,,Bhagat Chetan,Literature,BHET B38,,0,,,,,,,,
Pandade Pandade Prakash,1,,Gurjar Prakashan,,,BHET B39,Gujarati,,891.74,,,,DAVE MAHESH,Literature,BHET B39,,0,,,,,,,,
Pandade Pandade Lila,1,,Gurjar Prakashan,,,BHET B41,Gujarati,,891.74,,,,DAVE MAHESH,Literature,BHET B41,,0,,,,,,,,
Pandade Pandade Jyoti,1,,Gurjar Prakashan,,,BHET B40,Gujarati,,891.74,,,,DAVE MAHESH,Literature,BHET B40,,0,,,,,,,,
Pandade Pandade Moti,1,,Gurjar Prakashan,,,BHET B42,Gujarati,,891.74,,,,DAVE MAHESH,Literature,BHET B42,,0,,,,,,,,
Pandade Pandade Kiran,1,,Gurjar Prakashan,,,BHET B43,Gujarati,,891.74,,,,DAVE MAHESH,Literature,BHET B43,,0,,,,,,,,
Pandade Pandade Zakal,1,,Gurjar Prakashan,,,BHET B44,Gujarati,,891.74,,,,DAVE MAHESH,Literature,BHET B44,,0,,,,,,,,
Pandade Pandade Tahuko,1,,Gurjar Prakashan,,,BHET B45,Gujarati,,891.74,,,,DAVE MAHESH,Literature,BHET B45,,0,,,,,,,,
Pandade Pandade Deeva,1,,Gurjar Prakashan,,,BHET B46,Gujarati,,891.74,,,,DAVE MAHESH,Literature,BHET B46,,0,,,,,,,,
Dikri Mari Dost,1,,Harsh Prakashan,,,BHET B47,Gujarati,,891.74,,,,Doshi Nilam,Literature,BHET B47,,0,,,,,,,,
Who Moved my Cheese?,1,,R.R Seth ni Co.,,,BHET B48,Gujarati,,891.74,,,,Johnson Spencer,Literature,BHET B48,,0,,,,,,,,
Haiyano Harakh,1,,R.R Seth ni Co.,,,BHET B49,Gujarati,,891.74,,,,Jack Canfield,Literature,BHET B49,,0,,,,,,,,
Aashana  Ankur,1,,R.AMBANI & Co.,,,BHET B50,Gujarati,,891.74,,,,Jack Canfield,Literature,BHET B50,,0,,,,,,,,
Snehnu Zarnu,1,,R.R Seth ni Co.,,,BHET B51,Gujarati,,891.74,,,,Jack Canfield,Literature,BHET B51,,0,,,,,,,,
Oscar Wilde,1,,Wilco International,,,BHET STR 641,English,,823,,,,XYZ,Literature,BHET STR 641,,0,,,,,,,,
Oscar Wilde,1,,Crest Publishing House,,,BHET STR 642,English,,823,,,,XYZ,Literature,BHET STR 642,,0,95.00,,,,,,,
Wide Open Window,1,,Cropp Clark Co.,,,BHET STR 643,English,,823,,,,Barret Franklin,Literature,BHET STR 643,,0,,,,,,,,
Macbath,1,,USB Publisher,,,BHET STR 644,English,,823,,,,Shaskespare William,Literature,BHET STR 644,,0,75.00,,,,,,,
Short Stories,1,,Book Palace,,,BHET STR 645,English,,823,,,,XYZ,Literature,BHET STR 645,,0,60.00,,,,,,,
Collection of Stories 2,1,,Book Palace,,,BHET STR 646,English,,823,,,,Gupta Jayant,Literature,BHET STR 646,,0,75.00,,,,,,,
Collection Stories 3,1,,Book Palace,,,BHET STR 647,English,,823,,,,Gupta Jayant,Literature,BHET STR 647,,0,75.00,,,,,,,
Succecc Stories,1,,Rdi Print And Publishing Pvt. Ltd.,,,BHET STR 648,English,,823,,,,Gupta Jayant,Literature,BHET STR 648,,0,,,,,,,,
A Tale of Two Cities,1,,S.Chand & Co.,,,BHET STR 649,English,,823,,,,Dickens Charls,Literature,BHET STR 649,,0,35.00,,,,,,,
Outstanding Short Stories,1,,S.Chand & Co.,,,BHET STR 650,English,,823,,,,Paces S E,Literature,BHET STR 650,,0,30.00,,,,,,,
Kidnapped,1,,S.Chand & Co.,,,BHET STR 651,English,,823,,,,Paces S E,Literature,BHET STR 651,,0,30.00,,,,,,,
The Advantures of Don Quixote,1,,S.Chand & Co.,,,BHET STR 652,English,,823,,,,Paces S E,Literature,BHET STR 652,,0,25.00,,,,,,,
King Solomans Mines,1,,S.Chand & Co.,,,BHET STR 653,English,,823,,,,Paces S E,Literature,BHET STR 653,,0,30.00,,,,,,,
King Solomans Mine,1,,Oxford University Press,,,BHET STR 658,English,,823,,,,Haggard H,Literature,BHET STR 658,,0,4.50,,,,,,,
Scooge & The Christmas Spirits,1,,Oxford University Press,,,BHET STR 659,English,,823,,,,Haggard H,Literature,BHET STR 659,,0,,,,,,,,
Tow Eggs On My Plate,1,,S.Chand & Co.,,,BHET STR 660,English,,823,,,,Kenett john,Literature,BHET STR 660,,0,6.00,,,,,,,
The Advantures of Uckleberry Finn,1,,Macmillan & Co.,,,BHET STR 661,English,,823,,,,Twin Mark,Literature,BHET STR 661,,0,76.50,,,,,,,
The Grate Brain,1,,A Yearling Books,,,BHET STR 664,English,,823,,,,Fitzgerald John,Literature,BHET STR 664,,0,,,,,,,,
Stories in Verse,1,,S.Chand & Co.,,,BHET STR 665,English,,823,,,,Martin H,Literature,BHET STR 665,,0,1.50,,,,,,,
On Human Bondage,1,,Macmillan & Co.,,,BHET STR 666,English,,823,,,,Maugham W,Literature,BHET STR 666,,0,5.00,,,,,,,
The Adventure of Huckleberry Finn,1,,Orient Longman Ltd.,,,BHET STR 667,English,,823,,,,Twin Mark,Literature,BHET STR 667,,0,,,,,,,,
The King Vikram & The Ghost,1,,Jaico Publishing House,,,BHET STR 668,English,,823,,,,Tawney C H,Literature,BHET STR 668,,0,25.00,,,,,,,
Gal Young UN,1,,Bantan Books,,,BHET STR 669,English,,823,,,,Rowlings Marjorie,Literature,BHET STR 669,,0,,,,,,,,
Mustang,1,,Pyramid Books,,,BHET STR 670,English,,823,,,,Daly Kethleen,Literature,BHET STR 670,,0,,,,,,,,
Treasure Island,1,,Orient Longman Ltd.,,,BHET STR 671,English,,823,,,,Stevanson Robort,Literature,BHET STR 671,,0,,,,,,,,
Stories For Children 3,1,,Satya Sai Books,,,BHET STR 672,English,,823,,,,XYZ,Literature,BHET STR 672,,0,6.00,,,,,,,
Mordern Short Stories,1,,S.Chand & Co.,,,BHET STR 674,English,,823,,,,Paces S E,Literature,BHET STR 674,,0,7.50,,,,,,,
The Adventures of Don Quixote,1,,S.Chand & Co.,,,BHET STR 675,English,,823,,,,Paces S E,Literature,BHET STR 675,,0,10.00,,,,,,,
Six Detective Stories,1,,S.Chand & Co.,,,BHET STR 676,English,,823,,,,Paces S E,Literature,BHET STR 676,,0,12.50,,,,,,,
Maha Mala,1,,Navjivan Publishing House,,,BHET STR 678,English,,823,,,,Prabhu R K,Literature,BHET STR 678,,0,6.00,,,,,,,
Mother Teresa,1,,Pocket Books,,,BHET STR 679,English,,823,,,,Mother Teresa,Literature,BHET STR 679,,0,10.00,,,,,,,
Six Tales From Shakespeare,1,,Macmillan & Co.,,,BHST STR 662,English,,823,,,,Shakespeare William,Literature,BHST STR 662,,0,4.65,,,,,,,
Aavishakaro,1,,Parragon,,,SCI 1,Gujarati,,500,,,,GUJCOST,Literature,SCI 1,,0,90.00,,,,,,,
Brahmand,1,,Parragon,,,SCI 2,Gujarati,,500,,,,GUJCOST,Literature,SCI 2,,0,90.00,,,,,,,
Dynasor ni Duniya,1,,Parragon,,,SCI 3,Gujarati,,500,,,,GUJCOST,Literature,SCI 3,,0,90.00,,,,,,,
Vishwano Itihas,1,,Parragon,,,SCI 4,Gujarati,,500,,,,GUJCOST,Literature,SCI 4,,0,90.00,,,,,,,
Praakrutik Vishwa,1,,Parragon,,,SCI 5,Gujarati,,500,,,,GUJCOST,Literature,SCI 5,,0,90.00,,,,,,,
Vanaspti Jagat,1,,Parragon,,,SCI 6,Gujarati,,500,,,,GUJCOST,Literature,SCI 6,,0,90.00,,,,,,,
Praani Shrushti,1,,Parragon,,,SCI 7,Gujarati,,500,,,,GUJCOST,Literature,SCI 7,,0,90.00,,,,,,,
Vigyan,1,,Parragon,,,SCI 8,Gujarati,,500,,,,GUJCOST,Literature,SCI 8,,0,60.00,,,,,,,
Manav Shareer,1,,Parragon,,,SCI 9,Gujarati,,500,,,,GUJCOST,Literature,SCI 9,,0,90.00,,,,,,,
Pruthvi,1,,Parragon,,,SCI 10,Gujarati,,500,,,,GUJCOST,Literature,SCI 10,,0,90.00,,,,,,,
Vigyan Ane Technology Gyankosh,1,,Parragon,,,SCI 11,Gujarati,,500,,,,GUJCOST,Literature,SCI 11,,0,90.00,,,,,,,
Aaschryajanak Hakikato Gyankosh,1,,Parragon,,,SCI 12,Gujarati,,500,,,,GUJCOST,Literature,SCI 12,,0,90.00,,,,,,,
Visamaykaaraka Antarix,1,,Parragon,,,SCI 13,Gujarati,,500,,,,GUJCOST,Literature,SCI 13,,0,90.00,,,,,,,
Adbhoot Sawal ane Jawab Gyankosh,1,,Parragon,,,SCI 14,Gujarati,,500,,,,Gadhvi Kintu,Literature,SCI 14,,0,275.00,,,,,,,
Manav Shareer Gyankhso,1,,Parragon,,,SCI 15,Gujarati,,500,,,,GUJCOST,Literature,SCI 15,,0,275.00,,,,,,,
Vigyan ni Duniya,1,,Parragon,,,SCI 16,Gujarati,,500,,,,GUJCOST,Literature,SCI 16,,0,275.00,,,,,,,
Pruthvigrahno Gyankosh,1,,Parragon,,,SCI 17,Gujarati,,500,,,,GUJCOST,Literature,SCI 17,,0,275.00,,,,,,,
Vishwa Jiv,1,,Parragon,,,SCI 18,Gujarati,,500,,,,GUJCOST,Literature,SCI 18,,0,275.00,,,,,,,
Vishwa Itihas,1,,Parragon,,,SCI 19,Gujarati,,500,,,,GUJCOST,Literature,SCI 19,,0,275.00,,,,,,,
Ajab Anokhi Pruthvi,1,,Parragon,,,SCI 20,Gujarati,,500,,,,GUJCOST,Literature,SCI 20,,0,275.00,,,,,,,
Genaral Knowledge,1,,Navneet Publication,,,P01,English,,823,,,,Tolani Roshan,Literature,P01,,0,80.00,,,,,,,
General Knowledge (World Quiz),1,,Navneet Publication,,,P02,English,,823,,,,Tolani Roshan,Referance Book,P02,,0,80.00,,,,,,,
General Knowledge (World Quiz),1,,Navneet Publication,,,P03,English,,823,,,,Tolani Roshan,Referance Book,P03,,0,80.00,,,,,,,
General Knowledge (World Quiz),1,,Navneet Publication,,,P04,English,,823,,,,Tolani Roshan,Referance Book,P04,,0,80.00,,,,,,,
Vidhyarthi,1,,WBG Publication,,,P05,Gujarati,,891.47,,,,Parekh Harish,Literature,P05,,0,20.00,,,,,,,
Shikshak,1,,WBG Publication,,,P06,Gujarati,,891.47,,,,Parekh Harish,Literature,P06,,0,20.00,,,,,,,
Bal Kelvani,1,,WBG Publication,,,P07,Gujarati,,891.47,,,,Parekh Harish,Literature,P07,,0,20.00,,,,,,,
Vrudhdhavastha,1,,WBG Publication,,,P08,Gujarati,,891.47,,,,Parekh Harish,Literature,P08,,0,20.00,,,,,,,
Time Management,1,,WBG Publication,,,P09,Gujarati,,891.47,,,,Parekh Harish,Literature,P09,,0,20.00,,,,,,,
Network Marketing,1,,WBG Publication,,,P10,Gujarati,,891.47,,,,Parekh Harish,Literature,P10,,0,20.00,,,,,,,
Attitude,1,,WBG Publication,,,P11,Gujarati,,891.47,,,,Parekh Harish,Literature,P11,,0,20.00,,,,,,,
Positive Thinking,1,,WBG Publication,,,P12,Gujarati,,891.47,,,,Parekh Harish,Literature,P12,,0,20.00,,,,,,,
Confidence,1,,WBG Publication,,,P13,Gujarati,,891.47,,,,Parekh Harish,Literature,P13,,0,20.00,,,,,,,
Personality,1,,WBG Publication,,,P14,Gujarati,,891.47,,,,Parekh Harish,Literature,P14,,0,20.00,,,,,,,
Safalta,1,,WBG Publication,,,P15,Gujarati,,891.47,,,,Parekh Harish,Literature,P15,,0,20.00,,,,,,,
Prarthna,1,,WBG Publication,,,P16,Gujarati,,891.47,,,,Parekh Harish,Literature,P16,,0,20.00,,,,,,,
Lothal,1,,Pelican Press,,,P17,English,,954.3,,,,Rao S R,Literature,P17,,0,30.00,,,,,,,
Sanchi,1,,Good Earth Pub,,,P18,English,,954.3,,,,Mitra Debala,Literature,P18,,0,99.00,,,,,,,
100 Folk Heroes,1,,Gemini Books,,,P19,English,,920.02,,,,Krall Sarah,Referance Book,P19,,0,65.00,,,,,,,
100 Battels,1,,Pustak Mahal,,,P20,English,,904.7,,,,Krall Sarah,Referance Book,P20,,0,65.00,,,,,,,
Childrens Knowledge Book - 3,1,,Pustak Mahal,,,P21,English,,1,,,,Gupta Sunita,Referance Book,P21,,0,60.00,,,,,,,
Childrens Knowledge Book - 6,1,,Pustak Mahal,,,P22,English,,1,,,,Gupta Sunita,Referance Book,P22,,0,60.00,,,,,,,
Ekvachan,1,,Sahitya Sangam,,,P23,Gujarati,,891.47,,,,BAKSHI CHANDRAKANT,Literature,P23,,0,125.00,,,,,,,
Bahuvachan,1,,Sahitya Sangam,,,P24,English,,891.47,,,,BAKSHI CHANDRAKANT,Literature,P24,,0,60.00,,,,,,,
Kshana No Shakshatkar,1,,Sahitya Sangam,,,P25,Gujarati,,188.2,,,,Desai Kumarpal,Literature,P25,,0,95.00,,,,,,,
Mahek,1,,Suman Book Centre,,,P26,Gujarati,,891.47,,,,Dahiwala Gani,Literature,P26,,0,75.00,,,,,,,
Lambi Safar Che Jindgi,1,,Sahitya Sangam,,,P27,Gujarati,,155.215,,,,Mankad Mohammd,Literature,P27,,0,125.00,,,,,,,
Jivavun Sahelun Che,1,,Sahitya Sangam,,,P28,Gujarati,,891.47,,,,NAIK NANUBHAI,Literature,P28,,0,160.00,,,,,,,
Chalo Aa Rite Vichariye,1,,Sahitya Sangam,,,P29,Gujarati,,891.47,,,,Panchal Dinesh,Literature,P29,,0,90.00,,,,,,,
Jivan Sarit Ne Teer,1,,Sahitya Sangam,,,P30,Gujarati,,891.47,,,,Panchal Dinesh,Literature,P30,,0,94.00,,,,,,,
Rooze,1,,Prograssive Press,,,P31,Gujarati,,891.471,,,,PalanPi Amar,Literature,P31,,0,150.00,,,,,,,
Vachaspati Ni Vyangya Vacha,1,,Sahitya Sangam,,,P32,Gujarati,,891.47,,,,Patel Gajanan,Literature,P32,,0,125.00,,,,,,,
"Balvikas Ni A,B,C,D",1,,Sahitya Sangam,,,P33,Gujarati,,891.47,,,,Shah Shashikant,Literature,P33,,0,125.00,,,,,,,
Safalta Na Shikhar Upar,1,,Sahitya Sangam,,,P34,Gujarati,,891.47,,,,Trivedi Pradip,Literature,P34,,0,80.00,,,,,,,
Saat Paglan Safaltana,1,,Sahitya Sangam,,,P35,Gujarati,,891.47,,,,Trivedi Pradip,Literature,P35,,0,125.00,,,,,,,
Sukh Ni Suvas,1,,Sahitya Sangam,,,P36,Gujarati,,891.47,,,,Trivedi Pradip,Literature,P36,,0,50.01,,,,,,,
Sukh No Parasmani,1,,Sahitya Sangam,,,P37,Gujarati,,891.47,,,,Trivedi Pradip,Literature,P37,,0,50.00,,,,,,,
Mareez Ni Shreshtha Gazalo,1,,Navbharat Sahitya Mandir,,,P38,Gujarati,,891.471,,,,Vyas Rajesh,Literature,P38,,0,100.00,,,,,,,
Illustrated - Oxford Dictionary,1,,Oxford University Press,,,P39,English,,803,,,,Kindersley Dorling,Referance Book,P39,,0,450.00,,,,,,,
Ask Me Anything,1,,Oxford University Press,,,P40,Gujarati,,820.001,,,,Khurana Ashwin,Referance Book,P40,,0,450.00,,,,,,,
MATHAMATICS MCQ- JEE Part-1,1,,GSEB,,,P41,English,,510,,,,GSEB,Referance Book,P41,,0,100.00,,,,,,,
Collns Reference Library,1,,Harper Collins,,,P41,English,,803,,,,Claybourne Anna,Referance Book,P41,,0,1600.00,,,,,,,
MATHAMATICS MCQ-JEE Part - 2,1,,GSEB,,,P42,English,,510,,,,GSEB,Referance Book,P42,,0,70.00,,,,,,,
CHEMISTRY MCQ - JEE Part - 1,1,,GSEB,,,P43,English,,540,,,,GSEB,Referance Book,P43,,0,70.00,,,,,,,
CHEMISTRY MCQ-JEE Part - 2,1,,GSEB,,,P44,English,,540,,,,GSEB,Referance Book,P44,,0,60.00,,,,,,,
PHYSICS MCQ - JEE Part- 1,1,,GSEB,,,P45,English,,530,,,,GSEB,Referance Book,P45,,0,85.00,,,,,,,
PHYSICS MCQ Part - 2,1,,GSEB,,,P46,English,,530,,,,GSEB,Referance Book,P46,,0,95.00,,,,,,,
THE BOSS,1,,R.R Seth ni Co.,,,P47,Gujarati,,891.47,,,,SHAH GUNVANT,Literature,P47,,0,250.00,,,,,,,
1001 Inventions taht Changed the World,1,,Hachette Book Publishing,,,P48,English,,609,,,,Challoner Jack,Literature,P48,,0,,,,,,,,
Picture Atlas,1,,DK,,,P50,English,,912.1,,,,Ganeri Anita,Literature,P50,,0,,,,,,,,
Animal Encyclopedia,,,Panguim Group,,,P51,English,,590.3,,,,Arlon Penelope,Encyclopedia,P51,,0,,,,,,,,
Nature Encyclopedia,,,Panguim Group,,,P52,English,,508.3,,,,Bingham Caroline,Encyclopedia,P52,,0,,,,,,,,
Space Encyclopedia,,,Panguim Group,,,P53,English,,520.3,,,,Bingham Caroline,Encyclopedia,P53,,0,,,,,,,,
Dictionary,,,Panguim Group,,,P54,English,,803,,,,XYZ,Dictionary,P54,,0,,,,,,,,
Just Ek Minute,1,,Navbharat Sahitya Mandir,,,P55,Gujarati,,158,,,,Andhariya Rajoo,Literature,P55,,0,70.00,,,,,,,
Just Ek Minute Part - 2,1,,Navbharat Sahitya Mandir,,,P56,Gujarati,,158,,,,Andhariya Rajoo,Literature,P56,,0,70.00,,,,,,,
Shikshan Darshan,1,,Pravin Prakashan,,,P57,Gujarati,,370,,,,Bhandev,Literature,P57,,0,70.00,,,,,,,
The Tech Tycoons,1,,Wondaer Land Publication,,,P58,Gujarati,,600,,,,Cholera Yagnesh,Literature,P58,,0,270.00,,,,,,,
Draupadini Katha ane Vyatha,1,,Pravin Prakashan,,,P59,Gujarati,,891.47,,,,Dave Susmita,Literature,P59,,0,65.00,,,,,,,
Madhav Kyany Nathi,1,,Pravin Prakashan,,,P60,Gujarati,,891.471,,,,DAVE HARINDRA,Literature,P60,,0,85.00,,,,,,,
Sukhnun Sarnamu,1,,Pravin Prakashan,,,P61,Gujarati,,891.473,,,,JOSHI DINKAR,Literature,P61,,0,20.00,,,,,,,
Saat Paglaa Aaakashmaa,1,,Navbharat Sahitya Mandir,,,P62,Gujarati,,891.471,,,,KAPADIYA KUNDNIKA,Literature,P62,,0,195.00,,,,,,,
Sardar Patel Ek Sinh Push,1,,Gurjar Granth Ratna Karyalay,,,P63,Gujarati,,920,,,,Kadri Rizwan,Literature,P63,,0,180.00,,,,,,,
Chalo Kahevato Samajiye,1,,Kusum Prakashan,,,P64,Gujarati,,891.47,,,,Kadikar Yashvant,Literature,P64,,0,40.00,,,,,,,
Lagniono Sanvad,1,,Gujarat Pustakalay Mandal,,,P65,Gujarati,,891.473,,,,Canfield Jack,Literature,P65,,0,35.00,,,,,,,
Satya na Prayago Ek Aatmakatha,1,,Navjivan Prakashan Mandir,,,P66,Gujarati,,954.035092,,,,GANDHIJI,Literature,P66,,0,70.00,,,,,,,
Shikshan Rah Batave Ramayan,1,,Wondaer Land Publication,,,P67,Gujarati,,294.561,,,,Moraribapu,Literature,P67,,0,95.00,,,,,,,
Jivan Rah Batave Ramayan,1,,Wondaer Land Publication,,,P68,Gujarati,,294.544.6,,,,Moraribapu,Literature,P68,,0,95.00,,,,,,,
SambharNaanni Safar,1,,R.R Seth ni Co.,,,P69,Gujarati,,891.47,,,,MURTI SUDHA,Literature,P69,,0,90.00,,,,,,,
Sachane Nahin Aanch,1,,R.R Seth ni Co.,,,P70,Gujarati,,891.47,,,,MURTI SUDHA,Literature,P70,,0,70.00,,,,,,,
Mansaini Thapan,,,R.R Seth ni Co.,,,P71,Gujarati,,920.054,,,,MURTI SUDHA,Literature,P71,,0,125.00,,,,,,,
Harry Potter Powder Galima,1,,Navbharat Sahitya Mandir,,,P72,Gujarati,,891.474,,,,Mehta Tarak,Literature,P72,,0,25.00,,,,,,,
Mara Swapnnu Bharat,1,,Navjivan Mudranalay,,,P73,Gujarati,,891.474,,,,Gandhi M.K,Literature,P73,,0,40.00,,,,,,,
Dikri Etle Dikri,1,,Navbharat Sahitya Mandir,,,P74,Gujarati,,306.87421,,,,Patel Kanti,Literature,P74,,0,200.00,,,,,,,
Balak Ne Sarjnatamk Kem Banavsho?,1,,Navbharat Sahitya Mandir,,,P75,Gujarati,,891.47,,,,Patel Vasant J,Literature,P75,,0,60.00,,,,,,,
Rudhiprayogo Ane Kahewat Kosh,1,,Adarsh Prakashan,,,P76,Gujarati,,891.47,,,,Patel Chandrikaben,Literature,P76,,0,55.00,,,,,,,
Bill Gates : The Big Boss,1,,Navbharat Sahitya Mandir,,,P77,Gujarati,,891.47,,,,Sharma Rajesh,Literature,P77,,0,120.00,,,,,,,
Rudhiprayogo Ane Kahewat Kosh,1,,Navbharat Sahitya Mandir,,,P77,Gujarati,,891.47,,,,Patel Chandrikaben,Literature,P77,,0,55.00,,,,,,,
Motivational Stories,1,,Rudra Publication,,,P78,Gujarati,,891.47,,,,Surani Vivek,Literature,P78,,0,45.00,,,,,,,
Kelvani ni Bhet,1,,Oasis Shop,,,P79,Gujarati,,891.47,,,,SHAH SANJIV,Literature,P79,,0,30.00,,,,,,,
Maro Tyan Sudhee Jivo,1,,R.R Seth ni Co.,,,P80,Gujarati,,891.474,,,,SHAH GUNVANT,Literature,P80,,0,65.00,,,,,,,
Cardiogram,1,,R.R Seth ni Co.,,,P81,Gujarati,,891.474,,,,SHAH GUNVANT,Literature,P81,,0,75.00,,,,,,,
Zakalbhina Parijat,1,,R.R Seth ni Co.,,,P82,Gujarati,,891.474,,,,SHAH GUNVANT,Literature,P82,,0,65.00,,,,,,,
Draupadi,1,,Image Publication,,,P83,Gujarati,,891.4563,,,,Ray Pratibha,Literature,P83,,0,120.00,,,,,,,
Gora 1,1,,Mihir Prakashan,,,P84,Gujarati,,891.471,,,,Tagor R,Literature,P84,,0,55.00,,,,,,,
Gora 2,1,,Mihir Prakashan,,,P85,Gujarati,,891.471,,,,Tagor R,Literature,P85,,0,55.00,,,,,,,
Shikshan Sajjata,1,,R.R Seth ni Co.,,,P86,Gujarati,,370,,,,Thaker Dakshesh,Literature,P86,,0,60.00,,,,,,,
Chintanne Chamkare,1,,Navbharat Sahitya Mandir,,,P87,Gujarati,,158.1,,,,Unadkat Krishnkant,Literature,P87,,0,120.00,,,,,,,
Preet Kiye Sukh Hoy,1,,Navbharat Sahitya Mandir,,,P88,Gujarati,,152.41,,,,VASAVADA JAY,Literature,P88,,0,150.00,,,,,,,
O Henry ni Sadabahar Vartao,1,,Wondaer Land Publication,,,P89,Gujarati,,813,,,,Vyas Paresh,Literature,P89,,0,150.00,,,,,,,
Samay Ne Sathware,1,,R.R Seth ni Co.,,,P90,Gujarati,,891.473,,,,Vijliwala I K,Literature,P90,,0,35.00,,,,,,,
Slience Please!,1,,R.R Seth ni Co.,,,P91,Gujarati,,891.473,,,,Vijliwala I K,Literature,P91,,0,35.00,,,,,,,
Humfala Avsar,1,,R.R Seth ni Co.,,,P92,Gujarati,,891.473,,,,Vijliwala I K,Literature,P92,,0,35.00,,,,,,,
Antarno Ujas,1,,R.R Seth ni Co.,,,P93,Gujarati,,891.473,,,,Vijliwala I K,Literature,P93,,0,35.00,,,,,,,
Kal ni Kediae thi,1,,R.R Seth ni Co.,,,P94,Gujarati,,891.473,,,,Vijliwala I K,Literature,P94,,0,35.00,,,,,,,
Premno Pagrav,1,,R.R Seth ni Co.,,,P95,Gujarati,,891.473,,,,Vijliwala I K,Literature,P95,,0,35.00,,,,,,,
Amrutno Odkar,1,,R.R Seth ni Co.,,,P96,Gujarati,,891.473,,,,Vijliwala I K,Literature,P96,,0,35.00,,,,,,,
Draupadi,1,,R.R Seth ni Co.,,,P97,Gujarati,,891.473,,,,Vaidya Kajal Oza,Literature,P97,,0,120.00,,,,,,,
Get Well Soon,1,,R.R Seth ni Co.,,,P98,Gujarati,,891.47,,,,Vaidya Kajal Oza,Literature,P98,,0,75.00,,,,,,,
The Gift of Leadership,1,,Oasis Publication,,,P99,English,,828,,,,SHAH SANJIV,Literature,P99,,0,45.00,,,,,,,
The Gift of Peace Pilgrim,1,,Oasis Publication,,,P100,English,,828,,,,SHAH SANJIV,Literature,P100,,0,15.00,,,,,,,
The Gift of Proserity,1,,Oasis Publication,,,P101,English,,828,,,,SHAH SANJIV,Literature,P101,,0,12.00,,,,,,,
The Gift of Life,1,,Oasis Publication,,,P102,English,,828,,,,SHAH SANJIV,Literature,P102,,0,25.00,,,,,,,
The Gift of Success,1,,Oasis Publication,,,P103,English,,828,,,,SHAH SANJIV,Literature,P103,,0,12.00,,,,,,,
Jyare Hu Mane Gamwa Lagyo,1,,Oasis Publication,,,P104,Gujarati,,891.478,,,,SHAH SANJIV,Literature,P104,,0,20.00,,,,,,,
Jyare Sambandho Mane Gamwa Lagya,1,,Oasis Publication,,,P105,Gujarati,,891.478,,,,SHAH SANJIV,Literature,P105,,0,20.00,,,,,,,
Jindgi,1,,Oasis Publication,,,P106,Gujarati,,891.478,,,,SHAH SANJIV,Literature,P106,,0,150.00,,,,,,,
Swavikasni Bhet,1,,Oasis Publication,,,P107,Gujarati,,891.478,,,,SHAH SANJIV,Literature,P107,,0,20.00,,,,,,,
Master Stroke,1,,R.R Seth ni Co.,,,P108,Gujarati,,891.478,,,,Sondarva Hetal,Literature,P108,,0,99.00,,,,,,,
Man Ane Smaran,1,,R.R Seth ni Co.,,,P109,Gujarati,,891.478,,,,Bhalani Rajiv,Literature,P109,,0,40.00,,,,,,,
Bal Kevani,1,,WBG Publication,,,P110,Gujarati,,891.478,,,,Parekh Dr. Harish,Literature,P110,,0,20.00,,,,,,,
The Secret of The NAGAS,1,,Westland Ltd,,,P111,English,,823.92,,,,Amish,Literature,P111,,0,145.00,,,,,,,
The Immortals of MEHULA,1,,Westland Ltd,,,P112,English,,823.92,,,,Amish,Literature,P112,,0,185.00,,,,,,,
Its Always Possible,1,,Sterling Publishers,,,P113,English,,365.709,,,,Kiran Bedi,Literature,P113,,0,200.00,,,,,,,
Revolution 2020,1,,Rupa & Co.,,,P114,English,,823.92,,,,Bhagat Chetan,Literature,P114,,0,90.00,,,,,,,
The Three Mistakes of My Life,1,,Rupa & Co.,,,P115,English,,823.92,,,,Bhagat Chetan,Literature,P115,,0,90.00,,,,,,,
An Autobiography or The Story of My Experiments with Truth,1,,Navjivan Publishing House,,,P116,English,,954.035092,,,,Gandhi M.K,Literature,P116,,0,175.00,,,,,,,
Veenelan Phool - 3,1,,Yagna Prakashan,,,P117,Gujarati,,891.47301,,,,Harish Chandra,Literature,P117,,0,25.00,,,,,,,
You Can Win,1,,Bloomsbury,,,P118,English,,650.1,,,,Shiv Khera,Literature,P118,,0,255.00,,,,,,,
Unbreakable,1,,Navbharat Sahitya Mandir,,,P119,Gujarati,,920,,,,M C Mary Kom,Literature,P119,,0,105.00,,,,,,,
Forge Your Future,1,,Rajpal & Sons,,,P120,English,,823,,,,Apj Abdul Kalam,Literature,P120,,0,160.00,,,,,,,
Prerna Na Amee Zarana,1,,Navbharat Sahitya Mandir,,,P121,Gujarati,,891.47301,,,,Dr. Dipak KashiPiya,Literature,P121,,0,180.00,,,,,,,
"Gir Gaye, Girkar Uthe, Utakar Chale",1,,Sahitya Sangam,,,P122,Gujarati,,891.478,,,,Mankad Mohammd,Literature,P122,,0,45.00,,,,,,,
Praarambhika Hindi Vyakarana,1,,Shabdalok Prakashan,,,P123,Hindi,,491.453,,,,MADRASI NAVNEET,Literature,P123,,0,45.00,,,,,,,
Mahashweta,1,,R.R Seth ni Co.,,,P124,Gujarati,,891.473,,,,Murthy Sudha,Literature,P124,,0,75.00,,,,,,,
Something Happened On The Way to Heaven,1,,Penguin Books,,,P125,English,,891.47301,,,,Murthy Sudha,Literature,P125,,0,160.00,,,,,,,
Wise and Otherwise,1,,Penguin Books,,,P126,English,,338.954,,,,Murthy Sudha,Literature,P126,,0,160.00,,,,,,,
Lohini Sagai,1,,Navbharat Sahitya Mandir,,,P127,Gujarati,,891.47301,,,,PETLIKAR ISHWAR,Literature,P127,,0,90.00,,,,,,,
Petlikarni Shresht Vartao,1,,Navbharat Sahitya Mandir,,,P128,Gujarati,,891.47301,,,,PETLIKAR ISHWAR,Literature,P128,,0,60.00,,,,,,,
Miranan Pado,1,,Adarsh Prakashan,,,P129,Gujarati,,891.471,,,,Dr. Keshavram Shastri,Literature,P129,,0,40.00,,,,,,,
Prabhuna Ladakvaya,1,,R.R Seth ni Co.,,,P130,Gujarati,,100,,,,SHAH GUNVANT,Literature,P130,,0,45.00,,,,,,,
Great Scientist,1,,Navneet Prakashan,,,P131,English,,506,,,,Shah Suresh,Literature,P131,,0,95.00,,,,,,,
Gandhi Vaani : Thus Gandhi Said,1,,Media Publication,,,P132,English,,954.035092,,,,Vasavada Uarvish,Literature,P132,,0,60.00,,,,,,,
Shaixanik Vyasthapan,1,,Niti Printers,,,P133,Gujarati,,891.47,,,,Jayaben Halatwala,Literature,P133,,0,100.00,,,,,,,
Personality And Success,1,,Niti Printers,,,P134,Gujarati,,891.47,,,,Jayaben Halatwala,Literature,P134,,0,125.00,,,,,,,
Effective Public Speaking,1,,Niti Printers,,,P135,Gujarati,,891.47,,,,Jayaben Halatwala,Literature,P135,,0,75.00,,,,,,,
Samprat Samayama Jaatiya Shikshannee Anivaarytaa,1,,Niti Printers,,,P136,Gujarati,,371.9,,,,Jayaben Halatwala,Literature,P136,,0,25.00,,,,,,,
Shashi Kirano,1,,Niti Printers,,,P137,Gujarati,,891.478,,,,Jayaben Halatwala,Literature,P137,,0,25.00,,,,,,,
Hey Boys Bachke Rahena,1,,Niti Printers,,,P138,Gujarati,,891.47,,,,Jayaben Halatwala,Literature,P138,,0,130.00,,,,,,,
Hey Girls Bachke Rahena,1,,Niti Printers,,,P139,Gujarati,,891.47,,,,Jayaben Halatwala,Literature,P139,,0,175.00,,,,,,,
Errorless Chemistry Vol 1 For JEE Main & Adv,1,,Universal Book Depot,,,P140,English,,540,,,,XYZ,Referance Book,P140,,0,625.00,,,,,,,
Errorless Chemistry Vol 2 for JEE Main & Adv,1,,Universal Book Depot,,,P141,English,,540,,,,XYZ,Referance Book,P141,,0,625.00,,,,,,,
Errorless Mathametics Vol 1 for JEE Main & Adv,1,,Universal Book Depot,,,P142,English,,510,,,,XYZ,Referance Book,P142,,0,652.00,,,,,,,
Errorless Mathametics Vol 2 for JEE Main & Adv,1,,Universal Book Depot,,,P143,English,,510,,,,XYZ,Referance Book,P143,,0,625.00,,,,,,,
Errorless Physics Vol 1 for JEE Main & Adv,1,,Universal Book Depot,,,P144,English,,530,,,,XYZ,Referance Book,P144,,0,625.00,,,,,,,
Errorless Physics Vol 2 for JEE Main & Adv,1,,Universal Book Depot,,,P145,English,,530,,,,Xavier G,Referance Book,P145,,0,625.00,,,,,,,
High School English Grammar & Composition,1,,S.Chand & Co.,,,P146,English,,425,,,,Wren P C & Martin H,Referance Book,P146,,0,215.00,,,,,,,
On This Day - The History of world in 366 Days.,,,Hachette Publication,,,P147,English,,909,,,,XYZ,Referance Book,P147,,0,,,,,,,,
Stay Hungry Stay Foolish,,,Westland Ltd.,,,P148,English,,338.4092254,,,,Bansal Rashmi,Inspring Stories,P148,,0,,,,,,,,
How to win friends & influence people,,,A & A Publication,,,P149,English,,823,,,,Carnegie Dale,Personality Devp.,P149,,0,,,,,,,,
Six Sceret Smart Students - Dont tell us.,,,Westland Publication,,,P150,English,,371.4,,,,Deshmukh Chandan,Personality Devp.,P150,,0,,,,,,,,
Discover your possibilities,,,Maanu Graphics,,,P151,English,,158.1,,,,Schuller Robert H,Personality Devp.,P151,,0,,,,,,,,
My Journey ,,,,,,P152,English,,954.05092,,,,Kalam Abdul APJ,Autobiography,P152,,0,,,,,,,,
Reignited,,,,,,P153,English,,,,,,Kalam Abdul APJ,,P153,,0,,,,,,,,
Ignited Minds,,,,,,P154,English,,306.08954,,,,Kalam Abdul APJ,Culture & Insti,P154,,0,,,,,,,,
You Are Born to Blossam,,,,,,P155,English,,370.954,,,,Kalam Abdul APJ,Education,P155,,0,,,,,,,,
Turning Points,,,,,,P156,English,,954.05092,,,,Kalam Abdul APJ,General history,P156,,0,,,,,,,,
Governance for Growth in India,,,,,,P157,English,,351.54,,,,Kalam Abdul APJ,General His for Central Govern.,P157,,0,,,,,,,,
A Manifesta fot Change,,,,,,P158,English,,320.9540905,,,,Kalam Abdul APJ,Political Sci,P158,,0,,,,,,,,
Indominatable Spirit,,,,,,P159,English,,954.0532092,,,,Kalam Abdul APJ,General History,P159,,0,,,,,,,,
The Righteous Life,,,,,,P160,English,,954.0532092,,,,Kalam Abdul APJ,General History,P160,,0,,,,,,,,
Forge Your Future,,,,,,P161,English,,158.1,,,,Kalam Abdul APJ,Applied Psychology,P161,,0,,,,,,,,
Transcendence,,,,,,P162,English,,,,,,Kalam Abdul APJ,,P162,,0,,,,,,,,
India 2020,,,,,,P163,English,,303.490954,,,,Kalam Abdul APJ,Social Process,P163,,0,,,,,,,,
The Scientific Indian,,,,,,P164,English,,629.40954,,,,Kalam Abdul APJ,Science,P164,,0,,,,,,,,
Wings of Fire,,,,,,P165,English,,509.2,,,,Kalam Abdul APJ,An Autobiography,P165,,0,,,,,,,,
Its Not About the Bike,,,Yellow Jersey,,,P166,English,,796.62,,,,Lance Armstrong,Literature,P166,,0,,,,,,,,
The White Tiger,,,Harper Colling,,,P167,English,,823.92,,,,Adiga Arvind,Literature,P167,,0,,,,,,,,
Five Get Into Trouble,,,Hodder Headline,,,P168,English,,823.912,,,,Blyton Enid,Short Stories,P168,,0,165.00,,,,,,,
Five on a Hike Togather,,,Hodder Headline,,,P169,English,,823.912,,,,Blyton Enid,Short Stories,P169,,0,165.00,,,,,,,
Five Go Off to Camp,,,Hodder Headline,,,P170,English,,823.912,,,,Blyton Enid,Short Stories,P170,,0,165.00,,,,,,,
Five On Kirrin Island Again,,,Hodder Headline,,,P171,English,,823.912,,,,Blyton Enid,Short Stories,P171,,0,165.00,,,,,,,
Five Go To Mystery Moor,,,Hodder Headline,,,P172,English,,823.912,,,,Blyton Enid,Short Stories,P172,,0,165.00,,,,,,,
Five Fall Into Adventure,,,Hodder Headline,,,P173,English,,823.912,,,,Blyton Enid,Short Stories,P173,,0,165.00,,,,,,,
Five Go Down To The Sea,,,Hodder Headline,,,P174,English,,823.912,,,,Blyton Enid,Short Stories,P174,,0,165.00,,,,,,,
Five Go To Billycock Hill,,,Hodder Headline,,,P175,English,,823.912,,,,Blyton Enid,Short Stories,P175,,0,165.00,,,,,,,
Five Get Into A Fix,,,Hodder Headline,,,P176,English,,823.912,,,,Blyton Enid,Short Stories,P176,,0,165.00,,,,,,,
Five On Secret Trail,,,Hodder Headline,,,P177,English,,823.912,,,,Blyton Enid,Short Stories,P177,,0,165.00,,,,,,,
Five Have A Wmnderfull Time,,,Hodder Headline,,,P178,English,,823.912,,,,Blyton Enid,Short Stories,P178,,0,165.00,,,,,,,
Five On Finniston Farm,,,Hodder Headline,,,P179,English,,823.912,,,,Blyton Enid,Short Stories,P179,,0,165.00,,,,,,,
Five Are Togather Again,,,Hodder Headline,,,P180,English,,823.912,,,,Blyton Enid,Short Stories,P180,,0,165.00,,,,,,,
Five Have A Mystrey To Solve,,,Hodder Headline,,,P181,English,,823.912,,,,Blyton Enid,Short Stories,P181,,0,165.00,,,,,,,
Five Go To Demons Rocks,,,Hodder Headline,,,P182,English,,823.912,,,,Blyton Enid,Short Stories,P182,,0,165.00,,,,,,,
Five On A Treasure Island,,,Hodder Headline,,,P183,English,,823.912,,,,Blyton Enid,Short Stories,P183,,0,165.00,,,,,,,
Five Go Off In A Caravan,,,Hodder Headline,,,P184,English,,823.912,,,,Blyton Enid,Short Stories,P184,,0,165.00,,,,,,,
Five Go On Smugglers Top,,,Hodder Headline,,,P185,English,,823.912,,,,Blyton Enid,Short Stories,P185,,0,165.00,,,,,,,
Five Run Away Togather,,,Hodder Headline,,,P186,English,,823.912,,,,Blyton Enid,Short Stories,P186,,0,165.00,,,,,,,
Five Go Adventuring Again,,,Hodder Headline,,,P187,English,,823.912,,,,Blyton Enid,Short Stories,P187,,0,165.00,,,,,,,
Five Have Plently O Fun,,,Hodder Headline,,,P188,English,,823.912,,,,Blyton Enid,Short Stories,P188,,0,165.00,,,,,,,
My Autobiography,,,Penguin Books,,,P189,English,,791.4302809,,,,Chaplin Charlie,Autobiography,P189,,0,699.00,,,,,,,
The Palace of Illusions,,,Picadore Publication,,,P190,English,,823.92,,,,Banerjee Divakaruni,Novel,P190,,0,599.00,,,,,,,
Reletivity,,,General Press,,,P191,English,,530.11,,,,Einstein Albert,Sci. Fiction,P191,,0,350.00,,,,,,,
The Fault in Our Stars,,,Penguin Books,,,P192,English,,813.6,,,,John Green,Sci. Fiction,P192,,0,399.00,,,,,,,
The Grand Design,,,Bantam Books,,,P193,English,,530.142,,,,Stephen Hawking,Sci. Fiction,P193,,0,550.00,,,,,,,
My Brief History ,,,Bantam Books,,,P194,English,,530.092,,,,Stephen Hawking,Sci. Fiction,P194,,0,399.00,,,,,,,
A Brief History Of Time,,,Bantam Books,,,P195,English,,523.1,,,,Stephen Hawking,Sci. Fiction,P195,,0,399.00,,,,,,,
Black Holes And Baby Universe,,,Bantam Books,,,P196,English,,530.1,,,,Stephen Hawking,Collected Essay,P196,,0,499.00,,,,,,,
The Kite Runner,,,Bloomsbury Publication,,,P197,English,,813.6,,,,Hosseini Khaled,Fiction,P197,,0,499.00,,,,,,,
And The Mountains Echoed,,,Bloomsbury Publication,,,P198,English,,813.6,,,,Hosseini Khaled,Fiction,P198,,0,499.00,,,,,,,
A Thousand Splendid Suns,,,Bloomsbury Publication,,,P199,English,,813.6,,,,Hosseini Khaled,Fiction,P199,,0,499.00,,,,,,,
The Innovators,,,Simon & Schuster,,,P200,English,,4.0922,,,,Walter Isaacson,Biography,P200,,0,799.00,,,,,,,
Diary Of Wimpy Kid- Double Down,,,Puffins Book,,,P201,English,,813.6,,,,Kinney Jeff,Short Stories,P201,,0,-,,,,,,,
Diary Of Wimpy Kid- The Last Straw,,,Puffins Book,,,P202,English,,813.6,,,,Kinney Jeff,Short Stories,P202,,0,-,,,,,,,
Diary Of Wimpy Kid - Rodrick Rules,,,Puffins Book,,,P203,English,,813.6,,,,Kinney Jeff,Short Stories,P203,,0,-,,,,,,,
Diary Of Wimpy Kid - A Novel In Cartoons,,,Puffins Book,,,P204,English,,813.6,,,,Kinney Jeff,Short Stories,P204,,0,-,,,,,,,
Diary Of Wimpy Kid - Hard Luck,,,Puffins Book,,,P205,English,,813.6,,,,Kinney Jeff,Short Stories,P205,,0,-,,,,,,,
Diary Of Wimpy Kid - The Third Wheel,,,Puffins Book,,,P206,English,,813.6,,,,Kinney Jeff,Short Stories,P206,,0,-,,,,,,,
Diary Of Wimpy Kid - Cabin Fever,,,Puffins Book,,,P207,English,,813.6,,,,Kinney Jeff,Short Stories,P207,,0,-,,,,,,,
Diary Of Wimpy Kid - Ugly Truth,,,Puffins Book,,,P208,English,,813.6,,,,Kinney Jeff,Short Stories,P208,,0,-,,,,,,,
Diary Of Wimpy Kid - Dog Days,,,Puffins Book,,,P209,English,,813.6,,,,Kinney Jeff,Short Stories,P209,,0,-,,,,,,,
The Prophet,,,Maple Press,,,P210,English,,811.52,,,,Khalil Gibran,Novel,P210,,0,-,,,,,,,
Word Power Made Easy,,,Pengium Books,,,P211,English,,428.1,,,,Lewis Norman,Dictionary,P211,,0,175.00,,,,,,,
To Kill A Mocking Bird,,,Arrow Books,,,P212,English,,813.54,,,,Lee Harper,Literature,P212,,0,399.00,,,,,,,
Ajaya Part - 1 Roll Of The DICE,,,Platinum Press,,,P213,English,,,,,,Anand Neelkantan,Literature,P213,,0,299.00,,,,,,,
Ajaya Part - 1 Roll Of Kali,,,Platinum Press,,,P214,English,,,,,,Anand Neelkantan,Literature,P214,,0,299.00,,,,,,,
Hamlet,,,Maple Press,,,P215,English,,822.33,,,,Shakespeare William,Novel,P215,,0,95.00,,,,,,,
The Sialkot Saga,,,Westland Ltd,,,P216,English,,823.92,,,,Sanghi Ashwin,Novel,P216,,0,350.00,,,,,,,
Private India,,,Westland Ltd,,,P217,English,,813.54,,,,Sanghi Ashwin,Novel,P217,,0,-,,,,,,,
The Krishna Key,,,Westland Ltd,,,P218,English,,823.92,,,,Sanghi Ashwin,Novel,P218,,0,-,,,,,,,
Chanakyas Chant,,,Westland Ltd,,,P219,English,,823.92,,,,Sanghi Ashwin,Novel,P219,,0,350.00,,,,,,,
Cosmos,,,Abacus,,,P220,English,,520,,,,Sagan Carl,Allied Science,P220,,0,499.00,,,,,,,
Harry Potter & The Cursed Child Part 1 & 2,,,Little Brown,,,P221,English,,823.914,,,,Rowling J.K,Story,P221,,0,899.00,,,,,,,
Harry Potter & the Order of The Phonix,,,Blooms Bury,,,P222,English,,823.914,,,,Rowling J.K,Story,P222,,0,,,,,,,,
Harry potter & The Half Blood Prince,,,Blooms Bury,,,P223,English,,823.914,,,,Rowling J.K,Story,P223,,0,,,,,,,,
Harry potter & The Deathly Hallows,,,Blooms Bury,,,P224,English,,823.914,,,,Rowling J.K,Story,P224,,0,,,,,,,,
Harry Potter & The Philosophers Stone,,,Blooms Bury,,,P225,English,,823.914,,,,Rowling J.K,Story,P225,,0,,,,,,,,
Harry potter & The Glodert Of Fire,,,Blooms Bury,,,P226,English,,823.914,,,,Rowling J.K,Story,P226,,0,,,,,,,,
Harry potter & The Chamber of Secret,,,Blooms Bury,,,P227,English,,823.914,,,,Rowling J.K,Story,P227,,0,,,,,,,,
Harry Potter & The Prisoner Of Azkaban,,,Blooms Bury,,,P228,English,,823.914,,,,Rowling J.K,Story,P228,,0,,,,,,,,
The God Of Small Things,,,Penguin Books,,,P229,English,,823,,,,Roy Arundhati,Novel,P229,,0,450.00,,,,,,,
The Collected Short Story,,,Penguin Books,,,P230,English,,891.4437,,,,Ray Satyajit,Short Stories,P230,,0,499.00,,,,,,,
Angli Chindhya Nu Punya,,,R.R.Sheth & Co.,,,P231,Gujarati,,371.10092,,,,Pandya Harshad,True Stories,P231,,0,70.00,,,,,,,
Sugandhno Dariyo,,,R.R.Sheth & Co.,,,P232,Gujarati,,371.10092,,,,Pandya Harshad,True Stories,P232,,0,71.00,,,,,,,
Akhand Taras,,,R.R.Sheth & Co.,,,P233,Gujarati,,371.10092,,,,Pandya Harshad,True Stories,P233,,0,72.00,,,,,,,
Jivanna Bright Colors,,,R.R.Sheth & Co.,,,P234,Gujarati,,371.10092,,,,Pandya Harshad,True Stories,P234,,0,73.00,,,,,,,
Anubhavna Shining Colors,,,R.R.Sheth & Co.,,,P235,Gujarati,,371.10092,,,,Pandya Harshad,True Stories,P235,,0,74.00,,,,,,,
Sambandhna Magic Colors,,,R.R.Sheth & Co.,,,P236,Gujarati,,371.10092,,,,Pandya Harshad,True Stories,P236,,0,75.00,,,,,,,
"7 Secrets From hindu Calendar Art,",,,Westland Ltd,,,P237,Gujarati,,823,,,,Pattanaik Devdutt,Literature,P237,,0,70.00,,,,,,,
Kedio Kalaravni,,,R.R.Sheth & Co.,,,P238,Gujarati,,823,,,,Vijliwala I.K,Stories,P238,,0,70.00,,,,,,,
I Am Malala,,,Westland Ltd,,,P239,English,,371.8220955,,,,Yousafzai Malala,Biography,P239,,0,350.00,,,,,,,
Robin Hood,,,A Wileo Book,,,P240,English,,398.220942,,,,Gilbert Henry,Stories,P240,,0,250.00,,,,,,,
Three Men In A Boat,,,A Wileo Book,,,P241,English,,823.912,,,,Jerome .K,Stories,P241,,0,250.00,,,,,,,
Selected Short Stories,,,A Wileo Book,,,P242,English,,823.912,,,,Woolf Virginia,Stories,P242,,0,250.00,,,,,,,
All In One - English Communitative Std - 9,1,,Arihant Publication,,,P243,English,,807,,,,Singh Gajendra,Referance Book,P243,,0,350.00,,,,,,,
Full Marks - English Communitativ Std - 9,1,,Full Marks Pvt.Ltd,,,P244,English,,807,,,,XYZ,Referance Book,P244,,0,512.00,,,,,,,
English Comprehensive Referance Book Part - 1,1,,Camp Publication,,,P245,English,,807,,,,Chinai Jacqueline,Referance Book,P245,,0,195.00,,,,,,,
English Comprehensive Part - 2,1,,Camp Publication,,,P246,English,,807,,,,Chinai Jacqueline,Referance Book,P246,,0,190.00,,,,,,,
English F.L Result Oriented Excellant Guide,1,,Varj Prakashan,,,P247,English,,807,,,,Dr. Prajapati Suresh T,Referance Book,P247,,0,190.00,,,,,,,
Mathematics Sample Papers Std - 9,1,,Full Marks Pvt.Ltd,,,P248,English,,507,,,,Negi Keshwanti,Referance Book,P248,,0,180.00,,,,,,,
Full Marks Mathematics Std - 9,1,,Full Marks Pvt.Ltd,,,P249,English,,507,,,,Chandra R,Referance Book,P249,,0,396.00,,,,,,,
Secondary School Mathematics Std - 9,1,,Bharti Publication,,,P250,English,,507,,,,Aggarwal R.S,Referance Book,P250,,0,290.00,,,,,,,
All In One - Science,1,,Arihant Publication,,,P251,English,,607,,,,Sharma Heena,Referance Book,P251,,0,400.00,,,,,,,
Concepts Of Physics Part - 1,1,,Bhari Bhavan,,,P252,English,,530,,,,Verma H.C,Referance Book,P252,,0,348.00,,,,,,,
Concepts of Physics Part - 2,1,,Bhari Bhavan,,,P253,English,,530,,,,Verma H.C,Referance Book,P253,,0,348.00,,,,,,,
161 Experiments on Biology,1,,Pustak Mahal,,,P254,English,,574,,,,Khatri V,Referance Book,P254,,0,195.00,,,,,,,
163 Experiments on Chemistry,1,,Pushpam Publication,,,P255,English,,540,,,,Khatri V,Referance Book,P255,,0,195.00,,,,,,,
163 Experiments on Physics,1,,Pustak Mahal,,,P256,English,,530,,,,Khatri V,Referance Book,P256,,0,195.00,,,,,,,
"365 Inspiring & Motivational Ideas, Stories...",1,,Pustak Mahal,,,P257,English,,823.3,,,,Paul Deepu,Referance Book,P257,,0,240.00,,,,,,,
History Quiz Book,1,,Pustak Mahal,,,P258,English,,907,,,,Karir Sonjai,Referance Book,P258,,0,150.00,,,,,,,
Environment Quiz Book,1,,Pustak Mahal,,,P259,English,,500,,,,Garg Rajeev,Referance Book,P259,,0,120.00,,,,,,,
Medical Quiz Book,1,,Pustak Mahal,,,P260,English,,610,,,,Garg Rajeev,Referance Book,P260,,0,100.00,,,,,,,
100 Brain Teasing & Stimulating Puzzles Riddles & Methametical Recrations,1,,Pustak Mahal,,,P261,English,,510,,,,XYZ,Referance Book,P261,,0,100.00,,,,,,,
Science for Ninth Class BiologyPart - 3,1,,S.C hand School,,,P262,English,,574,,,,Agarwal V.K,Referance Book,P262,,0,415.00,,,,,,,
Scienec For Ninth Class Biology Part - 3,1,,S.C hand School,,,P263,English,,574,,,,Agarwal V.K,Referance Book,P263,,0,450.00,,,,,,,
Science for Ninth Chemistry Part 2,1,,S.C hand School,,,P264,English,,540,,,,Singh Lakhmir,Referance Book,P264,,0,415.00,,,,,,,
Science for Ninth Class Chemistry Part - 2,1,,S.C hand School,,,P265,English,,540,,,,Singh Lakhmir,Referance Book,P265,,0,450.00,,,,,,,
Science for Ninth Class Physics Part - 1,1,,S.C hand School,,,P266,English,,530,,,,Singh Lakhmir,Referance Book,P266,,0,450.00,,,,,,,
Togather With Science Std - 9,1,,Oswaal Books,,,P267,English,,507,,,,XYZ,Referance Book,P267,,0,,,,,,,,
Sample Question Papers Science Std - 9,1,,Oswaal Books,,,P268,English,,507,,,,XYZ,Referance Book,P268,,0,139.00,,,,,,,
Sample Question Papers Mathematics Std - 9,1,,Oswaal Books,,,P269,English,,507,,,,XYZ,Referance Book,P269,,0,139.00,,,,,,,
Subject Enrichment Activities Prctical Lab Work,1,,Rachna Sagar,,,P270,English,,507,,,,XYZ,Referance Book,P270,,0,,,,,,,,
English Communicative Sample Papers Std -9,1,,Full Marks Pvt.Ltd,,,P271,English,,807,,,,Sharma Dr. Kavita,Referance Book,P271,,0,180.00,,,,,,,
Science Sample Papers Std - 9,1,,Full Marks Pvt.Ltd,,,P272,English,,507,,,,Randhwana Jasvinder Kour,Referance Book,P272,,0,180.00,,,,,,,
Compacta-Communicative English Std - 10,1,,Brajinda Book Co.,,,P273,English,,807,,,,Kumar Anil,Referance Book,P273,,0,,,,,,,,
Work Book - English Course Communicative Std - 10,1,,CBSE,,,P274,English,,807,,,,XYZ,Referance Book,P274,,0,85.00,,,,,,,
Reader - English Course Communicative Std - 10,1,,CBSE,,,P275,English,,800,,,,XYZ,Referance Book,P275,,0,65.00,,,,,,,
Main Course Book English Commuicative Std - 10,1,,CBSE,,,P276,English,,807,,,,XYZ,Referance Book,P276,,0,80.00,,,,,,,
Sample Question Papers - English Communicative Std - 10,1,,Oswaal Books,,,P277,English,,807,,,,XYZ,Referance Book,P277,,0,139.00,,,,,,,
Sample Papers English Std - 10,1,,Full Marks Pvt.Ltd,,,P278,English,,807,,,,XYZ,Referance Book,P278,,0,180.00,,,,,,,
Literature Companion English Communicative,1,,Brajinda Book Co.,,,P279,English,,807,,,,Kumar Anil,Referance Book,P279,,0,,,,,,,,
Togather With Science - Std - 10,1,,Rachna Sagar,,,P280,English,,507,,,,Manchan Mr. R.P,Referance Book,P280,,0,,,,,,,,
Science Practical Lab Work Std - 10,1,,Rachna Sagar,,,P281,English,,507,,,,XYZ,Referance Book,P281,,0,,,,,,,,
Science Text Book Std - 10,1,,NCERT,,,P282,English,,507,,,,XYZ,Referance Book,P282,,0,,,,,,,,
Foundation Course - Physics Std - 10,1,,MTG Book,,,P283,English,,530,,,,XYZ,Referance Book,P283,,0,250.00,,,,,,,
Science For Tenth Class Physics Part - 1,1,,S.C hand School,,,P284,English,,530,,,,Singh Lakhmir,Referance Book,P284,,0,450.00,,,,,,,
Foundation Course - Chemistry Std - 10,1,,Mc.Grewhill Publishing,,,P285,English,,540,,,,Tyagi Praveen,Referance Book,P285,,0,,,,,,,,
Sample Papers - Science Std - 10,1,,Full Marks Pvt.Ltd,,,P286,English,,507,,,,XYZ,Referance Book,P286,,0,180.00,,,,,,,
Sample Question Papers - Sience - Std - 10,1,,Oswaal Books,,,P287,English,,507,,,,XYZ,Referance Book,P287,,0,,,,,,,,
Fully Solved CBSE Question Bank-Science Std - 10,1,,Turtle Book,,,P288,English,,507,,,,XYZ,Referance Book,P288,,0,399.00,,,,,,,
15+1 CBSE Sample Papers Science Std - 10,1,,Rachna Sagar,,,P289,English,,507,,,,Kakkar Mamta,Referance Book,P289,,0,189.00,,,,,,,
15 Sample Question Papers Science - Std - 10,1,,Arihant Publication,,,P290,English,,507,,,,Singh Y P,Referance Book,P290,,0,150.00,,,,,,,
Fully solved CBSE Question Bank - Maths Std - 10,1,,Turtle Book,,,P291,English,,510,,,,XYZ,Referance Book,P291,,0,399.00,,,,,,,
15+1 CBSE Sample Paper Mathematics - Std - 10,1,,Rachna Sagar,,,P292,English,,510,,,,Gupta Lalit,Referance Book,P292,,0,,,,,,,,
15 Sample Question Papers Maths Std - 10,1,,Arihant Publication,,,P293,English,,510,,,,Gupta Jitendra,Referance Book,P293,,0,150.00,,,,,,,
Sample Question Papers Maths Std - 10,1,,Oswaal Books,,,P294,English,,510,,,,XYZ,Referance Book,P294,,0,139.00,,,,,,,
Sample Papers Maths Std - 10,1,,Full Marks Pvt.Ltd,,,P295,English,,510,,,,Negi Keshwanti,Referance Book,P295,,0,180.00,,,,,,,
Foundation Course Mathematics Std - 10,1,,MTG Book,,,P296,English,,510,,,,XYZ,Referance Book,P296,,0,500.00,,,,,,,
All In One - Mathematics Std - 10,1,,Arihant Publication,,,P297,English,,510,,,,Kumar Er.Prem,Referance Book,P297,,0,400.00,,,,,,,
Mathematics Std - 10,1,,Dhanpat Rai Publication,,,P298,English,,510,,,,Sharma R.D,Referance Book,P298,,0,445.00,,,,,,,
Mathematics Textbook Std - 10,1,,NCERT,,,P299,English,,510,,,,XYZ,Referance Book,P299,,0,140.00,,,,,,,
Secondary School Mathematics Std - 10,1,,Bhari Bhavan,,,P300,English,,510,,,,Aggarwal R.S,Referance Book,P300,,0,415.00,,,,,,,
Objective PHYSICS For NEET Vol - 1,1,,Arihant Publication,,,P301,English,,530,,,,Pandey D.C,Referance Book,P301,,0,635.00,,,,,,,
Objective PHYSICS For NEET Vol - 2,1,,Arihant Publication,,,P302,English,,530,,,,Pandey D.C,Referance Book,P302,,0,665.00,,,,,,,
All In One PHYSICS For Class XI Science,1,,Arihant Publication,,,P303,English,,530,,,,Upreti Kamal,Referance Book,P303,,0,475.00,,,,,,,
All In One PHYSICS For Class XI Science,1,,Arihant Publication,,,P304,English,,530,,,,Upreti Kamal,Referance Book,P304,,0,328.00,,,,,,,
Concepts Of PHYSICS Vol - 2,1,,Bhari Bhavan,,,P305,English,,530,,,,Verma H.C,Referance Book,P305,,0,348.00,,,,,,,
Concepts OF PHYSICS Vol -2,1,,Bhari Bhavan,,,P306,English,,530,,,,Verma H.C,Referance Book,P306,,0,425.00,,,,,,,
All in One - Mathematics for |Class XI - Science,1,,Arihant Publication,,,P307,English,,510,,,,Kumar Er.Prem,Referance Book,P307,,0,425.00,,,,,,,
All I One Mathematics for Class XI Science,1,,Arihant Publication,,,P308,English,,510,,,,Kumar Er.Prem,Referance Book,P308,,0,425.00,,,,,,,
Master Resource Book For Class XI Science,1,,Arihant Publication,,,P309,English,,510,,,,Agarwal Praful,Referance Book,P309,,0,799.00,,,,,,,
Mathematics Std XI Science,1,,Dhanpat Rai Publication,,,P310,English,,510,,,,Sharma R.D,Referance Book,P310,,0,,,,,,,,
Rapid Mathematics,1,,MTG Book,,,P311,English,,510,,,,Ahlawat Anil,Referance Book,P311,,0,,,,,,,,
14 Years solved papers JEE Main +10 practice sets for JEE,1,,Arihant Publication,,,P312,English,,370,,,,Jain Vikas,Referance Book,P312,,0,410.00,,,,,,,
40 Days Chemistry for NEET,1,,Arihant Publication,,,P313,English,,530,,,,XYZ,Referance Book,P313,,0,355.00,,,,,,,
Master Resource Book For JEE Main,1,,Arihant Publication,,,P314,English,,530,,,,Sharma Sanjay,Referance Book,P314,,0,799.00,,,,,,,
All In One CHEMISTRY for Class XI Science,1,,Arihant Publication,,,P315,English,,530,,,,Gupta Preeti,Referance Book,P315,,0,495.00,,,,,,,
All in One CHEMISTRY for Class XI Science,1,,Arihant Publication,,,P316,English,,530,,,,Gupta Preeti,Referance Book,P316,,0,495.00,,,,,,,
GRB Objective BIOLOGY 1st year programme - NEET,1,,G.R Bathla Publication,,,P317,English,,574,,,,PillaiDr.Radha K,Referance Book,P317,,0,1298.00,,,,,,,
GRB Objective BIOLOGY 2nd year programme NEET,1,,G.R Bathla Publication,,,P318,English,,574,,,,PillaiDr.Radha K,Referance Book,P318,,0,725.00,,,,,,,
NCERT Based Errorless BIOLOGY Vol - 1,1,,Universal Bank,,,P319,English,,574,,,,XYZ,Referance Book,P319,,0,1460.00,,,,,,,
NCERT Based errorless BIOLOGY Vol - 2,1,,Universal Bank,,,P320,English,,574,,,,XYZ,Referance Book,P320,,0,1460.00,,,,,,,
Objective BIOLOGY an Excel File Vol - 1,1,,Sasa Publication,,,P321,English,,574,,,,Dr.Ali,Referance Book,P321,,0,,,,,,,,
Objective BIOLOGY an Excel File Vol - 2,1,,Arihant Publication,,,P322,English,,574,,,,Batra Hema,Referance Book,P322,,0,900.00,,,,,,,
All In One BIOLOGY for Class XI Science,1,,Arihant Publication,,,P323,English,,574,,,,Batra Hema,Referance Book,P323,,0,465.00,,,,,,,
All In one BIOLOGY for Class XI Science,1,,Arihant Publication,,,P324,English,,574,,,,Batra Hema,Referance Book,P324,,0,465.00,,,,,,,
29 Years Chapterwise Solutions CBSE & APIMT & NEET - BIOLOGY,1,,Arihant Publication,,,P325,English,,574,,,,XYZ,Referance Book,P325,,0,285.00,,,,,,,
