Title,Edition,ISBN,Publisher Name,Publishing Year,Serial Title,Call Number,Language,publishing place,Classification,Notes,Image,File Attach,Author,Subject,Item Start value,Specific Detail Info,Copies,Price,label,Supplier,Subtitle,Keyword,Book review,Standards,Frequency,
Mickey wonders why Time and Seasons,1,,"Shree book centre, Mumbai",2009,,705,English,,,,,,Shree Book,,705,,1,80,,,,,,,,
Mickey wonders why Plant and Trees,1,,"Shree book centre, Mumbai",2009,,706,English,,,,,,Shree Book,,706,,1,80,,,,,,,,
Mickey wonders why Explorers and Exploration,1,,"Shree book centre, Mumbai",2009,,707,English,,,,,,Shree Book,,707,,1,80,,,,,,,,
Mickey wonders why The Ocean,1,,"Shree book centre, Mumbai",2009,,708,English,,,,,,Shree Book,,708,,1,80,,,,,,,,
Mickey wonders why Toys and Games,1,,"Shree book centre, Mumbai",2009,,709,English,,,,,,Shree Book,,709,,1,80,,,,,,,,
Mickey wonders why The world of Sceince,1,,"Shree book centre, Mumbai",2009,,710,English,,,,,,Shree Book,,710,,1,80,,,,,,,,
Mickey wonders why Animal Camouflage,1,,"Shree book centre, Mumbai",2009,,711,English,,,,,,Shree Book,,711,,1,80,,,,,,,,
Mickey wonders why The Human Body,1,,"Shree book centre, Mumbai",2009,,712,English,,,,,,Shree Book,,712,,1,80,,,,,,,,
Mickey wonders why People and Places,1,,"Shree book centre, Mumbai",2009,,713,English,,,,,,Shree Book,,713,,1,80,,,,,,,,
Mickey wonders why Time and Seasons,1,,"Shree book centre, Mumbai",2009,,714,English,,,,,,Shree Book,,714,,1,80,,,,,,,,
Incrediable History,1,,"Shree book centre, Mumbai",2008,,715,English,,,,,,Shree Book,,715,,1,80,,,,,,,,
Ancient Egypt,,,Susaeta Edicoines S.A,2009,,716,English,,,,,,Ana Doblado,,716,,1,80,,,,,,,,
Ancient Egypt,,,Susaeta Edicoines S.A,2009,,717,English,,,,,,Ana Doblado,,717,,1,80,,,,,,,,
Ancient Rome,,,McRae Books ,2006,,718,English,,,,,,Anne McRae,,718,,1,80,,,,,,,,
Medieval Castles,,,Susaeta Edicoines S.A,2009,,719,English,,,,,,Ana Doblado,,719,,1,80,,,,,,,,
Knowledge Masters Ancient World,,,"Aligator books Limited, London",2006,,720,English,,,,,,Richard Tames,,720,,1,80,,,,,,,,
Knowledge Masters Minibeasts,,,"Aligator books Limited, London",2006,,721,English,,,,,,Richard Tames,,721,,1,80,,,,,,,,
Young Discoverer Series Universe,,,Popular Prakashan.Mumbai,2004,,722,English,,,,,,Popular Pub,,722,,1,,,,,,,,,
Young Discoverer Series Earth,,,Popular Prakashan.Mumbai,2004,,723,English,,,,,,Popular Pub,,723,,1,,,,,,,,,
Young Discoverer Series Animals,,,Popular Prakashan.Mumbai,2004,,724,English,,,,,,Popular Pub,,724,,1,,,,,,,,,
Tiny Tot Childrens Big Book of Knowledge,1,,Tiny Tot Pub,2002,,725,English,,,,,,D.S Sam,,725,,1,295,,,,,,,,
The Silly Chicken Pollo Bobo,1,,Hoopoe books ,2000,,726,English,,,,,,Idries Shah,,726,,1,,,,,,,,,
The Silly Chicken Pollo Bobo,1,,Hoopoe books ,2000,,727,English,,,,,,Idries Shah,,727,,1,,,,,,,,,
The Silly Chicken Pollo Bobo,1,,Hoopoe books ,2000,,728,English,,,,,,Idries Shah,,728,,1,,,,,,,,,
The Silly Chicken Pollo Bobo,1,,Hoopoe books ,2000,,729,English,,,,,,Idries Shah,,729,,1,,,,,,,,,
The Silly Chicken Pollo Bobo,1,,Hoopoe books ,2000,,730,English,,,,,,Idries Shah,,730,,1,,,,,,,,,
The Silly Chicken Pollo Bobo,1,,Hoopoe books ,2000,,731,English,,,,,,Idries Shah,,731,,1,,,,,,,,,
The Silly Chicken Pollo Bobo,1,,Hoopoe books ,2000,,732,English,,,,,,Idries Shah,,732,,1,,,,,,,,,
The Silly Chicken Pollo Bobo,1,,Hoopoe books ,2000,,733,English,,,,,,Idries Shah,,733,,1,,,,,,,,,
The Silly Chicken Pollo Bobo,1,,Hoopoe books ,2000,,734,English,,,,,,Idries Shah,,734,,1,,,,,,,,,
The Silly Chicken Pollo Bobo,1,,Hoopoe books ,2000,,735,English,,,,,,Idries Shah,,735,,1,,,,,,,,,
The Silly Chicken Pollo Bobo,1,,Hoopoe books ,2000,,736,English,,,,,,Idries Shah,,736,,1,,,,,,,,,
The Silly Chicken Pollo Bobo,1,,Hoopoe books ,2000,,737,English,,,,,,Idries Shah,,737,,1,,,,,,,,,
The Silly Chicken Pollo Bobo,1,,Hoopoe books ,2000,,738,English,,,,,,Idries Shah,,738,,1,,,,,,,,,
The Silly Chicken Pollo Bobo,1,,Hoopoe books ,2000,,739,English,,,,,,Idries Shah,,739,,1,,,,,,,,,
The Silly Chicken Pollo Bobo,1,,Hoopoe books ,2000,,740,English,,,,,,Idries Shah,,740,,1,,,,,,,,,
The Silly Chicken Pollo Bobo,1,,Hoopoe books ,2000,,741,English,,,,,,Idries Shah,,741,,1,,,,,,,,,
The Silly Chicken Pollo Bobo,1,,Hoopoe books ,2000,,742,English,,,,,,Idries Shah,,742,,1,,,,,,,,,
The Silly Chicken Pollo Bobo,1,,Hoopoe books ,2000,,743,English,,,,,,Idries Shah,,743,,1,,,,,,,,,
The Silly Chicken Pollo Bobo,1,,Hoopoe books ,2000,,744,English,,,,,,Idries Shah,,744,,1,,,,,,,,,
The Silly Chicken Pollo Bobo,1,,Hoopoe books ,2000,,745,English,,,,,,Idries Shah,,745,,1,,,,,,,,,
The Silly Chicken Pollo Bobo,1,,Hoopoe books ,2000,,746,English,,,,,,Idries Shah,,746,,1,,,,,,,,,
The Silly Chicken Pollo Bobo,1,,Hoopoe books ,2000,,747,English,,,,,,Idries Shah,,747,,1,,,,,,,,,
The Silly Chicken Pollo Bobo,1,,Hoopoe books ,2000,,748,English,,,,,,Idries Shah,,748,,1,,,,,,,,,
The Silly Chicken Pollo Bobo,1,,Hoopoe books ,2000,,749,English,,,,,,Idries Shah,,749,,1,,,,,,,,,
The Silly Chicken Pollo Bobo,1,,Hoopoe books ,2000,,750,English,,,,,,Idries Shah,,750,,1,,,,,,,,,
The Silly Chicken Pollo Bobo,1,,Hoopoe books ,2000,,751,English,,,,,,Idries Shah,,751,,1,,,,,,,,,
The Silly Chicken Pollo Bobo,1,,Hoopoe books ,2000,,752,English,,,,,,Idries Shah,,752,,1,,,,,,,,,
The Silly Chicken Pollo Bobo,1,,Hoopoe books ,2000,,753,English,,,,,,Idries Shah,,753,,1,,,,,,,,,
Create Anything with Clay,1,,"Klutz Pub, Canada",1999,,754,English,,,,,,Sherri Haab,,754,,1,,,,,,,,,
The boy with a Sling,1,,Arch books US,,,755,English,,,,,,Mary Warren,,755,,1,,,,,,,,,
Mother Teresa,1,,Wilco Pub House,2011,,756,English,,,,,,Wilco Pub,,756,,1,40,,,,,,,,
Guru Nanak,1,,Wilco Pub House,2011,,757,English,,,,,,Wilco Pub,,757,,1,40,,,,,,,,
Mirabai,1,,Wilco Pub House,2011,,758,English,,,,,,Wilco Pub,,758,,1,40,,,,,,,,
Ganesha,1,,Wilco Pub House,2011,,759,English,,,,,,Wilco Pub,,759,,1,40,,,,,,,,
Guru Gobind Singh,1,,Wilco Pub House,2011,,760,English,,,,,,Wilco Pub,,760,,1,40,,,,,,,,
Sai Baba,1,,Wilco Pub House,2011,,761,English,,,,,,Wilco Pub,,761,,1,40,,,,,,,,
Arjuna,1,,Wilco Pub House,2011,,762,English,,,,,,Wilco Pub,,762,,1,40,,,,,,,,
Ashoka,1,,Wilco Pub House,2011,,763,English,,,,,,Wilco Pub,,763,,1,40,,,,,,,,
Krishna,1,,Wilco Pub House,2011,,764,English,,,,,,Wilco Pub,,764,,1,40,,,,,,,,
Shiva & Parvati,1,,Wilco Pub House,2011,,765,English,,,,,,Wilco Pub,,765,,1,40,,,,,,,,
Hanuman,1,,Wilco Pub House,2011,,766,English,,,,,,Wilco Pub,,766,,1,40,,,,,,,,
Kabir,1,,Wilco Pub House,2011,,767,English,,,,,,Wilco Pub,,767,,1,40,,,,,,,,
Om Namah Shivaya,1,,"Dreamland Publication, Delhi",1997,,768,English,,,,,,S.L .Goomar,,768,,1,40,,,,,,,,
Jay Maa Durga,1,,"Dreamland Publication, Delhi",1997,,769,English,,,,,,S.L .Goomar,,769,,1,40,,,,,,,,
Jay Hanuman,1,,"Dreamland Publication, Delhi",1997,,770,English,,,,,,S.L .Goomar,,770,,1,40,,,,,,,,
Shree Ganesha,1,,"Dreamland Publication, Delhi",1997,,771,English,,,,,,S.L .Goomar,,771,,1,40,,,,,,,,
The Best Tea Party Ever! Sticker stories,1,,Grosset & Dunlap New York,2000,,772,English,,,,,,Sonali Fry,,772,,1,$4.00 ,,,,,,,,
Ask me Bear,1,,The Trumpet Club New York,1960,,773,English,,,,,,Marjorie Flack,,773,,1,,,,,,,,,
Science In the Kitchen,1,,EDC Publishing,,,774,English,,,,,,Rebecca Heddle,,774,,1,$5.99 ,,,,,,,,
"Honey,I Shrunk The Kids",1,,Scholastic Printing New York,1989,,775,English,,,,,,Nancy E Krulik,,775,,1,,,,,,,,,
Bedtime Stories,1,,Random House,1986,,776,English,,,,,,Richard Scarry,,776,,1,$3.99 ,,,,,,,,
Good Deeds,,,Scholastic Printing New York,1975,,777,English,,,,,,Norman Bridwell,,777,,1,$3.99 ,,,,,,,,
Beauty and the Beast,1,,A Golden Book New York,,,778,English,,,,,,Micheal Teitelbaum,,778,,1,,,,,,,,,
Buffalo Woman,,,Macmillan Publishing New York,,,779,English,,,,,,Paul Goble,,779,,1,$4.95 ,,,,,,,,
Tiny Turtle wants a Friend,1,,Scholastic Printing New York,2008,,780,English,,,,,,Shilpa Ranade,,780,,1,150,,,,,,,,
Dora goes to the Doctor,1,,Scholastic Printing New York,2008,,781,English,,,,,,Phoebe Beinstein,,781,,1,$3.99 ,,,,,,,,
Dora Thanks Giving,1,,Scholastic Printing New York,2008,,782,English,,,,,,Sarah Willson,,782,,1,$3.99 ,,,,,,,,
Dora Had a Little Lamb,1,,Scholastic Printing New York,2008,,783,English,,,,,,Elle D Risco,,783,,1,$3.99 ,,,,,,,,
It's Sharing Day,1,,Scholastic Printing New York,2008,,784,English,,,,,,Kirsten Larsen,,784,,1,$3.99 ,,,,,,,,
Good Night Dora,1,,Scholastic Printing New York,2008,,785,English,,,,,,Christine Ricci,,785,,1,$3.99 ,,,,,,,,
Good Night Dora,1,,Scholastic Printing New York,2008,,786,English,,,,,,Christine Ricci,,786,,1,$3.99 ,,,,,,,,
School Riddles From the Black Lagoon,1,,Scholastic Printing New York,2008,,787,English,,,,,,Mike Thaler,,787,,1,,,,,,,,,
Fairy Tales The Brave tin Soldier,,,Saraswati House  New Delhi,2016,,788,English,,,,,,Sarawati Book ,,788,,1,85,,,,,,,,
Fairy Tales The Elves the Shoemaker,,,Saraswati House  New Delhi,2016,,789,English,,,,,,Sarawati Book ,,789,,1,85,,,,,,,,
Fairy Tales The Elves the Shoemaker,,,Saraswati House  New Delhi,2016,,790,English,,,,,,Sarawati Book ,,790,,1,85,,,,,,,,
Cindrella and the Lost Mice,,,Random House,,,791,English,,,,,,Disney,,791,,1,$5.99 ,,,,,,,,
A mermaid Tale,,,Random House,,,792,English,,,,,,Disney,,792,,1,$3.99 ,,,,,,,,
The Special Delivery,,,Random House,2002,,793,English,,,,,,Richard Courtney,,793,,1,$3.99 ,,,,,,,,
Little Engines Can do big things,,,Random House,2000,,794,English,,,,,,Britt Allcroft,,794,,1,$3.25 ,,,,,,,,
The Jurassic Dinosaurs,1,,Scholastic Printing New York,2000,,795,English,,,,,,Dougal Dixon,,795,,1,,,,,,,,,
What is Hanukkah?,1,,Harpar Festival,,,796,English,,,,,,Harriet Ziefert,,796,,1,$6.95 ,,,,,,,,
Dinosaurs ,,,Random House,2000,,797,English,,,,,,Peter Zallinger,,797,,1,,,,,,,,,
Crocodiles & Alligators,,,Harpar Collins,,,798,English,,,,,,Seymour Simon,,798,,1,$6.99 ,,,,,,,,
Kids Craft and Play ideas,1,,A Bay Books Publication,1993,,799,English,,,,,,Jennie mackenzie,,799,,1,150,,,,,,,,
Exploring the Titanic ,1,,Madison Press Books ,1988,,800,English,,,,,,Robert D. Ballard,,800,,1,,,,,,,,,
Magic of Pegasus,1,,Random House,2005,,801,English,,,,,,Andrea Posner,,801,,1,$3.99 ,,,,,,,,
The Real Tooth Fairy,1,,Harcourt Brace & Company,1990,,802,English,,,,,,Marilyn kaye,,802,,1,$5.00 ,,,,,,,,
Shoes for Sharon,1,,"Shree book centre, Mumbai",,,803,English,,,,,,Shree Book,,803,,1,60,,,,,,,,
There's a Nightmare in my Closet Marianna from cotton to rabbit,,,A pied Piper Book,1968,,804,English,,,,,,Mercer Mayer,,804,,1,,,,,,,,,
Memory Train your Memory,1,,Adhia International Ahem,2008,,805,English,,,,,,Dr.Jitendra Adhia,,805,,1,100,,,,,,,,
Stories ofTenali Rama,1,,"Shree book centre, Mumbai",,,806,English,,,,,,Shree Book,,806,,1,175,,,,,,,,
Astroboy The Movie,,,Penguin Group New York,,,807,English,,,,,,Penguin Group,,807,,1,$3.99 ,,,,,,,,
"Arthur ,Its only Rock n Roll",1,,Scholastic Printing New York,2003,,808,English,,,,,,Marc Brown,,808,,1,$4.50 ,,,,,,,,
The Lion king Offficial game Book,1,,Brady Publishing,1994,,809,English,,,,,,Jonathan Taylor,,809,,1,$12.99 ,,,,,,,,
Lost in the Snow,,,Scholastic Printing New York,2008,,810,English,,,,,,Linda Jennings,,810,,1,$4.99 ,,,,,,,,
The Buried City of Pompeii,,,Medison Press Book,,,811,English,,,,,,Shelley Tanaka,,811,,1,$7.99 ,,,,,,,,
Guide to Healthy Child,,,CRB group,,,812,English,,,,,,C.R Bhansali,,812,,1,,,,,,,,,
Fairy Tales The Brave tin Soldier,,,"Shree book centre, Mumbai",2016,,813,English,,,,,,Shree Book,,813,,1,85,,,,,,,,
Desert Wildlife Action File,,,Marshall Direct Learning Ltd,1998,,814,English,,,,,,Jinny johnson,,814,,1,,,,,,,,,
Chicken soup for Little souls,,,Scholastic Printing New York,2001,,815,English,,,,,,Jack Canfield,,815,,1,,,,,,,,,
The story of My Life ,,,Goyal Brothers Prakashan,2015,,816,English,,,,,,Helen keller,,816,,1,135,,,,,,,,
The Little Mermaid,,,Dhigara Publising House,1990,,817,English,,,,,,D.N Mukherjee,,817,,1,13,,,,,,,,
The care & Keeping of You,,,Pleasant Company Publication,1998,,818,English,,,,,,Valorie Lee Schaefer,,818,,1,$8.95 ,,,,,,,,
The First Complete Book of Games,,,Sterling press Pvt. Ltd,2006,,819,English,,,,,,Sterling press,,819,,1,175,,,,,,,,
Emma and Me,,,Xlibris Corporation,2004,,820,English,,,,,,Antoinettee McElroy,,820,,1,,,,,,,,,
The Magic Sparrow ,,,Tiny Tot Pub,,,821,English,,,,,,Tiny tot,,821,,1,25,,,,,,,,
Scientists,,,Saddleback Edu.Inc,,,822,English,,,,,,Carlotta Hacker,,822,,1,,,,,,,,,
Leapfrogging thought Wetlands,,,Dog Eared Publications,1998,,823,English,,,,,,Margarat Anderson,,823,,1,$7.95 ,,,,,,,,
English Grammar for everyone,,,"Shree book centre, Mumbai",,,824,English,,,,,,Gratian Vas,,824,,1,250,,,,,,,,
Times Tables Games for Clever kids,,,Buster Book,,,825,English,,,,,,Gareth Moore,,825,,1,150,,,,,,,,
Taking Add to School ,,,Jayjo Books LLc,,,826,English,,,,,,Ellen Weiner,,826,,1,$17.93 ,,,,,,,,
Scooby Doo Witchs Ghost,,,Scholastic Printing New York,1999,,827,English,,,,,,Gail Herman,,827,,1,$3.50 ,,,,,,,,
Scooby Doo Aliens Too,,,Scholastic Printing New York,1999,,828,English,,,,,,Gail Herman,,828,,1,$3.50 ,,,,,,,,
She'll Be coming Round the Mountain,,,Scholastic Printing New York,2003,,829,English,,,,,,Chris Demarest,,829,,1,$3.50 ,,,,,,,,
The Little People and the Big Fib,,,Marvel Books`,,,830,English,,,,,,Suzanne Weyn,,830,,1,,,,,,,,,
Swiss Family Robinson,,,Growing & Going Books,,,831,English,,,,,,Johann David Wyss,,831,,1,,,,,,,,,
The Christmas Story Holly Babes,,,"Random House, New York",1986,,832,English,,,,,,Ruth J. Morehend,,832,,1,$3.25 ,,,,,,,,
The Witch's Vacation,,,Scholastic Printing New York,1987,,833,English,,,,,,Norman Bridwell,,833,,1,$3.25 ,,,,,,,,
The Story About Ping,,,Grosset & Dunlap New York,,,834,English,,,,,,Marjorie Flack,,834,,1,$3.49 ,,,,,,,,
The Wind in the Willows,,,Chick fil Inc. US,2011,,835,English,,,,,,Kenneth Grahame,,835,,1,,,,,,,,,
The Happy Little Dinosaur,,,Macmillan Publishing New York,1990,,836,English,,,,,,Judy Nayar,,836,,1,$1.50 ,,,,,,,,
I Need a Valentine,,,Little Siman New York,,,837,English,,,,,,Harriet Ziefert,,837,,1,,,,,,,,,
The Deadly Flowers,,,Grosset & Dunlap New York,1985,,838,English,,,,,,Robin Snyder,,838,,1,$1.95 ,,,,,,,,
Wonerful Wizard  of Oz,,,Chick fil Inc. US,,,839,English,,,,,,L. Frank Baum,,839,,1,$2.50 ,,,,,,,,
The story of the Pilgrims,,,"Random House ,New York",,,840,English,,,,,,Katharine Ross,,840,,1,$3.25 ,,,,,,,,
Winnie the Pooh,,,Walt Disney,,,841,English,,,,,,Disney,,841,,1,,,,,,,,,
Ask me Bear,,,Grosset & Dunlap New York,,,842,English,,,,,,Marjorie Flack,,842,,1,$3.49 ,,,,,,,,
Franklin Forgives,,,Scholastic Printing New York,2004,,843,English,,,,,,,,843,,1,,,,,,,,,
Kids Ask What?,,,Pil Publication Ltd.,2007,,844,English,,,,,,Linda Howard,,844,,1,,,,,,,,,
The Magic Show ,,,Summerville House Ltd,1999,,845,English,,,,,,Henry gordon,,845,,1,,,,,,,,,
The Magic  Dreidels,,,Trumpet Club Pub,,,846,English,,,,,,Eric A Kimmel,,846,,1,,,,,,,,,
Panchatantra 1,,,Navneet Publication ,,,847,English,,,,,,Yogesh Joshi,,847,,1,40,,,,,,,,
Pazzles and Mazes,,,Scholastic Printing New York,2011,,848,English,,,,,,Radha H.S,,848,,1,150,,,,,,,,
Big Joe's Trailer Truck,,,Random House,,,849,English,,,,,,Joe Mathieu,,849,,1,$4.25 ,,,,,,,,
Diesel's Devious Deed,,,Random House,,,850,English,,,,,,Rev W Awdry,,850,,1,,,,,,,,,
A better View for Gordon,,,Random House,,,851,English,,,,,,Thomas,,851,,1,,,,,,,,,
Bedtime Stories,,,Random House,,,852,English,,,,,,Richard Scarry,,852,,1,,,,,,,,,
Grundo Beach Party,,,World and wonders books,,,853,English,,,,,,Will Ryan ,,853,,1,$3.99 ,,,,,,,,
The day Teddy Met Grubby,,,Random House,,,854,English,,,,,,Ken Forsse,,854,,1,$3.99 ,,,,,,,,
Quiet Please,,,Random House,,,855,English,,,,,,Phill Baron,,855,,1,,,,,,,,,
Catch Me Catch Me,,,Random House,,,856,English,,,,,,Rev W Awdry,,856,,1,,,,,,,,,
Track Stars!,,,Random House,,,857,English,,,,,,Thomas,,857,,1,,,,,,,,,
Thomas Gets Tricked,,,Rabdom House,,,858,English,,,,,,Rev W Awdry,,858,,1,,,,,,,,,
Scooby Doo on Zombie Island,,,Scholastic Printing New York,,,859,English,,,,,,Gail Herman,,859,,1,$3.99 ,,,,,,,,
Scooby Doo Spooky Space kook!,,,Scholastic Printing New York,,,860,English,,,,,,Gail Herman,,860,,1,$3.99 ,,,,,,,,
Heathcliff goes to Hollywood,,,Marvel Books`,,,861,English,,,,,,Nancy Beiman,,861,,1,$1.95 ,,,,,,,,
Fievel to the Rescue,,,Grosset & Dunlap New York,,,862,English,,,,,,Flint Dille,,862,,1,$3.99 ,,,,,,,,
The true story of Corky the Blind seal,,,Scholastic Printing New York,,,863,English,,,,,,Georgeanne Irvine,,863,,1,,,,,,,,,
Thomas Snawsuit,,,"Annick press ltd, New york",,,864,English,,,,,,Robert Munsch,,864,,1,$4.95 ,,,,,,,,
Latkes and Applesauce ,,,Scholastic Printing New York,1990,,865,English,,,,,,Fran Manushkin,,865,,1,$4.95 ,,,,,,,,
Shoes for Sharon,,,"Shree book centre, Mumbai",,,866,English,,,,,,Shree Book,,866,,1,75,,,,,,,,
The Play Along Storybook,,,Hallmark Pub.,,,867,English,,,,,,Hallmark,,867,,1,,,,,,,,,
The week that led to Easter,,,Arch books US,,,868,English,,,,,,Joanne Larrison ,,868,,1,,,,,,,,,
Sing Along with T.J Bearytales,,,Playskool pub,,,869,English,,,,,,,,869,,1,,,,,,,,,
The Story of Mu-lan,,,Chick fil Inc. US,,,870,English,,,,,,Jean Fischer,,870,,1,,,,,,,,,
The story of Easter,,,Harper collins Pub,1997,,871,English,,,,,,Alleen Fisher,,871,,1,,,,,,,,,
Monsters story book,,,Walt Disney,,,872,English,,,,,,Disney,,872,,1,,,,,,,,,
Kazaam,,,Scholastic Printing New York,1996,,873,English,,,,,,Nancy E Krulik,,873,,1,$2.99 ,,,,,,,,
"Love & Kisses,Eloise",,,Little Siman New York,2005,,874,English,,,,,,Hilary Knight,,874,,1,$3.99 ,,,,,,,,
Corduroy,,,Scholastic Printing New York,1998,,875,English,,,,,,Don Freeman,,875,,1,$3.99 ,,,,,,,,
I need a Easter Egg,,,Little Siman New York,1999,,876,English,,,,,,Harriet Ziefert,,876,,1,$5.99 ,,,,,,,,
The Funny Funny Clown Face,,,Sunshine Book,1997,,877,English,,,,,,Margaret Mahy,,877,,1,,,,,,,,,
Baby Moses in a Basket,,,Standard Publishing,2005,,878,English,,,,,,Patricia Shely Mahany,,878,,1,,,,,,,,,
Classic Stories Black Beauty,,,Chick fil Inc. US,,,879,English,,,,,,Anna Sewell,,879,,1,,,,,,,,,
Joseph Forgives his Brothers,,,Arch books US,,,880,English,,,,,,Robert Baden,,880,,1,,,,,,,,,
The true story of Corky the Blind seal,,,Scholastic Printing New York,,,881,English,,,,,,Georgeanne Irvine,,881,,1,,,,,,,,,
Band A story about Sharing,,,Barney Publication,,,882,English,,,,,,Mark S Bernthal,,882,,1,50,,,,,,,,
The real Skin Rubber Monster Mask,,,Trumpet Club Pub,,,883,English,,,,,,Miriam Cohem,,883,,1,,,,,,,,,
The Tree Doctor,,,Sunshine Book,,,884,English,,,,,,Margaret Mahy,,884,,1,,,,,,,,,
HawaII Volcanoes,,,KC Publication US,,,885,English,,,,,,Glen Kaye,,885,,1,$2.50 ,,,,,,,,
20000 Leagues Under the Sea,,,SAP group Ltd,2012,,886,English,,,,,,Jules Verne,,886,,1,,,,,,,,,
Bhagat singh,,,Wilco Pub House,2000,,887,English,,,,,,Wilco Pub,,887,,1,40,,,,,,,,
Miss Spiders Tea Party,,,Scholastic Printing New York,,,888,English,,,,,,David Kirk,,888,,1,,,,,,,,,
The Bird  Alphabet Book,,,Charlesbridge Publishing,1987,,889,English,,,,,,Jerry Pallotta,,889,,1,,,,,,,,,
The Night Before Christmas,,,Random House,,,890,English,,,,,,Duglas Gorsline,,890,,1,$1.50 ,,,,,,,,
The Fox and the Hound,,,Walt Disney,,,891,English,,,,,,Disney,,891,,1,,,,,,,,,
Thomas Gets Tricked and other stories,,,Random House,,,892,English,,,,,,Rev W Awdry,,892,,1,$3.25 ,,,,,,,,
The Special Delivery,,,Random House,,,893,English,,,,,,Richard Courtney,,893,,1,$3.25 ,,,,,,,,
AnimalAlphabet,,,Sesame Street,,,894,English,,,,,,Elmo,,894,,1,,,,,,,,,
Flap Your Wings,,,Random House,,,895,English,,,,,,P.D Eastman,,895,,1,,,,,,,,,
Dinosaurs ,,,Random House,,,896,English,,,,,,Robert T Bakker,,896,,1,,,,,,,,,
The Elves & Shoemaker,,,Saraswati House  New Delhi,,,897,English,,,,,,Sarawati Book ,,897,,1,85,,,,,,,,
The Story of the Swiss Family ,,,Walt Disney,,,898,English,,,,,,Robin Snyder,,898,,1,,,,,,,,,
Stylin in the Sun,,,Penguin Group New York,,,899,English,,,,,,Grosset,,899,,1,$4.99 ,,,,,,,,
Flipper The story Book,,,Scholastic Printing New York,,,900,English,,,,,,Russell Martin,,900,,1,$4.99 ,,,,,,,,
The Disappearing Alpahabet,,,Scholastic Printing New York,,,901,English,,,,,,Richard Wilbur,,901,,1,$..50,,,,,,,,
The True or Flase Book of Horses,,,Scholastic Printing New York,,,902,English,,,,,,Patricia Lauber,,902,,1,59,,,,,,,,
Miss Nelson has a Field Day,,,Houghtton Mifflin Cpompany,,,903,English,,,,,,Happy Allard,,903,,1,$3.95 ,,,,,,,,
Paper airplanes to Make and Fly,,,Scholastic Printing New York,,,904,English,,,,,,Jim Razzi,,904,,1,$2.25 ,,,,,,,,
Scrapbook with Success,,,Memory Books,,,905,English,,,,,,Brenda Birrell,,905,,1,$2.50 ,,,,,,,,
Look Puzzle Learn The Great World Tour,,,Scholastic Printing New York,1999,,906,English,,,,,,Kamini Khanduri,,906,,1,,,,,,,,,
Big Red Barn,,,Scholastic Printing New York,,,907,English,,,,,,Margaret Wise Brown,,907,,1,,,,,,,,,
Big Red Barn,,,Scholastic Printing New York,,,908,English,,,,,,Margaret Wise Brown,,908,,1,,,,,,,,,
Emile,,,Dell Publication,1992,,909,English,,,,,,Jomi Ungerer,,909,,1,$3.99 ,,,,,,,,
The Gym Teacher from the Black Langoon,,,,,,910,English,,,,,,Mike Thaler,,910,,1,,,,,,,,,
Words that Sell ,,,Contempoary books inc,1984,,911,English,,,,,,Richard Bayan,,911,,1,$10.95 ,,,,,,,,
Arthur goes to camp,,,Little Brown And Company,,,912,English,,,,,,Marc Brown,,912,,1,$5.95 ,,,,,,,,
Arthur goes to camp,,,Little Brown And Company,,,913,English,,,,,,Marc Brown,,913,,1,$5.95 ,,,,,,,,
Arthur goes to camp,,,Little Brown And Company,,,914,English,,,,,,Marc Brown,,914,,1,$5.95 ,,,,,,,,
Arthur goes to camp,,,Little Brown And Company,,,915,English,,,,,,Marc Brown,,915,,1,$5.95 ,,,,,,,,
Beauty and the Beast,,,Random House,,,916,English,,,,,,Charles Perrault,,916,,1,$2.25 ,,,,,,,,
National Geographic Kids  Sharks!,,,Scholastic Printing New York,,,917,English,,,,,,Anne Schreiber,,917,,1,$3.99 ,,,,,,,,
The Solar System,,,Scholastic Printing New York,,,918,English,,,,,,Carmen Bredeson,,918,,1,50,,,,,,,,
The Human Body,,,Scholastic Printing New York,,,919,English,,,,,,Gallimard Jeunesse,,919,,1,50,,,,,,,,
Tanaji The Maratha Lion,,,Amar Chitra katha Pvt Ltd,1967,,920,English,,,,,,Anant Pai,,920,,1,35,,,,,,,,
Little Tiger's Big Surprise!,,,Little Tiger Press,,,921,English,,,,,,Julie Sykes,,921,,1,,,,,,,,,
Dinosaurs!,,,Puffins Books,1995,,922,English,,,,,,Laurence Pringle,,922,,1,$5.99 ,,,,,,,,
"Hurry , Santa",,,Scholastic Printing New York,1998,,923,English,,,,,,Julie Sykes,,923,,1,$3.99 ,,,,,,,,
What Cried Granny An almost Bedtime Story,,,Puffins Books,,,924,English,,,,,,Kate Lum,,924,,1,$6.99 ,,,,,,,,
Don't Eat the Teacher!,,,Scholastic Printing New York,1998,,925,English,,,,,,Nick Ward,,925,,1,,,,,,,,,
The Cafateria lady from the Black Lagoon,,,Scholastic Printing New York,1998,,926,English,,,,,,Mike Thaler,,926,,1,$3.50 ,,,,,,,,
May I Bring a Friend,,,Aladdin Paperbacks,1989,,927,English,,,,,,Beni Montresor,,927,,1,$5.99 ,,,,,,,,
Arthur goes to camp,,,Little Brown And Company,,,928,English,,,,,,Marc Brown,,928,,1,$5.95 ,,,,,,,,
Binky Brothers Detectives,,,Happer Trophy,,,929,English,,,,,,James Lawarence,,929,,1,,,,,,,,,
It's a Small World ,,,Western Publishing company,,,930,English,,,,,,Disney,,930,,1,,,,,,,,,
Peter and the Wolf,,,Western Publishing company,,,931,English,,,,,,Disney,,931,,1,,,,,,,,,
101 Dalmatians,,,Western Publishing company,,,932,English,,,,,,Disney,,932,,1,,,,,,,,,
Pinocchio,,,Western Publishing company,,,933,English,,,,,,Disney,,933,,1,,,,,,,,,
Bubbles is Honest,,,Shree Book Centre,,,934,English,,,,,,Shree Book,,934,,1,20,,,,,,,,
Bubbles the Litterbug,,,Shree Book Centre,,,935,English,,,,,,Shree Book,,935,,1,20,,,,,,,,
Bubbles Plays with Fire,,,Shree Book Centre,,,936,English,,,,,,Shree Book,,936,,1,20,,,,,,,,
Bubbles Finds a red Ball,,,Shree Book Centre,,,937,English,,,,,,Shree Book,,937,,1,20,,,,,,,,
Bubbles the Artist,,,Shree Book Centre,,,938,English,,,,,,Shree Book,,938,,1,20,,,,,,,,
Bubbles is Careless,,,Shree Book Centre,,,939,English,,,,,,Shree Book,,939,,1,20,,,,,,,,
Bubbles Has A Toohache,,,Shree Book Centre,,,940,English,,,,,,Shree Book,,940,,1,20,,,,,,,,
Value Tales story Book The Value of Helping,,,Simon & Schuster Children's Publishing,,,941,English,,,,,,Harriet Tubman,,941,,1,$0.75 ,,,,,,,,
Value Tales story Book The Value of Honesty,,,Simon & Schuster Children's Publishing,,,942,English,,,,,,Harriet Tubman,,942,,1,$0.75 ,,,,,,,,
Value Tales story Book The Value of Believing in Yourself,,,Simon & Schuster Children's Publishing,,,943,English,,,,,,Spencer  Jojnson ,,943,,1,,,,,,,,,
Value Tales story Book The Value of Honesty,,,Simon & Schuster Children's Publishing,,,944,English,,,,,,Spencer  Jojnson ,,944,,1,,,,,,,,,
Value Tales story Book The Value of Humor,,,Simon & Schuster Children's Publishing,,,945,English,,,,,,Spencer  Jojnson ,,945,,1,,,,,,,,,
Value Tales story Book The Value of Humor,,,Simon & Schuster Children's Publishing,,,946,English,,,,,,Spencer  Jojnson ,,946,,1,,,,,,,,,
Value Tales story Book The Value of Determination,,,Simon & Schuster Children's Publishing,,,947,English,,,,,,Spencer  Jojnson ,,947,,1,,,,,,,,,
Who  lives here? ,,,Random House,,,948,English,,,,,,Dot and Sy Barlowe,,948,,1,,,,,,,,,
The Little Rabbit,,,Random House,,,949,English,,,,,,Judy Dunn,,949,,1,,,,,,,,,
Creating with Collage,,,Scholastic Printing New York,,,950,English,,,,,,Deborah Schecter,,950,,1,$3.99 ,,,,,,,,
Human Bady,,,Scholastic Printing New York,,,951,English,,,,,,Kathleen weidner,,951,,1,$3.99 ,,,,,,,,
Invisibles,,,Troubador Press,,,952,English,,,,,,Larry Evans,,952,,1,,,,,,,,,
The magic Fish,,,Scholastic Printing New York,,,953,English,,,,,,Freya littledale,,953,,1,$2.50 ,,,,,,,,
ThePout Pout Fish,,,Scholastic Printing New York,2008,,954,English,,,,,,Deborah Diesen,,954,,1,,,,,,,,,
The Rainy Day Grump,,,The Millbrook Press,,,955,English,,,,,,Deborah Eaton,,955,,1,$3.99 ,,,,,,,,
Thumbulina,,,Shree Book Centre,,,956,English,,,,,,Shree Book,,956,,1,60,,,,,,,,
A Burst of Firsts,,,Scholastic Printing New York,2002,,957,English,,,,,,J. Patrick Lewis,,957,,1,,,,,,,,,
Slower than a Snail,,,Scholastic Printing New York,,,958,English,,,,,,Anne Schreiber,,958,,1,$2.95 ,,,,,,,,
Stone Soup,,,Scholastic Printing New York,,,959,English,,,,,,Ann Mc Govern,,959,,1,$3.25 ,,,,,,,,
Arthur goes to camp,,,Little Brown And Company,,,960,English,,,,,,Marc Brown,,960,,1,$5.95 ,,,,,,,,
Arthur goes to camp,,,Little Brown And Company,,,961,English,,,,,,Marc Brown,,961,,1,$5.95 ,,,,,,,,
My  First book about Space,,,A Golden book,,,962,English,,,,,,Dinah l Moche,,962,,1,$1.50 ,,,,,,,,
Sleeping Beauty,,,Queen Street House,,,963,English,,,,,,Queen Strees,,963,,1,,,,,,,,,
The call of the Wild,,,Chick Fil Inc,,,964,English,,,,,,Jack London,,964,,1,,,,,,,,,
The Little Red Hen,,,Scholastic Printing New York,,,965,English,,,,,,Lucinda Mc Queen,,965,,1,$3.99 ,,,,,,,,
The Little Mermaid,,,Walt Disney,,,966,English,,,,,,Disney,,966,,1,$1.25 ,,,,,,,,
"Hello,Biscuit!",,,Scholastic Printing New York,,,967,English,,,,,,Alyssa Satin Capucilli,,967,,1,,,,,,,,,
Shrek the Third,,,Happer collin children bools,,,968,English,,,,,,Annie Auerbach,,968,,1,$3.99 ,,,,,,,,
The Stupids Die,,,Houghton Mifflin Company,,,969,English,,,,,,Harry Allard,,969,,1,$5.95 ,,,,,,,,
The Icky Bug,,,Charlesbridge,,,970,English,,,,,,Jerry Pallotta,,970,,1,$6.95 ,,,,,,,,
Kids Ask How?,,,PIL Publication ,,,971,English,,,,,,Marilee Harrald,,971,,1,,,,,,,,,
Effie,,,Scholastic Printing New York,1990,,972,English,,,,,,Beverley Allinson,,972,,1,,,,,,,,,
Effie,,,Scholastic Printing New York,1990,,973,English,,,,,,Beverley Allinson,,973,,1,,,,,,,,,
Corduroy,,,Scholastic Printing New York,,,974,English,,,,,,Don Freeman,,974,,1,,,,,,,,,
Corduroy Lost and Found,,,Scholastic Printing New York,,,975,English,,,,,,Don Freeman,,975,,1,,,,,,,,,
All Aboard a True Train Story,,,Scholastic Printing New York,2004,,976,English,,,,,,Susan Kuklin,,976,,1,,,,,,,,,
The Salman Princess,,,Sasquatch Books,,,977,English,,,,,,Midy Dwyer,,977,,1,$9.95 ,,,,,,,,
Bahubali ,,,India book House Pvt. Ltd,,,978,English,,,,,,Anant Pai,,978,,1,35,,,,,,,,
Is  Your Mama a Llama,,,Scholastic Printing New York,,,979,English,,,,,,Deborah Guarino,,979,,1,,,,,,,,,
The Lery First Thanksgiving Day,,,Scholastic Printing New York,,,980,English,,,,,,Rhonda Gowler,,980,,1,,,,,,,,,
Kids' Question & Answer Book,,,A Troll Book,1991,,981,English,,,,,,Anna Pansini,,981,,1,$2.95 ,,,,,,,,
Bruno Fiinds A  Ball,,,Early Childhood Publications ,,,982,English,,,,,,Shree Book,,982,,1,25,,,,,,,,
Bubbles Owns Up,,,Early Childhood Publications ,,,983,English,,,,,,Shree Book,,983,,1,25,,,,,,,,
My Little Christmas Tree,,,Mannheim Steamroller,,,984,English,,,,,,Chip Davis,,984,,1,,,,,,,,,
I Wonder Why The Sea is Salty,,,Kingfishers,1995,,985,English,,,,,,Michael Chinery,,985,,1,,,,,,,,,
I Wonder Why Lemons Taste Sour,,,Kingfishers,1995,,986,English,,,,,,Deborah Chancellor,,986,,1,,,,,,,,,
What A Team! ,,,Advance Publications,1998,,987,English,,,,,,Emily Hutta,,987,,1,,,,,,,,,
Jerry seinfeld Halloween,,,A Byron Preiss Book,2008,,988,English,,,,,,Jemes Bennett,,988,,1,$7.99 ,,,,,,,,
Arthur goes to camp,,,Little Brown And Company,,,989,English,,,,,,Marc Brown,,989,,1,$5.95 ,,,,,,,,
Click Click Moo Cows That Type,,,Scholastic Printing New York,,,990,English,,,,,,Doreen Cronin,,990,,1,,,,,,,,,
Hitopadesh ,,,Navneet Publication,,,991,English,,,,,,Yogesh Joshi,,991,,1,40,,,,,,,,
The Silly Chicken Pollo Bobo,1,,Hoopoe books ,2000,,992,English,,,,,,Idries Shah,,992,,1,,,,,,,,,
What Pigs Love Best,,,"Random House ,New York",,,993,English,,,,,,Shana Corey,,993,,1,$3.25 ,,,,,,,,
Down at the Docks,,,"Random House ,New York",,,994,English,,,,,,Richard  Courtney,,994,,1,$3.99 ,,,,,,,,
Winnie the Pooh,,,Walt Disney,,,995,English,,,,,,Disney,,995,,1,,,,,,,,,
Winnie the Pooh,,,Walt Disney,,,996,English,,,,,,Disney,,996,,1,,,,,,,,,
Winnie the Pooh,,,Walt Disney,,,997,English,,,,,,Disney,,997,,1,,,,,,,,,
Edmund and the White Witch,,,Harper collins Pub,,,998,English,,,,,,C.S Lewis,,998,,1,,,,,,,,,
Ledy and the Tramp,,,Walt Disney,,,999,English,,,,,,Disney,,999,,1,,,,,,,,,
The Jungle Book,,,Walt Disney,,,1000,English,,,,,,Disney,,1000,,1,,,,,,,,,
A day at the Beach,,,"Random House ,New York",,,1001,English,,,,,,Mircea Vasillu,,1001,,1,$1.95 ,,,,,,,,
Strawberry Shortcakes Cooking Fun,,,"Random House ,New York",,,1002,English,,,,,,Michael J Smollin,,1002,,1,$1.95 ,,,,,,,,
Saved By The Bell,,,Dream House ,,,1003,English,,,,,,Barbara Davoll,,1003,,1,,,,,,,,,
Cinderella ,,,Random House,1993,,1004,English,,,,,,Disney,,1004,,1,,,,,,,,,
Catch Me Catch Me,,,Random House,,,1005,English,,,,,,Rev W Awdry,,1005,,1,$3.25 ,,,,,,,,
Big Frank's Fire Truck,,,Random House,,,1006,English,,,,,,Leslie McGuire,,1006,,1,$3.25 ,,,,,,,,
"Jump, Frog Jump",,,Scholastic Printing New York,,,1007,English,,,,,,Robert Kalan,,1007,,1,,,,,,,,,
Loving Photographs,,,Scholastic Printing New York,,,1008,English,,,,,,Ann Morris,,1008,,1,,,,,,,,,
Sisters Are for Making Sand Castles,,,Puffins Books,2001,,1009,English,,,,,,Harriet Ziefert,,1009,,1,$6.98 ,,,,,,,,
Bread and Jam for Frances,,,Scholastic Printing New York,,,1010,English,,,,,,Russell Hoban,,1010,,1,,,,,,,,,
Peek - A Boo!,,,Puffins Books,1981,,1011,English,,,,,,Janet ,,1011,,1,$3.50 ,,,,,,,,
The Teacher form the Black Lagoon,,,Scholastic Printing New York,,,1012,English,,,,,,Mike Thaler,,1012,,1,$3.25 ,,,,,,,,
The Teacher form the Black Lagoon,,,Scholastic Printing New York,,,1013,English,,,,,,Mike Thaler,,1013,,1,$3.25 ,,,,,,,,
Why Mosquitbes Buzz in Peoples Ears,,,Scholastic Printing New York,,,1014,English,,,,,,Verna Aardema,,1014,,1,$3.25 ,,,,,,,,
Boots,,,Scholastic Printing New York,,,1015,English,,,,,,Anne Schreiber,,1015,,1,$3.25 ,,,,,,,,
The Funniest Pig in the World,,,Random House,1998,,1016,English,,,,,,Shana Corey,,1016,,1,$3.25 ,,,,,,,,
Andy That's My Name,,,Aladdin Picture Books,,,1017,English,,,,,,Tomie de Paola,,1017,,1,$5.50 ,,,,,,,,
I Love My Baby Sister,,,Puffins Books,1985,,1018,English,,,,,,Elaine Edelman,,1018,,1,$4.95 ,,,,,,,,
Gila Monsters meet you at the Airport,,,Aladdin Paperbacks,,,1019,English,,,,,,Marjorie Sharmat,,1019,,1,$4.95 ,,,,,,,,
A book Of Dinosaur Riddles,,,Harpper Trophy,,,1020,English,,,,,,Noelle Sterne,,1020,,1,$2.95 ,,,,,,,,
Spiderman Funhouse Phantom,,,Harper collins Pub,2010,,1021,English,,,,,,Andy Ball,,1021,,1,$6.99 ,,,,,,,,
No Matter What,,,Scholastic Printing New York,2000,,1022,English,,,,,,Debi Gliori,,1022,,1,,,,,,,,,
The Very First Easter,,,Zonder kids,2009,,1023,English,,,,,,Kelly Pulley,,1023,,1,$1.99 ,,,,,,,,
My Little Pony Valentine's Day Up up and Away!,,,Harper Festival,,,1024,English,,,,,,Ann Maria Capalija,,1024,,1,$4.99 ,,,,,,,,
Dora Saves Crystal Kingdom,,,Scholastic Printing New York,2009,,1025,English,,,,,,Molly Reisner,,1025,,1,l,,,,,,,,
It's Thanksgiving,,,Scholastic Printing New York,1982,,1026,English,,,,,,Jack Prelutsky,,1026,,1,,,,,,,,,
Play Ball Amelia Bedelia,,,Scholastic Printing New York,,,1027,English,,,,,,Peggy Parish,,1027,,1,,,,,,,,,
The Littles to the Rescue,,,Scholastic Printing New York,,,1028,English,,,,,,John Peterson,,1028,,1,$3.99 ,,,,,,,,
For Eagle Eyes only,,,Water mill Press,1988,,1029,English,,,,,,Rolf Heimann,,1029,,1,$3.99 ,,,,,,,,
Puzzlemania,,,Highlights for children Inc,1991,,1030,English,,,,,,Michael Palan,,1030,,1,$5.95 ,,,,,,,,
Puzzlemania,,,Highlights for children Inc,1991,,1031,English,,,,,,Michael Palan,,1031,,1,$5.95 ,,,,,,,,
Pooh's Jack o Lantern  ,,,Egmont Imagination Ltd.,,,1032,English,,,,,,Disney,,1032,,1,42,,,,,,,,
Poor Pluto!,,,Scholastic Printing New York,2007,,1033,English,,,,,,Bill Henderson,,1033,,1,$3.99 ,,,,,,,,
Alphabet Mystery,,,Scholastic Printing New York,2003,,1034,English,,,,,,Audrey Wood,,1034,,1,,,,,,,,,
Ten Sly Piranhas,,,Scholastic Printing New York,1994,,1035,English,,,,,,Victoria Chess,,1035,,1,,,,,,,,,
Ruff's Bone,,,Random House,1994,,1036,English,,,,,,Eli Noyes,,1036,,1,,,,,,,,,
The Dinosaur Who Lived in My Backyard,,,Puffins Books,,,1037,English,,,,,,B.G. Hennessy,,1037,,1,,,,,,,,,
Story of Painting ,,,Usborne Publishing Ltd,1980,,1038,English,,,,,,Anthea Peppin,,1038,,1,$4.95 ,,,,,,,,
Narcissus and Echo A Greek Flok tale,,,Tiny Tot Pub,,,1039,English,,,,,,Tiny tot,,1039,,1,,,,,,,,,
Cool Kids Value Responsibilty,,,Learners Press ,,,1040,English,,,,,,Mary Joseph,,1040,,1,70,,,,,,,,
The frog prince Continued,,,The Trumpet Club New York,1991,,1041,English,,,,,,Jon Scieszka,,1041,,1,,,,,,,,,
The Greek news Alexander Victorious,,,Scholastic Printing New York,,,1042,English,,,,,,Anton Powell,,1042,,1,,,,,,,,,
The True Story of the 3 Little Pigs,,,Scholastic Printing New York,,,1043,English,,,,,,A. Wolf,,1043,,1,,,,,,,,,
Choo Choo ,,,Houghton Mifflin Company,,,1044,English,,,,,,Virgina Lee Burton ,,1044,,1,$3.95 ,,,,,,,,
The Island of Lost Dreams,,,Hyperion Books for Children,,,1045,English,,,,,,Lara Bergen,,1045,,1,$5.99 ,,,,,,,,
This First Thanksgiving Day,,,Scholastic Printing New York,2002,,1046,English,,,,,,Mark Buehner,,1046,,1,,,,,,,,,
The Hardest word,,,Scholastic Printing New York,2001,,1047,English,,,,,,Yom Kippur,,1047,,1,$3.99 ,,,,,,,,
Rumpelstiltskin,,,Rohan Book company,,,1048,English,,,,,,Rohan ,,1048,,1,40,,,,,,,,
Movie Storybook The Cat in the Hat,,,Random House,2003,,1049,English,,,,,,Ron Fontes,,1049,,1,$8.99 ,,,,,,,,
Teddy on Television,,,Grandreams Limited,1993,,1050,English,,,,,,Anne McKie,,1050,,1,$1.99 ,,,,,,,,
Teddy and The Robot,,,Grandreams Limited,1993,,1051,English,,,,,,Anne McKie,,1051,,1,$1.99 ,,,,,,,,
Franklin and Harriet,,,Kids Can Press,2001,,1052,English,,,,,,Brenda Clark,,1052,,1,,,,,,,,,
Cream of Creature from the School Cafeteria,,,Avon Books pub.,1985,,1053,English,,,,,,Mike Thaler,,1053,,1,$2.50 ,,,,,,,,
Stories Jesus Told,,,New Seasons Publication,,,1054,English,,,,,,Etta G. Wilson,,1054,,1,,,,,,,,,
The Three Wishes,,,Scholastic Printing New York,1968,,1055,English,,,,,,Yuri Salzman,,1055,,1,$1.96 ,,,,,,,,
A Silly Snowy Day,,,Scholastic Printing New York,2000,,1056,English,,,,,,Michael Coleman,,1056,,1,,,,,,,,,
Raindrops,,,Scholastic Printing New York,1994,,1057,English,,,,,,Sandy Gay,,1057,,1,,,,,,,,,
A Duck So Small,,,Scholastic Printing New York,1998,,1058,English,,,,,,A.H. Benjamin,,1058,,1,,,,,,,,,
"Annie, Bea, and Chi Chi Dolores",,,Houghton Mifflin Company,1997,,1059,English,,,,,,Donna Maurer,,1059,,1,,,,,,,,,
The story of Peter,,,"Dreamland Publication, Delhi",1988,,1060,English,,,,,,Vinay Saxena,,1060,,1,25,,,,,,,,
Arthur goes to camp,,,Little Brown And Company,,,1061,English,,,,,,Marc Brown,,1061,,1,$5.95 ,,,,,,,,
Arthur goes to camp,,,Little Brown And Company,,,1062,English,,,,,,Marc Brown,,1062,,1,$5.95 ,,,,,,,,
Bread and Jam for Frances,,,Harper Trophy,1986,,1063,English,,,,,,Russell Hoban,,1063,,1,,,,,,,,,
The Magic Fish,,,Scholastic Printing New York,1985,,1064,English,,,,,,Winslow Pinney Pels,,1064,,1,$2.99 ,,,,,,,,
A Little Bit of Winter,,,Scholastic Printing New York,1998,,1065,English,,,,,,Paul Stewart,,1065,,1,,,,,,,,,
Why Mosquitbes Buzz in Peoples Ears,,,Scholastic Printing New York,1975,,1066,English,,,,,,Verna Aardema,,1066,,1,$1.50 ,,,,,,,,
The Pigeon Finds a Hot Dog,,,Scholastic Printing New York,2004,,1067,English,,,,,,Willems,,1067,,1,,,,,,,,,
"Come On, Rain!",,,Scholastic Printing New York,2000,,1068,English,,,,,,Karen Hesse,,1068,,1,$1.50 ,,,,,,,,
Highlights Puzzlemania,,,Highlights for children Inc,1990,,1069,English,,,,,,Judith Hunt,,1069,,1,,,,,,,,,
Seven Candles for Kwanzaa,,,Scholastic Printing New York,1995,,1070,English,,,,,,Andrea Davis Pinkney,,1070,,1,,,,,,,,,
Had a Little Overcoat,,,Scholastic Printing New York,,,1071,English,,,,,,Simms Taback,,1071,,1,$4.95 ,,,,,,,,
The Tale of Timmy Tiptoes,,,Ottenheimer Publishers,1993,,1072,English,,,,,,Beatrix Potter,,1072,,1,,,,,,,,,
More Endangered Baby Animals,,,Antioch Publishing Company,1991,,1073,English,,,,,,Jill Wolf,,1073,,1,$2.50 ,,,,,,,,
Barney's Hats,,,Barney Publication,1993,,1074,English,,,,,,Linda Hartley,,1074,,1,$2.25 ,,,,,,,,
A Picture Book of Horses,,,Troll Associates,1991,,1075,English,,,,,,Joanne Gise,,1075,,1,$2.50 ,,,,,,,,
Thomas Gets Tricked and other stories,,,Random House,,,1076,English,,,,,,Rev W Awdry,,1076,,1,$2.99 ,,,,,,,,
Shadow,,,Aladdin Books,1986,,1077,English,,,,,,Marcia Brown,,1077,,1,$3.95 ,,,,,,,,
A Silly Snowy Day,,,Scholastic Printing New York,2000,,1078,English,,,,,,Micheal Coleman,,1078,,1,$3.95 ,,,,,,,,
Crow Boy,,,Caldecott Honor Book,1965,,1079,English,,,,,,Taro Yashima,,1079,,1,,,,,,,,,
Mathmania ,,,Highlights for children Inc,1999,,1080,English,,,,,,Jeff O'Hare,,1080,,1,$5.95 ,,,,,,,,
"Giggle, Giggle, Quack",,,Scholastic Printing New York,2002,,1081,English,,,,,,Doreen Cronin,,1081,,1,$3.99 ,,,,,,,,
Photographs by Ken Heyman Bread,,,Harper collins Pub,1993,,1082,English,,,,,,Ann Morris,,1082,,1,$5.99 ,,,,,,,,
The Day Jimmy's Boa Ate the Wash,,,Puffins Books,1984,,1083,English,,,,,,Trinka Hakes Noble,,1083,,1,$5.99 ,,,,,,,,
The Silly Riddle Book,,,Golden Books ,,,1084,English,,,,,,R.W. Alley,,1084,,1,$1.99 ,,,,,,,,
Mother Goose ,,,Platt & Munk Publishers,,,1085,English,,,,,,Gyo Fujikawa,,1085,,1,$1.99 ,,,,,,,,
The Teacher form the Black Lagoon,,,Scholastic Printing New York,1989,,1086,English,,,,,,Mike Thaler,,1086,,1,$1.99 ,,,,,,,,
Show Me Your Smile!,,,Scholastic Printing New York,2005,,1087,English,,,,,,Christine Ricci,,1087,,1,$3.99 ,,,,,,,,
Good Night Dora!,,,Scholastic Printing New York,2005,,1088,English,,,,,,Christine Ricci,,1088,,1,$3.99 ,,,,,,,,
Gient Children,,,Scholastic Printing New York,2002,,1089,English,,,,,,Brod Bagert,,1089,,1,$4.99 ,,,,,,,,
A Picture Book of the U.S.A,,,Scholastic Printing New York,1991,,1090,English,,,,,,Beth Goodman,,1090,,1,$2.50 ,,,,,,,,
A Kiss For Little Bear,,,Scholastic Printing New York,,,1091,English,,,,,,Else Minarik,,1091,,1,,,,,,,,,
Ben's Trumpet,,,Mulberry Paperback Book,,,1092,English,,,,,,Rachel Isadora,,1092,,1,$5.95 ,,,,,,,,
Where's Spot ?,,,Puffins Books,1980,,1093,English,,,,,,Eric Hill,,1093,,1,$6.99 ,,,,,,,,
Just Grandma and Me,,,Golden Books ,1983,,1094,English,,,,,,Mercer Mayer,,1094,,1,,,,,,,,,
The Case of the Furry Thing,,,Modern Curriculum Press,1996,,1095,English,,,,,,Lucy Floyd,,1095,,1,$1.25 ,,,,,,,,
Amazing Magnets,,,Troll Associates,1983,,1096,English,,,,,,David Adler,,1096,,1,$1.25 ,,,,,,,,
Silly Little Goose!,,,Scholastic Printing New York,,,1097,English,,,,,,Nancy Tafuri,,1097,,1,,,,,,,,,
Thomas' Milk Shake Muddle,,,Random House,1993,,1098,English,,,,,,Terry Palone,,1098,,1,$2.50 ,,,,,,,,
Alice In Wonderland,,,Walt Disney,,,1099,English,,,,,,Disney,,1099,,1,,,,,,,,,
The Araboolies of Liberty Street,,,A Dragonfly Book,,,1100,English,,,,,,Sam Swope,,1100,,1,$2.50 ,,,,,,,,
How it Works The Human Body,,,Horus Editions,1995,,1101,English,,,,,,Kate Barnes,,1101,,1,,,,,,,,,
One to Ten and Down again,,,Brothercare Treademark,1980,,1102,English,,,,,,David Lloyd,,1102,,1,,,,,,,,,
Franklin Fibs ,,,Kids Can Press,1991,,1103,English,,,,,,Cameron,,1103,,1,,,,,,,,,
Why Does Economic Freedom Matter?,,,The Haritage Foundation,,,1104,English,,,,,,Kim R. Holmes,,1104,,1,,,,,,,,,
Shopping Day,,,Waterford Institute,,,1105,English,,,,,,Laura Smith,,1105,,1,,,,,,,,,
Baby Bug,,,Scholastic Printing New York,,,1106,English,,,,,,Clara Vulliamy,,1106,,1,$1.99 ,,,,,,,,
Being Me ,,,Scholastic Printing New York,2006,,1107,English,,,,,,Julie Broski,,1107,,1,,,,,,,,,
Martin Luther King,,,Scholastic Printing New York,1990,,1108,English,,,,,,Ellen Levine,,1108,,1,,,,,,,,,
Scooby Doo2 Monsters Unleashed,,,Scholastic Printing New York,2004,,1109,English,,,,,,Leon McCann,,1109,,1,$3.50 ,,,,,,,,
Pongo to The Rescue!,,,A Golden Book,2001,,1110,English,,,,,,Justine Korman,,1110,,1,$2.50 ,,,,,,,,
Where does the butterfly go when it rains,,,Scholastic Printing New York,,,1111,English,,,,,,May Garelick,,1111,,1,,,,,,,,,
Puzzlemania,,,Highlights for children Inc,1990,,1112,English,,,,,,Judith Hunt,,1112,,1,,,,,,,,,
A Place Called Kindergarten,,,Penguin Group New York,2000,,1113,English,,,,,,Jessica Harper,,1113,,1,$6.99 ,,,,,,,,
At The Crossroads ,,,Scholastic Printing New York,,,1114,English,,,,,,Rachel Isadora,,1114,,1,$3.99 ,,,,,,,,
Froggy's Baby Sister,,,Penguin Group New York,,,1115,English,,,,,,Jonathan London ,,1115,,1,$5.99 ,,,,,,,,
Sarah and the Terns,,,Macmillan Publishing New York,1997,,1116,English,,,,,,John Himmelman,,1116,,1,$2.99 ,,,,,,,,
Possum Stew,,,Trumpet Club Pub,1990,,1117,English,,,,,,Doug Cushman,,1117,,1,$1.99 ,,,,,,,,
Anna Banana And Me,,,Houghton Mifflin Company,,,1118,English,,,,,,lenore Blegvad,,1118,,1,,,,,,,,,
The Alaska Mother Goose,,,Pawa Publishing,1992,,1119,English,,,,,,Shelley Gill,,1119,,1,$1.99 ,,,,,,,,
Outside and Inside Sankes,,,Scholastic Printing New York,1995,,1120,English,,,,,,Sandra Markle,,1120,,1,,,,,,,,,
Kermit the Hermit,,,Houghton Mifflin Company,,,1121,English,,,,,,Bill Peet,,1121,,1,,,,,,,,,
One Tiny Turtle,,,Scholastic Printing New York,2001,,1122,English,,,,,,Nicola Davies,,1122,,1,$3.99 ,,,,,,,,
Shy Charles,,,Puffins Books,1988,,1123,English,,,,,,Rosemary Wells,,1123,,1,$5.99 ,,,,,,,,
The Chimpanzees Happytown,,,Scholastic Printing New York,,,1124,English,,,,,,Giles Andreae,,1124,,1,,,,,,,,,
Rachel Carson Friend of the Earth,,,Troll Associates,1993,,1125,English,,,,,,Francene Sabin,,1125,,1,$2.95 ,,,,,,,,
The Pirate Queen,,,Trumpet Club Pub,,,1126,English,,,,,,Emily Arnold McCully,,1126,,1,,,,,,,,,
A Tale of Two Cities,,,Wilco Pub House,2003,,1127,English,,,,,,Charles Dickens,,1127,,1,,,,,,,,,
What's Next P.J Funnybunny?,,,Random House,,,1128,English,,,,,,Roger Bollen,,1128,,1,,,,,,,,,
One woolly wombat,,,Scholastic Printing New York,2000,,1129,English,,,,,,Rod Trinca,,1129,,1,$14.95 ,,,,,,,,
Dinosaur Discovery Kit,,,D K Publishing,2007,,1130,English,,,,,,John Malam,,1130,,1,$1.99 ,,,,,,,,
My Book of Inventions,,,Simon & Schuster Children's Publishing,2001,,1131,English,,,,,,Jimmy Neutron,,1131,,1,$3.50 ,,,,,,,,
Frogs Only!,,,Golden Books ,1989,,1132,English,,,,,,Lousie Gikow,,1132,,1,$1.74 ,,,,,,,,
Music in the Night,,,Silver Burdett Ginn,1996,,1133,English,,,,,,Etta G. Wilson,,1133,,1,,,,,,,,,
Why is the Grass Green?,,,Checkerboard Press,1985,,1134,English,,,,,,Chris Arvetis,,1134,,1,$1.99 ,,,,,,,,
Tremendous Tractors,,,Kingfishers,2005,,1135,English,,,,,,Tonny Mitton,,1135,,1,$3.99 ,,,,,,,,
The amazing Spider Man,,,Macmillan Publishing New York,2005,,1136,English,,,,,,David Seidman,,1136,,1,$3.99 ,,,,,,,,
All About Sound,,,Scholastic Printing New York,1994,,1137,English,,,,,,Melvin Berger,,1137,,1,$3.96 ,,,,,,,,
Exploring The Sea,,,Innisbrook Wraps,2005,,1138,English,,,,,,Rob Hadgraft,,1138,,1,$5.95 ,,,,,,,,
What Makes Day and Night,,,Harper Collins Publishers,1986,,1139,English,,,,,,Franklyn M.Branley,,1139,,1,$1.50 ,,,,,,,,
Fall for All,,,Little Trolley Book,1977,,1140,English,,,,,,Joan Wade Cole,,1140,,1,$1.50 ,,,,,,,,
Dandelion ,,,Puffins Books,1977,,1141,English,,,,,,Don Freeman,,1141,,1,$5.99 ,,,,,,,,
Over in the Meadow,,,Scholastic Printing New York,1971,,1142,English,,,,,,Olive A. Wadsworth,,1142,,1,$4.99 ,,,,,,,,
Up and Down on the Merry Go Round,,,Scholastic Printing New York,,,1143,English,,,,,,Bill Martin,,1143,,1,$7.95 ,,,,,,,,
What's It Like to Be a Fish?,,,Harper Collins Publishers,1996,,1144,English,,,,,,Wendy Pfeffer,,1144,,1,,,,,,,,,
Big Chickens,,,Scholastic Printing New York,2007,,1145,English,,,,,,Leslie Helakoski,,1145,,1,$3.99 ,,,,,,,,
All on The Same Earth,,,Scholastic Printing New York,2006,,1146,English,,,,,,Heather Klassen,,1146,,1,$3.99 ,,,,,,,,
Froggy Goes to School,,,Scholastic Printing New York,1996,,1147,English,,,,,,Jonathan London ,,1147,,1,,,,,,,,,
Let's Go Froggy!,,,Scholastic Printing New York,1996,,1148,English,,,,,,Jonathan London ,,1148,,1,,,,,,,,,
Cecils Garden,,,Scholastic Printing New York,2003,,1149,English,,,,,,Hooly Keller,,1149,,1,,,,,,,,,
Froggy Learns to Swim, ,,Scholastic Printing New York,2003,,1150,English,,,,,,Jonathan londan,,1150,,1,,,,,,,,,
"Good Morning, Pond",,,Scholastic Printing New York,2002,,1151,English,,,,,,Alyssa Satin Capucilli,,1151,,1,,,,,,,,,
Froggy's Sleep Over,,,Scholastic Printing New York,2005,,1152,English,,,,,,Jonathan London ,,1152,,1,,,,,,,,,
Five  Little Monkeys Sitting in a Tree,,,Scholastic Printing New York,2005,,1153,English,,,,,,Eileen Christelow,,1153,,1,,,,,,,,,
I Knew You Could!,,,Scholastic Printing New York,2005,,1154,English,,,,,,Craig Dorfman,,1154,,1,,,,,,,,,
Why are Dogs Noses Wet?,,,Scholastic Printing New York,2006,,1155,English,,,,,,Howie Dewin,,1155,,1,$3.99 ,,,,,,,,
Dr. Susan,,,Little Trolley Book,,,1156,English,,,,,,Dan Potter,,1156,,1,$1.99 ,,,,,,,,
Always Room for One More,,,Troll Associates,1965,,1157,English,,,,,,Sorche Nic Leodhas,,1157,,1,$1.99 ,,,,,,,,
The Headless Horseman of sleepy Hollow,,,Education Reading Service,,,1158,English,,,,,,Cherney Berg,,1158,,1,,,,,,,,,
Chicken And Egg,,,Silver Burdett Ginn,1986,,1159,English,,,,,,Christine Back,,1159,,1,$3.95 ,,,,,,,,
Snakes Alive!,,,Pages Publishing Group,1988,,1160,English,,,,,,Janet Lambert,,1160,,1,$3.99 ,,,,,,,,
Shrek Forever After,,,Penguin Group New York,2010,,1161,English,,,,,,Annie Auerbach,,1161,,1,$3.95 ,,,,,,,,
How Parrots Can Talk,,,Graymont Enterprises,,,1162,English,,,,,,Mary Packard,,1162,,1,,,,,,,,,
The Birthday Bicycle,,,Little Trolley Book,,,1163,English,,,,,,Diana Noonan,,1163,,1,$1.99 ,,,,,,,,
Jay Jay The Jet Plane,,,Penguin Group New York,2003,,1164,English,,,,,,Jenny Miglis,,1164,,1,$3.49 ,,,,,,,,
Geraldine's Big Show,,,Scholastic Printing New York,1990,,1165,English,,,,,,Holly Keller,,1165,,1,,,,,,,,,
I Am A T. Rex!,,,Grosset & Dunlap New York,2010,,1166,English,,,,,,Craig Bartlett,,1166,,1,$3.99 ,,,,,,,,
It Zwibble and the Big Birthday Party,,,Scholastic Printing New York,2010,,1167,English,,,,,,Were Ross,,1167,,1,$3.99 ,,,,,,,,
George and Martha,,,Troll Associates,2010,,1168,English,,,,,,james Marshall,,1168,,1,$4.95 ,,,,,,,,
Dinofours Where' Mommy,,,Scholastic Printing New York,2010,,1169,English,,,,,,Steve Metzger,,1169,,1,$3.25 ,,,,,,,,
Love You Forever,,,Firefly Books Ltd.,2003,,1170,English,,,,,,Robert Munsch,,1170,,1,$4.95 ,,,,,,,,
Dinosaur Eggs,,,Scholastic Printing New York,2001,,1171,English,,,,,,Jennifer Dussling,,1171,,1,$4.55 ,,,,,,,,
Froggy Goes to the Doctor,,,Scholastic Printing New York,2000,,1172,English,,,,,,Jonathan Londan,,1172,,1,,,,,,,,,
The Little Red Hen,,,Scholastic Printing New York,2000,,1173,English,,,,,,Timothy,,1173,,1,$3.99 ,,,,,,,,
Be Yourself,,,Animazing Entertainment,2001,,1174,English,,,,,,Bobby Goldsbara,,1174,,1,$1.50 ,,,,,,,,
Snuffles Make a Friend,,,Children Books,2004,,1175,English,,,,,,Mary lee Donovan,,1175,,1,$3.99 ,,,,,,,,
Ant Cities,,,Scholastic Printing New York,1987,,1176,English,,,,,,Arthur Dorros,,1176,,1,$3.99 ,,,,,,,,
The Rhyme Queen,,,Tate Publication,2010,,1177,English,,,,,,Julie Marie Angel,,1177,,1,$3.99 ,,,,,,,,
Safe And Sound!,,,Harper Festival,2010,,1178,English,,,,,,Jan & Mike,,1178,,1,$3.99 ,,,,,,,,
Donkey Daniel in Bethlehem,,,Arch books US,2008,,1179,English,,,,,,Janice Kramer,,1179,,1,$1.99 ,,,,,,,,
Snow White and Rose Red,,,Dhigara Publising House,2000,,1180,English,,,,,,Dingara,,1180,,1,13,,,,,,,,
Baseball's Best,,,Golden Books ,2000,,1181,English,,,,,,Michel E Goodman,,1181,,1,,,,,,,,,
The Biggest Pumpkin Ever,,,Scholastic Printing New York,2001,,1182,English,,,,,,Steven Kroll,,1182,,1,$3.75 ,,,,,,,,
Big Wheels,,,Troll Associates,1996,,1183,English,,,,,,Joanne Barkan,,1183,,1,$3.99 ,,,,,,,,
Little Red Riding Hood,,,Mc Graw Hill Pub.,2002,,1184,English,,,,,,Candice Ransom,,1184,,1,$3.99 ,,,,,,,,
If you give A Mouse A Cookie,,,Scholastic Printing New York,1985,,1185,English,,,,,,Laura Joffe,,1185,,1,$1.99 ,,,,,,,,
Scooby Doo Loch ness Monster,,,Scholastic Printing New York,2001,,1186,English,,,,,,Jesse Leon ,,1186,,1,$3.99 ,,,,,,,,
Curious Georgeand the Pizza,,,Curious GeorgePub,1985,,1187,English,,,,,,Margret ,,1187,,1,$3.95 ,,,,,,,,
The Best Teacher Ever,,,Harper Festival,2008,,1188,English,,,,,,Mercer Mayer,,1188,,1,$3.99 ,,,,,,,,
Ladybug's Birthday,,,Scholastic Printing New York,1998,,1189,English,,,,,,Steve Metzger,,1189,,1,$3.99 ,,,,,,,,
If you give A Mouse A Muffin,,,Harpercollins,1991,,1190,English,,,,,,Laura Joffe,,1190,,1,$3.99 ,,,,,,,,
Jack and the Leprechaun,,,Random House,2000,,1191,English,,,,,,Ivan Robertson,,1191,,1,$4.25 ,,,,,,,,
Polar Wildlife,,,Marshall Direct Learning Ltd,1993,,1192,English,,,,,,Jinny johnson,,1192,,1,,,,,,,,,
Ocean Wildlife,,,Marshall Direct Learning Ltd,1993,,1193,English,,,,,,Jinny johnson,,1193,,1,,,,,,,,,
Farmar Duck,,,Candlewick Press,1996,,1194,English,,,,,,Martin Waddell,,1194,,1,$5.99 ,,,,,,,,
Wolf!,,,Scholastic Printing New York,,,1195,English,,,,,,Becky Bloom,,1195,,1,,,,,,,,,
"One, Two, Three Oops!",,,Little Tiger Press,2008,,1196,English,,,,,,Michael Coleman,,1196,,1,$3.99 ,,,,,,,,
Ira Sleeps Over,,,Houghtton Mifflin Cpompany,2001,,1197,English,,,,,,Bernard Waber,,1197,,1,$4.95 ,,,,,,,,
The Crayon Box that Talked,,,Scholastic Printing New York,,,1198,English,,,,,,Shane DeRolf,,1198,,1,,,,,,,,,
Chester Raccoon and the Big Bad Bully,,,Scholastic Printing New York,2001,,1199,English,,,,,,Audrey Penn,,1199,,1,$3.99 ,,,,,,,,
The Very Hungry Catterpillar,,,Scholastic Printing New York,1987,,1200,English,,,,,,Eric Carle,,1200,,1,$3.99 ,,,,,,,,
The Cat Who Wore a pot on Her Head,,,Scholastic Printing New York,1990,,1201,English,,,,,,Jan Slepian,,1201,,1,$4..99,,,,,,,,
Clotilda,,,Random House,1978,,1202,English,,,,,,Jack Kent,,1202,,1,$3.99 ,,,,,,,,
Monster Trucks,,,QEB Publishing,,,1203,English,,,,,,Ian Graham,,1203,,1,$4.99 ,,,,,,,,
The Crippled Lamb,,,Scholastic Printing New York,1994,,1204,English,,,,,,Max Lucado,,1204,,1,$3.99 ,,,,,,,,
Penguin Comes Home,,,Scholastic Printing New York,2005,,1205,English,,,,,,Louise O Young,,1205,,1,$3.99 ,,,,,,,,
A Monster in the House,,,Puffins Books,2005,,1206,English,,,,,,Elisa Kleven,,1206,,1,,,,,,,,,
Riptide,,,Trumpet Club Pub,,,1207,English,,,,,,Frances Ward Weller,,1207,,1,,,,,,,,,
Martha doesn't say sorry!,,,Scholastic Printing New York,2010,,1208,English,,,,,,Samantha Berger,,1208,,1,,,,,,,,,
Hugs and Kisses,,,Scholastic Printing New York,2003,,1209,English,,,,,,Christophe Loupy,,1209,,1,$3.99 ,,,,,,,,
Miss Malarkey Doesn't Live in Room 10,,,Scholastic Printing New York,,,1210,English,,,,,,Judy Finchler,,1210,,1,,,,,,,,,
An Extraordinary Egg,,,Scholastic Printing New York,,,1211,English,,,,,,Leo Lionni,,1211,,1,,,,,,,,,
Testing  Mis Malarkey,,,Scholastic Printing New York,,,1212,English,,,,,,Judy Finchler,,1212,,1,$2.99 ,,,,,,,,
Moosetache,,,Scholastic Printing New York,,,1213,English,,,,,,Margie Palatini,,1213,,1,,,,,,,,,
The Shoe Maker and The Elves,,,Shree Book Centre,,,1214,English,,,,,,Kingder,,1214,,1,,,,,,,,,
The Escpe Oney Judge,,,Scholastic Printing New York,,,1215,English,,,,,,Martha Washington,,1215,,1,,,,,,,,,
Tales of Great Values Courageous William,,,Wilco Pub House,,,1216,English,,,,,,Wilco Pub,,1216,,1,,,,,,,,,
Too many Toys,,,Scholastic Printing New York,2009,,1217,English,,,,,,David Shannon,,1217,,1,$4.99 ,,,,,,,,
Shark in the Dark,,,Scholastic Printing New York,2010,,1218,English,,,,,,Peter Bently,,1218,,1,,,,,,,,,
Dog Breath,,,Scholastic Printing New York,1994,,1219,English,,,,,,Dav Pilkey,,1219,,1,,,,,,,,,
I Love Guinea Pigs,,,Scholastic Printing New York,,,1220,English,,,,,,Dick King Smith,,1220,,1,,,,,,,,,
Saving Castle Clover,,,Harcourt school Publishers,1994,,1221,English,,,,,,Evelyn Hedges,,1221,,1,,,,,,,,,
Weather ,,,Troll Associates,1985,,1222,English,,,,,,Louis Sabin,,1222,,1,$1.95 ,,,,,,,,
Backyard Mystery,,,Troll Associates,,,1223,English,,,,,,John Howard,,1223,,1,$1.95 ,,,,,,,,
Go to The Moon,,,Hooked on Phonics,,,1224,English,,,,,,Chris Sawyer,,1224,,1,$1.99 ,,,,,,,,
The Fantastic Four Versus Doctor Doom,,,Harper Kids Entertainment,,,1225,English,,,,,,Monique,,1225,,1,$3.99 ,,,,,,,,
Shark Tale Lenny's Fishy Fib,,,Scholastic Printing New York,,,1226,English,,,,,,Gail Herman,,1226,,1,$3.99 ,,,,,,,,
The Trail of Tears,,,Random House,1999,,1227,English,,,,,,Joseph Bruchac,,1227,,1,$5.99 ,,,,,,,,
Over My Head,,,Harcourt school Publishers,2009,,1228,English,,,,,,Russell Ginns,,1228,,1,,,,,,,,,
Fancy Nancy Heart to Heart,,,Harper Festival,2009,,1229,English,,,,,,Jane o Connor,,1229,,1,$4.99 ,,,,,,,,
The Bully From the Black Lagoon,,,Scholastic Printing New York,2004,,1230,English,,,,,,Mike Thaler,,1230,,1,$3.99 ,,,,,,,,
Little People,,,Mordern Pub,2001,,1231,English,,,,,,Mordern Pub,,1231,,1,,,,,,,,,
Tom Goes to Kindergarten,,,Scholastic Printing New York,2001,,1232,English,,,,,,Margarat Wild,,1232,,1,$3.99 ,,,,,,,,
Officer Buckle and Gloria,,,Scholastic Printing New York,,,1233,English,,,,,,Peggy Tathmann,,1233,,1,,,,,,,,,
Mama Cat Has three Kittens,,,Scholastic Printing New York,2001,,1234,English,,,,,,Denise Fleming,,1234,,1,$3.99 ,,,,,,,,
Pet Detectives,,,Troll Associates,,,1235,English,,,,,,Betty Ren Wright,,1235,,1,$5.95 ,,,,,,,,
Furry Tales,,,Grosset & Dunlap New York,2002,,1236,English,,,,,,Jim Davis,,1236,,1,,,,,,,,,
Oliver All Alone,,,Dutton Children Books,2002,,1237,English,,,,,,Christine Harris,,1237,,1,$5.95 ,,,,,,,,
This is the Teacher,,,Puffins Books,2004,,1238,English,,,,,,Rhonda Gowler,,1238,,1,$5.99 ,,,,,,,,
Dogku,,,Scholastic Printing New York,,,1239,English,,,,,,Andrew Clements,,1239,,1,,,,,,,,,
Tiny Goes Camping,,,Puffins Books,2006,,1240,English,,,,,,Cari Meister ,,1240,,1,$.3.99,,,,,,,,
My Reptile Hospital,,,Electronic Education ,2003,,1241,English,,,,,,Frank Christianson,,1241,,1,,,,,,,,,
Pigsty,,,Scholastic Printing New York,,,1242,English,,,,,,Mark Teague,,1242,,1,$1.99 ,,,,,,,,
Stella & Roy,,,Dutton Children Books,1995,,1243,English,,,,,,Ashley wolff,,1243,,1,$4.99 ,,,,,,,,
Stellaluna,,,Scholastic Printing New York,1993,,1244,English,,,,,,Janell Cannon,,1244,,1,$4.99 ,,,,,,,,
The Reason for a Flower,,,Scholastic Printing New York,1983,,1245,English,,,,,,Ruth Heller,,1245,,1,$3.99 ,,,,,,,,
Carpentry Making things with Wood,,,Scholastic Printing New York,,,1246,English,,,,,,Mc Phee Gribble ,,1246,,1,$1.99 ,,,,,,,,
Let's Go to the Farm and the Zoo,,,Scholastic Printing New York,,,1247,English,,,,,,Barney ,,1247,,1,,,,,,,,,
A Perfact Picnic,,,Scholastic Printing New York,2003,,1248,English,,,,,,Sarah Albee,,1248,,1,$1.00 ,,,,,,,,
Dinosaurs are Different ,,,Harper Trophy,2002,,1249,English,,,,,,Aliki,,1249,,1,$3.95 ,,,,,,,,
Happy Easter Mouse,,,Scholastic Printing New York,2002,,1250,English,,,,,,Laura Numeroff,,1250,,1,,,,,,,,,
Happy Mother Day,,,Puffins Books,1987,,1251,English,,,,,,Steven Kroll,,1251,,1,$3.95 ,,,,,,,,
"Engine, Engine Number Nine",,,Scholastic Printing New York,,,1252,English,,,,,,Paul Meisel,,1252,,1,$1.25 ,,,,,,,,
I Am A T. Rex!,,,Grosset & Dunlap New York,2010,,1253,English,,,,,,Craig Bartlett,,1253,,1,$1.25 ,,,,,,,,
Whoever You Are,,,Voyager Books,2000,,1254,English,,,,,,Leslie Staub,,1254,,1,$1.59 ,,,,,,,,
Rhyme Time,,,Dalmatian Press,2001,,1255,English,,,,,,P.J . Shaw,,1255,,1,$3.50 ,,,,,,,,
Meet Babar and His Family,,,Random House,1972,,1256,English,,,,,,Laurent De Brunhoff,,1256,,1,$3.25 ,,,,,,,,
The amazing Spider Man,,,Marvel Books`,,,1257,English,,,,,,David Seidman,,1257,,1,$3.99 ,,,,,,,,
Care Bears The Day Nobody  Shared,,,Scholastic Printing New York,2003,,1258,English,,,,,,Nancy Parent,,1258,,1,$3.50 ,,,,,,,,
If I Could Drive a Bulldozer!,,,Scholastic Printing New York,2002,,1259,English,,,,,,Michael Teitelbaum,,1259,,1,$2.25 ,,,,,,,,
"Hands off, Doc Ock",,,Harper Festival,2004,,1260,English,,,,,,Kate Egan,,1260,,1,$1.25 ,,,,,,,,
Operation Autobot,,,Harper Entertaiment,2001,,1261,English,,,,,,Susan Korman,,1261,,1,$3.99 ,,,,,,,,
The Berenstain Bears and the Joy of Giving,,,Scholastic Printing New York,2010,,1262,English,,,,,,Jan & Mike Berenstain,,1262,,1,$3.99 ,,,,,,,,
Daffu Duck in Duck Troop to the Rescue,,,A Golden Book New York,1992,,1263,English,,,,,,Justine Korman,,1263,,1,$3.99 ,,,,,,,,
Love You Forever,,,Firefly Books Ltd.,1945,,1264,English,,,,,,Robert Munsch,,1264,,1,$4.95 ,,,,,,,,
Thomas Saurus Rex,,,Random House,2006,,1265,English,,,,,,Richard Courtney,,1265,,1,$3.99 ,,,,,,,,
Andrem's Loose Tooth,,,Scholastic Printing New York,2006,,1266,English,,,,,,Robert Munsch,,1266,,1,$3.99 ,,,,,,,,
The Silver Locket,,,Grosset & Dunlap New York,2005,,1267,English,,,,,,Katharine Holabird,,1267,,1,$3.99 ,,,,,,,,
Horses and Ponies,,,McClanahan Book Company,2006,,1268,English,,,,,,Shelagh Canning,,1268,,1,$2.25 ,,,,,,,,
Can't you sleep little Bear?,,,Candlewick Press,1996,,1269,English,,,,,,Martin Waddell,,1269,,1,$1.25 ,,,,,,,,
I like Myself!,,,Scholastic Printing New York,2005,,1270,English,,,,,,Karan Beaumont,,1270,,1,$1.25 ,,,,,,,,
Ali Baba & The Forty Thieves,,,Dhigara Publising House,2002,,1271,English,,,,,,DhingaraPub,,1271,,1,30,,,,,,,,
I' m a Little Teapot,,,Scholastic Printing New York,1997,,1272,English,,,,,,Iza Trapani,,1272,,1,$3.99 ,,,,,,,,
Princess Pigtoria and the Pea,,,Scholastic Printing New York,2010,,1273,English,,,,,,Pamela Duncan,,1273,,1,$3.99 ,,,,,,,,
The cat with Two Tales,,,Macdonald Children Books,2005,,1274,English,,,,,,Alix Nathan,,1274,,1,$2.50 ,,,,,,,,
Hanukah Monkey,,,Mulberry Paperback Book,1991,,1275,English,,,,,,Sholem Aleichem,,1275,,1,$3.95 ,,,,,,,,
Franlin's Halloween,,,Scholastic Printing New York,1996,,1276,English,,,,,,Brenda Clark,,1276,,1,$1.25 ,,,,,,,,
Freddie the Frog,,,Ideals Publshing,,,1277,English,,,,,,Tom Lafleur,,1277,,1,$1.25 ,,,,,,,,
Mama Rex an T the Horrible Play Date,,,Scholastic Printing New York,2001,,1278,English,,,,,,Rachel Vail,,1278,,1,$4.99 ,,,,,,,,
Frog In Winter,,,Tambourine Books,1992,,1279,English,,,,,,Max Velthuijs,,1279,,1,$4.95 ,,,,,,,,
The Mini Treasure Chest of Great Fairy Tales,,,Dami Publiction,,,1280,English,,,,,,Tony Wolf,,1280,,1,$1.25 ,,,,,,,,
The Mission of Addition,,,First Avenue Editions,2001,,1281,English,,,,,,Brian P. Cleary,,1281,,1,$6.95 ,,,,,,,,
Mission Adition ,,,Scholastic Printing New York,1998,,1282,English,,,,,,Loreen Leedy,,1282,,1,$6.98 ,,,,,,,,
The Puppet in The Big Black Box,,,Stiff Lip  Publishing,1989,,1283,English,,,,,,Steve Chaney,,1283,,1,$1.50 ,,,,,,,,
Roller Skates!,,,Scholastic Printing New York,1992,,1284,English,,,,,,Stephanie,,1284,,1,$3.99 ,,,,,,,,
Days With Frog and Toad,,,Harper Trophy,1984,,1285,English,,,,,,Arnold Lobel,,1285,,1,$3.99 ,,,,,,,,
Poop Puppy,,,Scholastic Printing New York,,,1286,English,,,,,,Nick Bruel,,1286,,1,,,,,,,,,
What will I Do without You?,,,Scholastic Printing New York,1999,,1287,English,,,,,,Sally Grindley,,1287,,1,$3.99 ,,,,,,,,
Brave Little Monster,,,Scholastic Printing New York,2001,,1288,English,,,,,,Ken Baker,,1288,,1,$3.99 ,,,,,,,,
Dog Breath,,,Scholastic Printing New York,1994,,1289,English,,,,,,Dav Pilkey,,1289,,1,$5.99 ,,,,,,,,
The Amazing Bone,,,A Sunburst Book,1993,,1290,English,,,,,,Willam Steig,,1290,,1,$4.95 ,,,,,,,,
Coootion in The Ocean,,,Scholastic Printing New York,,,1291,English,,,,,,Giles Andreae,,1291,,1,,,,,,,,,
Super Storms,,,Scholastic Printing New York,1993,,1292,English,,,,,,Seymour Simon,,1292,,1,$1.25 ,,,,,,,,
"Basil, The Forgotten Puppy",,,Willowisp Press,1992,,1293,English,,,,,,Terri Stone,,1293,,1,$1.99 ,,,,,,,,
The Elves and the Shoemaker,,,Leap Frog publication,2002,,1294,English,,,,,,Jennifer Boudart,,1294,,1,$2.25 ,,,,,,,,
Think That Go Cars and Trucks,,,Leap Frog publication,,,1295,English,,,,,,Mike Muir,,1295,,1,$1.25 ,,,,,,,,
Thomas to The Rescue,,,Egmont Imagination Ltd.,2001,,1296,English,,,,,,Robin Davies,,1296,,1,$1.25 ,,,,,,,,
Kim Kangaroo,,,Hooked on Phonics,2001,,1297,English,,,,,,Leslie McGurie,,1297,,1,$1.25 ,,,,,,,,
Here Comes Trouble,,,Scholastic Printing New York,,,1298,English,,,,,,Larry Dane Brimner,,1298,,1,$1.25 ,,,,,,,,
I'm a Manatee,,,Simon & Schuster Children's Publishing,2005,,1299,English,,,,,,John Lithgow,,1299,,1,$1.50 ,,,,,,,,
The Berenstain Bears and the Golden Rule,,,Chick fil & Company,2001,,1300,English,,,,,,Berenstain,,1300,,1,$1.25 ,,,,,,,,
How Spider saved Halloween ,,,Scholastic Printing New York,2001,,1301,English,,,,,,Robert Kraus,,1301,,1,$1.25 ,,,,,,,,
Mary's Baby,,,Scholastic Printing New York,1995,,1302,English,,,,,,Jane Chapman,,1302,,1,$2.50 ,,,,,,,,
Stringcraft In 3D,,,Search Press Ltd. London,2001,,1303,English,,,,,,Search Press,,1303,,1,$2.50 ,,,,,,,,
Backyard  Adventures for Outdoor Explorers,,,Incentive Publications ,2001,,1304,English,,,,,,Imogene Forte,,1304,,1,$2.50 ,,,,,,,,
Town Mouse and the Country Mouse,,,Houghton Mifflin Company,2001,,1305,English,,,,,,Sarash Keane ,,1305,,1,$2.50 ,,,,,,,,
The Secret Journey,,,Arch books US,1968,,1306,English,,,,,,Virginia Mueller,,1306,,1,$2.50 ,,,,,,,,
Everybody Cooks Rice,,,Carolrhoda Books ,1991,,1307,English,,,,,,Norah Dooley,,1307,,1,$3.25 ,,,,,,,,
A Surprise For Mom,,,Grosset & Dunlap New York,2011,,1308,English,,,,,,Craig Bartlett,,1308,,1,$3.25 ,,,,,,,,
I Am A T. Rex!,,,Grosset & Dunlap New York,2010,,1309,English,,,,,,Craig Bartlett,,1309,,1,$1.25 ,,,,,,,,
"Way to Go, Zoe!",,,Creative Edge,2010,,1310,English,,,,,,Kara McMohan,,1310,,1,$1.25 ,,,,,,,,
The Night Before Easter,,,Grosset & Dunlap New York,1999,,1311,English,,,,,,Natasha Wing,,1311,,1,$1.25 ,,,,,,,,
The Best  Halloween Masquerade Ever!,,,Simon & Schuster Children's Publishing,2000,,1312,English,,,,,,Richard Scarry,,1312,,1,$3.15 ,,,,,,,,
All Aboard & All About Trains,,,Plggy Toes Press,2000,,1313,English,,,,,,Dawn Bentley,,1313,,1,,,,,,,,,
Hooray for Thomas!,,,Random House,2005,,1314,English,,,,,,David Mitton,,1314,,1,$3.99 ,,,,,,,,
The Little Rabbit Who Wanted Red Wings,,,A platt & Munk,2015,,1315,English,,,,,,Carolyn Sherwin,,1315,,1,$1.95 ,,,,,,,,
When I' m Feeling Angry,,,The Five Mile Press,2005,,1316,English,,,,,,Trace Moroney,,1316,,1,,,,,,,,,
Birds of a Feather,,,Harper Festival,2002,,1317,English,,,,,,Susan Korman,,1317,,1,$3.99 ,,,,,,,,
The Oakwood Monster,,,Creative Edge,2005,,1318,English,,,,,,Creative Pub,,1318,,1,$3.95 ,,,,,,,,
Trouble for Trudy,,,Scholastic Printing New York,2006,,1319,English,,,,,,Teddy Slater,,1319,,1,$3.95 ,,,,,,,,
Farm to Market,,,The Economy Company,2006,,1320,English,,,,,,Joan Wade Cole,,1320,,1,$3.95 ,,,,,,,,
My Health Friends,,,The Economy Company,2006,,1321,English,,,,,,Joan Wade Cole,,1321,,1,$3.95 ,,,,,,,,
Pollution Solution,,,The Economy Company,2006,,1322,English,,,,,,Joan Wade Cole,,1322,,1,$3.95 ,,,,,,,,
Sun Neen The Best Time of The Year,,,The Economy Company,2006,,1323,English,,,,,,Joan Wade Cole,,1323,,1,$3.95 ,,,,,,,,
Scooby Doo  The Haunted Road Trip,,,Scholastic Printing New York,2005,,1324,English,,,,,,Gail Herman,,1324,,1,$3.99 ,,,,,,,,
My Little Pony Fashion Fun,,,Harper Festival,2001,,1325,English,,,,,,Ann Maria Capalija,,1325,,1,$3.50 ,,,,,,,,
The World's Biggest Tea Party,,,Harper Festival,2001,,1326,English,,,,,,Jennifer Frantz,,1326,,1,$3.99 ,,,,,,,,
The Princess Promenade,,,Harper Festival,2001,,1327,English,,,,,,Jennifer Frantz,,1327,,1,$3.99 ,,,,,,,,
Pony Party,,,Harper Festival,2001,,1328,English,,,,,,Jennifer Frantz,,1328,,1,$3.99 ,,,,,,,,
Just Me and My Mom,,,A Golden Book,2001,,1329,English,,,,,,Mercer Mayer,,1329,,1,$3.99 ,,,,,,,,
The Friendly Beasts,,,Mordern Pub,2001,,1330,English,,,,,,Suzanne Vasilak ,,1330,,1,$2.95 ,,,,,,,,
If you give A Moose A Muffin,,,Scholastic Printing New York,1992,,1331,English,,,,,,Laura Joffe Numeroff,,1331,,1,$3.99 ,,,,,,,,
Baby Whales Drink Milk,,,Troll Associates,2001,,1332,English,,,,,,Barbara Juster Esbensen,,1332,,1,$4.99 ,,,,,,,,
How People Learned to Fly,,,Harpercollins,2007,,1333,English,,,,,,Fran Hodgkins,,1333,,1,$5.99 ,,,,,,,,
Froggy goes to School,,,Scholastic Printing New York,2008,,1334,English,,,,,,Jonathan,,1334,,1,$2.99 ,,,,,,,,
Froggy Plays Soccer,,,Scholastic Printing New York,2008,,1335,English,,,,,,Jonathan London ,,1335,,1,$2.99 ,,,,,,,,
I Am A T. Rex!,,,Grosset & Dunlap New York,2010,,1336,English,,,,,,Craig Bartlett,,1336,,1,$1.25 ,,,,,,,,
Hansel and Gretel,,,Mordern Pub,2010,,1337,English,,,,,,Shane DeRolf,,1337,,1,$2.50 ,,,,,,,,
Just Me in The Tub,,,A Golden Book,2010,,1338,English,,,,,,Mercer Mayer,,1338,,1,$3.50 ,,,,,,,,
Franklin's Halloween,,,Scholastic Printing New York,2007,,1339,English,,,,,,Brenda Clark,,1339,,1,$4.50 ,,,,,,,,
Safe And Sound!,,,Chick Fil ,2001,,1340,English,,,,,,Berenstan Bears,,1340,,1,,,,,,,,,
It's Valentine's Day,,,Scholastic Printing New York,2000,,1341,English,,,,,,Jack Prelutsky,,1341,,1,$2.50 ,,,,,,,,
Go to School ,,,Scholastic Printing New York,2001,,1342,English,,,,,,Berenstain ,,1342,,1,$1.95 ,,,,,,,,
The Country Bunny and The Little gold shoes,,,Scholastic Printing New York,2001,,1343,English,,,,,,Jenifer,,1343,,1,$1.95 ,,,,,,,,
Just Grandpa and Me,,,A Golden Book,1985,,1344,English,,,,,,Mercer Mayer,,1344,,1,,,,,,,,,
Bugs are Insects,,,Harper collins Publishers,2001,,1345,English,,,,,,Anne Rockwell,,1345,,1,$3.99 ,,,,,,,,
Little Rec Riding Hood,,,Peter Pan Pub,,,1346,English,,,,,,Peter Pan,,1346,,1,$2.25 ,,,,,,,,
My Healthy Food Pyramid,,,Scholastic Printing New York,2000,,1347,English,,,,,,Diane H. Pappas,,1347,,1,$1.50 ,,,,,,,,
The Dog Rule and Cats Drool Aflip Book,,,Scholastic Printing New York,2007,,1348,English,,,,,,Howie Dewin,,1348,,1,$5.99 ,,,,,,,,
A country Cookbook,,,Country Originals Pub,1974,,1349,English,,,,,,Nick Power,,1349,,1,$4.75 ,,,,,,,,
A Very Brave Witch,,,Scholastic Printing New York,2007,,1350,English,,,,,,Alison Mc Ghee,,1350,,1,$3.99 ,,,,,,,,
Randy's Dandy Lions,,,Houghton Mifflin Company,2001,,1351,English,,,,,,Bill Peet,,1351,,1,$3.95 ,,,,,,,,
Sergio and  the Hurricane,,,Henry Holt and Company,2000,,1352,English,,,,,,Alexandra Wallner,,1352,,1,$6.95 ,,,,,,,,
Tikki Tikki Tembo,,,An Owlet Book,2000,,1353,English,,,,,,Arlene Mosel,,1353,,1,$5.95 ,,,,,,,,
When Sophie Gets Angry Really Really Angry,,,Scholastic Printing New York,,,1354,English,,,,,,Molly Bang,,1354,,1,$4.99 ,,,,,,,,
One Mitten,,,Scholastic Printing New York,2004,,1355,English,,,,,,Kristine George,,1355,,1,$3.99 ,,,,,,,,
Fall is For Friends,,,Scholastic Printing New York,2005,,1356,English,,,,,,Suzy Spafford,,1356,,1,$3.50 ,,,,,,,,
The Runaway Balloon,,,Stride Rite Corporation,1993,,1357,English,,,,,,Ned Delaney,,1357,,1,$2.50 ,,,,,,,,
Friendly Dolphine,,,Scholastic Printing New York,2007,,1358,English,,,,,,Allan Fowler,,1358,,1,$2.50 ,,,,,,,,
Three Wishes,,,Sterling press Pvt. Ltd,2006,,1359,English,,,,,,David Jacobson,,1359,,1,$3.95 ,,,,,,,,
Grow Flower Grow,,,Scholastic Printing New York,2001,,1360,English,,,,,,Lisa Bruce,,1360,,1,$3.99 ,,,,,,,,
Colours,,,Peter Pan Pub,1984,,1361,English,,,,,,Peter Pan,,1361,,1,$1.25 ,,,,,,,,
On the Safe Side,,,Economy Company,1977,,1362,English,,,,,,Joan Wade Cole,,1362,,1,$1.50 ,,,,,,,,
The Pigrates Clean Up,,,The Trumpet Club New York,1993,,1363,English,,,,,,Steven Kroll,,1363,,1,$2.50 ,,,,,,,,
The Vitue of Responsibility,,,Leap Frog publication,2002,,1364,English,,,,,,Sarah Toast,,1364,,1,$2.50 ,,,,,,,,
"Alexander, Who's Not (Do you hear Me? I mean it Going to Move",,,Scholastic Printing New York,2003,,1365,English,,,,,,Judith Viorst,,1365,,1,$2.50 ,,,,,,,,
The Search for the Great Valley,,,Grosset & Dunlap New York,1988,,1366,English,,,,,,Don Bluth,,1366,,1,$2.50 ,,,,,,,,
Crocodiles & Alligators,,,Scholastic Printing New York,1984,,1367,English,,,,,,Vincent Serventy,,1367,,1,$2.50 ,,,,,,,,
The Spike Tailed Dinosaur ,,,A Golden Book,1989,,1368,English,,,,,,Michael Berenstain,,1368,,1,$3.99 ,,,,,,,,
Dinosaurs and other Fun Things,,,Simon & Schuster Children's Publishing,1997,,1369,English,,,,,,Lowly Worm,,1369,,1,$3.25 ,,,,,,,,
The Curious Little Duckling,,,Troll Associates,1996,,1370,English,,,,,,Sarah Albee,,1370,,1,$3.95 ,,,,,,,,
Madeline ,,,Scholastic Printing New York,1992,,1371,English,,,,,,Ludwig Bemelmans,,1371,,1,$3.95 ,,,,,,,,
101 Jump Rope Rhymes,,,Scholastic Printing New York,1989,,1372,English,,,,,,Joanna Cole,,1372,,1,$3.95 ,,,,,,,,
The House That Jack's Friends Built,,,Steck Vaughn Pub ,1998,,1373,English,,,,,,Gare Thompson,,1373,,1,$2.25 ,,,,,,,,
There was an Old Lady whoo Swallowed a Bat,,,Scholastic Printing New York,2002,,1374,English,,,,,,Lucille Colandro,,1374,,1,$6.99 ,,,,,,,,
Old Mister Rabbit ,,,Harcourt Brace & Company,2002,,1375,English,,,,,,Robert Bender,,1375,,1,,,,,,,,,
The Pest in the Nest,,,Scholastic Printing New York,2002,,1376,English,,,,,,Lisa Eve Huberman,,1376,,1,$2.95 ,,,,,,,,
Never Talk to strangers,,,A Golden Books Publication,2000,,1377,English,,,,,,Irma Joyce,,1377,,1,$3.95 ,,,,,,,,
Plenty of Puppets to Make,,,Troll Associates,,,1378,English,,,,,,Robyn Superaner,,1378,,1,,,,,,,,,
Hitopadesh ,1,,Navneet Publication,2000,,1379,English,,,,,,Yogesh Joshi,,1379,,1,40,,,,,,,,
Hitopadesh ,,,Navneet Publication,2000,,1380,English,,,,,,Yogesh Joshi,,1380,,1,40,,,,,,,,
Caretakers of Wonder,,,A Star & Elephant book,1980,,1381,English,,,,,,Cooper Edens,,1381,,1,,,,,,,,,
Buzz the Seaplane,,,Grosset & Dunlap New York,1999,,1382,English,,,,,,Wendy Cheyette,,1382,,1,$1.49 ,,,,,,,,
The Importance of Being you,,,Sullivan Associates Reader,1972,,1383,English,,,,,,Susan sullivan,,1383,,1,,,,,,,,,
Morgan and Me,,,A Serendipity Book,1980,,1384,English,,,,,,Stephen Cosgrove,,1384,,1,$1.50 ,,,,,,,,
The Great Egg Hunt,,,Grosset & Dunlap New York,2012,,1385,English,,,,,,Craig Bartlett,,1385,,1,$3.99 ,,,,,,,,
The Tale of Peter Rabbit,,,Scholastic Printing New York,,,1386,English,,,,,,Beatrix Potter,,1386,,1,$2.50 ,,,,,,,,
Strawberry Shortcakes  World of Friends,,,Penguin Group New York,2006,,1387,English,,,,,,Megan E. Bryant,,1387,,1,$4.99 ,,,,,,,,
Spirit Stallion of the Cimarron,,,Penguin Group New York,2002,,1388,English,,,,,,Mary Hogan,,1388,,1,$3.99 ,,,,,,,,
Fancy Nancy Heart to Heart,,,Scholastic Printing New York,2009,,1389,English,,,,,,Jane o Connor,,1389,,1,,,,,,,,,
Sleeping Beauty,,,Random House,1977,,1390,English,,,,,,Sheilah Beckett,,1390,,1,,,,,,,,,
A Nest Full of Eggs,,,Scholastic Printing New York,,,1391,English,,,,,,Priscilla Belz Jenkins,,1391,,1,,,,,,,,,
What is the World Made of?,,,Harper Collins Pub,1998,,1392,English,,,,,,Kathleen Weidner,,1392,,1,$1.59 ,,,,,,,,
Saint George and the Dragon,,,Little Brown And Company,1985,,1393,English,,,,,,Margaret Hodges,,1393,,1,$7.99 ,,,,,,,,
Snakes Long Longer Longest,,,Scholastic Printing New York,2006,,1394,English,,,,,,Jerry Pallotta,,1394,,1,$3.99 ,,,,,,,,
Easy Day Hikes in Yosemite ,,,Yosemite Natural History Association,1985,,1395,English,,,,,,Deborah J. Durkee,,1395,,1,$4.50 ,,,,,,,,
Raven A Trickster Tale from The Pacific Northwest,,,Scholastic Printing New York,1993,,1396,English,,,,,,Gerald McDermott,,1396,,1,,,,,,,,,
Daddy has a pair of Striped shorts,,,Houghton Mifflin Company,1993,,1397,English,,,,,,Mimi Otey,,1397,,1,,,,,,,,,
Alexander and the Terrible Horrible No Good Very Bad day,,,Scholastic Printing New York,1972,,1398,English,,,,,,Judith Viorst,,1398,,1,,,,,,,,,
Leonard Bernstein,,,Scholastic Printing New York,1970,,1399,English,,,,,,Molly Cone,,1399,,1,$1.59 ,,,,,,,,
Martin Luther King,,,Scholastic Printing New York,1992,,1400,English,,,,,,Joanne Mattern ,,1400,,1,$1.26 ,,,,,,,,
Lyle Lyle Crocodile,,,Newfield Publication,1965,,1401,English,,,,,,Barnard Waber,,1401,,1,$13.45 ,,,,,,,,
The Norfin Trolls Laugh Out Loud,,,Scholastic Printing New York,1992,,1402,English,,,,,,Beth Goodman,,1402,,1,$2.50 ,,,,,,,,
The Penguin who Wanted to ne Different,,,Scholastic Printing New York,2001,,1403,English,,,,,,Maria O'Neill,,1403,,1,,,,,,,,,
The Five Senses,,,Creative Edge,2006,,1404,English,,,,,,Kama Einhorn,,1404,,1,$1.00 ,,,,,,,,
Dinosaurs' Halloween,,,Scholastic Printing New York,1987,,1405,English,,,,,,Liza  Donnelly,,1405,,1,$2.50 ,,,,,,,,
The Tiny Seed,,,Aladdin Paperbacks,,,1406,English,,,,,,Eric Carle,,1406,,1,$7.99 ,,,,,,,,
Daisy Comes Home,,,Scholastic Printing New York,2003,,1407,English,,,,,,Jan Brett,,1407,,1,$2.25 ,,,,,,,,
The Declaration of Independence,,,Capstone Press,2009,,1408,English,,,,,,Amie Jane Leavitt,,1408,,1,,,,,,,,,
The Berenstain Bears Good Loves You!,,,Living Lights,2008,,1409,English,,,,,,Jan Berenstain,,1409,,1,$3.99 ,,,,,,,,
North American Indians,,,Random House,1977,,1410,English,,,,,,Marie,,1410,,1,$3.25 ,,,,,,,,
Fireworks!,,,Grosset & Dunlap New York,2001,,1411,English,,,,,,Mara Canlon,,1411,,1,$3.99 ,,,,,,,,
"Two Can Share,Too",,,Simon & Schuster Children's Publishing,1999,,1412,English,,,,,,Janelle Cherrington,,1412,,1,$3.50 ,,,,,,,,
Tiny Toon Adventures Rock 'N Roar,,,A Golden Book,1990,,1413,English,,,,,,Justine Korman,,1413,,1,$3.99 ,,,,,,,,
Mommies Are for Counting Stars,,,Penguin Group New York,2001,,1414,English,,,,,,Harriet Ziefert,,1414,,1,$6.99 ,,,,,,,,
Mantor Menace,,,Dalmation Press ,2001,,1415,English,,,,,,Slade Stone,,1415,,1,$3.50 ,,,,,,,,
The Berestain Bears and the Joy of Giving,,,Living Lights,2010,,1416,English,,,,,,Jan and Mike,,1416,,1,$3.99 ,,,,,,,,
The Night Before Thanksgiving,,,Grosset & Dunlap New York,2001,,1417,English,,,,,,Natasha Wing,,1417,,1,$3.99 ,,,,,,,,
The Night Before Easter,,,Grosset & Dunlap New York,2001,,1418,English,,,,,,Natasha Wing,,1418,,1,$3.99 ,,,,,,,,
Diesel 10 Means Trouble,,,Random House,2000,,1419,English,,,,,,Britt Allcroft,,1419,,1,$3.99 ,,,,,,,,
Dinofours it's time for School,,,Scholastic Printing New York,2000,,1420,English,,,,,,Steve Metzger,,1420,,1,$3.99 ,,,,,,,,
Barbie asRapunzel,,,Scholastic Printing New York,2000,,1421,English,,,,,,Peter koblish,,1421,,1,$3.99 ,,,,,,,,
The Puppet Club,,,Scholastic Printing New York,2000,,1422,English,,,,,,Mike Thaler,,1422,,1,$3.99 ,,,,,,,,
Here Comes Summer!,,,Scholastic Printing New York,2000,,1423,English,,,,,,Peter Maloney,,1423,,1,$3.99 ,,,,,,,,
The Winning Wave,,,Harper Entertaiment,2007,,1424,English,,,,,,N.T. Raymond,,1424,,1,$3.99 ,,,,,,,,
Dog Tales,,,Scholastic Printing New York,2000,,1425,English,,,,,,Jennifer Rae,,1425,,1,$3.99 ,,,,,,,,
Uncle Jed's Barbershop,,,Scholastic Printing New York,1993,,1426,English,,,,,,Margaree King Mitchell,,1426,,1,$3.99 ,,,,,,,,
Beginner's Guide to Brush Strokes,,,Plaid Enterprise,2000,,1427,English,,,,,,Sandy Aubuchon,,1427,,1,$3.99 ,,,,,,,,
Dinner at Aunt Connie's House Faith Ringgold,,,Scholastic Printing New York,2000,,1428,English,,,,,,Andrew Louis  Jones Sr.,,1428,,1,$3.99 ,,,,,,,,
Three Cheers for Tacky,,,Houghton Mifflin Company,1999,,1429,English,,,,,,Helen Lester,,1429,,1,$3.99 ,,,,,,,,
Trouble Dolls,,,Harcourt Brace & Company,,,1430,English,,,,,,Lambert Davis,,1430,,1,$3.99 ,,,,,,,,
Thanksgiving is Here!,,,Scholastic Printing New York,2000,,1431,English,,,,,,Diane Goode,,1431,,1,$3.99 ,,,,,,,,
Throught The Eyes of the Eagle,,,CDC Publication,2000,,1432,English,,,,,,Georgia Perez,,1432,,1,,,,,,,,,
Great Railway Adventures ,,,Learning Curve Publishing,2000,,1433,English,,,,,,Lin Oliver,,1433,,1,$3.99 ,,,,,,,,
Fumble Bumble,,,Maggies Stories,2000,,1434,English,,,,,,Margaret Kate Christensen,,1434,,1,$3.99 ,,,,,,,,
The Puppet Club,,,Scholastic Printing New York,2000,,1435,English,,,,,,Mike Thaler,,1435,,1,$3.99 ,,,,,,,,
Elizabeti's Doll,,,Scholastic Printing New York,2000,,1436,English,,,,,,Sterphanie Stuve,,1436,,1,$2.50 ,,,,,,,,
Splash! A Little otter in Big Trouble,,,Willowisp Press,1992,,1437,English,,,,,,Jacqueline Hanks,,1437,,1,$1.99 ,,,,,,,,
Above the Treeline,,,Denver Museum of Natural History Press,1996,,1438,English,,,,,,Ann Cooper,,1438,,1,$9.95 ,,,,,,,,
The Grumpy Morning,,,Scholastic Printing New York,1998,,1439,English,,,,,,Pamela Duncan Edwards,,1439,,1,$3.99 ,,,,,,,,
I Know why I brush My Teeth,,,Scholastic Printing New York,2001,,1440,English,,,,,,Kate Rowan,,1440,,1,$3.99 ,,,,,,,,
If you Give a  Pig a Pancake,,,Scholastic Printing New York,2001,,1441,English,,,,,,Stephen Cosgrove,,1441,,1,$3.99 ,,,,,,,,
Attack of The Dinobots,,,Harper Entertaiment,2000,,1442,English,,,,,,Aaron Rosenberg,,1442,,1,$2.50 ,,,,,,,,
The Velveteen Rabbit,,,Dalmatian Press,1999,,1443,English,,,,,,Margery Williams,,1443,,1,$1.00 ,,,,,,,,
Dizzy and Muck Work it out,,,Scholastic Printing New York,2002,,1444,English,,,,,,Annie Auerbach,,1444,,1,$2.00 ,,,,,,,,
Aladdin and the Magic Lamp,,,Scholastic Printing New York,1993,,1445,English,,,,,,Jordan Horowitz,,1445,,1,$3.99 ,,,,,,,,
The Berenstain Bears Go out to Eat,,,Scholastic Printing New York,1993,,1446,English,,,,,,Mike Berenstain,,1446,,1,$3.99 ,,,,,,,,
Rain Rain Go Away,,,Scholastic Printing New York,2000,,1447,English,,,,,,James Preller,,1447,,1,$3.99 ,,,,,,,,
We Eat Dinner in the Bathtub,,,Scholastic Printing New York,2000,,1448,English,,,,,,Angela Shelf,,1448,,1,$3.99 ,,,,,,,,
When Charlie McButton Lost Power,,,Scholastic Printing New York,2006,,1449,English,,,,,,Suzanne Collins,,1449,,1,$3.99 ,,,,,,,,
Our Stars,,,Scholastic Printing New York,2005,,1450,English,,,,,,Anne Rockwell,,1450,,1,$3.99 ,,,,,,,,
Mother Goose's Seasons,,,Mordern Pub,1996,,1451,English,,,,,,Tammie Speer Lyon,,1451,,1,$3.99 ,,,,,,,,
The Velveteen Rabbit,,,Grosset & Dunlap New York,1987,,1452,English,,,,,,Margery Williams,,1452,,1,$3.49 ,,,,,,,,
Strawberry Shortcake Sleeps Over,,,Grosset & Dunlap New York,2004,,1453,English,,,,,,Siobhan Ciminera,,1453,,1,$4.99 ,,,,,,,,
All About Hand,,,A Happy Day Book,,,1454,English,,,,,,Elaine Watson,,1454,,1,$2.50 ,,,,,,,,
Dinosaurs Alive,,,Scholastic Printing New York,1993,,1455,English,,,,,,Dinamation,,1455,,1,$2.50 ,,,,,,,,
The Way I Feel,,,Scholastic Printing New York,,,1456,English,,,,,,Janan Cain,,1456,,1,$2.50 ,,,,,,,,
The Owl and the Pussycat ,,,Scholastic Printing New York,1992,,1457,English,,,,,,Edward Lear,,1457,,1,$2.50 ,,,,,,,,
Building Machines and what they Do,,,Candlewick Press,1991,,1458,English,,,,,,Derek Radford,,1458,,1,$4.99 ,,,,,,,,
Peter's Chair,,,Scholastic Printing New York,2000,,1459,English,,,,,,Ezra Jack Keats,,1459,,1,$3.99 ,,,,,,,,
Rosie's Walk,,,Macmillan Publishing New York,2000,,1460,English,,,,,,Pat Hutchins,,1460,,1,$3.99 ,,,,,,,,
The Night Before Kindergarten ,,,Grosset & Dunlap New York,2001,,1461,English,,,,,,Natasha Wing,,1461,,1,$3.99 ,,,,,,,,
Bob Saves the Porcupines,,,Simon & Schuster Children's Publishing,2001,,1462,English,,,,,,Diane Redmond,,1462,,1,$3.50 ,,,,,,,,
Andrew's Loose Tooth,,,BOB Munsch Enterprises Ltd.,2002,,1463,English,,,,,,Robert Munsch,,1463,,1,$4.99 ,,,,,,,,
Magenta's Visit,,,Simon & Schuster Children's Publishing,1999,,1464,English,,,,,,Alice Wilder,,1464,,1,$3.50 ,,,,,,,,
I Like Pumpkins,,,Scholastic Printing New York,2003,,1465,English,,,,,,Jerry Smath,,1465,,1,$3.90 ,,,,,,,,
The Sand Castle Contest,,,Scholastic Printing New York,2005,,1466,English,,,,,,Robert Munsch,,1466,,1,$3.99 ,,,,,,,,
I can Draw People,,,Scholastic Printing New York,2003,,1467,English,,,,,,Ray Gibson,,1467,,1,$4.99 ,,,,,,,,
Mouse Trap!,,,Scholastic Printing New York,1995,,1468,English,,,,,,Joy Cowley,,1468,,1,$3.99 ,,,,,,,,
Three Cheers for Tacky,,,Scholastic Printing New York,1994,,1469,English,,,,,,Helen Lester,,1469,,1,$3.99 ,,,,,,,,
"Engine, Engine Number Nine",,,Scholastic Printing New York,1998,,1470,English,,,,,,Stephanie Calmenson ,,1470,,1,$3.99 ,,,,,,,,
In 1492,,,Scholastic Printing New York,1991,,1471,English,,,,,,Jean Marzollo,,1471,,1,$3.99 ,,,,,,,,
"One Little, Two Little Three Little Apples",,,Scholastic Printing New York,2005,,1472,English,,,,,,Matt Ringler,,1472,,1,$3.99 ,,,,,,,,
Back George,,,Scholastic Printing New York,2000,,1473,English,,,,,,Jules Feiffer,,1473,,1,$3.99 ,,,,,,,,
Stand Tall Molly Lou Melon,,,Scholastic Printing New York,2002,,1474,English,,,,,,Patty Lovell,,1474,,1,$3.99 ,,,,,,,,
Dolphin Talk,,,Scholastic Printing New York,2004,,1475,English,,,,,,Wendy Pfeffer,,1475,,1,$3.99 ,,,,,,,,
How About a Hug?,,,Scholastic Printing New York,2001,,1476,English,,,,,,Nancy Carlson,,1476,,1,$2.50 ,,,,,,,,
Nobunny's Perfect,,,Scholastic Printing New York,2009,,1477,English,,,,,,Anna Dewdney,,1477,,1,$6.99 ,,,,,,,,
Mouse's First Spring,,,Scholastic Printing New York,2006,,1478,English,,,,,,Lauren Thompson,,1478,,1,$5.99 ,,,,,,,,
How Do I Love You?,,,Troll Associates,1989,,1479,English,,,,,,P.K Hallinan,,1479,,1,$3.95 ,,,,,,,,
Five Little Penguins Slipping on the Ice,,,Scholastic Printing New York,2002,,1480,English,,,,,,Steve Metzger,,1480,,1,$3.95 ,,,,,,,,
Sophie Skates,,,Scholastic Printing New York,1999,,1481,English,,,,,,Rachel Isadora,,1481,,1,$3.95 ,,,,,,,,
Sleepytime Train,,,Samuel Lowe Company,,,1482,English,,,,,,Vie Havel,,1482,,1,$3.95 ,,,,,,,,
Hooray for Our  Heroes!,,,Dalmation Press ,2006,,1483,English,,,,,,Sarah Albee,,1483,,1,$3.95 ,,,,,,,,
Jack and the Beanstalk,,,Modern Publishing,1994,,1484,English,,,,,,Shogo Hirata,,1484,,1,$2.50 ,,,,,,,,
The Grumpy Bunny Goes West,,,Justine Korman,1997,,1485,English,,,,,,Justine Korman,,1485,,1,$3.50 ,,,,,,,,
The Wonderful Pigs of Jillian Jiggs,,,Scholastic Printing New York,1966,,1486,English,,,,,,Phoebe Gilman,,1486,,1,$6.59 ,,,,,,,,
Franklin's Blanket,,,Scholastic Printing New York,1995,,1487,English,,,,,,Brenda Clark,,1487,,1,$4.50 ,,,,,,,,
Your Brain and Your Senses,,,Modern Curriculum Press,1992,,1488,English,,,,,,Anne G.Jones,,1488,,1,$3.50 ,,,,,,,,
Rachel Fister's Blister,,,Houghton Mifflin Company,1990,,1489,English,,,,,,Amy Mac Donald,,1489,,1,$2.50 ,,,,,,,,
Imogene's Antlers ,,,Scholastic Printing New York,1985,,1490,English,,,,,,David Small,,1490,,1,$2.50 ,,,,,,,,
School Days Long Ago,,,McGraw Hill,2002,,1491,English,,,,,,Jean Phillips,,1491,,1,$2.50 ,,,,,,,,
Scott The Dot,,,Impect Publishers,2002,,1492,English,,,,,,Beverley Fleming,,1492,,1,$3.95 ,,,,,,,,
Louis Pasteur Young Scientist,,,Troll Associates,1983,,1493,English,,,,,,Francene Sabin,,1493,,1,$3.95 ,,,,,,,,
Robert and the Scariest Night,,,Scholastic Printing New York,2002,,1494,English,,,,,,Barbara Seuling,,1494,,1,$3.99 ,,,,,,,,
Molly's Pilgrim,,,Beech Tree Books,1998,,1495,English,,,,,,Barbara Cohen,,1495,,1,$3.95 ,,,,,,,,
Nate The Great and the Monster Mess,,,Random House,1999,,1496,English,,,,,,Marjorie Sharmat,,1496,,1,$4.50 ,,,,,,,,
Junie B. Jones and the Yucky Blucky Fruitcake,,,Random House,1995,,1497,English,,,,,,Barbara Park,,1497,,1,$3.99 ,,,,,,,,
Phonics Library,,,Houghton Mifflin Company,1995,,1498,English,,,,,,Honghton,,1498,,1,$3.99 ,,,,,,,,
Happy Easter Dear Dragon,,,Fallett Publishing Company,1981,,1499,English,,,,,,Margaret Hillert,,1499,,1,$3.99 ,,,,,,,,
Babar In the Snow,,,Little Mammoth,,,1500,English,,,,,,Laurent De Brunhoff,,1500,,1,$3.99 ,,,,,,,,
When I Lived with Bats,,,Scholastic Printing New York,1998,,1501,English,,,,,,Faith McNulty,,1501,,1,$3.99 ,,,,,,,,
Racing Stripes,,,Scholastic Printing New York,2004,,1502,English,,,,,,Tracey West,,1502,,1,$3.99 ,,,,,,,,
The Reasons for Seasons,,,Scholastic Printing New York,1995,,1503,English,,,,,,Gail Gibbons,,1503,,1,$3.99 ,,,,,,,,
Unlovable,,,Scholastic Printing New York,2001,,1504,English,,,,,,Dan Yaccarino,,1504,,1,$3.99 ,,,,,,,,
Will  There Be a Lap for Me?,,,Scholastic Printing New York,1992,,1505,English,,,,,,Dorothy Corey,,1505,,1,$5.95 ,,,,,,,,
Bad Bad Bunny Trouble ,,,Scholastic Printing New York,1994,,1506,English,,,,,,Hans Wilhelm,,1506,,1,$3.99 ,,,,,,,,
The Big Bed,,,Scholastic Printing New York,,,1507,English,,,,,,Dawn Bowker,,1507,,1,$3.99 ,,,,,,,,
Caps for Sale,,,Scholastic Printing New York,1999,,1508,English,,,,,,Esphyr Slobodkina,,1508,,1,$3.99 ,,,,,,,,
Hershel and the Hanukkah Goblins,,,Holiday House,1989,,1509,English,,,,,,Eric Kimmel,,1509,,1,$3.99 ,,,,,,,,
Sam and The Lucky  Money,,,Scholastic Printing New York,1995,,1510,English,,,,,,Karen Chinn,,1510,,1,$2.50 ,,,,,,,,
Babar and the Wully -Wully,,,Scholastic Printing New York,1975,,1511,English,,,,,,Laurent De Brunhoff,,1511,,1,$3.99 ,,,,,,,,
Discovering Electricity,,,Troll Associates,1982,,1512,English,,,,,,Rae Bains,,1512,,1,$2.50 ,,,,,,,,
Bad Influence,,,Harper Collins,,,1513,English,,,,,,Chick fill,,1513,,1,$3.50 ,,,,,,,,
A Children's  Book About Lying ,,,Grolier Enterprise,1988,,1514,English,,,,,,Joy Berry,,1514,,1,$3.50 ,,,,,,,,
Space Jam ,,,Scholastic Printing New York,1996,,1515,English,,,,,,James Preller,,1515,,1,$3.50 ,,,,,,,,
What is Easter?,,,Harper Festival,2000,,1516,English,,,,,,Lillie James,,1516,,1,$5.95 ,,,,,,,,
D.W. Thinks Big,,,Little Brown And Company,1993,,1517,English,,,,,,Marc Brown,,1517,,1,$5.95 ,,,,,,,,
Huggly's Christmas,,,Scholastic Printing New York,2001,,1518,English,,,,,,Tedd Arnold,,1518,,1,$3.25 ,,,,,,,,
Molly's  Monsters,,,Platt & Munk Publishers,2000,,1519,English,,,,,,Teddy Slater,,1519,,1,$2.25 ,,,,,,,,
Folktales from Around the World,,,Scholastic Printing New York,2017,,1520,English,,,,,,Hema Pande,,1520,,1,175,,,,,,,,
Tooth Gnasher Superflash,,,McMillan Publishing company,1981,,1521,English,,,,,,Daniel Pinkwater,,1521,,1,$3.95 ,,,,,,,,
The Life and Times of Pink Lady,,,The Community Foundation,2010,,1522,English,,,,,,Becky Bowen,,1522,,1,$3.99 ,,,,,,,,
The Little Engine that could,,,Scholastic Printing New York,1991,,1523,English,,,,,,Watty Piper,,1523,,1,,,,,,,,,
Hurry up Noah,,,The Standard Publishing ,1998,,1524,English,,,,,,Patricia Shely Mahany,,1524,,1,$1.99 ,,,,,,,,
The Puppy who went to School,,,Grosset & Dunlap New York,1992,,1525,English,,,,,,Gail Herman,,1525,,1,$1.99 ,,,,,,,,
Pee wee scouts that mushy stuff,,,Dell Publishing,1989,,1526,English,,,,,,Judy Delton,,1526,,1,$2.50 ,,,,,,,,
Why I Need My Sleep,,,Scholastic Printing New York,2007,,1527,English,,,,,,Diane H.Pappas,,1527,,1,$1.99 ,,,,,,,,
Alexander and the Terrible Horrible No Good Very Bad day,,,Scholastic Printing New York,1972,,1528,English,,,,,,Judith Viorst,,1528,,1,$2.99 ,,,,,,,,
Winter Winter Everywhere,,,The Economy Company,1977,,1529,English,,,,,,Joan Wade Cole,,1529,,1,$2.99 ,,,,,,,,
Volcanoes,,,Harper collins,1985,,1530,English,,,,,,Franklyn M.Branley,,1530,,1,$3.99 ,,,,,,,,
It's the Easter Beagle charlie Brown,,,Little Siman New York,2002,,1531,English,,,,,,Charles M. Schulz,,1531,,1,$5.99 ,,,,,,,,
The Shortcut,,,World Book ,2000,,1532,English,,,,,,World Book,,1532,,1,$2.99 ,,,,,,,,
Growing up in Ancient Egypt,,,Scholastic Printing New York,2005,,1533,English,,,,,,Rosalie David,,1533,,1,$3.99 ,,,,,,,,
I can Be Safe A first look at safety,,,Barron's Educational ,2003,,1534,English,,,,,,Pat Thomas,,1534,,1,$5.95 ,,,,,,,,
"Mmm, Cookies! ",,,Scholastic Printing New York,2000,,1535,English,,,,,,Robert Munsch,,1535,,1,$3.99 ,,,,,,,,
Sadie and the Snowman,,,Scholastic Printing New York,1987,,1536,English,,,,,,Allen Morgan,,1536,,1,$2.99 ,,,,,,,,
Jack and the Beanstalk,,,Scholastic Printing New York,2000,,1537,English,,,,,,Matt Faulkner,,1537,,1,$3.99 ,,,,,,,,
The Judge,,,Collins Publication,1988,,1538,English,,,,,,Margot Zemach,,1538,,1,$5.95 ,,,,,,,,
Little Red Riding Hood,,,School Specialty Publishing,2002,,1539,English,,,,,,Candice Ransom,,1539,,1,$3.99 ,,,,,,,,
I Tell The Truth!,,,Scholastic Printing New York,2004,,1540,English,,,,,,David Parker,,1540,,1,$2.99 ,,,,,,,,
Franklin is Lost,,,Scholastic Printing New York,1992,,1541,English,,,,,,Brenda Clark,,1541,,1,$3.99 ,,,,,,,,
The Wednesday Surprise,,,Houghton Mifflin Company,1992,,1542,English,,,,,,Eve Bunting,,1542,,1,$5.99 ,,,,,,,,
Listen While You Work,,,Hasbro Publication,2000,,1543,English,,,,,,Jeanne Romano,,1543,,1,$3.99 ,,,,,,,,
Pete's A Pizza,,,Scholastic Printing New York,2004,,1544,English,,,,,,Willam Steig,,1544,,1,$3.99 ,,,,,,,,
Frog Is Frightened,,,Newfield Publication,1994,,1545,English,,,,,,Max Velthuijs,,1545,,1,$3.99 ,,,,,,,,
Hanukkah The Festival of Lights,,,The Economy Company,1977,,1546,English,,,,,,Joan Wade Cole,,1546,,1,$3.99 ,,,,,,,,
The Three Little Pigs,,,Scholastic Printing New York,2000,,1547,English,,,,,,Maria Rius,,1547,,1,$3.50 ,,,,,,,,
No Fleas Please!,,,Troll Associates,1986,,1548,English,,,,,,Michael J Pellowski,,1548,,1,$3.99 ,,,,,,,,
Martha Plays Favorites,,,Chick Fil ,1998,,1549,English,,,,,,Raye Lakford,,1549,,1,$3.99 ,,,,,,,,
Rotten Ralph's Thanks giving wish,,,Harper Festival,1999,,1550,English,,,,,,Jack Gantos,,1550,,1,$3.99 ,,,,,,,,
Star Spangled Babies,,,Scholastic Printing New York,1999,,1551,English,,,,,,Kitty Ricahrds,,1551,,1,$3.99 ,,,,,,,,
Cam Jansen and the Ghostly Mystery,,,Scholastic Printing New York,1996,,1552,English,,,,,,David A Adler,,1552,,1,$3.99 ,,,,,,,,
Heidi ,,,Chick Fil ,2000,,1553,English,,,,,,Johanna Spyri,,1553,,1,$2.99 ,,,,,,,,
Poppleton and Friends,,,Scholastic Printing New York,1997,,1554,English,,,,,,Mark Teague,,1554,,1,$2.99 ,,,,,,,,
Goldilocks and the Three Bears,,,Reader's World,2005,,1555,English,,,,,,Rickie,,1555,,1,25,,,,,,,,
Star Wars The Clone wars,,,Grosset & Dunlap New York,2009,,1556,English,,,,,,Bombad Jedi,,1556,,1,$3.99 ,,,,,,,,
Bob's Freckles,,,Macmillan Publishing New York,1997,,1557,English,,,,,,Clairc Daniel,,1557,,1,$3.99 ,,,,,,,,
Goose on the Loose,,,Scholastic Printing New York,2006,,1558,English,,,,,,Jacqueline Rogers,,1558,,1,$3.99 ,,,,,,,,
Jack London A Life of Adventure,,,Troll Associates,1992,,1559,English,,,,,,Rae Bains,,1559,,1,$3.99 ,,,,,,,,
A Pet for Scat,,,Houghton Mifflin Company,1996,,1560,English,,,,,,Joe Spinone,,1560,,1,$2.50 ,,,,,,,,
A Horse Named Seabiscuit,,,Grosset & Dunlap New York,2003,,1561,English,,,,,,Cathy East Dubowski,,1561,,1,$3.99 ,,,,,,,,
Super Completely and totally the Messiest,,,Aladdin Paperbacks,2001,,1562,English,,,,,,Robin Preiss Glasser,,1562,,1,$3.99 ,,,,,,,,
No Boys Allowed ,,,Xerox Education Publications,1976,,1563,English,,,,,,Susan Terris,,1563,,1,$3.99 ,,,,,,,,
Elizabeth Who is not a Saint,,,Paulist Press,1997,,1564,English,,,,,,Kathleen C. Szaj,,1564,,1,$7.95 ,,,,,,,,
Martha Gives Advice,,,Chick fill Publication,2000,,1565,English,,,,,,Raye Lankford,,1565,,1,$2.99 ,,,,,,,,
Baby Grizzly ,,,Longmeadow Press,2001,,1566,English,,,,,,Beth Spanjian,,1566,,1,$2.50 ,,,,,,,,
Heckedy Peg,,,Voyager Books,1987,,1567,English,,,,,,Audrey Wood,,1567,,1,$7.00 ,,,,,,,,
Small Treasures,,,Scholastic Printing New York,1994,,1568,English,,,,,,Akimi Gibson,,1568,,1,$1.50 ,,,,,,,,
"Gregory, The Terrible Eater",,,Scholastic Printing New York,1995,,1569,English,,,,,,Mitchell Sharmat,,1569,,1,$1.50 ,,,,,,,,
"Say It, Sign It",,,Scholastic Printing New York,1994,,1570,English,,,,,,Elaine Epstein,,1570,,1,$2.99 ,,,,,,,,
The Tale of Peter Rabit,,,Scholastic Printing New York,1995,,1571,English,,,,,,Beatrix Potter,,1571,,1,$2.99 ,,,,,,,,
The Hare and the Tortoise,,,Priority Publication,2000,,1572,English,,,,,,Priority Pub,,1572,,1,$1.99 ,,,,,,,,
The Ugly Duckling,,,Ambassador Record Pub ,2001,,1573,English,,,,,,Peter Pan,,1573,,1,$2.50 ,,,,,,,,
Teletubbies,,,Scholastic Printing New York,2001,,1574,English,,,,,,Regdoll,,1574,,1,$3.15 ,,,,,,,,
Scoobey Doo  And the Cyber Chase,,,Scholastic Printing New York,2001,,1575,English,,,,,,Jesse Leon ,,1575,,1,$3.50 ,,,,,,,,
Teacher You're an A plus,,,Harvest House Publishers,2003,,1576,English,,,,,,Cheryl Kirking,,1576,,1,$3.50 ,,,,,,,,
Lemonade with a Twist,,,Scholastic Printing New York,2004,,1577,English,,,,,,Steven Banks,,1577,,1,$3.99 ,,,,,,,,
Elizabeth and Ed,,,Scholastic Printing New York,1992,,1578,English,,,,,,Marilyn Sadler,,1578,,1,$3.99 ,,,,,,,,
Our Class Our World,,,Scholastic Printing New York,2007,,1579,English,,,,,,David Parker,,1579,,1,$3.99 ,,,,,,,,
A Hippopotamus ate the Teacher,,,Avon Books pub.,1981,,1580,English,,,,,,Mike Thaler,,1580,,1,$2.75 ,,,,,,,,
The Teddy Bears Have A Dream,,,Tormont International Ltd.,1992,,1581,English,,,,,,Colour  book ,,1581,,1,$2.50 ,,,,,,,,
Town Mouse Country Mouse,,,Editorial Everest ,2001,,1582,English,,,,,,Miguel Angel Martin,,1582,,1,$2.50 ,,,,,,,,
Mc.Duff's New Friend,,,Scholastic Printing New York,1999,,1583,English,,,,,,Rosemary Wells,,1583,,1,$3.99 ,,,,,,,,
Flashy Fantastic Rain Forest Frogs,,,Scholastic Printing New York,1997,,1584,English,,,,,,Kendahl Jan Jubb,,1584,,1,$3.99 ,,,,,,,,
The Sly Fox and the Little Red Hen,,,Reader's World,2001,,1585,English,,,,,,Rickie,,1585,,1,25,,,,,,,,
A Day With My Family,,,Scholastic Printing New York,2007,,1586,English,,,,,,David Parker,,1586,,1,$3.99 ,,,,,,,,
Mouse's First Halloween,,,Scholastic Printing New York,2000,,1587,English,,,,,,Lauren Thomson,,1587,,1,$3.99 ,,,,,,,,
The Children of Fatima,,,Scholastic Printing New York,2000,,1588,English,,,,,,Frank Gaquere,,1588,,1,$1.50 ,,,,,,,,
Cassie's Cast,,,Macmillan Publishing New York,2001,,1589,English,,,,,,Katherine Lewis,,1589,,1,$1.50 ,,,,,,,,
Gus was A Friendly Ghost,,,William Morrow & Co.,1961,,1590,English,,,,,,Jane Thayer,,1590,,1,$3.99 ,,,,,,,,
Black Beauty Finds A Home,,,Troll Associates,1983,,1591,English,,,,,,I.M Richardson,,1591,,1,$3.75 ,,,,,,,,
Mama Rec & T The Prize,,,Orchard Book,2003,,1592,English,,,,,,Rachel Vail,,1592,,1,$3.99 ,,,,,,,,
A Bad Start For Santa Claus,,,Candlewick Press,1986,,1593,English,,,,,,Sarah Hayes,,1593,,1,$3.99 ,,,,,,,,
Water's Way ,,,Scholastic Printing New York,2001,,1594,English,,,,,,Lisa Westberg Peters,,1594,,1,$3.99 ,,,,,,,,
Franklin's Secret Club,,,Scholastic Printing New York,2001,,1595,English,,,,,,Brenda Clark,,1595,,1,$3.99 ,,,,,,,,
Catching The Wind,,,Mulberry Paperback Book,2001,,1596,English,,,,,,Joanne Ryder,,1596,,1,$4.95 ,,,,,,,,
Pinocchio,,,Scholastic Printing New York,1979,,1597,English,,,,,,Freya littledale,,1597,,1,$5.00 ,,,,,,,,
Turquoise Boy A Navajo Legend,,,Watermill press,1990,,1598,English,,,,,,Terri Cohlene,,1598,,1,$4.95 ,,,,,,,,
Many Moons,,,Scholastic Printing New York,1943,,1599,English,,,,,,James Thurber,,1599,,1,$4.95 ,,,,,,,,
The Three Little Pigs,,,Merrigold Press,1981,,1600,English,,,,,,Nina Barbaresi,,1600,,1,$2.95 ,,,,,,,,
The Littlest Angel,,,Scholastic Printing New York,2001,,1601,English,,,,,,Charles Tazewell,,1601,,1,$3.99 ,,,,,,,,
Purplicious,,,Scholastic Printing New York,2007,,1602,English,,,,,,Victoria Kann,,1602,,1,$3.99 ,,,,,,,,
Math Appeal,,,Scholastic Printing New York,2000,,1603,English,,,,,,Greg Tang,,1603,,1,$2.50 ,,,,,,,,
Lilly's Purple Plastic Purse,,,Scholastic Printing New York,2000,,1604,English,,,,,,Kevin Henkes,,1604,,1,$3.95 ,,,,,,,,
Cinderquacker,,,Scholastic Printing New York,2000,,1605,English,,,,,,Mike Thaler,,1605,,1,$3.99 ,,,,,,,,
Sylvester and the Magic Pebble,,,Trumpet Club Pub,1969,,1606,English,,,,,,Willam Steig,,1606,,1,$3.99 ,,,,,,,,
Stickeen,,,Scholastic Printing New York,1998,,1607,English,,,,,,John Muir,,1607,,1,$3.99 ,,,,,,,,
The Name Jar,,,Dell Dragonfly Books,2001,,1608,English,,,,,,Yangsook Choi,,1608,,1,$6.99 ,,,,,,,,
A Grand Old Tree,,,Scholastic Printing New York,2005,,1609,English,,,,,,Mary Newell,,1609,,1,$4.00 ,,,,,,,,
Learningland,,,Challenge Plus Workshop,1995,,1610,English,,,,,,Santoshi Shimomura,,1610,,1,$4.00 ,,,,,,,,
The Bus Ride,,,Foresman and Com.,1976,,1611,English,,,,,,Scott,,1611,,1,$3.99 ,,,,,,,,
When I was young in the Mountains,,,E.P Dutton,1982,,1612,English,,,,,,Cynthia Rylant,,1612,,1,$3.95 ,,,,,,,,
Geo Zone Taking care of the earth,,,Silver Burdett Ginn,1997,,1613,English,,,,,,Silver Burdertt,,1613,,1,$4.95 ,,,,,,,,
The Bugliest Bug,,,Scholastic Printing New York,2002,,1614,English,,,,,,Carol Diggory Shields,,1614,,1,$2.50 ,,,,,,,,
Young Cam Jansen and the Ice Skate Mystery,,,Scholastic Printing New York,2001,,1615,English,,,,,,David A Adler,,1615,,1,$2.50 ,,,,,,,,
The Nutcracker,,,Parragon Publishing,2007,,1616,English,,,,,,Gady Goldsack,,1616,,1,$3.95 ,,,,,,,,
A Friend for Sam,,,Scholastic Printing New York,2003,,1617,English,,,,,,Mary Labatt,,1617,,1,$3.95 ,,,,,,,,
"Pirate School Ahoy, Ghost ship Ahead!",,,Grosset & Dunlap New York,2007,,1618,English,,,,,,Brian James,,1618,,1,$3.95 ,,,,,,,,
Thumbelina ,,,Priority Publication,2005,,1619,English,,,,,,Priority Pub,,1619,,1,$1.99 ,,,,,,,,
The Berenstain Bears Come Clean For the School,,,Harper Festival,2011,,1620,English,,,,,,Mike Berenstain,,1620,,1,$2.99 ,,,,,,,,
Ocean Playground Something Fishy,,,Creative Edge,2011,,1621,English,,,,,,Creative Pub,,1621,,1,$3.95 ,,,,,,,,
"Mother, Mother I want another",,,Scholastic Printing New York,1978,,1622,English,,,,,,Maria Polushkin,,1622,,1,$3.99 ,,,,,,,,
Tecumseh Shawnee War Chief,,,Troll Associates,1979,,1623,English,,,,,,Jane Fleischer,,1623,,1,$3.99 ,,,,,,,,
Tikki Tikki Tembo,,,Scholastic Printing New York,1968,,1624,English,,,,,,Arlene Mosel,,1624,,1,$3.99 ,,,,,,,,
Autumn Days,,,Penguin Group New York,1991,,1625,English,,,,,,Ann Schweninger,,1625,,1,$3.99 ,,,,,,,,
Lazy Ozzie,,,Scholastic Printing New York,1994,,1626,English,,,,,,Micheal Coleman,,1626,,1,$3.99 ,,,,,,,,
The Playground Problem,,,Simon & Schuster Children's Publishing,2004,,1627,English,,,,,,Margaret McNamara,,1627,,1,$3.99 ,,,,,,,,
A Parent Guide to Prayer,,,Loyala Press Ltd.,2005,,1628,English,,,,,, Loyala Press ,,1628,,1,$5.99 ,,,,,,,,
The Tusk Fairy,,,Troll Medallion,2005,,1629,English,,,,,,Nicola Smee,,1629,,1,$3.95 ,,,,,,,,
Mama Rec & T The Prize,,,Orchard Book,2003,,1630,English,,,,,,Rachel Vail,,1630,,1,$3.99 ,,,,,,,,
The Wild Christmas Reindeer,,,Scholastic Printing New York,2003,,1631,English,,,,,,Jan Brett,,1631,,1,$3.99 ,,,,,,,,
"Welcome, BabyAshley!",,,Reader's World,2001,,1632,English,,,,,,Lori Froeb,,1632,,1,$3.99 ,,,,,,,,
After the Flood,,,Macmillan Publishing New York,1997,,1633,English,,,,,,Joyce Durham,,1633,,1,$2.50 ,,,,,,,,
Business is Looking Up,,,Twenty-First Century Books,1988,,1634,English,,,,,,Barbara Aiello,,1634,,1,$3.99 ,,,,,,,,
Book About your Skeleton,,,Scholastic Printing New York,1994,,1635,English,,,,,,Ruth Below Gross,,1635,,1,$3.99 ,,,,,,,,
Froggy Learns to Swim,,,Puffins Books,1997,,1636,English,,,,,,Jonathan London ,,1636,,1,$5.99 ,,,,,,,,
Germs Make Me Sick!,,,The Trumpet Club New York,1985,,1637,English,,,,,,Melvin Berger,,1637,,1,$3.99 ,,,,,,,,
"Alexanderand the Terrible Horrible, No Good, Very Bad day",,,Scholastic Printing New York,1972,,1638,English,,,,,,Judith Viorst,,1638,,1,$3.99 ,,,,,,,,
All About Deer,,,Scholastic Printing New York,1996,,1639,English,,,,,,Jim Arnosky,,1639,,1,$5.99 ,,,,,,,,
Welcome to the Ice House,,,Scholastic Printing New York,1999,,1640,English,,,,,,Laura Regan,,1640,,1,$3.99 ,,,,,,,,
Pink Snow other Weird weather,,,Scholastic Printing New York,2000,,1641,English,,,,,,Jennifer Dussling,,1641,,1,$3.99 ,,,,,,,,
Real  Victory,,,Mahavideh Foundation,2008,,1642,English,,,,,,Dada Bhagvan,,1642,,1,$3.99 ,,,,,,,,
Birds in the Big woods,,,"Row, Peterson and company",2005,,1643,English,,,,,,Glenn O. Blough,,1643,,1,$3.99 ,,,,,,,,
Look Inside Cross-sections Planes,,,Dorling Kindersley Book,1994,,1644,English,,,,,,Hans Jenssen,,1644,,1,$5.95 ,,,,,,,,
James ,,,Egmont Imagination Ltd.,2000,,1645,English,,,,,,Robin Davies,,1645,,1,$2.50 ,,,,,,,,
The Little Red Hen,,,Meredith Books,2000,,1646,English,,,,,,Tomothy S. Donehoo,,1646,,1,$3.99 ,,,,,,,,
Toy story 3 Toy Trouble,,,Random House,2010,,1647,English,,,,,,Kiel Murray,,1647,,1,$3.99 ,,,,,,,,
Better Living,,,Jeevandeep Prakashan,2010,,1648,English,,,,,,Nicholas Soares,,1648,,1,$3.99 ,,,,,,,,
William Shakespeare & the Globe ,,,Scholastic Printing New York,2010,,1649,English,,,,,,Aliki,,1649,,1,$3.99 ,,,,,,,,
Suparhero ABC,,,Scholastic Printing New York,2006,,1650,English,,,,,,Bob Mcleod,,1650,,1,$3.99 ,,,,,,,,
What ?,,,Rand McNally & Company,2006,,1651,English,,,,,,Kathie Billingslea Smith,,1651,,1,$1.50 ,,,,,,,,
School is so Cool!,,,Euro Kids ,2000,,1652,English,,,,,,Euro book,,1652,,1,50,,,,,,,,
The Oakwood Monster,,,Creative Edge,2000,,1653,English,,,,,,Creative Pub,,1653,,1,$3.95 ,,,,,,,,
Scooby- Doo! The Haunted Road Trip,,,Scholastic Printing New York,2008,,1654,English,,,,,,Gail Herman,,1654,,1,$3.95 ,,,,,,,,
The Berenstain Bears Go To the Doctor,,,"Random House ,New York",2001,,1655,English,,,,,,Berenstain,,1655,,1,$.3.99,,,,,,,,
The Berenstain Bears Go To the Doctor,,,"Random House ,New York",2001,,1656,English,,,,,,Berenstain,,1656,,1,$.3.99,,,,,,,,
The Berenstain Bears And Real Easter Eggs,,,"Random House ,New York",2001,,1657,English,,,,,,Berenstain,,1657,,1,$.3.99,,,,,,,,
The Berenstain Bears And Real Easter Eggs,,,"Random House ,New York",2001,,1658,English,,,,,,Berenstain,,1658,,1,$.3.99,,,,,,,,
The Berenstain Bears Go To School,,,"Random House ,New York",2001,,1659,English,,,,,,Berenstain,,1659,,1,$.3.99,,,,,,,,
The Berenstain Bears Go To School,,,"Random House ,New York",2001,,1660,English,,,,,,Berenstain,,1660,,1,$.3.99,,,,,,,,
The Berenstain Bears Learn About Stangers,,,"Random House ,New York",2001,,1661,English,,,,,,Berenstain,,1661,,1,$.3.99,,,,,,,,
The Berenstain Bears  Learn About Stangers,,,"Random House ,New York",2001,,1662,English,,,,,,Berenstain,,1662,,1,$.3.99,,,,,,,,
The Berenstain Bears Learn About Stangers,,,"Random House ,New York",2001,,1663,English,,,,,,Berenstain,,1663,,1,$.3.99,,,,,,,,
The Berenstain Bears And too Much Pressure,,,"Random House ,New York",2001,,1664,English,,,,,,Berenstain,,1664,,1,$.3.99,,,,,,,,
The Berenstain Bears And too Much Pressure,,,"Random House ,New York",2001,,1665,English,,,,,,Berenstain,,1665,,1,$.3.99,,,,,,,,
The Berenstain Bears And the Bully ,,,"Random House ,New York",2001,,1666,English,,,,,,Berenstain,,1666,,1,$.3.99,,,,,,,,
The Berenstain Bears And the Bully ,,,"Random House ,New York",2001,,1667,English,,,,,,Berenstain,,1667,,1,$.3.99,,,,,,,,
The Berenstain Bears Trouble at School,,,"Random House ,New York",2001,,1668,English,,,,,,Berenstain,,1668,,1,$.3.99,,,,,,,,
The Berenstain Bears Trouble at School,,,"Random House ,New York",2001,,1669,English,,,,,,Berenstain,,1669,,1,$.3.99,,,,,,,,
The Berenstain Bears Trouble at School,,,"Random House ,New York",2001,,1670,English,,,,,,Berenstain,,1670,,1,$.3.99,,,,,,,,
The Berenstain Bears Forget their Manners,,,"Random House ,New York",2001,,1671,English,,,,,,Berenstain,,1671,,1,$.3.99,,,,,,,,
The Berenstain Bears Forget their Manners,,,"Random House ,New York",2001,,1672,English,,,,,,Berenstain,,1672,,1,$.3.99,,,,,,,,
The Berenstain Bears Too Much TV,,,"Random House ,New York",2001,,1673,English,,,,,,Berenstain,,1673,,1,$.3.99,,,,,,,,
The Berenstain Bears Too Much TV,,,"Random House ,New York",2001,,1674,English,,,,,,Berenstain,,1674,,1,$.3.99,,,,,,,,
The Berenstain Bears Don't Pollute,,,"Random House ,New York",2001,,1675,English,,,,,,Berenstain,,1675,,1,$.3.99,,,,,,,,
The Berenstain Bears Don't Pollute,,,"Random House ,New York",2001,,1676,English,,,,,,Berenstain,,1676,,1,$.3.99,,,,,,,,
The Berenstain Bears Bad Dream,,,"Random House ,New York",2001,,1677,English,,,,,,Berenstain,,1677,,1,$.3.99,,,,,,,,
The Berenstain Bears Bad Dream,,,"Random House ,New York",2001,,1678,English,,,,,,Berenstain,,1678,,1,$.3.99,,,,,,,,
The Berenstain Bears Bad Dream,,,"Random House ,New York",2001,,1679,English,,,,,,Berenstain,,1679,,1,$.3.99,,,,,,,,
The Berenstain Bears Meet Santa Bear,,,"Random House ,New York",2001,,1680,English,,,,,,Berenstain,,1680,,1,$.3.99,,,,,,,,
The Berenstain Bears Meet Santa Bear,,,"Random House ,New York",2001,,1681,English,,,,,,Berenstain,,1681,,1,$.3.99,,,,,,,,
The Berenstain Bears Meet Santa Bear,,,"Random House ,New York",2001,,1682,English,,,,,,Berenstain,,1682,,1,$.3.99,,,,,,,,
The Berenstain Bears And too Much Junk Food,,,"Random House ,New York",2001,,1683,English,,,,,,Berenstain,,1683,,1,$.3.99,,,,,,,,
The Berenstain Bears And too Much Junk Food,,,"Random House ,New York",2001,,1684,English,,,,,,Berenstain,,1684,,1,$.3.99,,,,,,,,
The Berenstain Bears And too Much Junk Food,,,"Random House ,New York",2001,,1685,English,,,,,,Berenstain,,1685,,1,$.3.99,,,,,,,,
The Berenstain Bears Visit the Dentist,,,"Random House ,New York",2001,,1686,English,,,,,,Berenstain,,1686,,1,$.3.99,,,,,,,,
The Berenstain Bears Visit the Dentist,,,"Random House ,New York",2001,,1687,English,,,,,,Berenstain,,1687,,1,$.3.99,,,,,,,,
The Berenstain Bears Visit the Dentist,,,"Random House ,New York",2001,,1688,English,,,,,,Berenstain,,1688,,1,$.3.99,,,,,,,,
The Berenstain Bears Trouble with Friends,,,"Random House ,New York",2001,,1689,English,,,,,,Berenstain,,1689,,1,$.3.99,,,,,,,,
The Berenstain Bears Trouble with Friends,,,"Random House ,New York",2001,,1690,English,,,,,,Berenstain,,1690,,1,$.3.99,,,,,,,,
The Berenstain Bears Trouble with Friends,,,"Random House ,New York",2001,,1691,English,,,,,,Berenstain,,1691,,1,$.3.99,,,,,,,,
The Berenstain Bears Trouble with Grownups,,,"Random House ,New York",2001,,1692,English,,,,,,Berenstain,,1692,,1,$.3.99,,,,,,,,
The Berenstain Bears Trouble with Grownups,,,"Random House ,New York",2001,,1693,English,,,,,,Berenstain,,1693,,1,$.3.99,,,,,,,,
The Berenstain Bears Trick or Treat,,,"Random House ,New York",2001,,1694,English,,,,,,Berenstain,,1694,,1,$.3.99,,,,,,,,
The Berenstain Bears Trick or Treat,,,"Random House ,New York",2001,,1695,English,,,,,,Berenstain,,1695,,1,$.3.99,,,,,,,,
The Berenstain Bears Trick or Treat,,,"Random House ,New York",2001,,1696,English,,,,,,Berenstain,,1696,,1,$.3.99,,,,,,,,
The Berenstain Bears Trick or Treat,,,"Random House ,New York",2001,,1697,English,,,,,,Berenstain,,1697,,1,$.3.99,,,,,,,,
The Berenstain Bears And the Messy Room,,,"Random House ,New York",2001,,1698,English,,,,,,Berenstain,,1698,,1,$.3.99,,,,,,,,
The Berenstain Bears And the Messy Room,,,"Random House ,New York",2001,,1699,English,,,,,,Berenstain,,1699,,1,$.3.99,,,,,,,,
The Berenstain Bears And the Messy Room,,,"Random House ,New York",2001,,1700,English,,,,,,Berenstain,,1700,,1,$.3.99,,,,,,,,
The Berenstain Bears Moving day,,,"Random House ,New York",2001,,1701,English,,,,,,Berenstain,,1701,,1,$.3.99,,,,,,,,
The Berenstain Bears Count their Blessings,,,"Random House ,New York",2001,,1702,English,,,,,,Berenstain,,1702,,1,$.3.99,,,,,,,,
The Berenstain Bears Get in a Fight,,,"Random House ,New York",2001,,1703,English,,,,,,Berenstain,,1703,,1,$.3.99,,,,,,,,
The Berenstain Bears And the Truth,,,"Random House ,New York",2001,,1704,English,,,,,,Berenstain,,1704,,1,$.3.99,,,,,,,,
The Berenstain Bears Double Dare,,,"Random House ,New York",2001,,1705,English,,,,,,Berenstain,,1705,,1,$.3.99,,,,,,,,
The Berenstain Bears And the Bad Habit,,,"Random House ,New York",2001,,1706,English,,,,,,Berenstain,,1706,,1,$.3.99,,,,,,,,
The Berenstain Bears Get in a Fight,,,"Random House ,New York",2001,,1707,English,,,,,,Berenstain,,1707,,1,$.3.99,,,,,,,,
The Berenstain Bears No Girls Allowed,,,"Random House ,New York",2001,,1708,English,,,,,,Berenstain,,1708,,1,$.3.99,,,,,,,,
The Berenstain Bears Get the Gimmies,,,"Random House ,New York",2001,,1709,English,,,,,,Berenstain,,1709,,1,$.3.99,,,,,,,,
The Berenstain Bears New Baby,,,"Random House ,New York",2001,,1710,English,,,,,,Berenstain,,1710,,1,$.3.99,,,,,,,,
The Berenstain Bears Go to Dinosaur,,,"Random House ,New York",2001,,1711,English,,,,,,Berenstain,,1711,,1,$.3.99,,,,,,,,
The Berenstain Bears In the Dark,,,"Random House ,New York",2001,,1712,English,,,,,,Berenstain,,1712,,1,$.3.99,,,,,,,,
The Berenstain Bears and the Green-Eyed Monster,,,"Random House ,New York",2001,,1713,English,,,,,,Berenstain,,1713,,1,$.3.99,,,,,,,,
The Berenstain Bears and the Blame Game,,,"Random House ,New York",2001,,1714,English,,,,,,Berenstain,,1714,,1,$.3.99,,,,,,,,
The Berenstain Bears and Too Much Vacation,,,"Random House ,New York",2001,,1715,English,,,,,,Berenstain,,1715,,1,$.3.99,,,,,,,,
Can it Rain Cats and Dogs?,,,Scholastic Printing New York,2001,,1716,English,,,,,,Gilda Berger,,1716,,1,$3.95 ,,,,,,,,
Going wind Exploring the Marin Headlands,,,Golden Gate National Parks Acc.,2001,,1717,English,,,,,,Bony Hinners,,1717,,1,$5.99 ,,,,,,,,
WarCraft II Tides of Darkness,,,Blizzard Entertainment,1995,,1718,English,,,,,,Blizzard,,1718,,1,$5.99 ,,,,,,,,
What is Round? ,,,Scholastic Printing New York,2000,,1719,English,,,,,,Rebecca ,,1719,,1,$2.50 ,,,,,,,,
Hip Cat,,,Scholastic Printing New York,1997,,1720,English,,,,,,Jonathan London ,,1720,,1,$3.99 ,,,,,,,,
What Mary Jo Shared,,,Scholastic Printing New York,1966,,1721,English,,,,,,Janice May Uday,,1721,,1,$3.99 ,,,,,,,,
Fox Makes Friends,,,Scholastic Printing New York,2005,,1722,English,,,,,,Adam Relf,,1722,,1,$3.99 ,,,,,,,,
Swim with Dolphins,,,Scholastic Printing New York,2005,,1723,English,,,,,,Chris Sawyer,,1723,,1,$3.99 ,,,,,,,,
Cassie's Cast,,,Mc Graw Hill Pub.,2005,,1724,English,,,,,,Katherine Lewis,,1724,,1,$3.99 ,,,,,,,,
Miss Damson's Car,,,Mc Graw Hill Pub.,2005,,1725,English,,,,,,Carly Easton,,1725,,1,$3.99 ,,,,,,,,
Three Cheers for Tacky,,,Scholastic Printing New York,2006,,1726,English,,,,,,Helen Lester,,1726,,1,$3.99 ,,,,,,,,
Amazing Mazes 3,,,Troll Associates,2001,,1727,English,,,,,,Ralf Heimann,,1727,,1,$3.95 ,,,,,,,,
Latters and Sounds,,,Scholastic Printing New York,2001,,1728,English,,,,,,Rosemary Wells,,1728,,1,$3.99 ,,,,,,,,
Stargazers ,,,Scholastic Printing New York,1994,,1729,English,,,,,,Gail Gibbons,,1729,,1,$3.99 ,,,,,,,,
Colonial Life,,,Crabtree Publishing House,1947,,1730,English,,,,,,Bobbie Kalman,,1730,,1,$7.95 ,,,,,,,,
Apt.3,,,Alladin Book,1986,,1731,English,,,,,,Ezra jack Keats,,1731,,1,$3.95 ,,,,,,,,
The Wild wood,,,Candlewick Press,1993,,1732,English,,,,,,Simon James,,1732,,1,$5.99 ,,,,,,,,
Box Turtle At Long Pond,,,A Trumpet Club,1989,,1733,English,,,,,,Willam T. George,,1733,,1,$3.99 ,,,,,,,,
Serious Farm,,,Houghton Mifflin Company,2003,,1734,English,,,,,,Tim Egan,,1734,,1,$5.95 ,,,,,,,,
On the Farm ,,,Houghton Mifflin Company,2003,,1735,English,,,,,,Luisa Laino,,1735,,1,$2.50 ,,,,,,,,
What Did Kim Catch?,,,GINN Publishing Inc.,1988,,1736,English,,,,,,Jill Eggleton,,1736,,1,$2.50 ,,,,,,,,
The Grumpy Goat,,,TED Smart,2000,,1737,English,,,,,,Heather Amery,,1737,,1,$2.50 ,,,,,,,,
Jonah & The Whale,,,Leap Frog publication,2001,,1738,English,,,,,,Leap Frog,,1738,,1,$1.50 ,,,,,,,,
"Does a Kangaroo Have a Mother, too?",,,Scholastic Printing New York,2000,,1739,English,,,,,,Eric Carle,,1739,,1,$3.99 ,,,,,,,,
Everett Anderson's ,,,Henry Holt and Company,1992,,1740,English,,,,,,Lucille Clifton,,1740,,1,$6.95 ,,,,,,,,
Bat's Big Game,,,Scholastic Printing New York,2009,,1741,English,,,,,,Margaret Read,,1741,,1,$3.99 ,,,,,,,,
The Hat,,,Scholastic Printing New York,1998,,1742,English,,,,,,Jan Brett,,1742,,1,$3.99 ,,,,,,,,
Five Little Monkeys Jumping on the Bed,,,Scholastic Printing New York,1989,,1743,English,,,,,,Eileen Christelow,,1743,,1,$4.50 ,,,,,,,,
Froggy's Halloween,,,Scholastic Printing New York,2000,,1744,English,,,,,,Jonathan London ,,1744,,1,$3.99 ,,,,,,,,
"Oh, What a Thanksgiving!",,,Scholastic Printing New York,1988,,1745,English,,,,,,Steven Kroll,,1745,,1,$3.99 ,,,,,,,,
Each Peach Pear Plum,,,Scholastic Printing New York,1988,,1746,English,,,,,,Allan Ahlberg,,1746,,1,$3.99 ,,,,,,,,
The World Turns Round and Round,,,Scholastic Printing New York,2000,,1747,English,,,,,,Nicki Weiss,,1747,,1,$5.50 ,,,,,,,,
If you Give a  Pig a Party,,,Harper Festival,2000,,1748,English,,,,,,Laura Numeroff,,1748,,1,$2.50 ,,,,,,,,
The Virtue of Patience,,,Leap Frog publication,2002,,1749,English,,,,,,Sarah Toast,,1749,,1,$2.50 ,,,,,,,,
Wombat Stew,,,Scholastic Printing New York,1999,,1750,English,,,,,,Marcia K Vaughan,,1750,,1,$2.50 ,,,,,,,,
The Spider Club,,,Open Court Publishing company,2000,,1751,English,,,,,,Alice Cary,,1751,,1,$2.50 ,,,,,,,,
Arthur's First Kiss,,,Random House,2001,,1752,English,,,,,,Marc Brown,,1752,,1,$3.99 ,,,,,,,,
Arthur's Goes to Camp,,,Random House,2001,,1753,English,,,,,,Marc Brown,,1753,,1,$3.99 ,,,,,,,,
When Sophie Gets Angry Really Really Angry,,,Scholastic Printing New York,2001,,1754,English,,,,,,Molly Bang,,1754,,1,$4.99 ,,,,,,,,
Wheels on the Bus,,,Crown Publishers Inc.,1990,,1755,English,,,,,,Sylvie Kantorovitz,,1755,,1,$3.99 ,,,,,,,,
The Juggler,,,Sunshine Books,2000,,1756,English,,,,,,Jillian Cutting,,1756,,1,$2.50 ,,,,,,,,
What will I do I can't Tie My Shoe?,,,Cartwheel Books,1997,,1757,English,,,,,,Heidi Kilgras,,1757,,1,$3.50 ,,,,,,,,
Ifyou give a pig a Pancake,,,Scholastic Printing New York,1998,,1758,English,,,,,,Laura Numeroff,,1758,,1,$3.50 ,,,,,,,,
Miss Moo Goes to the Zoo,,,Scholastic Printing New York,1998,,1759,English,,,,,,Kelly Graves,,1759,,1,$3.50 ,,,,,,,,
"Happy Easter, Little Critter",,,A Golden Books Publication,1988,,1760,English,,,,,,Mercer Mayer,,1760,,1,$3.50 ,,,,,,,,
What to Expect at Preschool,,,Harper Festival,2001,,1761,English,,,,,,Heidi Murkoff,,1761,,1,$3.99 ,,,,,,,,
Digimon Digital Monster Madness,,,Mordern Pub,2000,,1762,English,,,,,,Digimon,,1762,,1,$1.49 ,,,,,,,,
Frosty the Snowman,,,Landall Pub,1994,,1763,English,,,,,,Landall,,1763,,1,$2.50 ,,,,,,,,
Ten Black Dots,,,Scholastic Printing New York,1968,,1764,English,,,,,,Donald Crews,,1764,,1,$3.99 ,,,,,,,,
Fried Feathers for Thanksgiving,,,Scholastic Printing New York,1986,,1765,English,,,,,,James Stevenson,,1765,,1,$3.99 ,,,,,,,,
The Biggest easter Basket ever,,,Scholastic Printing New York,2008,,1766,English,,,,,,Steven Kroll,,1766,,1,$3.99 ,,,,,,,,
Trains,,,Scholastic Printing New York,1988,,1767,English,,,,,,Gail Gibbons,,1767,,1,$3.99 ,,,,,,,,
The Beast who Couldn't say Boo,,,Mordern Pub,1996,,1768,English,,,,,,Amanda Agee,,1768,,1,$3.99 ,,,,,,,,
Peacock and the Hunter,,,Frank Educational Aids Pvt. Ltd.,2000,,1769,English,,,,,,Sandya Pandey,,1769,,1,$2.50 ,,,,,,,,
Kaju and the Shoe,,,Frank Educational Aids Pvt. Ltd.,2000,,1770,English,,,,,,Pratibha Nath,,1770,,1,$2.50 ,,,,,,,,
Warm Clothes,,,Pebble Books Pub,1998,,1771,English,,,,,,Gail Saunders,,1771,,1,$3.99 ,,,,,,,,
Here Comes Trouble,,,Scholastic Printing New York,2001,,1772,English,,,,,,Larry Dane Brimner,,1772,,1,$3.99 ,,,,,,,,
Just A Day at The Pond,,,Harper Festival,2012,,1773,English,,,,,,Mercer Mayer,,1773,,1,$3.99 ,,,,,,,,
This is the way I go,,,Longman Group Ltd,1965,,1774,English,,,,,,Jenny Taylor,,1774,,1,$2.99 ,,,,,,,,
Weird the Annoying and the Gross!,,,A Golden Book,1997,,1775,English,,,,,,Kate  Holly,,1775,,1,$2.99 ,,,,,,,,
Snow Bear,,,Scholastic Printing New York,2000,,1776,English,,,,,,Wendell Minor,,1776,,1,$3.99 ,,,,,,,,
There was an Old Lady whoo Swallowed a Bat,,,Scholastic Printing New York,2002,,1777,English,,,,,,Lucille Colandro,,1777,,1,$3.99 ,,,,,,,,
Where's Caruso ?,,,Macmillan Publishing New York,2000,,1778,English,,,,,,Virginia Gross,,1778,,1,$3.99 ,,,,,,,,
Dare to Have Courage,,,Creative Teaching Press,2002,,1779,English,,,,,,Regina G Burch,,1779,,1,$3.99 ,,,,,,,,
Orca Song,,,Sound Prints ,1994,,1780,English,,,,,,Michael C. Armour,,1780,,1,$3.99 ,,,,,,,,
Baby Bear Isn't Hungry,Second,,Yosemite Association,2006,,1781,English,Landon,,,,,Micheal Elsohn,,1781,,1,$9.95 ,,Yosemite ,,,,,,
Willington's Chocolatey Day,Second,,Troll Association,2005,,1782,English,New York,,,,,Mick Inkpen,,1782,,1,$3.99 ,,Troll Pub,,,,,,
The Day Nobody Shared,Second,,Scholastic Inc Pub.,2003,,1783,English,New York,,,,,Nancy Parent,,1783,,1,$3.99 ,,Scholastic,,,,,,
Rapunzel,First,,Scholastic Inc Pub.,1982,,1784,English,Landon,,,,,Bernice Chardiet,,1784,,1,$2.99 ,,Scholastic,,,,,,
Pinkie Pie's Spooky Dream,First,,Harper Festival Pub,1995,,1785,English,Landon,,,,,Jodi Huelin,,1785,,1,$3.50 ,,Harper Festival,,,,,,
Santa Visits the Big Blue House,Second,,Simon Spotlight,2005,,1786,English,New York,,,,,Kylie Foxx,,1786,,1,$3.99 ,,Simon Spotlight,,,,,,
If I Could Drive a Dump Truck!,Second,,Scholastic Inc Pub.,2001,,1787,English,London,,,,,Michael Teitelbaum,,1787,,1,$3.50 ,,Scholastic,,,,,,
Batman save the Day,First,,Harper Entertainment,2008,,1788,English,London,,,,,Jennifer Frantz,,1788,,1,$3.99 ,,Scholastic,,,,,,
The Biggest Pumpkin Ever,Second,,Scholastic Inc Pub.,1984,,1789,English,London,,,,,Steven Kroll,,1789,,1,$3.99 ,,Scholastic,,,,,,
Sadie and the Snowman,First,,Scholastic Inc Pub.,1985,,1790,English,New York,,,,,Allen Morgan,,1790,,1,$5.25 ,,Scholastic,,,,,,
Little Snowflake's Big adventure,Second,,Scholastic Inc Pub.,2005,,1791,English,New York,,,,,Steve Metxger,,1791,,1,$3.99 ,,Scholastic,,,,,,
Georgie and the Noisy Ghost,First,,Scholastic Inc Pub.,1971,,1792,English,New York,,,,,Robert Bright,,1792,,1,$3.99 ,,Scholastic,,,,,,
The Night Before Valentine's Day,First,,Scholastic Inc Pub.,2000,,1793,English,New York,,,,,Natasha Wing,,1793,,1,$3.99 ,,Scholastic,,,,,,
The Beast who couldn't say Boo,First,,Modern Publishing,2000,,1794,English,New York,,,,,Amanda Agee,,1794,,1,$3.99 ,,Morden Publication,,,,,,
Barney Says 'Please and Thank You,Second,,Lyrick Publishing,1994,,1795,English,New York,,,,,Stephan White,,1795,,1,$3.99 ,,Lyrick Publishing,,,,,,
The Night Before First Grade,First,,Grosset & Dunlap ,2005,,1796,English,New York,,,,,Natasha Wing,,1796,,1,$3.99 ,,Grosset & Dunlap,,,,,,
Freddi Fish The Big Froople Match,Second,,Lyrick Publishing,2000,,1797,English,New York,,,,,Gayle Amaral,Comic,1797,,1,$3.99 ,,Lyrick Publishing,,,,,,
Sharek 2 Cat Attack!,First,,Scholastic Inc Pub.,2004,,1798,English,London,,,,,Carisa Swenson,Comic,1798,,1,$3.99 ,,Scholastic,,,,,,
Power Rangers Jungle Fury,First,,Dalmatian Press,2011,,1799,English,London,,,,,Slade Stone,Comic,1799,,1,$3.99 ,,Scholastic,,,,,,
Trans formers Animaed,First,,HarperEntertainment,2008,,1800,English,London,,,,,Aaron Rosenberg,Comic,1800,,1,$3.99 ,,Harper Festival,,,,,,
The Little Penguin,First,,Scholastic Inc Pub.,2008,,1801,English,London,,,,,A.J  Wood,,1801,,1,$3.99 ,,Scholastic,,,,,,
The Little Penguin,First,,Scholastic Inc Pub.,2008,,1802,English,London,,,,,A J Wood,,1802,,1,$3.99 ,,,,,,,,
The Little Penguin,First,,Scholastic Inc Pub.,2008,,1803,English,London,,,,,A J Wood,,1803,,1,$3.99 ,,,,,,,,
"Hanukkah, Oh Hanukkah",Second,,Puffin Books,2008,,1804,English,London,,,,,Susan L. Roth,,1804,,1,$5.99 ,,Puffin Book,,,,,,
The Biggest Valentine Ever,First,,Scholastic Inc Pub.,2006,,1805,English,London,,,,,Steven Kroll,,1805,,1,$3.99 ,,Scholastic Pub,,,,,,
The Berenstain Bears Computer Trouble,First,,Harper Festival Pub,2010,,1806,English,London,,,,,Mike Berenstain,,1806,,1,$3.99 ,,Harper Festival,,,,,,
The Night Before Summer Vacation,First,,Scholastic Inc Pub.,2002,,1807,English,London,,,,,Natasha Wing,,1807,,1,$3.99 ,,Scholastic Pub,,,,,,
The Fishermen's Surprise,First,,Concordia Publishing House,1967,,1808,English,London,,,,,Alyce Bergey,,1808,,1,$3.99 ,,Arch Book,,,,,,
Curious George in the Snow,First,,Houghton Mufflin Company,1977,,1809,English,London,,,,,H.A. Rey,,1809,,1,$3.99 ,,Houghton Mifflin Company,,,,,,
Scary Oddparents A Fairly odd Halloween,Second,,Scholastic Inc Pub.,2004,,1810,English,London,,,,,Terry Collins,,1810,,1,$3.99 ,,Scholastic Pub,,,,,,
The Opossum's Table,First,,Ginn and Company,1973,,1811,English,London,,,,,Helen Hinckley,,1811,,1,$3.99 ,,Ginn and Company,,,,,,
I am Responsible!,Second,,Scholastic Inc Pub.,2004,,1812,English,London,,,,,David Parker,,1812,,1,$3.99 ,,Scholastic Pub,,,,,,
I am Generous!,Second,,Scholastic Inc Pub.,2004,,1813,English,London,,,,,David Parker,,1813,,1,$3.99 ,,Scholastic Pub,,,,,,
No T Rex in the Library,Second,,Scholastic Inc Pub.,2003,,1814,English,London,,,,,Toni Buzzeo,,1814,,1,$3.99 ,,Scholastic Pub,,,,,,
The Berenstain Bears and the Attic Treasure,First,,Mc Donald's,2002,,1815,English,London,,,,,Jan Berenstain,,1815,,1,$2.50 ,,Scholastic Pub,,,,,,
Dear Mrs Marsh,First,,Macmillan company,2000,,1816,English,London,,,,,Andrew Willett,,1816,,1,$3.99 ,,Macmillan Pub,,,,,,
Tools,Second,,Scholastic Inc Pub.,2001,,1817,English,London,,,,,Susan Canizares,,1817,,1,$3.99 ,,Scholastic Pub,,,,,,
"Oh, What a Daughter! ",First,,Mimosa Publications ,1992,,1818,English,Hong Kong,,,,,Judith womersley,,1818,,1,$3.99 ,,Mimosa Pub,,,,,,
Ant Cites,First,,Scholastic Inc Pub.,1989,,1819,English,Landon,,,,,Arthur Dorros,,1819,,1,$3.99 ,,Scholastic Pub,,,,,,
Ghosts of the White House,First,,Scholastic Inc Pub.,1999,,1820,English,London,,,,,Cheryl Harness,,1820,,1,$3.99 ,,Scholastic Pub,,,,,,
Pokemon Coal Badge Battle,First,,Scholastic Inc Pub.,2008,,1821,English,London,,,,,Tracey West,,1821,,1,$3.50 ,,Scholastic Pub,,,,,,
Bitty Fish,First,,The Kane Press,1997,,1822,English,New York,,,,,Sheryl Kagen,,1822,,1,$3.90 ,,Scholastic Pub,,,,,,
Down by the Station,First,,Scholastic Inc Pub.,2010,,1823,English,London,,,,,Jennifer Riggs Vetter,,1823,,1,$2.50 ,,Scholastic Pub,,,,,,
The Summer Clubhouse,First,,Macmillan company,1997,,1824,English,New York,,,,,Karen Edwards,,1824,,1,$3.99 ,,Macmillan Pub,,,,,,
Lewis Howard Latimer An Inventive Mind,First,,McGraw Hill Pub,2010,,1825,English,New York,,,,,Akimi Gibson,,1825,,1,$3.99 ,,McGraw Hill Pub,,,,,,
A Sweetheart for Valentine,First,,Xerox Education Pub,1979,,1826,English,New York,,,,,Lorna Balian,,1826,,1,$3.99 ,,Xerox Education Pub,,,,,,
Takes a Bath Puppy Mudge,First,,Scholastic Inc Pub.,2002,,1827,English,New York,,,,,Cynthia Rylant,,1827,,1,$3.99 ,,Scholastic Pub,,,,,,
The Gift A Tale of Generosity,First,,Scholastic Inc Pub.,2002,,1828,English,New York,,,,,Rusty Fletcher,,1828,,1,$2.50 ,,Pi Kids Publication,,,,,,
Junie B. Jones Loves Handsome Warren,First,,Scholastic Inc Pub.,1999,,1829,English,London,,,,,Barbara Park,,1829,,1,$3.99 ,,Scholastic Pub,,,,,,
Help! I am Bored!,First,,Scholastic Inc Pub.,2002,,1830,English,London,,,,,Nancy Mercado,,1830,,1,$3.99 ,,Scholastic Pub,,,,,,
Let's Go on a Museum Hunt,First,,Scholastic Inc Pub.,1998,,1831,English,London,,,,,Francie Alexander,,1831,,1,$3.99 ,,Scholastic Pub,,,,,,
What Makes things Move?,First,,Troll Association,1991,,1832,English,London,,,,,Althea,,1832,,1,$3.99 ,,Scholastic Pub,,,,,,
Meet the Robots,First,,Harper Kids  Entertainment,2005,,1833,English,London,,,,,Action Figueroa,,1833,,1,$3.99 ,,Harper Kids Entertainment,,,,,,
What will we do about Jack?,First,,Mc Graw Hill Pub,2002,,1834,English,London,,,,,Toby Gates,,1834,,1,$2.50 ,,McGraw Hill Pub,,,,,,
Magnets,First,,Troll Association,1985,,1835,English,London,,,,,Laurence Santrey,,1835,,1,$2.50 ,,Troll associates,,,,,,
The Leprechaun's Gold,First,,Scholastic Inc Pub.,2000,,1836,English,London,,,,,Pamela Ouncan,,1836,,1,$3.99 ,,Scholastic Pub,,,,,,
The Junckyard Wonders,First,,Scholastic Inc Pub.,2010,,1837,English,London,,,,,Patricia Lee Gauch,,1837,,1,$3.99 ,,Scholastic Pub,,,,,,
Struwwelpeter,First,,Dover Publication,1995,,1838,English,New York,,,,,Heinrich Hoffmann,,1838,,1,$3.99 ,,Dover Pub,,,,,,
Commotion in the Ocean,First,,Scholastic Inc Pub.,1999,,1839,English,London,,,,,Giles Andreae,,1839,,1,$3.99 ,,Scholastic Pub,,,,,,
Penguins to the Rescue!,First,,Scholastic Inc Pub.,2007,,1840,English,New York,,,,,Tony Mitton,,1840,,1,$3.99 ,,Scholastic Pub,,,,,,
Hello Kitty USA,First,,Scholastic Inc Pub.,2002,,1841,English,New York,,,,,Carra Gamberdella,,1841,,1,$3.99 ,,Scholastic Pub,,,,,,
Ira says Goodbye,First,,Scholastic Inc Pub.,1990,,1842,English,New York,,,,,Bernard Waber,,1842,,1,$3.99 ,,Scholastic Pub,,,,,,
Secret Languages,First,,Scholastic Inc Pub.,1959,,1843,English,New York,,,,,Louise Dickson,,1843,,1,$3.99 ,,Scholastic Pub,,,,,,
The Princess and the Potty,First,,Scholastic Inc Pub.,2005,,1844,English,New York,,,,,Wendy Cheyette Lewison,,1844,,1,$3.99 ,,Scholastic Pub,,,,,,
Seamore The very forgetful Porpose,First,,Scholastic Inc Pub.,2008,,1845,English,New York,,,,,Darcie Edgemon,,1845,,1,$3.99 ,,Scholastic Pub,,,,,,
Chester Raccoon and the Big Bad Bully,First,,Scholastic Inc Pub.,2009,,1846,English,New York,,,,,Audrey Penn,,1846,,1,$3.99 ,,Scholastic Pub,,,,,,
You are Special,First,,Scholastic Inc Pub.,1998,,1847,English,New York,,,,,Max Lucado,,1847,,1,$3.99 ,,Scholastic Pub,,,,,,
Tooth Trouble,First,,Scholastic Inc Pub.,2003,,1848,English,New York,,,,,Jane clarke,,1848,,1,$3.99 ,,Scholastic Pub,,,,,,
Goldilicious,First,,Scholastic Inc Pub.,2010,,1849,English,New York,,,,,Victoria Kann,,1849,,1,$3.99 ,,Scholastic Pub,,,,,,
Hurry Up Franklin,First,,Scholastic Inc Pub.,1989,,1850,English,New York,,,,,Paulette Bourgeois,,1850,,1,$3.99 ,,Scholastic Pub,,,,,,
The Missing Fruit,First,,Macmillan company,1997,,1851,English,New York,,,,,Gale Clifford,,1851,,1,$3.99 ,,Macmillan Pub,,,,,,
Froggy's Sleepover,First,,Scholastic Inc Pub.,2005,,1852,English,New York,,,,,Frank Remkiewicz,,1852,,1,$3.99 ,,Scholastic Pub,,,,,,
Elmo's Birthday,First,,Creative Edge ,2009,,1853,English,London,,,,,Susan Hood,,1853,,1,$3.99 ,,Creative  Edge,,,,,,
Digimon Next stop DigiWorld,First,,Modern Publishing,2000,,1854,English,New York,,,,,Honey Bear Book,,1854,,1,$1.50 ,,Honey Bear Books,,,,,,
The New Ranger,First,,Scholastic Inc Pub.,2012,,1855,English,New York,,,,,Marilyn Easton,,1855,,1,$2.50 ,,Scholastic Pub,,,,,,
Froggy's First kiss,First,,Puffin Books,1998,,1856,English,New York,,,,,Jonathan London,,1856,,1,$2.50 ,,Puffin Book,,,,,,
Pocahontas Princess of the River Tribes,First,,Scholastic Inc Pub.,1993,,1857,English,New York,,,,,Elaine Raphael,,1857,,1,$3.99 ,,Scholastic Pub,,,,,,
There's a Zoo in Room 22,First,,Scholastic Inc Pub.,2001,,1858,English,New York,,,,,Judy Sierra,,1858,,1,$3.99 ,,Scholastic Pub,,,,,,
Pirates Don't Change Diapers,First,,Scholastic Inc Pub.,2001,,1859,English,New York,,,,,Melinda Long,,1859,,1,$3.99 ,,Scholastic Pub,,,,,,
Those can Do Pigs,First,,Scholastic Inc Pub.,1998,,1860,English,New York,,,,,David McPhill,,1860,,1,$3.99 ,,Penguin Book,,,,,,
Lou Gehrig Pride of the Yankess,First,,Troll Association,1986,,1861,English,New York,,,,,Keith Brandt,,1861,,1,$3.99 ,,Troll associates,,,,,,
Dumpy and the Firefighters,First,,Harper Collins Publishers,2003,,1862,English,New York,,,,,Tony Walton,,1862,,1,$5.99 ,,Harper Collins Pub,,,,,,
Tell me Again about the night I was Born,First,,Jamie Lee Curtis,1998,,1863,English,New York,,,,,Jamie Lee Curtis,,1863,,1,$3.99 ,,Trumpet Club,,,,,,
In the Woods,First,,Scholastic Inc Pub.,1990,,1864,English,New York,,,,,Ermanno Cristini,,1864,,1,$3.99 ,,Scholastic Pub,,,,,,
Sadie and the Snowman,First,,Scholastic Inc Pub.,1987,,1865,English,New York,,,,,Allen Morgan,,1865,,1,$3.99 ,,Scholastic Pub,,,,,,
Muck's Sleepover,First,,Simon Spotlight,2002,,1866,English,New York,,,,,Kiki Thorpe,,1866,,1,$3.50 ,,Simon Spotlight,,,,,,
If you Give a Mouse a cookie,First,,Scholastic Inc Pub.,1985,,1867,English,New York,,,,,Laura joffie,,1867,,1,$2.50 ,,Scholastic Pub,,,,,,
Sally's Room,First,,Scholastic Inc Pub.,1992,,1868,English,New York,,,,,M.K Brown,,1868,,1,$2.50 ,,Scholastic Pub,,,,,,
Albert Goes to Town,First,,Scholastic Inc Pub.,1999,,1869,English,New York,,,,,Jennifer Jorden,,1869,,1,$3.99 ,,Scholastic Pub,,,,,,
That Nelson!,First,,American Press,1995,,1870,English,New York,,,,,Tom Sullivan,,1870,,1,$3.99 ,,American Press,,,,,,
It's Pumpkin Time!,First,,Scholastic Inc Pub.,1994,,1871,English,New York,,,,,Zoe Hall,,1871,,1,$2.50 ,,Scholastic Pub,,,,,,
Tummy Talks,First,,Special Pubb,1995,,1872,English,New York,,,,,Nadeleine sigman,,1872,,1,$2.50 ,,American Press,,,,,,
The Eensy weensy Spider,First,,Scholastic Inc Pub.,2001,,1873,English,New York,,,,,Mary Ann,,1873,,1,$3.99 ,,Scholastic Pub,,,,,,
Thanksgiving is Here!,First,,Scholastic Inc Pub.,2003,,1874,English,New York,,,,,Diane Goode,,1874,,1,$3.99 ,,Scholastic Pub,,,,,,
Town Mouse Country Mouse,First,,Scholastic Inc Pub.,1994,,1875,English,New York,,,,,Jan Brett,,1875,,1,$3.99 ,,Scholastic Pub,,,,,,
Going Batty!,First,,Scholastic Inc Pub.,2005,,1876,English,New York,,,,,Jack Oliver,Comic,1876,,1,$3.99 ,,Scholastic Pub,,,,,,
Sleeping Beauty,First,,Modern Publishing,1994,,1877,English,New York,,,,,Shogo Hirata,,1877,,1,$3.99 ,,Modern Publishing,,,,,,
Terrible Tyrannosaurs,First,,Scholastic Inc Pub.,2001,,1878,English,New York,,,,,Kathleen Weidner,,1878,,1,$3.99 ,,Scholastic Pub,,,,,,
Seaweed Soup,First,,Harper Collins Publishers,2001,,1879,English,New York,,,,,Stuart J. Murphy,,1879,,1,$3.99 ,,Harper Collins Pub,,,,,,
All Eyes,First,,The Economy Company,2001,,1880,English,New York,,,,,Jerry Holt,,1880,,1,$1.25 ,,The Economy Company,,,,,,
Columbus,First,,The Economy Company,2001,,1881,English,New York,,,,,Joan wade Cole,,1881,,1,$1.50 ,,The Economy Company,,,,,,
Zen Shorts,First,,Scholastic Inc Pub.,2005,,1882,English,New York,,,,,Jon J Muth,,1882,,1,$3.99 ,,Scholastic Pub,,,,,,
Dog Show Origami,First,,C B Publishing,2005,,1883,English,New York,,,,,Kris Hirshchman,Papar Art Origami,1883,,1,$2.50 ,,C.B Publishing,,,,,,
Someone's Having a Birthday,First,,The Economy Company,1999,,1884,English,New York,,,,,Dan Potter,,1884,,1,$2.50 ,,The Economy Company,,,,,,
One Vouage of Mae Jemison,First,,Scholastic Inc Pub.,2001,,1885,English,New York,,,,,Susan Canizares,,1885,,1,$2.50 ,,Scholastic Pub,,,,,,
Gordon Takes a Tumble,First,,Egmont Pub,2001,,1886,English,New York,,,,,Rev W Awdry,,1886,,1,$2.99 ,,Egmont Pub,,,,,,
Fire Fire,First,,Scholastic Inc Pub.,2001,,1887,English,New York,,,,,Gail Gibbons,,1887,,1,$2.50 ,,Scholastic Pub,,,,,,
Jingle Wiggle Prance ,First,,Scholastic Inc Pub.,2001,,1888,English,New York,,,,,Sally Noll,,1888,,1,$2.50 ,,Scholastic Pub,,,,,,
Air is all Around You,First,,Harper Collins Publishers,1962,,1889,English,New York,,,,,Franklyn M Branley,,1889,,1,$2.50 ,,Scholastic Pub,,,,,,
The World's Biggest Tea Party,First,,Harper Festival Pub,2006,,1890,English,New York,,,,,Jennifer Frantz,,1890,,1,$2.50 ,,Harper Festival,,,,,,
Snow Angels,First,,Grosset & Dunlap ,1998,,1891,English,Canada,,,,,Wendy Cheyette Lewison,,1891,,1,$3.99 ,,Grosset & Dunlap,,,,,,
Camille,First,,Grosset & Dunlap ,1998,,1892,English,Canada,,,,,Wendy Cheyette Lewison,,1892,,1,$3.99 ,,Grosset & Dunlap,,,,,,
Dog And Cat,First,,Scholastic Inc Pub.,2004,,1893,English,New York,,,,,Nancy Hall,,1893,,1,$3.99 ,,Scholastic Pub,,,,,,
Bathwater's Hot,First,,Walker Books,1985,,1894,English,New York,,,,,Shirley Hughes,,1894,,1,$3.99 ,,Walker Books,,,,,,
My Dad is Awesome,First,,Candlewick Press,1992,,1895,English,Hong Kong,,,,,Nick Butterworth,,1895,,1,$4.99 ,,Candlewick Press,,,,,,
Snowman ,First,,Pi kids Pub,2009,,1896,English,London,,,,,Jerry Tiritilli,,1896,,1,$3.99 ,,Pi Kids Publication,,,,,,
Least of all,First,,Aladdin Books,1993,,1897,English,London,,,,,Carol Purdy,,1897,,1,$3.95 ,,Aladdin Books,,,,,,
The Ugly Duckling,First,,Pi kids Pub,1993,,1898,English,London,,,,,Jane Jerrard,,1898,,1,$3.95 ,,Pi Kids Publication,,,,,,
Love you Forever,First,,A Firefly Book,1986,,1899,English,London,,,,,Robert Munsch,,1899,,1,$4.95 ,,A Firefly Book,,,,,,
Spring is here Grumpy Bunny!,First,,Scholastic Inc Pub.,2008,,1900,English,New York,,,,,Justine Korman,,1900,,1,$4.95 ,,Scholastic Pub,,,,,,
Bearly Bearable,First,,Scholastic Inc Pub.,1987,,1901,English,New York,,,,,Mort Gerberg,,1901,,1,$3.99 ,,Scholastic Pub,,,,,,
The Biggest Pumpkin Ever,First,,Scholastic Inc Pub.,1984,,1902,English,New York,,,,,Steven Kroll,,1902,,1,$3.99 ,,Scholastic Pub,,,,,,
Maybe a Bear Ate It!,First,,Orchard Books,2008,,1903,English,New York,,,,,Robie H Harris,,1903,,1,$3.99 ,,Orchard Books,,,,,,
Barney Says 'Please and Thank You,First,,Scholastic Inc Pub.,1994,,1904,English,New York,,,,,Stephen White,,1904,,1,$3.50 ,,Scholastic Pub,,,,,,
Big Fire Trucks,First,,Nutshell Book,1996,,1905,English,Canada,,,,,Joanne Barkan,,1905,,1,$2.95 ,,Scholastic Pub,,,,,,
Scooby Doo,First,,Scholastic Inc Pub.,2006,,1906,English,London,,,,,Jesse Leon Mccann,,1906,,1,$3.99 ,,Scholastic Pub,,,,,,
The Tale of Peter Rabbit,First,,Scholastic Inc Pub.,1986,,1907,English,London,,,,,David McPhill,,1907,,1,$3.99 ,,Scholastic Pub,,,,,,
Taz in A scary tale ,First,,Warner Bros.,2005,,1908,English,London,,,,,Warner Bros,,1908,,1,$3.99 ,,Warner Bros.,,,,,,
"Time for School, Nathan!",First,,Scholastic Inc Pub.,1989,,1909,English,New York,,,,,Lulu Delacre,,1909,,1,$3.99 ,,Scholastic Pub,,,,,,
How do I Love You?,First,,Idels children's Books,2003,,1910,English,Mexico,,,,,P.K. Hallinan,,1910,,1,$3.99 ,,Scholastic Pub,,,,,,
Listen to Your Fish,First,,Creative Edge ,2009,,1911,English,London,,,,,Sarah Albee,,1911,,1,$3.99 ,,Creative  Edge,,,,,,
Busy Bunnies,First,,Troll Association,1988,,1912,English,London,,,,,Stephen Caitlin,,1912,,1,$2.95 ,,Troll associates,,,,,,
Buzz Said the Bee,First,,Scholastic Inc Pub.,1992,,1913,English,London,,,,,Wendy Cheyette Lewison,,1913,,1,$3.99 ,,Scholastic Pub,,,,,,
Happy Face  ,First,,Scott Foresman and Company,1971,,1914,English,London,,,,,Alberta Orr,,1914,,1,$3.99 ,,Foresman and company,,,,,,
A book of Hugs,First,,Scholastic Inc Pub.,1999,,1915,English,New York,,,,,Dave Ross,,1915,,1,$3.99 ,,Scholastic Pub,,,,,,
Listen Buddy,First,,A Trumpet club ,1995,,1916,English,London,,,,,Helen Lester,,1916,,1,$3.99 ,,A Trumpet club,,,,,,
Beatrice Doesn't want to,First,,Scholastic Inc Pub.,1981,,1917,English,New York,,,,,Laura Numeroff,,1917,,1,$3.99 ,,Scholastic Pub,,,,,,
Daisy Comes Home,First,,Scholastic Inc Pub.,2003,,1918,English,New York,,,,,Jan Brett,,1918,,1,$3.99 ,,Scholastic Pub,,,,,,
Summertime in the Big Woods,First,,Harper Collins Publishers,1996,,1919,English,New York,,,,,Laura Ingalls Wilder,,1919,,1,$3.99 ,,Harpercollins Pub,,,,,,
Mrs. Piggle Wiggle's won't take a Bath Cure,First,,Scholastic Inc Pub.,1947,,1920,English,New York,,,,,Betty Mac Donald,,1920,,1,$3.99 ,,Scholastic Pub,,,,,,
The Lovable,First,,Scholastic Inc Pub.,1991,,1921,English,New York,,,,,Diane Loomans,,1921,,1,$3.99 ,,Scholastic Pub,,,,,,
Mama Rex and T,First,,Scholastic Inc Pub.,2001,,1922,English,New York,,,,,Rachel Vail,,1922,,1,$3.99 ,,Scholastic Pub,,,,,,
Have you seen Jellybean?,First,,Scholastic Inc Pub.,2007,,1923,English,New York,,,,,Maria Fleming,,1923,,1,$3.99 ,,Scholastic Pub,,,,,,
Swimmy ,First,,Scholastic Inc Pub.,1989,,1924,English,New York,,,,,Leo Lionni,,1924,,1,$2.95 ,,Scholastic Pub,,,,,,
Bradley and the Great Swamp Mystery,First,,Grolier Enterprises,1990,,1925,English,New York,,,,,Ruth Learner Perle,,1925,,1,$3.99 ,,Grolier Enterprises,,,,,,
Radical sports!,First,,Golden Book club,1990,,1926,English,London,,,,,Bill Hinds,,1926,,1,$2.50 ,,Golden Book Club,,,,,,
The Treasure ,First,,A Sunburst Book,1978,,1927,English,Canada,,,,,Uri Shulevitz,,1927,,1,$3.95 ,,A Sunburst Book,,,,,,
"Mmm, Cookies!",First,,Scholastic Inc Pub.,2000,,1928,English,New York,,,,,Robert Munsch,,1928,,1,$3.99 ,,Scholastic Pub,,,,,,
The Berenstain Bears Say Their Prayers,First,,Zonder Kidz,2000,,1929,English,New York,,,,,Jan Berenstain,,1929,,1,$3.99 ,,Living Light Books,,,,,,
All Aboard the Dinotrain,First,,Scholastic Inc Pub.,2008,,1930,English,New York,,,,,Deb Lund,,1930,,1,$3.99 ,,Scholastic Pub,,,,,,
All Aboard the Dinotrain,First,,Scholastic Inc Pub.,2008,,1931,English,New York,,,,,Deb Lund,,1931,,1,$3.99 ,,Scholastic Pub,,,,,,
George and Sylvia,First,,Little Tiger Press,2000,,1932,English,New York,,,,,Michael Coleman,,1932,,1,$3.99 ,,Little Tiger Press,,,,,,
Never Ride your Elephant to school,First,,Scholastic Inc Pub.,1996,,1933,English,New York,,,,,Doug Johnson,,1933,,1,$3.99 ,,Scholastic Pub,,,,,,
Officer Buckle and Gloria,First,,Scholastic Inc Pub.,1996,,1934,English,New York,,,,,Peggy Rathmann,,1934,,1,$3.99 ,,Scholastic Pub,,,,,,
Dinosaurs Love Underpants,First,,Scholastic Inc Pub.,2010,,1935,English,New York,,,,,Claire Freedman,,1935,,1,$3.99 ,,Scholastic Pub,,,,,,
Better Living,First,,Jeevandeep Pub,2010,,1936,English,Mumbai,,,,,Nicholas Soares,,1936,,1,42.00,,Jeevandeep Prakashan ,,,,,,
This is the way we go to school,First,,Scholastic Inc Pub.,1990,,1937,English,New York,,,,,Edith Baer,,1937,,1,$2.56 ,,Scholastic Pub,,,,,,
Otis,First,,Voyager Books,2000,,1938,English,London,,,,,Janie Bynum,,1938,,1,$3.99 ,,Voyager Books ,,,,,,
A Handy Dragon,First,,Shortland Publication,1988,,1939,English,London,,,,,Joy Cowley,,1939,,1,$3.99 ,,Shorthand Pub,,,,,,
A Bad Case of stripes,First,,The Blue Sky Press,1998,,1940,English,Singapore,,,,,David Shannon,,1940,,1,$16.95 ,,The Blue Sky press,,,,,,
Letters From Obedience school,First,,Scholastic Inc Pub.,2003,,1941,English,London,,,,,Mark Teague,,1941,,1,$4.99 ,,Scholastic Pub,,,,,,
Game Day,First,,Scholastic Inc Pub.,2005,,1942,English,New York,,,,,Tiki Barber,,1942,,1,$4.99 ,,Scholastic Pub,,,,,,
Something From Nothing,First,,Scholastic Inc Pub.,2008,,1943,English,New York,,,,,Phoebe Gilman,,1943,,1,$3.99 ,,Scholastic Pub,,,,,,
Do your Ears Hang Low?,First,,Scholastic Inc Pub.,2003,,1944,English,New York,,,,,Caroline Jayne ,,1944,,1,$2.95 ,,Scholastic Pub,,,,,,
Bats ,First,,Scholastic Inc Pub.,1999,,1945,English,New York,,,,,Gail Gibbons,,1945,,1,$2.95 ,,Scholastic Pub,,,,,,
All Aboard Trains,First,,Grosset & Dunlap ,2007,,1946,English,New York,,,,,Mary Harding,,1946,,1,$3.99 ,,Grosset & Dunlap,,,,,,
It's Mine,First,,Scholastic Inc Pub.,2005,,1947,English,New York,,,,,Isabel Munoz,,1947,,1,$3.99 ,,Scholastic Pub,,,,,,
The Night Before Summer Vacation,First,,Scholastic Inc Pub.,2003,,1948,English,New York,,,,,Natasha Wing,,1948,,1,$3.99 ,,Scholastic Pub,,,,,,
Feeling Afraid,First,,Scholastic Inc Pub.,1995,,1949,English,New York,,,,,Jay Barry,,1949,,1,$3.99 ,,Scholastic Pub,,,,,,
The Lost Kingdom,First,,Scholastic Inc Pub.,2005,,1950,English,New York,,,,,Daniel Lipkowitz,,1950,,1,$3.99 ,,Scholastic Pub,,,,,,
The Night before Thanksgiving,First,,Scholastic Inc Pub.,2002,,1951,English,New York,,,,,Natasha Wing,,1951,,1,$3.99 ,,Scholastic Pub,,,,,,
Moongame ,First,,Scholastic Inc Pub.,1984,,1952,English,New York,,,,,Frank Asch,,1952,,1,$3.99 ,,Scholastic Pub,,,,,,
Skippyjon Jones in the Dog House,First,,Scholastic Inc Pub.,2006,,1953,English,New York,,,,,Judy Schachner,,1953,,1,$3.99 ,,Scholastic Pub,,,,,,
Tracks,First,,Scholastic Inc Pub.,1996,,1954,English,New York,,,,,David Galef,,1954,,1,$3.99 ,,Scholastic Pub,,,,,,
Where Does the Brown Bear Go?,First,,Moughton Mifflin Company,1996,,1955,English,Boston,,,,,Nicki weiss,,1955,,1,$3.99 ,,Scholastic Pub,,,,,,
I knew you could!,First,,Scholastic Inc Pub.,2004,,1956,English,New York,,,,,Craig Dorfman,,1956,,1,$3.99 ,,Scholastic Pub,,,,,,
The Turnip,First,,Scholastic Inc Pub.,1990,,1957,English,New York,,,,,Pierr Morgan,,1957,,1,$3.99 ,,Scholastic Pub,,,,,,
George Washington,First,,Scholastic Inc Pub.,1982,,1958,English,New York,,,,,Ruth Belov Gross,,1958,,1,$3.99 ,,Scholastic Pub,,,,,,
The Perfect Nest,First,,Scholastic Inc Pub.,2007,,1959,English,New York,,,,,Catherine Friend,,1959,,1,$3.99 ,,Scholastic Pub,,,,,,
Moby Dick,First,,Troll Association,1988,,1960,English,New York,,,,,Herman Melville,,1960,,1,$3.99 ,,Troll associates,,,,,,
Buzz Bumble to the Rescue,First,,Scholastic Inc Pub.,2006,,1961,English,New York,,,,,Lynn E. Hazen,,1961,,1,$3.99 ,,Scholastic Pub,,,,,,
Ella Sarah Gets Dressed,First,,Scholastic Inc Pub.,2004,,1962,English,New York,,,,,Margaret Chodas,,1962,,1,$3.99 ,,Scholastic Pub,,,,,,
I know why I Brush my Teeth,First,,Scholastic Inc Pub.,2000,,1963,English,New York,,,,,Kate Rowan,,1963,,1,$3.99 ,,Scholastic Pub,,,,,,
Dem Bones,First,,Scholastic Inc Pub.,1997,,1964,English,New York,,,,,Bob Barner,,1964,,1,$3.99 ,,Scholastic Pub,,,,,,
Iiama llama mad at mama,First,,Scholastic Inc Pub.,2007,,1965,English,New York,,,,,Anna Dewdney,,1965,,1,$3.99 ,,Scholastic Pub,,,,,,
Pirate Pete's Talk Like A Pirate,First,,Scholastic Inc Pub.,2002,,1966,English,New York,,,,,Kim Kennedy,,1966,,1,$3.99 ,,Scholastic Pub,,,,,,
Can you Catch a Mermaid?,First,,Scholastic Inc Pub.,2003,,1967,English,New York,,,,,Jane Ray,,1967,,1,$3.99 ,,Scholastic Pub,,,,,,
A Packet Full of Kisses,First,,Scholastic Inc Pub.,2004,,1968,English,New York,,,,,Andrey Penn,,1968,,1,$3.99 ,,Scholastic Pub,,,,,,
Where's the Big bad Wolf ?,First,,Scholastic Inc Pub.,2004,,1969,English,New York,,,,,Eileen Christelow,,1969,,1,$3.99 ,,Scholastic Pub,,,,,,
Bats Night Fliers,First,,Scholastic Inc Pub.,2004,,1970,English,New York,,,,,Betsy Maestro,,1970,,1,$3.99 ,,Scholastic Pub,,,,,,
Chanticleer and the Fox,First,,Scholastic Inc Pub.,1989,,1971,English,New York,,,,,Thomas Y. Crowell,,1971,,1,$3.99 ,,Scholastic Pub,,,,,,
The Falling Leaves,First,,Scholastic Inc Pub.,2002,,1972,English,New York,,,,,Jill Dubin,,1972,,1,$3.99 ,,Scholastic Pub,,,,,,
Waking Beauty,First,,Scholastic Inc Pub.,2009,,1973,English,New York,,,,,Lydia Monks,,1973,,1,$3.99 ,,Scholastic Pub,,,,,,
Skippyjon Jones in the Big Bones,First,,Scholastic Inc Pub.,2007,,1974,English,New York,,,,,Judy Byron,,1974,,1,$3.99 ,,Scholastic Pub,,,,,,
Fun with Zip and Zap,First,,Scholastic Inc Pub.,1998,,1975,English,New York,,,,,John Shefelbine,,1975,,1,$3.99 ,,Scholastic Pub,,,,,,
If you Take A Mouse to the Movies,First,,Scholastic Inc Pub.,2000,,1976,English,New York,,,,,Felicia Bond,,1976,,1,$3.99 ,,Scholastic Pub,,,,,,
Chester way,First,,Scholastic Inc Pub.,1988,,1977,English,New York,,,,,Kevin Henkes,,1977,,1,$3.99 ,,Scholastic Pub,,,,,,
Franklin in the Dark,First,,Scholastic Inc Pub.,1986,,1978,English,New York,,,,,Brenda Clark,,1978,,1,$3.99 ,,Scholastic Pub,,,,,,
More Bunny Trouble,First,,Scholastic Inc Pub.,1989,,1979,English,New York,,,,,Hans Wilhelm,,1979,,1,$3.99 ,,Scholastic Pub,,,,,,
The Little Red Hen,First,,Child's Play Ltd,2005,,1980,English,Swindon,,,,,Jess Stockham,,1980,,1,$3.99 ,,Child's Play Ltd,,,,,,
The Little Mermaid,First,,Modern Publishing,1991,,1981,English,New York,,,,,Shogo Hirata,,1981,,1,$3.99 ,,Modern Publishing,,,,,,
The Beast who couldn't say Boo,First,,Modern Publishing,2003,,1982,English,New York,,,,,Amanda Agee,,1982,,1,$3.99 ,,Modern Publishing,,,,,,
Five Little Monkeys Sitting in a Tree,First,,Scholastic Inc Pub.,1991,,1983,English,New York,,,,,Eileen Christelow,,1983,,1,$3.99 ,,Scholastic Pub,,,,,,
Sun up Sun Down ,First,,Harcourt Brace & Company,1983,,1984,English,Hong Kong,,,,,Gail Gibbons,,1984,,1,$4.95 ,,A Voyager Book,,,,,,
The Popcorn Dragon,First,,Scholastic Inc Pub.,1990,,1985,English,New York,,,,,Jane Thayer,,1985,,1,$3.99 ,,Scholastic Pub,,,,,,
Lazy Jack,First,,Troll Association,1979,,1986,English,New York,,,,,Bert Dodson,,1986,,1,$3.99 ,,Troll associates,,,,,,
Franklin and the Tooth Fairy,First,,Scholastic Inc Pub.,1996,,1987,English,New York,,,,,Brenda Clark,,1987,,1,$3.99 ,,Scholastic Pub,,,,,,
Owl Moon,First,,Scholastic Inc Pub.,1988,,1988,English,New York,,,,,Jane Yolen,,1988,,1,$3.99 ,,Scholastic Pub,,,,,,
The Buck Store Here,First,,A Trumpet club ,1991,,1989,English,New York,,,,,Alice Provensen,,1989,,1,$3.99 ,,Scholastic Pub,,,,,,
Snow Bears,First,,Scholastic Inc Pub.,2004,,1990,English,New York,,,,,Martin Waddell,,1990,,1,$3.99 ,,Scholastic Pub,,,,,,
The 13 Nights of Halloween,First,,Scholastic Inc Pub.,1996,,1991,English,New York,,,,,Rebecca Dickinson,,1991,,1,$3.99 ,,Scholastic Pub,,,,,,
In the Dark,First,,Hooked on Phonics,1998,,1992,English,New York,,,,,Chris Sawyer,,1992,,1,$3.99 ,,Scholastic Pub,,,,,,
Yu Gi Oh Scrapbook,First,,Modern Publishing,2003,,1993,English,New York,,,,,Modren Pub,,1993,,1,$3.99 ,,Modern Publishing,,,,,,
Many Luscioous Lollipops,First,,Grosset & Dunlap ,1989,,1994,English,New York,,,,,Ruth Heller,,1994,,1,$3.99 ,,Grosset & Dunlap,,,,,,
Paul Revere's Ride ,First,,Dutton Children Books,2000,,1995,English,New York,,,,,Ted Rand,,1995,,1,$6.99 ,,Dutton children Books,,,,,,
Who's in Love with Arthur?,First,,Little Brown and Comp,1998,,1996,English,New York,,,,,Marc Brown,,1996,,1,$3.95 ,,Little Brown Comp,,,,,,
Arthur's Nose,First,,A Trumpet club ,1989,,1997,English,New York,,,,,Marc Brown,,1997,,1,$3.99 ,,A Trumpet club,,,,,,
Good Night Gorilla,First,,Scholastic Inc Pub.,1995,,1998,English,New York,,,,,Peggy Rathmann,,1998,,1,$3.99 ,,Scholastic Pub,,,,,,
The Copycat Fish,First,,Night Sky Books,2000,,1999,English,New York,,,,,Marcus Pfister,,1999,,1,$3.50 ,,Night Sky Books,,,,,,
The Night Before Kindergarten,First,,Grosset & Dunlap ,2001,,2000,English,New York,,,,,Natasha Wing,,2000,,1,$3.99 ,,Grosset & Dunlap,,,,,,
Love you Forever,First,,A Firefly Book,2003,,2001,English,New York,,,,,Munsch Robert,,2001,,1,$3.99 ,,Firefly Book,,,,,,
Book of Colour and shapes,First,,Harper Collins Publishers,1991,,2002,English,New York,,,,,Maggie Groening,,2002,,1,$4.95 ,,Harper Collins Pub,,,,,,
Storm of the Century,First,,Scholastic Inc Pub.,2002,,2003,English,New York,,,,,Bill Jankawski,,2003,,1,$3.50 ,,Scholastic Pub,,,,,,
The Magic Toy Shop,First,,Pi kids Pub,1994,,2004,English,New York,,,,,Carolyn ,,2004,,1,$3.99 ,,Scholastic Pub,,,,,,
Wednesday is Spaghelli Day ,First,,Scholastic Inc Pub.,1990,,2005,English,New York,,,,,Maryann Cocco,,2005,,1,$3.99 ,,Scholastic Pub,,,,,,
The Caboose who got Loose,First,,Houghton Mufflin Company,1971,,2006,English,New York,,,,,Bill Peet,,2006,,1,$3.99 ,,Houghton Mifflin Company,,,,,,
Shadows,First,,Scholastic Inc Pub.,1996,,2007,English,New York,,,,,Margaret Ballinger,,2007,,1,$3.99 ,,Scholastic Pub,,,,,,
Toco Toucan's Touch Book,First,,The Economy Company,1901,,2008,English,New York,,,,,Pat Malaney,,2008,,1,$3.99 ,,The Economy Company,,,,,,
Narnia Lucy steps Through the Wardrobe,First,,Harper Collins Publishers,1997,,2009,English,New York,,,,,C.S Lewis,,2009,,1,$3.99 ,,Harper Collins Pub,,,,,,
Fidgety Fish and Friends,First,,Scholastic Inc Pub.,2008,,2010,English,New York,,,,,Paul Bright,,2010,,1,$3.99 ,,Scholastic Pub,,,,,,
Rapunzel,First,,Troll Association,2005,,2011,English,New York,,,,,Brothers Grimm,,2011,,1,$2.95 ,,Troll associates,,,,,,
Oliver Twist The Page Master,First,,PageMaster,1994,,2012,English,New York,,,,,Tom Jokic,,2012,,1,$3.99 ,,Page Master Pub,,,,,,
Gingerbread Man,First,,Shree Book Centre,2010,,2013,English,Mumbai,,,,,Euro book,,2013,,1,40.00,,Shree Book Centre,,,,,,
Buddy and his Animal Friends,First,,Euro Book Pvt ltd.,2015,,2014,English,Mumbai,,,,,Euro book,,2014,,1,50.00,,Euro Book Pvt Ltd.,,,,,,
Better Living,First,,Jeevandeep Pub,2015,,2015,English,Mumbai,,,,,Nicholas Soares,,2015,,1,60.00,,Jeevandeep Prakashan ,,,,,,
Little Critter's The Trip,First,,Inchworm Press,1988,,2016,English,New York,,,,,Mercer Mayer,,2016,,1,$3.99 ,,Inch Worm Pub,,,,,,
You Wouldn't want to live without Antibiotics,First,,Scholastic Inc Pub.,2018,,2017,English,New York,,,,,Anne Rooney,,2017,,1,$3.99 ,,Scholastic Pub,,,,,,
Good Morning India!,First,,Scholastic Inc Pub.,2019,,2018,English,New York,,,,,Satadru Mukherjee,,2018,,1,$3.99 ,,Scholastic Pub,,,,,,
Alpha and Omega,First,,Scholastic Inc Pub.,2010,,2019,English,New York,,,,,Tori Kosara,,2019,,1,$2.99 ,,Scholastic Pub,,,,,,
The Shoemaker and the Elves,First,,Reader's World ,2010,,2020,English,Delhi,,,,,Rickie,,2020,,1,25.00,,Reader World,,,,,,
The school Mural,First,,Steck Vaughn Company,2010,,2021,English,London,,,,,Sarah Vazquez,,2021,,1,$3.99 ,,Scholastic Pub,,,,,,
How do Dinosaurs Learn to read,First,,Scholastic Inc Pub.,2003,,2022,English,New York,,,,,Jane Yolen,,2022,,1,$1.25 ,,Scholastic Pub,,,,,,
Read to your Bunny,First,,Scholastic Inc Pub.,1999,,2023,English,New York,,,,,Rosemary wells,,2023,,1,$3.99 ,,Scholastic Pub,,,,,,
Barney Says 'Please and Thank You,First,,Scholastic Inc Pub.,1995,,2024,English,New York,,,,,Stephen white,,2024,,1,$2.25 ,,Scholastic Pub,,,,,,
Eating Right,First,,Pebble Books,2000,,2025,English,Minnesota,,,,,Capstone ,,2025,,1,$3.99 ,,Pebble Books,,,,,,
Tea for Ruby,First,,Pauls wiseman book,2000,,2026,English,New York,,,,,Sarah Ferguson,,2026,,1,$3.99 ,,Simon Spotlight,,,,,,
Secret Seahorse,First,,Barefoot Books,2000,,2027,English,New York,,,,,Stella Blackstone,,2027,,1,$3.99 ,,Barefoot Books,,,,,,
Clive Eats Alligators,First,,Houghton Mufflin Company,2000,,2028,English,Boston,,,,,Alison Leaster,,2028,,1,$3.99 ,,Houghton Mifflin Company,,,,,,
Toys Night Out,First,,Scholastic Inc Pub.,2000,,2029,English,New York,,,,,Keisha Humphrey,,2029,,1,$3.99 ,,Scholastic Pub,,,,,,
Pajama Sam,First,,Lyrick Publishing,2010,,2030,English,New York,,,,,Biz Magoo,,2030,,1,$3.99 ,,Lyrick Pub,,,,,,
Holiday Talent show,First,,Harper Festival Pub,2010,,2031,English,London,,,,,Galaire Kinkaid,,2031,,1,$3.99 ,,Harper Festival,,,,,,
Snowie Rolie,First,,Scholastic Inc Pub.,2005,,2032,English,New York,,,,,William Joyce,,2032,,1,$3.99 ,,Scholastic Pub,,,,,,
Thunder and  Lightning,First,,Random House,2006,,2033,English,New York,,,,,Katherine Emmons,,2033,,1,$3.99 ,,Random House Pub,,,,,,
Merry Christmas Big Hungry Bear!,First,,Scholastic Inc Pub.,2002,,2034,English,New York,,,,,A. Twinn,,2034,,1,$3.99 ,,Scholastic Pub,,,,,,
The Gingerbread Man,First,,Scholastic Inc Pub.,2006,,2035,English,New York,,,,,Violet Findley,,2035,,1,$3.99 ,,Scholastic Pub,,,,,,
Cat and Mouse,First,,Rigby Pm Collection ,2006,,2036,English,New York,,,,,Beverley Randell,,2036,,1,$1.50 ,,PM Collection ,,,,,,
Where Do Monster Live? ,First, ,Creative Edge ,2005,,2037,English,New York,,,,,Rozanne,,2037,,1,$2.50 ,,Creative  Edge,,,,,,
I can share!,First,,Scholastic Inc Pub.,2005,,2038,English,New York,,,,,David Parker,,2038,,1,$2.50 ,,Scholastic Pub,,,,,,
Bunny's Rainbow Day,First,,Scholastic Inc Pub.,1999,,2039,English,New York,,,,,Monica Wellington,,2039,,1,$2.50 ,,Scholastic Pub,,,,,,
Don't Be Late,First,,Scholastic Inc Pub.,1994,,2040,English,New York,,,,,Akimi Gibson,,2040,,1,$3.99 ,,Scholastic Pub,,,,,,
Push or Pull,First,,Scholastic Inc Pub.,1999,,2041,English,New York,,,,,Susan Canizares,,2041,,1,$3.99 ,,Scholastic Pub,,,,,,
Harry and the Haunted House,First,,Rendom House,1994,,2042,English,New York,,,,,Mark schlichting,,2042,,1,$3.99 ,,Rendom House,,,,,,
The Tale of Peter Rabbit,First,,Dalmatian Press,2006,,2043,English,New York,,,,,Beatrix Potter,,2043,,1,$2.50 ,,Dalmatian Press,,,,,,
My Pretty Ballerina,First,,Scholastic Inc Pub.,1991,,2044,English,New York,,,,,Karen Backstein,,2044,,1,$3.99 ,,Scholastic Pub,,,,,,
Mr. Messy,First,,Price Stern Sloan,2000,,2045,English,New York,,,,,Roger Hangrewes,,2045,,1,$4.95 ,,Price Stern Sloan,,,,,,
Fisher Price Little People,First,,Modern Publishing,1999,,2046,English,New York,,,,,Modren Pub,,2046,,1,$2.50 ,,Modern Publishing,,,,,,
Over The Moon,First,,Henry Holt and Company,2000,,2047,English,New York,,,,,Karen Katz,,2047,,1,$3.99 ,,Henry Holt and company,,,,,,
I have Brother Harry,First,,Trumpet Club Pub,1983,,2048,English,New York,,,,,Crescent Dragonwagon,,2048,,1,$3.99 ,,Trumpet Club,,,,,,
What Mary Jo shared,First,,Scholastic Inc Pub.,1991,,2049,English,New York,,,,,Janice May Udry,,2049,,1,$3.99 ,,Scholastic Pub,,,,,,
Apple ,First,,Scholastic Inc Pub.,2000,,2050,English,New York,,,,,Gail Gibbons,,2050,,1,$3.99 ,,Scholastic Pub,,,,,,
Meet the Obamas,First,,Scholastic Inc Pub.,2009,,2051,English,New York,,,,,Andrea Davis Pinkney,,2051,,1,$3.99 ,,Scholastic Pub,,,,,,
Five Little Monkeys reading in Bad,First,,Scholastic Inc Pub.,2009,,2052,English,New York,,,,,Eileen Christelow,,2052,,1,$1.50 ,,Scholastic Pub,,,,,,
It's my turn!,First,,Scholastic Inc Pub.,2000,,2053,English,New York,,,,,David Bedford,,2053,,1,$3.99 ,,Scholastic Pub,,,,,,
How to be a Friend,First,,Scholastic Inc Pub.,1998,,2054,English,New York,,,,,Laurie Krasny,,2054,,1,$3.99 ,,Scholastic Pub,,,,,,
Morgan and Me,First,,Price Stern Sloan,1981,,2055,English,New York,,,,,Stephen Cosgrove,,2055,,1,$3.99 ,,Price Stern Sloan,,,,,,
Little Penguin's Tale,First,,Scholastic Inc Pub.,2000,,2056,English,New York,,,,,Andrey Wood,,2056,,1,$3.99 ,,Scholastic Pub,,,,,,
Tiny Little Tina,First,,Rigby Pm Collection ,1998,,2057,English,New York,,,,,Alex Starr,,2057,,1,$2.50 ,,Rigby Pub,,,,,,
The Brave Little Tailor,First,,Rigby Pm Collection ,1998,,2058,English,New York,,,,,Annette Smith,,2058,,1,$3.99 ,,Rigby Pub,,,,,,
Owl Moon,First,,Scholastic Inc Pub.,1987,,2059,English,New York,,,,,Jane Yolen,,2059,,1,$4.50 ,,Scholastic Pub,,,,,,
No More water in the tub,First,,Scholastic Inc Pub.,1995,,2060,English,New York,,,,,Tedd Amold,,2060,,1,$3.99 ,,Scholastic Pub,,,,,,
The Jwelve Days of Christmas,First,,Trumpet Club Pub,2000,,2061,English,New York,,,,,Jan Brett,,2061,,1,$3.99 ,,Scholastic Pub,,,,,,
First Day Jitters,First,,Scholastic Inc Pub.,2000,,2062,English,New York,,,,,Julie Danneberg,,2062,,1,$3.99 ,,Scholastic Pub,,,,,,
The Crayon Box that Talked,First,,Scholastic Inc Pub.,1997,,2063,English,New York,,,,,Shane Derolf,,2063,,1,$3.99 ,,Scholastic Pub,,,,,,
When Winter Comes,First,,Scholastic Inc Pub.,2000,,2064,English,New York,,,,,Nancy Van Laan,,2064,,1,$3.99 ,,Scholastic Pub,,,,,,
Woodrow wilson,First,,Children's Press,2007,,2065,English,New York,,,,,Mike Venezia,,2065,,1,$3.99 ,,Children's Press,,,,,,
Working Hard with the Mighty Dump Truck,First,,Scholastic Inc Pub.,1993,,2066,English,New York,,,,,Justine Korman,,2066,,1,$3.99 ,,Scholastic Pub,,,,,,
Corduroy's Easter Party,First,,Grosset and Dunlap,2000,,2067,English,New York,,,,,Don Freeman,,2067,,1,$3.99 ,,Scholastic Pub,,,,,,
Curious George and the Dump Truck,First,,Houghton Mifflin Company,1999,,2068,English,New York,,,,,H.A. Rey,,2068,,1,$3.99 ,,Houghton Mifflin Company,,,,,,
How Do Apple Grow?,First,,Harper Collins Publishers,1992,,2069,English,New York,,,,,Betsy Maestro,,2069,,1,$3.99 ,,Harpercollins Pub,,,,,,
Away in a Manger,First,,Standard Publishing,2001,,2070,English,New York,,,,,Martin Luther,,2070,,1,$2.50 ,,Standard Publishing,,,,,,
Baseball saved Us,First,,Lee & Low Books ,1993,,2071,English,New York,,,,,Ken Mochizuki,,2071,,1,$2.50 ,,Lee & Low Books,,,,,,
Danger Ahead!,First,,Scholastic Inc Pub.,2001,,2072,English,New York,,,,,Ron Fontes,,2072,,1,$3.50 ,,Scholastic Pub,,,,,,
Five Littele Monkeys Bake a Birthday Cake,First,,Calrion Book,1992,,2073,English,New York,,,,,Eileen Christelow,,2073,,1,$3.99 ,,Houghton Mifflin Company,,,,,,
Froggy Learn to swim,First,,Scholastic Inc Pub.,1995,,2074,English,New York,,,,,Jonathan London,,2074,,1,$2.50 ,,Scholastic Pub,,,,,,
Maisy goes to the Hospital,First,,Candlewick Press,2001,,2075,English,New York,,,,,Lucy Cousins,,2075,,1,$2.50 ,,Candlewick Press,,,,,,
The Great Big Especiallt Beautiful Easter Egg,First,,Scholastic Inc Pub.,1983,,2076,English,New York,,,,,James Stevenson,,2076,,1,$2.50 ,,Scholastic Pub,,,,,,
"Amazon Sun, Amazon Rain",First,,Scholastic Inc Pub.,1994,,2077,English,New York,,,,,Ximena ,,2077,,1,$2.50 ,,Scholastic Pub,,,,,,
At the Park,First,,Scholastic Inc Pub.,2000,,2078,English,New York,,,,,Sadeqa Murray,,2078,,1,$2.50 ,,Scholastic Pub,,,,,,
Some Animal fun Just for fun,First,,The Economy Company,1977,,2079,English,New York,,,,,Joan wade Cole,,2079,,1,$3.99 ,,The Economy Company,,,,,,
It's About Time,First,,The Economy Company,1977,,2080,English,New York,,,,,Joan wade Cole,,2080,,1,$3.99 ,,The Economy Company,,,,,,
Georgie's Halloween,First,,Doubleday and Company,1958,,2081,English,New York,,,,,Robert Bright,,2081,,1,$3.99 ,,Doubleday and Company,,,,,,
Daniel in the Lion's Den,First,,Leap Frog publication,2001,,2082,English,New York,,,,,Thomas Gianni,,2082,,1,$3.99 ,,Leap Frog Books,,,,,,
Twas the Night Before Christmas,First,,PI  Pub,2001,,2083,English,New York,,,,,Suasan Spellman,,2083,,1,$2.50 ,,PI Publication,,,,,,
The Man Who Sold,First,,Macmillan Publishing ,2001,,2084,English,New York,,,,,Vivian Binnamin,,2084,,1,$3.99 ,,Macmillan Pub,,,,,,
The Three Little Pigs,First,,PC Multimedia Pub,2001,,2085,English,New York,,,,,Larry Carney,,2085,,1,$2.50 ,,PC Multimedia Pub,,,,,,
Button the Mouse The Barn Cat,First,,Sandra Yocum,2001,,2086,English,New York,,,,,Sandra Yocum,,2086,,1,$3.99 ,,Sandra Yocum,,,,,,
No Room!,First,,Sundance Company,2004,,2087,English,New York,,,,,Brenda Parkes,,2087,,1,$3.99 ,,Sundance Company,,,,,,
Where Do Puddles Go?,First,,Children's Press,1995,,2088,English,Chicago,,,,,Fay Robinson,,2088,,1,$4.95 ,,Children's Press,,,,,,
Dinosaurs came with everything,First,,Young Readers,1995,,2089,English,New York,,,,,Elise Broach,,2089,,1,$2.50 ,,Young Readers,,,,,,
Goldilockes and the Three Bears,First,,Igloo Publication,2009,,2090,English,New York,,,,,Igloo Pub,,2090,,1,$2.50 ,,Igloo Pub ,,,,,,
My Trip to The Hospital,First,,Harper Festival Pub,2005,,2091,English,New York,,,,,Mercer Mayer,,2091,,1,$3.99 ,,Harper Festival,,,,,,
Safe And Sound!,First,,Chick fill Publication,2008,,2092,English,New York,,,,,Mike Berenstain,,2092,,1,$3.99 ,,Chick Fill Publication,,,,,,
Circus Mouse,First,,Merrigold Press,1986,,2093,English,New York,,,,,Leslie McGurie,,2093,,1,$3.99 ,,Merrigold Press,,,,,,
The Birth of Jesus,First,,Leap Frog publication,1993,,2094,English,New York,,,,,Etta G Wilson,,2094,,1,$3.99 ,,Leap Frog Books,,,,,,
The Honest Woodcutter,First,,Leap Frog publication,2001,,2095,English,New York,,,,,Etta G Wilson,,2095,,1,$3.99 ,,Leap Frog Books,,,,,,
The Honest Woodcutter,First,,Leap Frog publication,2001,,2096,English,New York,,,,,Etta G Wilson,,2096,,1,$3.99 ,,Leap Frog Books,,,,,,
Pinocchio,First,,Leap Frog publication,2001,,2097,English,New York,,,,,Etta G Wilson,,2097,,1,$3.99 ,,Leap Frog Books,,,,,,
Down by the Station,First,,Scholastic Inc Pub.,2000,,2098,English,New York,,,,,Will Hillenbrand,,2098,,1,$3.99 ,,Scholastic Pub,,,,,,
Deep in the Forest,First,,Houghton Mifflin Company,1989,,2099,English,New York,,,,,Brinton Turkle,,2099,,1,$4.95 ,,Houghton Mifflin Company,,,,,,
Tracks,First,,Scholastic Inc Pub.,1996,,2100,English,New York,,,,,David Galef,,2100,,1,$3.99 ,,Scholastic Pub,,,,,,
The King's Tea,First,,The Dial Press,1979,,2101,English,New York,,,,,Trinka Hakes Noble,,2101,,1,$3.99 ,,The Dial Press,,,,,,
As Big As You,First,,Dell Dragonfly Books,2004,,2102,English,New York,,,,,Elaine Greenstein,,2102,,1,$6.99 ,,Dell Dragofly Books,,,,,,
City Sound,First,,Scholastic Inc Pub.,1976,,2103,English,New York,,,,,Jean Marzollo,,2103,,1,$4.99 ,,Scholastic Pub,,,,,,
Grandma and the Pirates,First,,Scholastic Inc Pub.,1990,,2104,English,New York,,,,,Phoebe Gilman,,2104,,1,$3.99 ,,Scholastic Pub,,,,,,
Five Little Monkey Jumping on the Bed,First,,Scholastic Inc Pub.,1989,,2105,English,New York,,,,,Eileen Christelow,,2105,,1,$3.99 ,,Scholastic Pub,,,,,,
Five Little Monkey Jumping on the Bed,First,,Scholastic Inc Pub.,1989,,2106,English,New York,,,,,Eileen Christelow,,2106,,1,$3.99 ,,Scholastic Pub,,,,,,
A Summery Saturday Morning,First,,Scholastic Inc Pub.,1998,,2107,English,New York,,,,,Selina Young,,2107,,1,$3.99 ,,Scholastic Pub,,,,,,
Pioneer Tales to tell,First,,Paragon Press,2000,,2108,English,New York,,,,,Editorial Committee,,2108,,1,$3.99 ,,Paragon Press,,,,,,
Annie and the Wild Animals,First,,Houghton Mifflin Company,2000,,2109,English,New York,,,,,Jan Brett,,2109,,1,$3.99 ,,Houghton Mifflin Company,,,,,,
The World Magic,First,,Barrons,2000,,2110,English,New York,,,,,Peter Eldin,,2110,,1,$4.99 ,,Barron's Press,,,,,,
Out of the Ocean,First,,Scholastic Inc Pub.,1998,,2111,English,New York,,,,,Debra Frasier,,2111,,1,$3.99 ,,Scholastic Pub,,,,,,
If I Could Drive a Fire Truck!,First,,Scholastic Inc Pub.,2001,,2112,English,New York,,,,,Michael Teitelbaum,,2112,,1,$3.99 ,,Scholastic Pub,,,,,,
Bob Saves the Porcupines,First,,Simon Spotlight,2001,,2113,English,New York,,,,,Diane Redmond,,2113,,1,$3.50 ,,Simon Spotlight,,,,,,
Smelly Socks,First,,Scholastic Inc Pub.,2004,,2114,English,New York,,,,,Robert Munsch,,2114,,1,$4.99 ,,Scholastic Pub,,,,,,
Ira Sleeps Over,First,,Scholastic Inc Pub.,1972,,2115,English,New York,,,,,Bernard Waber,,2115,,1,$3.99 ,,Scholastic Pub,,,,,,
Too Many Pumpkins,First,,Scholastic Inc Pub.,1996,,2116,English,New York,,,,,Linda White,,2116,,1,$3.99 ,,Scholastic Pub,,,,,,
Sleepy Me,First,,Macmillan Publishing ,2001,,2117,English,New York,,,,,Marni McGee,,2117,,1,$3.99 ,,Macmillan Pub,,,,,,
How About a Hug?,First,,Scholastic Inc Pub.,2003,,2118,English,New York,,,,,Nancy Carlson,,2118,,1,$3.99 ,,Scholastic Pub,,,,,,
How I Become a Pirate,First,,Scholastic Inc Pub.,2003,,2119,English,New York,,,,,Melinda Long,,2119,,1,$3.99 ,,Scholastic Pub,,,,,,
A Book of Friends,First,,Scholastic Inc Pub.,1999,,2120,English,New York,,,,,Dave Ross,,2120,,1,$3.99 ,,Scholastic Pub,,,,,,
Zen Shorts,First,,Scholastic Inc Pub.,2005,,2121,English,New York,,,,,Jon J Muth,,2121,,1,$3.99 ,,Scholastic Pub,,,,,,
SnowBear's Christmas Countdown,First,,Scholastic Inc Pub.,2005,,2122,English,New York,,,,,Theresa Smythe,,2122,,1,$3.99 ,,Scholastic Pub,,,,,,
Kiss Good Night,First,,Scholastic Inc Pub.,2005,,2123,English,New York,,,,,Amy Hest,,2123,,1,$2.95 ,,Scholastic Pub,,,,,,
All the Pretty Horses,First,,Scholastic Inc Pub.,1974,,2124,English,New York,,,,,Susan Jeffers,,2124,,1,$3.99 ,,Scholastic Pub,,,,,,
Dinosaurs Halloween,First,,Scholastic Inc Pub.,1987,,2125,English,New York,,,,,Liza Donnelly,,2125,,1,$3.99 ,,Scholastic Pub,,,,,,
A New Person in my Class,First,,Scholastic Inc Pub.,2007,,2126,English,New York,,,,,David Parker,,2126,,1,$3.99 ,,Scholastic Pub,,,,,,
Born to be wild,First,,Scholastic Inc Pub.,2005,,2127,English,New York,,,,,Erica David,,2127,,1,$3.99 ,,Scholastic Pub,,,,,,
One Mitten,First,,Scholastic Inc Pub.,2007,,2128,English,New York,,,,,Kristine George,,2128,,1,$3.99 ,,Scholastic Pub,,,,,,
My Love for You all year Round,First,,Scholastic Inc Pub.,2005,,2129,English,New York,,,,,Susan L. Roth,,2129,,1,$3.99 ,,Scholastic Pub,,,,,,
The Big Wave,First,,Frontline Phonics Readers,1998,,2130,English,New York,,,,,Leo D Hall,,2130,,1,$1.50 ,,Frontline Phonics Readers,,,,,,
Madelline,First,,Scholastic Inc Pub.,1982,,2131,English,New York,,,,,Ludwig Bemelmans,,2131,,1,$3.99 ,,Scholastic Pub,,,,,,
No plain Pets!,First,,Trumpet Club Pub,1991,,2132,English,New York,,,,,Marc Ian Barasch,,2132,,1,$3.99 ,,Trumpet Club,,,,,,
Johnny Appleseed,First,,Scholastic Inc Pub.,1989,,2133,English,New York,,,,,Steven Kellogg,,2133,,1,$3.99 ,,Scholastic Pub,,,,,,
One Fine Day,First,,Trumpet Club Pub,1971,,2134,English,New York,,,,,Nonny Hogrogian,,2134,,1,$3.99 ,,Trumpet Club,,,,,,
Mouse Paint,First,,Trumpet Club Pub,1989,,2135,English,New York,,,,,Ellen Stoll Waish,,2135,,1,$3.99 ,,Trumpet Club,,,,,,
The Biggest Leaf Pile,First,,Scholastic Inc Pub.,2003,,2136,English,New York,,,,,Steve Metzger,,2136,,1,$3.99 ,,Scholastic Pub,,,,,,
Be Bop Backpacks,First,,Four corners Designs,1997,,2137,English,New York,,,,,Jennifer Lokey,,2137,,1,$3.99 ,,Four Corners Design,,,,,,
Telling the Truth,First,,Creative Teaching Press,2002,,2138,English,New York,,,,,Regina G Burch,,2138,,1,$2.50 ,,Creative Teaching press,,,,,,
Dad's New Path,First,,Wright Group publishing ,1996,,2139,English,New York,,,,,Darrel and Sally Odgers,,2139,,1,$2.25 ,,Wright Group Publishing,,,,,,
The Whole Grain Choo choo Train,First,,WIC Publishing,2005,,2140,English,New York,,,,,Kathy Reeves,,2140,,1,$3.99 ,,WIC publishing,,,,,,
Fire Engines,First,,Trumpet Club Pub,1986,,2141,English,New York,,,,,Anne Rockwell,,2141,,1,$3.99 ,,Scholastic Pub,,,,,,
Babybug,First,,Ladybug Publishers,2004,,2142,English,New York,,,,,Clara Vulliamy,,2142,,1,$5.00 ,,Ladybug Publishers,,,,,,
Shrek!,First,,Farrar Pub ,1990,,2143,English,New York,,,,,William Steig,,2143,,1,$4.55 ,,Sunburst Book,,,,,,
If you give a Mouse a Cookie,First,,Scholastic Inc Pub.,1985,,2144,English,New York,,,,,Laura Joffe Numeroff,,2144,,1,$3.99 ,,Scholastic Pub,,,,,,
Pumpkin Heads!,First,,Scholastic Inc Pub.,2000,,2145,English,New York,,,,,Wendell Minor,,2145,,1,$3.99 ,,Scholastic Pub,,,,,,
The Chanukkah Guest,First,,Scholastic Inc Pub.,1990,,2146,English,New York,,,,,Eric A Kimmel,,2146,,1,$3.99 ,,Scholastic Pub,,,,,,
No such Things,First,,Houghton Mifflin Company,1983,,2147,English,New York,,,,,Bill Peet,,2147,,1,$3.99 ,,Houghton Mifflin Company,,,,,,
Arthur's First Sleepover,First,,Trumpet Club Pub,1994,,2148,English,New York,,,,,Marc Brown,,2148,,1,$3.99 ,,Trumpet Club,,,,,,
All About Jesus,First,,Bendon Publishing,2011,,2149,English,New York,,,,,Kim Mitzo Thompson,,2149,,1,$3.99 ,,Bendon Publishing,,,,,,
How do you Hug,First,,Simon Spotlight,1999,,2150,English,New York,,,,,Laurie Isop,,2150,,1,$2.50 ,,Simon Spotlight,,,,,,
The frog prince ,First,,Priority Publication,2011,,2151,English,New York,,,,,Priority Pub,,2151,,1,$2.50 ,,Butterfly Books,,,,,,
An Elephant's Trunk,First,,Scott Foresman and Company,2011,,2152,English,New York,,,,,Mark Bueller,,2152,,1,$2.50 ,,Scott Foresman Publishing,,,,,,
The Best Yard sale,First,,Chick fill Publication,2010,,2153,English,New York,,,,,Mercer Mayer,,2153,,1,$2.50 ,,Harper Festival,,,,,,
One Mitten,First,,Scholastic Inc Pub.,2007,,2154,English,New York,,,,,Kristine George,,2154,,1,$2.50 ,,Scholastic Pub,,,,,,
Fritz and the Mess fairy,First,,Trumpet Club Pub,1991,,2155,English,New York,,,,,Rosemary wells,,2155,,1,$3.99 ,,Trumpet Club,,,,,,
If you Take A Mouse to the Movies,First,,Scholastic Inc Pub.,2000,,2156,English,New York,,,,,Laura Numeroff,,2156,,1,$3.99 ,,Scholastic Pub,,,,,,
Maybe a Bear Ate It!,First,,Orchard Books,2000,,2157,English,New York,,,,,Robie H Harris,,2157,,1,$3.99 ,,Scholastic Pub,,,,,,
Spot the Differences,First,,Shree Book Centre,2013,,2158,English,Mumbai,,,,,Shree Book,,2158,,1,46,,Shree Book Centre,,,,,,
Pablo's Tree,First,,Scholastic Inc Pub.,1994,,2159,English,New York,,,,,Pat Mora,,2159,,1,$3.99 ,,Scholastic Pub,,,,,,
The Snow Bear,First,,Scholastic Inc Pub.,2001,,2160,English,New York,,,,,Miriam Moss,,2160,,1,$3.99 ,,Scholastic Pub,,,,,,
Stop the Tot!,First,,Scholastic Inc Pub.,2001,,2161,English,New York,,,,,Grace Maccarone,,2161,,1,$2.50 ,,Scholastic Pub,,,,,,
Barney says Play Safely,First,,Baeney Publishing,1996,,2162,English,New York,,,,,Margie Larsen,,2162,,1,$4.25 ,,Barney Pub,,,,,,
Easter Bunny's on his way,First,,Scholastic Inc Pub.,2005,,2163,English,New York,,,,,Brian James,,2163,,1,$3.99 ,,Scholastic Pub,,,,,,
Kung Fu Panda the Furious Five,First,,Harper Entertainment,2005,,2164,English,New York,,,,,Scout Driggs,,2164,,1,$2.50 ,,Harper Entertainment,,,,,,
I am Extremely absolutely Boiling,First,,Grosset and Dunlap,2009,,2165,English,New York,,,,,Lauren Child,,2165,,1,$3.99 ,,Grosset & Dunlap,,,,,,
In the Air,First,,Scholastic Inc Pub.,1999,,2166,English,New York,,,,,Samantha Berger,,2166,,1,$3.99 ,,Scholastic Pub,,,,,,
Thabo & Kanoni,First,,Creative Publishing,2005,,2167,English,New York,,,,,Ayana ,,2167,,1,$1.50 ,,Creative Publishing,,,,,,
I Accept you as you Are?,First,,Scholastic Inc Pub.,2004,,2168,English,New York,,,,,David Parker,,2168,,1,$2.50 ,,Scholastic Pub,,,,,,
Watch where you go,First,,Scholastic Inc Pub.,1990,,2169,English,New York,,,,,Sally Noll,,2169,,1,$3.99 ,,Scholastic Pub,,,,,,
If you give a Mouse a Cookie,First,,Scholastic Inc Pub.,1985,,2170,English,New York,,,,,Laura Joffe Numeroff,,2170,,1,$3.99 ,,Scholastic Pub,,,,,,
Hailstones and Halibut Bones,First,,Trumpet Club Pub,1961,,2171,English,New York,,,,,Marry O'nell,,2171,,1,$3.99 ,,Trumpet Club,,,,,,
Kelly In Charge,First,,Macmillan Publishing ,2001,,2172,English,New York,,,,,Janet Cassidy,,2172,,1,$3.99 ,,Macmillan Pub,,,,,,
Nellie Lou's Hairdos,First,,Warner Bros.,1989,,2173,English,New York,,,,,John Sandford,,2173,,1,$9.95 ,,Warner Juvenile Books,,,,,,
Harry and The Haunted House,First,,Planet Production,1994,,2174,English,New York,,,,,Mark schlichting,,2174,,1,$3.99 ,,Random House Pub,,,,,,
An Octopus is amazing,First,,Harper Collins Publishers,1990,,2175,English,New York,,,,,Patricia Lauber,,2175,,1,$3.99 ,,Harper Collins Pub,,,,,,
Bob's Birthday,First,,Scholastic Inc Pub.,2001,,2176,English,New York,,,,,Diane Redmond,,2176,,1,$3.99 ,,Scholastic Pub,,,,,,
Fun with Hats,First,,Mando Publishing,1995,,2177,English,New York,,,,,Lucy Malka,,2177,,1,$2.95 ,,Mando Publishers,,,,,,
The Grouchy Ladybug,First,,Scholastic Inc Pub.,1977,,2178,English,New York,,,,,Eric Carle,,2178,,1,$3.99 ,,Scholastic Pub,,,,,,
Goldie is Mad,First,,Scholastic Inc Pub.,2002,,2179,English,New York,,,,,Margie Palatini,,2179,,1,$2.95 ,,Scholastic Pub,,,,,,
Are you a Spider?,First,,Houghton Mifflin Company,2003,,2180,English,Boston,,,,,Judy Allen,,2180,,1,$5.95 ,,Houghton Mifflin Company,,,,,,
Petunia,First,,Dragonfly Books,2002,,2181,English,New York,,,,,Roger Duooisin,,2181,,1,$3.99 ,,Dragonfly Books,,,,,,
Little Engine Can do Big things,First,,Random House,2000,,2182,English,New York,,,,,Britt Allcroft,,2182,,1,$4.99 ,,Random House Pub,,,,,,
"One Little, Two Little Three Little Apples",First,,Scholastic Inc Pub.,2005,,2183,English,New York,,,,,Matt Ringler,,2183,,1,$3.99 ,,Scholastic Pub,,,,,,
Needing Attention,First,,Scholastic Inc Pub.,1996,,2184,English,New York,,,,,Joy Berry,,2184,,1,$3.99 ,,Scholastic Pub,,,,,,
Working Hard with the Mighty Crane,First,,Scholastic Inc Pub.,1998,,2185,English,New York,,,,,Justine Korman,,2185,,1,$3.99 ,,Scholastic Pub,,,,,,
Arthur's Family Vacation,First,,Trumpet Club Pub,1993,,2186,English,New York,,,,,Marc Brown,,2186,,1,$3.99 ,,Trumpet Club,,,,,,
The Best Easter Prize,First,,Scholastic Inc Pub.,2010,,2187,English,New York,,,,,Kristina Evans,,2187,,1,$3.99 ,,Scholastic Pub,,,,,,
Good Dog Carl,First,,Scholastic Inc Pub.,1991,,2188,English,New York,,,,,Alexandra Day,,2188,,1,$3.99 ,,Scholastic Pub,,,,,,
Hello world,First,,Scholastic Inc Pub.,2001,,2189,English,New York,,,,,Manya Stojic,,2189,,1,$5.99 ,,Scholastic Pub,,,,,,
Let's share,First,,PI Publications,2000,,2190,English,New York,,,,,Constance Allen,,2190,,1,$2.50 ,,PI Publication,,,,,,
Pig Gets Stuck,First,,Scholastic Inc Pub.,2001,,2191,English,New York,,,,,Heather Amery,,2191,,1,$1.50 ,,Scholastic Pub,,,,,,
Watch the Woolly Worm,First,,Waterford Institute,2008,,2192,English,New York,,,,,Medge Tovey,,2192,,1,$1.50 ,,Waterford Institute,,,,,,
The Berenstain Bears to the Rescue,First,,Random House,1983,,2193,English,New York,,,,,Berenstain,,2193,,1,$2.50 ,,Random House Pub,,,,,,
Kindergarten Kids,First,,Scholastic Inc Pub.,1994,,2194,English,New York,,,,,Ellen Senisi,,2194,,1,$3.99 ,,Scholastic Pub,,,,,,
Kindergarten Kids,First,,Scholastic Inc Pub.,1994,,2195,English,New York,,,,,Ellen Senisi,,2195,,1,$3.99 ,,Scholastic Pub,,,,,,
The Ghost and the Sansage,First,,Wright Group publishing ,1998,,2196,English,New York,,,,,June Melser,,2196,,1,$3.99 ,,Wright Group Publishing,,,,,,
Young Archaeologists,First,,Harcourt Brace & Company,2001,,2197,English,New York,,,,,Michael cole ,,2197,,1,$2.50 ,,Harcourt Pub,,,,,,
Our Pets,First,,Rigby Pm Collection ,2006,,2198,English,New York,,,,,Julie Haydon,,2198,,1,$3.99 ,,Rigby Pub,,,,,,
Stegosaurus,First,,Scholastic Inc Pub.,2005,,2199,English,New York,,,,,Helen Greathead,,2199,,1,$3.99 ,,Scholastic Pub,,,,,,
Waddle Waddle Quack quack ,First,,Scholastic Inc Pub.,2005,,2200,English,New York,,,,,Barbara Anne Skalak,,2200,,1,$4.99 ,,Scholastic Pub,,,,,,
My Fire Engine,First,,Scholastic Inc Pub.,2005,,2201,English,New York,,,,,Michael Rex,,2201,,1,$3.99 ,,Scholastic Pub,,,,,,
My Family's Changing,First,,Mcdonald Young Books,1998,,2202,English,New York,,,,,Pat Thomas,,2202,,1,$5.95 ,,Macdonald Young Books,,,,,,
Five Little Monkeys Jumping on the Bed,First,,Calrion Book,1989,,2203,English,New York,,,,,Eileen Christelow,,2203,,1,$4.95 ,,Clarion Books,,,,,,
Betcha!,First,,Scholastic Inc Pub.,1997,,2204,English,New York,,,,,Stuart J. Murphy,,2204,,1,$4.99 ,,Scholastic Pub,,,,,,
Elmo Loves You,First,,Dalmatian Press,2005,,2205,English,New York,,,,,Sarah Albee,,2205,,1,$3.50 ,,Dalmatian Press,,,,,,
Diesel 10 Means Trouble,First,,Random House,2000,,2206,English,New York,,,,,Britt Allcroft,,2206,,1,$3.25 ,,Random House Pub,,,,,,
Can you Catch Me?,First,,Kindermusik Pub,2007,,2207,English,New York,,,,,George Ulrich,,2207,,1,$2.50 ,,Kindermusik Pub,,,,,,
The Big wide Mouthed Frog,First,,Scholastic Inc Pub.,1999,,2208,English,New York,,,,,Walker Books Ltd.,,2208,,1,$2.50 ,,Scholastic Pub,,,,,,
Thomas and the Naughty Diesel,First,,Random House,1999,,2209,English,New York,,,,,Josie Yee,,2209,,1,$3.50 ,,Random House Pub,,,,,,
Maybe a Bear Ate It!,First,,Orchard Books,2000,,2210,English,New York,,,,,Robie H Harris,,2210,,1,$2.50 ,,Orchard Books,,,,,,
I Want my Potty,First,,Miller Book Publishers,1988,,2211,English,New York,,,,,Tony Ross,,2211,,1,$6.95 ,,Miller Book Publishers,,,,,,
Kindergarten Count to 100,First,,Scholastic Inc Pub.,2004,,2212,English,New York,,,,,Jacqueline Rogers,,2212,,1,$5.95 ,,Scholastic Pub,,,,,,
Goldilocks and the Three Bears,First,,Scholastic Inc Pub.,2008,,2213,English,New York,,,,,Caralyn Buchner,,2213,,1,$3.99 ,,Scholastic Pub,,,,,,
Whistle for willie,First,,Troll Association,1964,,2214,English,New York,,,,,Ezra jack Keats,,2214,,1,$4.99 ,,Troll associates,,,,,,
Noah's Ark,First,,Zephyr Books,1977,,2215,English,New York,,,,,Peter Spier,,2215,,1,$4.95 ,,Zephyr Book,,,,,,
Amazing Me,First,,Bright Future,2000,,2216,English,New York,,,,,Julia Cook,,2216,,1,$3.99 ,,Bright Future,,,,,,
Johnny Appleseed,First,,Troll Association,1980,,2217,English,New York,,,,,Carol Beach York,,2217,,1,$3.99 ,,Troll associates,,,,,,
I Love Trains,First,,Scholastic Inc Pub.,2002,,2218,English,New York,,,,,Philemon Sturges,,2218,,1,$4.95 ,,Scholastic Pub,,,,,,
Wonderful Watercolour,First,,Scholastic Inc Pub.,2000,,2219,English,New York,,,,,Deborah Schecter,,2219,,1,$3.99 ,,Scholastic Pub,,,,,,
Clouds ,First,,Scholastic Inc Pub.,1997,,2220,English,New York,,,,,Meredith Costain,,2220,,1,$3.99 ,,Scholastic Pub,,,,,,
I am A Great Big Eighteen wheeler,First,,Scholastic Inc Pub.,2003,,2221,English,New York,,,,,Michael Anthony Steele,,2221,,1,$3.99 ,,Scholastic Pub,,,,,,
Snowy Blowy Christmas,First,,Scholastic Inc Pub.,2010,,2222,English,New York,,,,,Watty Piper,,2222,,1,$3.99 ,,Scholastic Pub,,,,,,
Dinosaur's Divorce,First,,Little Brown and Company,2001,,2223,English,New York,,,,,Laurene Krasny Brown,,2223,,1,$7.99 ,,Little Brown Comp,,,,,,
All About Feelings,First,,PI Publications,2006,,2224,English,New York,,,,,Sarah Albee,,2224,,1,$3.99 ,,PI Publication,,,,,,
A Boy Wants a Dinosaur,First,,Scholastic Inc Pub.,1992,,2225,English,New York,,,,,Hiawyn Oram,,2225,,1,$3.99 ,,Scholastic Pub,,,,,,
Barney's Big Balloon,First,,Barney Publication,2000,,2226,English,New York,,,,,Mark S Bernthal,,2226,,1,$3.99 ,,Barney Pub,,,,,,
Charlie the Caterpillar,First,,Scholastic Inc Pub.,2005,,2227,English,New York,,,,,Christopher Santoro,,2227,,1,$3.99 ,,Scholastic Pub,,,,,,
The Ugly Duckling ,First,,Troll Associates,2005,,2228,English,New York,,,,,Hans Christian Andersen,,2228,,1,$3.99 ,,Scholastic Pub,,,,,,
Taking Turns,First,,PI Publications,2000,,2229,English,New York,,,,,Constance Allen,,2229,,1,$3.99 ,,PI Publication,,,,,,
The Case of the Missing Sandwich,First,,Samrterville Production,2009,,2230,English,New York,,,,,Amy Kraft,,2230,,1,$3.99 ,,Smarterville Production,,,,,,
The Messy Monster,First,,Troll Associates,1986,,2231,English,New York,,,,,Michael J Pellowski,,2231,,1,$3.99 ,,Troll associates,,,,,,
I am a Good Friend,First,,Scholastic Inc Pub.,2004,,2232,English,New York,,,,,David Parker,,2232,,1,$3.99 ,,Scholastic Pub,,,,,,
Skippyjon Jones in the Dog House,First,,Scholastic Inc Pub.,2006,,2233,English,New York,,,,,Judy Schachner,,2233,,1,$3.99 ,,Scholastic Pub,,,,,,
Skippyjon Jones in Mummy Trouble,First,,Scholastic Inc Pub.,2007,,2234,English,New York,,,,,Judy Schachner,,2234,,1,$3.99 ,,Scholastic Pub,,,,,,
Olive My Love,First,,Scholastic Inc Pub.,2006,,2235,English,New York,,,,,Vivian Walsh,,2235,,1,$3.99 ,,Scholastic Pub,,,,,,
I am a Little Teapot,First,,Scholastic Inc Pub.,1997,,2236,English,New York,,,,,Iza Trapani,,2236,,1,$3.99 ,,Scholastic Pub,,,,,,
How I Spent My Summer Vacation,First,,Scholastic Inc Pub.,1995,,2237,English,New York,,,,,Mark Teague,,2237,,1,$3.99 ,,Scholastic Pub,,,,,,
Cows Can't Fly,First,,Scholastic Inc Pub.,2000,,2238,English,New York,,,,,David Milgrtim,,2238,,1,$3.99 ,,Scholastic Pub,,,,,,
What Shall I Bring the King,First,,Scholastic Inc Pub.,2007,,2239,English,New York,,,,,Maria Fleming,,2239,,1,$3.50 ,,Scholastic Pub,,,,,,
Here's to you America!,First,,Little Simon Pub,2002,,2240,English,New York,,,,,Charles M Schulz,,2240,,1,$5.99 ,,Little Simon Pub ,,,,,,
Dinosaur Bones,First,,Scholastic Inc Pub.,2002,,2241,English,New York,,,,,Bob Barner,,2241,,1,$3.99 ,,Scholastic Pub,,,,,,
The Great Fuzz Frenzy,First,,Scholastic Inc Pub.,2005,,2242,English,New York,,,,,Janet Stevens,,2242,,1,$4.99 ,,Scholastic Pub,,,,,,
Can you find the Difference?,First,,Disney books ,1998,,2243,English,New York,,,,,Nancy Parent,,2243,,1,$3.99 ,,Disney books,,,,,,
A Pirate's Tale,First,,Scholastic Inc Pub.,2006,,2244,English,New York,,,,,Alan Jardine,,2244,,1,$3.99 ,,Scholastic Pub,,,,,,
Good Night Mr.Night,First,,Voyager Books,2005,,2245,English,New York,,,,,Dan Yaccarino,,2245,,1,$6.00 ,,Voyager Books ,,,,,,
Cloudy With a Chance of Meatballs,First,,Scholastic Inc Pub.,1993,,2246,English,New York,,,,,Judi Barrett,,2246,,1,$5.00 ,,Scholastic Pub,,,,,,
"Penguin Pete, Ahoy!",First,,North South Books,1993,,2247,English,New York,,,,,Marcus Pfister,,2247,,1,$4.95 ,,North South Books,,,,,,
Koala Lou,First,,Puffin Books,2000,,2248,English,New York,,,,,Mem Fox,,2248,,1,$14.95 ,,Puffin Book,,,,,,
The Big Chase,First,,Platt & Munk Publishers,2000,,2249,English,New York,,,,,Michaela Munteam,,2249,,1,$2.99 ,,Platt & Munk Pub,,,,,,
Browny Bear Listens to His Elders,First,,Scholars Hub,2007,,2250,English,Delhi,,,,,Geetika Bahi,,2250,,1,40,,Scholars Hub Delhi,,,,,,
Franklin Wants A pet,First,,Scholastic Inc Pub.,1995,,2251,English,New York,,,,,Brenda Clark,,2251,,1,$3.99 ,,Scholastic Pub,,,,,,
Rhymes and Tales,First,,Holt Rinehart and Winston,1973,,2252,English,New York,,,,,Eldonna L Evertts,,2252,,1,$5.99 ,,Holt Rinehart and winston Inc,,,,,,
The Great Ant Adventure,First,,Scholastic Inc Pub.,2006,,2253,English,New York,,,,,Quinlan B lee,,2253,,1,$3.99 ,,Scholastic Pub,,,,,,
The Race ,First,,Hooked on Phonics,1998,,2254,English,New York,,,,,Jan Swanberg,,2254,,1,$3.99 ,,Hooked on Phonics,,,,,,
Cuckoo can't find you,First,,Scholastic Inc Pub.,2003,,2255,English,New York,,,,,Lorianne Siomades,,2255,,1,$2.99 ,,Scholastic Pub,,,,,,
Care Bears Special Delivery,First,,Scholastic Inc Pub.,2004,,2256,English,New York,,,,,Quinlan B lee,,2256,,1,$3.99 ,,Scholastic Pub,,,,,,
Arthur's Teacher Trouble,First,,Trumpet Club Pub,1989,,2257,English,New York,,,,,Marc Brown,,2257,,1,$3.99 ,,Trumpet Club,,,,,,
Going to Grandma's,First,,Scholastic Inc Pub.,2008,,2258,English,New York,,,,,Pamela Chanko,,2258,,1,$3.50 ,,Scholastic Pub,,,,,,
When the Leaf Blew in,First,,Scholastic Inc Pub.,2006,,2259,English,New York,,,,,Steve Metzger,,2259,,1,$3.99 ,,Scholastic Pub,,,,,,
The Gingerbread Man,First,,Scholastic Inc Pub.,1998,,2260,English,New York,,,,,Jim Aylesworth,,2260,,1,$3.99 ,,Scholastic Pub,,,,,,
Coyote Tales,First,,Ancient City Press,1988,,2261,English,Mexico,,,,,Willam Morgan,,2261,,1,$3.99 ,,Ancient City Press,,,,,,
If I Could Drive a Fire Truck!,First,,Scholastic Inc Pub.,1995,,2262,English,New York,,,,,Suasan Spellman,,2262,,1,$3.99 ,,Scholastic Pub,,,,,,
Come Clean for School,First,,Harper Festival,2012,,2263,English,New York,,,,,Jan & Mike Berenstain,,2263,,1,$2.50 ,,Harper Festival,,,,,,
Get out of Bed!,First,,Scholastic Inc Pub.,1998,,2264,English,New York,,,,,Alen & Lea Daniel,,2264,,1,$3.99 ,,Scholastic Pub,,,,,,
If I Could Drivean Ambulance!,First,,Scholastic Inc Pub.,2003,,2265,English,New York,,,,,Michael Teitelbaum,,2265,,1,$3.99 ,,Scholastic Pub,,,,,,
Needing Attention,First,,Scholastic Inc Pub.,1996,,2266,English,New York,,,,,Joy Berry,,2266,,1,$3.99 ,,Scholastic Pub,,,,,,
The Best thing about Valentines,First,,Scholastic Inc Pub.,2004,,2267,English,New York,,,,,Eleanor Hudson,,2267,,1,$3.99 ,,Scholastic Pub,,,,,,
Snow White,First,,Grosset and Dunlap,2007,,2268,English,New York,,,,,Megan E Bryant,,2268,,1,$3.99 ,,Scholastic Pub,,,,,,
Little Red Riding Hood,First,,Merrigold Press,1988,,2269,English,New York,,,,,Lyn Calder,,2269,,1,$3.99 ,,Merrigold Press,,,,,,
What to Do Blue?,First,,Simon Spotlight,1999,,2270,English,New York,,,,,Angela C Santomero,,2270,,1,$3.50 ,,Simon Spotlight,,,,,,
Bedtime Stories,First,,Random House,1972,,2271,English,New York,,,,,Richard Scarry,,2271,,1,$3.25 ,,Random House Pub,,,,,,
I was So Mad,First,,Scholastic Inc Pub.,1983,,2272,English,New York,,,,,Mercer Mayer,,2272,,1,$3.25 ,,Scholastic Pub,,,,,,
Kobo The Koala Bear,First,,A whitman Book,1972,,2273,English,New York,,,,,Marjory Schwalje,,2273,,1,$3.99 ,,A Whitman Book,,,,,,
Butterfly Magic,First,,Troll Associates,1996,,2274,English,New York,,,,,Melissa Getzoff,,2274,,1,$3.99 ,,Troll associates,,,,,,
Riddle Riot,First,,Sterling Publishing,2003,,2275,English,New York,,,,,Lori Miller Fox,,2275,,1,$3.99 ,,Sterling Publishing,,,,,,
The Impatient Turtle,First,,Bethany House Pub,2000,,2276,English,New York,,,,,Nancy Munger,,2276,,1,$6.99 ,,Bethany Backyard Pub,,,,,,
The School Play,First,,Scholastic Inc Pub.,2001,,2277,English,New York,,,,,Rosemary wells,,2277,,1,$5.99 ,,Scholastic Pub,,,,,,
Poppeton in Fall,First,,Scholastic Inc Pub.,1999,,2278,English,New York,,,,,Cynthia Rylant,,2278,,1,$3.99 ,,Scholastic Pub,,,,,,
The Race ,First,,Hooked on Phonics,1998,,2279,English,New York,,,,,Jan Swanberg,,2279,,1,$3.99 ,,Hooked on Phonics,,,,,,
Five Little Monkeys reading in Bad,First,,Scholastic Inc Pub.,2007,,2280,English,New York,,,,,Eileen Christelow,,2280,,1,$2.50 ,,Scholastic Pub,,,,,,
Five Little Monkeys reading in Bad,First,,Scholastic Inc Pub.,2007,,2281,English,New York,,,,,Eileen Christelow,,2281,,1,$2.50 ,,Scholastic Pub,,,,,,
