"Title","Edition","ISBN","Publisher Name","Publishing Year","Serial Title","Call Number","Language","publishing place","Classification","Notes","Image","File Attach","Author","Subject","Item Start value","Specific Detail Info","Copies","Price","label","Supplier","Subtitle","Keyword","Book review","Standards","Frequency"
"REVENGE OF THE LAWN GNOMES",,,"SCHOLASTIC",,"A1",1,,,,,,,"R.L.STINE",,"E1/7",,0,"$3.99 ",,,,,,,
"HOW I GOT MY SHRUNKEN HEAD",,,"SCHOLASTIC",,"A1",2,,,,,,,"R.L.STINE",,"E2/7",,0,"$3.99 ",,,,,,,
"THE BEAST FROM THE EAST",,,"SCHOLASTIC",,"A1",3,,,,,,,"R.L.STINE",,"E3/7",,0,"$3.99 ",,,,,,,
"PIANO LESSONS CAN BE MURDER",,,"SCHOLASTIC",,"A1",4,,,,,,,"R.L.STINE",,"E4/7",,0,"$3.99 ",,,,,,,
"LEGEND OF THE LOST LEGEND",,,"SCHOLASTIC",,"A1",5,,,,,,,"R.L.STINE",,"E5/7",,0,"$3.99 ",,,,,,,
"BODY SWITCHERS FROM OUTER SPACE",,,"SCHOLASTIC",,"A1",6,,,,,,,"R.L.STINE",,"E6/7",,0,"$3.99 ",,,,,,,
"LETS GET INVISIBLE",,,"SCHOLASTIC",,"A1",7,,,,,,,"R.L.STINE",,"E7/7",,0,"$3.99 ",,,,,,,
"CALLING ALL CREEPS",,,"SCHOLASTIC",,"A1",8,,,,,,,"R.L.STINE",,"E8/7",,0,"$3.99 ",,,,,,,
"THE DEADLY EXPERIMENTS OF DR.EEEK",,,"SCHOLASTIC",,"A1",9,,,,,,,"R.L.STINE",,"E9/7",,0,"$3.99 ",,,,,,,
"THE TWISTED TALE OFTIKI ISLAND",,,"SCHOLASTIC",,"A1",10,,,,,,,"R.L.STINE",,"E10/7",,0,"$3.99 ",,,,,,,
"SCREAM OF THE EVIL GENIE",,,"SCHOLASTIC",,"A1",11,,,,,,,"R.L.STINE",,"E11/7",,0,"$3.99 ",,,,,,,
"UNDER THE MEGICIANS SPELL",,,"SCHOLASTIC",,"A1",12,,,,,,,"R.L.STINE",,"E12/7",,0,"$3.99 ",,,,,,,
"YOUNG SHERLOCK HOLMES SNAKE BITE",,,"MACMILLAN CHILDRENS BOOKS",,"A1",13,,,,,,,"ANDREW LANE ",,"E13/7",,0,"$2.99 ",,,,,,,
"THE BEAST FROM THE EAST",,,"SCHOLASTIC",,"A1",14,,,,,,,"R.L.STINE",,"E14/7",,0,"$3.99 ",,,,,,,
"YOU CANT SCARE ME!",,,"SCHOLASTIC",,"A1",15,,,,,,,"R.L.STINE",,"E15/7",,0,"$3.99 ",,,,,,,
"DONT GO TO SLEEP!",,,"SCHOLASTIC",,"A1",16,,,,,,,"R.L.STINE",,"E16/7",,0,"$3.99 ",,,,,,,
"AND THE PRISONER OF AZKABAN",,,"SCHOLASTIC",,"A1",17,,,,,,,"J.K.ROWLINGS",,"E17/7",,0,"$7.99 ",,,,,,,
"AND THE SORCRES STONE",,,"SCHOLASTIC",,"A1",19,,,,,,,"J.K.ROWLINGS",,"E19/7",,0,"$7.99 ",,,,,,,
"BABY SITTERS LITTLE SISTER",,,"SCHOLASTIC",,"A1",20,,,,,,,"ANN M. MARTIN",,"E20/7",,0,"$3.99 ",,,,,,,
"THE ADVENTURE OF ROBINSON CRUSOE",,,"BARONET BOOKS",,"A1",21,,,,,,,"DANIEL DEFOE",,"E 21/7",,0,"250/-",,,,,,,
"SWEET VALLEY KIDS",,,"A BANTAM BOOK",,"A1",22,,,,,,,"MOIIY MIA STEWART ",,"E22/7",,0,"$3.95 ",,,,,,,
"NANCY DREW",,,"SIMON AND SCHUSTER SPOTLIGHT",,"A1",23,,,,,,,"CAROLYN KEENE",,"E 23/7",,0,,,,,,,,
"HAUNTING AT HOME PLATE",,,"SCHOLASTIC",,"A1",24,,,,,,,"DAVID PATNEAUDE",,"E 24/7",,0,,,,,,,,
"POLAR BEARS PAST BEDTIME",,,"SCHOLASTIC",,"A1",25,,,,,,,"MARY POPE OSBORNE",,"E 25/7",,0,"$3.99 ",,,,,,,
"MARVIN REDPOST",,,"SCHOLASTIC",,"A1",26,,,,,,,"LOISE SACHAR",,"E 26/7",,0,,,,,,,,
"THE TREE HOUSE TIMES",,,"AMEX COMPANY LIMITED",,"A1",27,,,,,,,"PAGE McBIER",,"E 27/7",,0,"$2.50 ",,,,,,,
"THE BABY SITTERS CLUB",,,"SCHOLASTIC",,"A1",28,,,,,,,"ANN M MARTIN",,"E 28/7 ",,0,"$3.50 ",,,,,,,
"THE SAINT THE SURFER AND THE CEO",,,"HAY HOUSE ",,"A1",29,,,,,,,"ROBIN SHARMEE ",,"E 29/7",,0,"$295.00 ",,,,,,,
"WINGS OF FIRE",,,"UNIVERSITIES PRESS",,"A1",30,,,,,,,"A.P.J. ABDUL KALAM",,"E 30/7",,0,250,,,,,,,
"THE CAT ATE MY GYMSUIT",,,"DELL PUBLISHING Co.Inc",,"A1",31,,,,,,,"PAULA DANZIGER",,"E 31/7",,0,"$2.95 ",,,,,,,
"SIDEWAYS STORIES FROM WAYSIDE SCHOOL",,,"AMEX COMPANY LIMITED",,"A1",32,,,,,,,"LOUSE SACHAR",,"E 32/7",,0,"$3.50 ",,,,,,,
"JUNIE B., FIRST GRADER",,,"RANDOM HOUSE",,"A1",33,,,,,,,"DENISE BRUNKUS",,"E 33/7",,0,"$3.99 ",,,,,,,
"THE TIME MACHINE",,,"BARONET BOOKS",,"A1",34,,,,,,,"H.G.WELLS",,"E 34/7",,0,"$7.99 ",,,,,,,
"SANGHAIED TO CHINA",,,"BENDON PUBLISHING INTERNATIONAL",,"A1",35,,,,,,,"HUDSON TAYLOR",,"E 35/7 ",,0,"50/-",,,,,,,
"THE GREAT BRAIN",,,"DELL PUBLISHING Co.Inc",,"A1",36,,,,,,,"JOHN D FITZGERALD",,"E 36/7",,0,"$2.95 ",,,,,,,
"KING OF THE WIND",,,"AMEX COMPANY LIMITED",,"A1",37,,,,,,,"MARGUERITE HENRY",,"E 37/7",,0,"$4.99 ",,,,,,,
"SURVIVING THE APPLEWHITES",,,"SCHOLASTIC",,"A1",38,,,,,,,"STEPHANIE S TOLAN",,"E 38/7",,0,"$3.99 ",,,,,,,
"TERROR IN TINY TOWN",,,"TROLL ASSOCIATES",,"A1",39,,,,,,,"A.G.CASCONE",,"E 39/7",,0,"$3.50 ",,,,,,,
"LOOK WHOS PLAYING FIRST BASE",,,"LITTLE BROWN & COMPANY",,"A1",40,,,,,,,"MATT CRISTOPHER",,"E 40/7",,0,"60/-",,,,,,,
"SECRET OF THE TOWER",,,"TROLL ASSOCIATES",,"A1",41,,,,,,,"DEBRA DOYLE ",,"E 41/7",,0,"$3.95 ",,,,,,,
"MADISON FINN",,,"VIKING PENGUIM",,"A1",42,,,,,,,"LAURA DOWER",,"E 42/7",,0,"$4.99 ",,,,,,,
"DOLPHIN DIARIES",,,"SCHOLASTIC",,"A1",43,,,,,,,"BEN M BAGLIO",,"E 43/7",,0,"$3.99 ",,,,,,,
"A SERIES OF UNFORTUNATE EVENTS",,,"SCHOLASTIC",,"A1",44,,,,,,,"LEMONY SNICKET",,"E 44/7",,0,,,,,,,,
"STEPHANIE",,,"A MINSTREL BOOK",,"A1",45,,,,,,,"KATIE KIMBALL",,"E45/7",,0,"$4 ",,,,,,,
"ROCK A DOODLE",,,,,"A1",46,,,,,,,,,"E 46/7",,0,"10/-",,,,,,,
"A SERIES OF UNFORTUNATE EVENTS",,,"SCHOLASTIC",,"A1",47,,,,,,,"LEMONY SNICKET",,"E47/7",,0,"$80.00 ",,,,,,,
"ONE MISSING FINGER",,,"OCOPUS BOOKS LIMITED",,"A1",48,,,,,,,"DON TREMBATH",,"E 48/7",,0,"$6.95 ",,,,,,,
"OUT OF THE DUST",,,"SCHOLASTIC",,"A1",49,,,,,,,"KAREN HESSE",,"E 49/7",,0,"$4.99 ",,,,,,,
"THE MUSIC OF DOLPHINS",,,"SCHOLASTIC",,"A1",50,,,,,,,"KAREN HESSE",,"E 50/7",,0,"$5.99 ",,,,,,,
"KARENS KITTYCAT CLUB",,,"SCHOLASTIC",,"A1",51,,,,,,,"ANN M MARTIN",,"E 51/7",,0,"$3.99 ",,,,,,,
"ENCYCLOPEDIA BROWN SETS THE PACE",,,"SCHOLASTIC",,"A1",52,,,,,,,"DONALD J SOBOL",,"E 52/7",,0,"$4.50 ",,,,,,,
"KARENS KITTYCAT CLUB",,,"SCHOLASTIC",,"A1",53,,,,,,,"ANN M MARTIN",,"E 53/7",,0,"$4.50 ",,,,,,,
"MIDNIGHT IN THE DOLLHOUSE",,,"SCHOLASTIC",,"A1",54,,,,,,,"MARJORIE FILLEY STOVER",,"E 54/7",,0,"$2.95 ",,,,,,,
"SCOOBY DOO AND THE SUNKEN SHIP",,,"SCHOLASTIC",,"A1",55,,,,,,,"JAMES GELSEY",,"E 55/7",,0,"40/-",,,,,,,
"THE PUPPY PLACE ",,,"SCHOLASTIC",,"A1",56,,,,,,,"ELLENS MILES",,"E 56/7",,0,"$4.99 ",,,,,,,
"DO THE FUNKY PICKLE",,,"SCHOLASTIC",,"A1",57,,,,,,,"JERRY SPINELLI",,"E 57/7",,0,"$4.99 ",,,,,,,
"A LIITLE PRINCESS",,,"SCHOLASTIC",,"A1",58,,,,,,,"FRANCES ",,"E 58/7",,0,"$3.99 ",,,,,,,
"KARENS SECRET",,,"SCHOLASTIC",,"A1",59,,,,,,,"ANN M MARTIN",,"E 59/7",,0,"$2.95 ",,,,,,,
"KARENS KIITTYCAT CLUB",,,"SCHOLASTIC",,"A1",60,,,,,,,"ANN M MARTIN",,"E60/7",,0,"$2.95 ",,,,,,,
"RENT A THIRD GRADER",,,"SCHOLASTIC",,"A1",61,,,,,,,"B.B.HILLER",,"E 61/7",,0,"$3.99 ",,,,,,,
"KARENS GOOD BYE",,,"SCHOLASTIC",,"A1",62,,,,,,,"ANN M MARTIN",,"E 62/7",,0,"$2.75 ",,,,,,,
"POWERPUFF PROFESSOR",,,"SCHOLASTIC",,"A1",63,,,,,,,"AMY KEATING ROGERS",,"E 63/7",,0,"$3.99 ",,,,,,,
"SCOOBY DOO AND THE SPOKY STRIKEOUT",,,"SCHOLASTIC",,"A1",64,,,,,,,"JAMES GELSEY",,"E 64/7",,0,"20/-",,,,,,,
"KARENS KITTENS",,,"SCHOLASTIC",,"A1",65,,,,,,,"ANN M MARTIN",,"E 65/7",,0,"$3.50 ",,,,,,,
"AMAZING DAYS OF ABBY HAYES",,,"SCHOLASTIC",,"A1",66,,,,,,,"ANNE MAZER",,"E 66/7",,0,"30/-",,,,,,,
"THE FINAL NIGHTMARE",,,"SCHOLASTIC",,"A1",67,,,,,,,"RODMAN PHILBRICK",,"E 67/7",,0,"$3.50 ",,,,,,,
"DOLPHIN DIARIES",,,"SCHOLASTIC",,"A1",68,,,,,,,"BEN M. BAGLIO",,"E 68/7",,0,"$3.99 ",,,,,,,
"KARENS SCHOOL PICTURE",,,"SCHOLASTIC",,"A1",69,,,,,,,"ANN M. MARTIN",,"E 69/7",,0,"$2.50 ",,,,,,,
"COUSINS",,,"SCHOLASTIC",,"A1",70,,,,,,,"COLLEN",,"E 70/7",,0,,,,,,,,
"JUNIE B. FIRST GRADER",,,"RANDOM HOUSE",,"A1",71,,,,,,,"DENISE BRUNKUS",,"E 71/7",,0,"$3.99 ",,,,,,,
"TUBYY IN THE TUB",,,"SCHOLASTIC",,"A1",72,,,,,,,"BEN M. BAGLIO",,"E 72/7",,0,"$3.99 ",,,,,,,
"THE CURIOUS LITTLEKITTEN GETS LOST",,,"A GOLDEN BOOK",,"A1",73,,,,,,,"DORIS BUCHANAN SMITH",,"E 73/7",,0,80,,,,,,,
"PADDINGTON AT LARGE",,,,,"A9",74,,,,,,,"MICHAEL BOND",,"E74/7",,0,50,,,,,,,
"WELCOME TO DEAD HOUSE ",,,,,"A1",75,,,,,,,,,"E 75/7",,0,,,,,,,,
"A SERIES OF UNFORTUNATE EVENTS",,,"CHILDDREN S CHOICE BOOK CLUB",,"A1",76,,,,,,,"LEMONY SNICKET",,"E 76/7",,0,,,,,,,,
"WORD SEARCH (PUZZLES )",,,"PYRAMIND",,"A1",77,,,,,,,"MARGARET RASH ",,"E77/7",,0,,,,,,,,
"CARNIVAL AT VANDLELIGHT",,,"RANDOM HOUSE",,"A1",78,,,,,,,"LEMONY SNICKET",,"E 78/7",,0,,,,,,,,
" SUPERFUDGE",,,"SCHOLASTIC",,"A1",79,,,,,,,"JUDY BLUME",,"E 79/7",,0,,,,,,,,
"FLATE STANLEY",,,"SCHOLASTIC",,"A1",80,,,,,,,"JEFF BROWN",,"E 80/7",,0,"20/-",,,,,,,
"SNOWY DAY MYSTERY",,,"SCHOLASTIC",,"A1",81,,,,,,,"CAM JANSEN",,"E 81/7",,0,,,,,,,,
"THE CHAIN LETTER",,,"SCHOLASTIC",,"A1",82,,,,,,,"JULIE SCHUMACHER",,"E82/7",,0,"$3.99 ",,,,,,,
"AMERICAN REVOLUTION ",,,"SCHOLASTIC",,"A1",83,,,,,,,"MARY POPE OSBORE",,"E83/7",,0,,,,,,,,
"king OF THE WIND",,,"SCHOLASTIC",,"A1",84,,,,,,,"R.L.STINE",,"E84/7",,0,"$4.99 ",,,,,,,
"THE WISH",,,"SCHOLASTIC",,"A1",85,,,,,,,"GAIL CARSON LEVINE",,"E85/7",,0,,,,,,,,
"M.K.GANDHI",,,"GBD BOOK",,"A1",86,,,,,,,"MAHADEV DESAI",,"E86/7",,0,,,,,,,,
"DIARY OF A WIMPY VAMPIRE",,,,,"A1",87,,,,,,,"TIM COLLINS",,"E87/7",,0,225,,,,,,,
"YOUR MOTHER WAS A NEANDERTHAL",,,"SCHOLASTIC",,"A1",88,,,,,,,"JON SCIESZKA",,"E88/7",,0,,,,,,,,
"THE BIG SHOW",,,"SCHOLASTIC",,"A1",89,,,,,,,"DON TREMBATH",,"E89/7",,0,"$6.95 ",,,,,,,
"BLUE WILLOW",,,"SCHOLASTIC",,"A1",90,,,,,,,"DORIS GATES",,"E90/7",,0,,,,,,,,
"IN THE DOGHOUSE",,,"SCHOLASTIC",,"A1",91,,,,,,,"LISA",,"E91\7",,0,"BANIM",,,,,,,
"IN THE DINOSAURS PAW",,,"SCHOLASTIC",,"A1",92,,,,,,,"PATRICIA REILLY GIFF",,"E92/7",,0,"$3.50 ",,,,,,,
"LIONS AT LUNCH TIME ",,,"SCHOLASTIC",,"A1",93,,,,,,,"MARY POPE OSBORNE",,"E93/7",,0,"$80.00 ",,,,,,,
"MRS.CALIBAN",,,"LANDOLL S INC.",,"A1",94,,,,,,,"RACHEL INGALLS",,"E94/7",,0,,,,,,,,
"WAKE UP, EMAILY, ITS MOTHERS DAY",,,"A YEARLING BOOK",,"A1",95,,,,,,,"PATRICIA REILLY GIFF",,"E95/7",,0,"$3.99 ",,,,,,,
"DREAMER BALLERINA ",,,,,"A1",96,,,,,,,"SARAH RUBIN",,"E96/7",,0,250,,,,,,,
"THE WELL",,,"SCHOLASTIC",,"A1",97,,,,,,,"MILDRED D. TAYLOR",,"E97/7",,0,,,,,,,,
"GIRL TALK",,,"SCHOLASTIC",,"A1",98,,,,,,,"BL.E.BLAIR",,"E98/7",,0,,,,,,,,
"FULL HOUSE MICHELLE",,,"SCHOLASTIC",,"A1",99,,,,,,,"PAULINE PREISS",,"E99/7",,0,"$3.99 ",,,,,,,
"TALES FROM THE CLASSROOM AT THE END OF THE HALL",,,"SCHOLASTIC",,"A1",100,,,,,,,"DOUGLAS EVANS",,"E100/7",,0,,,,,,,,
"FACE TO FACE",,,"SCHOLASTIC",,"A1",101,,,,,,,"MARION DANE BAUER",,"E101/7",,0,,,,,,,,
"SUPER FUDGE",,,"SCHOLASTIC",,"A1",102,,,,,,,"JUDY BLUME",,"E102/7",,0,,,,,,,,
"CARNIVAL AT CANDLELIGHT",,,"A STEPPING STONE BOOK",,"A1",103,,,,,,,"MARY POPE",,"E103/7",,0,,,,,,,,
"THE MONSTERS RING",,,"POCKET BOOKS",,"A1",104,,,,,,,"BRUCE COVILLE",,"E104/7",,0,,,,,,,,
"A SERIES OF UNFORTUNATE EVENTS",,,"HYPER COLLINS PUBLISHERS",,"A1",105,,,,,,,"LEMONY SNICKET",,"E105/7",,0,"$11.99 ",,,,,,,
"THE BAD BEGINNING",,,,,"A1",106,,,,,,,,,"E106/7",,0,,,,,,,,
"CHARLIE BONE AND THE INVISIBLE BOY",,,"SCHOLASTIC",,"A1",107,,,,,,,"JENNY NIMMO",,"E107/7",,0,"$4.99 ",,,,,,,
"THE DARK HILLS DEVIDE",,,"SCHOLASTIC",,"A1",108,,,,,,,"PATRIC CARMON",,"E108/7",,0,"$9.95 ",,,,,,,
"YEAR BOOK 2013",,,"SCHOLASTIC",,"A1",109,,,,,,,"LUBAINA BANDUKWALA",,"E109/7",,0,275,,,,,,,
"LIONESS RAMPANT",,,"RANDOM HOUSE",,"A1",110,,,,,,,"TAMORA PIERCE",,"E110/7",,0,"$4.99 ",,,,,,,
"KRISS WAR",,,"SCHOLASTIC",,"A1",111,,,,,,,"CAROL MATAS",,"E111/7",,0,,,,,,,,
"THE ADVENTURES OF THE BAILEY SCHOOL KIDS",,,"SCHOLASTIC",,"A1",112,,,,,,,"DEBBIE DADEY",,"E112/7",,0,"$5.95 ",,,,,,,
"THE CLUE OF THE BROKEN LOCKET",,,"GROSSET & DUNLAP",,"A1",113,,,,,,,"CAROLYN KEENE",,"E113/7",,0,,,,,,,,
"MARTIN LUTHER KING JR.AMAN OF PEACE",,,"SCHOLASTIC",,"A1",114,,,,,,,,,"E114/7",,0,30,,,,,,,
"THE MYSTERIOUS MANNEQUIN",,,"GROSSET & DUNLAP",,"A1",115,,,,,,,"CAROLYN KEENE",,"E115/7",,0,,,,,,,,
"THE FIRE WITHIN",,,"SCHOLASTIC",,"A1",116,,,,,,,"CHRIS D LACEY",,"E 116",,0,"$7.95 ",,,,,,,
"KARENS NEW TEACHER ",,,"SCHOLASTIC",,"A1",117,,,,,,,"ANN. M. MARTIN ",,"E117",,0,"$2.75 ",,,,,,,
"DISCOVERING SCIENCE SECRETS",,,"SCHOLASTIC",,"A1",118,,,,,,,"JUNE OTANI",,"E7/118",,0,"RS50",,,,,,,
"A TREASURY OF STORIES FOR EIGHT YEAR OLDS",,,"KIDS CAN PRESS",,"A1",119,,,,,,,"EDWARD AND NANCY BLISHEN",,"E7/119",,0,"$5.95US",,,,,,,
"SOMETHING QUEER AT BIRTHDAY PARTY",,,"DELL PUBLISHING Co.Inc",,"A1",120,,,,,,,"ELIZABETH LEVY",,"E7/120",,0,"$2.99US",,,,,,,
"JUNIE B. JONES IS CAPTAIN FIELD DAY",,,"RANDOM HOUSE",,"A1",121,,,,,,," BARABARA PARK",,"E7/121",,0,"$4.99US",,,,,,,
"JUNIE B. JONES AND A LITTLE MONKEY BUSINESS",,,"RANDOM HOUSE",,"A1",122,,,,,,," BARABARA PARK",,"E7/122",,0,"$3.99US",,,,,,,
"MEWTEW RETURNS",,,"SCHOLASTIC",,"A1",123,,,,,,,"DEWIN",,"E7/123",,0,"$4.50US",,,,,,,
"FAIRIES",,,"PUFFIN BOOKS",,"A1",124,,,,,,,"AVIRL RODWAY",,"E7/124",,0,,,,,,,,
"RANI IN THE MERMAID LAGOONL",,,"RANDOM HOUSE",,"A1",125,,,,,,,"LISA PAPADEMETRIOU",,"E7/125",,0,"$5.99US",,,,,,,
"JUSTINE BABY SITTING NIGHTMARE",,,"RAINBOW BRIDGE",,"A1",126,,,,,,,"JANET QUIN HARKIN",,"E7/126",,0,"$2.95US",,,,,,,
"TOP 10THE WEIRDEST OF THE WEIRD",,,"SCHOLASTIC",,"A1",127,,,,,,,"MARY PACKED",,"E7/127",,0,"$4.99US",,,,,,,
"THE MYSTERY IN NEW YORK",,,"ADVANCE PUBLISHERS",,"A1",128,,,,,,,"GERTRUDE CHANDLER WARNER",,"E7/128",,0,,,,,,,,
"JUNIEB.JONES&A LITTLE MONKEY BUSINESS",,,"SCHOLASTIC",,"A1",129,,,,,,,"BARBARA PARK",,"E7/129",,0,80,,,,,,,
"JUNIEB.JONES&A LITTLE MONKEY BUSINESS",,,"RANDOM HOUSE",,"A1",130,,,,,,,"MARY POPE OSBOREN",,"E7/130",,0,"$3.99 ",,,,,,,
"A GUID FOR YONG PITCHERS",,,,,"A1",131,,,,,,,"DON OSTER&BILL MC MILLAN",,"E7/131",,0,"$11.95 THE LYONS PRESS",,,,,,,
"THE KIDS WORLD ALMANAC OF RECORDS AND FACTS",,,"WORLD INTERNATIONAL PUBLISHING LTD.",,"A1",132,,,,,,,"MARGO MCLOONE-BASTA &ALICE SIEGAL",,"E7/132",,0,,,,,,,,
"SUNSET OF SABERTOOTH",,,"SCHOLASTIC",,"A1",133,,,,,,,"MARY POPE OSBORNE",,"E7/133",,0,,,,,,,,
"POLAR PAST BED TIME",,,"RANDOM HOUSE",,"A1",134,,,,,,,"MARY POPE OSBORNE",,"E7/134",,0,"$3.99US",,,,,,,
"DINOSAURS BEFORE DARK",,,"SCHOLASTIC",,"A1",135,,,,,,,"MARY POPE OSBORNE",,"E7/135",,0,,,,,,,,
"THE KNIGHT AT DAWN",,,"RANDOM HOUSE",,"A1",136,,,,,,,"MARY POPE OSBORNE",,"E7/136",,0,"$3.99US",,,,,,,
"VACATION UNDER THE VOLCANO",,,"RANDOM HOUSE",,"A1",137,,,,,,,"MARY POPE OSBORNE",,"E7/137",,0,"$3.99US",,,,,,,
"TIGERS AT TWILIGHT",,,"RANDOM HOUSE",,"A1",138,,,,,,,"MARY POPE OSBORNE",,"E7/138",,0,"$3.99U.S",,,,,,,
"THE COST OF COOL",,,"SIMON AND SCHUSTER SPOTLIGHT",,"A1",139,,,,,,,"ADAM BEECHEN",,"E7/139",,0,"$3.59 ",,,,,,,
"POKEMON POP QUIZ",,,"SCHOLASTIC",,"A1",140,,,,,,,"CARLIC ENTIN",,"E7/140",,0,"$3.99US",,,,,,,
"THE 100 BOOK RACE",,,"THE TRUMPET CLUB ",,"A1",141,,,,,,,"PATRICIA REILLY GIFF",,"E7/141",,0,,,,,,,,
"THE STRANGE THING THAT HAPPENED TO ALLEN BREWSTER",,,"LITTLE BROWN & COMPANY",,"A1",142,,,,,,,"JOHN REYNOLDS GARDINER",,"E7/142",,0,"$14.95 ",,,,,,,
"JUDY MOODY GETS FAMOUS!",,,"CANDLEWICK PRESS",,"A1",143,,,,,,,"MEGAN MCDONALD",,"E7/143",,0,"$5.99U.S",,,,,,,
"BEVERLIY CLEARY",,,"SCHOLASTIC",,"A1",130,,,,,,,"HENRY HUGGINS ",,"E7/144",,0,80,,,,,,,
"EXPLORING JOURNALS &DIARIES",,,"SCHOLASTIC",,"A1",145,,,,,,,"PETER&CONNIE ROOP,LAURA INGALLSWILDER,ANNE FRANK",,"E7/145",,0,,,,,,,,
"THE ADVENTURES OF MARYKATE&ASHLEY",,,"SCHOLASTIC",,"A1",146,,,,,,,"CAROL THOMPSON",,"E7/146",,0,"$3.99U.S",,,,,,,
"CAPTAIN UNDERPANTS AND THE PERILOUS PLOT OF PROFESSOR POOPYPANTS",,,"SCHOLASTIC",,"A1",147,,,,,,,"DEV PILKEY",,"E7/147",,0,"$4.99US",,,,,,,
"SUPER SPECIALS#2 PEN PALS SUMMER SIZZLE",,,"DELL PUBLISHING Co.Inc",,"A1",148,,,,,,,"SHARON DENNIS WYETH",,"E7/148",,0,,,,,,,,
"KAZAAM",,,,,"A1",149,,,,,,,"PAUL M. GLASER",,"E7/149",,0,"$4.99 ",,,,,,,
"AFTERNOON ON THE AMAZON",,,"SCHOLASTIC",,"A1",150,,,,,,,"MARY POPE OSBORNE",,"E7/150",,0,,,,,,,,
"COUNT YOUR MONEY WITH THE POLK STREET SCHOOL",,,"DELL PUBLISHING Co.Inc",,"A1",151,,,,,,,"PATRICIA REILLY GIFF",,"E7/151",,0,,,,,,,,
"LITTLE GENIE APUFF OF PINK",,,"A YEARLING BOOK",,"A1",152,,,,,,,"MIRANDA JONES",,"E7/152",,0,"$4.99 ",,,,,,,
"JUNIE B.JONES &THE YUCKY BLUCKY FRUIT CAKE",,,"SCHOLASTIC",,"A1",153,,,,,,,"BARBARA PARK",,"E7/153",,0,,,,,,,,
"ROLLER HOCKRY BLUES",,,"JUST FOR KIDS PRESS",,"A1",154,,,,,,,"STEVEN BARWIN&GABRIRL DAVID TICK",,"E7/154",,0,"$8.95 ",,,,,,,
"THE TALES OF BENJAMIN BUNNY",,,"FREDERICK THOMAS INC.",,"A1",155,,,,,,,"BEATRIX POTTER",,"E7/155",,0,,,,,,,,
"ANIMALS HEROES",,,"SCHOLASTIC",,"A1",156,,,,,,,"SHARIF TARABAY",,"E7/156",,0,,,,,,,,
"JUNIE B. JONES HAS A PEEP IN HER POCKET",,,"SCHOLASTIC",,"A1",157,,,,,,,"BARBARA PARK",,"E7/157",,0,,,,,,,,
"JUNIE B .JONES IS CAPTAIN FIELD DAY",,,"RANDOM HOUSE",,"A1",158,,,,,,,"BARBARA PARK",,"E7/158",,0,"$3.99US",,,,,,,
"JUNIE B. JONES SMELLS SOMETHING FISHY",,,,,"A1",159,,,,,,,"BARBARA PARK",,"E7/159",,0,,,,,,,,
"THE NEW ADVENTURES OF MARY KATE&ASHLEY",,,"DORLING KINDERSLEY",,"A1",160,,,,,,,"LISA FIEDLER",,"E7/160",,0,"$4.25US",,,,,,,
"AYEAR DOWN YONDER",,,"A PUFFIN BOOK",,"A1",161,,,,,,,"RICHARD PECK",,"E7/161",,0,"$5.99USA",,,,,,,
"FISH FACE",,,"DELL PUBLISHING Co.Inc",,"A1",162,,,,,,,"PATRICIA REILLY GIFF",,"E7/162",,0,,,,,,,,
"MISTRY TO THE RESEUE ",,,"BIGINNER BOOKS",,"A1",163,,,,,,,"GILLIAN SHIELDS",,"E7/163",,0,"$3.99US",,,,,,,
"WHO STOLE THE WIZARD OF OZ",,,"A PUFFIN BOOK",,"A1",164,,,,,,,"DEREK JAMES",,"E7/164",,0,"$4.99U.S",,,,,,,
"THE MYSTERY OF THE PURPLE POOL",,,"SCHOLASTIC",,"A1",165,,,,,,,"GERTRUDE CHANDLER WARNER",,"E7/165",,0,,,,,,,,
"THE GOOD,THE BAD,&THE GOOFY",,,"A PUFFIN BOOK",,"A1",166,,,,,,,"JON SCIESZKA",,"E7/166",,0,"$3.99US",,,,,,,
"JUNIE B .JONES IS (ALMOST) A FLOWER GIRLS",,,"RANDOM HOUSE",,"A1",167,,,,,,,"BARBARA PARK",,"E7/167",,0,"$3.99U.S",,,,,,,
"THE DISAPPERING STAIRCASE MYSTERY",,,"ADVANCE PUBLISHERS",,"A1",168,,,,,,,"GERTRUDE CHANDLER WARNER",,"E7/168",,0,,,,,,,,
"BEVERLIY CLEARY",,,"AMEX COMPANY LIMITED",,"A1",169,,,,,,,"RALPH S.MOUSE",,"E7/169",,0,"$4.50US",,,,,,,
"SPONGEBOB AIRPANTS:THE LAST EPISODE",,,"SCHOLASTIC",,"A1",170,,,,,,,"MERRIWEATHER WILLIAMS",,"E7/170",,0,"$3.99US",,,,,,,
"THE COMPUTER NUT",,,"A PUFFIN BOOK",,"A1",171,,,,,,,"BETSY BYARS",,"E7/171",,0,"$5.99US",,,,,,,
"HAMTER IN THE MORNING ",,,"SCHOLASTIC",,"A1",172,,,,,,,"MARY POPE OSBORNE ",,"E7/172",,0,"$3.59 ",,,,,,,
"MUMMIESW IN THE MORNING",,,"SCHOLASTIC",,"A1",173,,,,,,,"MARY POPE OSBORNE",,"E7/173",,0,"$3.59 ",,,,,,,
"A TO Z MYSTERIES THE WHITE WOLF",,,"RANDOM HOUSE",,"A1",174,,,,,,,"RONROY",,"E7/174",,0,"$3.99US",,,,,,,
"THE LIZZIE MC GUIRE MOVIE",,,"THE WALT DISNEY COMPANY",,"A1",175,,,,,,,"J.G.WEISS",,"E7/175",,0,"$4.99US",,,,,,,
"KATIE KARZOO SWITCHEROODOGGONE IT!",,,"GROSSET & DUNLAP",,"A1",176,,,,,,,"NANCY KRULIK",,"E7/176",,0,"$3.99US",,,,,,,
"HORRIBLE HARRY GOES TO THE MOON",,,"SCHOLASTIC",,"A1",177,,,,,,,"SUZY KLINE",,"E7/177",,0,"$2.99US",,,,,,,
"THE WORLDS GREATEST VALENTINE",,,"SCHOLASTIC",,"A1",178,,,,,,,"TERRY COLLINS",,"E7/178",,0,,,,,,,,
"PUPPY LOVE",,,"SCHOLASTIC",,"A1",179,,,,,,,"MOLLY D. LEIBOVITZ",,"E7/179",,0,"$4.99US",,,,,,,
"JUMP INITHE JUNIOR NOVEL",,,"THE WALT DISNEY COMPANY",,"A1",180,,,,,,,"M.C. KING",,"E7/180",,0,"$3.99US",,,,,,,
"JUNIE B .,FIRST GRADER SHIPWRECKED",,,"RANDOM HOUSE",,"A1",181,,,,,,,"BARBARA PARK",,"E7/181",,0,"3.99U.S",,,,,,,
"SUNSET OF SABERTOOTH",,,"RANDOM HOUSE",,"A1",182,,,,,,,"MARY POPE OSBORNE",,"E7/182",,0,"$3.99U.S",,,,,,,
"FULL HOUSE STEPHANINE",,,"POCKET BOOKS",,"A1",183,,,,,,,"P.S.FRIENDS FOREVER",,"E7/183",,0,"$3.99US",,,,,,,
"CAM JANSEN THE MYSTERYOF THE STOLEN DIAMONDS",,,"A PUFFIN BOOK",,"A1",184,,,,,,,"DAVID A.ADLER",,"E7/184",,0,"$3.99US",,,,,,,
"POKMON ",,,"SCHOLASTIC",,"A1",185,,,,,,,"TRACEY WEST",,"E7/185",,0,"$4.50 ",,,,,,,
"THE VOICE ON THE RADIO ",,,"SCHOLASTIC",,"A1",186,,,,,,,"EAROLINE B. COONEY",,"E7/186",,0,"$4.99 ",,,,,,,
"THE TALKING EARTH",,,"HYPER COLLINS PUBLISHERS",,"A1",187,,,,,,,"JEAN CRAIGHEAD GEORGE",,"E7/187",,0,,,,,,,,
"ANASTASIA AT YOUR SERVICE",,,"A YEARLING BOOK",,"A1",188,,,,,,,"LOIS LOWRY ",,"E7/188",,0,"$3.99US",,,,,,,
"DOGS ON THE JOB!",,,"HYPER COLLINS PUBLISHERS",,"A1",189,,,,,,,"CHRISTOPHER FARRAN",,"E7/189",,0,"$3.99US",,,,,,,
"THE CLUE IN THE CROSSWORD CIPPHER",,,"GROSSET & DUNLAP",,"A1",190,,,,,,,"CAROLYN KEENE",,"E7/190",,0,,,,,,,,
"A PERFECT PONY",,,"HYPER COLLINS PUBLISHERS",,"A1",191,,,,,,," LOIS SZYMANSKI",,"E7/191",,0,"$4.99US",,,,,,,
"FULL HOSE STEPHANINE",,,"A MINSTREL BOOK",,"A1",192,,,,,,,"JACQUELINE CARROLL",,"E7/192",,0,"$3.99US",,,,,,,
"BOSTON JANE AN ADVENTURE",,,"SCHOLASTIC",,"A1",193,,,,,,,"JENNIFER L.HOLM",,"E7/193",,0,"$3.99US",,,,,,,
"DINOTOPIA HATCHING",,,"RANDOM HOUSE",,"A1",194,,,,,,,"MIDORI SNYDER",,"E7/194",,0,"$3.99U.S",,,,,,,
"STANLEY,FLAT AGAIN",,,"HYPER COLLINS PUBLISHERS",,"A1",195,,,,,,,"JEFF BROWN",,"E7/195",,0,"$4.99U.S",,,,,,,
"THE SECRET RIVER",,,"MACMILLAN , INC",,"A1",196,,,,,,,"MARJORIE KINNAN RAWLINGS",,"E7/196",,0,,,,,,,,
"ROSA PARKS",,,"HYPER COLLINS PUBLISHERS",,"A1",197,,,,,,,"ELOSISE GREENFIELD",,"E7/197",,0,"&3.95US",,,,,,,
"RIDE OF THE TOP",,,"SCHOLASTIC",,"A1",198,,,,,,,"ALICE DIETE RICH ",,"E7/198",,0,"$3.99U.S",,,,,,,
"QUARTER BACK POWER ",,,"SCHOLASTIC",,"A1",199,,,,,,,"TIM POLZER ",,"E7/199",,0,"$3.99U.S",,,,,,,
"FULL HOUSE MICHELLA",,,"A MINSTREL BOOK",,"A1",200,,,,,,,"LAURA ONEIL",,"E7/200",,0,"$3.50U.S",,,,,,,
"THE BERENSTAIN BEARS GO TO YHE DOCTOR ",,,"RANDOM HOUSE",,"A1",201,,,,,,,"STAN & JAN BERENSTAIN",,"E7/201",,0,"$100.00 ",,,,,,,
"WARTON AND THE TRADERS",,,"WEEKLY READER BOOKS",,"A1",202,,,,,,,"RUSSELL E. ERICKSON",,"E7/202",,0,,,,,,,,
"THE BERENSTAIN BEARS TOO MUCH TV",,,"RANDOM HOUSE",,"A1",203,,,,,,,"STAN & JAN BERENSTAIN",,"E7/203",,0,"$2.50 ",,,,,,,
"NEVER HITCH A RIDE WITH A MARTIAN",,,"NELSON LANGUAGE ARTS",,"A1",204,,,,,,,"TONY CLARK",,"E7/204",,0,30,,,,,,,
"FREDDY IN PERIL",,,"SCHOLASTIC",,"A1",205,,,,,,,"DIETLOF REICHE",,"E7/205",,0,"$3.99 ",,,,,,,
"FULL HOUSE STEPHANIE",,,"A MINSTREL BOOK",,"A1",206,,,,,,,"KAREN BENTLEY",,"E7/206",,0,"$3.99 ",,,,,,,
"TRUE SCARY CREATURES",,,"SCHOLASTIC",,"A1",207,,,,,,,"ALLAN ZULLO",,"E7/207",,0,50,,,,,,,
"THE SECRET FUNERAL OF SLIM JIM THE SNAKE",,,"A YEARLING BOOK",,"A1",208,,,,,,,"ELVIRA WOODRUFF",,"E7/208",,0,"$3.50 ",,,,,,,
"A SPECIAL DAY ",,,"SCOTT FORESMAN",,"A1",209,,,,,,,"SUSAN BLUEKBY",,"E7/209",,0,,,,,,,,
"ANDREW CLEMENTS",,,"SCHOLASTIC",,"A1",210,,,,,,,"FRINDLE",,"E7/210",,0,,,,,,,,
"DOLPHIN SONG",,,"SCHOLASTIC",,"A1",211,,,,,,,"LAUREN ST. JOHN",,"E7/211",,0,"$1.00 ",,,,,,,
"THE CAPTAIN UNDERPANTS EXTRE-CRUNCHY BOOK O FUN",,,"SCHOLASTIC",,"A1",212,,,,,,,"DAV PILKEY",,"E7/212",,0,"$3.99 ",,,,,,,
" THE SLAVE DANCER",,,"A YEARLING BOOK",,"A1",213,,,,,,,"PAULA FOX",,"E7/213",,0,"$3.99 ",,,,,,,
"RETURN OF THE SQUIRTLE SQUAD",,,"SCHOLASTIC",,"A1",214,,,,,,,"TRACEY WEST",,"E7/214",,0,"$4.50 ",,,,,,,
"THE ORCHIDS AND GUMBO",,,"VIKING PENGUIM",,"A1",215,,,,,,,"MAGNOLIA PRADLINE",,"E7/215",,0,,,,,,,,
"THE GHOSTLY BELL RINGER",,,"BOYDSMILLS PRESS",,"A1",216,,,,,,,"ALEX BLOCH",,"E7/216",,0,,,,,,,,
"ASTROBOY THE MOVIE",,,"PLAY MORE INC.",,"A1",217,,,,,,,"TRACEY WEST",,"E7/217",,0,"$1.99 ",,,,,,,
"THE BABY SITTERS CLUB",,,"SCHOLASTIC",,"A1",218,,,,,,,"ANN M. MARTIN",,"E7/218",,0,,,,,,,,
"WITCH WEEK",,,"PLAY MORE INC.",,"A1",219,,,,,,,"DIANA WYNNE JONES",,"E7/219",,0,"$5.95 ",,,,,,,
"THE CAMP -OUT MYSTERY",,,"ADVANCE PUBLISHERS",,"A1",220,,,,,,,"GERTYUDE CHANDLER WARNER",,"E7/220",,0,,,,,,,,
"FAIR WEATHER",,,"SCHOLASTIC",,"A1",221,,,,,,,"RICHARD PECK",,"E7/221",,0,,,,,,,,
"GHOST OF FEAR STREET",,,"A MINSTREL BOOK",,"A1",222,,,,,,,"R.L. STINES",,"E7/222",,0,"$3.99US",,,,,,,
"THE FABULOUS FIVE THE PARENT GAME",,,"A BANTAM BOOK",,"A1",223,,,,,,,"BESTY HARYNES",,"E7/223",,0,,,,,,,,
"HARRY POTTER",,,"SCHOLASTIC",,"A1",224,,,,,,,"J.K.ROWLIG",,"E7/224",,0,"$7.99US",,,,,,,
"HIGH HOPES FOR ADDY",,,"AMEX COMPANY LIMITED",,"A1",225,,,,,,,"CONNIE PORTER",,"E7/225",,0,,,,,,,,
"THE NIAGARA FALLS MYSTERY",,,"ADVANCE PUBLISHERS",,"A1",226,,,,,,,"GERTRUDE CHANDLER WARNER",,"E7/226",,0,,,,,,,,
"JUNIE B, FIRST GRADER AT LAST",,,"SCHOLASTIC",,"A1",227,,,,,,,"BARBARA PARK",,"E7/227",,0,"$3.99U.S",,,,,,,
"THE MASK",,,"Award Publications",,"A1",228,,,,,,,"MICHAEL FALLON",,"E7/228",,0,,,,,,,,
"RAMONA THE BRAVE",,,"HYPER COLLINS PUBLISHERS",,"A1",229,,,,,,,"BEVERLY CLEARLY",,"E7/229",,0,"$5.99U.S",,,,,,,
"THE MINI TREASURE CHEST OF GREAT PAIRY TALES",,,,,"A1",230,,,,,,,,,"E7/230",,0,,,,,,,,
"THE MINI TREASURE CHEST OF GREAT PAIRY TALES",,,,,"A1",231,,,,,,,,,"E7/231",,0,,,,,,,,
"QUICK FASTS ABOUT THE USA ",,,"SCHOLASTIC",,"A1",232,,,,,,,"NANCY HARTLEY",,"E7/232",,0,,,,,,,,
"CHARLOTTES WEB",,,"SCHOLASTIC",,"A1",233,,,,,,,"E.B. WHITE",,"E7/233",,0,,,,,,,,
"THE MISERABLE MILL",,,"SCHOLASTIC",,"A1",234,,,,,,,"LEMONY SNICKET",,"E7/234",,0,,,,,,,,
"THE BLIZZARD DISASTER",,,"AMEX COMPANY LIMITED",,"A1",235,,,,,,,"PEG KEHRET",,"E7/235",,0,"$3.99US",,,,,,,
"SPORTS HEROES",,,"ZONDER KIDZ",,"A1",236,,,,,,,"MARK LITTLETON",,"E7/236",,0,"$5.99US",,,,,,,
"MATT CHRISTOPHER",,,"LITTLE BROWN & COMPANY",,"A1",237,,,,,,,"SNOWBOARD MAVERICK",,"E7/237",,0,"$4.5US",,,,,,,
"SEA SURVIVORS GUIDE",,,"SCHOLASTIC",,"A1",238,,,,,,,"RORY STORM",,"E7/238",,0,"$4.99US",,,,,,,
"ALL STATS BASEBALL",,,,,"A1",239,,,,,,,"B.ALLISON",,"E7/239",,0,10,,,,,,,
"PUSS IN BOOTS",,,"A GIANT FAIRY STORY",,"A1",240,,,,,,,"CHARLES PERRAULLT",,"E7/240",,0,,,,,,,,
"THE BEST FRIENDS GUIDE TO SPECTACULAR SLEEPOVERS",,,"SCHOLASTIC",,"A1",241,,,,,,,"GILLLSUTHERLAND",,"E7/241",,0,,,,,,,,
"MONKEY AND CROCODILE",,,"ANKUR PRAKASHAN",,"A1",242,,,,,,,,,"E7/242",,0,25,,,,,,,
"THE CAMEL AND THE FOX ",,,"ANKUR PRAKASHAN",,"A1",243,,,,,,,,,"E7/243",,0,25,,,,,,,
"HARE AND THE TORTOSE ",,,"ANKUR PRAKASHAN",,"A1",244,,,,,,,,,"E7/244",,0,25,,,,,,,
"THE GREEDY DOG",,,"ANKUR PRAKASHAN",,"A1",245,,,,,,,,,"E7/245",,0,25,,,,,,,
"THE TOOTHPASTE GENIE",,,"SCHOLASTIC",,"A1",246,,,,,,,"FRANCES DUNCAN",,"E7/246",,0,,,,,,,,
"ANIMALS ARK PONIES AT THE POINT ",,,"SCHOLASTIC",,"A1",247,,,,,,,"BEN M .BAGLIO",,"E7/247",,0,"$3.99US",,,,,,,
"THE MERRY ADVENTURES OF ROBIN HOOD",,,"BARONET BOOKS",,"A1",248,,,,,,,"HOWARD PYLE",,"E7/248",,0,,,,,,,,
"BABY-SITTERS LITTLE SISTER",,,"SCHOLASTIC",,"A1",249,,,,,,,"ANN M. MARTIN",,"E7/249",,0,,,,,,,,
"HARRY POTTER AND THE PRISONER OF AZKABAN",,,"SCHOLASTIC",,"A1",250,,,,,,,"J.K.ROWLING",,"E 250/7",,0,,,,,,,,
"A LITTLE PRINCESS",,,"SCHOLASTIC",,"A1",251,,,,,,,"FRANCES HODGSON BURNETT",,"E 251/7",,0,,,,,,,,
"SOMETHING BIG HAS BEEN HERE",,,"GRANDREAMS BOOKS LIMITED",,"A1",252,,,,,,,"JACK PRELUTSKY",,"E 252/7",,0,,,,,,,,
"THE WIND IN THE WILLOWS",,,"MAKE BELIVES IDEAS",,"A1",253,,,,,,,"KENNETH GRAHAME",,"E 253/7",,0,"RS.150",,,,,,,
"DISNEY TALES OF WONDER",,,"INNISBROOK WRAPS",,"A1",254,,,,,,,,,"E 254/7",,0,,,,,,,,
"THE ANT AND THE PIGEON ",,,"ANKUR PRAKASHAN",,"A1",255,,,,,,,"SOMABHAI PATEL",,"E255/7",,0,25,,,,,,,
"THE FALCON S FEATHERS",,,"RANDOM HOUSE",,"A1",256,,,,,,,"RON ROY",,"E256",,0,"$3.99 ",,,,,,,
"THE PRINCESS TRICK ",,,"PUFFIN BOOKS",,"A1",257,,,,,,,"ALEXANDER MCALL SMITH",,"E 257/7",,0,"$4.99 ",,,,,,,
"CHARLOTTE:S WEB",,,"HYPER COLLINS PUBLISHERS",,"A1",258,,,,,,,"STUART LITTLE",,"E 258/7",,0,"$7.99 ",,,,,,,
"STAR WARS",,,"DK PUBLISHING",,"A1",259,,,,,,,"SIMON BEECROFT",,"E 259/7",,0,"$6.99 USA",,,,,,,
"JUNIE B FIRST GRADER TOOTHLESS WONDER",,,"SCHOLASTIC",,"A1",260,,,,,,,"BARBARA PARK ",,"E 260/7",,0,"RS 50",,,,,,,
"DELWARA JAIN TEMPLES",,,"SETH KALYANJI",,"A1",261,,,,,,,"SHRI JAYANT VIJAYJI",,"E261/7",,0,,,,,,,,
"A HOUSE CALLED AWFUL END ",,,"SCHOLASTIC",,"A1",262,,,,,,,"PHILIP ARDAGH",,"E 262/7",,0,"$5.99 ",,,,,,,
"THE WHITE WOLF",,,"SCHOLASTIC",,"A1",263,,,,,,,"RSON ROY",,"E263/7",,0,,,,,,,,
"MISS HOLLY IS TOO JOLLY ",,,"SCHOLASTIC",,"A1",264,,,,,,,"DAN GUTMAN",,"E 264/7",,0,,,,,,,,
"LIZZIE FOR PRESIDENT ",,,"THE WALT DISNY COMPANY",,"A1",265,,,,,,,"LIZZIE MC GUIRE",,"E265/7",,0,"$4.99 ",,,,,,,
"THE BOXCAR CHILDER ",,,"SCHOLASTIC",,"A1",266,,,,,,,"WARNER",,"E 266/7",,0,,,,,,,,
"THE CASE OF THE EXPLODING PLUMBING ",,,"SCHOLASTIC",,"A1",267,,,,,,,"DONALD J, SOBOL",,"E 267/7",,0,,,,,,,,
"JUSTIN AND THE BEST BISCUITS IN THE WORLD",,,"SCHOLASTIC",,"A1",268,,,,,,,"WALTER",,"E 268/7",,0,,,,,,,,
"THE RUNAWAY RACEHORSE",,,"SCHOLASTIC",,"A1",269,,,,,,,"RON ROY",,"E 269/7",,0,"$3.99 ",,,,,,,
"WHO LET GIRLS LOCKER ROOM",,,"RAINBOW BRIDGE",,"A1",270,,,,,,,"ELAINE MOORE",,"E 270/7",,0,"$3. 95",,,,,,,
"SHILOH",,,"A YEARLING BOOK",,"A1",271,,,,,,,"PHYLLIS REYNOLDS NAYLOR",,"E 271/7",,0,"$3.99 ",,,,,,,
"THE HOME RUN KINGS",,,"SCHOLASTIC",,"A1",272,,,,,,,"CLARE & FRANK GAUIT",,"E 272/7",,0,,,,,,,,
"DELTORA SHADOWLANDS",,,"SCHOLASTIC",,"A1",273,,,,,,,"RODDA",,"E 273/7",,0,"$4.99 ",,,,,,,
"ON THIN ICE ",,,"CANDLEWICK PRESS",,"A1",274,,,,,,,"NANCY KRULIK",,"E 274/7",,0,"$4.99 ",,,,,,,
"BABY SITTERS LITTLE SISTER",,,"SCHOLASTIC",,"A1",275,,,,,,,"ANN M. MARTIN",,"E 275/7",,0,"$3.99 ",,,,,,,
"DOLPHIN DIARIES ",,,"SCHOLASTIC",,"A1",276,,,,,,,"BEN M BAGLIO",,"E 276/7",,0,"$1.99 ",,,,,,,
"THE POWER TWINS",,,"SCHOLASTIC",,"A1",277,,,,,,,"KENFOLLEITT",,"E277/7",,0,,,,,,,,
"JUNIE B. JONES IS CAPTAIN FIELD DAY",,,"SCHOLASTIC",,"A1",278,,,,,,,"BARBARA PARK ",,"E 278/7",,0,,,,,,,,
"SWEETEN YOUR HEART ",,,"RATNATRAYEE",,"A1",279,,,,,,,,,"E279",,0,,,,,,,,
"TALES OF A FOURTH GRADE NOTHING",,,"A BANTAM BOOK",,"A1",280,,,,,,,"JUDY BLUME",,"E 280/7",,0,"$4.99 ",,,,,,,
"SONGS OF INNOCENCE AND SONGS OF EXPERIENCE",,,"DORLING KINDERSLEY",,"A1",281,,,,,,,"WILLIAM BLAKE",,"E 281/7",,0,"$1.00 ",,,,,,,
"BEVERLY CLEARLY ",,,"WONDERFUL WORLD READING",,"A1",282,,,,,,,"MUGGIE MAGGIE",,"E 282/7",,0,,,,,,,,
"SCARED TO DEATH",,,"SCHOLASTIC",,"A1",283,,,,,,,"JAHNNA N. MALCOLM",,"E283",,0,,,,,,,,
"THE LANDRY NEWS",,,"AMEX COMPANY LIMITED",,"A1",284,,,,,,,"ANDREW CLEMENTS",,"E 284/7",,0,,,,,,,,
"THE CURSE OF CAMP COLD LAKE",,,"SCHOLASTIC",,"A1",285,,,,,,,"R.L.STINE",,"E 285/7",,0,"$3.99 ",,,,,,,
"SACRED JOURNEY OF THE PEACEFUL WARRIOR",,,"HOUGHTON MIFFLIN COMPANY",,"A1",286,,,,,,,"DAN MILLMAN",,"E 286/7",,0,,,,,,,,
"THE DIAMOND CHAMPS",,,"LITTLE BROWN & COMPANY",,"A1",287,,,,,,,"MATT CHRISTOPHER",,"E 287/7",,0,,,,,,,,
"PILES OF PETS",,,"A YEARLING BOOK",,"A1",288,,,,,,,"JUDY DELTON",,"E 288/7",,0,,,,,,,,
"DRACULA DOESNT PLAY KICKBALL",,,"SCHOLASTIC",,"A1",289,,,,,,,"DEBBIE DADEY AND MARCIA THORNTON JONES",,"E 289/7",,0,"$3.99 ",,,,,,,
"THE ACCIDENTAL CHEERLEADER",,,"SCHOLASTIC",,"A1",290,,,,,,,"MIMI MCCOY",,"E 290/7",,0,"$4.99 ",,,,,,,
"KRISTY AND THE MOTHERS DAY SURPRISE",,,"SCHOLASTIC",,"A1",291,,,,,,,"ANN M. MARTIN",,"E 291/7",,0,,,,,,,,
"THE ADVENTURES OF CAPTAIN UNDERPANTS",,,"SCHOLASTIC",,"A1",292,,,,,,,"DAV PILKEY",,"E 292/7",,0,"$3.50 ",,,,,,,
"JUNIE B.,FIRST GRADER TOOTHLESS WONDER",,,"A STEPPING STONE BOOK",,"A1",293,,,,,,,"BARBARA PARK ",,"E 293/7",,0,"$3.99 ",,,,,,,
"MEET MARMADUKE",,,"TIME-LIFE BOOKS",,"A1",294,,,,,,,"BRAD ANDERSON",,"E 294/7",,0,,,,,,,,
"MOIRAS BIRTHDAY",,,"ANNICK PRESS LTD.",,"A1",295,,,,,,,"ROBERT MUNSCH",,"E 295/7",,0,,,,,,,,
"POOH GOES FAST AND SLOW",,,"DISNEP",,"A1",296,,,,,,,,,"E 296/7",,0,"$7.99 ",,,,,,,
"GOOSEBUMPS STAY OUT OF THE BASEMENT",,,"GENRAL PUBLISHING, LIMITED",,"A1",297,,,,,,,"R.L.STINE",,"E297/7",,0,,,,,,,,
"SPIDER-MAN THE VENOM FACTOR",,,"NEW YORK TIMES",,"A1",298,,,,,,,"DIANE DUANE",,"E 298/7",,0,,,,,,,,
"ON THE FAR SIDE OF THE MOUNTAIN",,,"SCHOLASTIC",,"A1",299,,,,,,,"JEAN CRAIGHEAD GEORGE",,"E 299/7",,0,,,,,,,,
"BOOK OF GHOSTS TALES TO HAUNT YOU",,,"SCHOLASTIC",,"A1",300,,,,,,,"BRUCE COVILLE",,"E 300/7",,0,,,,,,,,
"PINOCCHIOS PROMISE",,,"A BANTAM BOOK",,"A2",301,,,,,,,"WALK DISNEY",,"E2/301",,0,50,,,,,,,
"ALL ABOUT YOU WITH INSPECTOR MCQ",,,"WORLD INTERNATIONAL PUBLISHING LTD.",,"A2",302,,,,,,,"PATTY RUTLAND MULLINS",,"E2/302",,0,,,,,,,,
"CHICKA CHIKA BOOM BOOM",,,"SIMON AND SCHUSTER SPOTLIGHT",,"A2",303,,,,,,,"BILL MARTIN JR",,"E2/303",,0,40,,,,,,,
"THIS IS ME",,,"J.B COMMUNICATIONS",,"A2",304,,,,,,,"RICHARD SCARRYS",,"E2/304",,0,50,,,,,,,
"ALPHABET A-Z",,,"A BANTAM BOOK",,"A2",305,,,,,,,"WALK DISNEY",,"E2/305",,0,80,,,,,,,
"BIG BIRDS SESAME STREET DICTIONARY",,,"FUNK & WAGNALLS",,"A2",306,,,,,,,"LINDA HAYWARD",,"E2/306",,0,,,,,,,,
"RIDDLES & RHYMES",,,"WORLD INTERNATIONAL PUBLISHING LTD.",,"A2",307,,,,,,,"DICK MARTIN",,"E2/307",,0,,,,,,,,
"DONT GIVE UP, JOSEPHONE!",,,"RANDOM HOUSE",,"A2",308,,,,,,,"HANS WILHELM",,"E2/308",,0,40,,,,,,,
"THOMS AND THE SCHOOL TRIP",,,,,"A2",309,,,,,,,"REV. W. AWDRY",,"E2/309",,0,70,,,,,,,
"PASS THE FRITTERS, CRITTERS",,,"A FRIST TIME BOOK",,"A2",310,,,,,,,"CHERYL CHAPMAN",,"E2/310",,0,,,,,,,,
"BUSTERS BIG CASE",,,"BUSTER BUNNY IN",,"A2",311,,,,,,,,,"E2/311",,0,50,,,,,,,
"CLARA COW WRAPS UP WARM",,,"BACK PACK BOOKS",,"A2",312,,,,,,,,,"E2/312",,0,,,,,,,,
"THANKS GIVING CATS",,,"SCHOLASTIC",,"A2",313,,,,,,,"JEAN MARZOLLO",,"E2/313",,0,,,,,,,,
"Mr. BUMBLE BUZZES THROUGH THE YEAR",,,"HYPER COLLINS PUBLISHERS",,"A2",314,,,,,,,"KIM KENNEDY",,"E2/314",,0,,,,,,,,
"WIDE WIDE WORLD FARM",,,"FUNK & WAGNALLS",,"A2",315,,,,,,,"JOHN FRANCIS",,"E2/315",,0,,,,,,,,
"MY A BOOK",,,"GROLIER BOOKS",,"A2",316,,,,,,,"JANE BELK MONCURE",,"E2/316",,0,,,,,,,,
"PINOCCHIO A TALE OF HONESTY",,,"FIRE FLY BOOKS",,"A2",317,,,,,,,"TOM DEFALCO",,"E2/317",,0,100,,,,,,,
"THE SHAPES BOOK",,,"BRITANNICA DISCOVERY LIBRARY",,"A2",318,,,,,,,,,"E2/318",,0,,,,,,,,
"THE PEOPLE AND PLACES BOOK",,,"BRITANNICA DISCOVERY LIBRARY",,"A2",319,,,,,,,"CLIFTON FADIMAN",,"E2/319",,0,,,,,,,,
"FRIST SONGS",,,"PUBLICATIONS INTERNATIONAL, LTD.",,"A2",320,,,,,,,"POOH",,"E2/320",,0,,,,,,,,
"LOOK INSIDE CROSS- SECTIONS SPACE",,,"DORLING KINDERSLEY",,"A2",321,,,,,,,"MOIRA BUTTERFIELD",,"E2/321",,0,"$5.95 ",,,,,,,
"BEAUTIFUL BLESSINGS",,,"GOLDEN BOOKS PUBLISHING CO.,",,"A2",322,,,,,,,"ALAN BENJAMIN",,"E2/322",,0,"$4.99 ",,,,,,,
"MY A BOOK",,,"GROLIER BOOKS",,"A2",323,,,,,,,"JANE BELK MONCURE",,"E2/323",,0,,,,,,,,
"MY Q BOOK",,,"GROLIER BOOKS",,"A2",324,,,,,,,"JANE BELK MONCURE",,"E2/324",,0,,,,,,,,
"WHAT THE BABY HEARS",,,"HYPER COLLINS PUBLISHERS",,"A2",325,,,,,,,"LAURA GODWIN",,"E2/325",,0,,,,,,,,
"MOTHER & BABIES",,,"CHILDDREN S CHOICE BOOK CLUB",,"A2",326,,,,,,,"WORLD WILDLIFE FUND",,"E2/326",,0,,,,,,,,
"PIG THINKS PINK",,,"LANDOLL S INC.",,"A2",327,,,,,,,"RICHARD HEFTER",,"E2/327",,0,,,,,,,,
"OLDNOANS ELEPHANTS",,,"A WHITEBIRD BOOK",,"A2",328,,,,,,,"WARREN LUDWIG",,"E2/328",,0,,,,,,,,
" A RUGRATS NIGHT BEFORE CHRISTMAS",,,"SIMON AND SCHUSTER SPOTLIGHT",,"A2",329,,,,,,,"DAVID LEWMAN",,"E2/329",,0,"$9.90 ",,,,,,,
"SOMETHING SPECIAL",,,"LITTLE BROWN & COMPANY",,"A2",330,,,,,,,"DAVID MCPHAIL",,"E2/330",,0,"$12.95 ",,,,,,,
"MONTY SEE, MONTY DO",,,"GROLIER BOOKS",,"A2",331,,,,,,,"RUTH LERNER PERLE",,"E2/331",,0,,,,,,,,
"THE FOOT BOOK",,,"RANDOM HOUSE",,"A2",332,,,,,,,"DR.SEUSS",,"E2/332",,0,"$8.99 ",,,,,,,
"FARM ANIMALS",,,"LANDOLL S INC.",,"A2",333,,,,,,,,,"E2/333",,0,,,,,,,,
"MY BIG TRUCK BOOK",,,"POCKET BOOKS",,"A2",334,,,,,,,,,"E2/334",,0,"$100.00 ",,,,,,,
"A VERY MERY MOUSE COUNTRY CHRISTMAS",,,"SCHOLASTIC",,"A2",335,,,,,,,"CYNDY SZEKERES",,"E2/335",,0,100,,,,,,,
"THERES NO PLACE LIKE HOME",,,"SESAME STREET",,"A2",336,,,,,,,"TOM DUNSMUIR",,"E2/336",,0,,,,,,,,
"BEARS BIG BLUE HOUSE",,,"SIMON AND SCHUSTER SPOTLIGHT",,"A2",337,,,,,,,,,"E2/337",,0,,,,,,,,
"IF YOU WALK DOWN THIS ROAD",,,"DUTTON CHILDREN S BOOK",,"A2",338,,,,,,,"KATE DUKE",,"E2/338",,0,,,,,,,,
"SCAMP TO THE RESCUE",,,"RANDOM HOUSE",,"A2",339,,,,,,,,,"E2/339",,0,30,,,,,,,
"GLASSES FOR D.W.",,,"BIGINNER BOOKS",,"A2",340,,,,,,,"MARC BROWN",,"E2/340",,0,70,,,,,,,
"FUN IN FERN HOLLOW",,,"PLAY MORE INC.",,"A2",341,,,,,,,,,"E2/341",,0,,,,,,,,
"SKY SCARE",,,"SCHOLASTIC",,"A2",342,,,,,,,"BOBBI JG WEISS",,"E2/342",,0,50,,,,,,,
"THUMPER",,,"WONDERFUL WORLD READING",,"A2",343,,,,,,,,,"E2/343",,0,,,,,,,,
"LAMBERT THE SHEEPISH LION",,,"WONDERFUL WORLD READING",,"A2",344,,,,,,,,,"E2/344",,0,30,,,,,,,
"CHRISTMAS IN THE COUNTRY",,,"WONDERFUL WORLD READING",,"A2",345,,,,,,,,,"E2/345",,0,30,,,,,,,
"MY R BOOK",,,"GROLIER BOOKS",,"A2",346,,,,,,,"JANE BELK MONCURE",,"E2/346",,0,,,,,,,,
"MOTHER GOOSE",,,"RANDOM HOUSE",,"A2",347,,,,,,,"WILLIAM JOYCE",,"E2/347",,0,50,,,,,,,
"THE HAIR BOOK",,,"BRIGHT & EARLY BOOK",,"A2",348,,,,,,,"GRAHAM TETHER",,"E2/348",,0,,,,,,,,
"SPIDER-MAN 2",,,"SCHOLASTIC",,"A2",349,,,,,,,"MICHAEL ANTHONY STEELE",,"E2/349",,0,"RS 30",,,,,,,
"THE FOOT BOOK",,,"BRIGHT & EARLY BOOK",,"A2",350,,,,,,,"DR.SEUSS",,"E2/350",,0,50,,,,,,,
"OH, WHAT FUN!",,,"HARCOURT BRACE JOVANOVICH",,"A2",351,,,,,,,"GAIL HEALD-TAYLOR",,"E2/351",,0,90,,,,,,,
"THE JUNGLE BOOK 2",,,"SCHOLASTIC",,"A2",352,,,,,,,,,"E2/352",,0,,,,,,,,
"A PORCUPINE NAMED FLUFFY",,,"WEEKLY READER BOOKS",,"A2",353,,,,,,,"HELEN LESTER",,"E2/353",,0,50,,,,,,,
"abc",,,"CROWN PUBLISHERS",,"A2",354,,,,,,,"JOHN BURNINGHAMS",,"E2/354",,0,,,,,,,,
"STAR LIGHT STAR BRIGHT",,,"HARCOURT BRACE JOVANOVICH",,"A2",355,,,,,,,"SAM LEATON SEBESTA",,"E2/355",,0,50,,,,,,,
"GLOE IN THE DARK STARS,MOON,AND CLOUDS",,,"GOLDEN BOOKS PUBLISHING CO.,",,"A2",356,,,,,,,"EUGENE BRADLEY COCO",,"E2/356",,0,"$4.99 ",,,,,,,
"FAVORITE LULLABIES",,,"MODERN PUBLISHING",,"A2",357,,,,,,,,,"E2/357",,0,100,,,,,,,
"RYMING ABC",,,"MODERN PUBLISHING",,"A2",358,,,,,,,,,"E2/358",,0,,,,,,,,
"HOP ON POP",,,"GROLIER BOOKS",,"A2",359,,,,,,,"DR.SEUSS",,"E2/359",,0,,,,,,,,
"BOBS TOOLBOX MIX-UP",,,"SCHOLASTIC",,"A2",360,,,,,,,,,"E2/360",,0,,,,,,,,
"CINDERELLA",,,"LANDOLL S INC.",,"A2",361,,,,,,,"FRAN THATCHER",,"E2/361",,0,,,,,,,,
"PADDINGTONS GARDEN",,,"COLLINS",,"A2",362,,,,,,,"MICHAEL BOND",,"E2/362",,0,,,,,,,,
"KING MIDAS",,,"PUBLICATIONS INTERNATIONAL, LTD.",,"A2",363,,,,,,,"KRISTEN GOETERS",,"E2/363",,0,,,,,,,,
"MY K BOOK",,,"GROLIER BOOKS",,"A2",364,,,,,,,"JANE BELK MONCURE",,"E2/364",,0,,,,,,,,
"DISNEY BABIES AT THE FARM",,,"GROLIER BOOKS",,"A2",365,,,,,,,,,"E2/365",,0,,,,,,,,
"DEAR GOD KIDS",,,"FIRE FLY BOOKS",,"A2",366,,,,,,,,,"E2/366",,0,,,,,,,,
"THE NEW ADVENTURES OF Mr. TOAD",,,"WONDERFUL WORLD READING",,"A2",367,,,,,,,,,"E2/367",,0,,,,,,,,
"THE NOSE BOOK",,,"BRIGHT & EARLY BOOK",,"A2",368,,,,,,,"PERKINS",,"E2/368",,0,,,,,,,,
"WATCH AND LEARN",,,"GROLIER BOOKS",,"A2",369,,,,,,,"DUMBO",,"E2/369",,0,40,,,,,,,
"SCOOBY - DOO",,,"RANDOM HOUSE",,"A2",370,,,,,,,"JEAN LEWIS",,"E2/370",,0,,,,,,,,
"THE 3 MISTAKES OF MY LIFE KAI PO CHE",,,,,"A2",371,,,,,,,"CHETAN BHAGAT",,"E2/371",,0,"140/-",,,,,,,
"THE ADVENTURES OF MR. TOAD",,,,,"A2",372,,,,,,,,,"E2/372",,0,30,,,,,,,
"HORTON HATCHES THE EGG.",,,,,"A2",373,,,,,,,"DR.SEVSS",,"E2/373",,0,100,,,,,,,
"BUSY WITCH ",,,"GROSSET & DUNLAP",,"A2",374,,,,,,,"BENTTINA PATESON",,"E2/374",,0,"$2.25 ",,,,,,,
"EARTHPY TREASURE ",,,,,"A2",375,,,,,,,"JENNIE MAIZELS",,"E2/375",,0,"$19.99 ",,,,,,,
"THE LITTLEST ANGAEL ",,,"IDEALS CHILDRENS BOOKS ",,"A2",376,,,,,,,"CHARLES PERRAULLT",,"E2/376",,0,"$39.95 ",,,,,,,
"THE DOUBLIBAY BET TI ME STORY ",,,"CHILDDREN S CHOICE BOOK CLUB",,"A2",377,,,,,,,"BARBARA SHOOK HAZEN",,"E2/377",,0,80,,,,,,,
"MAGIC HANDBOOK",,,"POCKET BOOKS",,"A2",378,,,,,,,,,"E2/378",,0,,,,,,,,
"OUT OF THIS WORLD ",,,"DISNEP",,"A2",379,,,,,,,,,"E2/379",,0,,,,,,,,
"OPPOSITES",,,"GROSSET & DUNLAP",,"A2",380,,,,,,,"ERIC CARLES",,"E2/380",,0,,,,,,,,
"DISNEYS YEAR BOOK 1994",,,"GROLIER BOOKS",,"A2",381,,,,,,,,,"E2/381",,0,50,,,,,,,
"WINNIE THE POOH ABC",,,"DUTTON CHILDREN S BOOK",,"A2",382,,,,,,,"A.A.MILNE",,"E2/382",,0,,,,,,,,
"COUNT WITH ME",,,"GROLIER BOOKS",,"A2",383,,,,,,,"LOUISE GIKOW",,"E2/383",,0,90,,,,,,,
"THE LORS PRAYER",,,"AMEX COMPANY LIMITED",,"A2",384,,,,,,,"SARA SLIWINSKA",,"E2/384",,0,60,,,,,,,
"WEE WILLIE WINKIE AND OTHER RYMES",,,"CANDLEWICK PRESS",,"A2",385,,,,,,,"IONA OPIE",,"E2/385",,0,40,,,,,,,
"THE GHOST OF GLEASON MANSION",,,"CHILDDREN S CHOICE BOOK CLUB",,"A2",386,,,,,,,"SNEEKY SNEEKERS",,"E2/386",,0,"$1.99 ",,,,,,,
"TOOT & PUDDLE",,,"LITTLE BROWN & COMPANY",,"A2",387,,,,,,,"HOLLY HOBBIE",,"E2/387",,0,"$14.95 ",,,,,,,
"MY 1 BOOK",,,"SCHOLASTIC",,"A2",388,,,,,,,"JANE BELK MONCURE",,"E2/388",,0,,,,,,,,
"MY J BOOK",,,"SCHOLASTIC",,"A2",389,,,,,,,"JANE BELK MONCURE",,"E2/389",,0,,,,,,,,
"PRINCE AND THE PAUPER",,,"WONDERFUL WORLD READING",,"A2",390,,,,,,,,,"E2/390",,0,50,,,,,,,
"WINNIE THE POOH AND TIGGER TOO",,,"WONDERFUL WORLD READING",,"A2",391,,,,,,,,,"E2/391",,0,,,,,,,,
"A DAY AT THE BEACH",,,"SIMON AND SCHUSTER SPOTLIGHT",,"A2",392,,,,,,,"LAURYN SILVERHARDT",,"E2/392",,0,,,,,,,,
"BABY GIIFY CATCHES A FISH",,,"GROLIER BOOKS",,"A2",393,,,,,,,"DISNEP",,"E2/393",,0,,,,,,,,
"FARM FRIENDS",,,"GROLIER BOOKS",,"A2",394,,,,,,,,,"E2/394",,0,60,,,,,,,
"BUTTON FINDS A FRIEND",,,"MODERN PUBLISHING",,"A2",395,,,,,,,,,"E2/395",,0,60,,,,,,,
"BIG LITTLE LION",,,"HYPER COLLINS PUBLISHERS",,"A2",396,,,,,,,"LILLIAN HOBAN",,"E2/396",,0,,,,,,,,
"ZOOM CITY",,,"HYPER COLLINS PUBLISHERS",,"A2",397,,,,,,,"THACHER HURD",,"E2/397",,0,"$5.95 ",,,,,,,
"SCOOTER AND SKEETERS MERRY-GO-ROUND PUZZLE ",,,"WEEKLY READER BOOKS",,"A2",398,,,,,,,"DINA ANASTASIO",,"E2/398",,0,,,,,,,,
"BALLOON HAT BOOK",,,"CHILDDREN S CHOICE BOOK CLUB",,"A2",399,,,,,,,"SOMEKH",,"E2/399",,0,100,,,,,,,
"10 BUTTON BOOK",,,"WORKMAN PUBLISHING",,"A2",400,,,,,,,"WILLIAM ACCORSI",,"E2/400",,0,,,,,,,,
"SNOW WHITE AND THE SEVEN DRARFS",,,"PLAY MORE INC.",,"A2",401,,,,,,,"GABY GOLDSACK",,"E2/401",,0,100,,,,,,,
"MY E BOOK",,,"GROLIER BOOKS",,"A2",402,,,,,,,"JANE BELK MONCURE",,"E2/402",,0,,,,,,,,
"ELMO GETS HOMESICK",,,"GOLDEN BOOKS PUBLISHING CO.,",,"A2",403,,,,,,,"TISH SOMMERS RABE",,"E2/403",,0,,,,,,,,
"GET WELL, CLOWN- AROUNDS!",,,"PARENTS MAGAZINE PRESS",,"A2",404,,,,,,,"JOANNA COLE",,"E2/404",,0,"$2 ",,,,,,,
"LOVELY STORIES FOR CHILDREN ",,,"ANKUR PRAKASHAN",,"A2",405,,,,,,,,,"E2/405",,0,40,,,,,,,
"FLIK THE INVENTOR",,,"ADVANCE PUBLISHERS",,"A2",406,,,,,,,,,"E2/406",,0,100,,,,,,,
"WONT YOU BE MY KISSAROO?",,,"GULLIVER BOOKS",,"A2",407,,,,,,,"JOANNE RYDER",,"E2/407",,0,100,,,,,,,
"THE ZOO IS BLUE",,,"POCKET BOOKS",,"A2",408,,,,,,,"J.W.DIXON",,"E2/408",,0,,,,,,,,
"MY J BOOK",,,"SCHOLASTIC",,"A2",409,,,,,,,"JANE BELK MONCURE",,"E2/409",,0,,,,,,,,
"THE HUNCHBACK OF NOTRE DAME",,,"THE WALT DISNEY COMPANY",,"A2",410,,,,,,,,,"E2/410",,0,,,,,,,,
"WHEELS GO ROUND",,,"A PUFFIN BOOK",,"A2",411,,,,,,,,,"E2/411",,0,"$9.99 ",,,,,,,
"CORDUROYS ",,,"TRICK -OR -TREAD ",,"A2",412,,,,,,,,,"E2/412",,0,40,,,,,,,
"SPOT MY DAY AT HOME",,,"PLAY MORE INC.",,"A2",413,,,,,,,"ERIC HILL",,"E2/413",,0,,,,,,,,
"THE FOX AND THE GRAPES",,,"PLAY MORE INC.",,"A2",414,,,,,,,"AESOPS FABLES",,"E2/414",,0,,,,,,,,
"FIND THE TEDDY ",,,"USBORNE PUBLISHING",,"A2",415,,,,,,,"STEPHEN CARTWRIGHT",,"E2/415",,0,"$3.95 ",,,,,,,
"THE POTTY BOOK FOR BOYS",,,"BARONET BOOKS",,"A2",416,,,,,,,"ALYSSA SATIN CAPUCILLI",,"E2/416",,0,"$5.95 ",,,,,,,
"WORD SIGNS",,,"KIDS CAN PRESS",,"A2",417,,,,,,,,,"E2/417",,0,,,,,,,,
"HONEY RABBIT",,,"SLIVER DOLPHIN ",,"A2",418,,,,,,,"MARGO HOPKINS",,"E2/418",,0,80,,,,,,,
"CHANGE YOUR LIFE WITHOUT GETTING OUT OF BED",,,"SIMON AND SCHUSTER SPOTLIGHT",,"A2",419,,,,,,,"SARK",,"E2/419",,0,"$9.95 ",,,,,,,
"ANIMAL BABIES IN DESERTS",,,"KIDS CAN PRESS",,"A2",420,,,,,,,,,"E2/420",,0,,,,,,,,
"CHICKA CHIKA ABC",,,"LITTLE BROWN & COMPANY",,"A2",421,,,,,,,"BILL MARTIN JR",,"E2/421",,0,70,,,,,,,
"ANIMAL FAMILIES",,,"WEEKLY READER BOOKS",,"A2",422,,,,,,,,,"E2/422",,0,,,,,,,,
"THE FOOT BOOK",,,"RANDOM HOUSE",,"A2",423,,,,,,,"DR.SEUSS",,"E2/423",,0,,,,,,,,
"CURIOUS GEORGE GETS A MEDAL",,,"HOUGHTON MIFFLIN COMPANY",,"A2",424,,,,,,,"H.A.REY",,"E2/424",,0,70,,,,,,,
"RAINBOW IS OUR FACE",,,"BIGINNER BOOKS",,"A2",425,,,,,,,"LAURA PEGRAM",,"E2/425",,0,"$5.95 ",,,,,,,
"DIGGERS AND DUMP TRUCKS",,,"PLAY MORE INC.",,"A2",426,,,,,,,,,"E2/426",,0,,,,,,,,
"EASTER COLOUR",,,"PLAY MORE INC.",,"A2",427,,,,,,,,,"E2/427",,0,50,,,,,,,
"THREE LITTLE KITTENS",,,"GOLDEN BOOKS PUBLISHING CO.,",,"A2",428,,,,,,,"KATE GLEESONS ",,"E2/428",,0,60,,,,,,,
"SUNNY SIDE UP",,,"MACMILLAN , INC",,"A2",429,,,,,,,"VALISKA GREGORY",,"E2/429",,0,,,,,,,,
"DRESSING UP",,,"GROSSET & DUNLAP",,"A2",430,,,,,,,"MOLLY&TOM",,"E2/430",,0,"$3.50 ",,,,,,,
"GIRAFFE FAMILY",,,"MAKE BELIVES IDEAS",,"A2",431,,,,,,,"JANE GOODALL",,"E2/431",,0,60,,,,,,,
"THE BEST MOUSE COOKIE",,,"HYPER COLLINS PUBLISHERS",,"A2",432,,,,,,,"LAURA NUMEROFF",,"E2/432",,0,,,,,,,,
"NEIGHBORHOOD ANIMALS",,,"HYPER COLLINS PUBLISHERS",,"A2",433,,,,,,,"MARILN SINGER",,"E2/433",,0,70,,,,,,,
"MICKEYS BOOK OF TRUCKS",,,"THE WALT DISNEY COMPANY",,"A2",434,,,,,,,,,"E2/434",,0,,,,,,,,
"FIVE HOMES FOR FIVE KITTENS",,,"STANDARD PUBLISHING COMPANY",,"A2",435,,,,,,,"MARIE H. FROST",,"E2/435",,0,,,,,,,,
"LOOK KITTEN",,,"LITTLE BROWN & COMPANY",,"A2",436,,,,,,,"EMANUEL SCHONGUT",,"E2/436",,0,,,,,,,,
"FABLES ",,,"SHANTI PUBLI ERS ",,"A2",437,,,,,,,,,"E2/437",,0,135,,,,,,,
"WIZARDS ARE MAGIC",,,"PLAY MORE INC.",,"A2",438,,,,,,,"THE LITTLE FRIENDS",,"E2/438",,0,,,,,,,,
"MIFFY AT THE ZOO",,,"BIGINNER BOOKS",,"A2",439,,,,,,,"DICK BRUNA",,"E2/439",,0,,,,,,,,
"CATERPILLAR SPRING",,,"READER DIGEST",,"A2",440,,,,,,,,,"E2/440",,0,70,,,,,,,
"BLUES TREASURE HUNT NOTEBOOK",,,"SIMON AND SCHUSTER SPOTLIGHT",,"A2",441,,,,,,,"ANGELA C. SANTOMERO",,"E2/441",,0,,,,,,,,
"MEET HUNCA MUNCA",,,"FREDERICK THOMAS INC.",,"A2",442,,,,,,,"BEATRIX POTTER",,"E2/442",,0,50,,,,,,,
"CHRISTOPHER ROBIN GOES TO SCHOOL",,,"READER DIGEST",,"A2",443,,,,,,,"CATHERINE SAMUEL",,"E2/443",,0,,,,,,,,
"BIRTHDAY CAKE?",,,"BOOK CLUB",,"A2",444,,,,,,,"RICHARD JOHNSON",,"E2/444",,0,"$6.95 ",,,,,,,
"THREE TOOTS FOR FREDDIE",,,"WEEKLY READER BOOKS",,"A2",445,,,,,,,"GARY PALMER",,"E2/445",,0,30,,,,,,,
"NEIGHBORHOOD ANIMALS",,,"HYPER COLLINS PUBLISHERS",,"A2",446,,,,,,,"MARILN SINGER",,"E2/446",,0,"$5.99 ",,,,,,,
"FIVE LITTLE MONKEYS",,,"CHILDDREN S CHOICE BOOK CLUB",,"A2",447,,,,,,,"EILEEN CHRISTELOW",,"E2/447",,0,,,,,,,,
"CHRISTMAS ANGEL",,,"CANDLEWICK PRESS",,"A2",448,,,,,,,,,"E2/448",,0,"$40.00 ",,,,,,,
"THE LITTLE RABBITS",,,"CHILDDREN S CHOICE BOOK CLUB",,"A2",449,,,,,,,"VIRGINIA GROSSMAN",,"E2/449",,0,70,,,,,,,
"MY DADDY AND I",,,"CANDLEWICK PRESS",,"A2",450,,,,,,,"P.K.HALLINAN",,"E2/450",,0,"$7.95 ",,,,,,,
"KEY WORDS WITH LADYBIRD",,,"LADYBORD BOOKS",,"A2",451,,,,,,,,,"E2/451",,0,,,,,,,,
"THE LOKY STICKY FROG",,,"PLAY MORE INC.",,"A2",452,,,,,,,"DAWN BENTLEY",,"E2/452",,0,"$4.95 ",,,,,,,
"GOLDILOCKS AND THE THREE BEARS",,,"PUBLICATIONS INTERNATIONAL, LTD.",,"A2",453,,,,,,,,,"E2/453",,0,,,,,,,,
"MARLA S TOYSHOP ADVENTURE",,,"LANDOLL S INC.",,"A2",454,,,,,,,"ANDY RECTOR",,"E2/454",,0,,,,,,,,
"THE VERY HUNGRY CATERPILLAR",,,"PLAY MORE INC.",,"A2",455,,,,,,,"ERIC CARLES",,"E2/455",,0,70,,,,,,,
"CASTLESS",,,"SCHOLASTIC",,"A2",456,,,,,,,"GALLIMARD JEUNESSE",,"E2/456",,0,"&11.95",,,,,,,
"THE VERY LONELY FIREFLY",,,"PLAY MORE INC.",,"A2",457,,,,,,,"ERIC CARLES",,"E2/457",,0,"$10.99 ",,,,,,,
"FRIENDLY FISH",,,"GENERAL PUBLISHING, LIMITED",,"A2",458,,,,,,,"DEE JEXIDOR",,"E2/458",,0,,,,,,,,
"FLUSH THE POTTY!",,,"SCHOLASTIC",,"A2",459,,,,,,,"KEN WILSON",,"E2/459",,0,"$7.96 ",,,,,,,
"FUZZY LITTLE BEAR",,,"RANDOM HOUSE",,"A2",460,,,,,,,,,"E2/460",,0,40,,,,,,,
"THREE LITTLE PIGS",,,"PUBLICATIONS INTERNATIONAL, LTD.",,"A2",461,,,,,,,,,"E2/461",,0,"$40.00 ",,,,,,,
"SANTAS SURPRISE SLEIGH",,,"MC. DONALD",,"A2",462,,,,,,,"SUSAN KARNOVSKY",,"E2/462",,0,"$1.50 ",,,,,,,
"BEST IN SHOW",,,"SCHOLASTIC",,"A2",463,,,,,,,"NICKELODEN",,"E2/463",,0,"$50.00 ",,,,,,,
"THE SILLY LITTLE BOOK OF",,,"PLAY MORE INC.",,"A2",464,,,,,,,,,"E2/464",,0,"$35.00 ",,,,,,,
"FIRE TRUCKS ",,,"PLAY MORE INC.",,"A2",465,,,,,,,,,"E2/465",,0,,,,,,,,
"COLOURS",,,"TIME-LIFE BOOKS",,"A2",466,,,,,,,,,"E2/466",,0,,,,,,,,
"THE LITTLE PIGGY",,,,,"A2",467,,,,,,,,,"E2/467",,0,"$5.95 ",,,,,,,
"A HOUSE IS BUILT AT POOH CORNER FOR EEYORE",,,"DUTTON CHILDREN S BOOK",,"A2",468,,,,,,,"A.A.MILNE",,"E2/468",,0,"$4.95 ",,,,,,,
"IF YOU GIVE A MOUSE A COOKIE",,,"HYPER COLLINS PUBLISHERS",,"A2",469,,,,,,,"LAURA JOFFE NUMEROFF",,"E2/469",,0,,,,,,,,
"POOH AND FRIENDS HOPPING",,,"HEALTHY KIDS",,"A2",470,,,,,,,"A.A.MILNE",,"E2/470",,0,,,,,,,,
"OUR KIND OF BIRD",,,"SCHOLASTIC",,"A2",471,,,,,,,"LEE HOWARD",,"E2/471",,0,,,,,,,,
"THE PRINCES AND THE PEA",,,"LADYBORD BOOKS",,"A2",472,,,,,,,,,"E2/472",,0,50,,,,,,,
"A CHILDS GOOD NIGHT BOOK",,,"HYPER COLLINS PUBLISHERS",,"A2",473,,,,,,,"MARGARET WISE BROWN",,"E2/473",,0,"$6.95 ",,,,,,,
"PIGLET",,,"STANDARD PUBLISHING COMPANY",,"A2",474,,,,,,,"PFRANCES COE",,"E2/474",,0,,,,,,,,
" SHAPESSWINGING MONKEYS",,,"SCHOLASTIC",,"A2",475,,,,,,,,,"E2/475",,0,40,,,,,,,
"MAISY BEST FRIENDS",,,"CANDLEWICK PRESS",,"A2",476,,,,,,,"LUCY COUSINS",,"E2/476",,0,"$5.99 ",,,,,,,
"MRS. HENS SECRET",,,"JUST FOR KIDS PRESS",,"A2",477,,,,,,,,,"E2/477",,0,,,,,,,,
"THE ANTS GO MARCHING",,,"HYPER COLLINS PUBLISHERS",,"A2",478,,,,,,,"GEOFFREY HAYES",,"E2/478",,0,50,,,,,,,
"I WANT TO HAVE?",,,"BENDON PUBLISHING INTERNATIONAL",,"A2",479,,,,,,,"JIM HENSONS MUPPET BABIES",,"E2/479",,0,,,,,,,,
"I LOVE TO PAINT",,,"SCHOLASTIC",,"A2",480,,,,,,,"MICHI FUJIMOTO",,"E2/480",,0,"$5.95 ",,,,,,,
"THE ANGELFISH",,,"SCHOLASTIC",,"A2",481,,,,,,,,,"E2/481",,0,70,,,,,,,
"HUMPTY DUMPTY",,,"PLAY MORE INC.",,"A2",482,,,,,,,,,"E2/482",,0,"$5.95 ",,,,,,,
"CORDUROYS DAY",,,"VIKING PENGUIM",,"A2",483,,,,,,,"DON FREEMAN",,"E2/483",,0,40,,,,,,,
"NEW FRIENDS AT THE ZOO",,,"BENDON PUBLISHING INTERNATIONAL",,"A2",484,,,,,,,,,"E2/484",,0,"$1 ",,,,,,,
"JACK AND JILL",,,"CREATIVE CHILD PRESS",,"A2",485,,,,,,,,,"E2/485",,0,"$5.95 ",,,,,,,
"PRAYERS FOR LITTLE BOYS",,,"HOUGHTON MIFFLIN COMPANY",,"A2",486,,,,,,,,,"E2/486",,0,,,,,,,,
"CHRISTMAS SURPRISE",,,"SCHOLASTIC",,"A2",487,,,,,,,"SNOWMANS",,"E2/487",,0,"$6.95 ",,,,,,,
"HONEY RABBIT",,,"GOLDEN BOOKS PUBLISHING CO.,",,"A2",488,,,,,,,"MARGO HOPKINS",,"E2/488",,0,,,,,,,,
"SHAPES AND COLORS",,,"PLAY MORE INC.",,"A2",489,,,,,,,,,"E2/489",,0,"$5.95 ",,,,,,,
"HUMPTY DUMPTY",,,"CREATIVE CHILD PRESS",,"A2",490,,,,,,,,,"E2/490",,0,70,,,,,,,
"AMY AND THE SPECIAL SNOWFLAKES",,,"GRANDREAMS BOOKS LIMITED",,"A2",491,,,,,,,,,"E2/491",,0,"$35.00 ",,,,,,,
"ASHLEY AND THE BEAUTIFUL RAINBOW",,,"GRANDREAMS BOOKS LIMITED",,"A2",492,,,,,,,,,"E2/492",,0,35,,,,,,,
"ABC",,,"DALMATIAN PRESS",,"A2",493,,,,,,,"KATHRYN KNIGHT",,"E2/493",,0,"$5.99 ",,,,,,,
"SESAME STREET B",,,"READER DIGEST",,"A2",494,,,,,,,"DIANE C OHANESIAN",,"E2/494",,0,35,,,,,,,
"SESAME STREET C",,,"READER DIGEST",,"A2",495,,,,,,,"DIANE C OHANESIAN",,"E2/495",,0,"$35.00 ",,,,,,,
"SESAME STREET c",,,"READER DIGEST",,"A2",496,,,,,,,"DIANE C OHANESIAN",,"E2/496",,0,35,,,,,,,
"SESAME STREET C",,,"READER DIGEST",,"A2",497,,,,,,,"DIANE C OHANESIAN",,"E2/497",,0,"$35.00 ",,,,,,,
"SESAME STREET C",,,"READER DIGEST",,"A2",498,,,,,,,"DIANE C OHANESIAN",,"E2/498",,0,35,,,,,,,
"SESAME STREET E",,,"READER DIGEST",,"A2",499,,,,,,,"DIANE C OHANESIAN",,"E2/499",,0,"$35.00 ",,,,,,,
"SESAME STREET P",,,"READER DIGEST",,"A2",500,,,,,,,"DIANE C OHANESIAN",,"E2/500",,0,35,,,,,,,
"SESAME STREET R",,,"READER DIGEST",,"A2",501,,,,,,,"DIANE C OHANESIAN",,"E2/501",,0,"$35.00 ",,,,,,,
"SESAME STREET R",,,"READER DIGEST",,"A2",502,,,,,,,"DIANE C OHANESIAN",,"E2/502",,0,35,,,,,,,
"SESAME STREET S",,,"READER DIGEST",,"A2",503,,,,,,,"DIANE C OHANESIAN",,"E2/503",,0,"$35.00 ",,,,,,,
"SESAME STREET T",,,"READER DIGEST",,"A2",504,,,,,,,"DIANE C OHANESIAN",,"E2/504",,0,35,,,,,,,
"SESAME STREET U",,,"READER DIGEST",,"A2",505,,,,,,,"DIANE C OHANESIAN",,"E2/505",,0,"$35.00 ",,,,,,,
"YUCCHY!YUCCHY",,,"SCHOLASTIC",,"A2",506,,,,,,,"LEE HOWARD",,"E2/506",,0,,,,,,,,
"CUDDLES THE COW",,,"PLAY MORE INC.",,"A2",507,,,,,,,,,"E2/507",,0,,,,,,,,
"THE PUDGY BUNNY BOOK",,,"GROSSET & DUNLAP",,"A2",508,,,,,,,"RUTH SANDERSON",,"E2/508",,0,"$2.65 ",,,,,,,
"TIGER",,,"BOOK CLUB",,"A2",509,,,,,,,"FABIO VISINTIN",,"E2/509",,0,"$6.95 ",,,,,,,
"A BABY ANIMAL BOARD BOOK- LUCK THE LAMB",,,"GRANDREAMS BOOKS LIMITED",,"A2",510,,,,,,,,,"E2/510",,0,"30/-",,,,,,,
"A BABY ANIMAL BOARD BOOK- CATHY THE CALF",,,"GRANDREAMS BOOKS LIMITED",,"A2",511,,,,,,,,,"E2/511",,0,"30/-",,,,,,,
"BOBS BUSY HAMMER",,,"SIMON AND SCHUSTER SPOTLIGHT",,"A2",512,,,,,,,,,"E2/512",,0,40,,,,,,,
"BOBBY THE BUNNY RABBIT",,,"GRANDREAMS BOOKS LIMITED",,"A2",513,,,,,,,,,"E2/513",,0,,,,,,,,
"THE SLUMBER PARTY",,,"READER DIGEST",,"A2",514,,,,,,,"A.A.MILNE",,"E2/514",,0,,,,,,,,
"HI-FLY HELICOPTER",,,,,"A2",515,,,,,,,"ANDY RECTOR",,"E2/515",,0,30,,,,,,,
"HAND, HAND, FINGERS, THUMB",,,"RANDOM HOUSE",,"A2",516,,,,,,,"AL PERKINS",,"E2/516",,0,,,,,,,,
"PLAY-TIME POEMS",,,"READER DIGEST",,"A2",517,,,,,,,"RUTH THOMSON",,"E2/517",,0,30,,,,,,,
"A FRIEND IN THE MOON",,,"TIME-LIFE BOOKS",,"A2",518,,,,,,,"CHRISTINE SIMARD",,"E2/518",,0,,,,,,,,
"GOATEES PUMPKIN",,,"READER DIGEST",,"A2",519,,,,,,,"SHEN RODDIE",,"E2/519",,0,,,,,,,,
"A RUMINATION OF COWS",,,"VIKING PENGUIM",,"A2",520,,,,,,,,,"E2/520",,0,"$7.95 ",,,,,,,
"TOYS",,,,,"A2",521,,,,,,,,,"E2/521",,0,,,,,,,,
"POOH LEARNS MORE ABOUT BEES ",,,"DISNEP",,"A2",522,,,,,,,"HALLIE MARSHALL",,"E2/522",,0,,,,,,,,
"MOO MOO, BROWN COW",,,"RED WAGON BOOKS",,"A2",523,,,,,,,"JAKKI WOOD",,"E2/523",,0,"70/-",,,,,,,
"COUNTRY BABIES WEAR PLAID",,,,,"A2",524,,,,,,,"MICHELLE SINCLAIR COLMAN",,"E2/524",,0,60,,,,,,,
"BABY EINSTEIN ",,,"HYPER COLLINS PUBLISHERS",,"A2",525,,,,,,,,,"E2/525",,0,60,,,,,,,
"MOSES AND DEREK THE DRAGONFLY",,,"LANDOLL S INC.",,"A2",526,,,,,,,"ANDY RECTOR",,"E2/526",,0,,,,,,,,
"A BABY ANIMAL BOARD BOOK PERCY THE PIGLET",,,"GRANDREAMS BOOKS LIMITED",,"A2",527,,,,,,,,,"E2/527",,0,50,,,,,,,
"FIRST FRIENDS POP-UP",,,"JUST FOR KIDS PRESS",,"A2",528,,,,,,,,,"E2/528",,0,,,,,,,,
"TAKE GOOD CARE",,,"AMEX COMPANY LIMITED",,"A2",529,,,,,,,"PATRICK REGAN",,"E2/529",,0,,,,,,,,
"I AM A BABY!",,,"RANDOM HOUSE",,"A2",530,,,,,,,"PHOEBE DUNN",,"E2/530",,0,,,,,,,,
"THE RUNAWAY BUNNY",,,"HYPER COLLINS PUBLISHERS",,"A2",531,,,,,,,"MARGARET WISE BROWN",,"E2/531",,0,100,,,,,,,
"THE REAL MOTHER GOOSE",,,"SCHOLASTIC",,"A2",532,,,,,,,,,"E2/532",,0,70,,,,,,,
"GUESS HOW MUCH",,,"CANDLEWICK PRESS",,"A2",533,,,,,,,"SAM MC BRATNEY",,"E2/533",,0,"$4.99 ",,,,,,,
"GOODNEIGHT MOON",,,"HYPER COLLINS PUBLISHERS",,"A2",534,,,,,,,"MARGARET WISE BROWN",,"E2/534",,0,30,,,,,,,
"CRAYON WORLD",,,"SIMON AND SCHUSTER SPOTLIGHT",,"A2",535,,,,,,,"ANGLE C SANTOMERO",,"E2/535",,0,"$4.99 ",,,,,,,
"WINTER DAYS",,,"GROSSET & DUNLAP",,"A2",536,,,,,,,"HAROLD ROTH",,"E2/536",,0,,,,,,,,
"MARLA S TOYSHOP ADVENTURE",,,"LANDOLL S INC.",,"A2",537,,,,,,,"ANDY RECTOR",,"E2/537",,0,,,,,,,,
"PETER RABBIT",,,"PLAY MORE INC.",,"A2",538,,,,,,,"FREDERICK WARNE",,"E2/538",,0,30,,,,,,,
"BABY EINSTEIN LANGUAGE NURSERY",,,"HYPER COLLINS PUBLISHERS",,"A2",539,,,,,,,,,"E2/539",,0,"$5.99 ",,,,,,,
"BABY EINSTEIN NEIGHBORHOOD ANIMALS",,,"HYPER COLLINS PUBLISHERS",,"A2",540,,,,,,,"MARILYN SINGER",,"E2/540",,0,,,,,,,,
"THOMAS THE TANK ENGINES HIDDEN SURPRISES",,,"RANDOM HOUSE",,"A2",541,,,,,,,,,"E2/541",,0,,,,,,,,
"FIVE LITTLE MONKEYS JUMPING ON THE BED",,,"CHILDDREN S CHOICE BOOK CLUB",,"A2",542,,,,,,,"EILEEN CHRISTELOW",,"E2/542",,0,"$5.95 ",,,,,,,
"TOUCH AND FEEL WILD ANIMALS",,,"DK PUBLISHING",,"A2",543,,,,,,,,,"E2/543",,0,"$6.95 ",,,,,,,
"CLIFFORD THE BIG RED DOG",,,"SCHOLASTIC",,"A2",544,,,,,,,,,"E2/544",,0,,,,,,,,
"I SPY LITTLE ANIMALS",,,"SCHOLASTIC",,"A2",545,,,,,,,"JEAN MARZOLLO",,"E2/545",,0,"$6.99 ",,,,,,,
"FIVE LITTLE MONKEYS JUMPING ON THE BED",,,"CHILDDREN S CHOICE BOOK CLUB",,"A2",546,,,,,,,"EILEEN CHRISTELOW",,"E2/546",,0,"$70.00 ",,,,,,,
"THE TOOTH BOOK",,,"RANDOM HOUSE",,"A2",547,,,,,,,"DR. SEUSS",,"E2/547",,0,"$4.99 ",,,,,,,
"THE MAGIC VACATION",,,"GRANDREAMS BOOKS LIMITED",,"A2",548,,,,,,,,,"E2/548",,0,"$50.00 ",,,,,,,
"APPLEY DAPPLYS NURSERY RHYMES",,,"F.WARNE&CO",,"A2",549,,,,,,,"BEATRIX POTTER",,"E2/549",,0,,,,,,,,
"MINNIS MONSTER",,,"LADYBORD BOOKS",,"A2",550,,,,,,,,,"E2/550",,0,"$60.00 ",,,,,,,
"I CAN DO MANY THINGS!",,,"ZONDER KIDZ",,"A3",551,,,,,,,"CINDY KENNEY",,"E2/551",,0,"$3.99 ",,,,,,,
"THE HAPPY SNOWMAN",,,,,"A3",552,,,,,,,,,"E2/552",,0,"$5.95 ",,,,,,,
"RUB-A-DUB, POOH",,,"MOUSE&WORKS",,"A3",553,,,,,,,,,"E2/553",,0,"40/-",,,,,,,
"MY RUBBER DUCK",,,,,"A3",554,,,,,,,,,"E2/554",,0,"60/-",,,,,,,
"A DAY WITH BARNEY",,,"BARONET BOOKS",,"A3",555,,,,,,,"MARY ANN DUDKO",,"E2/555",,0,"100/-",,,,,,,
"CARFIELD AND ODIE GO FISHING",,,"RANDOM HOUSE",,"A3",556,,,,,,,"JIM DAVIS",,"E2/556",,0,30,,,,,,,
"CARFIELD AND POOKY FEEL LAZY",,,"RANDOM HOUSE",,"A3",557,,,,,,,"JIM DAVIS",,"E2/557",,0,30,,,,,,,
"CARFIELD AND ARLENE GO PICNIKING",,,"RANDOM HOUSE",,"A3",558,,,,,,,"JIM DAVIS",,"E2/558",,0,30,,,,,,,
"CARFIELD AND NERMAL PLAY HIDE-AND-SEEC",,,"RANDOM HOUSE",,"A3",559,,,,,,,"JIM DAVIS",,"E2/559",,0,30,,,,,,,
"ERNIE GETS DRESSED",,,,,"A3",560,,,,,,,"ERNIE",,"E2/560",,0,,,,,,,,
"DAILY BLESSINGS",,,,,"A3",561,,,,,,,,,"E2/561",,0,"$1 ",,,,,,,
"POOH AND PIGLET GO HUNTING",,,"Award Publications",,"A3",562,,,,,,,"A.A.MILNE",,"E2/562",,0,,,,,,,,
"THE CLOCKWORK MOUSE",,,"PLAY MORE INC.",,"A3",563,,,,,,,"DICK KING SMITH",,"E2/563",,0,10,,,,,,,
"CINDERELLA",,,"PUBLICATIONS INTERNATIONAL, LTD.",,"A3",564,,,,,,,,,"E2/564",,0,,,,,,,,
"ITSY BITSY SPIDER",,,"PLAY MORE INC.",,"A3",565,,,,,,,,,"E2/565",,0,"$5.95 ",,,,,,,
"SAMS SPEEDY FIRE TRUCK",,,"READER DIGEST",,"A3",566,,,,,,,"MARY PACKARD",,"E2/566",,0,"$5.99 ",,,,,,,
"PLAYFUL PALS",,,"STANDARD PUBLISHING COMPANY",,"A3",567,,,,,,,"HIDEO SHIROTANI",,"E2/567",,0,,,,,,,,
"MY MOMS THE BEAT MOM",,,"WORKMAN PUBLISHING",,"A3",568,,,,,,,"STUART HAMPLE",,"E2/568",,0,"&7.95",,,,,,,
"MEET THE BITTY TWINS",,,"PLAY MORE INC.",,"A3",569,,,,,,,"JENNIFER HIRSCH",,"E2/569",,0,,,,,,,,
"AKILIS FRIEND",,,"PUBLICATIONS INTERNATIONAL, LTD.",,"A3",570,,,,,,,,,"E2/570",,0,30,,,,,,,
"THE ROYAL BOIL",,,"LADYBORD BOOKS",,"A3",571,,,,,,,"PHONICS",,"E2/571",,0,"$4.50 ",,,,,,,
"TOUCH AND FEEL PUPPY",,,"DK PUBLISHING",,"A3",572,,,,,,,,,"E2/572",,0,"$6.95 ",,,,,,,
"THE TALE OF MRS. TIGGY-WINKLE",,,"F.WARNE&CO",,"A3",573,,,,,,,"BEATRIX POTTER",,"E2/573",,0,,,,,,,,
"WHAT WILL YOU DO TODAY?",,,"WEEKLY READER BOOKS",,"A3",574,,,,,,,,,"E2/574",,0,,,,,,,,
"BABY DONALD GOES TO PLAYLAND",,,"WEEKLY READER BOOKS",,"A3",575,,,,,,,,,"E2/575",,0,,,,,,,,
"LITTLE FISH LITTLE FISH",,,"WONDERFUL WORLD READING",,"A3",576,,,,,,,"JUDY NAYER",,"E2/576",,0,,,,,,,,
"TOY STORY",,,"GROLIER BOOKS",,"A3",577,,,,,,,,,"E2/577",,0,50,,,,,,,
"FLOWER FAIRIES OF THE GARDEN",,,"PLAY MORE INC.",,"A3",578,,,,,,,"CICELY MARY BARKER",,"E2/578",,0,,,,,,,,
"A SHELL FOR SEAHORSE",,,"BENDON PUBLISHING INTERNATIONAL",,"A3",579,,,,,,,,,"E2/579",,0,"$1.99 ",,,,,,,
"MY MANY COLORED DAYS",,,"RANDOM HOUSE",,"A3",580,,,,,,,"DR. SEUSS",,"E2/580",,0,50,,,,,,,
"ABC",,,"PLAY MORE INC.",,"A3",581,,,,,,,,,"E2/581",,0,"5.95%",,,,,,,
"SESAME STREET SCHOOL",,,"READER DIGEST",,"A3",582,,,,,,,,,"E2/582",,0,,,,,,,,
"DINOSAURS,DINOSAURS",,,"HARCOURT BRACE JOVANOVICH",,"A3",583,,,,,,,"BYRON BARTON",,"E2/583",,0,"$7.95 ",,,,,,,
"DINOSAURS,DINOSAURS",,,"MC. DONALD",,"A3",584,,,,,,,"KATHLEEN N DALY",,"E2/584",,0,,,,,,,,
"PUPPY PLAYTIME",,,"CROWN PUBLISHERS",,"A3",585,,,,,,,,,"E2/585",,0,,,,,,,,
"WORLD WILDLIFE FUNDS ALL ABOUT KOALAS",,,"WONDERFUL WORLD READING",,"A3",586,,,,,,,,,"E2/586",,0,,,,,,,,
"PEAPOD THE LITTLE RABBIT WITH A BIG HEART",,,"BOOK CLUB",,"A3",587,,,,,,,"SASHA QUINTON",,"E2/587",,0,,,,,,,,
"DAISYS DAY OUT",,,"LITTLE BROWN & COMPANY",,"A3",588,,,,,,,"JANE SIMMONS",,"E2/588",,0,,,,,,,,
"A TINY TOTS BOARD BOOK BATH TIME",,,"STANDARD PUBLISHING COMPANY",,"A3",589,,,,,,,"STEPHANIE LONGFOOT",,"E2/589",,0,,,,,,,,
"BABYBUG",,,"LADYBORD BOOKS",,"A3",590,,,,,,,,,"E2/590",,0,40,,,,,,,
"HAROLD AND THE PURPLE CRAYON",,,"WEEKLY READER BOOKS",,"A3",591,,,,,,,"CROCKETT JOHNSON",,"E2/591",,0,"$12.95 ",,,,,,,
"FUZZY BEAR GOES TO SCHOOL",,,"PLAY MORE INC.",,"A3",592,,,,,,,"KRISATINA NAGY",,"E2/592",,0,"$1 ",,,,,,,
"FREDDY THE FIRE ENGINE",,,"GRANDREAMS BOOKS LIMITED",,"A3",593,,,,,,,,,"E2/593",,0,50,,,,,,,
"ZOO BABIES",,,"PLAY MORE INC.",,"A3",594,,,,,,,,,"E2/594",,0,"$5.95 ",,,,,,,
"LITTLE BOY BLUE",,,"PLAY MORE INC.",,"A3",595,,,,,,,,,"E2/595",,0,"$5.95 ",,,,,,,
"MARY HAD A LITTLE LAMB",,,"WEEKLY READER BOOKS",,"A3",596,,,,,,,"CAROLYN BRACKEN",,"E2/596",,0,"$5.95 ",,,,,,,
"GOLDLOCKS AND THE THREE BEARS",,,"GROSSET & DUNLAP",,"A3",597,,,,,,,"JANE DYER",,"E2/597",,0,"60/-",,,,,,,
"CLITTORD THE BIG DOG ",,,"SCHOLASTIC",,"A3",598,,,,,,,,,"E2/598",,0,"$80.00 ",,,,,,,
"THE MITTEN",,,"GENERAL PUBLISHING, LIMITED",,"A3",599,,,,,,,"JAN BRETT",,"E2/599",,0,,,,,,,,
"CAN BIRDS GET LOST?",,,"BOYDSMILLS PRESS",,"A3",600,,,,,,,"JACK MYERS ",,"E2/600 ",,0,,,,,,,,
"THE LITTLE MERMAID",,,"GENERAL PUBLISHING, LIMITED",,"A3",601,,,,,,,"W.H.SMITH",,"E2/601",,0,150,,,,,,,
"DOT THE FIRE DOG",,,"BIGINNER BOOKS",,"A3",602,,,,,,,"LISA DESIMINI",,"E2/602",,0,"$3.99 US",,,,,,,
"THE CAT IN THE HAT",,,,,"A3",603,,,,,,,"DR.SEUSS",,"E2/603",,0,100,,,,,,,
"JIMMY NEUTRON BOY GENIUS",,,"NICKELODEON",,"A3",604,,,,,,,"TERRY COLLINS",,"E2/604",,0,"$8.99US",,,,,,,
"PUZZLEMANIA",,,"HEIGHLIGHTS FOR CHILDREN",,"A3",605,,,,,,,"BARBARA GRAY",,"E2/605",,0,"$5.95US",,,,,,,
"HORATIOS BED",,,"WEEKLY READER BOOKS",,"A3",606,,,,,,,"CAMILLA ASHFORTH",,"E2/606",,0,"$4.99US",,,,,,,
"MY FRIST LOOK AT CLOTHS",,,"RANDOM HOUSE",,"A3",607,,,,,,,"DORLING KINDERSLEY",,"E2/607",,0,100,,,,,,,
"EYES ON ADVENTURE EXPLORING SPACE",,,"HOUGHTON MIFFLIN COMPANY",,"A3",608,,,,,,,"LEIGH HOPE WOOD",,"E2/608",,0,100,,,,,,,
"THE SESAME STREET PET SHOW",,,"NICKELODEON",,"A3",609,,,,,,,"EMILY PERL KINGSLEY",,"E2/609",,0,,,,,,,,
"WILD ANIMALS IN COLOR",,,"OCOPUS BOOKS LIMITED",,"A3",610,,,,,,,"ANNA SPROULE",,"E2/610",,0,,,,,,,,
"POOH THE FRIENDSHIP GARDEN VOL 3",,,"ADVANCE PUBLISHERS",,"A3",611,,,,,,,"RITA BALDUCCI",,"E2/611",,0,,,,,,,,
"CHARLIE BROWN DICTIONARY VOL 6",,,"WORLD INTERNATIONAL PUBLISHING LTD.",,"A3",612,,,,,,,"CHARES M. SCHULZ",,"E2/612",,0,,,,,,,,
"THOMAS GETS HIS OWN BRANCHLINE",,,,,"A3",613,,,,,,,"TOMMY STUBBS",,"E2/613",,0,100,,,,,,,
"101 DALMATIANS",,,"THE WALT DISNEY COMPANY",,"A3",614,,,,,,,"GIL DICCICCO",,"E2/614",,0,,,,,,,,
"KINGDOM PARABLES",,,"CHILDDREN S CHOICE BOOK CLUB",,"A3",615,,,,,,,"CHRISTOPHER A.LANE",,"E2/615",,0,,,,,,,,
"NIMS ISLAND",,,"SCHOLASTIC",,"A3",616,,,,,,,"SONIA SANDER",,"E2/616",,0,,,,,,,,
"THE LITTLE MERMAID",,,"WESTERN PUBLISHING COMPANY",,"A3",617,,,,,,,"SUE DICICCO",,"E2/617",,0,150,,,,,,,
"MUSIC PLAYER",,,"READER DIGEST",,"A3",618,,,,,,,"WENDY A. WAX",,"E2/618",,0,,,,,,,,
"A TALE FROM THE CARE BEARS",,,"POCKET BOOKS",,"A3",619,,,,,,,"GEOFFREY WILLS",,"E2/619",,0,,,,,,,,
"THROUGHT THE TEMPESTS DARK AND HILD",,,"CANDLEWICK PRESS",,"A3",620,,,,,,,"ANGELA BARRETT",,"E2/620",,0,100,,,,,,,
"LETS SPEAK SPANISH! ",,,"VIKING PENGUIM",,"A3",621,,,,,,,"LINDA HENDRY",,"E2/621",,0,,,,,,,,
"YOU ARE SPECIAL,LITTLE ONE",,,"SCHOLASTIC",,"A3",622,,,,,,,"NANCY TAFURI",,"E2/622",,0,,,,,,,,
"WORD BOOK",,,"RANDOM HOUSE",,"A3",623,,,,,,,"MARC BROWN",,"E2/623",,0,"$12.99US",,,,,,,
"CIFFORD LEARNS TO READ",,,"SCHOLASTIC",,"A3",624,,,,,,,,,"E2/624",,0,,,,,,,,
"LETS LEARNS TO READ",,,"SCOTT FORESMAN",,"A3",625,,,,,,,"BARBARA BAKER ",,"E2/625",,0,,,,,,,,
"PICTURE DICTIONARY",,,"GRANDREAMS BOOKS LIMITED",,"A3",626,,,,,,,"ANNE MCKIE",,"E2/626",,0,,,,,,,,
"SYLVESTER AND THE MAGIC PEBBLE",,,"THE TRUMPET CLUB ",,"A3",627,,,,,,,"WILLIAM STEIG",,"E2/627",,0,,,,,,,,
"EL TESORO DEL PIRATA",,,,,"A3",628,,,,,,,"EDUARDO COLON PENA",,"E2/628",,0,"$5 ",,,,,,,
"MADACASCAR ESCAPE 2 AFRICA",,,"KIDS CAN PRESS",,"A3",629,,,,,,,"TERRY COLLINS",,"E2/629",,0,"$3.99US",,,,,,,
"LOOK WHAT CAME FROM AFRICA",,,,,"A3",630,,,,,,,"MILES HARVEY",,"E2/630",,0,,,,,,,,
"LITTLE BIG FLAPS JUNGLE ANIMALS",,,"JUST FOR KIDS PRESS",,"A3",631,,,,,,,"CHARLES REASONER",,"E2/631",,0,"$6.99US",,,,,,,
"IM TOO BUSY",,,"DK PUBLISHING",,"A3",632,,,,,,,"HELEN STEPHENS",,"E2/632",,0,"$9.95 ",,,,,,,
"MY VERY FRIST MOTHER GOOSE",,,"CANDLEWICK PRESS",,"A3",633,,,,,,,"IONA OPIE",,"E2/633",,0,,,,,,,,
"CAMARA TOUR",,,"LADYBORD BOOKS",,"A3",634,,,,,,,,,"E2/634",,0,"$5.99 ",,,,,,,
"BALLET KITTY",,,"BOYDSMILLS PRESS",,"A3",635,,,,,,,"BERNETTE FORD & SAM WILLIAMS",,"E2/635",,0,150,,,,,,,
"ITS A PERFAECT DAY",,,"MACMILLAN , INC",,"A3",636,,,,,,,"ABIGAIL PIZER",,"E2/636",,0,,,,,,,,
"CLIFFORDS BIG BOOK OF STORIES",,,"CHILDDREN S CHOICE BOOK CLUB",,"A3",637,,,,,,,"NORMAN BRIDWELL",,"E2/637",,0,100,,,,,,,
"I LOSE MY BEAR",,,"MORROW JUNIOR BOOKS",,"A3",638,,,,,,,"JULES FEIFFER",,"E2/638",,0,,,,,,,,
"POP UP A PAGE NURSERY RHMMES",,,"PLAY MORE INC.",,"A3",639,,,,,,,"PAULINE SIEWART",,"E2/639",,0,,,,,,,,
"IF U GIVE A MOUSE A COOKIE",,,"HYPER COLLINS PUBLISHERS",,"A3",640,,,,,,,"LAURA JOFFE NUMEROFF",,"E2/640",,0,"$14.95US",,,,,,,
"SUN SNOW STARS SKY",,,"PLAY MORE INC.",,"A3",641,,,,,,,"CATHERINE AND LAURENCE ANHOLT",,"E2/641",,0,"$13.99US",,,,,,,
"STRAWBERRY SHORTCAKES FIELD TRIP",,,"GROSSET & DUNLAP",,"A3",642,,,,,,,,,"E2/642",,0,"$8.99US",,,,,,,
"PUDDLES",,,"CANDLEWICK PRESS",,"A3",643,,,,,,,"PHYLLIS ROOT",,"E2/643",,0,,,,,,,,
"THE FIRE CHILDREN",,,,,"A3",644,,,,,,,"ERIC MADDERN",,"E2/644",,0,"$14.50 ",,,,,,,
"THE VELVETEEN RABBIT",,,"DIAL BOOKS FOR YOUNG READERS",,"A3",645,,,,,,,"MARGERY WILLIAMS",,"E2/645",,0,,,,,,,,
"THE BIG FISH ",,,"CANDLEWICK PRESS",,"A3",646,,,,,,,"PHYLLIS ROOT",,"E2/646",,0,,,,,,,,
"BOOMER S BIG DAY",,,"Award Publications",,"A3",647,,,,,,,"CONSTANCE W.MCGEORGE",,"E2/647",,0,"$12.95 ",,,,,,,
"A STAR IN THE DARK",,,"DELL PUBLISHING Co.Inc",,"A3",648,,,,,,,"RICHARD TICHNOR AND JENNY SMITH",,"E2/648",,0,,,,,,,,
"WITH A CRASH AND A BANG",,,,,"A3",649,,,,,,,"JOHN J.PIKULSKI",,"E2/649",,0,,,,,,,,
"WELCOME BACK SNOW WHITE VOL 11",,,"A BANTAM BOOK",,"A3",650,,,,,,,,,"E2/650",,0,,,,,,,,
"CHARLIE COMES TO TOWN ",,,"PLAY MORE INC.",,"A3",651,,,,,,,"DIANE C OHANESIAN",,"E2/651",,0,"$1.50 ",,,,,,,
"PINOCCHIO",,,"GOLDEN BOOKS PUBLISHING CO.,",,"A3",652,,,,,,,"CAMPBELL GRANT",,"E2/652",,0,,,,,,,,
"ONE TINY BABY",,,"A HAPPY DAY BOOK",,"A3",653,,,,,,,"MARK A TAYLOR",,"E2/653",,0,,,,,,,,
"THE PRINCESS AND THE PEA",,,"LADYBORD BOOKS",,"A3",654,,,,,,,"VERA SOUTHGATE",,"E2/654",,0,,,,,,,,
"THE BALL BOUNCED",,,"GRANDREAMS BOOKS LIMITED",,"A3",655,,,,,,,"NANCY TAFURI",,"E2/655",,0,70,,,,,,,
"BRADLEY AND THE GREAT SWAMP MYSTERY",,,"GROLIER BOOKS",,"A3",656,,,,,,,"RUTH LERNER PERLE",,"E2/656",,0,70,,,,,,,
"IM A BIG SISTER",,,"MORROW JUNIOR BOOKS",,"A3",657,,,,,,,"JOANNA COLE",,"E2/657",,0,50,,,,,,,
"SOMETIME I WONDER IF POODLES LIKE NOODLES",,,"SCHOLASTIC",,"A3",658,,,,,,,"LAURA NUME ROFF",,"E2/658",,0,60,,,,,,,
"POOH AND THE FALLING LEAVES",,,"THE WALT DISNEY COMPANY",,"A3",659,,,,,,,,,"E2/659",,0,60,,,,,,,
"WIBBLY PIG OPENS HIS PRESENTS",,,"PLAY MORE INC.",,"A3",660,,,,,,,"MICK INKPEN",,"E2/660",,0,70,,,,,,,
"LARRY LEARNS TO LISTEN",,,"ZONDER KIDZ",,"A3",661,,,,,,,"KAREN POTH",,"E2/661",,0,,,,,,,,
"PRAYERS FOR LOVED ONES",,,"SCHOLASTIC",,"A3",662,,,,,,,,,"E2/662",,0,"$5.95 ",,,,,,,
"I WENT TO THE ZOO",,,"BRIGHT & EARLY BOOK",,"A3",663,,,,,,,,,"E2/663",,0,60,,,,,,,
"IM A BIG SISTER",,,"MORROW JUNIOR BOOKS",,"A3",664,,,,,,,"JOANNA COLE",,"E2/664",,0,,,,,,,,
"BABY MINNIE, DO YOU KNOW?",,,"GROLIER BOOKS",,"A3",665,,,,,,,,,"E2/665",,0,,,,,,,,
"BAMBI GROWS UP",,,"WONDERFUL WORLD READING",,"A3",666,,,,,,,,,"E2/666",,0,30,,,,,,,
"THOMAS AND THE SCHOOL TRIP",,,"BIGINNER BOOKS",,"A3",667,,,,,,,"W.AWDRY",,"E2/667",,0,,,,,,,,
"THE EAR BOOK",,,"BRIGHT & EARLY BOOK",,"A3",668,,,,,,,"AL PERKINS",,"E2/668",,0,"$6.95 ",,,,,,,
"HOP ON POP",,,"BIGINNER BOOKS",,"A3",669,,,,,,,"DR. SEUSS",,"E2/669",,0,,,,,,,,
"IN A PEOPLE HOUSE",,,"BRIGHT & EARLY BOOK",,"A3",670,,,,,,,"THEO. LESIEG",,"E2/670",,0,,,,,,,,
"THE CAT IN THE HAT",,,"BIGINNER BOOKS",,"A3",671,,,,,,,"DR. SEUSS",,"E2/671",,0,50,,,,,,,
"INSIDE OUTSIDE UPSIDE DOWN",,,"BRIGHT & EARLY BOOK",,"A3",672,,,,,,,"STAN & JAN BERENSTAIN",,"E2/672",,0,,,,,,,,
"BEARS ON WHEELS",,,"BRIGHT & EARLY BOOK",,"A3",673,,,,,,,"STAN & JAN BERENSTAIN",,"E2/673",,0,,,,,,,,
"BEARS ON WHEELS",,,"BRIGHT & EARLY BOOK",,"A3",674,,,,,,,"STAN & JAN BERENSTAIN",,"E2/674",,0,,,,,,,,
"MR.BROWN CAN MOO! CAN YOU?",,,"BRIGHT & EARLY BOOK",,"A3",675,,,,,,,"DR.SEUSS",,"E2/675",,0,,,,,,,,
"HOP ON POP",,,"BIGINNER BOOKS",,"A3",676,,,,,,,"DR.SEUSS",,"E2/676",,0,30,,,,,,,
"IN A PEOPLE HOUSE",,,"BRIGHT & EARLY BOOK",,"A3",677,,,,,,,"THEO. LESIEG",,"E2/677",,0,50,,,,,,,
"THE BERENSTAINS B BOOK",,,"BRIGHT & EARLY BOOK",,"A3",678,,,,,,,,,"E2/678",,0,50,,,,,,,
"WELCOME TO BIRDWELL ISLAND",,,"SCHOLASTIC",,"A3",679,,,,,,,,,"E2/679",,0,,,,,,,,
"PETES WOULDNT PICK",,,"PARENTS MAGAZINE PRESS",,"A3",680,,,,,,,"SUSAN ALTON SCHMELTZ",,"E2/680",,0,,,,,,,,
"GOING TO THE DOCTOR",,,"VIKING PENGUIM",,"A3",681,,,,,,,,,"E2/681",,0,30,,,,,,,
"HOORAY FOR OUR HEROES!",,,"SESAME STREET",,"A3",682,,,,,,,,,"E2/682",,0,,,,,,,,
"TEN BLACK DOTS ",,,"RED WAGON BOOKS",,"A3",683,,,,,,,"DONALD CREWS",,"E2/683",,0,,,,,,,,
"MY O BOOK",,,"SCHOLASTIC",,"A3",684,,,,,,,"JANE BELK MONCURE",,"E2/684",,0,,,,,,,,
"WILLY NILLY CLOWNS",,,"SCHOLASTIC",,"A3",685,,,,,,,"NANCY PARENT",,"E2/685",,0,,,,,,,,
"A PERFECT LITTLE PIGLET ",,,"ADVANCE PUBLISHERS",,"A3",686,,,,,,,,,"E2/686",,0,,,,,,,,
"WHOS HIDING UNDER THE SEA?",,,"SCHOLASTIC",,"A3",687,,,,,,,"NANCY PARENT",,"E2/687",,0,,,,,,,,
"SNAKES WONDERS OF WILDLIFE",,,,,"A3",688,,,,,,,,,"E2/688",,0,,,,,,,,
"YEAR BOOK 2005",,,"SCHOLASTIC",,"A3",689,,,,,,,,,"E2/689",,0,,,,,,,,
"THE CURSE OF CLAUDI",,,"CROWN PUBLISHERS",,"A3",690,,,,,,,"EDWARD MILLER",,"E2/690",,0,,,,,,,,
"WHEELS",,,"SCHOLASTIC",,"A3",691,,,,,,,"SUSAN CANIZARES",,"E2/691",,0,20,,,,,,,
"THE ZILLIONAIRES DAUGHTER",,,"WEEKLY READER BOOKS",,"A3",692,,,,,,,"EDWARD SOREL",,"E2/692",,0,,,,,,,,
"ON MY WAY WITH SESAME STREET I CAN COUNT",,,"FIRE FLY BOOKS",,"A3",693,,,,,,,,,"E2/693",,0,,,,,,,,
"LITTLE SQUIRRELS SPECIAL NEST",,,"READER DIGEST",,"A3",694,,,,,,,,,"E2/694",,0,,,,,,,,
"TRACKY THE PENGUIN",,,"SILVER DOLPHIN",,"A3",695,,,,,,,"HELEN LESTER",,"E2/695",,0,60,,,,,,,
"THE SNOWY DAY",,,"VIKING PENGUIM",,"A3",696,,,,,,,"EZRA JACK KEATS",,"E2/696",,0,,,,,,,,
"IF YOU WALK DOWN THIS ROAD",,,,,"A3",697,,,,,,,"KATE DUKE",,"E2/697",,0,,,,,,,,
"MAKING CARDS",,,"CHILDDREN S CHOICE BOOK CLUB",,"A3",698,,,,,,,,,"E2/698",,0,100,,,,,,,
"THE HAPPY LION",,,,,"A3",699,,,,,,,"LOUISE",,"E2/699",,0,,,,,,,,
"ANIMAL POEMS FOR CHILDREN",,,"GOLDEN BOOKS PUBLISHING CO.,",,"A3",700,,,,,,,"DEWITT CONYERS",,"E2/700",,0,70,,,,,,,
"POOH GOES VISITING",,,"DUTTON CHILDREN S BOOK",,"A3",701,,,,,,,"A.A.MILNE",,"E2/701",,0,,,,,,,,
"SCOOBY-DOO! AND THE SNOW MONSTER",,,"SCHOLASTIC",,"A3",702,,,,,,,"JAMES GELSEY",,"E2/702",,0,"$1.49 ",,,,,,,
"PIGLET MEETS A HEFFALUMP",,,"DUTTON CHILDREN S BOOK",,"A3",703,,,,,,,"A.A.MILNE",,"E2/703",,0,,,,,,,,
"WINNIE THE POOH AND HIS FRIENDS",,,"MOUSE&WORKS",,"A3",704,,,,,,,,,"E2/704",,0,60,,,,,,,
"JUNIE B JONES AND THE STUPID SMELLY BUS",,,"RANDOM HOUSE",,"A3",705,,,,,,,"BARBARA PARK",,"E2/705",,0,50,,,,,,,
"A FAMILY IS YOUR MOST PRECIOUS POSSESSION",,,"THE WALT DISNEY COMPANY",,"A3",706,,,,,,,,,"E2/706",,0,,,,,,,,
"POOHS FIRST DAY OF WINTER",,,"RANDOM HOUSE",,"A3",707,,,,,,,,,"E2/707",,0,,,,,,,,
"OSWALD MAKES MUSIC",,,"SCHOLASTIC",,"A3",708,,,,,,,,,"E2/708",,0,30,,,,,,,
"PUPPIES",,,"DALMATIAN PRESS",,"A3",709,,,,,,,"DAN CLARK",,"E2/709",,0,70,,,,,,,
"JACK AND THE BEANSTALK",,,"GRANDREAMS BOOKS LIMITED",,"A3",710,,,,,,,"PAM STOREY",,"E2/710",,0,70,,,,,,,
"MISS OCEAN SHORES",,,"SCHOLASTIC",,"A3",711,,,,,,,"ERICA DAVID",,"E2/711",,0,50,,,,,,,
"A CHILDRENS BOOK ABOUT WHINING",,,"GROLIER BOOKS",,"A3",712,,,,,,,"JOY BERRY",,"E2/712",,0,,,,,,,,
"PETES DRAGON",,,"RANDOM HOUSE",,"A3",713,,,,,,,,,"E2/713",,0,30,,,,,,,
"THERES WOCKET IN MY POCKET!",,,"BRIGHT & EARLY BOOK",,"A3",714,,,,,,,"DR.SEUSS",,"E2/714",,0,,,,,,,,
"WYSTERIAS WISH",,,"BENDON PUBLISHING INTERNATIONAL",,"A3",715,,,,,,,,,"E2/715",,0,50,,,,,,,
"CINDERELLA -3",,,,,"A3",716,,,,,,,"MELISA ARPS ",,"E2/716",,0,110,,,,,,,
"SPIDER-MAN AT THE PARK",,,"SCHOLASTIC",,"A3",717,,,,,,,"MICHI FUJIMOTO",,"E2/717",,0,50,,,,,,,
"CURIOUS GEORGE FLIES A KITE",,,"WEEKLY READER BOOKS",,"A3",718,,,,,,,"MARGRET REY",,"E2/718",,0,,,,,,,,
"CAPTAIN CAT ",,,"HYPER COLLINS PUBLISHERS",,"A3",719,,,,,,,"SYD HOFF",,"E2/719",,0,70,,,,,,,
"BEARS ON WHEELS",,,"BRIGHT & EARLY BOOK",,"A3",720,,,,,,,"STAN AND JAN BERENSTAIN",,"E2/720",,0,,,,,,,,
"PIGLET IS ENTIRELY SURROUNDED BY WATER",,,"DUTTON CHILDREN S BOOK",,"A3",721,,,,,,,"A.A.MILNE",,"E2/721",,0,,,,,,,,
"ELEPHANT GOES TO SCHOOL",,,"PARENTS MAGAZINE PRESS",,"A3",722,,,,,,,"JERRYSMATH",,"E2/722",,0,,,,,,,,
"STOP,TRAIN, STOP!",,,"RANDOM HOUSE",,"A3",723,,,,,,,"AWDRY",,"E2/723",,0,70,,,,,,,
"TIGGER COMES TO THE FOREST AND HAS BREAKFAST",,,"DUTTON CHILDREN S BOOK",,"A3",724,,,,,,,"A.A.MILNE",,"E2/724",,0,,,,,,,,
"TOD AND COPPER",,,"RANDOM HOUSE",,"A3",725,,,,,,,,,"E2/725",,0,30,,,,,,,
"TOKEN WISHES",,,"SCHOLASTIC",,"A3",726,,,,,,,"BOBBI JG WEISS",,"E2/726",,0,50,,,,,,,
"THUMBELINA",,,"GRANDREAMS BOOKS LIMITED",,"A3",727,,,,,,,"PAM STOREY",,"E2/727",,0,,,,,,,,
"STAGE FRIGHT",,,"SCHOLASTIC",,"A3",728,,,,,,,"ERICA DAVID",,"E2/728",,0,,,,,,,,
"ELEPHANT EATS THE PROFITS",,,"WEEKLY READER BOOKS",,"A3",729,,,,,,,"JACQUELYN REINACH",,"E2/729",,0,,,,,,,,
"THE TALE OF PETER RABIT",,,"WESTERN PUBLISHING COMPANY",,"A3",730,,,,,,,"JOBY WHEELER",,"E2/730",,0,,,,,,,,
"BARBIE",,,"GROLIER BOOKS",,"A3",731,,,,,,,"RITA BALDUCCI",,"E2/731",,0,,,,,,,,
"STAGE FRIGHT",,,"SCHOLASTIC",,"A3",732,,,,,,,"ERICA DAVID",,"E2/732",,0,50,,,,,,,
"THE FOOT BOOK",,,"GROLIER BOOKS",,"A3",733,,,,,,,"DR.SEUSS",,"E2/733",,0,,,,,,,,
"LLAMA DRAMA",,,"SCHOLASTIC",,"A3",734,,,,,,,"JULIE DALTON",,"E2/734",,0,,,,,,,,
"STRANGE WORLD",,,"CREATIVE CHILD PRESS",,"A3",735,,,,,,,"BILL BUCZINSKY",,"E2/735",,0,60,,,,,,,
"PANCHTANTRA -1",,,"BEST PHOTO OFF SET ",,"A3",736,,,,,,,"AMIR KHAN ",,"E2/736",,0,,,,,,,,
"THE RETURN OF JAFAR",,,"GROLIER BOOKS",,"A3",737,,,,,,,,,"E2/737",,0,50,,,,,,,
"ALADDIN",,,"GROLIER BOOKS",,"A3",738,,,,,,,,,"E2/738",,0,50,,,,,,,
"THE NOSE BOOK",,,"BRIGHT & EARLY BOOK",,"A3",739,,,,,,,"AL PERKINS",,"E2/739",,0,50,,,,,,,
"THE HOUSEKEPPERS DOG",,,,,"A3",740,,,,,,,"JERRYSMATH",,"E2/740",,0,,,,,,,,
"THE BERENSTAINS",,,"BRIGHT & EARLY BOOK",,"A3",741,,,,,,,"BEGINNING BEGINNERS",,"E2/741",,0,,,,,,,,
"TOY STORY",,,"GROLIER BOOKS",,"A3",742,,,,,,,,,"E2/742",,0,,,,,,,,
"DUMBO",,,"THE WALT DISNEY COMPANY",,"A3",743,,,,,,,,,"E2/743",,0,,,,,,,,
"TOD AND COPPER",,,"THE WALT DISNEY COMPANY",,"A3",744,,,,,,,"THE FOX AND THE HOUND",,"E2/744",,0,,,,,,,,
"KERMIT AND THE NEW BICYCLE",,,"HONEYBEAR BOOKS",,"A3",745,,,,,,,"JIM HENSONS MUPPETS",,"E2/745",,0,,,,,,,,
"TENALIRAME",,,"JUNIOR DIAMOND",,"A3",746,,,,,,,"AMIRKHAN ",,"E2/746",,0,,,,,,,,
"101 DALMATIANS",,,"THE WALT DISNEY COMPANY",,"A3",747,,,,,,,,,"E2/747",,0,,,,,,,,
"MONSTERS,INC.",,,"THE WALT DISNEY COMPANY",,"A3",748,,,,,,,"PIXAR",,"E2/748",,0,,,,,,,,
"THREE LITTLE PIGS",,,"GROLIER BOOKS",,"A3",749,,,,,,,"BARBARA BRENNER",,"E2/749",,0,70,,,,,,,
"PANCHTANTRA ",,,"JUNIOR DIAMOND",,"A3",750,,,,,,,"AMIRKHAN ",,"E2/750",,0,,,,,,,,
"THERES WOCKET IN MY POCKET!",,,"BRIGHT & EARLY BOOK",,"A4",751,,,,,,,"DR.SEUSS",,"E2/751",,0,,,,,,,,
"PIGGY FOR PRESIDENT",,,"GROLIER BOOKS",,"A4",752,,,,,,,"ELLEN WEISS",,"E2/752",,0,,,,,,,,
"MARIAH CAREY",,,"MC. DONALD",,"A4",753,,,,,,,"KATHLEEN TRACY",,"E2/753",,0,,,,,,,,
"CINDERELLA",,,"GROLIER BOOKS",,"A4",754,,,,,,,"EGMONT GRUPPEN",,"E2/754",,0,50,,,,,,,
"THE RUNAWAY ROAD",,,,,"A4",755,,,,,,,"STAN MACK",,"E2/755",,0,50,,,,,,,
"NOAHS ARK",,,"A GOLDEN BOOK",,"A4",756,,,,,,,"MARY PACKAD",,"E2/756",,0,,,,,,,,
"BABY FARM ANIMAL",,,"LADYBORD BOOKS",,"A4",757,,,,,,,"RONNE PELTZMAN RANDALL",,"E2/757",,0,50,,,,,,,
"BOUGHT TO YOU BY SESAME STREET",,,"RANDOM HOUSE",,"A4",758,,,,,,,,,"E2/758",,0,"$8.99 ",,,,,,,
"THE LITTLE MERMAID",,,"CHILDDREN S CHOICE BOOK CLUB",,"A4",759,,,,,,,,,"E2/759",,0,"$3.99 ",,,,,,,
"THE POTTY BOOK",,,"BARONET BOOKS",,"A4",760,,,,,,,"ALYSSA SATIN CAPUCILLI",,"E2/760",,0,60,,,,,,,
"PIRATES PAST NOON",,,"RANDOM HOUSE",,"A4",761,,,,,,,"MARY POPE OSBORNE",,"E2/761",,0,"$3.99 ",,,,,,,
"MY FIRST COLLECTION OF TEDDY STORIES",,,"PLAY MORE INC.",,"A4",762,,,,,,,,,"E2/762",,0,"50/-",,,,,,,
"MY FIRST BOOK",,,,,"A4",763,,,,,,,"JANE BELK MONCURE",,"E2/763",,0,50,,,,,,,
"UP AND AWAY REPTAR",,,"GROLIER BOOKS",,"A4",764,,,,,,,"RUGRATS",,"E2/764",,0,,,,,,,,
"MOLE FOLLOWS THE STAR",,,,,"A4",765,,,,,,,"GABY GOLDSACK",,"E2/765",,0,,,,,,,,
"CUTE AS CAN BEE",,,,,"A4",766,,,,,,,"DEBORAH DSNDREA",,"E2/766",,0,,,,,,,,
"WHAT DOES BABY MICKEY FIND?",,,"THE WALT DISNEY COMPANY",,"A4",767,,,,,,,"CAROL NORTH",,"E2/767",,0,"$169 ",,,,,,,
"BABY DONALD MAKES A SNOWFRIEND",,,"THE WALT DISNEY COMPANY",,"A4",768,,,,,,,"MARILYN J.SAPIENZA",,"E2/768",,0,50,,,,,,,
"ARE YOU MY MOTHER?",,,"RANDOM HOUSE",,"A4",769,,,,,,,"P.D.EASTMAN",,"E2/769",,0,"$8.09 ",,,,,,,
"GROVERS ADVENTURE UNDER THE SEA",,,"RANDOM HOUSE",,"A4",770,,,,,,,"TOM COOKE",,"E2/770",,0,70,,,,,,,
"THE RESCUERS",,,"RANDOM HOUSE",,"A4",771,,,,,,,,,"E2/771",,0,,,,,,,,
"GO,DOG.GO",,,"RANDOM HOUSE",,"A4",772,,,,,,,"P.D.EASTMAN",,"E2/772",,0,,,,,,,,
"LION IS DOWNN THE DUMPS",,,"WEEKLY READER BOOKS",,"A4",773,,,,,,,"RICHARD HEFTER",,"E2/773",,0,,,,,,,,
"THE CURIOUS LITTLEKITTEN GETS LOST",,,"GOLDEN BOOKS PUBLISHING CO.,",,"A4",774,,,,,,,"LINDA HAYWARD",,"E2/774",,0,,,,,,,,
"APPLE DUMPLINS DAY",,,"GROSSET & DUNLAP",,"A4",775,,,,,,,"MONIQUE Z.",,"E2/775",,0,"$6.99 ",,,,,,,
"COBBY GOES FOR A SWIN",,,"BARONET BOOKS",,"A4",776,,,,,,,"RIKEY AUSTIN",,"E2/776",,0,,,,,,,,
"FANG ",,,"CHILDDREN S CHOICE BOOK CLUB",,"A4",777,,,,,,,"BARBARA SHOOK HAZEN",,"E2/777",,0,,,,,,,,
"READY TO READ LITTLE MERMOID",,,"MAKE BELIVES IDEAS",,"A4",778,,,,,,,"KATIE SAUNDERS",,"E2/778",,0,"$3.99 ",,,,,,,
"CARNIVAL AT VANDLELIGHT",,,"RANDOM HOUSE",,"A4",779,,,,,,,"MARY POPE OSBORNE",,"E2/779",,0,,,,,,,,
"BABY BOOKY LOVEY DOVEY",,,"HYPER COLLINS PUBLISHERS",,"A4",780,,,,,,,"MARY ENGELBAREIT",,"E2/780",,0,6.29,,,,,,,
"NEW SHOES FOR SCHOOL",,,"WEEKLY READER BOOKS",,"A4",781,,,,,,,"CLAUDIA DENNY VURNAKES",,"E2/781",,0,"$0.99 ",,,,,,,
"CROW BOY",,,"CHILDDREN S CHOICE BOOK CLUB",,"A4",782,,,,,,,"TARO YASHIMA",,"E2/782",,0,,,,,,,,
"DANDELIONS AND DAYDREAMS",,,"STANDARD PUBLISHING COMPANY",,"A4",783,,,,,,,"MARGARET HILLERT",,"E2/783",,0,,,,,,,,
"JONAH",,,"BENDON PUBLISHING INTERNATIONAL",,"A4",784,,,,,,,,,"E2/784",,0,,,,,,,,
"MOUSE GOSE OUT",,,"CANDLEWICK PRESS",,"A4",785,,,,,,,"PHYLLIS ROOF",,"E2/785",,0,"$4.99 ",,,,,,,
"FAVOURITE TALES PETER&THE WOLF",,,"LADYBORD BOOKS",,"A4",786,,,,,,,"MOLLY PERHAM",,"E2/786",,0,"$1.50 ",,,,,,,
"THREE THRILLERS FROM POE, MASTER OF HORROR",,,"SCHOLASTIC",,"A4",787,,,,,,,"CLINT HANSEN",,"E2/787",,0,"$0.25 ",,,,,,,
"GEORES FARM",,,"PETER HADDOCK",,"A4",788,,,,,,,,,"E2/788",,0,,,,,,,,
"KENNYS DAY OFF",,,"SCOTT FORESMAN",,"A4",789,,,,,,,"BABS BELL HAJDUSIEWICZ",,"E2/789",,0,,,,,,,,
"ITS GRADUATION DAY",,,"SCHOLASTIC",,"A4",790,,,,,,,"GRACE MACCARONE",,"E2/790",,0,"RS30",,,,,,,
"THE MAGIC SCHOOL BUS (FILDS TRIP FACTS)",,,"A YEARLING BOOK",,"A4",791,,,,,,,"JUDY BLUME",,"E2/791",,0,,,,,,,,
"HOW TO BE A FRIEND FOREVER",,,"SCHOLASTIC",,"A4",792,,,,,,,"NANCY E.KRULIK",,"E2/792",,0,"$1.49 ",,,,,,,
"THE MAGIC SCHOOL BUS (FILDS TRIP FACTS)",,,"SCHOLASTIC",,"A4",793,,,,,,,"MS.FRIZZLES KIDS",,"E2/793",,0,"RS20",,,,,,,
"JOHN LITHGOW MARSUPIAL SUE",,,"SIMON AND SCHUSTER SPOTLIGHT",,"A4",794,,,,,,,"JACK E. DAVIS",,"E2/794",,0,,,,,,,,
"BELLY LAUGHS FROM BIKINI BOTTOM",,,"SCHOLASTIC",,"A4",795,,,,,,,"HOLLY KOWITT",,"E2/795",,0,"$2.99 ",,,,,,,
"BEAR PARTY",,,"PUFFIN BOOKS",,"A4",796,,,,,,,"WILLIAM PENE DU BOIS",,"E2/796",,0,"RS10",,,,,,,
"ALADDIN",,,"NEW YORK TIMES",,"A4",797,,,,,,,"BETTE KILLION",,"E2/797",,0,,,,,,,,
"DISNEYS WINNIE THE POOHS SLEEPYTIME HUM",,,"THE WALT DISNEY COMPANY",,"A4",798,,,,,,,"ELLEN MILNES",,"E2/798",,0,,,,,,,,
"DAM JANSEN &THE MYSTERY OF THE BABE RUTH BASE BALL",,,"HOUGHTON MIFFLIN COMPANY",,"A4",799,,,,,,,"DAVID A.ADLER",,"E2/799",,0,"RS30",,,,,,,
"GARFIELD THINK BIG",,,"BALLNTINE BOOKS",,"A4",800,,,,,,,"JIM DAVIS",,"E2/800",,0,"$6.95 ",,,,,,,
"THE TITANIC LOST ?.&FOUND",,,"RANDOM HOUSE",,"A4",801,,,,,,,"JUDY DONNELLY",,"E2/801",,0,"$4 ",,,,,,,
"THE TITANIC LOST ?.&FOUND",,,"RANDOM HOUSE",,"A4",802,,,,,,,"JUDY DONNELLY",,"E2/802",,0,"$4 ",,,,,,,
"MY LITTLE COUNTING BOOK",,,"POCKET BOOKS",,"A4",803,,,,,,,"ROGER PRIDDY",,"E2/803",,0,"$9.95 ",,,,,,,
"TRAVELING MATTS ADVENTURES IN OUTER SPACE",,,"HOUGHTON MIFFLIN COMPANY",,"A4",804,,,,,,,"MICHAELA MUNTEAN",,"E2/804",,0,,,,,,,,
"MAMA MAMA",,,"SCHOLASTIC",,"A4",805,,,,,,,"JEAN MARZOLLO",,"E2/805",,0,,,,,,,,
"DISNEYS WINNIE THE POOHS COLORING BOOK",,,"THE WALT DISNEY COMPANY",,"A4",806,,,,,,,"A.A.MILNE",,"E2/806",,0,,,,,,,,
"FUN WITH FELT",,,"SCHOLASTIC",,"A4",807,,,,,,,"KLUTZ",,"E2/807",,0,,,,,,,,
"PIGLET IS ENTIRELY SURROUNDED BY WATER",,,"DUTTON CHILDREN S BOOK",,"A4",808,,,,,,,"A.A.MILNE",,"E2/808",,0,,,,,,,,
"THE MAGIC SCHOOL BUS (FILDS TRIP FACTS)",,,"SCHOLASTIC",,"A4",809,,,,,,,"MS.FRIZZLES KIDS",,"E2/809",,0,"RS20",,,,,,,
"THE DINOSAURE WHO COULDT SLEEP",,,"PLAY MORE INC.",,"A4",810,,,,,,,"MICHAELA SALMON",,"E2/810",,0,,,,,,,,
"MINNIE FOLLOW THAT EASTER BONNET!",,,"GOLDEN BOOKS PUBLISHING CO.,",,"A4",811,,,,,,,"ANN BRAYBROOKS",,"E2/811",,0,,,,,,,,
"CAR WASH KID ",,,"SCHOLASTIC",,"A4",812,,,,,,,"CATHY GOLDBERG FISHMAN",,"E2/812",,0,,,,,,,,
"THE OLD BONE",,,"SCHOLASTIC",,"A4",813,,,,,,,"FRANCES ANNLADD",,"E2/813",,0,,,,,,,,
"DIE MOPPELS",,,"CHILDDREN S CHOICE BOOK CLUB",,"A4",814,,,,,,,"WIRSPIELEN DRAUBEN",,"E2/814",,0,"$0.99 ",,,,,,,
"BARNEYS EASTER EGG HUT",,,"BARONET BOOKS",,"A4",815,,,,,,,"STEPHENWHITE",,"E2/815",,0,"$3.25 ",,,,,,,
"HONEY BEAR FINDS A FRIEND",,,"MC. DONALD",,"A4",816,,,,,,,"ALICE POPPER",,"E2/816",,0,,,,,,,,
"BEAUTY AND THE BEAST",,,"A GOLDEN BOOK",,"A4",817,,,,,,,"TEDDY SLATER ",,"E2/817",,0,20,,,,,,,
"THE TRUCK BOOK",,,"GOLDEN BOOKS PUBLISHING CO.,",,"A4",818,,,,,,,"BILL GERE",,"E2/818",,0,,,,,,,,
"POOHS BEST DAY(POOH ABOOK ABOUT WEATHER)",,,"THE WALT DISNEY COMPANY",,"A4",819,,,,,,,,,"E2/819",,0,,,,,,,,
"BABY EINSTEIN JANES ANIMALEXPENDITION",,,"HYPER COLLINS PUBLISHERS",,"A4",820,,,,,,,"JULIE AIGNER CLARK",,"E2/820",,0,"$6.99 ",,,,,,,
"DORAS DESERT FRIEND",,,"PLAY MORE INC.",,"A4",821,,,,,,,"ROBIN CHAPLIK",,"E2/821",,0,,,,,,,,
"PETER RABBBIT",,,"PLAY MORE INC.",,"A4",822,,,,,,,"BEATRIX POTTER",,"E2/822",,0,,,,,,,,
"BARBIE LETS GO OUTSIDE",,,"READER DIGEST",,"A4",823,,,,,,,"MARY MAN KONG",,"E2/823",,0,,,,,,,,
"SPONGEBOB SQUAREPANTS",,,"TIME-LIFE BOOKS",,"A4",824,,,,,,,"STEPHEN HILLENBUG",,"E2/824",,0,"$7.99 ",,,,,,,
"BABY DONALDS DAY AT THE BEACH ",,,"THE WALT DISNEY COMPANY",,"A4",825,,,,,,,,,"E2/825",,0,"$0.99 ",,,,,,,
"CORDUROYS DAY",,,"WEEKLY READER BOOKS",,"A4",826,,,,,,,"FEATURING DON FREMANS",,"E2/826",,0,,,,,,,,
"ANGLES",,,"CHILDDREN S CHOICE BOOK CLUB",,"A4",827,,,,,,,,,"E2/827",,0,,,,,,,,
"KERMIT THE HERMIT",,,"WEEKLY READER BOOKS",,"A4",828,,,,,,,"BARRY KEATING",,"E2/828",,0,,,,,,,,
"PICNIC A B C",,,"POCKET BOOKS",,"A4",829,,,,,,,"YASUYUKI SASA",,"E2/829",,0,"$4.95 ",,,,,,,
"A PICNIC IN THE WOODS",,,"RANDOM HOUSE",,"A4",830,,,,,,,,,"E2/830",,0,,,,,,,,
"THE ANIMALS OF FARMER JONES ",,,"GOLDEN BOOKS PUBLISHING CO.,",,"A4",831,,,,,,,"RUDOLF FREUND",,"E2/831",,0,,,,,,,,
"OLD MACDONALD HAD A FARM",,,"GOLDEN BOOKS PUBLISHING CO.,",,"A4",832,,,,,,,"MORITZ KENNEL",,"E2/832",,0,,,,,,,,
"MY FIRST WORDS",,,"BOOK CLUB",,"A4",833,,,,,,,"GILL GUILE",,"E2/833",,0,"$4.99 ",,,,,,,
"POOH JUST BE NICE TO YOUR LITTLE FRIEND",,,"GOLDEN BOOKS PUBLISHING CO.,",,"A4",834,,,,,,,"CAROLINE KENNETH",,"E2/834",,0,,,,,,,,
"I LIKE ELEPHANT",,,,,"A4",835,,,,,,,"TREVOR PYE",,"E2/835",,0,"RS09",,,,,,,
"HENRY &MUDGE &THE WILD WIND",,,"SCHOLASTIC",,"A4",836,,,,,,,"CYNTHIA RYLANT",,"E2/836",,0,,,,,,,,
"WHAT A BAD DREAM",,,"GOLDEN BOOKS PUBLISHING CO.,",,"A4",837,,,,,,,"MERCER MAYER",,"E2/837",,0,,,,,,,,
"JUST ME AND MY DAD",,,"GOLDEN BOOKS PUBLISHING CO.,",,"A4",838,,,,,,,"MERCER MAYER",,"E2/838",,0,,,,,,,,
"POOH EEYORE BE HAPPY!",,,"GOLDEN BOOKS PUBLISHING CO.,",,"A4",839,,,,,,,"DON FERGUSON",,"E2/839",,0,,,,,,,,
"HOT FUDGE HERO",,,"SCHOLASTIC",,"A4",840,,,,,,,"PAT BRISSON",,"E2/840",,0,,,,,,,,
"THE POWER GIRLS A LITTLE MONSTROUS PROBLEM",,,"GOLDEN BOOKS PUBLISHING CO.,",,"A4",841,,,,,,,"CRAIG MC CRACKEN",,"E2/841",,0,,,,,,,,
"STEP INTO READING ",,,"RANDOM HOUSE",,"A4",842,,,,,,,"APPLE JORDAN",,"E2/842",,0,,,,,,,,
"DAISY PETAL PIXIES",,,"SCHOLASTIC",,"A4",843,,,,,,,"MICHI FUJIMOTO",,"E2/843",,0,,,,,,,,
"BE PATIENT, LITTLE CHICK",,,"OCOPUS BOOKS LIMITED",,"A4",844,,,,,,,"BEATRIX POTTER",,"E2/844",,0,,,,,,,,
"BE PATIENT, LITTLE CHICK",,,"READER DIGEST",,"A4",845,,,,,,,"PATRICIA JENSEN",,"E2/845",,0,,,,,,,,
"PLAY TIME POEM",,,"READER DIGEST",,"A4",846,,,,,,,"RUTH THOMSON",,"E2/846",,0,,,,,,,,
"THE TALE OF PETER RABBIT",,,"LITTLE BROWN & COMPANY",,"A4",847,,,,,,,"BEATRIX POTTER",,"E2/847",,0,,,,,,,,
"THE RESCUERS",,,"THE WALT DISNEY COMPANY",,"A4",848,,,,,,,"MARGERY SHARP",,"E2/848",,0,,,,,,,,
"GUESS HOW MUCH I LOVE YOU",,,"CANDLEWICK PRESS",,"A4",849,,,,,,,"SAM MC BRATNEY",,"E2/849",,0,"C",,,,,,,
"KERMIT LEARNS HOW COMPUTERS WORK",,,"MOUSE&WORKS",,"A4",850,,,,,,,"MARGY KUNTZ",,"E2/850",,0,,,,,,,,
"ITS POTTEY TIME",,,"A STEPPING STONE BOOK",,"A4",851,,,,,,,,,"E2/851",,0,,,,,,,,
"FROM WALES TO SNAILS",,,"A BANTAM BOOK",,"A4",852,,,,,,,,,"E2/852",,0,,,,,,,,
"PUPPYS BUSY DAY",,,"DORLING KINDERSLEY",,"A4",853,,,,,,,,,"E2/853",,0,"$7.95 ",,,,,,,
"MARTY &THE LONG NECKED GIRAFFE",,,"BOOK CLUB",,"A4",854,,,,,,,"MAVIS STUCCI",,"E2/854",,0,"$4.99 ",,,,,,,
"WENDYS ADVENTURE IN NEVER LAND",,,"A BANTAM BOOK",,"A4",855,,,,,,,,,"E2/855",,0,,,,,,,,
"CALLING ALL VEHICILES!",,,"ELECTRONIC EDUCATION",,"A4",856,,,,,,,"RED GIRAFFE",,"E2/856",,0,"$5.49 ",,,,,,,
"DONALDS MAGIC STONE",,,"A BANTAM BOOK",,"A4",857,,,,,,,"MARY PACKARD",,"E2/857",,0,,,,,,,,
"THE HEDGEHOGS CHRIMAS TREE",,,"GOLDEN BOOKS PUBLISHING CO.,",,"A4",858,,,,,,,"KATHRYN JACKSON",,"E2/858",,0,,,,,,,,
"I CAN READ WITH MY EYES SHUT",,,"RANDOM HOUSE",,"A4",859,,,,,,,"DR.SEUSS",,"E2/859",,0,"$.8.99",,,,,,,
"MY I BOOK",,,"SCHOLASTIC",,"A4",860,,,,,,,"JANE BELK MONCURE",,"E2/860",,0,,,,,,,,
"MY W BOOK",,,"THE CHILDREN BOOK",,"A4",861,,,,,,,"JANE BELK MONCURE",,"E2/861",,0,,,,,,,,
"TRAVELS WITH MY CACTUS",,,"HYPER COLLINS PUBLISHERS",,"A4",862,,,,,,,"CHARLS M SCHUIZ",,"E2/862",,0,,,,,,,,
"BARBIE LOVES WEDDINGS",,,"GOLDEN BOOKS PUBLISHING CO.,",,"A4",863,,,,,,,"MARY MAN KONG",,"E2/863",,0,,,,,,,,
"POOH.S PERFECT SPTING",,,"THE WALT DISNEY COMPANY",,"A4",864,,,,,,,,,"E2/864",,0,,,,,,,,
"TIME OUT ",,,"SCHOLASTIC",,"A4",865,,,,,,,"BOBBI JG WEISS",,"E2/865",,0,,,,,,,,
"YOYO GOEA TO THE PARK",,,"TIME-LIFE BOOKS",,"A4",866,,,,,,,"JEANNETTE ROWE",,"E2/866",,0,,,,,,,,
"DANNY &THE DINOSAURE GO TO CAMP",,,"HYPER COLLINS PUBLISHERS",,"A4",867,,,,,,,"SYD HOFF",,"E2/867",,0,,,,,,,,
"MY BEST FRIEND",,,"PLAY MORE INC.",,"A4",868,,,,,,,"EMILY T. PETERSON",,"E2/868",,0,,,,,,,,
"BYE BYE BLANKIE",,,"GOLDEN BOOKS PUBLISHING CO.,",,"A4",869,,,,,,,"BONNIE WORTH",,"E2/869",,0,,,,,,,,
"PARIS CAT ",,,"LITTLE BROWN & COMPANY",,"A4",870,,,,,,,"BARKER",,"E2/870",,0,,,,,,,,
"WHO",,,"STANDARD PUBLISHING COMPANY",,"A4",871,,,,,,,"JOAN HUSTON",,"E2/871",,0,3.8,,,,,,,
"LETS GO HOME LITTLE BEAR",,,"CANDLEWICK PRESS",,"A4",872,,,,,,,"MARTIN WADDELL",,"E2/872",,0,"$4.99 ",,,,,,,
"I KNOW AN OLD LADY WHO SWALLOWED A PIE",,,"SCHOLASTIC",,"A4",873,,,,,,,"ALISON JACKSON",,"E2/873",,0,,,,,,,,
"KATINE &THE NIGHT NOISES",,,"TROLL ASSOCIATES",,"A4",874,,,,,,,"JACQUELINE SWEENEY",,"E2/874",,0,,,,,,,,
"NO MORE PENCIL, NO MORE BOOKS, NO MORE TEACHERS DIRTY LOOKS",,,,,"A4",875,,,,,,,,,"E2/875",,0,,,,,,,,
"STAND TALL MOLLY LOU MELON",,,"SCHOLASTIC",,"A4",876,,,,,,,"PATTY LOVELL",,"E2/876",,0,"$3.99 ",,,,,,,
"CAMPING",,,"CANDLEWICK PRESS",,"A4",877,,,,,,,"PHYLLIS ROOF",,"E2/877",,0,,,,,,,,
"CLIFFORDS CHICK",,,"SCHOLASTIC",,"A4",878,,,,,,,"LESLIE MC GUIRE",,"E2/878",,0,,,,,,,,
"MAISYS FAVORITE TOYS ",,,,,"A4",879,,,,,,,,,"E2/879",,0,40,,,,,,,
"SAXOPHONE SURPRISE",,,"SCOTT FORESMAN",,"A4",880,,,,,,,"SYDNIE MELTZER KLEINHENZ",,"E2/880",,0,,,,,,,,
"SIMBAS BIG RACE",,,"THE WALT DISNEY COMPANY",,"A4",881,,,,,,,"LAURA ROSSITER",,"E2/881",,0,,,,,,,,
"MY BRAND NEW SNEAKERS",,,"PARADIGE PREGS",,"A4",882,,,,,,,,,"E2/882",,0,40,,,,,,,
"I LIKE BUGS",,,"RANDOM HOUSE",,"A4",883,,,,,,,"MARGARAET WISE BROEN",,"E2/883",,0,"$3.99 ",,,,,,,
"THE BLURRY DAY",,,"SCHOLASTIC",,"A4",884,,,,,,,"SONIA SANDER",,"E2/884",,0,,,,,,,,
"WHY NOAH CHOSE THE DOVE ",,,"SCHOLASTIC",,"A4",885,,,,,,,"ELIZABETH SHUB ",,"E2/885",,0,,,,,,,,
"THE FROG PRINCE",,,"SCHOLASTIC",,"A4",886,,,,,,,"EDITH H. TARCOV",,"E2/886",,0,,,,,,,,
"DISNEY ANIMAL FRIENDS BAMBISS GUESS WHO",,,"DALMATIAN PRESS",,"A4",887,,,,,,,,,"E2/887",,0,,,,,,,,
"TEDDY BEARS ARE MORE FUN?",,,"Award Publications",,"A4",888,,,,,,,"JILL WOLF",,"E2/888",,0,,,,,,,,
"A DAY SHOPPING",,,,,"A4",889,,,,,,,,,"E2/889",,0,,,,,,,,
"DINOSAURE KISSES",,,"PLAY MORE INC.",,"A4",890,,,,,,,"MARGARET WANG",,"E2/890",,0,"$9.95 ",,,,,,,
"DISNEY PRINCESS MAGIC",,,"PLAY MORE INC.",,"A4",891,,,,,,,,,"E2/891",,0," ",,,,,,,
"ANG ALAMAT PALAY- THE LEGEND OF RICE",,,"AMEX COMPANY LIMITED",,"A4",892,,,,,,,,,"E2/892",,0,60,,,,,,,
"A BOOK ABOUT YOUR SKELETON",,,"SCHOLASTIC",,"A4",893,,,,,,,"RUTH BELOV GROSS",,"E2/893",,0,"$30.00 ",,,,,,,
"GROVERS BOOK OF CUTE LITTLE WORDS",,,"GOLDEN BOOKS PUBLISHING CO.,",,"A4",894,,,,,,,"MICHAELA MUNTEAN",,"E2/894",,0,,,,,,,,
"SAMMY SPIDERS FIRST SIMCHAT TORAH",,,"KIDS CAN PRESS",,"A4",895,,,,,,,"SYLVIA A. ROUSS",,"E2/895",,0,,,,,,,,
"THE TROUBLE WITH DEARS",,,,,"A4",896,,,,,,,,,"E2/896",,0,,,,,,,,
"THE SELFISH GIANT",,,"PUBLICATIONS INTERNATIONAL, LTD.",,"A4",897,,,,,,,"JANET QUINLAN",,"E2/897",,0,,,,,,,,
"LEAPPAAD INTRATIVE BOOK",,,,,"A4",898,,,,,,,,,"E2/898",,0,,,,,,,,
"BIG BIRDS ANIMAL GAME",,,"GOLDEN BOOKS PUBLISHING CO.,",,"A4",899,,,,,,,"CONSTANCE ALLEN",,"E2/899",,0,,,,,,,,
"WALY DISNEY PETER PAN",,,"THE WALT DISNEY COMPANY",,"A4",900,,,,,,,,,"E2/900",,0,,,,,,,,
"DORA S BACKPACK",,,"SIMON AND SCHUSTER SPOTLIGHT",,,901,,,,,,,"SARAH WILLSON",,"E2/901",,0,"RS 10 ",,,,,,,
"FIRE HOUSE",,,"LANDOLL S INC.",,,902,,,,,,,"SARAH TOAST",,"E2/902",,0,,,,,,,,
"BUBBLE GUM IN THE SKY",,,"TROLL ASSOCIATES",,,903,,,,,,,"LOUISE EVERETT",,"E2/903",,0,"RS 10 ",,,,,,,
"PET SHOW",,,"TROLL ASSOCIATES",,,904,,,,,,,"SHARON GORDON",,"E2/904",,0,,,,,,,,
"POP",,,"SCHOLASTIC",,,905,,,,,,,"FRANCIE ALEXANDER",,"E2/905",,0,,,,,,,,
"CLIFFORD GOES TO SCHOOL",,,"SCHOLASTIC",,,906,,,,,,,"NORMAN BRIDWELL",,"E2/906",,0,"RS 10 ",,,,,,,
"SLEEPOVER PARTY",,,"TROLL ASSOCIATES",,,907,,,,,,,"RITA BALDUCCI",,"E2/907",,0,"US$2.95",,,,,,,
"I LIKE TO LOOK",,,"SCHOLASTIC",,,908,,,,,,,"JANELLE CHERRINGTON",,"E2/908",,0,,,,,,,,
"HIDE AND SEEK ON THE FARM",,,"TROLL ASSOCIATES",,,909,,,,,,,"LAURA DAMON",,"E2/909",,0,"US$1.95",,,,,,,
"BOB AT BAT",,,"SCHOLASTIC",,,910,,,,,,,"ELLEN TARLOW",,"E2/910",,0,,,,,,,,
"WAIT SKATES ",,,"SCHOLASTIC",,,911,,,,,,,"MILDRED D. JOHNSON",,"E2/911",,0,,,,,,,,
"A HOUSE-MOUSE PARTY",,,"LITTLE BROWN & COMPANY",,,912,,,,,,,"ELLEN JARECKIE",,"E2/912",,0,"$0.99 ",,,,,,,
"TREE HOUSE FUN",,,"TROLL ASSOCIATES",,,913,,,,,,,"ROSE GREYDANUS",,"E2/913",,0,,,,,,,,
"SPOT AND FRIENDS DREES-UP",,,,,,914,,,,,,,"ERIC-HILL",,"E2/914",,0,"$7.95 ",,,,,,,
"PEANUT BUTTER RHINO",,,"SCHOLASTIC",,,915,,,,,,,"VINCENT ANDRIANI",,"E2/915",,0,,,,,,,,
"REPTARS SURPRISE VISIT",,,"NICKELODEON",,,916,,,,,,,"CECILE SCHOBERLE",,"E2/916",,0,"RS 40",,,,,,,
"GEORGE&SYLVIA",,,"LITTLE BROWN & COMPANY",,,917,,,,,,,"MICHAEL COLEMAN TIM WARNES",,"E2/917",,0,,,,,,,,
"THE END OF THE RAINBOW",,,"LITTLE BROWN & COMPANY",,,918,,,,,,,"A H BENJAMIN&JOHN BENDALL BRUNELLO",,"E2/918",,0,,,,,,,,
"THE DOG BEST FRIEND FUR EVER",,,"SCHOLASTIC",,,919,,,,,,,,,"E2/919",,0,,,,,,,,
"THE BIG HALLOWEEN SCARE",,,"NICKELODEON",,,920,,,,,,,"STEVEN BANKS",,"E2/920",,0,"RS 30",,,,,,,
"OLD MACDONALD HAD A FARM",,,"GOLDEN BOOKS PUBLISHING CO.,",,,921,,,,,,,"MEL CRAWFORD",,"E2/921",,0,"RS 40",,,,,,,
"BABY WHALES DRINK MILK",,,"HYPER COLLINS PUBLISHERS",,,922,,,,,,,"BARBARA JUSTER ESBENSEN",,"E2/922",,0,"RS 60",,,,,,,
"SLEEPS FOR THE WINTER",,,"SCHOLASTIC",,,923,,,,,,,,,"E2/923",,0,"US$3.99",,,,,,,
"HEY I AM READING",,,"AMEX COMPANY LIMITED",,,924,,,,,,,"BETTY MILES",,"E2/924",,0,"US$7.99",,,,,,,
"YUCK",,,"CANDLEWICK PRESS",,,925,,,,,,,,,"E2/925",,0,,,,,,,,
"WHEN DINOSAURS GO TO SCHOOL",,,"CHILDDREN S CHOICE BOOK CLUB",,,926,,,,,,,"LINDA MARTIN",,"E2/926",,0,"RS 50",,,,,,,
"A WISH FOR WINGS THAT WORK ",,,"SCHOLASTIC",,,927,,,,,,,"BERKELEY BREATHED",,"E2/927",,0,"RS 100",,,,,,,
"FIRST GRADERS FROM MARS",,,"SCHOLASTIC",,,928,,,,,,,"SHANA COREY",,"E2/928",,0,"US$4.50",,,,,,,
"ARTHURS UNDERWEAR",,,"SCHOLASTIC",,,929,,,,,,,"MARC BROWN",,"E2/929",,0,,,,,,,,
"BARNEYS EASTER PARADE ",,,"LITTLE BROWN & COMPANY",,,930,,,,,,,"GUY DAVIS",,"E2/930",,0,"RS 50",,,,,,,
"COMO HE CRECIDO ",,,"SCHOLASTIC",,,931,,,,,,,"POR MARY REID",,"E2/931",,0,,,,,,,,
"GARFIELD THINKS BIG",,,"RANDOM HOUSE",,,932,,,,,,,"JIM DAVIS",,"E2/932",,0,"RS 50",,,,,,,
"UNDER",,,"ELECTRONIC EDUCATION",,,933,,,,,,,"MEGAN TOVEY",,"E2/933",,0,,,,,,,,
"SHAPES",,,"PLAY MORE INC.",,,934,,,,,,,"DR. RICHARD E. WYLIE",,"E2/934",,0,"US$1.29",,,,,,,
"PINOCCHIO",,,"DALMATIAN PRESS",,,935,,,,,,,"WALT DISNEY",,"E2/935",,0,,,,,,,,
"MY FRIENDS",,,"MACMILLAN , INC",,,936,,,,,,,"TARO GOMI",,"E2/936",,0,"RS 70",,,,,,,
"READING &PHONICS",,,"VIKING PENGUIM",,,937,,,,,,,,,"E2/937",,0,"US$1.99",,,,,,,
"THIS MEANS STOP ",,,,,,938,,,,,,,"MYKA -LYNNE SOKOFH",,"E2/938",,0,,,,,,,,
"FLIP",,,"SCHOLASTIC",,,939,,,,,,,"WESLEY DENNIS",,"E2/939",,0,,,,,,,,
"BEAR HUGS",,,"RANDOM HOUSE",,,940,,,,,,,"ALYSSA SATIN CAPUCILLI",,"E2/940",,0,"US$3.99",,,,,,,
"MY OWN FIVE SENSES",,,,,,941,,,,,,,"MYKA -LYNNE SOKOFH",,"E2/941",,0,,,,,,,,
"CLIFFORDS GIFT",,,"SCHOLASTIC",,,942,,,,,,,"LESLIE MCGUIRE",,"E2/942",,0,,,,,,,,
"THE COUNTRY BEARS",,,"RANDOM HOUSE",,,943,,,,,,,"MARK PEREZ",,"E2/943",,0,"US$7.99",,,,,,,
"CARE BEARS ",,,"SCHOLASTIC",,,944,,,,,,,"NANCY PARENT",,"E2/944",,0,"US$3.50",,,,,,,
"CLEOS LOST BALL",,,"SCHOLASTIC",,,945,,,,,,,"LESLIE MCGUIRE",,"E2/945",,0,,,,,,,,
"THANK YOU AMELIA BEDELIA",,,"HYPER COLLINS PUBLISHERS",,,946,,,,,,,"PEGGY PARISH",,"E2/946",,0,"US$3.99",,,,,,,
"THE WHEELS ON THE BUS",,,"RANDOM HOUSE",,,947,,,,,,,"HARRIET ZIEFERT",,"E2/947",,0,"US$2.25",,,,,,,
"WHO LIVES IN THE ARCTIC",,,"SCHOLASTIC",,,948,,,,,,,"SUSAN CANIZARES PAMELA CHANKO",,"E2/948",,0,"US$3.25",,,,,,,
"WHO IS COMING TO YOUR HOUSE",,,"SCHOOL ZONE",,,949,,,,,,,"JOSEPH SLATE",,"E2/949",,0,"RS 60",,,,,,,
"I AM GREAT !",,,"ABBEYPRESS",,,950,,,,,,,"TOM -TOZER",,"E2/950",,0,"$7.50 ",,,,,,,
"THERES A GHOST IN MY HOUSE",,,"TROLL ASSOCIATES",,,951,,,,,,,"SARAH ALBEE",,"E2/951",,0,"US$3.95",,,,,,,
"SAMMY AND THE DINOSAURS ",,,"SCHOLASTIC",,,952,,,,,,,"IAN WHYBROW",,"E2/952",,0,,,,,,,,
"TOLD BY MOTHER BEAR",,,"STANDARD PUBLISHING COMPANY",,,953,,,,,,,,,"E2/953",,0,,,,,,,,
"WHAT MAKES IT RAIN?",,,"TROLL ASSOCIATES",,,954,,,,,,,"KEITH BRANDT",,"E2/954",,0,"RS 60",,,,,,,
"CAPS ,HATS,SOCKS AND MITTENS",,,"SCHOLASTIC",,,955,,,,,,,"LOUISE BORDEN",,"E2/955",,0,"RS 70",,,,,,,
"THE LIVES OF SEA TURTLES",,,"MAC GRAW HILL COMPANIES",,,956,,,,,,,"CHRIS MERAMEC",,"E2/956",,0,,,,,,,,
"THE SONS OF RAMA",,,"AMAR CHITRA KATHA LTD.",,,957,,,,,,,"ANANT PAI",,"E2/957",,0,25.6,,,,,,,
"BASEBALL BROTHERS",,,"SCHOLASTIC",,,958,,,,,,,"JEAN,DAN,AND DAVE MARZOLLO",,"E2/958",,0,"US$3.99",,,,,,,
"CAILLOU",,,"CHILDDREN S CHOICE BOOK CLUB",,,959,,,,,,,,,"E2/959",,0,"US$3.95",,,,,,,
"COME SEE WITH LITTLE BECKY ANNE",,,"CROWN PUBLISHERS",,,960,,,,,,,"AL WINGFIELD",,"E2/960",,0,"US$ 7.95",,,,,,,
"COMPLAINING",,,"GROLIER BOOKS",,,961,,,,,,,"JOY BERRY",,"E2/961",,0,,,,,,,,
"BOBS SNOWY DAY",,,"SIMON AND SCHUSTER SPOTLIGHT",,,962,,,,,,,"ANNIE AUERBACH",,"E2/962",,0,"US$5.95",,,,,,,
"POKEMON SAVE THE SHIELDON",,,"SCHOLASTIC",,,963,,,,,,,,,"E2/963",,0,"RS 20",,,,,,,
"SANTA COWS",,,"THE TRUMPET CLUB ",,,964,,,,,,,"COOPER EDENS",,"E2/964",,0,"RS 40",,,,,,,
"MY NURSERY SCHOOL",,,"MOUSE&WORKS",,,965,,,,,,,"HARLOW ROCKWELL",,"E2/965",,0,"$3.95 ",,,,,,,
"ANIMAL SERENADE",,,"KIDS CAN PRESS",,,966,,,,,,,"SUSAN JAMES FRYE",,"E2/966",,0,,,,,,,,
"FRIENDS IN NEED",,,"GOLDEN BOOKS PUBLISHING CO.,",,,967,,,,,,,"JOHN KURTZ",,"E2/967",,0,,,,,,,,
"ZUDZEES ZOO",,,"SCHOOL ZONE",,,968,,,,,,,,,"E2/968",,0,,,,,,,,
"BENS HEN",,,"SCHOLASTIC",,,969,,,,,,,"STEVE METZGER",,"E2/969",,0,"RS 10",,,,,,,
"FROGGY GETS DRESSED",,," ",,,970,,,,,,,"JONATHAN LONDON",,"E2/970",,0,,,,,,,,
"ONE FISH TWO FISH RED FISH BLUE FISH",,,"BIGINNER BOOKS",,,971,,,,,,,"DR . SEUSS",,"E2/971",,0,"RS 70",,,,,,,
"FISH HAPPENS",,,"SCHOLASTIC",,,972,,,,,,,"TRICIA BOCZKOWSKI",,"E2/972",,0,"US$6.99",,,,,,,
"THE FARMERS TRACTOR",,,"Award Publications",,,973,,,,,,,"WENDY KANNO",,"E2/973",,0,"RS 60",,,,,,,
"BABY GOOFY CATCHES A FISH",,,"GROLIER BOOKS",,,974,,,,,,,,,"E2/974",,0,"RS 30",,,,,,,
"THE SILVER SLIPPERS",,,"WORKMAN PUBLISHING",,,975,,,,,,,"ELIZABETH KODA CALLAN",,"E2/975",,0,"RS 70",,,,,,,
"AN UNLIKELY PAIR",,,"ADVANCE PUBLISHERS",,,976,,,,,,,,,"E2/976",,0,"RS 100",,,,,,,
"HERE WE GROW",,,"MACMILLAN , INC",,,977,,,,,,,,,"E2/977",,0,,,,,,,,
"SHAPES AT THE BALLET",,,"GOLDEN BOOKS PUBLISHING CO.,",,,978,,,,,,,,,"E2/978",,0,,,,,,,,
"WHY DO VOLCANOES ERUPT ?",,,"DISNEP BOOKS ",,,979,,,,,,,"JOHN FARNDON ",,"E2/979",,0,100,,,,,,,
"MY POTTY POSTER BOOK",,,"PLAY MORE INC.",,,980,,,,,,,,,"E2/980",,0,,,,,,,,
"AKILIS LITTLE FRIEND",,,"LANDOLL S INC.",,,981,,,,,,,"CATHERINE MCCAFFERTY",,"E2/981",,0,,,,,,,,
"CHUCK FRIENDS GET TO WORK",,,"TIME-LIFE BOOKS",,,982,,,,,,,,,"E2/982",,0,,,,,,,,
"WHAT READERS CAN DO",,,"SCHOLASTIC",,,983,,,,,,,"DOUGLAS WOOD",,"E2/983",,0,"RS 10",,,,,,,
"FIVE LITTLE DUCKS",,,"MACMILLAN , INC",,,984,,,,,,,"JOSE ARUEGO AND ARIANE DEWEY",,"E2/984",,0,"RS 50",,,,,,,
"KITES",,,"SCHOLASTIC",,,985,,,,,,,"BETTINA LING",,"E2/985",,0,"RS 60",,,,,,,
"A BUG NEEDS A HOME",,,"HARCOURT BRACE JOVANOVICH",,,986,,,,,,,"DEBBIE MURANO",,"E2/986",,0,"RS 10",,,,,,,
"OPEN SESAME",,,"RANDOM HOUSE",,,987,,,,,,,"ANNA ROSS",,"E2/987",,0,"US$4.99",,,,,,,
"ANIMAL BABY",,,"WILDLIFE",,,988,,,,,,,,,"E2/988",,0,,,,,,,,
"FRIDAYS TALL TALE",,,"SIMON AND SCHUSTER SPOTLIGHT",,,989,,,,,,,"ELIZA ELLIOT",,"E2/989",,0,"RS 10",,,,,,,
"CLIFFORD LIKES TO BE NICE",,,"SCHOLASTIC",,,990,,,,,,,"FRANCIE ALEXANDER",,"E2/990",,0,,,,,,,,
"HIAWATHA THE BRAVE HUNTER",,,"RANDOM HOUSE",,,991,,,,,,,,,"E2/991",,0,"RS50",,,,,,,
"JUGGLING",,,"SCHOLASTIC",,,992,,,,,,,"CHRIS CHAIISTY",,"E2/992",,0,,,,,,,,
"HIDING PLACES",,,"HARCOURT BRACE JOVANOVICH",,,993,,,,,,,"BETSY FRANCO",,"E2/993",,0,"RS 10",,,,,,,
"CAN I PLAY THE DIVOT?",,,"CHILDDREN S CHOICE BOOK CLUB",,,994,,,,,,,"CJ APPLEQUIST",,"E2/994",,0,"US$9.95",,,,,,,
"THE LION KING",,,"STANDARD PUBLISHING COMPANY",,,995,,,,,,,"WALT DISNEY",,"E2/995",,0,"RS 40",,,,,,,
"SHADOW MYSTRIES",,,"DALMATIAN PRESS",,,996,,,,,,,,,"E2/996",,0,"US $6.97",,,,,,,
"I LOVE MY MAMI",,,"SIMON AND SCHUSTER SPOTLIGHT",,,997,,,,,,,"JUDY KATSCHKE",,"E2/997",,0,"US$3.99",,,,,,,
"BISCUIT VISITS THE BIG CITY",,,"SCHOLASTIC",,,998,,,,,,,"ALYSSA SATIN CAPUCILLI",,"E2/998",,0,"US$3.99",,,,,,,
"I CANT SAID THE ANT",,,"SCHOLASTIC",,,999,,,,,,,"POLLY CAMERON",,"E2/999",,0,,,,,,,,
"THE RUNAWAY SOUP",,,"WESTERN PUBLISHING COMPANY",,,1000,,,,,,,"MICHAELA MUNTEAN",,"E2/1000",,0,,,,,,,,
"THE TALE OF THE MANDARIAN DUCKS",,,"LANDOLL S INC.",,,1001,,,,,,,"KATHERINE PATERSON",,"E2/1001",,0,100,,,,,,,
"MULAN CLASSIC STORY BOOK",,,,,,1002,,,,,,,,,"E2/1002",,0,"$5.97 ",,,,,,,
"ALICE IN WONDERLAND",,,"MODERN PUBLISHING",,,1003,,,,,,,"LEWIS CARROLL",,"E2/1003",,0,,,,,,,,
"ON MY WAY WITH SESAME STREET IN THE CITY VOL 13",,,,,,1004,,,,,,,"LINDA HAYWARD",,"E2/1004",,0,,,,,,,,
"ARTHURS NEIGHBORHOOD",,,"RANDOM HOUSE",,,1005,,,,,,,"MARC BROWN",,"E2/1005",,0,100,,,,,,,
"GOOD NIGHT MOON",,,"HARPER COLING",,,1006,,,,,,,"MARGARET WISE BROWN",,"E2/1006",,0,"$12.95 ",,,,,,,
"THUMPERSS LITTLE SISTERS VOL 2",,,"A BANTAM BOOK",,,1007,,,,,,,,,"E2/1007",,0,,,,,,,,
"BUSY THINGS THAT GO",,,"MC. DONALD",,,1008,,,,,,,"R.W.ALLEY",,"E2/1008",,0,,,,,,,,
"FIND FREDDIE",,,"KIDS CAN PRESS",,,1009,,,,,,,"ANTHONY TALLARICO",,"E2/1009",,0,"US$9.95",,,,,,,
"MY FRIST SIGNS",,,"CHILDDREN S CHOICE BOOK CLUB",,,1010,,,,,,,"ANNIE KUBLER",,"E2/1010",,0,,,,,,,,
"T.REX",,,"CANDLEWICK PRESS",,,1011,,,,,,,"VIVIAN FRENCH",,"E2/1011",,0,,,,,,,,
"HERE WE GO!",,,"HEIGHLIGHTS FOR CHILDREN",,,1012,,,,,,,,,"E2/1012",,0,,,,,,,,
"WHATS NEW SCOOBY-DOO",,,"LANDOLL S INC.",,,1013,,,,,,,"JAMIE ELDER",,"E2/1013",,0,"$5.99 ",,,,,,,
"THE ADVENTURES OF TOM SAWYER",,,"CHILDDREN S CHOICE BOOK CLUB",,,1014,,,,,,,"MARK TWAIN",,"E2/1014",,0,,,,,,,,
"WILDERNESS EXPLORERS",,,,,,1015,,,,,,,,,"E2/1015",,0,"$16.15 ",,,,,,,
"FRIEND OR FOES !",,,"STERLING",,,1016,,,,,,,,,"E2/1016",,0,175,,,,,,,
"BOOBY BEARS STICKER BOOK",,,"SILVER DOLPHIN",,,1017,,,,,,,"A.J.WOOD",,"E2/1017",,0,"$10.95 ",,,,,,,
"TEST BEST FOR TEST PREP",,,"STANDARD PUBLISHING COMPANY",,,1018,,,,,,,,,"E2/1018",,0,,,,,,,,
"CHARLIE BROWNS CYCLOPEDIA VOL 11",,,"FUNK & WAGNALLS",,,1019,,,,,,,,,"E2/1019",,0,,,,,,,,
"BARBIE FUN TO MAKE ACTIVITY BOOK",,,"DK PUBLISHING",,,1020,,,,,,,,,"E2/1020",,0,,,,,,,,
"THE DUMB BUNNIES GO TO THE ZOO",,,"BOOK CLUB",,,1021,,,,,,,"SUE DENIM",,"E2/1021",,0,,,,,,,,
"LETS LOOK AT ANIMALS",,,"PLAY MORE INC.",,,1022,,,,,,,"VICTOR FREDERICK",,"E2/1022",,0,"$5.95 ",,,,,,,
"WHOS HIDING IN THE HOUSE",,,"SCHOLASTIC",,,1023,,,,,,,"NANCY PARENT",,"E2/1023",,0,"US$5.95",,,,,,,
"I WONDER WHY FLUTES HAVE HOLES",,,"KIDS CAN PRESS",,,1024,,,,,,,"JOSEPHINE PAKER",,"E2/1024",,0,"$8.95 ",,,,,,,
"FERDINAND AND THE BULLIES VOL13",,,"A BANTAM BOOK",,,1025,,,,,,,,,"E2/1025",,0,,,,,,,,
"IRA SLEEPS OVER ",,,"HOUGHTON MIFFLIN COMPANY",,,1026,,,,,,,"BERNARD WABER",,"E2/1026",,0,"$4.95 ",,,,,,,
"THE SESAME STREET LIBRARY VOL 1",,,"FUNK & WAGNALLS",,,1027,,,,,,,"J.MATHIEU",,"E2/1027",,0,,,,,,,,
"THE SESAME STREET LIBRARY VOL 4",,,"FUNK & WAGNALLS",,,1028,,,,,,,"J.MATHIEU",,"E2/1028",,0,100,,,,,,,
"THE SESAME STREET TREASURY VOL 7",,,"FUNK & WAGNALLS",,,1029,,,,,,,"LINDA BOVE",,"E2/1029",,0,,,,,,,,
"THE SESAME STREER TREASURY VOL 9",,,"FUNK & WAGNALLS",,,1030,,,,,,,"LINDA BOVE",,"E2/1030",,0,,,,,,,,
"ALL ABOUT BONES",,,"WESTERN PUBLISHING COMPANY",,,1031,,,,,,,"JOCELYN STEVENSON",,"E2/1031",,0,,,,,,,,
"RIPVAN WINKLE",,,"PLAY MORE INC.",,,1032,,,,,,,"JOHN PATIENCE",,"E2/1032",,0,,,,,,,,
"THE BIG PETER RABBIT BOOK",,,,,,1033,,,,,,,"BEATRIX POTTER",,"E2/1033",,0,"$8.95 ",,,,,,,
"THE CARTOON CLASSIC COLLECTION VOL 2",,,"THE TRUMPET CLUB ",,,1034,,,,,,,"BOB SINGER",,"E2/1034",,0,,,,,,,,
"A BUGS LIFE",,,"THE WALT DISNEY COMPANY",,,1035,,,,,,,,,"E2/1035",,0,,,,,,,,
"DOCTOR DE SOTO",,,"SCHOLASTIC",,,1036,,,,,,,"WILLIAM STEIG",,"E2/1036",,0,,,,,,,,
"WHATS IT LIKE TO BE A?.FOREST RANGER",,,"TROLL ASSOCIATES",,,1037,,,,,,,"MICHAEL J PELOWSKI",,"E2/1037",,0,,,,,,,,
"THE DAY THE TEACHER WENT BANANAS",,,"DUTTON CHILDREN S BOOK",,,1038,,,,,,,"JAMES HOWE",,"E2/1038",,0,"US$3.99",,,,,,,
"ARTHURS TEACHER TROUBLE",,,,,,1039,,,,,,,"MARC BROWN",,"E2/1039",,0,,,,,,,,
"WILFRID GORDON MCDONALD PARTRIDGE",,,"KIDS CAN PRESS",,,1040,,,,,,,"MEM FOX",,"E2/1040",,0,"$7.95 ",,,,,,,
"A FIELD FULL OF HORSES",,,"CANDLEWICK PRESS",,,1041,,,,,,,"PETER HANSARD",,"E2/1041",,0,"$5.99 ",,,,,,,
"ALWAYS MY DAD",,,"SCHOLASTIC",,,1042,,,,,,,"SHARON DENNIS WYETH",,"E2/1042",,0,,,,,,,,
"HURRY UP,FRANKLIN",,,"SCHOLASTIC",,,1043,,,,,,,"PAULETTE BOUGRGEOIS",,"E2/1043",,0,,,,,,,,
"CLEVER LITTLE FREDDY",,,"LITTLE BROWN & COMPANY",,,1044,,,,,,,"CHRISTINE LEESON",,"E2/1044",,0,,,,,,,,
"THE EASTER STORY",,,"STANDARD PUBLISHING COMPANY",,,1045,,,,,,,,,"E2/1045",,0,"$0.49 ",,,,,,,
"THE BOO-DEE-ROO",,,"SHORTLAND PUBLISHER LTD.",,,1046,,,,,,,"RON BACON",,"E2/1046",,0,,,,,,,,
"TO THE RESCUE",,,"NICK JR. DORA",,,1047,,,,,,,,,"E2/1047",,0,,,,,,,,
"DONT EAT THE TEACHER!",,,"SCHOLASTIC",,,1048,,,,,,,"NICK WARD",,"E2/1048",,0,,,,,,,,
"BUSY LITTLE GARDENER ",,,"COLLINS",,,1049,,,,,,,"HELEN BARDEN",,"E2/1049",,0,,,,,,,,
"WHY RED BIRD IS RED",,,,,,1050,,,,,,,"FLORENCE MAY EVANS",,"E2/1050",,0,,,,,,,,
"THE MISSING MITTEN MYSTREY",,,"SCHOLASTIC",,,1051,,,,,,,"STEVEN KELLOGG",,"E2/1051",,0,,,,,,,,
"BEDTIME STORY",,,"TROLL ASSOCIATES",,,1052,,,,,,,"ROSE GREYDANUS",,"E2/1052",,0,,,,,,,,
"RISE AND SHINE!",,,"GOLDEN BOOKS PUBLISHING CO.,",,,1053,,,,,,,"CONSTANCE ALLEN",,"E2/1053",,0,,,,,,,,
"THE GINGERBREAD MAN",,,"PLAY MORE INC.",,,1054,,,,,,,,,"E2/1054",,0,,,,,,,,
"ALADDIN &THE MAGIC LAND",,,"PLAY MORE INC.",,,1055,,,,,,,"JOHN PATIENCE",,"E2/1055",,0,,,,,,,,
"ONE SNOW NIGHT",,,"SCHOLASTIC",,,1056,,,,,,,"M.CHRISTINA BUTLER",,"E2/1056",,0,,,,,,,,
"THE LITTLE MERMAID",,,"SCHOLASTIC",,,1057,,,,,,,"NEIL MORRIS",,"E2/1057",,0,,,,,,,,
"TENDERFOOT",,,"INNISBROOK WRAPS",,,1058,,,,,,,"TOBY AND BRAD BLUTH",,"E2/1058",,0,"US$5.99",,,,,,,
"AROUND THE POND:WHOS BEEN HERE?",,,"GRANDREAMS BOOKS LIMITED",,,1059,,,,,,,"LINDSAY BARRETT GEORGE",,"E2/1059",,0,"$16 ",,,,,,,
"MEET THE BARKERS",,,"SCHOLASTIC",,,1060,,,,,,,"TOMIE DEPAOLA",,"E2/1060",,0,,,,,,,,
"GOOD AS GOLD VOL 1",,,,,,1061,,,,,,,"ANN BRAYBROOKS",,"E2/1061",,0,,,,,,,,
"SWEET DREAMS",,,"BRIGHT & EARLY BOOK",,,1062,,,,,,,"ERIC KINCAID",,"E2/1062",,0,,,,,,,,
"A CHILDS GARDEN OF VERSES",,,"PLAY MORE INC.",,,1063,,,,,,,"ROBERT STEVENSON",,"E2/1063",,0,"$1.50 ",,,,,,,
"CHRISTMAS SONGS",,,"PUBLICATIONS INTERNATIONAL, LTD.",,,1064,,,,,,,"DARRELL BAKER",,"E2/1064",,0,,,,,,,,
"MICKEYS MAGIC BOTTLE VOL 6",,,"ADVANCE PUBLISHERS",,,1065,,,,,,,,,"E2/1065",,0,,,,,,,,
"DECEMBER SECRETS",,,"SCHOLASTIC",,,1066,,,,,,,"PATRICIA REILLY GIFF",,"E2/1066",,0,,,,,,,,
"YOUNG AUTHORS DAY AT POKEWEED PUBLIC SCHOOL",,,"POCKET BOOKS",,,1067,,,,,,,"JOHN BIANCHI",,"E2/1067",,0,,,,,,,,
"DORAS THREE LITTLE FAIRY TALES",,,"NICKELODEON",,,1068,,,,,,,"LESLIE GOLDMAN AND WENDY WAX",,"E2/1068",,0,"US$8.99",,,,,,,
"PINKY AND REX GET MARRIED",,,"AMEX COMPANY LIMITED",,,1069,,,,,,,"JAMES HOWE",,"E2/1069",,0,,,,,,,,
"MY FATHERS FRIEND",,,"STANDARD PUBLISHING COMPANY",,,1070,,,,,,,"RUTH STILES GANNETT",,"E2/1070",,0,"$3.95 ",,,,,,,
"FLUFFYS TRIP",,,"THE TRUMPET CLUB ",,,1071,,,,,,,"SHARON FEAR",,"E2/1071",,0,,,,,,,,
"MADAGASCAR BORN TO BE WILD",,,"SCHOLASTIC",,,1072,,,,,,,"ERICA DAVID",,"E2/1072",,0,"US$ 3.99",,,,,,,
"FROG AND TOAD ALL YEAR",,,"SCHOLASTIC",,,1073,,,,,,,"ARNOLD LOBEL",,"E2/1073",,0,40,,,,,,,
"THE TATTLETALE TONGUE",,,"CHILDDREN S CHOICE BOOK CLUB",,,1074,,,,,,,"BARBARA DAVOLL",,"E2/1074",,0,30,,,,,,,
"WERE TAKING AN AIRPLANE TRIP",,,"GOLDEN BOOKS PUBLISHING CO.,",,,1075,,,,,,,"DINAH L. MOCHE",,"E2/1075",,0,70,,,,,,,
"AGAINST THE ODDS ",,,"INNISBROOK WRAPS",,,1076,,,,,,,,,"E2/1076",,0,,,,,,,,
"MIRIAMS CUP A PASSOVER STORY",,,"SCHOLASTIC",,,1077,,,,,,,"FRAN MANUSHKIN",,"E2/1077",,0,,,,,,,,
"FELIX ",,,"SCHOLASTIC",,,1078,,,,,,,"ROSEMARY WELLS",,"E2/1078",,0,,,,,,,,
"ONE MONSTER AFTER ANOTHER",,,"CREATIVE CHILD PRESS",,,1079,,,,,,,"MERCER MAYER",,"E2/1079",,0,"US$ 5.95",,,,,,,
"THE CHANUKKAH GUEST",,,"SCHOLASTIC",,,1080,,,,,,,"ERIC A. KIMMEL",,"E2/1080",,0,,,,,,,,
"CHOCOLATE ISLAND",,,"ELECTRONIC EDUCATION",,,1081,,,,,,,"KAREN DOLBY",,"E2/1081",,0,"$4.95 ",,,,,,,
"PONGO AND PERDY TWO HAPPY DALMATIANS",,,,,,1082,,,,,,,,,"E2/1082",,0,,,,,,,,
"IN A DARK, DARK ROOM",,,"AMEX COMPANY LIMITED",,,1083,,,,,,,"ALVIN SCHWARTZ",,"E2/1083",,0,"US$3.95",,,,,,,
"THE RAINY DAY PICNIC",,,"DISNEP",,,1084,,,,,,,"RUTH LERNER PERLE",,"E2/1084",,0,,,,,,,,
"THERES ALWAYS SOMETHING TO CELEBRATE",,,"THE WALT DISNEY COMPANY",,,1085,,,,,,,,,"E2/1085",,0,,,,,,,,
"STUART FINDS HIS WAY HOME",,,"DK PUBLISHING",,,1086,,,,,,,"GREGORY J. BROOKER ",,"E2/1086",,0,"US$2.99",,,,,,,
"OLIVER TWIST",,,"CHILDDREN S CHOICE BOOK CLUB",,,1087,,,,,,,"CHARLES DICKENS",,"E2/1087",,0,30,,,,,,,
"ACTIVITY CENTER",,,"THE WALT DISNEY COMPANY",,,1088,,,,,,,,,"E2/1088",,0,30,,,,,,,
"TRANS FORMERS ANIMATED",,,"HYPER COLLINS PUBLISHERS",,,1089,,,,,,,"ROBOT ROLL CALL",,"E2/1089",,0,"US$3.99",,,,,,,
"CHIMPANZEE-FAMILY",,,"MADISON MARKETING LTD.",,,1090,,,,,,,"JANE GOODALL",,"E2/1090",,0,,,,,,,,
"FISH & SEA FOOD",,,"WHITECAP BOOKS",,,1091,,,,,,,"JILLIAN STEWART",,"E2/1091",,0,,,,,,,,
"CLIFFORDS VALENTINES",,,"SCHOLASTIC",,,1092,,,,,,,,,"E2/1092",,0,"US$3.99",,,,,,,
"A FRIEND FOR SAM",,,"KIDS CAN PRESS",,,1093,,,,,,,"MARY LABATT",,"E2/1093",,0,"US$3.95",,,,,,,
"SIDEWALK AND TRIANGLE BIRDS",,,"CHILDDREN S CHOICE BOOK CLUB",,,1094,,,,,,,"GLENDA PALMER",,"E2/1094",,0,50,,,,,,,
"HOW DO DINOSAURS LEARN TO READ?",,,"SCHOLASTIC",,,1095,,,,,,,"MARK TEAGUE",,"E2/1095",,0,,,,,,,,
"ARTHUR BREAKS THE BANK",,,"RANDOM HOUSE",,,1096,,,,,,,"MARC BROWN",,"E2/1096",,0,"US$3.99",,,,,,,
"AMELIA BEDELIA AND THE SURPRISE SHOWER",,,"AMEX COMPANY LIMITED",,,1097,,,,,,,"PEGGY PARISH",,"E2/1097",,0,"US$3.95",,,,,,,
"GILL",,,"RANDOM HOUSE",,,1098,,,,,,,,,"E2/1098",,0,60,,,,,,,
"FROG AND TOAD ARE FRIENDS",,,"SCHOLASTIC",,,1099,,,,,,,"ARNOLD LOBEL",,"E2/1099",,0,60,,,,,,,
"RIGHT ARM",,,"SCHOLASTIC",,,1100,,,,,,,"MICHELLE Y. GREEN",,"E2/1100",,0,"US$3.99",,,,,,,
"SEA GHOST",,,"SCHOLASTIC",,,1101,,,,,,,"SONIA SANDER",,"E2/1101",,0,,,,,,,,
"BABY DONALD MAKES A SNOWFRIEND",,,"THE WALT DISNEY COMPANY",,,1102,,,,,,,"MARILYN J. SAPIENZA",,"E2/1102",,0,,,,,,,,
"REY LEON",,,"THE WALT DISNEY COMPANY",,,1103,,,,,,,"COLECCION MIS ANIMALITOS",,"E2/1103",,0,,,,,,,,
"I LOVE YOU, MOMMY!",,,"GOLDEN BOOKS PUBLISHING CO.,",,,1104,,,,,,,"EDIE EVANS &RUSTY FLETCHER",,"E2/1104",,0,"US$2.99",,,,,,,
"HOOKED ON PIRATES",,,"SCHOLASTIC",,,1105,,,,,,,"SONIA SANDER",,"E2/1105",,0,,,,,,,,
"THE APPLE TREE",,,"ELECTRONIC EDUCATION",,,1106,,,,,,,"BRUCE MARTIN",,"E2/1106",,0,,,,,,,,
"SNOWMEN AT CHRISTMAS",,,"SCHOLASTIC",,,1107,,,,,,,"CARALYN BUEHNER",,"E2/1107",,0,,,,,,,,
"HOW DO DINOSAURS GET WELL SOON?",,,"SCHOLASTIC",,,1108,,,,,,,"JANE YOLEN & MARK TEAGUE",,"E2/1108",,0,,,,,,,,
"JUST IMAGINE WITH BARNEY",,,"LITTLE BROWN & COMPANY",,,1109,,,,,,,"MARY SHRODE",,"E2/1109",,0,"RS.10",,,,,,,
"THE VERY LAZY LADYBUG",,,"SCHOLASTIC",,,1110,,,,,,,"ISOBEL FINN & JACK TICKLE",,"E2/1110",,0,"RS.60",,,,,,,
"IF I HAD A DRAGON",,,"LANDOLL S INC.",,,1111,,,,,,,"TOM & AMANDA ELLERY",,"E2/1111",,0,"$3.99 ",,,,,,,
"KISS GOOD NIGHT",,,"SCHOLASTIC",,,1112,,,,,,,"AMY HEST",,"E2/1112",,0,"RS.60",,,,,,,
"SCOOBY DOO! HAUNTED HI-JINKS",,,"DALMATIAN PRESS",,,1113,,,,,,,,,"E2/1113",,0,"US $1.69",,,,,,,
"DISNEY BABIES AT THE FARM",,,"THE WALT DISNEY COMPANY",,,1114,,,,,,,,,"E2/1114",,0,,,,,,,,
"I WONT SHARE",,,"SCHOLASTIC",,,1115,,,,,,,"HANS WILHELM",,"E2/1115",,0,"$3.99 ",,,,,,,
"THE BAND",,,"SCHOLASTIC",,,1116,,,,,,,"NANCY LEBER",,"E2/1116",,0,"RS.20",,,,,,,
"THE BIGGEST SNOWBALL EVER!",,,"SCHOLASTIC",,,1117,,,,,,,"JOHN ROGAN",,"E2/1117",,0,"RS.40",,,,,,,
"AMELIA BEDELIA",,,"HYPER COLLINS PUBLISHERS",,,1118,,,,,,,"PEGGY PARISH",,"E2/1118",,0,"RS.30",,,,,,,
"BATHTIME FOR BISCUIT",,,"HYPER COLLINS PUBLISHERS",,,1119,,,,,,,"ALYSSSA SATIN CAPUCILLI",,"E2/1119",,0,"US $3.95",,,,,,,
"GEORGE AND MARTHA ONE FINE DAY",,,"HOUGHTON MIFFLIN COMPANY",,,1120,,,,,,,"JAMES MARSHALL",,"E2/1120",,0,,,,,,,,
"CHIRP",,,"CHILDDREN S CHOICE BOOK CLUB",,,1121,,,,,,,"LINDA HENDRY",,"E2/1121",,0,,,,,,,,
"THERESAN ELEPHANT IN THE BATHTUB",,,"MC. DONALD",,,1122,,,,,,,"JO ALBEE",,"E2/1122",,0,"RS.10",,,,,,,
"HANDY MANNY TOOL FOR SALE",,,"THE WALT DISNEY COMPANY",,,1123,,,,,,,"SUSAN RING",,"E2/1123",,0,"$1.99 ",,,,,,,
"THE BERENTAIN BEARS ",,,"RANDOM HOUSE",,,1124,,,,,,,"STAN &JAN BERENSTAIN",,"E2/1124",,0,"RS.30",,,,,,,
"CLIFFORD FOR PRESIDENT",,,"SCHOLASTIC",,,1125,,,,,,,"ACTON FIGUEROA",,"E2/1125",,0,"$3.99 ",,,,,,,
"CLASS PICTURE DAY ",,,"SCHOLASTIC",,,1126,,,,,,,"ANDREA BUCKLESS",,"E2/1126",,0,"RS.30",,,,,,,
"I LOVE YOU BECAUSE YOURE YOU",,,"SCHOLASTIC",,,1127,,,,,,,"LIZA BAKER",,"E2/1127",,0,,,,,,,,
"IM NOT SCARED!",,,"SCHOLASTIC",,,1128,,,,,,,"HANS WILHELM",,"E2/1128",,0,,,,,,,,
"ALL TUTUS SHOULD BE PINK",,,"SCHOLASTIC",,,1129,,,,,,,"SHERI BROWNRIGG",,"E2/1129",,0,"RS.30",,,,,,,
"THE FOX ON THE BOX",,,"SCHOOL ZONE",,,1130,,,,,,,"BARBARA GREGORICH",,"E2/1130",,0,,,,,,,,
"A SILLY SNOWY DAY",,,"SCHOLASTIC",,,1131,,,,,,,"MICHAEL COLEMAN",,"E2/1131",,0,,,,,,,,
"IF YOU GIVE A PIG A PANCAKE",,,"SCHOLASTIC",,,1132,,,,,,,"LAURA NUMEROFF",,"E2/1132",,0,,,,,,,,
"FOLLW THOSE FEET!",,,"NICKELODEON",,,1133,,,,,,,"CHRISTINE RICCI",,"E2/1133",,0,"RS.30",,,,,,,
"GO AWAY, SPOT",,,"ADVANCE PUBLISHERS",,,1134,,,,,,,"GROSSET & DUNLAP",,"E2/1134",,0,,,,,,,,
"RAIN",,,"MAC GRAW HILL COMPANIES",,,1135,,,,,,,"ROBERT KALAN",,"E2/1135",,0,"RS.50",,,,,,,
"BLUES LUNCHBOX",,,"NICKELODEON",,,1136,,,,,,,"SARAH ALBEE",,"E2/1136",,0,"RS.40",,,,,,,
"CLOE ET ALIX",,,"SCHOLASTIC",,,1137,,,,,,,"SCOTT HIGGS",,"E2/1137",,0,"$1.99 ",,,,,,,
"RACHELS ROCKET",,,"BOOK CLUB",,,1138,,,,,,,"ANN TRACY",,"E2/1138",,0,"RS.30",,,,,,,
"DIGITAL MONSTER MADNESS",,,"MODERN PUBLISHING",,,1139,,,,,,,,,"E2/1139",,0,"RS.40",,,,,,,
"MAP IN THE MYSTERY MACHINE",,,"SCHOLASTIC",,,1140,,,,,,,"GAIL HERMAN",,"E2/1140",,0,"$3.99 ",,,,,,,
"SHARK TALE-LENNYS FISHY FIB",,,"SCHOLASTIC",,,1141,,,,,,,"GAIL HERMAN",,"E2/1141",,0,"RS.20",,,,,,,
"DOLPHINS!",,,"RANDOM HOUSE",,,1142,,,,,,,"SHARON BOKOSKE",,"E2/1142",,0,"RS.20",,,,,,,
"HENRY AND MUDGE & TALL TREE HOUSE",,,"SCHOLASTIC",,,1143,,,,,,,"CYNTHIA RYLANT",,"E2/1143",,0,,,,,,,,
"DIZZYS BIRD WATCH",,,"NICKELODEON",,,1144,,,,,,,"ALISON INCHES",,"E2/1144",,0,,,,,,,,
"VOYAGER PASSPORT B",,,"VOYAGER BOOKS",,,1145,,,,,,,,,"E2/1145",,0,,,,,,,,
"SOCCER AROUND THE WORLD",,,"SCHOLASTIC",,,1146,,,,,,,"TRACEY WEST",,"E2/1146",,0,,,,,,,,
"SARAS SECRET HIDING PLACE",,,"MODERN PUBLISHING",,,1147,,,,,,,,,"E2/1147",,0,,,,,,,,
"DINOTRAIN",,,"SCHOLASTIC",,,1148,,,,,,,"DEB LUND",,"E2/1148",,0,,,,,,,,
"THE GREAT TRICYCLE RACE",,,"WESTERN PUBLISHING COMPANY",,,1149,,,,,,,"MARILYN SADLER",,"E2/1149",,0,"RS.40",,,,,,,
"CLIFFORD THE BIG RED DOG",,,"SCHOLASTIC",,,1150,,,,,,,"NORMAN BRIDWELL",,"E2/1150",,0,,,,,,,,
"THE HONEYWOOD STREET FAIR",,,,,,1151,,,,,,,"CATHERINE LUKAS",,"E2/1151",,0,"RS.40",,,,,,,
"WHERES SPOT?",,,"PUFFIN BOOKS",,,1152,,,,,,,"ERIC HILL",,"E2/1152",,0,"RS.50",,,,,,,
"MIXED-UP MICHAEL",,,"WONDERFUL WORLD READING",,,1153,,,,,,,"RICK ROSSITER",,"E2/1153",,0,,,,,,,,
"ONE,TWO ,THREE OOPS!",,,"LITTLE BROWN & COMPANY",,,1154,,,,,,,"MICHAEL COLEMAN",,"E2/1154",,0,,,,,,,,
"STICK WITH HULK",,,"SCHOLASTIC",,,1155,,,,,,,"MICHI FUJIMOTO",,"E2/1155",,0,,,,,,,,
" THE OGS INVENT THE WHEEL",,,,,,1156,,,,,,,"MARIA EVERETT",,"E2/1156",,0,"$4.95 ",,,,,,,
"FRANKLIN & THE BABY",,,"SCHOLASTIC",,,1157,,,,,,,"PAULETTE BOURGEOIS",,"E2/1157",,0,,,,,,,,
"GIVING",,,"WONDERFUL WORLD READING",,,1158,,,,,,,"SHIRLEY PERICH",,"E2/1158",,0,,,,,,,,
"SIMBAS PRIDE",,,"THE WALT DISNEY COMPANY",,,1159,,,,,,,"GREG EHRBAR",,"E2/1159",,0,,,,,,,,
"THE WHEELS ON THE SCHOOL BUS",,,"SCHOLASTIC",,,1160,,,,,,,"MARY-ALICE MOORE",,"E2/1160",,0,,,,,,,,
"FUN WITH ZIP ZAP",,,"SCHOLASTIC",,,1161,,,,,,,"JOHN SHEFELBINE ",,"E2/1161",,0,,,,,,,,
"HORACE AND MORRIS JOIN THE CHORUS",,,"AMEX COMPANY LIMITED",,,1162,,,,,,,"JAMES HOWE",,"E2/1162",,0,"RS.10",,,,,,,
"PEARL PAINTS",,,"OCOPUS BOOKS LIMITED",,,1163,,,,,,,"ABIGAIL THOMAS",,"E2/1163",,0,"$5.95 ",,,,,,,
"SPOT GOES TO SCHOOL",,,"PLAY MORE INC.",,,1164,,,,,,,"ERIC HILL",,"E2/1164",,0,,,,,,,,
"I LOVE MUD AND MUD LOVES ME",,,"SCHOLASTIC",,,1165,,,,,,,"VICKI STEPHENS",,"E2/1165",,0,,,,,,,,
"THE TRUCK BOOK",,,"GOLDEN BOOKS PUBLISHING CO.,",,,1166,,,,,,,"BILL GERE",,"E2/1166",,0,"RS.40",,,,,,,
"CLIFFORDS VALENTINES",,,"SCHOLASTIC",,,1167,,,,,,,"NORMAN BRIDWELL",,"E2/1167",,0,"US $3.99",,,,,,,
"HOME STINKY HOME",,,"RANDOM HOUSE",,,1168,,,,,,,"MELISSA LAGONEGRO",,"E2/1168",,0,"RS.20",,,,,,,
"AAAHH! SCHOOL LUNCH",,,"SCHOLASTIC",,,1169,,,,,,,"MOLLY WIGAND",,"E2/1169",,0,,,,,,,,
"IM NOT FEELING WELL TODAY",,,"SCHOLASTIC",,,1170,,,,,,,"SHIRLEY NEITZEL",,"E2/1170",,0,"RS.30",,,,,,,
"SURPRISE FOR A PRINCESS",,,"RANDOM HOUSE",,,1171,,,,,,,,,"E2/1171",,0,"RS.20",,,,,,,
"SHAPE SPOTTERS",,,"GROSSET & DUNLAP",,,1172,,,,,,,"MEGAN E. BRYANT",,"E2/1172",,0,"$3.99 ",,,,,,,
"IVE GOT THE BACK-TO-SCHOOL BLUES",,,"GROSSET & DUNLAP",,,1173,,,,,,,"GAIL HERMAN",,"E2/1173",,0,,,,,,,,
"BISCUITS NEW TRICK",,,"SCHOLASTIC",,,1174,,,,,,,"ALYSSA SATIN CAPUCILLI",,"E2/1174",,0,"RS.10",,,,,,,
"ACTION PARK ADVENTURE",,,"SCHOLASTIC",,,1175,,,,,,,"JUSTINE FONTES",,"E2/1175",,0,"RS.30",,,,,,,
"MEET MY MONSTER",,,"A FRIST TIME BOOK",,,1176,,,,,,,"PAUL Z.MANN",,"E2/1176",,0,"RS.30",,,,,,,
"FLUFFY GOES TO SCHOOL",,,"SCHOLASTIC",,,1177,,,,,,,"KATE McMULLAN",,"E2/1177",,0,"RS.30",,,,,,,
"SUPER FLY GUY",,,"SCHOLASTIC",,,1178,,,,,,,"TEDD ARNOLD",,"E2/1178",,0,,,,,,,,
"THE ZOO BOOK",,,,,,1179,,,,,,,"JAN PFLOOG",,"E2/1179",,0,40,,,,,,,
"JAMAICA TAG-ALONG",,,"SCHOLASTIC",,,1180,,,,,,,"JUANITA HAVILL",,"E2/1180",,0,,,,,,,,
"POOHS GRAND ADVENTURE",,,"THE WALT DISNEY COMPANY",,,1181,,,,,,,"JUSTINE KORMAN",,"E2/1181",,0,"RS.10",,,,,,,
"AMELIA BEDELIA 4 MAYOR",,,"HYPER COLLINS PUBLISHERS",,,1182,,,,,,,"HERMAN PARISH",,"E2/1182",,0,"$3.95 ",,,,,,,
"TALESPIN THE SEEDS OF VICTORY",,,"THE WALT DISNEY COMPANY",,,1183,,,,,,,"WILLIAM WOODSON",,"E2/1183",,0,,,,,,,,
"THE BAILEY SCHOOL KIDS",,,"SCHOLASTIC",,,1184,,,,,,,"MARCIA THORNTON JONES",,"E2/1184",,0,"RS.20",,,,,,,
" SAMMY THE SEAL ",,,"HYPER COLLINS PUBLISHERS",,,1185,,,,,,,"SYD HOFF",,"E2/1185",,0,,,,,,,,
"EAT YOUR PEAS, LOUISE!",,,"SCHOLASTIC",,,1186,,,,,,,"PEGEEN SNOW ",,"E2/1186",,0,,,,,,,,
"MOTHER,MOTHER,I AM ILL",,,"ELECTRONIC EDUCATION",,,1187,,,,,,,"CHRIS CARR",,"E2/1187",,0,,,,,,,,
"SALLY AND THE SPARROWS",,,"NEW YORK TIMES",,,1188,,,,,,,"JENNY GILES",,"E2/1188",,0,,,,,,,,
"QUACK,QUACK,QUACK",,,"ELECTRONIC EDUCATION",,,1189,,,,,,,"RODNEY BILLS",,"E2/1189",,0,"RS.10",,,,,,,
"YOU READ TO ME! ILL READ TO YOU",,,"SCHOLASTIC",,,1190,,,,,,,,,"E2/1190",,0,,,,,,,,
"THE NEW BABY",,,"GOLDEN BOOKS PUBLISHING CO.,",,,1191,,,,,,,"MERCER MAYER",,"E2/1191",,0,"RS.40",,,,,,,
"THE CAT CAME BACK",,,"SCHOLASTIC",,,1192,,,,,,,"FRANCES ANN LADD",,"E2/1192",,0,"RS.30",,,,,,,
"UNDER",,,"ELECTRONIC EDUCATION",,,1193,,,,,,,"MEGAN TOVEY",,"E2/1193",,0,,,,,,,,
"YANKEE DOODLE",,,"ELECTRONIC EDUCATION",,,1194,,,,,,,"PATRICK CAMPBELL",,"E2/1194",,0,,,,,,,,
"PAT-A-CAKE",,,"ELECTRONIC EDUCATION",,,1195,,,,,,,"RODNEY BILLS",,"E2/1195",,0,"RS10",,,,,,,
"THE GRUMP",,,"MIMOSA PUBLICASHION",,,1196,,,,,,,"GWEN PASCOE",,"E2/1196",,0,,,,,,,,
"MOTHER,MOTHER,I AM ILL",,,"ELECTRONIC EDUCATION",,,1197,,,,,,,"CHRIS CARR",,"E2/1197",,0,,,,,,,,
"BUSY BEE BAKERY",,,"LANDOLL S INC.",,,1198,,,,,,,"SARAH TOAST",,"E2/1198",,0,,,,,,,,
"MAMA LOVES YOU",,,"SCHOLASTIC",,,1199,,,,,,,"CAROLINE STUTSON",,"E2/1199",,0,,,,,,,,
"CHILDRENS SRI SAI BABA",,,"DONATED",,,1200,,,,,,,"VICKS METHA",,"E2/1200",,0,80,,,,,,,
"JUMP AND RUN",,,"GROSSET & DUNLAP",,,1201,,,,,,,"DICK AND JANE",,"E2/1201",,0,"$3.99 ",,,,,,,
"CHRISTMAS ANGEL",,,"SCHOLASTIC",,,1202,,,,,,,"QUINLAN B. LEE",,"E2/1202",,0,,,,,,,,
"EMILY ELIZABETH CANT TRADE",,,"SCHOLASTIC",,,1203,,,,,,,"JENNY MARKAS",,"E2/1203",,0,"$1.99 ",,,,,,,
"WE ARE PAINTING",,,"SCHOLASTIC",,,1204,,,,,,,"FRANCIE ALEXANDER",,"E2/1204",,0,"RS. 20",,,,,,,
"CLIMB ABROAD ",,,"TROLL ASSOCIATES",,,1205,,,,,,,"ROSE GREYDANUS",,"E2/1205",,0,"RS. 40",,,,,,,
"TINY THE SNOW DOG",,,"PUFFIN BOOKS",,,1206,,,,,,,"CARI MEISTER",,"E2/1206",,0,"$3.99 ",,,,,,,
"FREDERICK",,,"DORLING KINDERSLEY",,,1207,,,,,,,"LEO LIONNI",,"E2/1207",,0,"$5.99 ",,,,,,,
"IF YOU DECIDE TO GO TO THE MOON",,,"SCHOLASTIC",,,1208,,,,,,,"FAITH MCNUITY",,"E2/1208",,0,150,,,,,,,
"JOURNEY THROUGH SPACE",,,"DK PUBLISHING",,,1209,,,,,,,"RYDER WINDHAM",,"E2/1209",,0,"$3.99 ",,,,,,,
"BIONICLE RAHI BEASTS",,,"SCHOLASTIC",,,1210,,,,,,,"GREG FARSHTEY AND JEFF JAMES",,"E2/1210",,0,"$5.99 ",,,,,,,
"IS THAT ROBOT REALLY MY DOCTOR ",,,"KIDS CAN PRESS",,,1211,,,,,,,"REBECCA L. GRAMBO",,"E2/1211",,0,,,,,,,,
"GUIDE TO MEXICO",,,"TIME-LIFE BOOKS",,,1212,,,,,,,"BRIAN WILLIAMS",,"E2/1212",,0,,,,,,,,
"LES ANIMAUX VENIMEUX",,,"SCHOLASTIC",,,1213,,,,,,,"JOHN GIBSON",,"E2/1213",,0,"$5.30 ",,,,,,,
"EXPLORING THE NIGHT SKY ",,,"FIRE FLY BOOKS",,,1214,,,,,,,"TERENCE DICKINSON",,"E2/1214",,0,"$9.95 ",,,,,,,
"MY LITTLE PONY",,,"HYPER COLLINS PUBLISHERS",,,1215,,,,,,,"NORA PELIZZARI",,"E2/1215",,0,"$3.99 ",,,,,,,
"A PET FOR A PRINCESS",,,"THE WALT DISNEY COMPANY",,,1216,,,,,,,"MELISSA LAGONEGRO",,"E2/1216",,0,"$3.99 ",,,,,,,
"THE ZEBRA",,,"WEEKLY READER BOOKS",,,1217,,,,,,,"KATHRYN PERSCH",,"E2/1217",,0,,,,,,,,
"MAGNIFYING GLASS",,,"WEEKLY READER BOOKS",,,1218,,,,,,,"KATHRYN PERSCH",,"E2/1218",,0,,,,,,,,
"THE LITTLEMERMAID",,,"THE WALT DISNEY COMPANY",,,1219,,,,,,,"STEPHANIE CALMENSON",,"E2/1219",,0,"$3.99 ",,,,,,,
"SCOOBY DOO AND YOU",,,"SCHOLASTIC",,,1220,,,,,,,"VICKI ERWIN",,"E2/1220",,0,,,,,,,,
"OH BROTHER SOMEONES JEALOUS! ",,,"GOLDEN BOOKS PUBLISHING CO.,",,,1221,,,,,,,"BETTY BIRNEY",,"E2/1221",,0,"RS.40",,,,,,,
"THE VERY BEST CHRISTMAS PRESENT",,,"GOLDEN BOOKS PUBLISHING CO.,",,,1222,,,,,,,"JIM RAZZI",,"E2/1222",,0,,,,,,,,
"CINDERELLA",,,"GOLDEN BOOKS PUBLISHING CO.,",,,1223,,,,,,,"NIKKI GRIMES",,"E2/1223",,0,,,,,,,,
"THE DOG SHOW",,,"HOUGHTON MIFFLIN COMPANY",,,1224,,,,,,,"MONICA PEREZ",,"E2/1224",,0,"$3.00 ",,,,,,,
"BRAIN BUSTERS",,,"BOOK CLUB",,,1225,,,,,,,"BRUCE LARKINS",,"E2/1225",,0,,,,,,,,
"A COLOR OF HIS OWN ",,,"SCHOLASTIC",,,1226,,,,,,,"LEO LIONNI",,"E2/1226",,0,"RS. 50",,,,,,,
"SNOW DAY",,,"SCHOLASTIC",,,1227,,,,,,,"BETSY MAESTRO",,"E2/1227",,0,,,,,,,,
"MY DOG NEVER SAYS PLEASE",,,"DK PUBLISHING",,,1228,,,,,,,"SUZANNE WILLIAMS",,"E2/1228",,0,"RS. 60",,,,,,,
"PLAY WITH COLOURS",,,"AMEX COMPANY LIMITED",,,1229,,,,,,,"ALKA",,"E2/1229",,0,"RS.24",,,,,,,
"THE BOATS ON THE RIVER",,,"TROLL ASSOCIATES",,,1230,,,,,,,"MARJORIE FLACK",,"E2/1230",,0,"RS. 60",,,,,,,
"WINTER SURPRISE",,,"HOUGHTON MIFFLIN COMPANY",,,1231,,,,,,,"CONNIE HUBERT",,"E2/1231",,0,,,,,,,,
"PLEASE DON?T TELL ABOUT THE MOMS BELL",,,"SCHOLASTIC",,,1232,,,,,,,"SAMANTHA BERGER",,"E2/1232",,0,"RA. 30",,,,,,,
"RHYMING WORDS",,,"COLLINS",,,1233,,,,,,,"E.S. MANEY",,"E2/1233",,0,"RS. 70",,,,,,,
"MY MERRY BOOK OF CURSIVE WRITING",,,"KIDS CAN PRESS",,,1234,,,,,,,,,"E2/1234",,0,"RS. 44",,,,,,,
"DRAW",,,"SCHOLASTIC",,,1235,,,,,,,"DAMON J. REINAGLE",,"E2/1235",,0,"RS. 50",,,,,,,
"MY MERRY BOOK OF CURSIVE WRITING",,,"KIDS CAN PRESS",,,1236,,,,,,,,,"E2/1236",,0,"RS. 44",,,,,,,
"READING/WRITING CONNECTION",,,"OCOPUS BOOKS LIMITED",,,1237,,,,,,,"MARILYN JAGER ADAMS",,"E2/1237",,0,"RS. 50",,,,,,,
"TAKE ME OUT OF THE BATHTUB",,,"SCHOLASTIC",,,1238,,,,,,,"ALAN KATZ",,"E2/1238",,0,"$3.99 ",,,,,,,
"I LOVE YOU MORE",,,"GOLDEN BOOKS PUBLISHING CO.,",,,1239,,,,,,,"JUANITA HAVILL",,"E2/1239",,0,,,,,,,,
"WISHING STAR",,,"HYPER COLLINS PUBLISHERS",,,1240,,,,,,,"STAN AND JAN BERENSTAIN",,"E2/1240",,0,"$3.99 ",,,,,,,
"MY FAVOURITE NURSERY RHYMES",,,"SILVER DOLPHIN",,,1241,,,,,,,,,"E2/1241",,0,"RS. 35",,,,,,,
"DADDIES ARE FOR CATHING FIREFLIES",,,"PUFFIN BOOKS",,,1242,,,,,,,"HARRIET ZIEFERT",,"E2/1242",,0,"$6.99 ",,,,,,,
"TAYLOR SWIFT HER SONG",,,"SCHOLASTIC",,,1243,,,,,,,"RILEY BROOKS",,"E2/1243",,0,"$3.99 ",,,,,,,
"MY LITTLE BOOK OF SNAKES",,,"AGOLDEN BOOK",,,1244,,,,,,,"GINA INGOGLIA",,"E2/1244",,0,,,,,,,,
"BARBIE THE DAY AT THE FAIR",,,"RANDOM HOUSE",,,1245,,,,,,,"CAROL PUGLIANO",,"E2/1245",,0,"$3.99 ",,,,,,,
"THE CAT CAME BACK",,,"SCHOLASTIC",,,1246,,,,,,,"FRANCES ANN LADD",,"E2/1246",,0,,,,,,,,
"SHAGGYS NICE, HOT BREAKFAST",,,"SCHOLASTIC",,,1247,,,,,,,"FRANCES ANN LADD",,"E2/1247",,0,,,,,,,,
"OLD,NEW,RED,BLUE!",,,"RANDOM HOUSE",,,1248,,,,,,,"MELISSA LAGONEGRO",,"E2/1248",,0,"$3.99 ",,,,,,,
"COLOURING BOOK",,,,,,1249,,,,,,,"PAUL MILLER",,"E2/1249",,0,"RS.50",,,,,,,
"KINDERGARDEN SKILLS",,,"RANDOM HOUSE",,,1250,,,,,,,,,"E2/1250",,0,,,,,,,,
"WHY MOSQUITOES BUZZ IN PEOPLES EARS",,,,,,1251,,,,,,,"VERNA AARDEMA",,"E2/1251",,0,,,,,,,,
"TIGGERS FAMILY TREE",,,"THE WALT DISNEY COMPANY",,,1252,,,,,,,"ISABELGAINES",,"E2/1252",,0,"RS. 30",,,,,,,
"HAPPY ALPHABET",,,"RANDOM HOUSE",,,1253,,,,,,,"ANNA JANE HAYS",,"E2/1253",,0,"$3.59 ",,,,,,,
"PRE-SCHOOL PHONIC PRIMER",,,"NAVNEET",,,1254,,,,,,,"JENNIFER LINHARS",,"E2/1254",,0,"RS.30",,,,,,,
"A WINTER DAY",,,"SCHOLASTIC",,,1255,,,,,,,"DOUGLAS FLORIAN",,"E2/1255",,0,"RS. 60",,,,,,,
"THE BEST OF TIMES",,,"SCHOLASTIC",,,1256,,,,,,,"GREG TANG",,"E2/1256",,0,,,,,,,,
"BUBBLE BEAR",,,"SCHOLASTIC",,,1257,,,,,,,"MEXWELL HIGGINS",,"E2/1257",,0,"$2.25 ",,,,,,,
"BEAR HUGS",,,"SCHOLASTIC",,,1258,,,,,,,"KARMA WILSON",,"E2/1258",,0,,,,,,,,
"GARFIELD SOAKS UP SOME FUN",,,"LANDOLL S INC.",,,1259,,,,,,,,,"E2/1259",,0,,,,,,,,
"I CANT SIAD THE ANT",,,"SCHOLASTIC",,,1260,,,,,,,"POLLY CAMERAON",,"E2/1260",,0,"RA. 40",,,,,,,
"DOT TO DOT ",,,"AMEX COMPANY LIMITED",,,1261,,,,,,,"ALKA",,"E2/1261",,0,"RS.18",,,,,,,
"DON,T LET THE PIGEON STAY UP LATE!",,,"SCHOLASTIC",,,1262,,,,,,,"MO WILLEMS",,"E2/1262",,0,"$4.99 ",,,,,,,
"FIRST STEP TO READING ",,,"THE CHILDREN BOOK",,,1263,,,,,,,"JANE BELK MONCURE",,"E2/1263",,0,,,,,,,,
"CINDRELLA",,,"RANDOM HOUSE",,,1264,,,,,,,,,"E2/1264",,0,"$6.29 ",,,,,,,
"THE ADVENTURES OF SHERLOCK HOLMES",,,"FRANK SCHAFFER INC.",,,1265,,,,,,,"ARTHUR CONAN DOYLE",,"E2/1265",,0,"RS.50",,,,,,,
"LEARNING WITH RHYMES AND SONGS",,,"FRANK SCHAFFER INC.",,,1266,,,,,,,"CAROL MENDONSA",,"E2/1266",,0,"RS.33",,,,,,,
"A VERY KRUSTY CHRISTMAS",,,"SCHOLASTIC",,,1267,,,,,,,"DAVID LEWMAN",,"E2/1267",,0,"RS.40",,,,,,,
"DEAR REBECCA WINTER IS HERE",,,"A TRUMPET CLUB SPECIAL EDITION",,,1268,,,,,,,"JEAN CRAIGHEAD GEORGE",,"E2/1268",,0,"$5.99 ",,,,,,,
"MERMAIDIA ",,,"RANDOM HOUSE",,,1269,,,,,,,,,"E2/1269",,0,"$3.99 ",,,,,,,
"CAT",,,"HONEYBEAR BOOKS",,,1270,,,,,,,"BARNEY SALTZBERG",,"E2/1270",,0,,,,,,,,
"HOP ON TOP",,,"SCHOLASTIC",,,1271,,,,,,,"ELLEN TARLOW",,"E2/1271",,0,,,,,,,,
"WHAT WOULD YOU DO WITH CHARLIE?",,,"GOLDEN BOOKS PUBLISHING CO.,",,,1272,,,,,,,"JOAN RYAN FOLEY",,"E2/1272",,0,,,,,,,,
"QUIET, RUBY!",,,"CANDLEWICK PRESS",,,1273,,,,,,,"CATHERINE FRIEND ",,"E2/1273",,0,,,,,,,,
"READY TO COOK",,,"SCOTT FORESMAN",,,1274,,,,,,,"SUSAN MCCLOSKEY",,"E2/1274",,0,,,,,,,,
"YOU CAN MAKE POM POM",,,"NATIONAL WILD LIFE FEDERATION",,,1275,,,,,,,"MARVIN BUCKLEY",,"E2/1275",,0,,,,,,,,
"WE ARE THE HAM HAMS!",,,"SCHOLASTIC",,,1276,,,,,,,"FRANCES ANN LADD",,"E2/1276",,0,"$3.99 ",,,,,,,
"BALLERINE PRINCESS",,,"RANDOM HOUSE",,,1277,,,,,,,"MELISSA LAGONEGRO",,"E2/1277",,0,"$3.99 ",,,,,,,
"JIMMY ON ICE",,,"SIMON AND SCHUSTER SPOTLIGHT",,,1278,,,,,,,"ADAM BEECHEM",,"E2/1278",,0,"$3.59 ",,,,,,,
"ARTHUR TRICKS THE TOOTH FAIRY",,,"RANDOM HOUSE",,,1279,,,,,,,"MARC BROWN",,"E2/1279",,0,"$3.99 ",,,,,,,
"HEDGIE LOVES TO READ ",,,"SCHOLASTIC",,,1280,,,,,,,"JAN BRETT",,"E2/1280",,0,"RS. 10",,,,,,,
"POOH AND THE DRAGON",,,"GOLDEN BOOKS PUBLISHING CO.,",,,1281,,,,,,,"ANN BRAYBROOKS",,"E2/1281",,0,,,,,,,,
"JILL CAN DIG",,,"HARCOURT BRACE JOVANOVICH",,,1282,,,,,,,"NICK WILLIAMS",,"E2/1282",,0,"RS.10",,,,,,,
"MACK CAN TAP!",,,"HARCOURT BRACE JOVANOVICH",,,1283,,,,,,,"DOT MEHARRY",,"E2/1283",,0,"RS. 10",,,,,,,
"ALL TUTUS SHOULD BE PINK",,,"SCHOLASTIC",,,1284,,,,,,,"SHERI BROWNRIGG",,"E2/1284",,0,,,,,,,,
"I AM SKIPPYJON JONES",,,"SCHOLASTIC",,,1285,,,,,,,"JUDY SCHACHNER",,"E2/1285",,0,,,,,,,,
"HEDGIE LOVES TO READ ",,,"SCHOLASTIC",,,1286,,,,,,,"JAN BRETT",,"E2/1286",,0,,,,,,,,
"SHANNAS ANIMAL RIDDLES",,,"HYPER COLLINS PUBLISHERS",,,1287,,,,,,,"JEAN MARZOLLO",,"E2/1287",,0,"$3.99 ",,,,,,,
"BUNNY TROUBLE",,,"THE WALT DISNEY COMPANY",,,1288,,,,,,,"SUSAN RING",,"E2/1288",,0,"$3.99 ",,,,,,,
"HEDGIE LOVES TO READ ",,,"SCHOLASTIC",,,1289,,,,,,,"JAN BRETT",,"E2/1289",,0,"RS. 10 ",,,,,,,
"DUCK AND A BOOK ",,,"SCHOLASTIC",,,1290,,,,,,,"DAVID SHANNON",,"E2/1290",,0,,,,,,,,
"THREE WISHES",,,"SIMON AND SCHUSTER SPOTLIGHT",,,1291,,,,,,,"CATHERINE LUKAS",,"E2/1291",,0,"$3.99 ",,,,,,,
"EASTER EGG HUNT ",,,"SCHOLASTIC",,,1292,,,,,,,"ABBY KLIEN",,"E2/1292",,0,,,,,,,,
"BISCUIT WANTS TO PLAY",,,"HYPER COLLINS PUBLISHERS",,,1293,,,,,,,"ALYSSA SATIN CAPUCILLI",,"E2/1293",,0,"$3.95 ",,,,,,,
"TEA FOR THREE",,,"RANDOM HOUSE",,,1294,,,,,,,"ANTONIA ZEHLER",,"E2/1294",,0,"RS.20",,,,,,,
"DOGS",,,"SCHOLASTIC",,,1295,,,,,,,"AMY LEVIN ",,"E2/1295",,0,"RS.30",,,,,,,
"SNUG BUG",,,"GROSSET & DUNLAP",,,1296,,,,,,,"CATHY EAST DUBOWSKI",,"E2/1296",,0,"RS. 30",,,,,,,
"THOMAS AND PERCY AND THE DRAGON",,,"RANDOM HOUSE",,,1297,,,,,,,"THOMAS AND FRIENDS",,"E2/1297",,0,"$3.99 ",,,,,,,
"ICE CREAM EVERYWHERE",,,"SCHOLASTIC",,,1298,,,,,,,"MARJORIE BLAIN PARKER",,"E2/1298",,0,"$3.99 ",,,,,,,
"THE MAN, THE GIRL, AND THE PIG",,,"HEALTHY KIDS",,,1299,,,,,,,"JOANN TUTTLE SEAVER",,"E2/1299",,0,"RS.30",,,,,,,
"THE CHICK AND THE DUCKLING",,,"MACMILLAN , INC",,,1300,,,,,,,"MIRRA GINSBURG",,"E2/1300",,0,"RS.50",,,,,,,
"THUMPER",,,"SCHOLASTIC",,,1301,,,,,,,,,"E2/1301",,0,"RS 50",,,,,,,
"THE GOAT PARADE",,,"PARENTS MAGAZINE PRESS",,,1302,,,,,,,"STEVEN KROLL",,"E2/1302",,0,,,,,,,,
"MUCKS SLEEPOVER",,,"SIMON AND SCHUSTER SPOTLIGHT",,,1303,,,,,,,,,"E2/1303",,0,"$3.50 ",,,,,,,
"LITTLE POSS AND HORRIBLE HOUND",,,"GENERAL PUBLISHING, LIMITED",,,1304,,,,,,,"WILLIAM H.HOOKS",,"E2/1304",,0,"RS 60",,,,,,,
"THE PRINCE AND THE PAIPER ",,,"GROLIER BOOKS",,,1305,,,,,,,,,"E2/1305",,0,,,,,,,,
"PIRATES OF THE KIDDY POOL",,,"SCHOLASTIC",,,1306,,,,,,,"SARAH WILLSON",,"E2/1306",,0,"RS 50",,,,,,,
"BIG HIT",,,"SCOTT FORESMAN",,,1307,,,,,,,"JUANITA HAVILL",,"E2/1307",,0,,,,,,,,
"TOWN MOUSE COUNTRY MOUSE",,,"LADYBORD BOOKS",,,1308,,,,,,,"ALISON AINWORTH",,"E2/1308",,0,"$49 ",,,,,,,
"HOP ON POP",,,"BIGINNER BOOKS",,,1309,,,,,,,"DR.SEUSS",,"E2/1309",,0,,,,,,,,
"SIMBA AND NALA HELP BOMO",,,"THE WALT DISNEY COMPANY",,,1310,,,,,,,,,"E2/1310",,0,,,,,,,,
"SOMETHINGS GO TOGHER",,,"HYPER COLLINS PUBLISHERS",,,1311,,,,,,,"CHARLOTTE ZOLOTOW",,"E2/1311",,0,,,,,,,,
"WHAT COLOR",,,"DIAL BOOKS FOR YOUNG READERS",,,1312,,,,,,,"ANTHEA SIEVEKING",,"E2/1312",,0,,,,,,,,
"THE HAUNTED HOUSE",,,"THE WALT DISNEY COMPANY",,,1313,,,,,,,"DR.SEUSS",,"E2/1313",,0,"RS 50",,,,,,,
"THE JUNGLE BOOK",,,"THE WALT DISNEY COMPANY",,,1314,,,,,,,,,"E2/1314",,0,,,,,,,,
"101 DALMATIANS",,,"THE WALT DISNEY COMPANY",,,1315,,,,,,,,,"E2/1315",,0,,,,,,,,
"BEAUTY AND THE BEAST",,,"GROLIER BOOKS",,,1316,,,,,,,,,"E2/1316",,0,"RS 50",,,,,,,
"PINOCCHIO",,,"GROLIER BOOKS",,,1317,,,,,,,,,"E2/1317",,0,"RS 50",,,,,,,
"POOHS SLED RIDE",,,"SCHOLASTIC",,,1318,,,,,,,,,"E2/1318",,0,,,,,,,,
"NARMIA",,,"C.S.LEWISE",,,1319,,,,,,,"E.J.KIRK",,"E2/1319",,0,"$19.99 ",,,,,,,
"THE BERENSTAIN BEARS IN THE HOUSE OF MIRRORS",,,"RANDOM HOUSE",,,1320,,,,,,,"STAN&JAN BERENSTAIN",,"E2/1320",,0,,,,,,,,
"THE TALE OF PEATER RABBIT",,,"LANDOLL S INC.",,,1321,,,,,,,"BEATRIX POTTER",,"E2/1321",,0,"$3.50 ",,,,,,,
"WHAT COLOR",,,"DIAL BOOKS FOR YOUNG READERS",,,1322,,,,,,,"ANTHEA SIEVEKING",,"E2/1322",,0,70,,,,,,,
"SHOW AND TELL",,,"SESAME STREET",,,1323,,,,,,,"PATRICIA RELF",,"E2/1323",,0,,,,,,,,
"THE SESAME STREET TREASURY",,,"SESAME STREET",,,1324,,,,,,,"JIM HENSONS",,"E2/1324",,0,,,,,,,,
"SOMETHING SPECIAL",,,"MC. DONALD",,,1325,,,,,,,"DAVID MCPHAIL",,"E2/1325",,0,"$12.95 ",,,,,,,
"THE WIND IN THE WILLOWS",,,"MODERN PUBLISHING",,,1326,,,,,,,"KENNETH GRAHAME ",,"E2/1326",,0,,,,,,,,
"BALLOON FARM ",,,,,,1327,,,,,,,,,"E2/1327",,0,,,,,,,,
"ELLIE BEAR AND THE FLY AWAY FLY",,,"DELL PUBLISHING Co.Inc",,,1328,,,,,,,"KATE ROWINSKI",,"E2/1328",,0,"RS 100",,,,,,,
"CURIOUS GEORGE",,,"CROWN PUBLISHERS",,,1329,,,,,,,"H. A. REY",,"E2/1329",,0,"$5.95 ",,,,,,,
"RAGGEDY ANN",,,"WEEKLY READER BOOKS",,,1330,,,,,,,"JOHNNY GRUELLE",,"E2/1330",,0,"$15 ",,,,,,,
"DONALD CRIES WOLF",,,"A BANTAM BOOK",,,1331,,,,,,,,,"E2/1331",,0,,,,,,,,
"FERDINAND AND THE BULLIES",,,"A BANTAM BOOK",,,1332,,,,,,,,,"E2/1332",,0,,,,,,,,
"CASTLES OF SAND",,,"SILVER DOLPHIN",,,1333,,,,,,,,,"E2/1333",,0,,,,,,,,
"I LIKE SCHOOL",,,"SESAME STREET",,,1334,,,,,,,"MICHAELA MUNTEAN",,"E2/1334",,0,,,,,,,,
"THE MAGIC GROVE ",,,"MC. DONALD",,,1335,,,,,,,"SERGIU CELAC",,"E2/1335",,0,"$70 ",,,,,,,
"PRINCESS OF POWER ",,,"GOLDEN BOOKS PUBLISHING CO.,",,,1336,,,,,,,"BRYCE KNORR",,"E2/1336",,0,,,,,,,,
"RUDOLPH",,,"MARVEL CHARACTERS INC",,,1337,,,,,,,"ROBERT L MAY ",,"E2/1337",,0,"$100 ",,,,,,,
"I CAN BLINK",,,"KIDS CAN PRESS",,,1338,,,,,,,"FRANK ASCH",,"E2/1338",,0,,,,,,,,
"THE HUNCHBACK OF NOTREDAME",,,"MOUSE&WORKS",,,1339,,,,,,,"WALT DISNEYS",,"E2/1339",,0,"$50 ",,,,,,,
" LOOSE LACE",,,"BACK PACK BOOKS",,,1340,,,,,,,"KEITH FAULKNER ",,"E2/1340",,0,,,,,,,,
"RAGS NEW FRIEND AND OTHER TALES",,,"HONEYBEAR BOOKS",,,1341,,,,,,,"GYO FUJIKAWA ",,"E2/1341",,0,,,,,,,,
"SQUEAKY CLEAN",,,"LITTLE BROWN & COMPANY",,,1342,,,,,,,"SIMON PUTTOCK ",,"E2/1342",,0,"$100 ",,,,,,,
"THE SECRET OF THE OOZE",,,"RANDOM HOUSE",,,1343,,,,,,,"TODD W. LANGEN",,"E2/1343",,0,"$9.50 ",,,,,,,
"HANSEL & GRETEL",,,,,,1344,,,,,,,"JOHN PATIENCE",,"E2/1344",,0,,,,,,,,
"WHERES WALDO?THE WONDER BOOK",,,"CANDLEWICK PRESS",,,1345,,,,,,," MARTIN HANDFORD",,"E2/1345",,0,,,,,,,,
"SCARY SHARK STORIES",,,"LITTLE BROWN & COMPANY",,,1346,,,,,,,"SCOTT INGRAM",,"E2/1346",,0,"$3.99 ",,,,,,,
"THE STORY HOLLY AND IVY",,,"SCHOLASTIC",,,1347,,,,,,,"RUMER GODDEN",,"E2/1347",,0,,,,,,,,
"CHRISTOPHER COLUMBUS",,,"SILVER DOLPHIN",,,1348,,,,,,,"ROBERT YOUNG",,"E2/1348",,0,,,,,,,,
"THE ADVENTURES OF TOM SAWYER",,,"READER DIGEST",,,1349,,,,,,,"MARK TWAIN ",,"E2/1349",,0,,,,,,,,
"TRAILER TRUCK",,,"BIGINNER BOOKS",,,1350,,,,,,,"JOE MATHIEU",,"E2/1350",,0,"$50 ",,,,,,,
"STARGAZERS GAIL GIBBONS",,,"SCHOLASTIC",,,1351,,,,,,,,,"E2/1351",,0,,,,,,,,
"MAYASWORLD",,,"RANDOM HOUSE",,,1352,,,,,,,"LIZZY ROCKWELL",,"E2/1352",,0,3.99,,,,,,,
"BAERDEARM",,,"SCHOLASTIC",,,1353,,,,,,,"JANET SLINGSBY",,"E2/1353",,0,,,,,,,,
"MING LO MOVES THE MOUNTAIN",,,"SCHOLASTIC",,,1354,,,,,,,"ARNOLD LOBEL",,"E2/1354",,0,,,,,,,,
"BLUES EGG HUNT",,,"SIMON AND SCHUSTER SPOTLIGHT",,,1355,,,,,,,"DEBORAH REBER",,"E2/1355",,0,3.5,,,,,,,
"FIERCE ANIMALS",,,,,,1356,,,,,,,,,"E2/1356",,0,20,,,,,,,
"HAVE FUN AT BEANABAG CAMP!",,,"HYPER COLLINS PUBLISHERS",,,1357,,,,,,,"CHARLES",,"E2/1357",,0,3.5,,,,,,,
"SHOE ME THE BUNNY!",,,"SCHOLASTIC",,,1358,,,,,,,"STEVEN BANKS",,"E2/1358",,0,3.99,,,,,,,
"BARBIE ONE PINK SHOE",,,"GOLDEN BOOKS PUBLISHING CO.,",,,1359,,,,,,,"SALILE ORR",,"E2/1359",,0,3.99,,,,,,,
"THE GOLF LESSON",,,"HOUGHTON MIFFLIN COMPANY",,,1360,,,,,,,"DEBBIE OBRIEN",,"E2/1360",,0,,,,,,,,
"POOH GOES VISITING",,,"THE CHILDREN BOOK",,,1361,,,,,,,"A.A.MILNE",,"E2/1361",,0,,,,,,,,
"CHARLES COMES TO TOWN",,,"PLAY MORE INC.",,,1362,,,,,,,,,"E2/1362",,0,2.95,,,,,,,
"THE BIGGEST, BEST SNOWMAN",,,"SCHOLASTIC",,,1363,,,,,,,"MARGERY CUYLER",,"E2/1363",,0,,,,,,,,
"ITS MINE",,,"SCHOLASTIC",,,1364,,,,,,,"LEO LIONNIE",,"E2/1364",,0,,,,,,,,
"THE BOOKS OF PLGERRICKS",,,"HYPER COLLINS PUBLISHERS",,,1365,,,,,,,"ARNOLD LOBEL",,"E2/1365",,0,5.95,,,,,,,
"FRANKLIN",,,"SCHOLASTIC",,,1366,,,,,,,"BRENDA CLARK",,"E2/1366",,0,,,,,,,,
"FIRST BOOK OF AMERICA",,,,,,1367,,,,,,,"LOUISA SOMERVILLE",,"E2/1367",,0,"$7.95 ",,,,,,,
"NORA AND THE GREAT BEAR",,,,,,1368,,,,,,,"UTE KRAUSE",,"E2/1368",,0,,,,,,,,
"THE MOST THANKFUL THING",,,"SCHOLASTIC",,,1369,,,,,,,"LISA MCCOURT",,"E2/1369",,0,,,,,,,,
"I TOOK MY FROG TO THE LIBRARY",,,"HOUGHTON MIFFLIN COMPANY",,,1370,,,,,,,"ERIC.A. KIMMEL",,"E2/1370",,0,,,,,,,,
"MUFAROS BEAUTIFUL DAUGHTER",,,"SCHOLASTIC",,,1371,,,,,,,"JHON STEPTOE",,"E2/1371",,0,,,,,,,,
"WOOLBUR",,,"SCHOLASTIC",,,1372,,,,,,,"LESLIE HELAKOSKI",,"E2/1372",,0,,,,,,,,
"WHY MOSQITOES BUZZ IN PEOPLES ",,,"PUFFIN BOOKS",,,1373,,,,,,,"VERNA AARDEMA",,"E2/1373",,0,6.99,,,,,,,
"THE MEAT EATERS ARRIVE",,,"SCHOLASTIC",,,1374,,,,,,,"SUZAN REID",,"E2/1374",,0,,,,,,,,
"BARNYARD HULLABALOO",,,"SCHOLASTIC",,,1375,,,,,,,"GILES ANDREAE",,"E2/1375",,0,,,,,,,,
"BINKY LAND",,,"GENERAL PUBLISHING, LIMITED",,,1376,,,,,,,"WILLIAM POST",,"E2/1376",,0,,,,,,,,
"DONT FORGET TO COME BACK",,,"SCHOLASTIC",,,1377,,,,,,,"ROBINE H. HARRIS",,"E2/1377",,0,3.99,,,,,,,
"SARAH MORTONS DAY",,,"SCHOLASTIC",,,1378,,,,,,,"KATE WATERS",,"E2/1378",,0,,,,,,,,
"FLUFFYS SILLY SUMMER",,,"SCHOLASTIC",,,1379,,,,,,,"KATE MCMULLAM",,"E2/1379",,0,,,,,,,,
"SHOW ME YOUR SMILE!",,,"SCHOLASTIC",,,1380,,,,,,,"CHRISTINE RICCI",,"E2/1380",,0,3.99,,,,,,,
"HEALTHY ME",,,"SCHOLASTIC",,,1381,,,,,,,"MELVIN ",,"E2/1381",,0,,,,,,,,
"OLIVER ALL ALONE",,,"TROLL ASSOCIATES",,,1382,,,,,,,"CHRISTINE HARRIS",,"E2/1382",,0,5.95,,,,,,,
"CACTUS HOTEL",,,"SCHOLASTIC",,,1383,,,,,,,"BRENDA Z",,"E2/1383",,0,,,,,,,,
"KITCHEN GADGETS",,,"TIME-LIFE BOOKS",,,1384,,,,,,,"BARBARA F",,"E2/1384",,0,3.99,,,,,,,
"WHISTLE FOR WILLIE",,,"PLAY MORE INC.",,,1385,,,,,,,"EZRA JACK KEATS",,"E2/1385",,0,3.95,,,,,,,
"THE INCREDIBLE DASH",,,"RANDOM HOUSE",,,1386,,,,,,,"PIXAR ANIMATION ",,"E2/1386",,0,3.99,,,,,,,
"ARTHURS TOOTH",,,,,,1387,,,,,,,"MARC BROWN",,"E2/1387",,0,5.95,,,,,,,
"UNCLE PETE THE PIRATE",,,"USBORNE PUBLISHING",,,1388,,,,,,,"SUSANNAH LEIGH",,"E2/1388",,0,4.95,,,,,,,
"COMICS",,,"DIAL BOOKS FOR YOUNG READERS",,,1389,,,,,,,"WILLAM VAN HORN",,"E2/1389",,0,7.5,,,,,,,
"ARTHURS TEACHER TROUBLE",,,,,,1390,,,,,,,"MARC BROWN",,"E2/1390",,0,,,,,,,,
"LAST DAY HOORAY!",,,"SCHOLASTIC",,,1391,,,,,,,"NANCY POYDAR",,"E2/1391",,0,,,,,,,,
"FRANKLIN S HALLOWEEN",,,"SCHOLASTIC",,,1392,,,,,,,"BRENDA CLARK",,"E2/1392",,0,,,,,,,,
"NUMBERS DOT-TO-DOT",,,"FRANK SCHAFFER INC.",,,1393,,,,,,,"SARA FREEMAN ",,"E2/1393",,0,,,,,,,,
"O0NE HAPPY CLASSROOM",,,"SCHOLASTIC",,,1394,,,,,,,"CHARNAN SIMON",,"E2/1394",,0,,,,,,,,
"IM A FIRE FIGHTER",,,"SCHOLASTIC",,,1395,,,,,,,"MARY PACKYARD",,"E2/1395",,0,,,,,,,,
"CLIFFORD AND THE BEES",,,"SCHOLASTIC",,,1396,,,,,,,"JANELLE CHERRINGTON",,"E2/1396",,0,,,,,,,,
"PINATA PARTY",,,"THE WALT DISNEY COMPANY",,,1397,,,,,,,"SUSAN RING ",,"E2/1397",,0,3.99,,,,,,,
"DIEGO SAVES THE TREE FROGS",,,"SIMON AND SCHUSTER SPOTLIGHT",,,1398,,,,,,,"SARAH WILLSOM",,"E2/1398",,0,3.99,,,,,,,
"ITCHY ITCHY CHICKEN POX",,,"SCHOLASTIC",,,1399,,,,,,,"GRACE MACCARONE",,"E2/1399",,0,3.99,,,,,,,
"POPPLETON AND FRIENDS",,,"SCHOLASTIC",,,1400,,,,,,,"MARK TEAGUE",,"E2/1400",,0,3.99,,,,,,,
"CHANGS PAPER OPNY",,,"HYPER COLLINS PUBLISHERS",,,1401,,,,,,,"ELEANNOR",,"E2/1401",,0,3.95,,,,,,,
"DIZZYS BIRD WATCH",,,"SIMON AND SCHUSTER SPOTLIGHT",,,1402,,,,,,,"ALISON INCHES",,"E2/1402",,0,3.99,,,,,,,
"CLARES SECRET",,,"MAC GRAW HILL COMPANIES",,,1403,,,,,,,"DENNIS BURNS",,"E2/1403",,0,,,,,,,,
"THE STAR OF THE SHOW",,,"SCHOLASTIC",,,1404,,,,,,,"DENA NEUSNER",,"E2/1404",,0,3.99,,,,,,,
"ANGEL CHILD,DRAGON CHILD",,,"SCHOLASTIC",,,1405,,,,,,,"MICHELE MARIA SURAT",,"E2/1405",,0,,,,,,,,
"SPONGEBOBS EASTER PARADE",,,"SCHOLASTIC",,,1406,,,,,,,"STEVEN BANKS",,"E2/1406",,0,,,,,,,,
"EL PINGUINO PEDRO",,,,,,1407,,,,,,,"MARCUS",,"E2/1407",,0,6.95,,,,,,,
"SBOODIL MY DOG",,,"AMEX COMPANY LIMITED",,,1408,,,,,,,"GABRIELLE CHARBONNET",,"E2/1408",,0,5.95,,,,,,,
"GOLDEN RLUE",,,"HYPER COLLINS PUBLISHERS",,,1409,,,,,,,"STEN, JAN AND MIKE",,"E2/1409",,0,,,,,,,,
"WEEK AT GRANDMAS",,,"RANDOM HOUSE",,,1410,,,,,,,"STAN AND JAN",,"E2/1410",,0,,,,,,,,
"THE MAGIC SCHOOL BUS",,,"SCHOLASTIC",,,1411,,,,,,,"JOANNA",,"E2/1411",,0,,,,,,,,
"CAPS FOR SALE",,,"SCHOLASTIC",,,1412,,,,,,,"ESPHYR SLOBDKINA",,"E2/1412",,0,3.99,,,,,,,
"DANCIN DIVAS",,,"GROSSET & DUNLAP",,,1413,,,,,,,,,"E2/1413",,0,3.99,,,,,,,
"THE GROCHY LADYBUG",,,"HYPER COLLINS PUBLISHERS",,,1414,,,,,,,"ERIC CARLE",,"E2/1414",,0,4.95,,,,,,,
"ARE MY SHOES? ",,,"BARONET BOOKS",,,1415,,,,,,,"MARY ANN DUDKO",,"E2/1415",,0,2.25,,,,,,,
"ABOUT BEDTIME",,,"TIME-LIFE BOOKS",,,1416,,,,,,,"LINDA WAER BEECH",,"E2/1416",,0,,,,,,,,
"SCAMP",,,"GOLDEN BOOKS PUBLISHING CO.,",,,1417,,,,,,,"WALF DISNEYS",,"E2/1417",,0,20,,,,,,,
"ALL YOU NEED FOR A SNOWMAN",,,"SCHOLASTIC",,,1418,,,,,,,,,"E2/1418",,0,,,,,,,,
"FROGGYS FIRST KISS ",,,"SCHOLASTIC",,,1419,,,,,,,"JONATHAN LOMDAON",,"E2/1419",,0,,,,,,,,
"NIGHT HOUSE BRIGHT HOUSE",,,"CHILDDREN S CHOICE BOOK CLUB",,,1420,,,,,,,"MONICA WELLINGTOM",,"E2/1420",,0,11.99,,,,,,,
"AMELIA HITS THE ROAD",,,"TIME-LIFE BOOKS",,,1421,,,,,,,"MARISSA MOSS",,"E2/1421",,0,4.95,,,,,,,
"GRVERS JUST SO-SO STORIES",,,"SESAME STREET",,,1422,,,,,,,"NANCY HALL",,"E2/1422",,0,,,,,,,,
"D.W THE PICKY EATER",,,,,,1423,,,,,,,"MARC BROWN",,"E2/1423",,0,5.95,,,,,,,
"CAILLOU AND THE RAIN",,,"CHILDDREN S CHOICE BOOK CLUB",,,1424,,,,,,,"ROGER HARVEY",,"E2/1424",,0,5.95,,,,,,,
"JINGLE BELLS",,,"LITTLE BROWN & COMPANY",,,1425,,,,,,,"CAROLYN QUATTROCKI",,"E2/1425",,0,,,,,,,,
"BRIGHT,SHINY SKYLAR",,,"AMERICAN GIRL",,,1426,,,,,,,"VALERIE TRIPP",,"E2/1426",,0,"$3.99 ",,,,,,,
"GOOD MONSTER,DAD MONSTER",,,"SCHOLASTIC",,,1427,,,,,,,"TRACEY WEST",,"E2/1427",,0,3.99,,,,,,,
"CLIFFORD EL DIA DE LAS",,,"SCHOLASTIC",,,1428,,,,,,,"TEDDY MARGULIES",,"E2/1428",,0,3.99,,,,,,,
"SPIDERS",,,"SCHOLASTIC",,,1429,,,,,,,"GAIL GIBBONS",,"E2/1429",,0,,,,,,,,
"SARAH SAW A BLUE MACAW",,,"SCHOLASTIC",,,1430,,,,,,,,,"E2/1430",,0,5.95,,,,,,,
"COLORING POSTER BOOK Q",,,"THE WALT DISNEY COMPANY",,,1431,,,,,,,,,"E2/1431",,0,,,,,,,,
"WHY ?",,,,,,1432,,,,,,,"KATHIE BILLINGSLEA SMITH",,"E2/1432",,0,,,,,,,,
"DINOSAURS",,,"FIRE FLY BOOKS",,,1433,,,,,,,"TERESA OBRIEN",,"E2/1433",,0,,,,,,,,
"CAILLOUTIDIES HIS TOYS",,,"CHILDDREN S CHOICE BOOK CLUB",,,1434,,,,,,,"JOCELINE SANSCHAGRIN",,"E2/1434",,0,5.99,,,,,,,
"HOMEWORK HASSLE",,,"RANDOM HOUSE",,,1435,,,,,,,"STAN AND JAN",,"E2/1435",,0,3.25,,,,,,,
"POKE MON",,,"GOLDEN BOOKS PUBLISHING CO.,",,,1436,,,,,,,"DIANE MULDROW",,"E2/1436",,0,3.99,,,,,,,
"HOME FOR DINOSAUR",,,"TROLL ASSOCIATES",,,1437,,,,,,,"EILEEN CURRAN",,"E2/1437",,0,,,,,,,,
"SAY PLEASE",,,"SCHOLASTIC",,,1438,,,,,,,"VIRGINIA AUSTIN",,"E2/1438",,0,,,,,,,,
"PLAY GROUND",,,"CREATIVE CHILD PRESS",,,1439,,,,,,,,,"E2/1439",,0,3.95,,,,,,,
"BISCUIT GOES TO SCHOOL",,,"SCHOLASTIC",,,1440,,,,,,,"ALYSSA SATIN CAPUCILLI",,"E2/1440",,0,,,,,,,,
"THE GREEDY PYTHON",,,"SCHOLASTIC",,,1441,,,,,,,"RICHARD BUCKLEY",,"E2/1441",,0,,,,,,,,
"DORA SAVEA KINGDOM",,,"SCHOLASTIC",,,1442,,,,,,,"MICHAEL TEIETLBAUM",,"E2/1442",,0,3.99,,,,,,,
"SOCCER GAMES ",,,"WORKMAN PUBLISHING",,,1443,,,,,,,"COBI JONES ",,"E2/1443",,0,90,,,,,,,
"DORA LOVES BOOTS",,,,,,1444,,,,,,,"ALISON INCHES",,"E2/1444",,0,,,,,,,,
"WHERE ARE MY SHOES?",,,"BARONET BOOKS",,,1445,,,,,,,"MARY ANN DUDKO",,"E2/1445",,0,2.25,,,,,,,
"AUTHURS THANKSGIVING",,,,,,1446,,,,,,,"MARC BROWN",,"E2/1446",,0,,,,,,,,
"DORA TAKES A HIKE",,,"SCHOLASTIC",,,1447,,,,,,,"QUINLAN B.LEE ",,"E2/1447",,0,,,,,,,,
"SING ALONG",,,"SCHOLASTIC",,,1448,,,,,,,,,"E2/1448",,0,,,,,,,,
"THE MONSTERS ON THE BUS ",,,"JUST FOR KIDS PRESS",,,1449,,,,,,,"SESAME STREET",,"E2/1449",,0,3.99,,,,,,,
"THE JUNGLE BOOK",,,"THE WALT DISNEY COMPANY",,,1450,,,,,,,"GUTENBERGHUS",,"E2/1450",,0,,,,,,,,
"BIG BEAR SMALL BEAR",,,"RANDOM HOUSE",,,1451,,,,,,,"STAN BERENSTAIN",,"E2/1451",,0,"$3.99 ",,,,,,,
"I SPY A PENGUIN",,,"SCHOLASTIC",,,1452,,,,,,,"JEAN MARZOLLO",,"E2/1452",,0,"RS 10",,,,,,,
"IF YOU ARE ANGRY AND YOU KNOW IT",,,"SCHOLASTIC",,,1453,,,,,,,"CECILY KAISER",,"E2/1453",,0,"$3.99 ",,,,,,,
"PUPPY MUDGE WANTS TO PLAY",,,"AMEX COMPANY LIMITED",,,1454,,,,,,,"CYNTHIA RYLANT",,"E2/1454",,0,"RS 30",,,,,,,
"ITCHY ITCHY CHIKEN POX",,,"SCHOLASTIC",,,1455,,,,,,,"GRACE MACCARONE",,"E2/1455",,0,"$3.99 ",,,,,,,
"HOT DOG",,,"RANDOM HOUSE",,,1456,,,,,,,"MOLLY COXE",,"E2/1456",,0,"$2.51 ",,,,,,,
"THE LOOSE TOOTH",,,"SCHOLASTIC",,,1457,,,,,,,"GINA AND MERCER",,"E2/1457",,0,,,,,,,,
"BOB THE BUILDER",,,"SIMON AND SCHUSTER SPOTLIGHT",,,1458,,,,,,,"SIMON SPOTLIGHT",,"E2/1458",,0,"$2.50 ",,,,,,,
"I SPY A PUMPKIN",,,"SCHOLASTIC",,,1459,,,,,,,"JEAN MARZOLLO",,"E2/1459",,0,"RS 30",,,,,,,
"MY TOOTH IS ABOUT TO FALL OUT",,,"SCHOLASTIC",,,1460,,,,,,,"GRACE MACCARONE",,"E2/1460",,0,"$2.95 ",,,,,,,
"THE TRUE STORY OF BALTO",,,"RANDOM HOUSE",,,1461,,,,,,,"NATALEI STANDFORD",,"E2/1461",,0,"RS 20",,,,,,,
"BUTTERFLY LIFE CYCLE",,,"SCHOLASTIC",,,1462,,,,,,,"JEFF BAUER",,"E2/1462",,0,,,,,,,,
"THE GOOD BAD CAT",,,"MAC GRAW HILL COMPANIES",,,1463,,,,,,,"MACMILLAN HILL",,"E2/1463",,0,"RS 50",,,,,,,
"I HATE MY BOW",,,"SCHOLASTIC",,,1464,,,,,,,"HANS WILHELM",,"E2/1464",,0,"RS 30",,,,,,,
"FOOTPRINT IN THE SNOW",,,"SCHOLASTIC",,,1465,,,,,,,"CYNTHIA BENJAMIN",,"E2/1465",,0,"$3.99 ",,,,,,,
"ARE WE THERE YET?",,,"STANDARD PUBLISHING COMPANY",,,1466,,,,,,,"DALE GOTTLIEB",,"E2/1466",,0,"RS 30",,,,,,,
"MOLE IN A HOLE",,,"SCHOLASTIC",,,1467,,,,,,,"RITA GOLDEN GELMAN",,"E2/1467",,0,"RS 30",,,,,,,
"HOME STINKY HOME",,,"RANDOM HOUSE",,,1468,,,,,,,"LAGONEGRO",,"E2/1468",,0,"RS 20",,,,,,,
"DOLLHOUSE FUN",,,"TROLL ASSOCIATES",,,1469,,,,,,,"JUDITH CONAWAY",,"E2/1469",,0,"$2.95 ",,,,,,,
"LADY BUG",,,"CREATIVE CHILD PRESS",,,1470,,,,,,,"HELEN OXENBURY",,"E2/1470",,0,"$2.95 ",,,,,,,
"WHAT A FISH",,,"TROLL ASSOCIATES",,,1471,,,,,,,"DAVID EASTMAN",,"E2/1471",,0,,,,,,,,
"CAREER DAY",,,"SCHOLASTIC",,,1472,,,,,,,"ANNE ROCKWELL",,"E2/1472",,0,,,,,,,,
"CHAMP ON THE ICE",,,"TROLL ASSOCIATES",,,1473,,,,,,,"SHARON PETERS",,"E2/1473",,0,"$3.95 ",,,,,,,
"HOORAY ITS PASSOVER",,,"SCHOLASTIC",,,1474,,,,,,,"LESLIE KIMMELMAN",,"E2/1474",,0,,,,,,,,
"DINOFOURS",,,"SCHOLASTIC",,,1475,,,,,,,"STEVE METZER",,"E2/1475",,0,"$3.25 ",,,,,,,
"SLOBFATHER",,,"ZONDER KIDZ",,,1476,,,,,,,"DOUG PETERSON",,"E2/1476",,0,"$3.99 ",,,,,,,
"THE SURPRISE PARTY",,,"MACMILLAN , INC",,,1477,,,,,,,"PAT HUTCHINS",,"E2/1477",,0,,,,,,,,
"UMBRELLA PARADE",,,"TROLL ASSOCIATES",,,1478,,,,,,,"DEBORAH COLVIN ",,"E2/1478",,0,"RS 40",,,,,,,
"THUMP BUMP",,,"TROLL ASSOCIATES",,,1479,,,,,,,"JANET CRAIG",,"E2/1479",,0,"RS 60",,,,,,,
"ICE SKATING PRINCESS",,,"SCHOOL ZONE",,,1480,,,,,,,"MARIA S BARSO",,"E2/1480",,0,"RS 30",,,,,,,
"HERE COMES EASTER BUNNY",,,"MODERN PUBLISHING",,,1481,,,,,,,,,"E2/1481",,0,,,,,,,,
"THE SNOWY DAY",,,"PLAY MORE INC.",,,1482,,,,,,,"EZRA JACK KEATS",,"E2/1482",,0,"RS 40",,,,,,,
"MADAGASCAR",,,"SCHOLASTIC",,,1483,,,,,,,"MICHAEL ANTHONY ",,"E2/1483",,0,"$3.99 ",,,,,,,
"FROSTY THE SNOWMAN",,,"SCHOLASTIC",,,1484,,,,,,,"STEVE NELSON",,"E2/1484",,0,,,,,,,,
"THE FIRST NIGHT",,,"SCHOLASTIC",,,1485,,,,,,,"B.G.HENNESSY",,"E2/1485",,0,,,,,,,,
"BATMAN FOREVER",,,"WESTERN PUBLISHING COMPANY",,,1486,,,,,,,"ANDREW HELFER",,"E2/1486",,0,"RS 40",,,,,,,
"ROLLING ALONG",,,"HOUGHTON MIFFLIN COMPANY",,,1487,,,,,,,"STEPHANIE CALMENSON",,"E2/1487",,0,,,,,,,,
"THOSE CAN DO PIGS",,,"PLAY MORE INC.",,,1488,,,,,,,"DAVID McPHAIL",,"E2/1488",,0,"$5.99 ",,,,,,,
"STREGA NONA MEETS HER MATCH",,,"SCHOLASTIC",,,1489,,,,,,,"TOMIE DE PAULA",,"E2/1489",,0,,,,,,,,
"WHEN I GET BIGGER",,,"WESTERN PUBLISHING COMPANY",,,1490,,,,,,,"MERCER MAYER",,"E2/1490",,0,,,,,,,,
"WHAT IF CRUELLA DE VIL WAS YOUR LUNCH DAY ?",,,"DISNEY PRESS",,,1491,,,,,,,"SPAKY MOORE ",,"E2/1491",,0,"$4.95 ",,,,,,,
"LETS FIND DIGIMON",,,"SCHOLASTIC",,,1492,,,,,,,,,"E2/1492",,0,"$5.99 ",,,,,,,
"PUZZLEMANIA",,,"HEIGHLIGHTS FOR CHILDREN",,,1493,,,,,,,"PAT MERRELL",,"E2/1493",,0,,,,,,,,
"GOOFY MOVIE",,,"WESTERN PUBLISHING COMPANY",,,1494,,,,,,,"MARGO HOVER",,"E2/1494",,0,,,,,,,,
"THE CANTERVILLE GHOST ",,,"SUBHASH BENCHMARK BOOKS ",,,1495,,,,,,,"THOITHOI O COTTAGE ",,"E2/1495",,0,58,,,,,,,
"DRAUPADI",,,"AMEX COMPANY LIMITED",,,1496,,,,,,,"PRATAP MULICK",,"E2/1496",,0,"RS 35",,,,,,,
"ANDHAKA",,,"AMEX COMPANY LIMITED",,,1497,,,,,,,"PRATAP MULICK",,"E2/1497",,0,"RS 35",,,,,,,
"RAGGEDY ANNS PICTURE PERFECT CHRISTMAS",,,"MACMILLAN , INC",,,1498,,,,,,,"GAIL HERMAN",,"E2/1498",,0,"$1.59 ",,,,,,,
"AMAZING WORLD OF BUTTERFLIES AND MOTHS",,,"TROLL ASSOCIATES",,,1499,,,,,,,"LOUISE SABIN",,"E2/1499",,0,,,,,,,,
"GOLDILOCKS AND THE THREE BEARS",,,"J.B COMMUNICATIONS",,,1500,,,,,,,"GEARGE KROMPACKY",,"E2/1500",,0,,,,,,,,
"BLUE S BIRTHDAY",,,"LANDOLL S INC.",,,1501,,,,,,,"JENNIFER TWOMEY PERELLO",,"E2/1501",,0,,,,,,,,
"NIGHT HOUSE BRIGHT HOUSE",,,"DALMATIAN PRESS",,,1502,,,,,,,"MARY POPE OSBORNE",,"E2/1502",,0,250,,,,,,,
"MONSTER MANIA",,,"WEEKLY READER BOOKS",,,1503,,,,,,,"MAUREEN REDMOND-SCURA",,"E2/1503",,0,,,,,,,,
"COUNT WITH DORA ",,,"SIMON AND SCHUSTER SPOTLIGHT",,,1504,,,,,,,"PHOEBE BEINSTEN ",,"E2/1504",,0,"$80.00 ",,,,,,,
"MATHS ALL YEAR",,,"CHILDDREN S CHOICE BOOK CLUB",,,1505,,,,,,,"LINDA WARD BEECH",,"E2/1505",,0,,,,,,,,
"THE GREAT SPACE RACE",,,"ADVANCE PUBLISHERS",,,1506,,,,,,,"DEBBIE SWEREN",,"E2/1506",,0,"RS 50",,,,,,,
"HOW TO WRITE A SENTENCE",,,"RAINBOW BRIDGE",,,1507,,,,,,,"KATHLEEN CHRISTOPHER NULL",,"E2/1507",,0,"$915 ",,,,,,,
"SOYONS BRENCHES ",,,,,,1508,,,,,,,,,"E2/1508",,0,80,,,,,,,
"WRITING AND GRAMMAR",,,"POCKET BOOKS",,,1509,,,,,,,,,"E2/1509",,0,"RS 30",,,,,,,
"CALLIGRAPHY",,,"CHILDDREN S CHOICE BOOK CLUB",,,1510,,,,,,,"FIONA CAMPBELL",,"E2/1510",,0,"$1.00 ",,,,,,,
"NASCAR AUTHORIZED HANDBOOK",,,"CHILDDREN S CHOICE BOOK CLUB",,,1511,,,,,,,,,"E2/1511",,0,"$5.99 ",,,,,,,
"FULL HOUSE SCRAPBOOK",,,"SCHOLASTIC",,,1512,,,,,,,"JUDY NAYER",,"E2/1512",,0,"RS 60",,,,,,,
"MY WRITING BOOK",,,"SCHOLASTIC",,,1513,,,,,,,"JOYCE C.BUMGARDNER",,"E2/1513",,0,,,,,,,,
"PUZZLEMANIA",,,"HEIGHLIGHTS FOR CHILDREN",,,1514,,,,,,,,,"E2/1514",,0,,,,,,,,
" NUMBER KNOW -HOW",,,"NATIONAL WILD LIFE FEDERATION",,,1515,,,,,,,,,"E2/1515",,0,,,,,,,,
"NEW YORK PUZZLE BOOK",,,"HEIGHLIGHTS FOR CHILDREN",,,1516,,,,,,,,,"E2/1516",,0,,,,,,,,
"TREASURE PLANET",,,"SCHOLASTIC",,,1517,,,,,,,,,"E2/1517",,0,"RS 70",,,,,,,
"MY BOOK",,,"BOOK CLUB",,,1518,,,,,,,"PATRICIA CARRATELLO",,"E2/1518",,0,,,,,,,,
"GHOSTS",,,"HYPER COLLINS PUBLISHERS",,,1519,,,,,,,"ALVIN SCHWARTZ",,"E2/1519",,0,,,,,,,,
"PENNSYLVANIA PUZZLE BOOK",,,"HEIGHLIGHTS FOR CHILDREN",,,1520,,,,,,,,,"E2/1520",,0,,,,,,,,
"LEARNING TO WRITE PARAGRAPHS",,,"FRANK SCHAFFER INC.",,,1521,,,,,,,"BARBARA GRUBER",,"E2/1521",,0,"RS 60",,,,,,,
"DRAGONBALLZ STICKER ACTIVITY BOOL",,,"MODERN PUBLISHING",,,1522,,,,,,,,,"E2/1522",,0,,,,,,,,
"PIRATES PAST NOON",,,"SCHOLASTIC",,,1523,,,,,,,"MARY POPE OSBORNE",,"E2/1523",,0,"$3.99 ",,,,,,,
"ITS A SPOON NOT A SHOVEL",,,"SCHOLASTIC",,,1524,,,,,,,"CARALYN BUEHNER",,"E2/1524",,0,"RS 50",,,,,,,
"CAILLOU- COLOURING BOOK",,,"CHILDDREN S CHOICE BOOK CLUB",,,1525,,,,,,,,,"E2/1525",,0,,,,,,,,
"MEASURING",,,"MAC GRAW HILL COMPANIES",,,1526,,,,,,,"JILL OSOFSKY",,"E2/1526",,0,,,,,,,,
"YU-GI-OH! THE MOVIE",,,"SCHOLASTIC",,,1527,,,,,,,"KAZUKI TAKAHASHI",,"E2/1527",,0,,,,,,,,
"DISNEY MAGIC MOMENTS",,,"SCHOLASTIC",,,1528,,,,,,,,,"E2/1528",,0,,,,,,,,
"I CAN WRITE",,,"BARONET BOOKS",,,1530,,,,,,,,,"E2/1530",,0,"$4.95 ",,,,,,,
"HUG",,,"SCHOLASTIC",,,1531,,,,,,,"JEZ ALBOROUGH",,"E2/1531",,0,,,,,,,,
"THE WONDERFUL WIZARD OF OZ",,,"MODERN PUBLISHING",,,1533,,,,,,,,,"E2/1533",,0,,,,,,,,
"PIZZA CAT",,,"PLAY MORE INC.",,,1534,,,,,,,,,"E2/1534",,0,"$2.95 ",,,,,,,
"PROFESSOR NOODLES CIRCUS SCHOOL",,,"PLAY MORE INC.",,,1535,,,,,,,,,"E2/1535",,0,"$2.95 ",,,,,,,
"MOTHER GOOSE",,,"RANDOM HOUSE",,,1536,,,,,,,"LULU DELACRE",,"E2/1536",,0,,,,,,,,
"SPLISH- SPLASHY DAY ",,,"WESTERN PUBLISHING COMPANY",,,1537,,,,,,,"LIZA ALEXANDER",,"E2/1537",,0,,,,,,,,
"THE BIKE TRIP",,,"HOUGHTON MIFFLIN COMPANY",,,1538,,,,,,,"WILL GRANT",,"E2/1538",,0,"RS 30",,,,,,,
"WHAT IS A BIRD?",,,"WESTERN PUBLISHING COMPANY",,,1539,,,,,,,"JENIFER W. DAY",,"E2/1539",,0,,,,,,,,
"MUSEUM CURATOR",,,"TROLL ASSOCIATES",,,1540,,,,,,,"JUDLTH TROPEA",,"E2/1540",,0,"$2.95 ",,,,,,,
"STARTING SOCCER",,,"ELECTRONIC EDUCATION",,,1541,,,,,,,"HELEN EDOM & MIKE OSBORNE",,"E2/1541",,0,"RS 100",,,,,,,
"BOUNCE,TIGGER,BOUNCE",,,"SCHOLASTIC",,,1542,,,,,,,"ISABEL GAINES",,"E2/1542",,0,,,,,,,,
"RUN AWAY ROLEY",,,"SCHOLASTIC",,,1543,,,,,,,"ALLISON INCHES",,"E2/1543",,0,"$3.99 ",,,,,,,
"DORA SAVES MERMAID KINGDOM!",,,"SCHOLASTIC",,,1544,,,,,,,"MICHAEL TEITELBAUM",,"E2/1544",,0,"$5 ",,,,,,,
"THE FASCINATING WORLD OF BATS",,,"BARONET BOOKS",,,1545,,,,,,,"MARIA ANGELS JULIVERT",,"E2/1545",,0,"RS 70",,,,,,,
"LIFE STORY-ANT",,,"TROLL ASSOCIATES",,,1546,,,,,,,"MICHEAL CHINERY",,"E2/1546",,0,"$5 ",,,,,,,
"DINOSAURS",,,"WEEKLY READER BOOKS",,,1547,,,,,,,"ROBERT COUPE",,"E2/1547",,0,"$3.95 ",,,,,,,
"JUMP, FROG,JUMP",,,"SCHOLASTIC",,,1548,,,,,,,"ROBERT KALAN",,"E2/1548",,0,"RS 60",,,,,,,
"A WINTER DAY",,,"SCHOLASTIC",,,1549,,,,,,," DOUGLAS FLORIAN",,"E2/1549",,0,"$2.10 ",,,,,,,
"THE GYM TEACHER FROM THE BLACKLAG.",,,"SCHOLASTIC",,,1550,,,,,,,"MIKE THALER",,"E2/1550",,0,"RS 40",,,,,,,
"DANCING WITH MANATEES ",,,"SCHOLASTIC",,,1551,,,,,,,"FAITH MCNULTY",,"E2/1551",,0,30,,,,,,,
"HORRIBLE HARRY TAKES THE CAKES",,,"SCHOLASTIC",,,1552,,,,,,,"SUZY KLINE",,"E2/1552",,0,,,,,,,,
"THE LUCKY POCKET REFERENCE BOOK",,,"SCHOLASTIC",,,1553,,,,,,,,,"E2/1553",,0,,,,,,,,
"SPACEBRAT",,,"POCKET BOOKS",,,1554,,,,,,,"EVIL TWIN AND ALIENS ATE",,"E2/1554",,0,,,,,,,,
"I M BIG SISTER",,,"HYPER COLLINS PUBLISHERS",,,1555,,,,,,,"MAXIE CHAMBLISS",,"E2/1555",,0,,,,,,,,
"ELMO WORLD",,,"RANDOM HOUSE",,,1556,,,,,,,,,"E2/1556",,0,"6.99$",,,,,,,
"DISNEY BOLT",,,"GOLDEN BOOKS PUBLISHING CO.,",,,1557,,,,,,,,,"E2/1557",,0,"2.99$",,,,,,,
"SPIDER NAMES",,,"SCHOOL ZONE",,,1558,,,,,,,"SUSAN CANIZARES",,"E2/1558",,0,"3.25$",,,,,,,
"PICKY NICKY",,,"GROSSET & DUNLAP",,,1559,,,,,,,"CATHY EAST DUBOWSKI AND MARK DUBOWSKI ",,"E2/1559",,0,30,,,,,,,
"LETS PARTY",,,"ELECTRONIC EDUCATION",,,1560,,,,,,,"ANNA SCHLOOZ",,"E2/1560",,0,,,,,,,,
"AN AMERICAN TAIL TONY AND FIEVEL",,,"MC. DONALD",,,1561,,,,,,,"MICHAEL TEITELBAUM",,"E2/1561",,0,,,,,,,,
"THE GIANT JELLY BEAN JAR",,,"PUFFIN BOOKS",,,1562,,,,,,,"MARCIE ABOFF",,"E2/1562",,0,"3.99$",,,,,,,
"WOOLLY STOPS THE TRAIN ",,,"ELECTRONIC EDUCATION",,,1563,,,,,,,"HEATHER AMERY ",,"E2/1563",,0,"4.95$",,,,,,,
"CATS CRADLE",,,"KIDS CAN PRESS",,,1564,,,,,,,"ANNE AKERS JOHNSON",,"E2/1564",,0,100,,,,,,,
"DOT TO DOT ",,,"LANDOLL S INC.",,,1565,,,,,,,"MARY C MAY",,"E2/1565",,0,,,,,,,,
"THANKS FOR NOTHING ",,,"SCHOLASTIC",,,1566,,,,,,,"PETER MALONEY",,"E2/1566",,0,30,,,,,,,
"MY BIBLE SONGS ",,,"AMEX COMPANY LIMITED",,,1567,,,,,,,"SARA SLIWINSKA",,"E2/1567",,0,,,,,,,,
"WHERES MY EASTER EGG ",,,"PLAY MORE INC.",,,1569,,,,,,,"HARRIET ZIEFERT",,"E2/1569",,0,50,,,,,,,
"THE SMALLEST STEGOSAURUS",,,"SCHOLASTIC",,,1570,,,,,,,"LYNN SWEAT",,"E2/1570",,0,60,,,,,,,
"MY SPRING ROBIN",,,"SCHOLASTIC",,,1571,,,,,,,"ANNE ROCKWELL",,"E2/1571",,0,,,,,,,,
"GEORGE SHRINKS",,,"SCHOLASTIC",,,1572,,,,,,,"WILLIAM JOYCE ",,"E2/1572",,0,20,,,,,,,
"CRABBY &NABBY ",,,"NATIONAL WILD LIFE FEDERATION",,,1573,,,,,,,"SUZANNE TATE",,"E2/1573",,0,"4.99 $",,,,,,,
"THE MAGIC SCHOOL BUS",,,"SCHOLASTIC",,,1574,,,,,,,"JOANNA COLE",,"E2/1574",,0,,,,,,,,
"THE DOCTOR JOKE BOOK",,,"BARONET BOOKS",,,1575,,,,,,,"SID BEHRMAN",,"E2/1575",,0,,,,,,,,
"TREASURE ISLAND ",,,"MODERN PUBLISHING",,,1576,,,,,,,"ROBERT LOUIS STEVENSON",,"E2/1576",,0,250,,,,,,,
"HERCULES",,,"THE WALT DISNEY COMPANY",,,1577,,,,,,,"PHIL GABRIELLE CHARBONNET",,"E2/1577",,0,30,,,,,,,
"THE THREE FRIENDS GO TO SCHOOL",,,"SCHOLASTIC",,,1578,,,,,,,"TOMIE DE PAOLA",,"E2/1578",,0,,,,,,,,
"I M GLAD I M ME ",,,"SCHOLASTIC",,,1579,,,,,,,"JACK PRELUTSKY",,"E2/1579",,0,40,,,,,,,
"THE JOURNEY OF ALLEN STRANGE",,,"POCKET BOOKS",,,1580,,,,,,,"JOHN VORNHOLT",,"E2 /1580",,0,"3.99$",,,,,,,
"THE KID IN THE RED JACKET",,,"SCHOLASTIC",,,1581,,,,,,,"BARBARA PARK",,"E2/1581",,0,,,,,,,,
"ONE RAINY DAY",,,"SCHOLASTIC",,,1582,,,,,,,"DONNA TAYLOR",,"E2/1582",,0,,,,,,,,
"SEA GHOST",,,"SCHOLASTIC",,,1583,,,,,,,"SONIA SANDER",,"E2/1583",,0,,,,,,,,
"BUBBLE TROUBLE",,,"SCHOLASTIC",,,1584,,,,,,,"MARK PACKARD",,"E2/1584",,0,30,,,,,,,
"BISCUIT GOES TO SCHOOL",,,"HYPER COLLINS PUBLISHERS",,,1585,,,,,,,"ALYSSA SATIN CAPUCILLI",,"E2/1585",,0,"3.99$",,,,,,,
"CHUCKS WOOD AND THE WOODCHUCKS IN THE BIG GAME",,,"GOLDEN BOOKS PUBLISHING CO.,",,,1586,,,,,,,"MARILYN SADLER",,"E2/1586",,0,,,,,,,,
"SUDOKU PUZZLES",,,"KIDS CAN PRESS",,,1587,,,,,,,,,"E2/1587",,0,,,,,,,,
"DARK DAY IN THE DEEP SEA",,,"RANDOM HOUSE",,,1588,,,,,,,"MARY POPE OSBORNE",,"E2/1588",,0,"4.99$",,,,,,,
"GOOSEBUMPS",,,"SCHOLASTIC",,,1589,,,,,,,"R.L.STINE",,"E2/1589",,0,"3.99$",,,,,,,
"A TO Z THE XED OUT X-RAY",,,"RANDOM HOUSE",,,1590,,,,,,,"RON ROY",,"E2/1590",,0,,,,,,,,
"SUPERDOG",,,"SCHOLASTIC",,,1591,,,,,,,"JENNY DALE",,"E2/1591",,0,,,,,,,,
"TEACH US AMELIA BEDELIA",,,"SCHOLASTIC",,,1592,,,,,,,"PEGGY PARISH",,"E2/1592",,0,"3.99$",,,,,,,
"CAM JANSEN AND THE BARKING TREASURE MYSTERY",,,"SCHOLASTIC",,,1593,,,,,,,"DAVID A . ADLER",,"E2/1593",,0,,,,,,,,
"JUSTELLA",,,"SCHOLASTIC",,,1594,,,,,,,"MARGARET PETERSON HADDIX",,"E2/1594",,0,100,,,,,,,
"NATE THE GREAT AND THE LOST LIST",,,"RANDOM HOUSE",,,1595,,,,,,,"MARJORIE WEINMAN SHARMAT",,"E2/1595",,0,"4.50$",,,,,,,
"GRACE ON THE ICE",,,"GOLDEN BOOKS PUBLISHING CO.,",,,1596,,,,,,,"ABIGAIL TABBY",,"E2/1596",,0,30,,,,,,,
"DORIS S DINOSAUR",,,"VIKING PENGUIM",,,1597,,,,,,,"ROSEMARY WELLS",,"E2/1597",,0,"3.99$",,,,,,,
"THE FOOT BOOK",,,"GROLIER BOOKS",,,1598,,,,,,,"Dr. SEUSS",,"E2/1598",,0,,,,,,,,
"I WANT TO BE SOMEBODY NEW",,,"RANDOM HOUSE",,,1599,,,,,,,"ROBERT LOPSHIRE",,"E2/1599",,0,70,,,,,,,
"THE CAFETERIA LADY FROM THE BLACK LAGOON",,,"SCHOLASTIC",,,1600,,,,,,,"JARED LEE",,"E2/1600",,0,,,,,,,,
"Piglets Night Lights",,,"ADVANCE PUBLISHERS",,,1601,,,,,,,,,"E2/1601",,0,"Rs.100",,,,,,,
"Winnie the Pooh Im Really Sorry",,,"ADVANCE PUBLISHERS",,,1602,,,,,,,,,"E2/1602",,0,,,,,,,,
"Mickey Meets the Giants",,,"DK PUBLISHING",,,1603,,,,,,,,,"E2/1603",,0,,,,,,,,
"A Perfect Little Piglet",,,"ADVANCE PUBLISHERS",,,1604,,,,,,,,,"E2/1604",,0,,,,,,,,
"Poohs New Clothes",,,"DK PUBLISHING",,,1605,,,,,,,,,"E2/1605",,0,,,,,,,,
"Oops I Did It (again)",,,"SCHOLASTIC",,,1606,,,,,,,"Robin Wasserman",,"E2/1606",,0,"Rs.50",,,,,,,
"Animalogy",,,"DIAL BOOKS FOR YOUNG READERS",,,1607,,,,,,,"Rita Thievon Mullin",,"E2/1607",,0,"US$ 9.99",,,,,,,
"The Last Dinosaurs",,,"SCHOLASTIC",,,1608,,,,,,,"Dougal Dixon",,"E2/1608",,0,,,,,,,,
"Birdies Lighthouse",,,"AMEX COMPANY LIMITED",,,1609,,,,,,,"Deborah Hopkinson",,"E2/1609",,0,"Rs. 100",,,,,,,
"Caillou Day Care",,,"CHILDDREN S CHOICE BOOK CLUB",,,1610,,,,,,,"Christine L Heureux",,"E2/1610",,0,"US$ 3.95",,,,,,,
"This is Daniel Cook at The Fire Station",,,"KIDS CAN PRESS",,,1611,,,,,,,,,"E2/1611",,0,"Rs. 20",,,,,,,
"Cinderella",,,"SCHOLASTIC",,,1612,,,,,,,,,"E2/1612",,0,"Rs. 70",,,,,,,
"Minnies Giant Plan",,,"ADVANCE PUBLISHERS",,,1613,,,,,,,,,"E2/1613",,0,,,,,,,,
"Goofy Goes to the Fair",,,"ADVANCE PUBLISHERS",,,1614,,,,,,,,,"E2/1614",,0,,,,,,,,
"How Pooh Got His Honey",,,"ADVANCE PUBLISHERS",,,1615,,,,,,,,,"E2/1615",,0,,,,,,,,
"Donalds Dream",,,"A BANTAM BOOK",,,1616,,,,,,,,,"E2/1616",,0,,,,,,,,
"The Shy Little Kitten",,,"GOLDEN BOOKS PUBLISHING CO.,",,,1617,,,,,,,"Cathleen Schurr",,"E2/1617",,0,"US$ 2.99",,,,,,,
"This is my Family",,,"LITTLE BROWN & COMPANY",,,1618,,,,,,,,,"E2/1618",,0,,,,,,,,
"BAGS THE LAMB",,,"Award Publications",,,1619,,,,,,,"WENDY KANNO",,"E2/1619",,0,"60/-",,,,,,,
"BARBIE SCHOOL FUN",,,"GOLDEN BOOKS PUBLISHING CO.,",,,1620,,,,,,,"DIANE MULDROW",,"E2/1620",,0,,,,,,,,
"GOLDILOCKS THE TRHEE BEARS",,,"DALMATIAN PRESS",,,1621,,,,,,,"BILL SHOCKEY",,"E2/1621",,0,"$1.49 ",,,,,,,
"JASPER AND HIS FRIENDS",,,"A BANTAM BOOK",,,1622,,,,,,,,,"E2/1622",,0,,,,,,,,
"GRAMMER AND ME",,,,,,1623,,,,,,,"FERNANDO RUIZ",,"E2/1623",,0,"RS 10",,,,,,,
"ITS TIME TO DANCE",,,,,,1624,,,,,,,"SUSAN RILEY",,"E2/1624",,0,"RS 50",,,,,,,
"MY DOG DOES MY HOMEWORK",,,"SCHOLASTIC",,,1625,,,,,,,"SHEL SILVERSTEIN",,"E2/1625",,0,,,,,,,,
"THE LITTLE MERMAID",,,"RANDOM HOUSE",,,1626,,,,,,,,,"E2/1626",,0,,,,,,,,
"TILLY THE TRUTH FAIRY",,,"PLAY MORE INC.",,,1627,,,,,,,,,"E2/1627",,0,"$5.95 ",,,,,,,
"OUT OF THE NEST",,,"SCHOLASTIC",,,1628,,,,,,,"QUINLAN B LEE",,"E2/1628",,0,"RS 20",,,,,,,
"LITTLE CRITTERS DAY",,,"WESTERN PUBLISHING COMPANY",,,1629,,,,,,,,,"E2/1629",,0,,,,,,,,
"KID DOODLES",,,"MC. DONALD",,,1630,,,,,,,"ANDREW WALKER",,"E2/1630",,0,"RS 30",,,,,,,
"I LOVE YOU MORE ",,,"WESTERN PUBLISHING COMPANY",,,1631,,,,,,,"JUANITA HAVILL",,"E2/1631",,0,,,,,,,,
"POOH AND THE DRAGON",,,"GOLDEN BOOKS PUBLISHING CO.,",,,1632,,,,,,,"ANN BRAYBROOKS",,"E2/1632",,0,"RS 20",,,,,,,
"DOCTOR DAN",,,"WESTERN PUBLISHING COMPANY",,,1633,,,,,,,"HELEN GASPARD",,"E2/1633",,0,"$1.25 ",,,,,,,
"A HUNNY, FUNNY SUNNY DAY",,,"GOLDEN BOOKS PUBLISHING CO.,",,,1634,,,,,,,"BRUCE TALKINGTON",,"E2/1634",,0,"RS 40",,,,,,,
"SHOPPING DAY",,,"ELECTRONIC EDUCATION",,,1635,,,,,,,"LAURA SMITH",,"E2/1635",,0,,,,,,,,
"A WALK TO PLAY PARK",,,"SCHOLASTIC",,,1636,,,,,,,"QUINLAN B LEE",,"E2/1636",,0,"RS 10",,,,,,,
"AROUND TOWN",,,"SCHOLASTIC",,,1637,,,,,,,"SONIA SANDER",,"E2/1637",,0,,,,,,,,
"SEA GHOST",,,"SCHOLASTIC",,,1638,,,,,,,"SONIA SANDER",,"E2/1638",,0,,,,,,,,
"DORA SAVES THE GAME",,,"SCHOLASTIC",,,1639,,,,,,,"QUINLAN B LEE",,"E2/1639",,0,,,,,,,,
"WHY GO THERE",,,"SCHOLASTIC",,,1640,,,,,,,"LESLIE MCGUIRE",,"E2/1640",,0,,,,,,,,
"A TREAT FOR EMILY ELIZABETH",,,"SCHOLASTIC",,,1641,,,,,,,"JENELLE CHERRINGTON",,"E2/1641",,0,,,,,,,,
"CLIFFORD IS TOO BIG",,,"SCHOLASTIC",,,1642,,,,,,,"JENELLE CHERRINGTON",,"E2/1642",,0,,,,,,,,
"HAPPY BIRTHDAY SQUIDWARD",,,"SCHOLASTIC",,,1643,,,,,,,"SONIA SANDER",,"E2/1643",,0,"RS 10",,,,,,,
"CLIFFORD AND THE BATH",,,"SCHOLASTIC",,,1644,,,,,,,"GRACEMACCARONE",,"E2/1644",,0,,,,,,,,
"THE GOOD BOOK",,,"SCHOLASTIC",,,1645,,,,,,,"FRANCES ANN LADD",,"E2/1645",,0,,,,,,,,
"THE HAPPY DOGS",,,"SCHOLASTIC",,,1646,,,,,,,"LIZ MILLS",,"E2/1646",,0,,,,,,,,
"CLIFFORS AND THE BIG SHIP",,,"SCHOLASTIC",,,1647,,,,,,,"DONNA TAYLOR",,"E2/1647",,0,,,,,,,,
"THE HAT",,,"SCHOLASTIC",,,1648,,,,,,,"JUDITH BAUER STAMPER",,"E2/1648",,0,,,,,,,,
"DORA TAKES A HIKE",,,"SCHOLASTIC",,,1649,,,,,,,"QUINLAN B LEE",,"E2/1649",,0,"RS 2O",,,,,,,
"EXTRAORDINARY DANGEROUS ANIMALS",,,"SCHOLASTIC",,,1650,,,,,,,,,"E2/1650",,0,"$5.99 ",,,,,,,
"BATBABY FINDS A HOME",,,"RANDOM HOUSE",,,1651,,,,,,,"ROBERT QUACKENBUSH",,"E2/1651",,0,"$5.99 ",,,,,,,
"FOURTH GRADE RATS",,,"SCHOLASTIC",,,1652,,,,,,,"JERRY SPINELLI",,"E2/1652",,0,"$4.50 ",,,,,,,
"LIGHTS OUT , CHRISTOPHER",,,"Award Publications",,,1654,,,,,,,"PATRICIA C.MCKISSACK",,"E2/1654",,0,"Rs60",,,,,,,
"THE TIGGER MOVIE",,,"MOUSE&WORKS",,,1655,,,,,,,,,"E2/1655",,0,"$6.99 ",,,,,,,
"THE HUNCHBACK OF NOTREDAME",,,"MOUSE&WORKS",,,1656,,,,,,,"WALT DISNEY",,"E2/1656",,0,,,,,,,,
"BARBIE ISLAND RESCUE",,,"FUNK & WAGNALLS",,,1657,,,,,,,"MORIA BUTTERFIELD",,"E2/1657",,0,"Rs 100",,,,,,,
"CUBIX ROBOTS FOR EVERYONE",,,"SCHOLASTIC",,,1658,,,,,,,,,"E2/1658",,0,"$3.50 ",,,,,,,
"BLUES BEST RAINY DAY",,,"SCHOLASTIC",,,1660,,,,,,,"DEBORAH REBER",,"E2/1660",,0,,,,,,,,
"THE HARE & THE TORTOISE",,,"MACMILLAN , INC",,,1661,,,,,,,,,"E2/1661",,0,,,,,,,,
"HIGHLIGHTS",,,"HEIGHLIGHTS FOR CHILDREN",,,1663,,,,,,,,,"E2/1663",,0,,,,,,,,
"IM STILL HERE IN THE BATHTUB",,,"SCHOLASTIC",,,1664,,,,,,,"ALAN KATZ",,"E2/1664",,0,,,,,,,,
"THE DAY MR.GUMP HELPED KATIE KRUMP",,,"SCHOLASTIC",,,1665,,,,,,,"GALE CLIFFORD",,"E2/1665",,0,"Rs 40",,,,,,,
"HEY! IM READING",,,"SCHOLASTIC",,,1666,,,,,,,"BETTY MILES",,"E2/1666",,0,,,,,,,,
"HIDE & SEEK",,,"SCHOLASTIC",,,1667,,,,,,,"DEBBIE TILLEY",,"E2/1667",,0,,,,,,,,
"DORAS SHOW TIME!",,,"SCHOLASTIC",,,1668,,,,,,,"QUINLAN B . LEE",,"E2/1668",,0,,,,,,,,
"FULL HOUSE MICHELLE",,,"POCKET BOOKS",,,1669,,,,,,,"JEAN WARICHA",,"E2/1669",,0,"$3.99 ",,,,,,,
"THE TALE OF PETER RABBIT",,,"FREDERICK THOMAS INC.",,,1670,,,,,,,"BEATRIX POTTER",,"E2/1670",,0,,,,,,,,
"SECOND-GRADE FRIENDS",,,"SCHOLASTIC",,,1671,,,,,,,"MIRIAM COHEN",,"E2/1671",,0,"$3.99 ",,,,,,,
"BELLY LAYGHS FROM BIKINI BOTTOM",,,"SCHOLASTIC",,,1672,,,,,,,"HOLLY KOWITT",,"E2/1672",,0,"$2.99 ",,,,,,,
"THE BEREMUDA TRIANGLE",,,"RAINTREE CHILDRENS BOOKS",,,1673,,,,,,,"JIM COLLINS",,"E2/1673",,0,"Rs 100",,,,,,,
"LITTLE BILL",,,"SCHOLASTIC",,,1674,,,,,,,"BILL COSBYS",,"E2/1674",,0,"$3.99 ",,,,,,,
"WIZARD AND WART",,,"HYPER COLLINS PUBLISHERS",,,1675,,,,,,,"JANICE LEE SMITH",,"E2/1675",,0,,,,,,,,
"TOY STORY",,,"GROLIER BOOKS",,,1676,,,,,,,,,"E2/1676",,0,"Rs 60",,,,,,,
"HEFFALUMP MOVIE",,,"SCHOLASTIC",,,1677,,,,,,,,,"E2/1677",,0,,,,,,,,
"DETERMINED",,,"GROLIER BOOKS",,,1679,,,,,,,"NANCY PRASAD",,"E2/1679",,0,"Rs 70",,,,,,,
"SYLVESTER BEAR OVERSLEPT",,,"PARENTS MAGAZINE PRESS",,,1680,,,,,,,"JAN WAHL",,"E2/1680",,0,,,,,,,,
"SHERLOCK CHICK AND THE CASE OF NIGHT NOISES",,,"PARENTS MAGAZINE PRESS",,,1681,,,,,,,"BOBERT QUACKENBUSH",,"E2/1681",,0,,,,,,,,
"BEN FINDS A FRIENDS",,,"WEEKLY READER BOOKS",,,1682,,,,,,,"ANNE MARIE CHAPOUTON",,"E2/1682",,0,"$7.95 ",,,,,,,
"TUTS MUMMY LOST?.AND FOUND",,,"RANDOM HOUSE",,,1683,,,,,,,"JUDY DONNELLY",,"E2/1683",,0,"$3.50 ",,,,,,,
"26 FAIRMOUNT AVENUE",,,"SCHOLASTIC",,,1684,,,,,,,"TOMIE DEPAOLA",,"E2/1684",,0,"Rs 30",,,,,,,
"COURAGE",,,"INNISBROOK WRAPS",,,1685,,,,,,,,,"E2/1685",,0,,,,,,,,
"THE BERENSTAIN BEARS & THE TRUTH",,,"RANDOM HOUSE",,,1686,,,,,,,"STAN & JAN BERENSTAIN",,"E2/1686",,0,"Rs 40",,,,,,,
"DREAMER MYSTERY OF COZY CAVE",,,"FIRE FLY BOOKS",,,1687,,,,,,,"RICHARD HAYS",,"E2/1687",,0,"Rs 100",,,,,,,
"LOVE STINKS!",,,"GROSSET & DUNLAP",,,1688,,,,,,,"NANCY KRULIK",,"E2/1688",,0,"$3.99 ",,,,,,,
"ARIELS PAINTING PARTY",,,"LITTLE BROWN & COMPANY",,,1689,,,,,,,"M.C.VARLEY",,"E2/1689",,0,,,,,,,,
"THUNDER AND LIGHTNING",,,"RANDOM HOUSE",,,1690,,,,,,,,,"E2/1690",,0,"$3.99 ",,,,,,,
"THE SPECIAL DELIVERY",,,"RANDOM HOUSE",,,1691,,,,,,,,,"E2/1691",,0,"$3.25 ",,,,,,,
"SUDOKU",,,"BARONET BOOKS",,,1692,,,,,,,,,"E2/1692",,0,,,,,,,,
"DORA SAVES THE GAME",,,"SCHOLASTIC",,,1693,,,,,,,"QUINLAN B . LEE",,"E2/1693",,0,,,,,,,,
"WATCH THE WOOLLY WORM",,,"WEEKLY READER BOOKS",,,1694,,,,,,,"MADGE TOVEY",,"E2/1694",,0,,,,,,,,
"DOLPHINS BIG LEAP",,,"SCHOLASTIC",,,1695,,,,,,,"KIMBERLY WEINBERGER",,"E2/1695",,0,"Rs 30",,,,,,,
"IM GLAD IM ME",,,"SCHOLASTIC",,,1696,,,,,,,"JACK PRELUTSKY",,"E2/1696",,0,,,,,,,,
"MEET DIEGO!",,,"SIMON AND SCHUSTER SPOTLIGHT",,,1697,,,,,,,"LESLIE VALDES",,"E2/1697",,0,,,,,,,,
"DORA GOES TO SCHOOL",,,"SCHOLASTIC",,,1698,,,,,,,"LESLIE VALDES",,"E2/1698",,0,"Rs 40",,,,,,,
"RIDING TO MY JEEP",,,"WEEKLY READER BOOKS",,,1699,,,,,,,"CLAUDIA BAILEY",,"E2/1699",,0,,,,,,,,
"BIG BIRDS GOES TO THE DOCTOR",,,"WESTERN PUBLISHING COMPANY",,,1700,,,,,,,"TISH SOMMERS",,"E2/1700",,0,,,,,,,,
"PINKY AND PERKY",,,"AMEX COMPANY LIMITED",,,1701,,,,,,,,,"E2/1701",,0,,,,,,,,
"WHEN WILL IT BE SPRING?",,,"SCHOLASTIC",,,1702,,,,,,,"CATHERINE WALTERS",,"E2/1702",,0,60,,,,,,,
"THE STORY OF BABAR",,,"RANDOM HOUSE",,,1703,,,,,,,"JEAN DE BRUNHOFF",,"E2/1703",,0,,,,,,,,
"JACK ANO THE BEANSTALK",,,"HALLMARK GIFT BOOK",,,1704,,,,,,,"CHUCK MURTHY",,"E2/1704",,0,,,,,,,,
"MERRY MONKEYS FIRST NUMBER FUN",,,"PLAY MORE INC.",,,1706,,,,,,,,,"E2/1706",,0,,,,,,,,
"SCROOGE AND THE GOLDEN EGGS VOL 5",,,"A BANTAM BOOK",,,1707,,,,,,,"DIANE NAMM",,"E2/1707",,0,,,,,,,,
"ARTHURS NEW PUPPY",,,"LITTLE BROWN & COMPANY",,,1708,,,,,,,"MAEC BROWN",,"E2/1708",,0,"$5.95 ",,,,,,,
"ON MY WAY WITH SESAME STREET VOL 9",,,"FUNK & WAGNALLS",,,1709,,,,,,,"DINA ANASTASIO",,"E2/1709",,0,,,,,,,,
"RIDE,FLOAT, AND FLY VOL 15",,,"A BANTAM BOOK",,,1710,,,,,,,,,"E2/1710",,0,,,,,,,,
"PARENTS GUIDE VOL 19",,,"ADVANCE PUBLISHERS",,,1711,,,,,,,,,"E2/1711",,0,,,,,,,,
"ON MY WAY WITH SESAME STREET VOL 14",,,"FUNK & WAGNALLS",,,1712,,,,,,,"MICHAELA MUNTEAN",,"E2/1712",,0,,,,,,,,
"101 DAKNATIANS PROUD TO BE A PUP VOL 2",,,"ADVANCE PUBLISHERS",,,1713,,,,,,,,,"E2/1713",,0,,,,,,,,
"FLIK THE INVENTOR VOL 1",,,"ADVANCE PUBLISHERS",,,1714,,,,,,,"VICTORIA SAXON",,"E2/1714",,0,,,,,,,,
"DANALD AND THE FROG VOL 17",,,"ADVANCE PUBLISHERS",,,1715,,,,,,,,,"E2/1715",,0,,,,,,,,
"THE TWO BEAT FRIENDS",,,"WORKMAN PUBLISHING",,,1716,,,,,,,"ELIZABETH KODA-CALLAN",,"E2/1716",,0,,,,,,,,
"MARTI AND THE MANGO",,,"WORKMAN PUBLISHING",,,1717,,,,,,,"DANIEL MORETON",,"E2/1717",,0,,,,,,,,
"THE LITTLE RED HEN",,,"CHILDDREN S CHOICE BOOK CLUB",,,1718,,,,,,,"CINDY WEST",,"E2/1718",,0,,,,,,,,
"THE RAVEN",,,"CREATIVE CHILD PRESS",,,1719,,,,,,,"CARL R. GREEN",,"E2/1719",,0,,,,,,,,
"JANE EYRE",,,"MODERN PUBLISHING",,,1720,,,,,,,"CHARLOTTE BRONTE",,"E2/1720",,0,250,,,,,,,
"THE PRINCE AND THE PAUPER",,,"THE WALT DISNEY COMPANY",,,1721,,,,,,,,,"E2/1721",,0,,,,,,,,
"THE ADVENTURES OF POCAHONTAS INDIAN PRINCESS",,,"GRANDREAMS BOOKS LIMITED",,,1722,,,,,,,"W.S. CRAIG",,"E2/1722",,0,50,,,,,,,
"BERT AND THE BROKEN TEAPOT",,,"GOLDEN BOOKS PUBLISHING CO.,",,,1723,,,,,,,"TISH SOMMERS",,"E2/1723",,0,,,,,,,,
"MICKEYS BOOK OF TRUCKS",,,"CREATIVE CHILD PRESS",,,1724,,,,,,,"ANDREA POSNER-SANCHEZ",,"E2/1724",,0,60,,,,,,,
"MY FRIENDS TIGGER & POOH",,,"PLAY MORE INC.",,,1725,,,,,,,,,"E2/1725",,0,60,,,,,,,
"BABY ANIMALS",,,"THE WALT DISNEY COMPANY",,,1726,,,,,,,,,"E2/1726",,0,20,,,,,,,
"GOOD NIGHT, SULLEY!",,,"THE WALT DISNEY COMPANY",,,1727,,,,,,,,,"E2/1727",,0,"$5.99 ",,,,,,,
"CINDERELLA",,,"SCHOLASTIC",,,1728,,,,,,,,,"E2/1728",,0,50,,,,,,,
"TALESPIN THE SEEDS OF VICTORY",,,"THE WALT DISNEY COMPANY",,,1731,,,,,,,,,"E2/1731",,0,,,,,,,,
"MICKEYS BOOK OF TRUCKS",,,"CREATIVE CHILD PRESS",,,1732,,,,,,,,,"E2/1732",,0,,,,,,,,
"THE WIGGLES COLD SPAGHETTI WESTERN",,,,,,1733,,,,,,,"GROSSET & DUNLAP",,"E2/1733",,0,,,,,,,,
"SPIKE AND MIKE",,,"GROLIER BOOKS",,,1734,,,,,,,"NANCY HALL ",,"E2/1734",,0,"$3 ",,,,,,,
"WINNIE-THE-POOH AND SOME BEES",,,"DUTTON CHILDREN S BOOK",,,1735,,,,,,,"A.A.MILLNE",,"E2/1735",,0,50,,,,,,,
"POOH AND PIGLET GO HUNTING ",,,"DUTTON CHILDREN S BOOK",,,1736,,,,,,,"A.A.MILLNE",,"E2/1736",,0,,,,,,,,
"WINNIE-THE-POOH AND HIS FRIENS",,,"THE WALT DISNEY COMPANY",,,1737,,,,,,,,,"E2/1737",,0,"$1.50 ",,,,,,,
"ARE YOU CURIOUS?",,,"HOUGHTON MIFFLIN COMPANY",,,1738,,,,,,,"H.A. REY",,"E2/1738",,0,,,,,,,,
"THE TAIL OF JEMIMA PIDDLE-DUCK",,,"F.WARNE&CO",,,1739,,,,,,,"BEATRIX POTTER",,"E2/1739",,0,,,,,,,,
"SKY HIGH",,,"PLAY MORE INC.",,,1740,,,,,,,"FRANCES WOSMEK",,"E2/1740",,0,50,,,,,,,
"BARBIE GIRLS BEST FRIEND",,,"BOOK CLUB",,,1741,,,,,,,,,"E2/1741",,0,,,,,,,,
"POOH HOW TO CATCH A HEFFAUMP",,,"THE WALT DISNEY COMPANY",,,1742,,,,,,,"MR.SANDERS",,"E2/1742",,0,70,,,,,,,
"FLOWER FAIRIES OF THE SUMMER",,,"PLAY MORE INC.",,,1743,,,,,,,"CICELY MARY BARKER",,"E2/1743",,0," ",,,,,,,
"THE BEREBSTAIN BEARS AND THE GREEN-EYED MONSTERS",,,"RANDOM HOUSE",,,1744,,,,,,,"STAN & JAN BERENSTAIN",,"E2/1744",,0,40,,,,,,,
"WINNIE-THE-POOH AND TIGGER TOO",,,"THE WALT DISNEY COMPANY",,,1745,,,,,,,"A.A.MILLNE",,"E2/1745",,0,,,,,,,,
"BARNEYS HOURSE ",,,"HYPER COLLINS PUBLISHERS",,,1746,,,,,,,"SYD HOFF",,"E2/1746",,0,,,,,,,,
"OH, THE THINKS YOU CAN THINK!",,,"BIGINNER BOOKS",,,1747,,,,,,,"DR.SEUSS",,"E2/1747",,0,,,,,,,,
"THINGS THAT GO",,,"WORLD INTERNATIONAL PUBLISHING LTD.",,,1748,,,,,,,"BRENDA APSLEY",,"E2/1748",,0,,,,,,,,
"PINOCCHIO AND HIS PUPPET SHOW ADVENTURE",,,"RANDOM HOUSE",,,1749,,,,,,,,,"E2/1749",,0,,,,,,,,
"JACK AND RICK LEVEL 1",,,"GRANDREAMS BOOKS LIMITED",,,1750,,,,,,,"DAVID MCPHAIL",,"E2/1750",,0,"$2.49 ",,,,,,,
"GRANDMAS AT BAT",,,"HYPER COLLINS PUBLISHERS",,,1751,,,,,,,"EMILY ARNOLD MUCULLY",,"E2/1751",,0,70,,,,,,,
"TEDDY NEAR FAIR",,,"CREATIVE CHILD PRESS",,,1752,,,,,,,"ALAN SIEWERT",,"E2/1752",,0,60,,,,,,,
"SCROOGES SILLY DAY VOL 14",,,"A BANTAM BOOK",,,1753,,,,,,,"JUSTINE KORAMAN",,"E2/1753",,0,,,,,,,,
"THE MAGIC SCHOOL BUS",,,"SCHOLASTIC",,,1754,,,,,,,"JOANNA COLE",,"E2/1754",,0,,,,,,,,
"MAGIC IN THE MAKING VOL 12",,,"ADVANCE PUBLISHERS",,,1755,,,,,,,,,"E2/1755",,0,100,,,,,,,
"THE BIGGEST SNOWBALL EVER! ",,,"SCHOLASTIC",,,1756,,,,,,,"JOHN ROGAN",,"E2/1756",,0,"$2 ",,,,,,,
"TWO WAYS TO COUNT TO TEN",,,"HOUGHTON MIFFLIN COMPANY",,,1757,,,,,,,"RUBY DEE",,"E2/1757",,0,,,,,,,,
"SILLY STORIES TO TICKLE YOUR FUNNY BONE",,,"SESAME STREET",,,1758,,,,,,,,,"E2/1758",,0,"$3.99 ",,,,,,,
"THE BAD IM TAKING TO GRANDMAS",,,,,,1759,,,,,,,"SHIRLEY NEITZEL",,"E2/1759",,0,,,,,,,,
"PEACOCK PALACE SCOOP",,,"HOUGHTON MIFFLIN COMPANY",,,1760,,,,,,,"ELIZABETH LAIRD",,"E2/1760",,0,,,,,,,,
"HUEY, DEWEY, AND LOUIE MEET THE WITCH VOL 11",,,"THE WALT DISNEY COMPANY",,,1761,,,,,,,,,"E2/1761",,0,100,,,,,,,
"GOOFYS GAGS",,,"RANDOM HOUSE",,,1762,,,,,,,,,"E2/1762",,0,30,,,,,,,
"HOW TO HANDLE A VIVID IMAGINATION",,,"RED WAGON BOOKS",,,1763,,,,,,,"SALLY FARRELL ODGERS",,"E2/1763",,0,,,,,,,,
"LADY AND THE TRAMP",,,"RANDOM HOUSE",,,1764,,,,,,,,,"E2/1764",,0,30,,,,,,,
"FIVE LITTLE SHARKS SWIMMING IN THE SEA",,,"SCHOLASTIC",,,1765,,,,,,,"STEVE METZGER",,"E2/1765",,0,"$3.99 ",,,,,,,
"TIME TO READ",,,"WORLD INTERNATIONAL PUBLISHING LTD.",,,1766,,,,,,,,,"E2/1766",,0,,,,,,,,
"UNCLE SCROOGE COMES HOME VOL 17",,,"ADVANCE PUBLISHERS",,,1767,,,,,,,,,"E2/1767",,0,,,,,,,,
"PARTS ",,,"DIAL BOOKS FOR YOUNG READERS",,,1769,,,,,,,"TEDD ARNOLD",,"E2/1769",,0,70,,,,,,,
"THE TALE OF THE FLOPSY BUNNIES",,,"READER DIGEST",,,1770,,,,,,,"BEATRIX POTTER",,"E2/1770",,0,,,,,,,,
"BLUES RAINY DAY MUSIC BOOK 2",,,"ADVANCE PUBLISHERS",,,1771,,,,,,,"RONALD KIDD",,"E2/1771",,0,,,,,,,,
"HORSE",,,"DORLING KINDERSLEY",,,1772,,,,,,,,,"E2/1772",,0,,,,,,,,
"CARLS BIRTHDAY ",,,"MODERN PUBLISHING",,,1773,,,,,,,"ALEXANDRA DAY",,"E2/1773",,0,"$1.49 ",,,,,,,
"POKEMON CREATE & TRACE 2",,,"SCHOLASTIC",,,1774,,,,,,,,,"E2/1774",,0,60,,,,,,,
"ALIENS LOVE UNDERPANTS",,,"SCHOLASTIC",,,1775,,,,,,,"CLAIRE FREEDMAN ",,"E2/1775",,0,50,,,,,,,
"GAMES & ACTIVITIES NUMBER 1",,,"RED WAGON BOOKS",,,1776,,,,,,,,,"E2/1776",,0,"$1 ",,,,,,,
"FUN WITH BOOKS",,,"ELECTRONIC EDUCATION",,,1777,,,,,,,"JOY EVANS ",,"E2/1777",,0,,,,,,,,
"SNOW",,,"GOLDEN BOOKS PUBLISHING CO.,",,,1778,,,,,,,"NANCY ELIZABETH WALLACE",,"E2/1778",,0,100,,,,,,,
"PUZZLEMANIA",,,"HEIGHLIGHTS FOR CHILDREN",,,1779,,,,,,,,,"E2/1779",,0,70,,,,,,,
"GROVERS BOOK OF CUTE LITTLE BABY ANIMALS",,,"WESTERN PUBLISHING COMPANY",,,1780,,,,,,,"B.G. FORD",,"E2/1780",,0,,,,,,,,
"THE UELVETEEN RABBIT",,,"SIMON AND SCHUSTER SPOTLIGHT",,,1781,,,,,,,"MARGERY WILLIAMS",,"E2/1781",,0,"$11 ",,,,,,,
"MAGNIFYING GLASS",,,"WEEKLY READER BOOKS",,,1782,,,,,,,"KATHRYN PERSCH",,"E2/1782",,0,,,,,,,,
"THE LION KING",,,"THE WALT DISNEY COMPANY",,,1783,,,,,,,,,"E2/1783",,0,,,,,,,,
"SNOW WHAT FUN! ",,,"HALLMARK GIFT BOOK",,,1784,,,,,,,"CHERYL HAWKINSON",,"E2/1784",,0,"$3.99 ",,,,,,,
"I WENT WALKING",,,"MACMILLAN , INC",,,1785,,,,,,,"SUE WILLIAMS",,"E2/1785",,0,70,,,,,,,
"CORDUROY",,,"TIME-LIFE BOOKS",,,1786,,,,,,,"DON FREEMAN",,"E2/1786",,0,,,,,,,,
"LION FAMILY",,,"MAKE BELIVES IDEAS",,,1787,,,,,,,"JANE GOODALL",,"E2/1787",,0,70,,,,,,,
"READER BEWARE? ROU CHOOSE THE SCARE!",,,"SCHOLASTIC",,,1788,,,,,,,"R.L. STINE",,"E2/1788",,0,"$3.99 ",,,,,,,
"CLIFFORD GOES TO DOG SCHOOL",,,"SCHOLASTIC",,,1789,,,,,,,"NORMAN BIRDWELL",,"E2/1789",,0,40,,,,,,,
"WHAT MOMS CANT DO",,,"SCHOLASTIC",,,1790,,,,,,,"DOUGLAS WOOD",,"E2/1790",,0,,,,,,,,
"101 SCHOOL CAFETERIA JOKES",,,"SCHOLASTIC",,,1792,,,,,,,"JOVIAL BOB STINE",,"E2/1792",,0,"$1.99 ",,,,,,,
"A VERY SCARY GHOST STORY",,,"SCHOLASTIC",,,1793,,,,,,,"JOANNE BARKAN",,"E2/1793",,0,10,,,,,,,
"101 OUTER SAPCE JOKES",,,"SCHOLASTIC",,,1794,,,,,,,"SONIA BLACK",,"E2/1794",,0,,,,,,,,
"IF I RAN THE SCHOOL",,,"SCHOLASTIC",,,1795,,,,,,,"BRUCE LANSKY",,"E2/1795",,0,10,,,,,,,
"2050 VOYAGE OF THE STARSEEKER",,,"SCHOLASTIC",,,1796,,,,,,,"ELAINE RAPHAEL",,"E2/1796",,0,50,,,,,,,
"NAN THE ANT",,,"SCHOLASTIC",,,1797,,,,,,,"ELLEN TARLOW",,"E2/1797",,0,,,,,,,,
"THE MAGIC SCHOOL BUS INSIDE THE EARTH",,,"SCHOLASTIC",,,1798,,,,,,,"JOANNA COLE",,"E2/1798",,0,40,,,,,,,
"THE SILLY STORY OF A FLEA AND HIS DOG",,,"SCHOLASTIC",,,1799,,,,,,,"FAITH MCNULTY",,"E2/1799",,0,"$4.80 ",,,,,,,
"COURAGE THE NORTH WIND",,,"PUBLICATIONS INTERNATIONAL, LTD.",,,1800,,,,,,,"SARAH TOAST",,"E2/1800",,0,,,,,,,,
"THE QUITE QUAIL",,,"SCHOLASTIC",,,1801,,,,,,,"HEATHER FELDMAN",,"E2/1801",,0,"$2.25 ",,,,,,,
"THE LITTLE PUPPY",,,"RANDOM HOUSE",,,1804,,,,,,,"JUDY DUMM",,"E2/1804",,0,"$3.25 ",,,,,,,
"THE GINGEBREAD MAN",,,"SCHOLASTIC",,,1805,,,,,,,"KAREN LEE SCHMIDT",,"E2/1805",,0,"$3.25 ",,,,,,,
"MOVING DAY",,,"RANDOM HOUSE",,,1806,,,,,,,"STAN & JAN BERENSTAIN",,"E2/1806",,0,40,,,,,,,
"HUGGLY TAKES A BATH",,,"SCHOLASTIC",,,1807,,,,,,,"TEDD ARNOLD",,"E2/1807",,0,"$3.99 ",,,,,,,
"TIME FOR SCHOOL, LITTLE DINOSAUR",,,"RANDOM HOUSE",,,1808,,,,,,,"GAIL HERMAN",,"E2/1808",,0,40,,,,,,,
"COWBOYS",,,"GROSSET & DUNLAP",,,1809,,,,,,,"LUCILLE RECHT PENNER",,"E2/1809",,0,"$2.95 ",,,,,,,
"THE NIGHT BEFORE KINDERGANTEN",,,"GROSSET & DUNLAP",,,1810,,,,,,,"NATASHA WING",,"E2/1810",,0,40,,,,,,,
"OUR EARTH",,,"SCHOLASTIC",,,1811,,,,,,,"ANNE ROCKWELL",,"E2/1811",,0,70,,,,,,,
"MY FIRST ACTION RHYMES",,,"SCHOLASTIC",,,1812,,,,,,,"LYNNE CRAVATH",,"E2/1812",,0,,,,,,,,
"FUZZY WUZZY BUNNY TAILS",,,"GROSSET & DUNLAP",,,1813,,,,,,,"RAEGAN RANDOLPH",,"E2/1813",,0,"$4.99 ",,,,,,,
"JECUEL THE UNICORN",,,"GROSSET & DUNLAP",,,1814,,,,,,,"JENNIFER DUSSLING",,"E2/1814",,0,"$3.90 ",,,,,,,
"WORLD OF FRIENDS",,,"GROSSET & DUNLAP",,,1815,,,,,,,"MEGAN E. BRYANT",,"E2/1815",,0,"$4.99 ",,,,,,,
"THE DAY NOBODY SHARED",,,"SCHOLASTIC",,,1816,,,,,,,"NANCY PARENTS",,"E2/1816",,0,,,,,,,,
"PLESE AND THANK YOU BOOK",,,"RANDOM HOUSE",,,1817,,,,,,,"RICHARD SCARRY",,"E2/1817",,0,"$2.25 ",,,,,,,
"THE NIFHT BEFORE FIRST GRADE",,,"SCHOLASTIC",,,1818,,,,,,,"NATASHA WING",,"E2/1818",,0,40,,,,,,,
"THE MAGIC CARPET RIDE",,,"GROSSET & DUNLAP",,,1819,,,,,,,"JENNIFER DUSSLING",,"E2/1819",,0,"$3.99 ",,,,,,,
"THE TASTY TALE OF CHEWANDSWALLOW",,,"SIMON AND SCHUSTER SPOTLIGHT",,,1820,,,,,,,"RICK BARBA",,"E2/1820",,0,"$3.99 ",,,,,,,
"THE WONDERFUL WIZARD OF OZ",,,"MODERN PUBLISHING",,,1821,,,,,,,,,"E2/1821",,0,"$2.50 ",,,,,,,
"JACK AND THE BEANSTALK",,,"MODERN PUBLISHING",,,1822,,,,,,,,,"E2/1822",,0,40,,,,,,,
"CINDERELLA",,,"GROSSET & DUNLAP",,,1823,,,,,,,"MEGAN E. BRYANT",,"E2/1823",,0,40,,,,,,,
"DIZZY AND MUCK WORK IT OUT",,,"SIMON AND SCHUSTER SPOTLIGHT",,,1824,,,,,,,"ANNE AUERBACH",,"E2/1824",,0,40,,,,,,,
"TWEETYS HIGH-FLYING ADVENTURE",,,"SCHOLASTIC",,,1826,,,,,,,"TOM MINTON",,"E2/1826",,0,40,,,,,,,
"A VERY SPECIAL CROTTER",,,"WESTERN PUBLISHING COMPANY",,,1827,,,,,,,"GINA AND MERCER MAYER",,"E2/1827",,0,40,,,,,,,
"BOUNCE AROUND, TIGGER!",,,"GOLDEN BOOKS PUBLISHING CO.,",,,1828,,,,,,,"ANN BRAYBROOKS",,"E2/1828",,0,40,,,,,,,
"JUST GOING TO THE DENTIST",,,"GOLDEN BOOKS PUBLISHING CO.,",,,1829,,,,,,,"MERCER MAYER",,"E2/1829",,0,"$3.29",,,,,,,
"DINIOFOURS LET ME PLAY!",,,"SCHOLASTIC",,,1831,,,,,,,"STEVE METZGER",,"E2/1831",,0,"$3.29 ",,,,,,,
"THE HORNED SINOSAUR",,,"GOLDEN BOOKS PUBLISHING CO.,",,,1832,,,,,,,"MICHAEL BERENSTAIN",,"E2/1832",,0,"$2.25",,,,,,,
"THE BEREBSTAIN BEARS AND THE TRUTH",,,"RANDOM HOUSE",,,1834,,,,,,,"STAN & JAN BERENSTAIN",,"E2/1834",,0,"$3.25",,,,,,,
"LITTLE STAR",,,"SIMON AND SCHUSTER SPOTLIGHT",,,1835,,,,,,,"SARAH WILLSON",,"E2/1835",,0,,,,,,,,
"MY FIRST ACTION RHYMES",,,"SCHOLASTIC",,,1836,,,,,,,"LYNNE CRAVATH",,"E2/1836",,0,40,,,,,,,
"THE EMPEROES NEW GROOVE",,,"GOLDEN BOOKS PUBLISHING CO.,",,,1837,,,,,,,"CATHERINE MCCAFFERTY",,"E2/1837",,0,40,,,,,,,
"TURTLES",,,"RANDOM HOUSE",,,1838,,,,,,,"J.K.ROSSER",,"E2/1838",,0,40,,,,,,,
"THE TOUBLE WITH MOM",,,"SCHOOL ZONE",,,1840,,,,,,,"BABETTET COLE",,"E2/1840",,0,"$5.95",,,,,,,
"DARA SAVES MERMAID KINGDOM!",,,"SIMON AND SCHUSTER SPOTLIGHT",,,1841,,,,,,,"MICHAEL TEITELBAUM",,"E2/1841",,0,40,,,,,,,
"JUSTICE LEAGUE",,,"DALMATIAN PRESS",,,1842,,,,,,,"BRIAN AUGUSTYN",,"E2/1842",,0,30,,,,,,,
"COUNT ON CLIFFORD",,,"SCHOLASTIC",,,1843,,,,,,,"NORMAN BIRDWELL",,"E2/1843",,0,"$3.50",,,,,,,
"THE MAGIC SCHOOL BUS PLANTS SEEDS",,,"SCHOLASTIC",,,1844,,,,,,,"JOANNA COLE",,"E2/1844",,0,40,,,,,,,
"JUST MY CAMERA AND ME",,,"AMEX COMPANY LIMITED",,,1845,,,,,,,"GINA AND MERCER MAYER",,"E2/1845",,0,40,,,,,,,
"JUST GOING TO THE DENTIST",,,"SCHOLASTIC",,,1846,,,,,,,"MERCER MAYER",,"E2/1846",,0,,,,,,,,
"THE LITTLEST PILGRIM",,,"SCHOLASTIC",,,1847,,,,,,,"BRANDI DOUGHERTY",,"E2/1847",,0,40,,,,,,,
"MY LITTLE PONY",,,"HYPER COLLINS PUBLISHERS",,,1848,,,,,,,"JODI HUELIN",,"E2/1848",,0,"$3.50",,,,,,,
"CLIFFORD TAKES A TRIP",,,"SCHOLASTIC",,,1849,,,,,,,"NORMAN BIRDWELL",,"E2/1849",,0,40,,,,,,,
"CLIFFORDS PALS",,,"SCHOLASTIC",,,1850,,,,,,,"NORMAN BIRDWELL",,"E2/1850",,0,40,,,,,,,
"JUST GRANDPA AND ME",,,"GOLDEN BOOKS PUBLISHING CO.,",,,1851,,,,,,,"MERCER MAYER",,"E2/1851",,0,,,,,,,,
"WHEN IM FEELING ANGERY",,,"A FRIST TIME BOOK",,,1852,,,,,,,"TRACE MORONEY",,"E2/1852",,0,40,,,,,,,
"TROUBLES WITH BUBBLES",,,"SCHOLASTIC",,,1854,,,,,,,"FRANK B. EDWARDS",,"E2/1854",,0,,,,,,,,
"BEAVER STREAM",,,"SIMON AND SCHUSTER SPOTLIGHT",,,1855,,,,,,,"MARILYN F. HOLMER",,"E2/1855",,0,,,,,,,,
"THE LITTLE PENGUNIN",,,"SCHOLASTIC",,,1856,,,,,,,"A. J. WOOD",,"E2/1856",,0,,,,,,,,
"ELMO LOVES YOU!",,,"DALMATIAN PRESS",,,1858,,,,,,,"SARAH ALBEE",,"E2/1858",,0,30,,,,,,,
"LITTLE BLUE AND LITTLE YELLOW",,,"SCHOLASTIC",,,1859,,,,,,,"LEO LIONNI",,"E2/1859",,0,40,,,,,,,
"AT THE CARNIVAL",,,"SIMON AND SCHUSTER SPOTLIGHT",,,1860,,,,,,,"LESLIES VALDES",,"E2/1860",,0,40,,,,,,,
"THE TEACHER FROM THE BLACK LAGOON",,,"SCHOLASTIC",,,1861,,,,,,,"MIKE THALER",,"E2/1861",,0,40,,,,,,,
"NO GIRLS ALLOWED",,,"RANDOM HOUSE",,,1862,,,,,,,"STAN & JAN BERENSTAIN",,"E2/1862",,0,40,,,,,,,
"WHATS BUGGING BUBBLES?",,,"SCHOLASTIC",,,1864,,,,,,,"TRACEY WEST",,"E2/1864",,0,"$3.99",,,,,,,
"BEAUTY AND THE MEAST",,,"GOLDEN BOOKS PUBLISHING CO.,",,,1867,,,,,,,"MICHAEL TEITELBAUM",,"E2/1867",,0,"$0.99",,,,,,,
"JUST ME AND MY LITTLE BROTHER",,,"GOLDEN BOOKS PUBLISHING CO.,",,,1869,,,,,,,"MERCER MAYER",,"E2/1869",,0,40,,,,,,,
"GERALDINES BIG SNOW",,,"SCHOLASTIC",,,1872,,,,,,,"HOLLY KELLER",,"E2/1872",,0,,,,,,,,
"CHICKENS ARENT THE ONLY ONES",,,"SCHOLASTIC",,,1873,,,,,,,"RUTH HELLER",,"E2/1873",,0,,,,,,,,
"IT TAKES TWO",,,"SCHOLASTIC",,,1874,,,,,,,"NANCY E. KRULIK",,"E2/1874",,0,40,,,,,,,
"FRANKLINS SECRET CULB",,,"SCHOLASTIC",,,1875,,,,,,,"PAULETTE BOURGEOIS",,"E2/1875",,0,40,,,,,,,
"THE LITTLE SNOWFLAKE",,,"SCHOLASTIC",,,1877,,,,,,,"STEVE METZGER",,"E2/1877",,0,30,,,,,,,
"AGENT SECRET",,,"SIMON AND SCHUSTER SPOTLIGHT",,,1879,,,,,,,"TC SCHWANDA",,"E2/1879",,0,"$3.99 ",,,,,,,
"CURIOUS GEORGE GOES TO THE BEACH",,,"HOUGHTON MIFFLIN COMPANY",,,1880,,,,,,,"MARGRET",,"E2/1880",,0,"$3.95 ",,,,,,,
"IN THE HAUNTED MUSEUM",,,"SCHOLASTIC",,,1881,,,,,,,"JOANNA COLE",,"E2/1881",,0,40,,,,,,,
"LOVE YOU FOREVER",,,"FIRE FLY BOOKS",,,1884,,,,,,,"ROBERT MUNSCH",,"E2/1884",,0,40,,,,,,,
"RUGRATS BLAST OFF!",,,"SIMON AND SCHUSTER SPOTLIGHT",,,1886,,,,,,,"SETPHANIE ST. PIERRE",,"E2/1886",,0,"$3.25 ",,,,,,,
"SNOW WHITE AND THE SEVEN DWARFS",,,"THE WALT DISNEY COMPANY",,,1887,,,,,,,,,"E2/1887",,0,,,,,,,,
"CLIFFORD GOES TO DOG SCHOOL",,,"SCHOLASTIC",,,1888,,,,,,,"NORMAN BIRDWELL",,"E2/1888",,0,"$3.50 ",,,,,,,
"DADDY FIXES THE VACUUM CLEANER",,,"WONDERFUL WORLD READING",,,1889,,,,,,,"ROBERT SCOTELLARO",,"E2/1889",,0,"$2.99 ",,,,,,,
"GOBBLE,GOBBLE, GIGGLE",,,"HYPER COLLINS PUBLISHERS",,,1890,,,,,,,"KATY HALL",,"E2/1890",,0,40,,,,,,,
"KITTENS ARE LIIKE THAT",,,"RANDOM HOUSE",,,1893,,,,,,,"JAN PFLOOG",,"E2/1893",,0,,,,,,,,
"MEET DIEGO!",,,"SIMON AND SCHUSTER SPOTLIGHT",,,1894,,,,,,,"LESLIES VALDES",,"E2/1894",,0,40,,,,,,,
"BLUES BIG BIRTHDAY",,,"SCHOLASTIC",,,1895,,,,,,,"ANGELA C.SANTOMERO",,"E2/1895",,0,30,,,,,,,
"PETER PAN",,,"THE WALT DISNEY COMPANY",,,1896,,,,,,,,,"E2/1896",,0,"$3.99 ",,,,,,,
"CLIFFORS GOES TO WASHINGTON",,,"SCHOLASTIC",,,1897,,,,,,,"NORMAN BIRDWELL",,"E2/1897",,0,40,,,,,,,
"SCOOBY-DOO! AND THE CREEPY CHEF",,,"SCHOLASTIC",,,1898,,,,,,,"JESSE LEON MCCANN",,"E2/1898",,0,"$3.99 ",,,,,,,
"AARONS HAIR",,,"SCHOLASTIC",,,1899,,,,,,,"ROBERT MUNSCH",,"E2/1899",,0,40,,,,,,,
"CLIFFORDS FAMILY",,,"SCHOLASTIC",,,1900,,,,,,,"NORMAN BIRDWELL",,"E2/1900",,0,"$3.99 ",,,,,,,
"FEELINGS ",,,"SCHOLASTIC",,,1901,,,,,,,,,"E2/1901",,0,"RS 60",,,,,,,
"OH, BROTHER IT?S THE EASTER BUNNY",,,"MOUSE&WORKS",,,1902,,,,,,,,,"E2/1902",,0,"US$4.98",,,,,,,
"POOHS SUNNY DAY",,,"THE WALT DISNEY COMPANY",,,1903,,,,,,,"NANCY PARENT",,"E2/1903",,0,"RS30",,,,,,,
"TEACH ME ABOUT FRIENDS",,,"GROLIER BOOKS",,,1904,,,,,,,"JOY BERRY",,"E2/1904",,0,,,,,,,,
"MOUSEKINS SPECIAL DAY",,,"CHILDDREN S CHOICE BOOK CLUB",,,1905,,,,,,,"JANE BELK MONCURE",,"E2/1905",,0,"RS 70",,,,,,,
"MY FIRST ANIMAL RIDE",,,"Award Publications",,,1906,,,,,,,"JULIA ALLEN",,"E2/1906",,0,,,,,,,,
"OH THE THINKS YOU CAN THINK",,,"BIGINNER BOOKS",,,1907,,,,,,,"DR. SEUSS",,"E2/1907",,0,"RS 50",,,,,,,
"101 DALMATIANS",,,"THE WALT DISNEY COMPANY",,,1908,,,,,,,,,"E2/1908",,0,,,,,,,,
"BARBIE IN THE 12 DANCING",,,"RANDOM HOUSE",,,1909,,,,,,,"MARY MAN KONG",,"E2/1909",,0,"US$2.50",,,,,,,
"THE AIRSHIP",,,"WORLD INTERNATIONAL PUBLISHING LTD.",,,1910,,,,,,,"KEN FORSSE",,"E2/1910",,0,"RS 60",,,,,,,
"IM GLAD I M ME",,,"SCHOLASTIC",,,1911,,,,,,,"JACK PRELUTSKY ",,"E2/1911",,0,,,,,,,,
"CLIFFORDS BIRTHDAY PARTY",,,"SCHOLASTIC",,,1912,,,,,,,"NORMAN BRIDWELL",,"E2/1912",,0,,,,,,,,
"FLY HIGH FLY GUY",,,"SCHOLASTIC",,,1913,,,,,,,"TEDD ARNOLD",,"E2/1913",,0,"RS 50",,,,,,,
"BARBIE MARIPOSA",,,"RANDOM HOUSE",,,1914,,,,,,,"ELISE ALLEN",,"E2/1914",,0,"US$3.99",,,,,,,
"A VISIT TO THE SESAME STREET FIREHOUSE ",,,"RANDOM HOUSE",,,1915,,,,,,,"DAN ELLIOTT",,"E2/1915",,0,,,,,,,,
"ALICE THE FAIRY",,,"SCHOLASTIC",,,1916,,,,,,,"DAVID SHANNON",,"E2/1916",,0,"RS 60",,,,,,,
"SNOWMEN AT NIGHT",,,"SCHOLASTIC",,,1917,,,,,,,"CARALYN BUEHNER",,"E2/1917",,0,,,,,,,,
"MOOSELTOE",,,"SCHOLASTIC",,,1918,,,,,,,"HENRY COLE",,"E2/1918",,0,"RS 60",,,,,,,
"THE DOG WHO CRIED WOLF",,,"SCHOLASTIC",,,1919,,,,,,,"KEIKO KASZA",,"E2/1919",,0,"RS 50",,,,,,,
"CHARLIE THE TRAMP",,,"SCHOLASTIC",,,1920,,,,,,,"RUSSELL HOBAN",,"E2/1920",,0,"RS 40",,,,,,,
"FOR GRAND PARENTS DAY",,,"SCHOLASTIC",,,1921,,,,,,,"NANCY CARLSON",,"E2/1921",,0,,,,,,,,
"I CANT SLEEP",,,"SCHOLASTIC",,,1922,,,,,,,"TIM WARNES",,"E2/1922",,0,,,,,,,,
"IRELANDS FOLK LEGENDS",,,"A FRIST TIME BOOK",,,1924,,,,,,,,,"E2/1924",,0,,,,,,,,
"SNOW BEARS ",,,"SCHOLASTIC",,,1926,,,,,,,"MARTIN WADDELL",,"E2/1926",,0,,,,,,,,
"MONSTER BY MISTAKE",,,"WONDERFUL WORLD READING",,,1927,,,,,,,,,"E2/1927",,0,"US$2.94",,,,,,,
"SHOVELING SNOW",,,"SCHOLASTIC",,,1928,,,,,,,"PAT CUMMINGS",,"E2/1928",,0,"RS 50",,,,,,,
"ENGINE ENGINE NUMBER NINE",,,"SCHOLASTIC",,,1929,,,,,,,"PAUL MEISEL",,"E2/1929",,0,,,,,,,,
"FLANNEL KISSES",,,"MAC GRAW HILL COMPANIES",,,1930,,,,,,,"LINDA CROTTA BRENNAN",,"E2/1930",,0,"RS 40",,,,,,,
"THE TERRIBLE THING THAT HAPPENED AT OUR HOUSE",,,"SCHOLASTIC",,,1931,,,,,,,"MARGE BLAINE",,"E2/1931",,0,"RS 60",,,,,,,
"THE PRINCIPAL FROM THE BLACK LAGOON",,,"SCHOLASTIC",,,1932,,,,,,,"MIKE THALER",,"E2/1932",,0,"RS 40",,,,,,,
"CURIOUS GEORGE GOES FISHING",,,"SCHOLASTIC",,,1933,,,,,,,"MARGRET AND H.A. REYS",,"E2/1933",,0,,,,,,,,
"IF YOU GIVE A MOUSE A COOKIE",,,"SCHOLASTIC",,,1934,,,,,,,"LAURA JOFFE NUMEROFF",,"E2/1934",,0,"RS 40",,,,,,,
"THE LITTLE PINK PIG",,,"SCHOLASTIC",,,1935,,,,,,,"LIZA CHARLESWORTH",,"E2/1935",,0,"RS 60",,,,,,,
"THE SHARK WHO WAS AFRAID OF EVERYTHING",,,"SCHOLASTIC",,,1936,,,,,,,"BRIAN JAMES",,"E2/1936",,0,"RS 40",,,,,,,
"THE ZOO BOOK",,,"GOLDEN BOOKS PUBLISHING CO.,",,,1937,,,,,,,"JAN PFLOOG",,"E2/1937",,0,"RS 30",,,,,,,
"CLIFFORD GETS A JOB",,,"SCHOLASTIC",,,1938,,,,,,,"NORMAN BRIDWELL",,"E2/1938",,0,,,,,,,,
"THE LITTLE RED HEN",,,"SCHOLASTIC",,,1939,,,,,,,"PHILEMON STURGES",,"E2/1939",,0,,,,,,,,
"HAVE YOU GOT MY PURR?",,,"SCHOLASTIC",,,1940,,,,,,,"JUDY WEST",,"E2/1940",,0,"US$3.99",,,,,,,
"WHERE THE WILD THINGS ARE",,,"SCHOLASTIC",,,1941,,,,,,,"MAURICE SENDAK",,"E2/1941",,0,,,,,,,,
"SI LE DAS UNA GALLETITA A UN RATON",,,"SCHOLASTIC",,,1942,,,,,,,"LAURA JOFFE NUMEROFF",,"E2/1942",,0,,,,,,,,
"MOOLY THE BRAVE AND ME",,,"RANDOM HOUSE",,,1943,,,,,,,"JANE O CONNOR",,"E2/1943",,0,"RS 60",,,,,,,
"FRIENDSHIP SECRET",,,"SCHOLASTIC",,,1944,,,,,,,"SUZANNE WEYN",,"E2/1944",,0,"RS 50",,,,,,,
"SNACK SNATCHER",,,"SCHOLASTIC",,,1945,,,,,,,"CAIL HERMAN",,"E2/1945",,0,"US$3.99",,,,,,,
"POOHS PUMPKIN",,,"THE WALT DISNEY COMPANY",,,1946,,,,,,,"ISABEL GAINES",,"E2/1946",,0,"US$3.95",,,,,,,
"GOODNIGHT MOON",,,"HYPER COLLINS PUBLISHERS",,,1947,,,,,,,"MARGARET WISE BROWN",,"E2/1947",,0,,,,,,,,
"ANGELINA BALLERINA",,,"CHILDDREN S CHOICE BOOK CLUB",,,1948,,,,,,,"HELEN CRAIG",,"E2/1948",,0,"RS 70",,,,,,,
"PREP COURSE",,,"AMEX COMPANY LIMITED",,,1949,,,,,,,"GAYLE KOWALCHYK",,"E2/1949",,0,,,,,,,,
"KISS KISS",,,"SCHOLASTIC",,,1950,,,,,,,"MARGET WILD$BRIDGET STREVENS MARZO",,"E2/1950",,0,"RS60",,,,,,,
"CLIFFORD TO THE RESCUE",,,"SCHOLASTIC",,,1951,,,,,,,"NORMAN BRIDEWELL",,"E2/1951",,0,"US$ 3.99",,,,,,,
"POLITE AS A PRINCESS",,,"RANDOM HOUSE",,,1952,,,,,,,"MELISSA ARPS",,"E2/1952",,0,"US$3.59",,,,,,,
"FAMILY",,,"HEALTHY KIDS",,,1953,,,,,,,"CAROL A. JOHNSON",,"E2/1953",,0,"RS 50",,,,,,,
"WILLY NILLY",,,"STANDARD PUBLISHING COMPANY",,,1954,,,,,,,"MARIE LOUISE GAY",,"E2/1954",,0,"RS 60",,,,,,,
"HOW MANY HOW MANY",,,"CANDLEWICK PRESS",,,1955,,,,,,,"RICK WALTON",,"E2/1955",,0,"US$5.99",,,,,,,
"ICKY BUG COLOURS",,,"SCHOLASTIC",,,1956,,,,,,,"JERRY PALLOTTA",,"E2/1956",,0,"US$5.99",,,,,,,
"CINDERELLA",,,"PLAY MORE INC.",,,1957,,,,,,,,,"E2/1957",,0,,,,,,,,
"SAND CAKE",,,"PARENTS MAGAZINE PRESS",,,1958,,,,,,,,,"E2/1958",,0,,,,,,,,
"IM A BIG BROTHER",,,"MORROW JUNIOR BOOKS",,,1959,,,,,,,"JOANNA COLE",,"E2/1959",,0,"RS 50",,,,,,,
"I M WINNIE THE POOH",,,"GOLDEN BOOKS PUBLISHING CO.,",,,1960,,,,,,,"BETTY BIRNEY",,"E2/1960",,0,,,,,,,,
"JINGLE JANGLE",,,,,,1961,,,,,,,"BARRIE WADE",,"E2/1961",,0,,,,,,,,
"THE BED TIME BEAST",,,"RAINTREE CHILDRENS BOOKS",,,1962,,,,,,,"JAY HULBERT",,"E2/1962",,0,"RS 90",,,,,,,
"THE TEENY TINY GHOST",,,"SCHOLASTIC",,,1963,,,,,,,"KAY WINTERS",,"E2/1963",,0,,,,,,,,
"HAPPY BIRTHDAY BISCUIT",,,"HYPER COLLINS PUBLISHERS",,,1964,,,,,,,"ALYSSA SATIN CAPUCILLI",,"E2/1964",,0,"US$11.65",,,,,,,
"THINGS THAT GO",,,"GOLDEN BOOKS PUBLISHING CO.,",,,1966,,,,,,,"RICHARD SCARRY",,"E2/1966",,0,"RS40",,,,,,,
"THE DAY IT RAINED HEARTS",,,"SCHOLASTIC",,,1967,,,,,,,"FELICIA BOND",,"E2/1967",,0,"RS 50",,,,,,,
"OH BROTHER",,,"RANDOM HOUSE",,,1968,,,,,,,"TODD BRIGHT",,"E2/1968",,0,"US$3.99",,,,,,,
"MY DOG WILLY",,,"HOUGHTON MIFFLIN COMPANY",,,1969,,,,,,,"CATHERINE PETERS",,"E2/1969",,0,,,,,,,,
"JULIUS",,,"HYPER COLLINS PUBLISHERS",,,1970,,,,,,,"SYD HOFF",,"E2/1970",,0,,,,,,,,
"BEST FRIENDS",,,"SCHOLASTIC",,,1971,,,,,,,"QUINLAN B. LEE",,"E2/1971",,0,"RS 30",,,,,,,
"MY LOST TOOTH",,,"SCHOLASTIC",,,1972,,,,,,,"HANS WILHELM",,"E2/1972",,0,"US$3.99",,,,,,,
"THE WITCH GOES TO SCHOOL",,,"SCHOLASTIC",,,1973,,,,,,,"NORMAN BRIDWELL",,"E2/1973",,0,"RS 30",,,,,,,
"FIVE LITTLE MONKEYS",,,"SCHOLASTIC",,,1974,,,,,,,"EILEEN CHRISTELOW",,"E2/1974",,0,"RS 20",,,,,,,
"HARRY HATES SHOPPING",,,"SCHOLASTIC",,,1975,,,,,,,"RONDA AND DAVID ARMITAGE",,"E2/1975",,0,,,,,,,,
"ITCHY ITCHY CHICKEN POX",,,"SCHOLASTIC",,,1976,,,,,,,"GRACE MACCARONE",,"E2/1976",,0,,,,,,,,
"CURIOUS GEORGE GOES FISHING",,,"OCOPUS BOOKS LIMITED",,,1977,,,,,,,,,"E2/1977",,0,"US$ 3.99",,,,,,,
"RAIN FOREST",,,"SCHOLASTIC",,,1978,,,,,,,"ANN HARDY",,"E2/1978",,0,"RS 40",,,,,,,
"SHERMAN CAME FOR A VISIT",,,"MODERN PUBLISHING",,,1979,,,,,,,"SUSAN KOCHAN",,"E2/1979",,0,,,,,,,,
"WHERE S MY HUG",,,"SCHOLASTIC",,,1980,,,,,,,"AMY HEST",,"E2/1980",,0,,,,,,,,
"JUST A MESS",,,"RANDOM HOUSE",,,1981,,,,,,,"MERCER MAYER",,"E2/1981",,0,"RS 40",,,,,,,
"DORAS BACKPACK",,,"SIMON AND SCHUSTER SPOTLIGHT",,,1982,,,,,,,"ROBERT ROPER",,"E2/1982",,0,"US$ 3.99",,,,,,,
"TERRIFIC WAY TO HELP OUR WONDERFUL WORLD",,,"RANDOM HOUSE",,,1983,,,,,,,"ANNA ROSS",,"E2/1983",,0,"US$2.95",,,,,,,
"MOUSES FIRST SPRING",,,"SCHOLASTIC",,,1984,,,,,,,"LAUREN THOMPSON",,"E2/1984",,0,"RS 40",,,,,,,
"OWEN",,,"GRANDREAMS BOOKS LIMITED",,,1985,,,,,,,"KEVIN HENKES",,"E2/1985",,0,,,,,,,,
"DIZZY AND MUCK WORK IT OUT",,,"SCHOLASTIC",,,1986,,,,,,,,,"E2/1986",,0,,,,,,,,
"THE STORY DANIEL",,,"LANDOLL S INC.",,,1987,,,,,,,,,"E2/1987",,0,"RS 100",,,,,,,
"I LOVE YOU STINKY FACE",,,"TROLL ASSOCIATES",,,1988,,,,,,,"LISA MCCOURT",,"E2/1988",,0,"RS100",,,,,,,
"THAT TOAD IS MINE",,,"HYPER COLLINS PUBLISHERS",,,1989,,,,,,,"BARBARA SHOOK HAZEN",,"E2/1989",,0,"US$9.99",,,,,,,
"IF YOU TAKE A MOUSE TO SCHOOL",,,"HYPER COLLINS PUBLISHERS",,,1990,,,,,,,"LAURA NUMEROFF",,"E2/1990",,0,"RS 90",,,,,,,
"MENOPAWS",,,"BOOK CLUB",,,1991,,,,,,,"MARTHA",,"E2/1991",,0,,,,,,,,
"MIRETTE ON THE HIGH WIRE",,,"READER DIGEST",,,1992,,,,,,,"EMILY ARNOLD MCULLY",,"E2/1992",,0,"$16.99 ",,,,,,,
"NEBRASKA PUZZLE BOOK",,,"HEIGHLIGHTS FOR CHILDREN",,,1994,,,,,,,,,"E2/1994",,0,"RS 30",,,,,,,
"PREDATORS",,,"BOOK CLUB",,,1995,,,,,,,"BERNARD STONEHOUSE",,"E2/1995",,0,"US$6.95",,,,,,,
"HOW TO DRAW ANIMALS",,,"COLLINS",,,1996,,,,,,,,,"E2/1996",,0,"$7.95 ",,,,,,,
"ALADARS STORRY",,,"THE WALT DISNEY COMPANY",,,1997,,,,,,,,,"E2/1997",,0,"$2.99 ",,,,,,,
"PETERS CHAIR",,,"SCHOLASTIC",,,1998,,,,,,,"EZRA JACK KEATS",,"E2/1998",,0,,,,,,,,
"PAINT POTS AND THE ROYAL QUEEN",,,"SCHOLASTIC",,,1999,,,,,,,"THE REV.W. AWDRY",,"E2/1999",,0,,,,,,,,
"RUNAWAY SANDY",,,"HOUGHTON MIFFLIN COMPANY",,,2000,,,,,,,"NICOLAS THILO",,"E2/2000",,0,"RS 10",,,,,,,
"TRICKY SPIDER",,,"HOUGHTON MIFFLIN COMPANY",,,2001,,,,,,,"MICHAEL REX.",,"E2/2001",,0,,,,,,,,
"IF YOU GIVE A PIG A PANCAKE",,,"Award Publications",,,2002,,,,,,,"LAURA NUMBER",,"E2/2002",,0,,,,,,,,
"THE TELLY IS WATCHING YOU ",,,"STANDARD PUBLISHING COMPANY",,,2003,,,,,,,"NICHOLAS FISK",,"E2/2003",,0,3.51,,,,,,,
"ATARI",,,"ELECTRONIC EDUCATION",,,2004,,,,,,,,,"E2/2004",,0,,,,,,,,
"THE TALE OF TOMKITTEN",,,"DIAL BOOKS FOR YOUNG READERS",,,2005,,,,,,,"BEATRIX POTTER",,"E2/2005",,0,,,,,,,,
"MY LITTLE PONY",,,"HYPER COLLINS PUBLISHERS",,,2006,,,,,,,"JOANNE MATTERN",,"E2/2006",,0,,,,,,,,
"RUMPELSTILTSKIN",,,"LANDOLL S INC.",,,2007,,,,,,,"JANE JERRARD",,"E2/2007",,0,,,,,,,,
"THE FLOPSY BUNNIES",,,"LANDOLL S INC.",,,2008,,,,,,,"BEATRIX POTTER",,"E2/2008",,0,,,,,,,,
"THE VIRTUE OF GENEROSITY",,,,,,2009,,,,,,,"JENNIFER BOUDART",,"E2/2009",,0,,,,,,,,
"PETER COTTONTAIL",,,"BIGINNER BOOKS",,,2010,,,,,,,,,"E2/2010",,0,,,,,,,,
"HEATHCLIFF",,,"GENERAL PUBLISHING, LIMITED",,,2011,,,,,,,,,"E2/2011",,0,,,,,,,,
"GARFIELD WORLD WIDE",,,"STANDARD PUBLISHING COMPANY",,,2012,,,,,,,"JIM DAVIS",,"E2/2012",,0,,,,,,,,
"MY QUIZ BOOK",,,"THE WALT DISNEY COMPANY",,,2013,,,,,,,"JASMINE JONESQ",,"E2/2013",,0,3.99,,,,,,,
"EOIN COLFER",,,"MC. DONALD",,,2014,,,,,,,"GLENN MCCOY",,"E2/2014",,0,,,,,,,,
"HAPPY BIRTHDAY SAMANTHA!",,,"PLAY MORE INC.",,,2015,,,,,,,"VALERIE",,"E2/2015",,0,5.95,,,,,,,
"JACK AND THE BEANSTALK",,,"GRANDREAMS BOOKS LIMITED",,,2016,,,,,,,"GRACE DE LA TOUCHE",,"E2/2016",,0,,,,,,,,
"THE RESCUE",,,"A YEARLING BOOK",,,2017,,,,,,,"MARY CUNNINGHAM",,"E2/2017",,0,,,,,,,,
"THE VELVETEEN RABBIT",,,"GOLDEN BOOKS PUBLISHING CO.,",,,2018,,,,,,,"MARGERY WILLIAMS",,"E2/2018",,0,,,,,,,,
"JUGGLE WITH ME! ",,,"GOLDEN BOOKS PUBLISHING CO.,",,,2019,,,,,,,"ILSE MARGRET VOGEL",,"E2/2019",,0,,,,,,,,
"GIVING",,,"SILVER DOLPHIN",,,2020,,,,,,,"SHIRLEY PERICH",,"E2/2020",,0,,,,,,,,
"CAILLOU",,,"COLLINS",,,2022,,,,,,,"MARIOM",,"E2/2022",,0,,,,,,,,
"DINOSAUR",,,"GOLDEN BOOKS PUBLISHING CO.,",,,2023,,,,,,,"C. BAZALDUA",,"E2/2023",,0,,,,,,,,
"DINOSAUR BEACH",,,"SCHOLASTIC",,,2024,,,,,,,"LIZA DONNELY",,"E2/2024",,0,,,,,,,,
"AT THE AUTO REPAIR CENTER",,,"SCHOLASTIC",,,2025,,,,,,,"JUSTINE KORMAN",,"E2/2025",,0,3.95,,,,,,,
"DOWN AT THE DOCKS",,,"TIME-LIFE BOOKS",,,2026,,,,,,,"RICHARD COUNRTNEY",,"E2/2026",,0,3.25,,,,,,,
"THE BUNNY BUNCH FAMILY",,,"LANDOLL S INC.",,,2027,,,,,,,"SUNNY GRIFFIN",,"E2/2027",,0,,,,,,,,
"LOVE YOU FOREVER",,,"A FRIST TIME BOOK",,,2029,,,,,,,"ROBERT MUNSCH",,"E2/2029",,0,4.95,,,,,,,
"BUBBLE TROBLE",,,"SCHOLASTIC",,,2030,,,,,,,"LAURA DOWER",,"E2/2030",,0,3.5,,,,,,,
"SHOW ME YOUR SMILE!",,,"SIMON AND SCHUSTER SPOTLIGHT",,,2031,,,,,,,"CHRISTINE",,"E2/2031",,0,3.48,,,,,,,
"THEODORE AND THE WHALE",,,"RANDOM HOUSE",,,2032,,,,,,,"MARY- MAN KONG",,"E2/2032",,0,3.25,,,,,,,
"JUST THUNDERSTORM",,,"LITTLE BROWN & COMPANY",,,2033,,,,,,,"GINA &MERCER MAYER",,"E2/2033",,0,3.25,,,,,,,
"GOODNIGHT HORSEY",,,"SIMON AND SCHUSTER SPOTLIGHT",,,2034,,,,,,,"FRENK ASCH",,"E2/2034",,0,4.95,,,,,,,
"THE LITTLE MONKEY",,,"DALMATIAN PRESS",,,2035,,,,,,,"DANNY ",,"E2/2035",,0,,,,,,,,
"CLIFFORRD TAKES ATRIP",,,"SCHOLASTIC",,,2036,,,,,,,"NORMAN BRIDWELL",,"E2/2036",,0,,,,,,,,
"THE RED-HEADED GHOST",,,"WEEKLY READER BOOKS",,,2037,,,,,,,"RICK DETORIE",,"E2/2037",,0,,,,,,,,
"WHEN?",,,"DIAL BOOKS FOR YOUNG READERS",,,2038,,,,,,,"KATHIE BILINGSLEA SMITH",,"E2/2038",,0,,,,,,,,
"JUST A TOY",,,"GOLDEN BOOKS PUBLISHING CO.,",,,2039,,,,,,,"GINA &MERCER MAYER",,"E2/2039",,0,3.29,,,,,,,
"BONKERS JOKE BOOK",,,"GOLDEN BOOKS PUBLISHING CO.,",,,2040,,,,,,,"LINDA WILLIAMS ABER",,"E2/2040",,0,,,,,,,,
"WILD ANIMAL BABIES",,,"GOLDEN BOOKS PUBLISHING CO.,",,,2041,,,,,,,"MARTY STOUTTER",,"E2/2041",,0,,,,,,,,
"BUSYTOWM BOAT RACE",,,"AMEX COMPANY LIMITED",,,2042,,,,,,,"RICHARRD",,"E2/2042",,0,3.25,,,,,,,
"FANCY NANCY",,,"HYPER COLLINS PUBLISHERS",,,2043,,,,,,,"JANE OCONNOR",,"E2/2043",,0,4.99,,,,,,,
"LILO&STITCH",,,"SCHOLASTIC",,,2044,,,,,,,,,"E2/2044",,0,,,,,,,,
"101 DALMATIANS",,,"THE WALT DISNEY COMPANY",,,2045,,,,,,,,,"E2/2045",,0,,,,,,,,
"LEMONADE WITH A TWIST",,,"SIMON AND SCHUSTER SPOTLIGHT",,,2046,,,,,,,"STEVEN BANKS",,"E2/2046",,0,,,,,,,,
"FINDER KEEPERS FOR FRANKLIN",,,"BOYDSMILLS PRESS",,,2047,,,,,,,"BRENDA CLARK",,"E2/2047",,0,,,,,,,,
"YOURE OUR NAW MASCOT, CHUNCK!",,,"HYPER COLLINS PUBLISHERS",,,2048,,,,,,,,,"E2/2048",,0,3.5,,,,,,,
"THE WITCH NEXT DOOR",,,"SCHOLASTIC",,,2049,,,,,,,"NORMAN BRIDWELL",,"E2/2049",,0,,,,,,,,
"YOU READ ME ILL READ YOU!",,,"SCHOLASTIC",,,2050,,,,,,,,,"E2/2050",,0,,,,,,,,
"PIGGLEYS TREASURE HUNT",,,"SIMON AND SCHUSTER SPOTLIGHT",,,2051,,,,,,,"CATHERINE LUKAS",,"E/2051",,0,,,,,,,,
"UNSINKABLE",,,"SCHOLASTIC",,,2052,,,,,,,"LARRY DANE BRIMNER",,"E/2052",,0,,,,,,,,
"ON THE WILD FRONTIER",,,,,,2053,,,,,,,"BETTY VEROVITZ",,"E/2053",,0,"RS 10",,,,,,,
"BUNNICULAS WICKEDLY WACKY WORD GAMES",,,"LITTLE BROWN & COMPANY",,,2054,,,,,,,"JAMES HOWE",,"E/2054",,0,"US$2.99",,,,,,,
"FRED AND BARNEYS CROOKED CROSSWORD PUZZLES",,,"OCOPUS BOOKS LIMITED",,,2055,,,,,,,,,"E/2055",,0,"$1.25 ",,,,,,,
"MY SISTER HAS A NEW COMPUTER",,,"SCHOLASTIC",,,2056,,,,,,,"DAVID PARKER",,"E/2056",,0,"RS 30",,,,,,,
"LITTLE POPCORN",,,"GROSSET & DUNLAP",,,2057,,,,,,,"SARA ASHERON",,"E/2057",,0,,,,,,,,
"THE STORY OF SPIDERMAN",,,,,,2058,,,,,,,"MICHAEL TEITELBAUM",,"E/2058",,0,"$3.95 ",,,,,,,
"102 DALMATIANS",,,"GROLIER BOOKS",,,2059,,,,,,,,,"E/2059",,0,"RS 70",,,,,,,
"FUN GROUP DEVOTIONS FOR CHILDRENS MINISTRY",,,,,,2060,,,,,,,"CINDY S. HANSEN",,"E/2060",,0,"$3.75 ",,,,,,,
"SPIDER MAN",,,"MARVEL CHARACTERS INC",,,2061,,,,,,,"CATHERINE SAUNDERS",,"E/2061",,0,"US$3.99",,,,,,,
"MEET MOLLY",,,"PLAY MORE INC.",,,2062,,,,,,,"VALERIE TRIPP",,"E/2062",,0,,,,,,,,
"KOOKS IN THE CAFETERIA",,,"SCHOLASTIC",,,2063,,,,,,,"TIMOTHY ROLAND",,"E/2063",,0,"US$3.99",,,,,,,
"THE ADVENTURES OF SUPER DIAPER BABY",,,"SCHOLASTIC",,,2064,,,,,,,"GEROGE BEARD & HAROLD HUTCHINS",,"E/2064",,0,"US$4.99",,,,,,,
"SUPER SPICES",,,"SCHOLASTIC",,,2065,,,,,,,"QUINLAN B. LEE",,"E/2065",,0,"RS 10",,,,,,,
"THE JUNGLE BOOK",,,"SCHOLASTIC",,,2066,,,,,,,"JAN CARR",,"E/2066",,0,"RS 30",,,,,,,
"NATE THE GREAT AND THE BORING BEACH BAG",,,,,,2067,,,,,,,"MARJORIE WEINMAN SHARMAT",,"E/2067",,0,"US$ 2.95",,,,,,,
"THE HAIR BOOK",,,"GROLIER BOOKS",,,2068,,,,,,,"GRAHAM TETHER",,"E/2068",,0,,,,,,,,
"DORA DAVES MERMAID KINGDOM",,,"SCHOLASTIC",,,2069,,,,,,,"MICHAEL TEITELBAUM",,"E/2069",,0,,,,,,,,
"NATE THE GREAT GOES DOWN IN THE DUMPS",,,"A YEARLING BOOK",,,2070,,,,,,,"MARJORIE WEINMAN SHARMAT",,"E/2070",,0,"US$ 4.50",,,,,,,
"CHUCKLE AND CRINGE",,,"SCHOLASTIC",,,2071,,,,,,,"DAVID LEWMAN",,"E/2071",,0,"US$3.99",,,,,,,
"BISCUIT",,,"HYPER COLLINS PUBLISHERS",,,2072,,,,,,,"ALYSSA SATIN CAPUCILLI",,"E/2072",,0,"RS 30",,,,,,,
"YOUR BODY",,,"SCHOLASTIC",,,2073,,,,,,,"MELVIN AND GILDA BERGER",,"E/2073",,0,,,,,,,,
"DONT BE SHY",,,"WESTERN PUBLISHING COMPANY",,,2074,,,,,,,"ANNA H. DICKSON",,"E/2074",,0,,,,,,,,
"THE SWEETEST CHRISTMAS",,,"WESTERN PUBLISHING COMPANY",,,2075,,,,,,,"ANN BRAYBOOKS",,"E/2075",,0,,,,,,,,
"MOTHER GOOSE",,,"WESTERN PUBLISHING COMPANY",,,2076,,,,,,,"WALT DISNEY STUDIO",,"E/2076",,0,,,,,,,,
"FROSTY SNOWMAN",,,"WESTERN PUBLISHING COMPANY",,,2077,,,,,,,"ANNIE NORTH BEDFORD",,"E/2077",,0,,,,,,,,
"BEST BALLOON RIDE EVER",,,"WESTERN PUBLISHING COMPANY",,,2078,,,,,,,"RICHARD SCARRY",,"E/2078",,0,,,,,,,,
"MOTHER GOOSE",,,"WESTERN PUBLISHING COMPANY",,,2079,,,,,,,"ELOISE WILKIN",,"E/2079",,0,,,,,,,,
"THE GRAND AND WONDERFUL DAY -1",,,"WESTERN PUBLISHING COMPANY",,,2080,,,,,,,"MARY PACKARD",,"E/2080",,0,,,,,,,,
"THE GRAND AND WONDERFUL DAY-2",,,"WESTERN PUBLISHING COMPANY",,,2081,,,,,,,"MARY PACKARD",,"E/2081",,0,,,,,,,,
"I THINK THAT IS WONDERFUL",,,"WESTERN PUBLISHING COMPANY",,,2082,,,,,,,"DAVID KORR",,"E/2082",,0,,,,,,,,
"THE THREE BEARS",,,"WESTERN PUBLISHING COMPANY",,,2083,,,,,,,"CAROL NORTH",,"E/2083",,0,"US$ 1.29",,,,,,,
"BARNEY SHARING IS CARING",,,"WESTERN PUBLISHING COMPANY",,,2084,,,,,,,"MARK S BERNTHAL",,"E/2084",,0,,,,,,,,
"THE THREE BEARS",,,"WESTERN PUBLISHING COMPANY",,,2085,,,,,,,"F. RAJANKOVSKY",,"E/2085",,0,"RS 20",,,,,,,
"THE SAILOR DOG",,,"GOLDEN BOOKS PUBLISHING CO.,",,,2086,,,,,,,"MARGARET WISE BROWN",,"E/2086",,0,"RS 20",,,,,,,
"THE THREE LITTLE PIGS",,,"WESTERN PUBLISHING COMPANY",,,2087,,,,,,,"ELIZABETH ROSS",,"E/2087",,0,,,,,,,,
"RUDOLPH THE RED NOSED REINDEER",,,"GOLDEN BOOKS PUBLISHING CO.,",,,2088,,,,,,,"RICK BUNSEN",,"E/2088",,0,"US$ 2.99",,,,,,,
"THE SAILOR DOG",,,"WESTERN PUBLISHING COMPANY",,,2089,,,,,,,"MARGARET WISE BROWN",,"E/2089",,0,,,,,,,,
"BUSIEST FIRE FIGHTERS EVER",,,"GOLDEN BOOKS PUBLISHING CO.,",,,2090,,,,,,,"RICHARD SCARRY",,"E/2090",,0,"US$ 3.99",,,,,,,
"LETS GO THE AIRPORT",,,"GOLDEN BOOKS PUBLISHING CO.,",,,2091,,,,,,,"BARBARA BAZALDUA",,"E/2091",,0,,,,,,,,
"LETS GO TRUCKS",,,"WESTERN PUBLISHING COMPANY",,,2092,,,,,,,"DAVID L. HARRISON",,"E/2092",,0,,,,,,,,
"THE HUNCHBACK OF NOTRE DAME",,,"WESTERN PUBLISHING COMPANY",,,2093,,,,,,,"JUSTINE KORMAN",,"E/2093",,0,"RS 30",,,,,,,
"PUT ON A HAPPY FACE",,,"WESTERN PUBLISHING COMPANY",,,2094,,,,,,,"DEBBIE WIERSMA",,"E/2094",,0,,,,,,,,
"THE SAGGY BAGGYELEPHANT",,,"GOLDEN BOOKS PUBLISHING CO.,",,,2095,,,,,,,"K.B.JACKSON",,"E/2095",,0,"US$ 2.99",,,,,,,
"THE HUNCHBACK OF NOTRE DAME",,,"WESTERN PUBLISHING COMPANY",,,2096,,,,,,,"JUSTINE KORMAN",,"E/2096",,0,,,,,,,,
"A TO Z MYSTERIES THE HAUNTED HOTEL",,,"STANDARD PUBLISHING COMPANY",,,2097,,,,,,,"RON ROY",,"E/2097",,0,"US$ 3.99",,,,,,,
"THE ADDAMS FAMILY",,,"SCHOLASTIC",,,2098,,,,,,,"CAROLINE THOMPSON & LARRY WILSON",,"E/2098",,0,,,,,,,,
"ALICE IN WONDERLAND",,,"WESTERN PUBLISHING COMPANY",,,2100,,,,,,,"TEDDY SLATER",,"E/2100",,0,,,,,,,,
"PINOCCHIO",,,"WESTERN PUBLISHING COMPANY",,,2101,,,,,,,"EUGENE BRADLEY COCO",,"E/2101",,0,"RS 20",,,,,,,
"SNOW WHITE AND THE SEVEN DWARFS",,,"WESTERN PUBLISHING COMPANY",,,2102,,,,,,,,,"E/2102",,0,"RS 20",,,,,,,
"POOHS GRAND ADVENTURE",,,"GOLDEN BOOKS PUBLISHING CO.,",,,2103,,,,,,,"JUSTINE KORMAN",,"E/2103",,0,"US$ 2.29",,,,,,,
"LADY AND THE TRAMP",,,"GOLDEN BOOKS PUBLISHING CO.,",,,2104,,,,,,,"TEDDY SLATER",,"E/2104",,0,"US$ 2.29",,,,,,,
"FOUR LITTLE KITTENS",,,"WESTERN PUBLISHING COMPANY",,,2105,,,,,,,"KATHLEEN N. DALY",,"E/2105",,0,,,,,,,,
"MY PUPPY",,,"WESTERN PUBLISHING COMPANY",,,2106,,,,,,,"PATSY SCARRY",,"E/2106",,0,,,,,,,,
"OLD MACDONALD HAD A FARM",,,"WESTERN PUBLISHING COMPANY",,,2107,,,,,,,"CARL & MARY HAUGE",,"E/2107",,0,"RS 20",,,,,,,
"CHIPMUNKS ABC",,,"WESTERN PUBLISHING COMPANY",,,2108,,,,,,,"ROBERTA MILLER",,"E/2108",,0,,,,,,,,
"THE LITTLE RED CABOOSE",,,"GOLDEN BOOKS PUBLISHING CO.,",,,2110,,,,,,,"MARIAN POTTER",,"E/2110",,0,"US$ 2.99",,,,,,,
"JUNIE B. JONES AND THAT MEANIE JIMS BIRTHDAY",,,"RANDOM HOUSE",,,2111,,,,,,,"BARBARA PARK",,"E/2111",,0,"US$ 3.99",,,,,,,
"THE SECRETS OF DROON",,,"SCHOLASTIC",,,2112,,,,,,,"TONY ABBOTT",,"E/2112",,0,"US$ 3.99",,,,,,,
"THE PUPPY PLACE PUGSLEY",,,"SCHOLASTIC",,,2113,,,,,,,"ELLEN MILES",,"E/2113",,0,"US$ 4.99",,,,,,,
"TIGER COMES TO THE FOREST AND HAS BREAKFAST",,,"THE ORIGINAL POOH TREASURY",,,2114,,,,,,,"A.A.MILNE",,"E/2114",,0,,,,,,,,
"A HOUSE IS BUILT AT POOH CORNER FOR EEYORE",,,"THE ORIGINAL POOH TREASURY",,,2115,,,,,,,"A.A.MILNE",,"E/2115",,0,"RS 70",,,,,,,
"BABY EINSTEIN ANIMALS",,,,,,2116,,,,,,,"WALT DISNEY STUDIO",,"E/2116",,0,"RS 100",,,,,,,
"CURIOUS GEORGE AND THE PUPPIES",,,"HOUGHTON MIFFLIN COMPANY",,,2117,,,,,,,"MARGRET & H.A. REY",,"E/2117",,0,"RS 70",,,,,,,
"PIGLET MEETS A HEFFALUMP",,,"DUTTON CHILDREN S BOOK",,,2118,,,,,,,"A.A.MILNE",,"E/2118",,0,,,,,,,,
"DIGGING",,,"DORLING KINDERSLEY",,,2119,,,,,,,"KIM CAMPBELL THORNTON",,"E/2119",,0,"US$ 6.95",,,,,,,
"THE BIG RED DOG BAKES A CAKE",,,"SCHOLASTIC",,,2120,,,,,,,"FRANCIE ALEXANDER",,"E/2120",,0,,,,,,,,
"THOMAS AND THE BIG BIG BRIDGE",,,"GOLDEN BOOKS PUBLISHING CO.,",,,2121,,,,,,,,,"E/2121",,0,"US$ 2.99",,,,,,,
"THE SAGGY BAGGYELEPHANT",,,"GOLDEN BOOKS PUBLISHING CO.,",,,2122,,,,,,,,,"E/2122",,0,"RS 20",,,,,,,
"LITTLE COTTONTAIL",,,"GOLDEN BOOKS PUBLISHING CO.,",,,2123,,,,,,,"CARL MEMLING",,"E/2123",,0,,,,,,,,
"WHALES",,,"GOLDEN BOOKS PUBLISHING CO.,",,,2124,,,,,,,"JANE WERNER WATSON",,"E/2124",,0,,,,,,,,
"WINNIE THE POOH EEYORE BE HAPPY",,,"GOLDEN BOOKS PUBLISHING CO.,",,,2125,,,,,,,"DON FERGUSON",,"E/2125",,0,,,,,,,,
"IOI DALMATIANS",,,"GOLDEN BOOKS PUBLISHING CO.,",,,2126,,,,,,,"JUSTINE KORMAN",,"E/2126",,0,,,,,,,,
"GROVERS GUIDE TO GOOD MANNERS",,,"GOLDEN BOOKS PUBLISHING CO.,",,,2127,,,,,,,"CONSTANCE ALLEN",,"E/2127",,0,"RS 40",,,,,,,
"DUMBO",,,"GOLDEN BOOKS PUBLISHING CO.,",,,2128,,,,,,,"TEDDY SLATER",,"E/2128",,0,"RS 20",,,,,,,
"SLEEPING BEAUTY",,,"GOLDEN BOOKS PUBLISHING CO.,",,,2129,,,,,,,"RON DIAS",,"E/2129",,0,"RS 30",,,,,,,
"DUMBO",,,"GOLDEN BOOKS PUBLISHING CO.,",,,2131,,,,,,,"TEDDY SLATER",,"E/2131",,0,"RS 20",,,,,,,
"LADY AND THE TRAMP",,,"GOLDEN BOOKS PUBLISHING CO.,",,,2132,,,,,,,"TEDDY SLATER",,"E/2132",,0,"US$ 1.35",,,,,,,
"IF IT WASNT FOR NUMBERS",,,"JUST FOR KIDS PRESS",,,2133,,,,,,,"DALE WILDMAN",,"E/2133",,0,,,,,,,,
"THE ELVES AND THE SHOEMAKER",,,"GOLDEN BOOKS PUBLISHING CO.,",,,2134,,,,,,,"ERIC SUBEN",,"E/2134",,0,,,,,,,,
"THE COLORFUL MOUSE",,,"GOLDEN BOOKS PUBLISHING CO.,",,,2135,,,,,,,"JULIE DURRELL",,"E/2135",,0,,,,,,,,
"LITTLE SISTER",,,"GOLDEN BOOKS PUBLISHING CO.,",,,2136,,,,,,,"KATHLEEN N. DALY",,"E/2136",,0,,,,,,,,
"THE TORTOISE AND THE HARE",,,"GOLDEN BOOKS PUBLISHING CO.,",,,2137,,,,,,,"MARGO LUNDELL",,"E/2137",,0,,,,,,,,
"THE NUTCRACKER",,,"GOLDEN BOOKS PUBLISHING CO.,",,,2138,,,,,,,"RITA BALDUCCI",,"E/2138",,0,,,,,,,,
"THE POKY LITTLE PUPPY",,,"GOLDEN BOOKS PUBLISHING CO.,",,,2139,,,,,,,"JANETTE SEBRING LOWREY",,"E/2139",,0,"RS 20",,,,,,,
"THE JUNGLE BOOK",,,"GOLDEN BOOKS PUBLISHING CO.,",,,2140,,,,,,,"RUDYARD KIPLING",,"E/2140",,0,"RS 20",,,,,,,
"THE WISHPERING RABBIT",,,"GOLDEN BOOKS PUBLISHING CO.,",,,2141,,,,,,,"MARGARET WISE BROWN",,"E/2141",,0,,,,,,,,
"BAMBI",,,"GOLDEN BOOKS PUBLISHING CO.,",,,2142,,,,,,,"BOB GRANT",,"E/2142",,0,"US$ 2.99",,,,,,,
"THE GOOD OLD DAYS",,,"GOLDEN BOOKS PUBLISHING CO.,",,,2143,,,,,,,"DEVE WERNER",,"E/2143",,0,,,,,,,,
"RUDOLPH THE RED NOSED REINDEER",,,"GOLDEN BOOKS PUBLISHING CO.,",,,2144,,,,,,,"BARBARA SHOOK HAZEN",,"E/2144",,0,,,,,,,,
"POLITE ELEPHANT",,,"GOLDEN BOOKS PUBLISHING CO.,",,,2145,,,,,,,"RICHARD SCARRY",,"E/2145",,0,,,,,,,,
"ITS BEDTIME",,,"GOLDEN BOOKS PUBLISHING CO.,",,,2146,,,,,,,"B.G.FORD",,"E/2146",,0,,,,,,,,
"FROG AND TOAD TOGETHER",,,"HYPER COLLINS PUBLISHERS",,,2147,,,,,,,"ARNOLD LOBEL",,"E/2147",,0,,,,,,,,
"DEVOTIONS FOR YOUNG READERS",,,"STANDARD PUBLISHING COMPANY",,,2148,,,,,,,"JANET M. BAIR",,"E/2148",,0,"RS 100",,,,,,,
"THE GREAT BOOK OF OPTICAL ILLUSIONS",,,"STANDARD PUBLISHING COMPANY",,,2149,,,,,,,"GYLES BRANDRETH",,"E/2149",,0,"US$ 5.95",,,,,,,
"NIGHT OF THE NEW MAGICIANS",,,"SCHOLASTIC",,,2150,,,,,,,"MARY POPE OSBORNE ",,"E/2150",,0,"US$ 3.99",,,,,,,
"GATHERING",,,"HOUGHTON MIFFLIN COMPANY",,,2151,,,,,,,"BETSY BOWEN",,"E2/2151",,0,"$5.90 ",,,,,,,
"APRILS KITTENS",,,"TROLL ASSOCIATES",,,2152,,,,,,,"CLARE TURLEY NEWBERRY",,"E2/2152",,0,"$4.95 ",,,,,,,
"SYLVESTER AND THE MAGIE PEBBLE",,,"A TRUMPET CLUB SPECIAL EDITION",,,2153,,,,,,,"WILLIAM STEIG",,"E2/2153",,0,,,,,,,,
"THE BERENSTAIN BEARS AND THE TRUTH",,,"CHILDDREN S CHOICE BOOK CLUB",,,2155,,,,,,,"STAN & JAN BERENSTAIN",,"E2/2155",,0,"$3.25 ",,,,,,,
"THOMAS GETS TRICKED AND OTHER STORIES",,,"A RANDOM HOUSE PICTUREBACK",,,2156,,,,,,,"REV. W. AWDRY",,"E2/2156",,0,"$3.25 ",,,,,,,
"THATS GOOD! THATS BAD!",,,"SCHOLASTIC",,,2157,,,,,,,"MARGERY CUYLER",,"E2/2157",,0,"$",,,,,,,
"FAIRY TALES",,,"HOUGHTON MIFFLIN COMPANY",,,2158,,,,,,,,,"E2/2158",,0,"RS.90",,,,,,,
"ANNA BANANA AND ME",,,"HOUGHTON MIFFLIN COMPANY",,,2159,,,,,,,"LENORE BLEGVAD",,"E2/2159",,0,"RS.60",,,,,,,
"ARTHURS BIRTHDAY",,,"LITTLE BROWN & COMPANY",,,2160,,,,,,,"MARC BROWN",,"E2/2160",,0,,,,,,,,
"LASSIE THE GREAT ESCAPE",,,"GOLDEN BOOKS PUBLISHING CO.,",,,2161,,,,,,,"DIANE MULDROW",,"E2/2161",,0,,,,,,,,
"POOHS BAD DREAM",,,"SCHOLASTIC",,,2162,,,,,,,"A.A.MILNE",,"E2/2162",,0,,,,,,,,
"THE BERENSTAIN BEARS AND THE BAD HABIT",,,"RANDOM HOUSE",,,2164,,,,,,,"STAN & JAN BERENSTAIN",,"E2/2164",,0,"$3.25 ",,,,,,,
"RUGRATS BLAST OFF!",,,"SIMON AND SCHUSTER SPOTLIGHT",,,2165,,,,,,,"STEPHANIE ST.PIERRE",,"E2/2165",,0,"$3.50 ",,,,,,,
"HELPFUL HERBIE",,,"SCOTT FORESMAN",,,2166,,,,,,,"LINDA YOSHIZAWA",,"E2/2166",,0,,,,,,,,
"THE MAGIC SCHOOL BUS",,,"SCHOLASTIC",,,2167,,,,,,,"JOANNA COE",,"E2/2167",,0,,,,,,,,
"TURTULES ABCS FOR A BETTER PLANET",,,"RANDOM HOUSE",,,2168,,,,,,,"J.K.ROSSER",,"E2/2168",,0,"$2.25 ",,,,,,,
"CROCODILES",,,"MC. DONALD",,,2169,,,,,,,"IRENE TRIMBLE",,"E2/2169",,0,,,,,,,,
"I WANT TO BE A VETERINARIAN",,,"WESTERN PUBLISHING COMPANY",,,2170,,,,,,,"MICHAELA MUNTEAN",,"E2/2170",,0,"RS.40",,,,,,,
"DING DONG",,,"SCHOLASTIC",,,2171,,,,,,,"GEOFF SMITH & KATIE C. STAN",,"E2/2171",,0,"RS.50",,,,,,,
"ZIPPITY ZOOM",,,"PLAY MORE INC.",,,2172,,,,,,,"STEPHEN COSGROVE",,"E2/2172",,0,"$2.50 ",,,,,,,
"SIR SMALL AND THE DRAGONFLY",,,"RANDOM HOUSE",,,2173,,,,,,,"JANE OCONNOR",,"E2/2173",,0,"$3.99 ",,,,,,,
"MONSTER CAMP - OUT",,,"SIMON AND SCHUSTER SPOTLIGHT",,,2174,,,,,,,"MOLLY WIGAND",,"E2/2174",,0,"RS. 30",,,,,,,
"MEET TROUBLE",,,"GROSSET & DUNLAP",,,2175,,,,,,,"SUSAN HOOD",,"E2/2175",,0,,,,,,,,
"FIVE LITTLE MONKEYS READING IN BED",,,"SCHOLASTIC",,,2176,,,,,,,"EILEEN CHRISTELOW",,"E2/2176",,0,,,,,,,,
"CLIFFORDS BEST SCHOOL DAY",,,"SCHOLASTIC",,,2177,,,,,,,"QUINLAN B. LEE",,"E2/2177",,0,,,,,,,,
"THE SNACK ATTACK MYSTERY",,,"SCHOLASTIC",,,2178,,,,,,,"ELIZABETH LEWY",,"E2/2178",,0,"RS.30",,,,,,,
"DAVIDS NEW BABY",,,"DANDELIER PRESS INC.",,,2179,,,,,,,"JUDITH WOLMAN",,"E2/2179",,0,"RS. 60",,,,,,,
"THE CALL OF THE WILD",,,"FREDERICK THOMAS INC.",,,2180,,,,,,,"JACK LONDON",,"E2/2180",,0,"$11.85 ",,,,,,,
"BLACK BEAUTY",,,"FREDERICK THOMAS INC.",,,2181,,,,,,,"ANNA SEWELL",,"E2/2181",,0,,,,,,,,
"SCOOBY DOO2 MONSTERS UNLEASHED",,,"SCHOLASTIC",,,2182,,,,,,,"TRACEY WEST",,"E2/2182",,0,"$3.99 ",,,,,,,
"DIEGOS WOLF PUP RESCUE",,,"SCHOLASTIC",,,2183,,,,,,,"CHRISTINE RICCI",,"E2/2183",,0,,,,,,,,
"FINDING NEMO",,,"PUBLICATIONS INTERNATIONAL, LTD.",,,2184,,,,,,,"STEVE HEINRICH",,"E2/2184",,0,"RS.30",,,,,,,
"ARTHURS UNDERWEAR",,,"SCHOLASTIC",,,2187,,,,,,,"MARC BROWN",,"E2/2187",,0,"$4.50 ",,,,,,,
"CURIOUS GEORGE AND THE DINOSAUR",,,"SCHOLASTIC",,,2188,,,,,,,"MARGRET AND H.A.REYS",,"E2/2188",,0,,,,,,,,
"THE BERENSTAIN BEARS AND TOO MUCH JUNK FOOD",,,"RANDOM HOUSE",,,2189,,,,,,,"STAN & JAN BERENSTAIN",,"E2/2189",,0,"$2.25 ",,,,,,,
"IM SORRY",,,"GOLDEN BOOKS PUBLISHING CO.,",,,2190,,,,,,,"GINA AND MERCER MAYER",,"E2/2190",,0,"$3.29 ",,,,,,,
"EDWARD G. AND THE BEAUTIFUL PINK HAIRBOW",,,"GOLDEN BOOKS PUBLISHING CO.,",,,2191,,,,,,,"MARSHA DIANE ARNOLD",,"E2/2191",,0,"$3.99 ",,,,,,,
"PIRATE SCHOOL",,,"GROSSET & DUNLAP",,,2192,,,,,,,"CATHY EAST DUBOWSKI AND MARK DUBOWSKI",,"E2/2192",,0,"RS. 30",,,,,,,
"HONEY PAW AND LIGHTFOOT",,,"CHILDDREN S CHOICE BOOK CLUB",,,2194,,,,,,,"JONATHAN LONDON",,"E2/2194",,0,"RS.100",,,,,,,
"PERRO GRANDE? PERRO PEQUENO",,,"A RANDOM HOUSE PICTUREBACK",,,2195,,,,,,,"P.D.EASTMAN",,"E2/2195",,0,"RS.40",,,,,,,
"ONE TEDDY BEAR IS ENOUGH",,,"A RANDOM HOUSE PICTUREBACK",,,2196,,,,,,,"GINNIE HOFMANN",,"E2/2196",,0,"RS.40",,,,,,,
"POCAHONTAS",,,"GOLDEN BOOKS PUBLISHING CO.,",,,2197,,,,,,,"MARGO LUNDELL",,"E2/2197",,0,"RS.40",,,,,,,
"THE EMPTY POT",,,"A TRUMPET CLUB SPECIAL EDITION",,,2198,,,,,,,"DEMI",,"E2/2198",,0,,,,,,,,
"A BABY SISTER FOR FRANCES",,,"SCHOLASTIC",,,2199,,,,,,,"RUSSELL HOBAN",,"E2/2199",,0,"RS.60",,,,,,,
"LONG LONG AGO",,,"WESTERN PUBLISHING COMPANY",,,2200,,,,,,,"MICHAEL BERENSTAIN",,"E2/2200",,0,"$3.50 ",,,,,,,
"Take a look and see Every Inch of Me.",,,"SCHOLASTIC",,,2201,,,,,,,,,"E2/2201",,0,60,,,,,,,
"Its not easy being big!",,,"GROLIER BOOKS",,,2202,,,,,,,"Stephanie St. Pierre / John Lund",,"E2/2202",,0,,,,,,,,
"Mr. Brown Can Moo! Can You?",,,"GROLIER BOOKS",,,2203,,,,,,,"Dr. Seusss",,"E2/2203",,0,,,,,,,,
"The Easy-To-Read Little Engline That Could",,,"PLAY MORE INC.",,,2204,,,,,,," Watty Piper",,"E2/2204",,0,40,,,,,,,
"Favorite Fairy Tales. Huckleberry Finn.",,,"CREATIVE CHILD PRESS",,,2205,,,,,,,"Alan Leiner",,"E2/2205",,0,50,,,,,,,
"Paddington Bear in the Garden",,,"HYPER COLLINS PUBLISHERS",,,2206,,,,,,,"Michael Bond",,"E2/2206",,0,100,,,,,,,
"On my own.",,,"PLAY MORE INC.",,,2207,,,,,,,"Jillian Harker",,"E2/2207",,0,"$3 ",,,,,,,
"Flounder the Fearless",,,"CHILDDREN S CHOICE BOOK CLUB",,,2208,,,,,,,,,"E2/2208",,0,"$7.98 ",,,,,,,
"Kay Chorao George Told Kate",,,,,,2209,,,,,,,"E.P.Dutton",,"E2/2209",,0,,,,,,,,
"How to Draw Sea Creatures.",,,"WEEKLY READER BOOKS",,,2210,,,,,,,"Barbara Slolff-Levy",,"E2/2210",,0,150,,,,,,,
"A little Prairie House",,,"HYPER COLLINS PUBLISHERS",,,2211,,,,,,,"Renee Graef",,"E2/2211",,0,90,,,,,,,
"Curious George at the Aquarium",,,"HOUGHTON MIFFLIN COMPANY",,,2212,,,,,,,"R.P.Anderson",,"E2/2212",,0,100,,,,,,,
"Teletubbies",,,"SCHOLASTIC",,,2213,,,,,,,,,"E2/2213",,0,20,,,,,,,
"The mother Goose Book",,,"GOLDEN BOOKS PUBLISHING CO.,",,,2214,,,,,,,"Nina Barbaresi",,"E2/2214",,0,"$299 ",,,,,,,
"Whatever happened to the dinosaurs?",,,"HARCOURT BRACE JOVANOVICH",,,2215,,,,,,,"Bernard Most",,"E2/2215",,0,,,,,,,,
"Stella Queen of the snow",,,"SCHOLASTIC",,,2216,,,,,,,"Marie Louise Gay",,"E2/2216",,0,,,,,,,,
"The Umbrella",,,"SCHOLASTIC",,,2217,,,,,,,"Jan Brett",,"E2/2217",,0,60,,,,,,,
"Toes are to tickle",,,"TIME-LIFE BOOKS",,,2218,,,,,,,"Shen Roddie",,"E2/2218",,0,,,,,,,,
"Siesta",,,"SCHOLASTIC",,,2219,,,,,,,"Ginger Foglesong Guy",,"E2/2219",,0,,,,,,,,
"Webster J. Duck",,,"COLLINS",,,2220,,,,,,,"Martin Waddell",,"E2/2220",,0,60,,,,,,,
"Hungry Harry",,,"LITTLE BROWN & COMPANY",,,2221,,,,,,,"Joanne Partis",,"E2/2221",,0,,,,,,,,
"Magic Eye - 3",,,"AMEX COMPANY LIMITED",,,2222,,,,,,,"N.E. Thing Enterprises",,"E2/2222",,0,,,,,,,,
"The Magic School Bus",,,"SCHOLASTIC",,,2223,,,,,,,"Joanna Cole",,"E2/2223",,0,,,,,,,,
"Babys First ABC",,,"BRIGHT & EARLY BOOK",,,2224,,,,,,,,,"E2/2224",,0,"$4.98 ",,,,,,,
"Things to Love",,,"GOLDEN BOOKS PUBLISHING CO.,",,,2225,,,,,,,"Richard Scarrys",,"E2/2225",,0,,,,,,,,
"Minerva Louise at School",,,"HOUGHTON MIFFLIN COMPANY",,,2226,,,,,,,"Janet Morgan Stoeke",,"E2/2226",,0,,,,,,,,
"Paddington Bear and the Busy Bee Carnival",,,"HYPER COLLINS PUBLISHERS",,,2227,,,,,,,"Michael Bond",,"E2/2227",,0,"$12.95 ",,,,,,,
"The Three Little Pigs",,,"Award Publications",,,2228,,,,,,,"Tom And Blonnie Halmes",,"E2/2228",,0,50,,,,,,,
"Pinocchio",,,"RANDOM HOUSE",,,2229,,,,,,,"Walt Disney",,"E2/2229",,0,,,,,,,,
"Dump Truck!",,,"SCHOLASTIC",,,2230,,,,,,,"Michael Teitelbaum",,"E2/2230",,0,"$3.50 ",,,,,,,
"Goldilocks",,,"GOLDEN BOOKS PUBLISHING CO.,",,,2231,,,,,,,"Tom Roberts",,"E2/2231",,0,60,,,,,,,
"Frozen Noses",,,"SCHOLASTIC",,,2232,,,,,,,"Jan Carr",,"E2/2232",,0,50,,,,,,,
"Snowie Rolie",,,"SCHOLASTIC",,,2233,,,,,,,"Willian Joyce",,"E2/2233",,0,40,,,,,,,
"Theres no such things as a dragon",,,"GOLDEN BOOKS PUBLISHING CO.,",,,2234,,,,,,,"Jack Kent",,"E2/2234",,0,"$2.94 ",,,,,,,
"Toy story II",,,"RANDOM HOUSE",,,2235,,,,,,,"Diane Muldrow",,"E2/2235",,0,,,,,,,,
"Lets tours de Bertrand",,,"SCHOLASTIC",,,2236,,,,,,,"Norman Bridwell",,"E2/2236",,0,,,,,,,,
"Sesame street",,,"RANDOM HOUSE",,,2237,,,,,,,"Sarah Albee",,"E2/2237",,0,"$3.25 ",,,,,,,
"The Elephant Cold",,,"MARVEL CHARACTERS INC",,,2239,,,,,,,"Mark Thurman",,"E2/2239",,0,,,,,,,,
"Five Little Monkeys juming on the bed",,,"SCHOLASTIC",,,2240,,,,,,,"Eileen Christelow",,"E2/2240",,0,,,,,,,,
"Wheres spot?",,,"PUFFIN BOOKS",,,2241,,,,,,,"Eric Hill",,"E2/2241",,0,,,,,,,,
"Say Good to Illiteracy",,,"HALLMARK GIFT BOOK",,,2242,,,,,,,,,"E2/2242",,0,100,,,,,,,
"Sesame Street liberary",,,"RANDOM HOUSE",,,2243,,,,,,,"Marguerite A.Donson",,"E2/2243",,0,,,,,,,,
"Things I Like About Grandma",,,"CHILDDREN S CHOICE BOOK CLUB",,,2244,,,,,,,"Francine Haskins",,"E2/2244",,0,,,,,,,,
"Bill and Pete go Down the Nile",,,"SCHOLASTIC",,,2245,,,,,,,"Tomie dePaola",,"E2/2245",,0,,,,,,,,
"Moving House",,,"USBORNE PUBLISHING",,,2246,,,,,,,"Anne Civardi",,"E2/2246",,0,"$4.95 ",,,,,,,
"One Kitten for kim",,,"ADVANCE PUBLISHERS",,,2247,,,,,,,"Adelaide Holl",,"E2/2247",,0,,,,,,,,
"Waiting for baby",,,"HOUGHTON MIFFLIN COMPANY",,,2248,,,,,,,"Harriet Ziefert",,"E2/2248",,0,90,,,,,,,
"The Little calf That couldnt moo",,,"LITTLE BROWN & COMPANY",,,2249,,,,,,,"Iris Hiskey",,"E2/2249",,0,,,,,,,,
"The story of thr Tooth fairy",,,"GOLDEN BOOKS PUBLISHING CO.,",,,2250,,,,,,,"Shaila Black",,"E2/2250",,0,,,,,,,,
"Its snow joke!",,,"GROSSET & DUNLAP",,,2251,,,,,,,"Nancy Krulik",,"E2/2251",,0,"$3.99 ",,,,,,,
"Shoot the Rapids",,,"RANDOM HOUSE",,,2253,,,,,,,"Stan & jan Berenstain",,"E2/2253",,0,"$1.50 ",,,,,,,
"Thumpers Little Sisters",,,"A BANTAM BOOK",,,2257,,,,,,,"Disney",,"E2/2257",,0,,,,,,,,
"The Count counts a Party",,,"GOLDEN BOOKS PUBLISHING CO.,",,,2258,,,,,,,"Judy Freudberg &Tony Geiss",,"E2/2258",,0,,,,,,,,
"Polar Bear,What do hear?",,,"HOUGHTON MIFFLIN COMPANY",,,2261,,,,,,,"Bill Martin jr/Eric Carle",,"E2/2261",,0,"$5 ",,,,,,,
"Day And Night",,,"BENDON PUBLISHING INTERNATIONAL",,,2262,,,,,,,"Better Homes &Gardens",,"E2/2262",,0,"$4.95 ",,,,,,,
"My K Book",,,"SCHOLASTIC",,,2263,,,,,,,"Jane Belk Moncure",,"E2/2263",,0,,,,,,,,
"Glow in the Dark Spooky House",,,"GOLDEN BOOKS PUBLISHING CO.,",,,2264,,,,,,,"Joanne Barkan",,"E2/2264",,0,70,,,,,,,
"Beauty and the Beast",,,"THE WALT DISNEY COMPANY",,,2265,,,,,,,,,"E2/2265",,0,"$1.49 ",,,,,,,
"Barbie",,,"GROLIER BOOKS",,,2266,,,,,,,,,"E2/2266",,0,,,,,,,,
"Fish and Flips",,,"WEEKLY READER BOOKS",,,2267,,,,,,,"Jacquelyn Reinach",,"E2/2267",,0,80,,,,,,,
"Wild About Books",,,"AMEX COMPANY LIMITED",,,2268,,,,,,,"Judy Sierra",,"E2/2268",,0,"$16.95 ",,,,,,,
"The Shortcut",,,"ELECTRONIC EDUCATION",,,2270,,,,,,,,,"E2/2270",,0,"$1.49 ",,,,,,,
"The Just-for-Fun Book",,,"BRITANNICA DISCOVERY LIBRARY",,,2271,,,,,,,,,"E2/2271",,0,,,,,,,,
"NURSERY STORIES",,,"RANDOM HOUSE",,,2272,,,,,,,"HELEN CRAIG",,"E2/2272",,0,,,,,,,,
"GROVER GOES TO SCHOOL",,,"RANDOM HOUSE",,,2273,,,,,,,"DAN ELLIOTT",,"E2/2273",,0,,,,,,,,
"THE SESAME STREET TREASURY",,,"FUNK & WAGNALLS",,,2274,,,,,,,"LINDA BOVE",,"E2/2274",,0,,,,,,,,
"JACKAL WANTS EVERYTHING",,,"WEEKLY READER BOOKS",,,2275,,,,,,,"Jacquelyn Reinach",,"E2/2275",,0,80,,,,,,,
"AMELIA BEDELIAS FAMILY ALBUM",,,"AMEX COMPANY LIMITED",,,2276,,,,,,,"PEGGY PARISH",,"E2/2276",,0,"$3.95 ",,,,,,,
"THE RELATIVES CAME",,,"SCHOLASTIC",,,2277,,,,,,,"CYNTHIA RYLANT",,"E2/2277",,0,,,,,,,,
"MRS.BRISBYS IMPORTANT PACKAGE",,,"GOLDEN BOOKS PUBLISHING CO.,",,,2278,,,,,,,"MARY CAREY",,"E2/2278",,0,,,,,,,,
"THE CABOOSE WHO GOT LOOSE",,,"HOUGHTON MIFFLIN COMPANY",,,2279,,,,,,,"BILL PEET",,"E2/2279",,0,60,,,,,,,
"FARY TALES",,,"HOUGHTON MIFFLIN COMPANY",,,2280,,,,,,,"HANSEL AND GRETEL",,"E2/2280",,0,90,,,,,,,
"WHY DONT YOU GET A HORSE, SAM ADAMS?",,,"A PUFFIN BOOK",,,2281,,,,,,,"JEAN FRITZ",,"E2/2281",,0,"$6.99 ",,,,,,,
"Mother Goose Rhymes",,,"GOLDEN BOOKS PUBLISHING CO.,",,,2282,,,,,,,"Miss Elliott",,"E2/2282",,0,,,,,,,,
"The SesAME STREET Library",,,,,,2283,,,,,,,"Joe Mathien",,"E2/2283",,0,,,,,,,,
"DINOSAUR STORY",,,"SCHOLASTIC",,,2284,,,,,,,"JOANNA COLE",,"E2/2284",,0,,,,,,,,
"Horrible harry in room 2b",,,"SCHOLASTIC",,,2285,,,,,,,"Suzy Kline",,"E2/2285",,0,,,,,,,,
"THE HUNCHBACK OF NOTRE DAME",,,"THE WALT DISNEY COMPANY",,,2286,,,,,,,"Walt Disney",,"E2/2286",,0,"$2.99 ",,,,,,,
"UP,DOWN,AND ALL AROUND",,,"FUNK & WAGNALLS",,,2287,,,,,,,"SANDY DAMASHEK",,"E2/2287",,0,,,,,,,,
"BALLOON FARM",,,"SCHOLASTIC",,,2289,,,,,,,"HARVEY POTTERS ",,"E2/2289",,0,,,,,,,,
"The Sesame Street Treasury",,,"CHILDDREN S CHOICE BOOK CLUB",,,2291,,,,,,,"Steven kellogg",,"E2/2291",,0,60,,,,,,,
"Aesops Fables for young Readers",,,"A BANTAM BOOK",,,2292,,,,,,,"Scott foresman",,"E2/2292",,0,,,,,,,,
"Paul banyan",,,"MOUSE&WORKS",,,2293,,,,,,,"Elaine Mei Aoki",,"E2/2293",,0,,,,,,,,
"Our singing planet",,,"HYPER COLLINS PUBLISHERS",,,2294,,,,,,,"Jack Prelutsky",,"E2/2294",,0,,,,,,,,
"Catch a sunflake",,,"MACMILLAN , INC",,,2295,,,,,,,"Bobbi Katz",,"E2/2295",,0,"$4.95 ",,,,,,,
"What a Day it was At School!",,,"SCHOLASTIC",,,2296,,,,,,,"Paul Tobin",,"E2/2296",,0,,,,,,,,
"Could We Be Friends?",,,"MODERN PUBLISHING",,,2297,,,,,,,"Jael",,"E2/2297",,0,,,,,,,,
"How to Draw Super Heroes",,,"KIDS CAN PRESS",,,2299,,,,,,,,,"E2/2299",,0,,,,,,,,
"Mikeys Night Watcher Scrapbook",,,"SIMON AND SCHUSTER SPOTLIGHT",,,2300,,,,,,,,,"E2/2300",,0,,,,,,,,
"WHATS IN THAT EGG DIEGO?",,,"NICKELODEON",,,2301,,,,,,,"KARA MCMAHON",,"E2/2301",,0,"$6.99 ",,,,,,,
"BUNNY RIDDLES",,,"PUFFIN BOOKS",,,2302,,,,,,,"JIM TRELEASE",,"E2/2302",,0,"$3.99 ",,,,,,,
"LEMONADE",,,"SIMON AND SCHUSTER SPOTLIGHT",,,2303,,,,,,,"JACK THOMAS",,"E2/2303",,0,"$3.99 ",,,,,,,
"WILD CATS",,,"RANDOM HOUSE",,,2304,,,,,,,"MARY BATTEN",,"E2/2304",,0,"$3.99 ",,,,,,,
"DOUGS BIG SHOE DISASTER",,,"SCHOLASTIC",,,2305,,,,,,,"JIM JINKINS",,"E2/2305",,0,"RS.30",,,,,,,
"CARROT DELIGHT",,,"SIMON AND SCHUSTER SPOTLIGHT",,,2306,,,,,,,"BRIAN MANGAS",,"E2/2306",,0,"RS. 40",,,,,,,
"AND THE WINNER IS ",,,"NICKELODEON",,,2307,,,,,,,"JENNY MIGLIS",,"E2/2307",,0,"RS. 40",,,,,,,
"A FRIEND",,,,,,2308,,,,,,,"ELMA SCHEMENAUER",,"E2/2308",,0,"RS.60",,,,,,,
"DANNY DUCK TAKES A DIVE!",,,"BACK PACK BOOKS",,,2309,,,,,,,"DEBBIE RIVERS-MOORE",,"E2/2309",,0,,,,,,,,
"DOWN AT THE DOCKS",,,"RANDOM HOUSE",,,2310,,,,,,,"RICHARD COURTNEY",,"E2/2310",,0,"$3.99 ",,,,,,,
"POOH JUST BE NICE",,,"GOLDEN BOOKS PUBLISHING CO.,",,,2311,,,,,,,"LESLIE MCGUIRE",,"E2/2311",,0,"$4.29 ",,,,,,,
"SPLISH SPLASHY DAY",,,"GOLDEN BOOKS PUBLISHING CO.,",,,2312,,,,,,,"LIZA ALEXANDER",,"E2/2312",,0,,,,,,,,
"A BUGS LIFE",,,"GOLDEN BOOKS PUBLISHING CO.,",,,2313,,,,,,,"ERIC SUBEN",,"E2/2313",,0,,,,,,,,
"BEST FRIEND FOREVER",,,"SCHOLASTIC",,,2314,,,,,,,"QUINLAN B. LEE",,"E2/2314",,0,,,,,,,,
"THAT MAKES ME ANGRY!",,,"GOLDEN BOOKS PUBLISHING CO.,",,,2315,,,,,,,"ANTHONY BEST",,"E2/2315",,0,,,,,,,,
"A GHOST STORY",,,"INNISBROOK WRAPS",,,2316,,,,,,,"BILL MARTIN JR.",,"E2/2316",,0,,,,,,,,
"I AM A LITTLE TEAPOT",,,"STANDARD PUBLISHING COMPANY",,,2317,,,,,,,,,"E2/2317",,0,"$5.95 ",,,,,,,
"CORDUROY",,,"PUFFIN BOOKS",,,2318,,,,,,,"DON FREEMAN",,"E2/2318",,0,"$3.95 ",,,,,,,
"ZAZUS VIEW",,,"GOLDEN BOOKS PUBLISHING CO.,",,,2319,,,,,,,"JUSTINE KORMAN",,"E2/2319",,0,,,,,,,,
"THE FRIENDSHIP HEART",,,"SCHOLASTIC",,,2320,,,,,,,,,"E2/2320",,0,"$7.99 ",,,,,,,
"KIDS ARE FUNNY",,,"WEEKLY READER BOOKS",,,2321,,,,,,,"ROSIE ODONNELL SHOW",,"E2/2321",,0,"$10.00 ",,,,,,,
"SNOW WHITE AND THE SEVEN DWARFS",,,"HONEYBEAR BOOKS",,,2322,,,,,,,,,"E2/2322",,0,"RS.40",,,,,,,
"D.W., GO TO YOUR ROOM!",,,"LITTLE BROWN & COMPANY",,,2323,,,,,,,"MARC BROWN",,"E2/2323",,0,,,,,,,,
"NIGHT-NIGHT SPOT",,,"WEEKLY READER BOOKS",,,2324,,,,,,,"ERIC HILL",,"E2/2324",,0,"$5.99 ",,,,,,,
"COMEALONG KITTEN",,,"SIMON AND SCHUSTER SPOTLIGHT",,,2325,,,,,,,"JOANNE RYDER",,"E2/2325",,0,,,,,,,,
"AMAZING GRACE",,,"SCHOLASTIC",,,2326,,,,,,,"MARY HOFFMAN",,"E2/2326",,0,,,,,,,,
"TAKE ME OUT TO THE BALL GAMR",,,"SCHOLASTIC",,,2327,,,,,,,"MARYANN KOVALSKI",,"E2/2327",,0,"$4.95 ",,,,,,,
"MAILBOX",,,"SESAME STREET",,,2328,,,,,,,,,"E2/2328",,0,"RS.60",,,,,,,
"A CHOCOLATE MOOSE",,,"THE TRUMPET CLUB ",,,2329,,,,,,,"FRED GWYNNE",,"E2/2329",,0,"RS. 60",,,,,,,
"TOO MANY TAMALES",,,"SCHOLASTIC",,,2330,,,,,,,"GARY SOTO",,"E2/2330",,0,,,,,,,,
"THE BIG BUTTERFLY BOOK",,,"TROLL ASSOCIATES",,,2331,,,,,,,"SUSANNE SANTORO WHAYNE",,"E2/2331",,0,"RS. 60",,,,,,,
"SWEET STORIES FOR CHILDREN ",,,"AMEX COMPANY LIMITED",,,2332,,,,,,,"SOMABHAI PATEL",,"E2/2332",,0,"RS. 35",,,,,,,
"PETER PAN ",,,"GOLDEN BOOKS PUBLISHING CO.,",,,2333,,,,,,,"EUGENE BRADLEY COCO",,"E2/2333",,0,,,,,,,,
"CAN I HAVE A STEGOSAURUS MOM?",,,"BRIGHT & EARLY BOOK",,,2334,,,,,,,"LOIS G. GRAMBLING",,"E2/2334",,0,"$5.95 ",,,,,,,
"APPEARANCES",,,"HOUGHTON MIFFLIN COMPANY",,,2335,,,,,,,"MILDRED PITTS WALTER",,"E2/2335",,0,,,,,,,,
"TRIPLE THREAT",,,"SCHOLASTIC",,,2336,,,,,,,"TRACEY WEST",,"E2/2336",,0,"$3.99 ",,,,,,,
"EARTH MOVEMENT",,,"SCOTT FORESMAN",,,2337,,,,,,,"CAROL TALLY",,"E2/2337",,0,,,,,,,,
"EVERYDAY HERO",,,"HYPER COLLINS PUBLISHERS",,,2338,,,,,,,"ACTON FIGUROA",,"E2/2338",,0,"$3.99 ",,,,,,,
"THE BURGLARSS BREAKFAST",,,"USBORNE PUBLISHING",,,2339,,,,,,,"FELICITY EVERETT",,"E2/2339",,0,"$4.95 ",,,,,,,
"DONALD DUCKS TOY SAILBOAT",,,"GOLDEN BOOKS PUBLISHING CO.,",,,2340,,,,,,,"ANNIE NORTH BEDFORD",,"E2/2340",,0,,,,,,,,
"HUNGRY ,HUNGRY SHARKS",,,"RANDOM HOUSE",,,2341,,,,,,,"JOANNA COLE",,"E2/2341",,0,"$2.00 ",,,,,,,
"MOOSE S LOOSE TOOTH",,,"SCHOLASTIC",,,2342,,,,,,,"JACQUELINE A. CLARKE",,"E2/2342",,0,,,,,,,,
"TURTLE THROWS A TANTRUM",,,"WEEKLY READER BOOKS",,,2343,,,,,,,"RICHARD HEFTER",,"E2/2343",,0,"RS80",,,,,,,
"ART THE GECKO MAKES A FRIENDS",,,"A YEARLING BOOK",,,2344,,,,,,,,,"E2/2344",,0,"RS60",,,,,,,
"THE PELICAN AND THE PEACOCK",,,"WEEKLY READER BOOKS",,,2345,,,,,,,"SALLY WITTMAN",,"E2/2345",,0,,,,,,,,
"BRER RABBIT GETS TRICKED",,,"RANDOM HOUSE",,,2346,,,,,,,"WALT DISNEY",,"E2/2346",,0,,,,,,,,
"FRANKLINS SCHOOL PLAY",,,"KIDS CAN PRESS",,,2347,,,,,,,"PAULETTE BOURGEOIS",,"E2/2347",,0,"$4.95 ",,,,,,,
"THE PRINCESS AND THE PEA",,,"CROWN PUBLISHERS",,,2348,,,,,,,"RUMPELSTILTSKIN",,"E2/2348",,0,,,,,,,,
"STONE SOUP",,,"PLAY MORE INC.",,,2349,,,,,,,"MARY ROWITZ",,"E2/2349",,0,"RS10",,,,,,,
"CHICKEN LITTLE",,,"RANDOM HOUSE",,,2350,,,,,,,"ANNIE AUERBACH",,"E2/2350",,0,"$3.59 ",,,,,,,
"EDWARDS EXPLOLT",,,"RANDOM HOUSE",,,2351,,,,,,,"REV.W.AWDRY",,"E2/2351",,0,"RS40",,,,,,,
"IF YOU WERE A PIONEER ON THE PRAIRIE",,,"SCHOLASTIC",,,2352,,,,,,,"ANNEKAMMA",,"E2/2352",,0,"$5.99 ",,,,,,,
"BLUE BERRYSFOR SAL",,,"SCHOLASTIC",,,2353,,,,,,,"ROBERT MCCLOSKEY",,"E2/2353",,0,"RS60",,,,,,,
"AFTERNOON ON THE AMAZON",,,"SCHOLASTIC",,,2354,,,,,,,"MARY POPE OSBORNE",,"E2/2354",,0,,,,,,,,
"JOY TO THE WORLD",,,"ADVANCE PUBLISHERS",,,2355,,,,,,,"DINA ANASTASIO",,"E2/2355",,0,"$2.95 ",,,,,,,
"HARVEYS HIDEOUT",,,"SCHOLASTIC",,,2356,,,,,,,"RUSSELL HOBAN",,"E2/2356",,0,,,,,,,,
"SNOW IS FALLING ",,,"SCHOLASTIC",,,2357,,,,,,,"FRANKLYN M. BRANLEY",,"E2/2357",,0,,,,,,,,
"FLICK TO THE RESCUE",,,"THE WALT DISNEY COMPANY",,,2358,,,,,,,"JANE B MASON",,"E2/2358",,0,"RS40",,,,,,,
"ARTHURS BABY",,,"LITTLE BROWN & COMPANY",,,2359,,,,,,,"MARC BROWN",,"E2/2359",,0,"$5.95 ",,,,,,,
"TEN IN A BED",,,"HEALTHY KIDS",,,2360,,,,,,,"MARY REES",,"E2/2360",,0,"RS60",,,,,,,
"WHEN MINDY SAVED HANUKKAH",,,"SCHOLASTIC",,,2361,,,,,,,"ERIC A KIMMEL",,"E2/2361",,0,"$3.95 ",,,,,,,
"WHO WILL BE THE SUN?",,,"THE TRUMPET CLUB ",,,2363,,,,,,,"JOANNA TROUGHTON",,"E2/2363",,0,"RS60",,,,,,,
"HOUND OF THE FAR SIDE",,,"AMEX COMPANY LIMITED",,,2364,,,,,,,"GARY LARSON",,"E2/2364",,0,"$5.95 ",,,,,,,
"SHOW ME YOUR SMILE! ",,,"SCHOLASTIC",,,2365,,,,,,,"CHRISTINE RICCI",,"E2/2365",,0,"$3.99 ",,,,,,,
"THE MUMMYS CURSE",,,"GOLDEN BOOKS PUBLISHING CO.,",,,2366,,,,,,,"PARKERSMITH",,"E2/2366",,0,,,,,,,,
"THE MAGIC SCHOOL BUS",,,"SCHOLASTIC",,,2367,,,,,,,,,"E2/2367",,0,,,,,,,,
"BOBNJOHN",,,"TROLL ASSOCIATES",,,2368,,,,,,,"MARILYN SADLER",,"E2/2368",,0,"RS 40",,,,,,,
"THE TRUCK BOOK",,,"GOLDEN BOOKS PUBLISHING CO.,",,,2369,,,,,,,"BILL GERE",,"E2/2369",,0,"RS30",,,,,,,
"WHOS THAT STEPPING ON PLYMOUTH ROCK?",,,"SCHOLASTIC",,,2370,,,,,,,"JEAN FRITZ",,"E2/2370",,0,,,,,,,,
"WHERE DO BABIES COME FROM",,,"USBORNE PUBLISHING",,,2371,,,,,,,"SUSAN MEREDITH",,"E2/2371",,0,"$4.95 ",,,,,,,
"DIEGO",,,"SCHOLASTIC",,,2372,,,,,,,"JEANETTE WINTER",,"E2/2372",,0,,,,,,,,
"THE FIRST BEAR IN SPACE",,,"STANDARD PUBLISHING COMPANY",,,2373,,,,,,,"JOHN BARRETT",,"E2/2373",,0,,,,,,,,
"TOO MANY BUNNIES",,,"WEEKLY READER BOOKS",,,2374,,,,,,,"TOMIE DEPAOLA",,"E2/2374",,0,"RS 40",,,,,,,
"THE VOICE OF THE SEA",,,"MAC GRAW HILL COMPANIES",,,2375,,,,,,,"PAUL ANDERS ",,"E2/2375",,0,"RS 30",,,,,,,
"DOCTOR DE SOTO",,,"SCHOLASTIC",,,2376,,,,,,,"WILLAM STEIG",,"E2/2376",,0,"$2.50 ",,,,,,,
"THE GREAT LAKES",,,"CHILDDREN S CHOICE BOOK CLUB",,,2377,,,,,,,"KATHY HENDERSON",,"E2/2377",,0,,,,,,,,
"REAL LIVE MONSTERS",,,"BACK PACK BOOKS",,,2378,,,,,,,"ELLEN SCHECTER",,"E2/2378",,0,,,,,,,,
"SPACE JAM",,,"SCHOLASTIC",,,2379,,,,,,,"KIMBERLY WEINBERGER",,"E2/2379",,0,,,,,,,,
"MOUSE SOUP",,,"HYPER COLLINS PUBLISHERS",,,2380,,,,,,,"ARNOLD LOBEL",,"E2/2380",,0,"RS30",,,,,,,
"WILD ,WILD WOLES",,,"RANDOM HOUSE",,,2381,,,,,,,"JOYCE MILTON ",,"E2/2381",,0,"$3.50 ",,,,,,,
"GINGER AND CASEY",,,"HOUGHTON MIFFLIN COMPANY",,,2382,,,,,,,"LUCY ASTRIKER",,"E2/2382",,0,,,,,,,,
"FRANKLINS BAD DAY",,,"SCHOLASTIC",,,2383,,,,,,,"PAULETTE BOURGEOIS",,"E2/2383",,0,"RS 40",,,,,,,
"THUMBELINA",,,"GROSSET & DUNLAP",,,2384,,,,,,,"FRANCINE HUGES",,"E2/2384",,0,"$0.99 ",,,,,,,
"DISCOVERING ANCIENT CIVILIZATIONS",,,"NATIONAL WILD LIFE FEDERATION",,,2385,,,,,,,"REBECCA L JOHNSON",,"E2/2385",,0,"RS 70",,,,,,,
"CLIFFORDS GOOD DEEDS",,,"SCHOLASTIC",,,2386,,,,,,,"NORMAN BRIDWEL",,"E2/2386",,0,,,,,,,,
"THE MAGIC SCHOOL BUS",,,"SCHOLASTIC",,,2387,,,,,,,"JOANNE COLE",,"E2/2387",,0,"RS60",,,,,,,
"A PICTURE BOOK FO JESSE OWENS",,,"SCHOLASTIC",,,2388,,,,,,,"DAVID ADLER",,"E2/2388",,0,"RS 50",,,,,,,
"A COW ON THE LINE",,,"RANDOM HOUSE",,,2389,,,,,,,"REV.W.AWDRY",,"E2/2389",,0,"$3.25 ",,,,,,,
"THE POWERPUFF GIRLS",,,"SCHOLASTIC",,,2390,,,,,,,"E.S.MOONEY",,"E2/2390",,0,"RS40",,,,,,,
"THE MAGIC SCHOOL BUS",,,"SCHOLASTIC",,,2391,,,,,,,,,"E2/2391",,0,"RS40",,,,,,,
"THE FRIENDLY BEASTS",,,"A FRIST TIME BOOK",,,2392,,,,,,,,,"E2/2392",,0,,,,,,,,
"CURIOUS GEORGE",,,"HOUGHTON MIFFLIN COMPANY",,,2393,,,,,,,"H A RAY",,"E2/2393",,0,"RS30",,,,,,,
"PERCYS CHCOLATE CRUNCH",,,"RANDOM HOUSE",,,2394,,,,,,,"THOMAS",,"E2/2394",,0,"$3.25 ",,,,,,,
"MAKE BELIEVE BRIDE",,,"RANDOM HOUSE",,,2395,,,,,,,"K EMILY HUTTA",,"E2/2395",,0,"RS40",,,,,,,
"THE COW BOY",,,"MAC GRAW HILL COMPANIES",,,2396,,,,,,,"MEG MICHEAL",,"E2/2396",,0,"RS 40",,,,,,,
"THE MAGIC FISH",,,"SCHOLASTIC",,,2397,,,,,,,"WINSLOW PINNEY PELS",,"E2/2397",,0,"RS 40",,,,,,,
"WHY CANT YOU UNSCRAMBLE AN EGG?",,,"TROLL ASSOCIATES",,,2398,,,,,,,"VICIKI COBB",,"E2/2398",,0,"RS 40",,,,,,,
"MALCOLMS RUNAWAY SOAP",,,"SCHOLASTIC",,,2399,,,,,,,"JO ELLEN BOGART",,"E2/2399",,0,"RS 60 ",,,,,,,
"DOUGS BIG SHOW",,,"DALMATIAN PRESS",,,2400,,,,,,,"RONALD KIDD",,"E2/2400",,0,"RS 40",,,,,,,
"TEACH US,AMELLA BEDELIA",,,"SCHOLASTIC",,,2401,,,,,,,"PEGGY PARISH",,"E2/2401",,0,"RS 30",,,,,,,
"THE HOUSE OF WINGS",,,"HOUGHTON MIFFLIN COMPANY",,,2402,,,,,,,"BETSY BYARS",,"E2/2402",,0,,,,,,,,
"LAB TO THE RESCUE",,,"SCHOLASTIC",,,2403,,,,,,,"HOWIE DEWIN",,"E2/2403",,0,,,,,,,,
"THE MYSTERY OF THE STOLEN BIKE",,,"LITTLE BROWN & COMPANY",,,2404,,,,,,,"MARC BROWN",,"E2/2404",,0,"$3.95 ",,,,,,,
"JUNNIE B.JONES",,,"RANDOM HOUSE",,,2405,,,,,,,"BARBARA PARK",,"E2/2405",,0,"$3.99 ",,,,,,,
"THE OUTSIDE DOG",,,"JUST FOR KIDS PRESS",,,2406,,,,,,,"CHARLOTTE POMERANTZ",,"E2/2406",,0,"$3.95 ",,,,,,,
"SCOOBY DOO AND YOU",,,"SCHOLASTIC",,,2407,,,,,,,"JENNY MARKAS",,"E2/2407",,0,,,,,,,,
"JUNIE B.FIRST GRADER",,,"SCHOLASTIC",,,2408,,,,,,,"BARBARA PARK",,"E2/2408",,0,,,,,,,,
"WALKING FORFREEDOM",,," ",,,2409,,,,,,,"RICHARD KELSO",,"E2/2409",,0,,,,,,,,
"THE MYSTERY OF THE STOLEN BIKE",,,"SCHOLASTIC",,,2410,,,,,,,"ELIZABETH LEVY",,"E2/2410",,0,"$3.99 ",,,,,,,
"DAYS WITH FROG AND TOOD",,,"HYPER COLLINS PUBLISHERS",,,2411,,,,,,,"ARHOLD LOBEL",,"E2/2411",,0,"$3.99 ",,,,,,,
"I MGLAD I M ME",,,"SCHOLASTIC",,,2412,,,,,,,"JACK PRELUTSKY",,"E2/2412",,0,,,,,,,,
"AN AMERICAN TAIL",,,"AMEX COMPANY LIMITED",,,2413,,,,,,,,,"E2/2413",,0,"$5.95 ",,,,,,,
"JUNIE B. JONES LOVES HANDSOME WARREN",,,"SCHOLASTIC",,,2414,,,,,,,"BARBARA PARK",,"E2/2414",,0,,,,,,,,
"ON YOUR MARK, GET SET, LAUGH",,,"GROSSET & DUNLAP",,,2415,,,,,,,"NANCY KRULIK",,"E2/2415",,0,"$3.99 ",,,,,,,
"JUST SO STORIES",,,"BUSTER BUNNY IN",,,2416,,,,,,,"RUDYARD KIPLING",,"E2/2416",,0,"RS. 45",,,,,,,
"ONCE UPON A TIME TALES",,,"LANDOLL S INC.",,,2417,,,,,,,"RUMPELSTILTSKIN",,"E2/2417",,0,"$0.80 ",,,,,,,
"THE HALLOWEEN PARTY FROM THE BLACK",,,"SCHOLASTIC",,,2418,,,,,,,"MIKE THAL ER",,"E2/2418",,0,"$3.99 ",,,,,,,
"PIERRE",,,"SCHOLASTIC",,,2419,,,,,,,"MAURICE SENDAK",,"E2/2419",,0,,,,,,,,
"MULAN",,,"RANDOM HOUSE",,,2420,,,,,,,"KATHERINE POINDEXTER",,"E2/2420",,0,,,,,,,,
"GENEROSITY",,,"LANDOLL S INC.",,,2421,,,,,,," JENNIFER BOUDART",,"E2/2421",,0,,,,,,,,
"IF I RAN THE SCHOOL",,,"SCHOLASTIC",,,2422,,,,,,,"BRUCE LANSKY",,"E2/2422",,0,,,,,,,,
"ASK EINSTEIN",,,"NELSON LANGUAGE ARTS",,,2423,,,,,,,"ALAN TRUSSELL CULLEN",,"E2/2423",,0,"$1.99 ",,,,,,,
"DINOSAURS BEFORE DARK",,,"RANDOM HOUSE",,,2424,,,,,,,"MARY POPE OSBORNE",,"E2/2424",,0,"$3.99 ",,,,,,,
"MICKEY MOUSE",,,"DALMATIAN PRESS",,,2425,,,,,,,,,"E2/2425",,0,"$1.67 ",,,,,,,
"ANDERSENS FAIRY TALES",,,"RANDOM HOUSE",,,2426,,,,,,,"ROSE DOBBS",,"E2/2426",,0,,,,,,,,
"TOTALLY SPIES",,,"STANDARD PUBLISHING COMPANY",,,2427,,,,,,,"LAN MAYER",,"E2/2427",,0,"$7.99 ",,,,,,,
"SPIDER MAN",,,"MARVEL CHARACTERS INC",,,2428,,,,,,,"FIERCEST FOES",,"E2/2428",,0,"$6.99 ",,,,,,,
"LADY AND THE TRAMP",,,"THE WALT DISNEY COMPANY",,,2429,,,,,,,,,"E2/2429",,0,,,,,,,,
"COME BACK SNOOPY",,,"GOLDEN BOOKS PUBLISHING CO.,",,,2430,,,,,,,"NORMA SIMONE",,"E2/2430",,0,,,,,,,,
"BABY ANIMALS",,,"AMEX COMPANY LIMITED",,,2432,,,,,,,"ANGELA ROYASTON",,"E2/2432",,0,"RS. 50",,,,,,,
"DISCOVER THE RAIN FOREST",,,"MC. DONALD",,,2433,,,,,,,"GAD MEIRON",,"E2/2433",,0,"RS. 30",,,,,,,
"THE MOON CHEESE",,,"SCOTT FORESMAN",,,2434,,,,,,,"JAN M. MIKE",,"E2/2434",,0,"RS. 30",,,,,,,
"FELICITYS SURPRISE",,,"AMEX COMPANY LIMITED",,,2435,,,,,,,"VALERIE TRIPP",,"E2/2435",,0,"RS. 30",,,,,,,
"THE SILVER SLIPPERS",,,"WORKMAN PUBLISHING",,,2436,,,,,,," ELIZABETH KODA CALLAN",,"E2/2436",,0,"RS. 70",,,,,,,
"PINOCCHIO AND ISLE OF FUN",,,"THE WALT DISNEY COMPANY",,,2437,,,,,,,,,"E2/2437",,0,"RS. 30",,,,,,,
"UNITS OF MEASURE",,,"VIKING PENGUIM",,,2438,,,,,,,"J. E. OSBORNE",,"E2/2438",,0,"RS.30",,,,,,,
"THA LUNCH LINE",,,"SCHOLASTIC",,,2439,,,,,,,"KAREN BERMAN NAGEL",,"E2/2439",,0,"$1.60 ",,,,,,,
"IM GLAD IM ME",,,"SCHOLASTIC",,,2440,,,,,,,"JACK PRELUTSKY",,"E2/2440",,0,,,,,,,,
"GORILLAS",,,"RANDOM HOUSE",,,2441,,,,,,,"JOYCE MILTON",,"E2/2441",,0,"$2.50 ",,,,,,,
"THIDWICK",,,"COLLINS",,,2442,,,,,,,"DR. SEUSS",,"E2/2442",,0,"RS.35",,,,,,,
"PLANET OF EYEBALLS",,,"RANDOM HOUSE",,,2443,,,,,,,"JON BULLER",,"E2/2443",,0,"$3.59 ",,,,,,,
"HAPPY BIRTHDAY SAMANTHA",,,"PLAY MORE INC.",,,2444,,,,,,,"VALERIE TRIPP",,"E2/2444",,0,"$5.95 ",,,,,,,
"AMELIA BEDELIA AND SURPRISE SHOWER",,,"TROLL ASSOCIATES",,,2445,,,,,,,"PEGGY PARISH",,"E2/2445",,0,"$3.75 ",,,,,,,
"POKEMON",,,"SCHOLASTIC",,,2446,,,,,,,"TRACEY WEST",,"E2/2446",,0,"$4.99 ",,,,,,,
"ALADDIN AND MAGIC LAMP",,,"RANDOM HOUSE",,,2447,,,,,,,"DEBORAH HAUTZIG",,"E2/2447",,0,"$3.50 ",,,,,,,
"HULK",,,"MARVEL CHARACTERS INC",,,2448,,,,,,,"MICHAEL TEITELBAUM",,"E2/2448",,0,"RS.50",,,,,,,
"LITTLE BEAR",,,"OCOPUS BOOKS LIMITED",,,2449,,,,,,,"ELSE HOLMELUND MINARK",,"E2/2449",,0,"$14.00 ",,,,,,,
"YO YO TRICKS",,,"STANDARD PUBLISHING COMPANY",,,2450,,,,,,,"SHAR LEVINE",,"E2/2450",,0,,,,,,,,
"BABY BROWN BEARS BIG BELLYACHE ",,,"OCOPUS BOOKS LIMITED",,,2451,,,,,,,"EUGENE BRADLEY COCO",,"E2/2451",,0,,,,,,,,
"DO BUILDINGS HAVE BONES",,,"TIME-LIFE BOOKS",,,2452,,,,,,,"ALEXANDRIA VIRGINIA",,"E2/2452",,0,,,,,,,,
"TELL ME A TALE",,,"ADVANCE PUBLISHERS",,,2453,,,,,,,"AARON BOYD",,"E2/2453",,0,,,,,,,,
"A PERFECT LITTLE PIGLET",,,"THE WALT DISNEY COMPANY",,,2454,,,,,,,,,"E2/2454",,0,,,,,,,,
"ON MY WAY SESAME STREET",,,"FUNK & WAGNALLS",,,2455,,,,,,,"LINDA HAYWARD",,"E2/2455",,0,,,,,,,,
"BETTER HOMES AND GARDENS",,,"BENDON PUBLISHING INTERNATIONAL",,,2456,,,,,,,,,"E2/2456",,0,,,,,,,,
"HAPPY BIRTHDAY UNICORN",,,"WONDERFUL WORLD READING",,,2457,,,,,,,"JACQUELYN REINACH",,"E2/2457",,0,,,,,,,,
"KISS ME I,M, VULTURE",,,"WONDERFUL WORLD READING",,,2458,,,,,,,"RICHARD HEFTER",,"E2/2458",,0,"RS 80C",,,,,,,
"CHARLIE BROWNS CYCLOPEDIA",,,"FUNK & WAGNALLS",,,2459,,,,,,,,,"E2/2459",,0,,,,,,,,
"MIRACLE IN THE MORNING",,,"CHILDDREN S CHOICE BOOK CLUB",,,2460,,,,,,,"MARY E.ERICKSON",,"E2/2460",,0,"RS100",,,,,,,
"THE SNEETCHES AND OTHER STORIES",,,"COLLINS",,,2461,,,,,,,"DR. SEUSS",,"E2/2461",,0,,,,,,,,
"TALE OF A TIGER",,,"SCHOLASTIC",,,2462,,,,,,,"DUGALD STEER",,"E2/2462",,0,,,,,,,,
"THE NUR RHYMES OF WINNIE THE POOH",,,"THE WALT DISNEY COMPANY",,,2463,,,,,,,,,"E2/2463",,0,"RS 100",,,,,,,
"DISNEYS YEAR BOOK1995",,,"GROLIER BOOKS",,,2464,,,,,,,"DANBURY",,"E2/2464",,0,,,,,,,,
"PETER PAN ",,,"TROLL ASSOCIATES",,,2465,,,,,,,,,"E2/2465",,0,"RS 150",,,,,,,
"IF THE EARTH ",,,"GRANDREAMS BOOKS LIMITED",,,2466,,,,,,,"JOE MILLER ",,"E2/2466",,0,,,,,,,,
"GOODNIGHT PAINTED PONY",,,"GENERAL PUBLISHING, LIMITED",,,2468,,,,,,,"JOHN MCINNES",,"E2/2468",,0,"RS 70",,,,,,,
"BLUE RIBBON ",,,"THE TRUMPET CLUB ",,,2469,,,,,,,"LEO FAY",,"E2/2469",,0,"RS 150",,,,,,,
"DISNEYS YEAR BOOK1993",,,"GROLIER BOOKS",,,2470,,,,,,,"DANBURY",,"E2/2470",,0,,,,,,,,
"RAPUNZEL",,,"CREATIVE CHILD PRESS",,,2471,,,,,,,"YVETTE BANEK",,"E2/2471",,0,"RS90",,,,,,,
"BARNEYS FAVORITE MOTHER GOOSE RHY",,,"BARONET BOOKS",,,2472,,,,,,," STEPHEN WHITE",,"E2/2472",,0,"RS 60",,,,,,,
"RACHEIS JOURNAL",,,"SCHOLASTIC",,,2473,,,,,,,"MARISSA MOSS",,"E2/2473",,0,"RS 60",,,,,,,
"BLACKBEARD",,,"PLAY MORE INC.",,,2474,,,,,,,"AILEEN WEINTRAUB",,"E2/2474",,0,"RS 40",,,,,,,
"RAINY DAY FRIENDS ",,,"ADVANCE PUBLISHERS",,,2475,,,,,,,,,"E2/2475",,0,,,,,,,,
"LION KING SIMBAS PRIDE",,,,,,2476,,,,,,,"WALT DISNEY ",,"E2/2476",,0,,,,,,,,
"KNOTS ON A COUNTING ROPE",,,"THE TRUMPET CLUB ",,,2477,,,,,,,"BILL MARTIN JR ",,"E2/2477",,0,"RS 60",,,,,,,
"A MOUSE IN MY HOUSE",,,"HYPER COLLINS PUBLISHERS",,,2478,,,,,,,"NANCY VAN LAAN",,"E2/2478",,0,,,,,,,,
"HAPPY HEALTHY POOH BOOK ",,,"GOLDEN BOOKS PUBLISHING CO.,",,,2479,,,,,,,"WISCONSIN",,"E2/2479",,0,,,,,,,,
"BORIS BEAVER",,,"SCHOLASTIC",,,2480,,,,,,,"ANTHEA BELL",,"E2/2480",,0,"RS 60",,,,,,,
"NO MORE DIAPERS",,,"GOLDEN BOOKS PUBLISHING CO.,",,,2482,,,,,,,"SESAME STREET",,"E2/2482",,0,"$2.99 ",,,,,,,
"MY MAMA SAYS THERE ARENT ANY KAY CHORAO",,,"AMEX COMPANY LIMITED",,,2483,,,,,,,,,"E2/2483",,0,"RS 40",,,,,,,
"POOH JUST BE NICE AND LET EVERY ONE ",,,"GOLDEN BOOKS PUBLISHING CO.,",,,2484,,,,,,," LESLIE MCGUIRE ",,"E2/2484",,0,"RS 40",,,,,,,
"A BUGS LIFE THE BIG RESCUE",,,"GOLDEN BOOKS PUBLISHING CO.,",,,2485,,,,,,,"ANDREA AND JOHN ALVIN ",,"E2/2485",,0,,,,,,,,
"MY HOUSE ",,,"GOLDEN BOOKS PUBLISHING CO.,",,,2486,,,,,,,"RICHARD SCARRY",,"E2/2486",,0,"$1.25 ",,,,,,,
" CHIRP WINTER FUN ",,,,,,2487,,,,,,,,,"E2/2487",,0,,,,,,,,
"THE MAGIC SCHOOL BUS ",,,"SCHOLASTIC",,,2488,,,,,,,"JOANNA COLE ",,"E2/2488",,0,,,,,,,,
"THE HOUSE IN THE HOLE IN THE SIDE OF ?",,,"WONDERFUL WORLD READING",,,2489,,,,,,," GILBERT BEERS",,"E2/2489",,0,"RS 100",,,,,,,
"EENY ,MEENY, MINEY MOLE",,,"VOYAGER BOOKS",,,2490,,,,,,,"KATHRYN BROWN",,"E2/2490",,0,"RS 50",,,,,,,
"THE LAZY ENORMOSAUR",,,"PLAY MORE INC.",,,2491,,,,,,,"MARY ANN RAWLUK",,"E2/2491",,0,,,,,,,,
"THE CABOOSE WHO GOT LOOSE ",,,"HOUGHTON MIFFLIN COMPANY",,,2492,,,,,,,"BILL PEET",,"E2/2492",,0,"$8.95 ",,,,,,,
"PUZZLEMANIA",,,"JUST FOR KIDS PRESS",,,2493,,,,,,,"HIGHLIGHTS",,"E2/2493",,0,"$5.95 ",,,,,,,
"SNOW FRIENDS",,,"SCHOLASTIC",,,2494,,,,,,,"M. CHRISTINA BUTLER ",,"E2/2494",,0,,,,,,,,
"IS YOUR MAMA A LLAMA",,,"SCHOLASTIC",,,2495,,,,,,,"DEBORAH GUARINO",,"E2/2495",,0,"$7.99 ",,,,,,,
"THE GHOST SHIP ",,,"SCHOLASTIC",,,2496,,,,,,,"FIONO CONBOY",,"E2/2496",,0,"$30 ",,,,,,,
"YU ,GI. OHCOLLECTOR",,,"SCHOLASTIC",,,2497,,,,,,,"BECKETT",,"E2/2497",,0,"$60 ",,,,,,,
"A BOY WANTS A DINOSAUR",,,,,,2498,,,,,,,,,"E2/2498",,0,,,,,,,,
"NO BODY KNOWS",,,"RED WAGON BOOKS",,,2499,,,,,,,"A SHELTON ROLLINS",,"E2/2499",,0,,,,,,,,
"THE TREASURE ISLANDS ",,,"ELECTRONIC EDUCATION",,,2500,,,,,,,,,"E2/2500",,0,,,,,,,,
"SHARKS",,,"PLAY MORE INC.",,,2501,,,,,,,"LYNN WILSON",,"E2/2501",,0,"US$2.25",,,,,,,
"BOBS BIRTHDAY",,,"SIMON AND SCHUSTER SPOTLIGHT",,,2502,,,,,,,"DIANE REDMOND",,"E2/2502",,0,"RS 40",,,,,,,
"DECEMBER SECRETS",,,"WEEKLY READER BOOKS",,,2504,,,,,,,"PATRICIA REILLY GIFF",,"E2/2504",,0,"$8.95 ",,,,,,,
"CHRITOPHER ROBIN GIVES POOH A PARTY",,,"DUTTON CHILDREN S BOOK",,,2505,,,,,,,"A.A. MILNE",,"E2/2505",,0,"RS 70",,,,,,,
"GARBAGE CAN CAT",,,"WEEKLY READER BOOKS",,,2506,,,,,,,"JOAN AUSTIN GEIER",,"E2/2506",,0,,,,,,,,
"KANGA AND BABY ROO COME TO THE FOREST",,,"PUFFIN BOOKS",,,2507,,,,,,,"A.A. MILNE",,"E2/2507",,0,,,,,,,,
"THE PERFECT PRINCESS",,,"THE WALT DISNEY COMPANY",,,2508,,,,,,,,,"E2/2508",,0,"$3.99 ",,,,,,,
"SHOPING SPREE",,,"TROLL ASSOCIATES",,,2509,,,,,,,"MONICA WEISS",,"E2/2509",,0,"RS 40",,,,,,,
"BACKPACKS FULL OF LOVE",,,"TIME-LIFE BOOKS",,,2510,,,,,,,"LINDA ILHAM BARTO",,"E2/2510",,0,,,,,,,,
"MEET BABAR AND HIS FAMILY",,,"RANDOM HOUSE",,,2511,,,,,,,"LAURENT DE BRUNHOFF",,"E2/2511",,0,"US$2.25",,,,,,,
"EENCY WEENCY SPIDER",,,"A BANTAM BOOK",,,2512,,,,,,,"JOANNE OPPENHEIM",,"E2/2512",,0,"RS 30",,,,,,,
"COCINERITOS",,,"ELECTRONIC EDUCATION",,,2513,,,,,,,"MARY BRANDT",,"E2/2513",,0,"RS 60",,,,,,,
"SONG LEE IN ROOM 2B ",,,"SCHOLASTIC",,,2514,,,,,,,"SUZY KLINE",,"E2/2514",,0,"RS 30",,,,,,,
"ALADDIN",,,"GOLDEN BOOKS PUBLISHING CO.,",,,2515,,,,,,,"DARREL BAKER",,"E2/2515",,0,"RS 40",,,,,,,
"BUFFALO BILL AND THE PONY EXPRESS",,,"HYPER COLLINS PUBLISHERS",,,2516,,,,,,,"ELEANOR COERR",,"E2/2516",,0,"US$3.95",,,,,,,
"THE TALE OF BENJAMIN BUNNY",,,"F.WARNE&CO",,,2517,,,,,,,"BEATRIX POTTER",,"E2/2517",,0,,,,,,,,
"TIGGERS DON?T CLIMB TREES",,,"DUTTON CHILDREN S BOOK",,,2518,,,,,,,"A.A. MILNE",,"E2/2518",,0,,,,,,,,
"THE BERENSTAIN BEARS &THE TRUTH",,,"RANDOM HOUSE",,,2519,,,,,,,"STAN&JAN BERENSTAIN",,"E2/2519",,0,"RS 60",,,,,,,
"EARLY READERS",,,"AMEX COMPANY LIMITED",,,2520,,,,,,,"LAVAUN LINDE",,"E2/2520",,0,,,,,,,,
"SCARY STORIES",,,"RAINBOW BRIDGE",,,2521,,,,,,,,,"E2/2521",,0,"RS 40",,,,,,,
"THE LION WHO WOULDN?T BRUSH HIS TEETH",,,"DELL PUBLISHING Co.Inc",,,2522,,,,,,,"MIKE PEELE",,"E2/2522",,0,,,,,,,,
"RUNAWAY SANDY",,,"HOUGHTON MIFFLIN COMPANY",,,2523,,,,,,,"NICOLAS THILO",,"E2/2523",,0,"RS 10",,,,,,,
"TRANSFORMERS ARMADA",,,"DORLING KINDERSLEY",,,2524,,,,,,,"ANDREW DONKIN ",,"E2/2524",,0,"US$3.99",,,,,,,
"KEEKER AND THE SNEAKY PONY",,,"SCHOLASTIC",,,2525,,,,,,,"HADLEY HIGGINSON",,"E2/2525",,0,,,,,,,,
"MY VERY FIRST GOLDEN GOOSE",,,"CREATIVE CHILD PRESS",,,2526,,,,,,,"ROCHELLE LARKIN",,"E2/2526",,0,"$1.50 ",,,,,,,
"DORRIE AND THE BLUE WITCH",,,"DELL PUBLISHING Co.Inc",,,2527,,,,,,,"PATRICIA COOMBS",,"E2/2527",,0,"RS 30",,,,,,,
"MY PICTURE MISSAL",,,"CHILDDREN S CHOICE BOOK CLUB",,,2528,,,,,,,"BREV.LAWRENCE G.LOVASIK",,"E2/2528",,0,,,,,,,,
"MARSUPIAL SUE",,,"SIMON AND SCHUSTER SPOTLIGHT",,,2529,,,,,,,"JOHN LITHGOW",,"E2/2529",,0,"RS 20",,,,,,,
"SPONGEBOB AIRPANTS",,,"SCHOLASTIC",,,2530,,,,,,,"KITTY RICHARDS",,"E2/2530",,0,"US$3.99",,,,,,,
"ZOO OF BALLOONS",,,"SCHOLASTIC",,,2531,,,,,,,"SONIA SANDER",,"E2/2531",,0,,,,,,,,
"HOW DO DINOSAURS LEARN TO READ",,,"SCHOLASTIC",,,2532,,,,,,,"JANE YOLEN&MARK TEAGUE",,"E2/2532",,0,,,,,,,,
"A DREAM COME TRUE",,,"THE WALT DISNEY COMPANY",,,2533,,,,,,,,,"E2/2533",,0,"US$3.99",,,,,,,
"ICE SKATING PRINCESS",,,"SCHOLASTIC",,,2534,,,,,,,"MARIA S. BARBO",,"E2/2534",,0,"$3.99 ",,,,,,,
"THE BOOK REPORT FROM THE BLACK LAGOON",,,"SCHOLASTIC",,,2535,,,,,,,"MIKE THALER",,"E2/2535",,0,"RS 30",,,,,,,
"JANE AND JAKE BAKE A CAKE",,,"SCHOLASTIC",,,2536,,,,,,,"BETTINA LING",,"E2/2536",,0,,,,,,,,
"MY L BOOK",,,"GROLIER BOOKS",,,2537,,,,,,,"JANE BELK MONCURE",,"E2/2537",,0,,,,,,,,
"DINOSAURS STORY",,,"SCHOLASTIC",,,2538,,,,,,,"JOANNA COLE",,"E2/2538",,0,"RS 60",,,,,,,
"I LOVE SNOW",,,"SCHOLASTIC",,,2539,,,,,,,"HANS WILHELM",,"E2/2539",,0,"US$3.99",,,,,,,
"THE HAUNTED GYM",,,"SCHOLASTIC",,,2540,,,,,,,"TRACEY WEST",,"E2/2540",,0,"US $3.99",,,,,,,
"THREE TOOTS FOR FREDDIE",,,"PLAY MORE INC.",,,2541,,,,,,,,,"E2/2541",,0,42.95,,,,,,,
"CARS",,,"THE WALT DISNEY COMPANY",,,2542,,,,,,,,,"E2/2542",,0,,,,,,,,
"MRS TOGGIE AND THE DINOSAURS",,,"SCHOLASTIC",,,2543,,,,,,,"ROBIN PULVER",,"E2/2543",,0,,,,,,,,
"LETS SHARE BARBIE",,,"GOLDEN BOOKS PUBLISHING CO.,",,,2544,,,,,,,"MICHELLE FOERDER",,"E2/2544",,0,,,,,,,,
"FENTON AND THE MAGIC BAG",,,"AMEX COMPANY LIMITED",,,2545,,,,,,,"RUTH LERNER PERLE",,"E2/2545",,0,"RS 70",,,,,,,
"FIGHTER PLANES",,,"BARONET BOOKS",,,2546,,,,,,,"BILL GUNSTON OBE FRAES",,"E2/2546",,0,,,,,,,,
"ROBOTS",,,"SCHOLASTIC",,,2547,,,,,,,"KRIS HIRSCHMANN",,"E2/2547",,0,,,,,,,,
"TOM & JERRY BIG MOVE",,,"GOLDEN BOOKS PUBLISHING CO.,",,,2548,,,,,,,"JEAN LEWIS",,"E2/2548",,0,,,,,,,,
"LITTLE SISTER",,,"SCHOLASTIC",,,2549,,,,,,,"ANN M. MARTIN",,"E2/2549",,0,,,,,,,,
"THE TALE OF MR. JEREMY FISHER",,,"F.WARNE&CO",,,2550,,,,,,,"BEATRIX POTTER",,"E2/2550",,0,,,,,,,,
"SHADES OF BLACK",,,"SCHOLASTIC",,,2551,,,,,,,"SANDRA L. PINKNEY",,"E2/2551",,0,,,,,,,,
"WHERE DOES THE BROWN BEAR GO?",,,"SCHOLASTIC",,,2552,,,,,,,"NICKI WEISS",,"E2/2552",,0,,,,,,,,
"SALLY SHEEPS NEW NIBBLES",,,"BACK PACK BOOKS",,,2553,,,,,,,"DEBBIE RIVERS-MOORE",,"E2/2553",,0,,,,,,,,
"HERMIT THE CRAB",,,"CREATIVE CHILD PRESS",,,2554,,,,,,,"MARTHA HUELSENBECK",,"E2/2554",,0,,,,,,,,
"HUSH, LITTLE ALIEN",,,"SCHOLASTIC",,,2555,,,,,,,"DANIEL KIRK",,"E2/2555",,0,,,,,,,,
"CLOUDY WITH A CHANCE OF MEATBALLS",,,"SCHOLASTIC",,,2556,,,,,,,"JUDI BARRETT",,"E2/2556",,0,,,,,,,,
"LITTLE NINOS PIZZERIA",,,"HARCOURT BRACE JOVANOVICH",,,2557,,,,,,,"KAREN BARBOUR",,"E2/2557",,0,"$4.95 ",,,,,,,
"ITS ME, HIPPO!",,,"INNISBROOK WRAPS",,,2558,,,,,,,"MIKE THALEI",,"E2/2558",,0,"$7.95 ",,,,,,,
"CHRISTMAS COOKIES",,,"INNISBROOK WRAPS",,,2559,,,,,,,"LILLIAN HOBAN",,"E2/2559",,0,"$8.95 ",,,,,,,
"WINNIE THE POOH AND HIS FRIENDS",,,"BRIGHT & EARLY BOOK",,,2560,,,,,,,"A.A.MILNE",,"E2/2560",,0,,,,,,,,
"BEAUTY AND THE BEAST",,,"GOLDEN BOOKS PUBLISHING CO.,",,,2561,,,,,,,,,"E2/2561",,0,,,,,,,,
"JUST ME AND MY FAMILY",,,"GOLDEN BOOKS PUBLISHING CO.,",,,2562,,,,,,,"MERCER MAYER",,"E2/2562",,0,"$25 ",,,,,,,
"THE LION KING 1 1/2 ",,,"SCHOLASTIC",,,2564,,,,,,,,,"E2/2564",,0,,,,,,,,
"WORLDS WEIRDEST SEA CREATURES",,,"TROLL ASSOCIATES",,,2565,,,,,,,"M.L.ROBERTS",,"E2/2565",,0,"$2.25 ",,,,,,,
"TALES OF MAGIC",,,"THE WALT DISNEY COMPANY",,,2566,,,,,,,,,"E2/2566",,0,,,,,,,,
"MAS RESPETO,POR FAVOR",,,,,,2567,,,,,,,"OLGA ROMERO",,"E2/2567",,0,,,,,,,,
"CREEPY CREATURES",,,"RANDOM HOUSE",,,2568,,,,,,,"EARL BROOKS ",,"E2/2568",,0,,,,,,,,
"DORAS COSTUME PARTY!",,,"SCHOLASTIC",,,2569,,,,,,,"CHRISTINE RICCI",,"E2/2569",,0,"$3.99 ",,,,,,,
"JOURNEY TO THE TOP OF THE EARTH",,,,,,2570,,,,,,,"ROBORT F.ROBBEN",,"E2/2570",,0,"$5.95 ",,,,,,,
"SCOOP SAVES THE DAY",,,,,,2571,,,,,,,"DIANE REDMOND",,"E2/2571",,0,"$3.50 ",,,,,,,
"UMBRELLABIRDS UMBRELLA",,,"SCHOLASTIC",,,2572,,,,,,,"HEATHER FELDMAN",,"E2/2572",,0,"$2.25 ",,,,,,,
"CINDERELLA",,,"GROLIER BOOKS",,,2573,,,,,,,,,"E2/2573",,0,,,,,,,,
"BARBIE GLAMOUR FASHIONS ",,,"READER DIGEST",,,2574,,,,,,,"MARY MAN-KONG",,"E2/2574",,0,"$8.99 ",,,,,,,
"QUESTIONS KIDS ABOUT FOOD",,,"JUST FOR KIDS PRESS",,,2575,,,,,,,,,"E2/2575",,0,,,,,,,,
"PRECIOUS MOMENTS",,,"BACK PACK BOOKS",,,2576,,,,,,,,,"E2/2576",,0,"$6.80 ",,,,,,,
"MRS.TOGGLE AND THE DINOSAUR",,,"CHILDDREN S CHOICE BOOK CLUB",,,2577,,,,,,,"R.W.ALLEY",,"E2/2577",,0,"$12.95 ",,,,,,,
"STEPPING STONES",,,"A BANTAM BOOK",,,2578,,,,,,,"LAUREL HICKS",,"E2/2578",,0,,,,,,,,
"ONE DISH MEALS",,,"GENERAL PUBLISHING, LIMITED",,,2579,,,,,,,"S.J.A. DE VILLIERS",,"E2/2579",,0,,,,,,,,
"MY CATS SECRET",,,"DORLING KINDERSLEY",,,2580,,,,,,,"KAREN WALLACE",,"E2/2580",,0,"$3.95 ",,,,,,,
"ALL ABOUT MATTER",,,"HARCOURT BRACE JOVANOVICH",,,2581,,,,,,,,,"E2/2581",,0,,,,,,,,
"LITTLE QUACKS NEW FRIEND",,,"SCHOLASTIC",,,2582,,,,,,,"LAUREN THOMPSON",,"E2/2582",,0,"$3.99 ",,,,,,,
"WHAT HAPPENED TO PATRICKS DINOSAURS?",,,"CHILDDREN S CHOICE BOOK CLUB",,,2583,,,,,,,"CAROL CARRICK",,"E2/2583",,0,"$4.95 ",,,,,,,
"THOSE CAN DO PIGS",,,"SCHOLASTIC",,,2584,,,,,,,,,"E2/2584",,0,,,,,,,,
"WINNIE THE POOH AND THE HONEY TREE",,,,,,2585,,,,,,,,,"E2/2585",,0,,,,,,,,
"IS IT FRIDAY YET?",,,"BRIGHT & EARLY BOOK",,,2586,,,,,,,"GREG EUMS",,"E2/2586",,0,,,,,,,,
"DIANA PRINCESS OF WALES",,,,,,2587,,,,,,,"AUDREY DALY",,"E2/2587",,0,"$3.50 ",,,,,,,
"GOOD CARES FOR CLAIRE",,,"HOUGHTON MIFFLIN COMPANY",,,2588,,,,,,,"LAURA DERICO",,"E2/2588",,0,,,,,,,,
"CIRCLES ",,,"HOUGHTON MIFFLIN COMPANY",,,2589,,,,,,,"ADRIA KLEIL",,"E2/2589",,0,,,,,,,,
"FIZZ",,,"SCHOLASTIC",,,2590,,,,,,,"GRACE MACCARONE",,"E2/2590",,0,20,,,,,,,
"POOH VISITS THE DOCTOR",,,"BOOK CLUB",,,2591,,,,,,,"KATHLEEN W. ZOEHFELD",,"E2/2591",,0,,,,,,,,
"THE CAT IN THE HAT",,,"GROLIER BOOKS",,,2592,,,,,,,"DR. SEUSS",,"E2/2592",,0,,,,,,,,
"GOOSE GOOFS OFF",,,"WEEKLY READER BOOKS",,,2593,,,,,,,"JACQUELYN REINACH",,"E2/2593",,0,,,,,,,,
"ELEPHANT EATS THE PROFITS",,,"WEEKLY READER BOOKS",,,2594,,,,,,,"JACQUELYN REINACH",,"E2/2594",,0,,,,,,,,
"READING?EVERY CHILD WILL SUCCEED",,,,,,2595,,,,,,,"SCOTT FORESMAN ",,"E2/2595",,0,,,,,,,,
"BEAUTY AND THE BEAST",,,"THE WALT DISNEY COMPANY",,,2596,,,,,,,,,"E2/2596",,0,,,,,,,,
"TEADY BEARS",,,"BENDON PUBLISHING INTERNATIONAL",,,2597,,,,,,,,,"E2/2597",,0,,,,,,,,
"HAPPY FEET",,,"PLAY MORE INC.",,,2598,,,,,,,,,"E2/2598",,0,,,,,,,,
"JUNIOR WOODCHUCK JAMBOREE",,,"THE WALT DISNEY COMPANY",,,2599,,,,,,,,,"E2/2599",,0,,,,,,,,
"POOH GOOD AS GOLD",,,"THE WALT DISNEY COMPANY",,,2600,,,,,,,,,"E2/2600",,0,,,,,,,,
"THE LION KING ",,,,,,2601,,,,,,,,,"E2/2601",,0,,,,,,,,
"BIRDS WONDERS OF WILD LIFE",,,,,,2602,,,,,,,,,"E2/2602",,0,,,,,,,,
"MR.PEPPERPOTS PET",,,"MIMOSA PUBLICASHION",,,2603,,,,,,,"GWEN PASCOE",,"E2/2603",,0,,,,,,,,
"FLUFFY BUNNIES",,,"PLAY MORE INC.",,,2604,,,,,,,,,"E2/2604",,0,"$5.95 ",,,,,,,
"ANGELINA ON STAGE",,,,,,2605,,,,,,,"KATHARINE HOLDBIRD",,"E2/2605",,0,,,,,,,,
"PICTURE DICTIONARY",,,"Award Publications",,,2606,,,,,,,"RICHARD E WYLIE",,"E2/2606",,0,,,,,,,,
"NATE THE GREAT PHONY CLUB",,,,,,2607,,,,,,,"MARJORIE WEINMAN SHARMAT",,"E2/2607",,0,"$4.50 ",,,,,,,
"AT THE ZOO",,,"BENDON PUBLISHING INTERNATIONAL",,,2608,,,,,,,,,"E2/2608",,0,"$1.00 ",,,,,,,
"MAGNETIC LEARNING ",,,"POCKET BOOKS",,,2609,,,,,,,,,"E2/2609",,0,"$8.95 ",,,,,,,
"THE BIG DAY AT SCHOOL",,,"SCHOLASTIC",,,2610,,,,,,,"ELEANOR FREMONT",,"E2/2610",,0,,,,,,,,
"WORKING HARD WITH THE MIGHTY MIXER",,,"SCHOLASTIC",,,2611,,,,,,,"FRANCINE HUGHES",,"E2/2611",,0,"$3.50 ",,,,,,,
"A YABBA-DABBA-DOO!ADVENTURE",,,"GROSSET & DUNLAP",,,2613,,,,,,,"WENDY S.LARSON",,"E2/2613",,0,"$2.50 ",,,,,,,
"RUGRATS BLAST OFF!",,,"NICKELODEON",,,2615,,,,,,,"STHEPHANIE ST.PIERRE",,"E2/2615",,0,40,,,,,,,
"BOUNCE AROUND,TIGGER!",,,"GOLDEN BOOKS PUBLISHING CO.,",,,2616,,,,,,,"ANN BRAYBROOKS",,"E2/2616",,0,,,,,,,,
"IN THE DARK",,,"A FRIST TIME BOOK",,,2617,,,,,,,"STAN&JAN BERENSTAIN",,"E2/2617",,0,,,,,,,,
"THE TALE OF PETER RABBIT",,,"THE CHILDREN BOOK",,,2618,,,,,,,"BEATRIX POTTER",,"E2/2618",,0,"$1 ",,,,,,,
"TOO MANY PUPPIES",,,"GOLDEN BOOKS PUBLISHING CO.,",,,2619,,,,,,,"LISA TRUSIANI PARKER ",,"E2/2619",,0,,,,,,,,
"THE MAGIC SCHOOL BUS",,,"SCHOLASTIC",,,2620,,,,,,,"JOANNA COLE",,"E2/2620",,0,40,,,,,,,
"THE MAGIC SCHOOL BUS",,,"SCHOLASTIC",,,2621,,,,,,,"JOANNA COLE",,"E2/2621",,0,,,,,,,,
"THE GOLDEN GOOSE",,,"SCHOLASTIC",,,2623,,,,,,,"SUSAN SAUNDERS",,"E2/2623",,0,40,,,,,,,
"BIG SARAHS LITTE BOOTS",,,"SCHOLASTIC",,,2624,,,,,,,"PAULETTE BOURGEOIS",,"E2/2624",,0,,,,,,,,
"THE BERENSTAIN BEARS AND THE MESSY ROOM",,,"A FRIST TIME BOOK",,,2625,,,,,,,"STAN&JAN BERENSTAIN",,"E2/2625",,0,,,,,,,,
"HOW I SAVED THE WORLD",,,"SCHOLASTIC",,,2626,,,,,,,"BUGS BUNNY",,"E2/2626",,0,,,,,,,,
"BIG FRANKS FIRE TRUCK",,,"RANDOM HOUSE",,,2627,,,,,,,"LESLIE MCGUIRE",,"E2/2627",,0,"$3.25 ",,,,,,,
"THERES NO SUCH THINGS AS A DRAGON",,,"GOLDEN BOOKS PUBLISHING CO.,",,,2628,,,,,,,"JACK KENT",,"E2/2628",,0,,,,,,,,
"WHATS ALIVE!",,,"HYPER COLLINS PUBLISHERS",,,2629,,,,,,,"KATHLEEN W. ZOEHFELD",,"E2/2629",,0,60,,,,,,,
"CHARLIE THE CATERPILLAR",,,"SIMON AND SCHUSTER SPOTLIGHT",,,2630,,,,,,,"CHRISTOPHER SANTORO",,"E2/2630",,0,60,,,,,,,
"HILDILIDS NIGHT",,,"MACMILLAN , INC",,,2632,,,,,,,"CHELI DURAN RYAN",,"E2/2632",,0,,,,,,,,
"LOVE YOU FOREVER",,,"FIRE FLY BOOKS",,,2634,,,,,,,"ROBERT MUNSCH",,"E2/2634",,0,50,,,,,,,
"THE MAGIC SCHOOL BUS",,,"SCHOLASTIC",,,2635,,,,,,,"JOANNA COLE",,"E2/2635",,0,,,,,,,,
"100TH DAY WORRIES",,,"SCHOLASTIC",,,2636,,,,,,,"MARGERY CUYLER",,"E2/2636",,0,60,,,,,,,
"THE GRAND TOURNAMENT",,,"SCHOLASTIC",,,2637,,,,,,,"DANIEL LIPKOWITZ",,"E2/2637",,0,,,,,,,,
"THE PRINCIPAL FROM BLACK LAGOON",,,"SCHOLASTIC",,,2638,,,,,,,"MIKE THALEI",,"E2/2638",,0,,,,,,,,
"BUNNICULA",,,"SCHOLASTIC",,,2639,,,,,,,"JAMES HOWE",,"E2/2639",,0,,,,,,,,
"BEHOLD,NO CAVITIES!",,,"SCHOLASTIC",,,2641,,,,,,,"SARAH WILLSON",,"E2/2641",,0,40,,,,,,,
"MY GREAT-AUNT ARIZONA",,,"SCHOLASTIC",,,2642,,,,,,,"GLORIA HOUSTON",,"E2/2642",,0,,,,,,,,
"TELL ME SOMETHING HAPPY BEFORE I GO TO SLEEP",,,"SCHOLASTIC",,,2643,,,,,,,"JOYCEDUNDAR",,"E2/2643",,0,,,,,,,,
"SEPTEMBER TO JUNE",,,"SCHOLASTIC",,,2644,,,,,,,"JUDY MEAGHER",,"E2/2644",,0,,,,,,,,
"THE GOLDEN COMPASS",,,"SCHOLASTIC",,,2645,,,,,,,"KAY WOODWARD",,"E2/2645",,0,,,,,,,,
"THREE WISHES",,,"A PUFFIN BOOK",,,2646,,,,,,,"LUCILLE CLIFTON",,"E2/2646",,0,,,,,,,,
"NO MORE MONSTERS FOR ME",,,"HYPER COLLINS PUBLISHERS",,,2647,,,,,,,"PEGGY PARISH",,"E2/2647",,0,"$3.99 ",,,,,,,
"TOO MUCH EXCITEMENT",,,"HOUGHTON MIFFLIN COMPANY",,,2648,,,,,,,"SANDRA RABE",,"E2/2648",,0,,,,,,,,
"THE UNDERGROUND CITY",,,"MAC GRAW HILL COMPANIES",,,2649,,,,,,,"LAUREN RAY POLLARD",,"E2/2649",,0,,,,,,,,
"FUZZY RABBIT",,,"RANDOM HOUSE",,,2650,,,,,,,"ROSEMARY BILLAM",,"E2/2650",,0,"$2.25 ",,,,,,,
"THE GREAT CASTLE SEARCH",,,"USBORNE PUBLISHING",,,2651,,,,,,,"JANE BINGHAM",,"E2/2651",,0,3.99,,,,,,,
"PIED PIPER OF HAMELIN",,,"WEEKLY READER BOOKS",,,2652,,,,,,,,,"E2/2652",,0,,,,,,,,
"DINO MIGHT!",,,"KIDS CAN PRESS",,,2653,,,,,,,"MICHAEL BURGAN",,"E2/2653",,0,,,,,,,,
"MR. HACKER",,,"GRANDREAMS BOOKS LIMITED",,,2654,,,,,,,"JAMES STEVENSON",,"E2/2654",,0,,,,,,,,
"ANGELINA BALLERINA",,,"PLAY MORE INC.",,,2655,,,,,,,"KATHARINE HOLABIRD",,"E2/2655",,0,,,,,,,,
"FASHION MODEL",,,"PLAY MORE INC.",,,2656,,,,,,,"RENNIE BROWN",,"E2/2656",,0,,,,,,,,
"WOLF!",,,"SCHOLASTIC",,,2657,,,,,,,"BECKY BLOOM",,"E2/2657",,0,,,,,,,,
"THE BRAVE LITTLE BUNNY",,,"TROLL ASSOCIATES",,,2658,,,,,,,"LINDA JENNINGS",,"E2/2658",,0,4.95,,,,,,,
"PETAR PAN",,,"THE WALT DISNEY COMPANY",,,2659,,,,,,,"TODD STRASSER",,"E2/2659",,0,,,,,,,,
"NUMBERS 1-10",,,"A BANTAM BOOK",,,2660,,,,,,,,,"E2/2660",,0,,,,,,,,
"PARENTS GUIED",,,"THE WALT DISNEY COMPANY",,,2661,,,,,,,,,"E2/2661",,0,,,,,,,,
"A HOME FOR APHIE",,,"THE WALT DISNEY COMPANY",,,2662,,,,,,,,,"E2/2662",,0,,,,,,,,
"BEAUTY AND THE BEAST",,,"RANDOM HOUSE",,,2663,,,,,,,"ELLEN TITLEBAUM",,"E2/2663",,0,8.99,,,,,,,
"MICKEY MEETS THE GIANT",,,"A BANTAM BOOK",,,2664,,,,,,,,,"E2/2664",,0,,,,,,,,
"ONE HUNDRED AND ONE DALMATIANS",,,"THE WALT DISNEY COMPANY",,,2665,,,,,,,,,"E2/2665",,0,,,,,,,,
"PAUL BUNYAN",,,"THE WALT DISNEY COMPANY",,,2666,,,,,,,"B.MITCHELL",,"E2/2666",,0,,,,,,,,
"THE ADDAMS FAMILY",,,"GOLDEN BOOKS PUBLISHING CO.,",,,2667,,,,,,,"CONNIEKASH",,"E2/2667",,0,,,,,,,,
"DARKWING DUCK",,,"MAKE BELIVES IDEAS",,,2668,,,,,,,"SARA PARKE",,"E2/2668",,0,,,,,,,,
"LOVE YOU FOREEVER",,,"FIRE FLY BOOKS",,,2669,,,,,,,,,"E2/2669",,0,4.95,,,,,,,
"HENNY PENNY",,,"CHILDDREN S CHOICE BOOK CLUB",,,2670,,,,,,,"JOAN POWERS",,"E2/2670",,0,,,,,,,,
"SHARKS",,,"COLLINS",,,2671,,,,,,,"NIKI WALKER & BOBBIE KALMAN",,"E2/2671",,0,5.95,,,,,,,
"TELETUBBIES",,,"SCHOLASTIC",,,2672,,,,,,,"THOMPSON BROTHERS",,"E2/2672",,0,5.99,,,,,,,
"THROWING TANTRUMS ",,,"GROLIER BOOKS",,,2673,,,,,,,"JOY BERRY",,"E2/2673",,0,,,,,,,,
"THE SAILORS BOOK",,,"SCHOLASTIC",,,2674,,,,,,,"CHARLOTTE AGELL",,"E2/2674",,0,4.95,,,,,,,
"BEDTIME BUEEIES",,,"OCOPUS BOOKS LIMITED",,,2675,,,,,,,"LESLIE ECKARD",,"E2/2675",,0,,,,,,,,
"IN A PEOPLE HOUSE",,,"GROLIER BOOKS",,,2676,,,,,,,"THEO.LESIEG",,"E2/2676",,0,,,,,,,,
"A KIDS GUIDE TO MANAGING TIME",,,"WEEKLY READER BOOKS",,,2677,,,,,,,"JOY WILT",,"E2/2677",,0,,,,,,,,
"LITTLE GOLDEN BOOK LAND",,,"GOLDEN BOOKS PUBLISHING CO.,",,,2678,,,,,,,"CINDY WEST",,"E2/2678",,0,1.19,,,,,,,
"CINDERELLA ",,,"GOLDEN BOOKS PUBLISHING CO.,",,,2680,,,,,,,"RON DIAS AND BILL",,"E2/2680",,0,,,,,,,,
"TEACH ME ABOUT DANGER",,,"GROLIER BOOKS",,,2681,,,,,,,"JOY BERRY",,"E2/2681",,0,,,,,,,,
"FARM ANIMALS",,,"PLAY MORE INC.",,,2682,,,,,,,,,"E2/2682",,0,5.95,,,,,,,
"SANTA,S MOOSE",,,"HYPER COLLINS PUBLISHERS",,,2683,,,,,,,"SYD HOFF",,"E2/2683",,0,,,,,,,,
"COWGIRL ",,,"SCOTT FORESMAN",,,2684,,,,,,,"LILLY ERNESTO",,"E2/2684",,0,,,,,,,,
"LETS SEE GRANDMA!",,,"SCHOLASTIC",,,2685,,,,,,,"DONNA TAYLOR",,"E2/2685",,0,,,,,,,,
"SPIDERMAN",,,"DK PUBLISHING",,,2686,,,,,,,"CATHERINE SAUNDERS",,"E2/2686",,0,3.99,,,,,,,
"STAGE FRIGHT!",,,"SIMON AND SCHUSTER SPOTLIGHT",,,2688,,,,,,,"ANDREW CIEMENTS",,"E2/2688",,0,5.99,,,,,,,
"MY LITTLE PONY",,,"HYPER COLLINS PUBLISHERS",,,2689,,,,,,,"KATE EGAN",,"E2/2689",,0,3.5,,,,,,,
"CHARTS AND GRAPHS",,,"BOOK CLUB",,,2690,,,,,,,"TRACY EDMUNDS",,"E2/2690",,0,,,,,,,,
"READ ALONG AND MORE",,,"GENERAL PUBLISHING, LIMITED",,,2691,,,,,,,"JOANNE MASSAM",,"E2/2691",,0,,,,,,,,
"HOND HANDS AT THE BIG MALL",,,"GROSSET & DUNLAP",,,2692,,,,,,,"STAN &JAN ",,"E2/2692",,0,3.95,,,,,,,
"DINOSAUR ",,,"THE WALT DISNEY COMPANY",,,2693,,,,,,,"JULIE MICHAELS",,"E2/2693",,0,6.99,,,,,,,
"CALVIN AND HOBBES",,,"SCHOLASTIC",,,2694,,,,,,,"BILL WATTERSON",,"E2/2694",,0,,,,,,,,
"CLIFFORD & THYE BIG PARADE",,,"SCHOLASTIC",,,2695,,,,,,,"MANNY CAMPANA",,"E2/2695",,0,3.5,,,,,,,
"SPOTS WINDY DAY",,,"WEEKLY READER BOOKS",,,2696,,,,,,,"ERIC HILL",,"E2/2696",,0,,,,,,,,
"THE LITTLE MARMAID",,,"BRIGHT & EARLY BOOK",,,2697,,,,,,,,,"E2/2697",,0,,,,,,,,
"BABY SISTER",,,"GOLDEN BOOKS PUBLISHING CO.,",,,2698,,,,,,,"DOROTHEA. M. SACHS",,"E2/2698",,0,,,,,,,,
"SCOOBY-DOO!",,,"SCHOLASTIC",,,2699,,,,,,,"TRECEY WEST",,"E2/2699",,0,,,,,,,,
"SLEEPING BEAUTY",,,"RANDOM HOUSE",,,2700,,,,,,,"LISA FINDLAY",,"E2/2700",,0,,,,,,,,
"BEING MESSY",,,"GROLIER BOOKS",,,2701,,,,,,,"JOY BERRY",,"E2/2701",,0,,,,,,,,
"OUTDOOR ADVENTURES",,,"DUTTON CHILDREN S BOOK",,,2702,,,,,,,"SAMANTHA BERES",,"E2/2702",,0,7.99,,,,,,,
"THE GO- TO-SLEEP BOOK",,,"COLLINS",,,2703,,,,,,,"JULIET HARMER",,"E2/2703",,0,,,,,,,,
"TIGERS BEDTIME",,,"GOLDEN BOOKS PUBLISHING CO.,",,,2704,,,,,,,,,"E2/2704",,0,,,,,,,,
"CLIP CLOP",,,"MC. DONALD",,,2705,,,,,,,"NANCY HONG",,"E2/2705",,0,59,,,,,,,
"SUPER FOR CAL",,,"HOUGHTON MIFFLIN COMPANY",,,2706,,,,,,,"POLLY PETERSON ",,"E2/2706",,0,,,,,,,,
"SCOOBY-DOO!",,,"SCHOLASTIC",,,2707,,,,,,,"JESSE MCCANN",,"E2/2707",,0,,,,,,,,
"PUPPY MUDGE",,,"SCHOLASTIC",,,2708,,,,,,,"CYNTHIA RYLANT",,"E2/2708",,0,,,,,,,,
"HOT DOG ",,,"GOLDEN BOOKS PUBLISHING CO.,",,,2709,,,,,,,"MOLLY COXE",,"E2/2709",,0,,,,,,,,
"MONSTER MATH SCHOOL TIME ",,,"SCHOLASTIC",,,2710,,,,,,,"GRACE MCCARONE",,"E2/2710",,0,,,,,,,,
"SCHOOL",,,"SCHOLASTIC",,,2711,,,,,,,"GAY SU PINNELL",,"E2/2711",,0,,,,,,,,
"JUST LIKE ME",,,"RANDOM HOUSE",,,2712,,,,,,,"APPLE JORDAN",,"E2/2712",,0,3.99,,,,,,,
"CLEAN SWEEP!",,,"SCHOLASTIC",,,2713,,,,,,,"SONIA SANDER",,"E2/2713",,0,,,,,,,,
"WHAT CAN I BE?",,,"SCHOLASTIC",,,2714,,,,,,,"JO S. KITTINGAR",,"E2/2714",,0,,,,,,,,
"JUST YOU AND ME",,,"SCHOLASTIC",,,2715,,,,,,,"IVAN BATES",,"E2/2715",,0,,,,,,,,
"MY DAY ON SESAME STREET",,,"SESAME STREET",,,2716,,,,,,,,,"E2/2716",,0,,,,,,,,
"TEN FURRY MONSTERS",,,"PARENTS MAGAZINE PRESS",,,2717,,,,,,,"STEPHANIE CALMENSON",,"E2/2717",,0,,,,,,,,
"PEARL BAILEY",,,"TROLL ASSOCIATES",,,2718,,,,,,,"KEITH BRANDT",,"E2/2718",,0,,,,,,,,
"NEMO",,,"THE WALT DISNEY COMPANY",,,2719,,,,,,,,,"E2/2719",,0,,,,,,,,
"THE LITTLE GOLDEN BOOK OF JOKES &RIDDLES",,,"GOLDEN BOOKS PUBLISHING CO.,",,,2720,,,,,,,"E.D.EBSUN",,"E2/2720",,0,,,,,,,,
"THE COLOR KITTENS",,,"GOLDEN BOOKS PUBLISHING CO.,",,,2721,,,,,,,"MARGARET WISE BROWN",,"E2/2721",,0,89,,,,,,,
"PRAYERS FOR CHILDREN",,,"GOLDEN BOOKS PUBLISHING CO.,",,,2722,,,,,,,"ELOISE WILKIN",,"E2/2722",,0,,,,,,,,
"TREASURE PLANET",,,"RANDOM HOUSE",,,2723,,,,,,,"DENNIS SHEALY",,"E2/2723",,0,3.99,,,,,,,
"DEAR TOOTH FAIRY",,,"GROSSET & DUNLAP",,,2724,,,,,,,"JANE OCONNOR",,"E2/2724",,0,3.99,,,,,,,
"THE JUNGLE BOOK",,,"THE WALT DISNEY COMPANY",,,2725,,,,,,,,,"E2/2725",,0,,,,,,,,
"BARBIE",,,"GOLDEN BOOKS PUBLISHING CO.,",,,2726,,,,,,,"KRISTIN EARHART",,"E2/2726",,0,3.99,,,,,,,
"DRAWING FUN ",,,"PLAY MORE INC.",,,2727,,,,,,,"HEATHER BAZATA",,"E2/2727",,0,,,,,,,,
"THE HUNCHBACK OF NOTRE DAME",,,"GOLDEN BOOKS PUBLISHING CO.,",,,2728,,,,,,,"JUSTINE KORMAN",,"E2/2728",,0,,,,,,,,
"CAT & MOUSE IN A HAUNTED HOUSE",,,"SCHOLASTIC",,,2729,,,,,,,"GERONIMO STILTON",,"E2/2729",,0,5.99,,,,,,,
"EXPEDITION DOWN UNDER",,,"SCHOLASTIC",,,2730,,,,,,,"REBECCA CARMI",,"E2/2730",,0,3.99,,,,,,,
"POKEMON JUNIOR",,,"SCHOLASTIC",,,2731,,,,,,,"TRACEY WEST",,"E2/2731",,0,3.99,,,,,,,
"MARY KATE & ASHLEY",,,"DORLING KINDERSLEY",,,2732,,,,,,,"PAULINE PREISS",,"E2/2732",,0,4.25,,,,,,,
"THE MYSTERY OFR THE DISAPPEARING PAPERS",,,"CHILDDREN S CHOICE BOOK CLUB",,,2733,,,,,,,"ELSPETH CAMPBELL",,"E2/2733",,0,,,,,,,,
"BALTO AND THE GREAT RACE",,,"SCHOLASTIC",,,2734,,,,,,,"ELIZABETH CODY",,"E2/2734",,0,,,,,,,,
"POLAR BEARS PAST BEDTIME ",,,"SCHOLASTIC",,,2735,,,,,,,"MARY POPE OSBORNE",,"E2/2735",,0,3.99,,,,,,,
"TRIPLET TROUBLE",,,"SCHOLASTIC",,,2736,,,,,,,"DEBBIE DADEY",,"E2/2736",,0,3.5,,,,,,,
"BLUE RIBBON BLUES",,,"SCHOLASTIC",,,2737,,,,,,,"DEBBIE DADEY",,"E2/2737",,0,,,,,,,,
"WRITE ON!",,,"GROSSET & DUNLAP",,,2738,,,,,,,"NANCY KRULIK",,"E2/2738",,0,3.99,,,,,,,
"MAGIC OF PEGASUS",,,"SCHOLASTIC",,,2739,,,,,,,"KARI JAMES",,"E2/2739",,0,3.99,,,,,,,
"FELICITY TAKES A DARE",,,"AMEX COMPANY LIMITED",,,2740,,,,,,,"VALERIE TRIPP",,"E2/2740",,0,3.95,,,,,,,
"BUZZWORD ",,,"OCOPUS BOOKS LIMITED",,,2741,,,,,,,"RENA GHOST",,"E2/2741",,0,,,,,,,,
"REVENGE OF THE DRAGON LADY",,,"GROSSET & DUNLAP",,,2742,,,,,,,"KATE MCMULLAN",,"E2/2742",,0,4.99,,,,,,,
"THE LITTLE MERMAID ",,,"THE WALT DISNEY COMPANY",,,2743,,,,,,,,,"E2/2743",,0,,,,,,,,
"POKEMON JUNIOR",,,"SCHOLASTIC",,,2744,,,,,,,"S.E.HELLER",,"E2/2744",,0,3.99,,,,,,,
"THE ZACK FILES",,,"GROSSET & DUNLAP",,,2745,,,,,,,"DAN GREENBURG",,"E2/2745",,0,3.95,,,,,,,
"THE CAPTAIN UNDERPANTS",,,"SCHOLASTIC",,,2746,,,,,,,"DAV PILKEY",,"E2/2746",,0,3.99,,,,,,,
"PARADE DAY ",,,"SCHOLASTIC",,,2747,,,,,,,"KATHRYN CRISTALDI",,"E2/2747",,0,,,,,,,,
"MIGHTY MOVERS CARS",,,"PARENTS MAGAZINE PRESS",,,2748,,,,,,,,,"E2/2748",,0,,,,,,,,
"LITTLE RED RIDING HOOD",,,"GOLDEN BOOKS PUBLISHING CO.,",,,2749,,,,,,,"THEA FELDMAN",,"E2/2749",,0,,,,,,,,
"THE LITTLE MERMAID ",,,"THE WALT DISNEY COMPANY",,,2750,,,,,,,"JIM FANNING",,"E2/2750",,0,,,,,,,,
"KAT KONG",,,"SCHOLASTIC",,,2751,,,,,,,"DAV PILKEY",,"E2/2751",,0,,,,,,,,
"COOKIES WEEK",,,"SCHOLASTIC",,,2752,,,,,,,"CINDY WARD",,"E2/2752",,0,,,,,,,,
"FUN AT THE FAIR",,,"HYPER COLLINS PUBLISHERS",,,2753,,,,,,,"KATE EGAN",,"E2/2753",,0,"$3.99 ",,,,,,,
"TOO MANY TROLLS",,,"SCHOLASTIC",,,2754,,,,,,,"MITZY KAFKA",,"E2/2754",,0,,,,,,,,
"MY BUNNY",,,"SCHOLASTIC",,,2755,,,,,,,"JAMES YOUNG",,"E2/2755",,0,"$2.92 ",,,,,,,
"A COLOR OF HOS OWN",,,"SCHOLASTIC",,,2756,,,,,,,,,"E2/2756",,0,,,,,,,,
"FROGGYS FIRST KISS",,,"SCHOLASTIC",,,2757,,,,,,,"JONATHAN LONDON",,"E2/2757",,0,,,,,,,,
"RABBITS PARTY",,,"SCHOLASTIC",,,2758,,,,,,,"EVE BUNTING",,"E2/2758",,0,"Rs 60",,,,,,,
"JUMP, FROG, JUMP",,,"SCHOLASTIC",,,2759,,,,,,,"ROBERT KALAN",,"E2/2759",,0,,,,,,,,
"BROWN RABBITS SHAPE BOOK",,,"SCHOLASTIC",,,2760,,,,,,,"ALAN BAKER",,"E2/2760",,0,,,,,,,,
"ZINNIAS FLOWER GARDEN",,,"PUFFIN BOOKS",,,2761,,,,,,,"MONICA WELLINGTON",,"E2/2761",,0,"Rs 60",,,,,,,
"FIESTA",,,"SCHOLASTIC",,,2762,,,,,,,"GINGER FOGLESONG GUY",,"E2/2762",,0,"$2.95 ",,,,,,,
"I LOVE YOU ALL DAY LONG",,,"SCHOLASTIC",,,2763,,,,,,,"FRANCESCA RUSACKAS",,"E2/2763",,0,,,,,,,,
"GHOSTS",,,"TROLL ASSOCIATES",,,2764,,,,,,,"ERICA FROST",,"E2/2764",,0,,,,,,,,
"GAMES BOOK",,,"FREDERICK THOMAS INC.",,,2765,,,,,,,"MARY WEBER",,"E2/2765",,0,,,,,,,,
"PUZZLES AND MAZES",,,"SCHOLASTIC",,,2766,,,,,,,"DONNA LUGG PAPE",,"E2/2766",,0,,,,,,,,
"DOG SHOW ORIGAM",,,"CHILDDREN S CHOICE BOOK CLUB",,,2767,,,,,,,,,"E2/2767",,0,"Rs 40",,,,,,,
"TRICERATOPS HAD HORNS",,,"KIDS CAN PRESS",,,2768,,,,,,,"ROD THEODOROU",,"E2/2768",,0,"Rs 200",,,,,,,
"THE HARE AND THE TORTOISE",,,"TIME-LIFE BOOKS",,,2769,,,,,,,,,"E2/2769",,0,"Rs150",,,,,,,
"COLLECTIONS",,,"HARCOURT BRACE JOVANOVICH",,,2770,,,,,,,,,"E2/2770",,0,,,,,,,,
"I AM SKIPPYJON JONES",,,"SCHOLASTIC",,,2771,,,,,,,"JUDY SCHACHNER",,"E2/2771",,0,"Rs 10",,,,,,,
"FUNTOOS COLOURING BOOL",,,"MAKE BELIVES IDEAS",,,2772,,,,,,,,,"E2/2772",,0,"Rs 12",,,,,,,
"POKEMON DIAMONO & PEARL",,,"SCHOLASTIC",,,2773,,,,,,,,,"E2/2773",,0,"Rs 30",,,,,,,
"LE TITANIC",,,"HOUGHTON MIFFLIN COMPANY",,,2774,,,,,,,"JUDY DONNELLY GROSS",,"E2/2774",,0,,,,,,,,
"ILLUSTRATED FOOTBALL DICTIONARY",,,"HEALTHY KIDS",,,2775,,,,,,,"JOSEPH OLGIN",,"E2/2775",,0,"Rs 50",,,,,,,
"THE HOUSE ILL BUILD FOR THE WRENS",,,"SCHOLASTIC",,,2776,,,,,,,"SHIRLEY NEITZEL",,"E2/2776",,0,,,,,,,,
"PINOCCHIO",,,"CHILDDREN S CHOICE BOOK CLUB",,,2777,,,,,,,"CARLO COLLODI",,"E2/2777",,0,"Rs 30",,,,,,,
"LOST IN SPACE",,,"DELL PUBLISHING Co.Inc",,,2778,,,,,,,"WARRIOR SMITH",,"E2/2778",,0,"$7.95 ",,,,,,,
"EYES OF NATURE -LIZARDS",,,"KIDS CAN PRESS",,,2779,,,,,,,"ROBERT MATERO",,"E2/2779",,0,"Rs 60",,,,,,,
"THE CHICKENS ARE RESTLESS",,,"SCHOLASTIC",,,2780,,,,,,,"GARY LARSON",,"E2/2780",,0,,,,,,,,
"BEDTIME FOR FRANCES",,,"SCHOLASTIC",,,2781,,,,,,,"RUSSELL HOBAN",,"E2/2781",,0,,,,,,,,
"MERMAIDIA- A STORY BOOK",,,"RANDOM HOUSE",,,2782,,,,,,,,,"E2/2782",,0,"$3.99 ",,,,,,,
"ALADDIN - MONKEY BUSINESS",,,"GOLDEN BOOKS PUBLISHING CO.,",,,2783,,,,,,,"BARBARA BAZALDUA",,"E2/2783",,0,"Rs 40",,,,,,,
"PONGO TO THE RESCUE!",,,"GOLDEN BOOKS PUBLISHING CO.,",,,2784,,,,,,,"JUSTIN KORMAN",,"E2/2784",,0,,,,,,,,
"THE KIM POSSIBLE FILES",,,"THE WALT DISNEY COMPANY",,,2785,,,,,,,"RICH MINTZER",,"E2/2785",,0,"Rs 60",,,,,,,
"THE LITTLE MERMAID",,,"THE WALT DISNEY COMPANY",,,2786,,,,,,,"ROY DOTRICE",,"E2/2786",,0,,,,,,,,
"THE NEW BABY",,,"GOLDEN BOOKS PUBLISHING CO.,",,,2787,,,,,,,"MERCER MAYER",,"E2/2787",,0,"Rs 40",,,,,,,
"JACK LONDON",,,"TROLL ASSOCIATES",,,2788,,,,,,,"RAE BAINS",,"E2/2788",,0,"Rs 40",,,,,,,
"HENRY AND MUDGE IN PUDDLE TROUBLE",,,"PLAY MORE INC.",,,2789,,,,,,,"CYNTHIA RYLANT",,"E2/2789",,0,"$3.99 ",,,,,,,
"ALIEN LEGION ON THE EDGE",,,,,,2790,,,,,,,,,"E2/2790",,0,"$4.50 ",,,,,,,
"ATLANTICS",,,"SCHOLASTIC",,,2791,,,,,,,"CHRISTINA BALIT",,"E2/2791",,0,"Rs 40",,,,,,,
"TONKA-FIRE TRUCK TO THE RESCUE",,,"SCHOLASTIC",,,2792,,,,,,,"ANN MARTIN",,"E2/2792",,0,"$3.50 ",,,,,,,
"NIGHTY NIGHT",,,"STANDARD PUBLISHING COMPANY",,,2793,,,,,,,"SUSAN MAGSAMEN",,"E2/2793",,0,"Rs 90",,,,,,,
"ANIMAL TRACKS",,,"SCHOLASTIC",,,2794,,,,,,,"ARTHUR DORROS",,"E2/2794",,0,,,,,,,,
"STAR WARS",,,"GOLDEN BOOKS PUBLISHING CO.,",,,2795,,,,,,,,,"E2/2795",,0,"Rs 40",,,,,,,
"I CAN READ ABOUT INSECTS",,,"SCHOLASTIC",,,2796,,,,,,,,,"E2/2796",,0,,,,,,,,
"CHRISTMAS ELVES",,,"STANDARD PUBLISHING COMPANY",,,2797,,,,,,,,,"E2/2797",,0,,,,,,,,
"CON MI HERMANO----WITH MY BROTHER",,,"SCHOLASTIC",,,2798,,,,,,,"POR EILEEN ROE",,"E2/2798",,0,,,,,,,,
"THE IMM. CHA. OF THE MAHABHARATA",,,"NAVNEET",,,2799,,,,,,,"YOGESH JOSHI",,"E2/2799",,0,,,,,,,,
"JURASSIC PARK",,,"AMEX COMPANY LIMITED",,,2800,,,,,,,"JANE MASON",,"E2/2800",,0,"Rs 60",,,,,,,
"THE PARTY ",,,"SCHOLASTIC",,,2801,,,,,,,"BARBARA",,"E2/2801",,0,"7.99$",,,,,,,
"CHAMELEONS ARE COOL",,,"SCHOLASTIC",,,2802,,,,,,,"MARTIN JENKINS",,"E2/2802",,0,40,,,,,,,
"CONNIE, COME HOME",,,"GROLIER BOOKS",,,2803,,,,,,,"RUTH LERNER PERLE",,"E2/2803",,0,70,,,,,,,
"IF I RAN THE CIRCUS ",,,"RANDOM HOUSE",,,2804,,,,,,,"Dr. SEUSS",,"E2/2804",,0,100,,,,,,,
"ARRIVING BEFORE I START",,,"SCOTT FORESMAN",,,2806,,,,,,,,,"E2/2806",,0,,,,,,,,
"HANA UPSTAIRS AND HANA DOWNSTAIRS",,,"GENERAL PUBLISHING, LIMITED",,,2807,,,,,,,"TOMIE DE PAOLA",,"E2/2807",,0,,,,,,,,
"101 DALMATIANS",,,"THE WALT DISNEY COMPANY",,,2808,,,,,,,"ANTHONY AND AMANDE PERVEZ",,"E2/2808",,0,,,,,,,,
"HANS IN LUCK",,,"PARENTS MAGAZINE PRESS",,,2809,,,,,,,"PAUL GALDONE",,"E2/2809",,0,,,,,,,,
"CARE BEARS",,,"PLAY MORE INC.",,,2810,,,,,,,"EVELYN MASON",,"E2/2810",,0,"RS.150",,,,,,,
"TALES FROM UNDER THE SEA",,,"THE WALT DISNEY COMPANY",,,2811,,,,,,,"FRED MARVIN",,"E2/2811",,0,"RS.100",,,,,,,
"MURPHY , MOLLY , MAX AND ME",,,"HARCOURT BRACE JOVANOVICH",,,2812,,,,,,,"ALBERT CULLUM",,"E2/2812",,0,"RS.60",,,,,,,
"SALLY ANN THUNDER AND WHIRLWIND CROCKETT",,,"SCHOLASTIC",,,2813,,,,,,,"STEVEN KELLOGG",,"E2/2813",,0,,,,,,,,
"101 DALMATIONS",,,"GOLDEN BOOKS PUBLISHING CO.,",,,2814,,,,,,,"BILL LANGLEY AND RON DIAS",,"E2/2814",,0,"RS.100",,,,,,,
"THE SNOW GLOBE FAMILY",,,"PLAY MORE INC.",,,2815,,,,,,,"JANE O CONNOR",,"E2/2815",,0,,,,,,,,
"GRANDMA AND THE PIRATES",,,"SCHOLASTIC",,,2816,,,,,,,"PHOEBE GILMAN",,"E2/2816",,0,,,,,,,,
"THE BIG SNOW",,,"SCHOLASTIC",,,2817,,,,,,,"BERTA AND ELMAR HADER",,"E2/2817",,0,,,,,,,,
"ONE TINY TURTLE",,,"SCHOLASTIC",,,2818,,,,,,,"NICOLA DAVIES",,"E2/2818",,0,"3.99$",,,,,,,
"MY TOWN ",,,"SCHOLASTIC",,,2819,,,,,,,"WILLIAM WEGMAN",,"E2/2819",,0,"RS60",,,,,,,
"APPEARANCES",,,"HOUGHTON MIFFLIN COMPANY",,,2820,,,,,,,"MILDRED PITTS WALTER",,"E2/2820",,0,,,,,,,,
"SCOOBY DOO AND YOU",,,"SCHOLASTIC",,,2821,,,,,,,"JENNY MARKAS",,"E2/2821",,0,,,,,,,,
"SNOOPY S SEASONS",,,"SCHOLASTIC",,,2822,,,,,,,"TERRY FLANAGAN",,"E2/2822",,0,,,,,,,,
"THE TRUE STORY OF THE 3 LITTLE PIGS",,,"SCHOLASTIC",,,2823,,,,,,,"A. WOLF",,"E2/2823",,0,"RS60",,,,,,,
"WHEN IS SATURDAY",,,"SESAME STREET",,,2824,,,,,,,"DEBORAH KOVAS",,"E2/2824",,0,,,,,,,,
"STORY TIME WITH YOUR CHILDREN",,,"ADVANCE PUBLISHERS",,,2825,,,,,,,,,"E2/2825",,0,,,,,,,,
"SHOW AND TELL",,,"SESAME STREET",,,2826,,,,,,,"JIM HENSONS",,"E2/2826",,0,,,,,,,,
"THE REAL TOOTH FAIRY",,,"VOYAGER BOOKS",,,2827,,,,,,,"MARILYN KAYE",,"E2/2827",,0,"RS60",,,,,,,
"THE MOON JUMPERS",,,"HYPER COLLINS PUBLISHERS",,,2828,,,,,,,"JANICE MAY UDRY",,"E2/2828",,0,,,,,,,,
"MEET ME IN THE MAGIC KINGDOM",,,"THE WALT DISNEY COMPANY",,,2829,,,,,,,"KATHY JAKOBSEN",,"E2/2829",,0,,,,,,,,
"IF I LIVED ALONE ",,,"SESAME STREET",,,2830,,,,,,,,,"E2/2830",,0,"RS 80",,,,,,,
"THE KISSING HAND",,,"SCHOLASTIC",,,2831,,,,,,,"AUDREY PENN",,"E2/2831",,0,,,,,,,,
"THE CITY WORM AND THE COUNTRY WORM",,,"SESAME STREET",,,2832,,,,,,,"LINDA HAYWARD",,"E2/2832",,0,"RS.80",,,,,,,
"ALL ABOUT PETS",,,"WORLD INTERNATIONAL PUBLISHING LTD.",,,2834,,,,,,,"KATHLEEN KAIN",,"E2/2834",,0,,,,,,,,
"BENJY AND THE BARKING BIRD",,,"CHILDDREN S CHOICE BOOK CLUB",,,2835,,,,,,,"MARGARET BLOY GRAHAM",,"E2/2835",,0,"RS. 70",,,,,,,
"MR. MUMBLE",,,"OCOPUS BOOKS LIMITED",,,2837,,,,,,,"PETER CATALANOTTO",,"E2/2837",,0,"$99 ",,,,,,,
"THE SCARY NIGHT",,,"MAC GRAW HILL COMPANIES",,,2838,,,,,,,"JOSIE O DELL MAHONEY",,"E2/2838",,0,,,,,,,,
"OPPOSITES",,,"BOOK CLUB",,,2839,,,,,,,"NINA FILIPEK",,"E2/2839",,0,"$9.99 ",,,,,,,
"RAGGEDY ANN",,,"SIMON AND SCHUSTER SPOTLIGHT",,,2840,,,,,,,"JOHNNY GRUELLE",,"E2/2840",,0,,,,,,,,
"RAGGEDY ANN",,,"SIMON AND SCHUSTER SPOTLIGHT",,,2841,,,,,,,"JOHNNY GRUELLE",,"E2/2841",,0,,,,,,,,
"DID I EVER TELL YOU HOW LUCKY YOU ARE?",,,"RANDOM HOUSE",,,2842,,,,,,,"Dr. SEUSS",,"E2/2842",,0,"RS.150",,,,,,,
"RAGS NEWFRIENDAND OTHER TALES",,,"MODERN PUBLISHING",,,2843,,,,,,,,,"E2/2843",,0,,,,,,,,
"PIGS CANT FLY!",,,,,,2844,,,,,,,"BEN CORT",,"E2/2844",,0,,,,,,,,
"THE RIVER OF RUIN",,,"GOLDEN BOOKS PUBLISHING CO.,",,,2845,,,,,,,,,"E2/2845",,0,"RS.100",,,,,,,
"BEAVER GETS LOST",,,"READER DIGEST",,,2846,,,,,,,"DEBORAH KOVAS",,"E2/2846",,0,,,,,,,,
"ON MY WAY WITH SESAME STREET",,,"SESAME STREET",,,2847,,,,,,,,,"E2/2847",,0,,,,,,,,
"ALPHABET A-Z",,,"A BANTAM BOOK",,,2849,,,,,,,,,"E2/2849",,0,,,,,,,,
"MICKEY FINDS A KITTEN",,,"A BANTAM BOOK",,,2850,,,,,,,,,"E2/2850",,0,,,,,,,,
"PINOCCHIO",,,"THE WALT DISNEY COMPANY",,,2851,,,,,,,"BARBARA GAINES ",,"E2/2851",,0,"RS.20",,,,,,,
"FLIK THE INVENTOR",,,"THE WALT DISNEY COMPANY",,,2852,,,,,,,"VICTORIA SAXON",,"E2/2852",,0,"RS.100",,,,,,,
"ELLA FITZGERALD",,,"SCOTT FORESMAN",,,2853,,,,,,,"KANA RILEY",,"E2/2853",,0,"RS.30",,,,,,,
"CAT GUILT",,,,,,2854,,,,,,,"HENRI HALL SLOAN",,"E2/2854",,0,,,,,,,,
"RHYMES AND RIDDLES",,,"A BANTAM BOOK",,,2855,,,,,,,,,"E2/2855",,0,,,,,,,,
"MAISY THE PIRATE",,,"MC. DONALD",,,2856,,,,,,,"RICHARD WATSON",,"E2/2856",,0,"$5.95 ",,,,,,,
"THE JUST FOR FUN BOOK",,,"BRITANNICA DISCOVERY LIBRARY",,,2857,,,,,,,"GIANNI RODARI",,"E2/2857",,0,,,,,,,,
"HOW POOH GOT HIS HONEY",,,"A BANTAM BOOK",,,2858,,,,,,,"MARY CAREY",,"E2/2858",,0,,,,,,,,
"SCARED OF THE DARK",,,"GOLDEN BOOKS PUBLISHING CO.,",,,2859,,,,,,," LIZA ALEXANDER",,"E2/2859",,0,"$0.50 ",,,,,,,
"WHERE DO SHADOWS COME FROM?",,,"PLAY MORE INC.",,,2860,,,,,,,"ROSIE GREENWOOD",,"E2/2860",,0,"RS.100",,,,,,,
"AWFUL OGRE",,,"GRANDREAMS BOOKS LIMITED",,,2861,,,,,,," JACK PRELUTSKY",,"E2/2861",,0,"$17.99 ",,,,,,,
"CASE OF THE MISSING CHICK",,,"TROLL ASSOCIATES",,,2862,,,,,,," FOREST",,"E2/2862",,0,,,,,,,,
" THE BAREFOOT BALLERINA",,,"AMEX COMPANY LIMITED",,,2863,,,,,,,"DEE M. HEINZERLING",,"E2/2863",,0,"RS.70",,,,,,,
"THE COUNTRY MOUSE THE CITY MOUSE",,,"FIRE FLY BOOKS",,,2864,,,,,,,"KAREN JENNINGS",,"E2/2864",,0,,,,,,,,
"IRA SAYS GOODBYE",,,"HOUGHTON MIFFLIN COMPANY",,,2866,,,,,,,"BERNARD WABER",,"E2/2866",,0,"$5.95 ",,,,,,,
"FIX IT, PLEASE",,,"SESAME STREET",,,2867,,,,,,,"ELLEN WEISS",,"E2/2867",,0,,,,,,,,
"ANGELINA AND HENRY",,,"PLAY MORE INC.",,,2870,,,,,,,"KATHARINE HOLABIRD",,"E2/2870",,0,,,,,,,,
"THE TALE OF PETER RABBIT",,,"AMEX COMPANY LIMITED",,,2871,,,,,,,"BEATRIX POTTER",,"E2/2871",,0,,,,,,,,
"THE TALES OF BENJAMIN BUNNY",,,"AMEX COMPANY LIMITED",,,2872,,,,,,,"BEATRIX POTTER",,"E2/2872",,0,,,,,,,,
"THINGS I CAN DRAW",,,"DIAL BOOKS FOR YOUNG READERS",,,2873,,,,,,,"KAYE QUINN",,"E2/2873",,0,"RS. 100",,,,,,,
"ANIMALS AND YOU",,,"DELL PUBLISHING Co.Inc",,,2874,,,,,,,,,"E2/2874",,0,"$6.99 ",,,,,,,
"SEASAME STREET",,,"BOOK CLUB",,,2875,,,,,,,"JIM HENSONS",,"E2/2875",,0,"RS.60",,,,,,,
"BED TIME STORIES",,,"THE WALT DISNEY COMPANY",,,2876,,,,,,," CATHERINE HAPKA",,"E2/2876",,0,,,,,,,,
"LAURAS STAR",,,"LITTLE BROWN & COMPANY",,,2878,,,,,,,"KLAUS BAUMGART",,"E2/2878",,0,,,,,,,,
"ELMER",,,"SCOTT FORESMAN",,,2879,,,,,,,"DAVID MCKEE",,"E2/2879",,0,"RS.70",,,,,,,
"ZELDA AND IVY",,,"CANDLEWICK PRESS",,,2880,,,,,,,"LAURA MGEE",,"E2/2880",,0,,,,,,,,
"THE WORST DAY OF MY LIFE",,,"SCHOLASTIC",,,2881,,,,,,,"VARNETTE",,"E2/2881",,0,"RS. 30",,,,,,,
"ONE ELEPHANT WENT OUT TO PLAY",,,"ELECTRONIC EDUCATION",,,2883,,,,,,,"PATRICK",,"E2/2883",,0,,,,,,,,
"FOR THE LOVE OF BUBBLES",,,"SCHOLASTIC",,,2884,,,,,,,"STEVEN BANKS",,"E2/2884",,0,,,,,,,,
"MATRINA THE COCKROACH",,,"SCHOLASTIC",,,2885,,,,,,,"KAMA EINHORN",,"E2/2885",,0,,,,,,,,
"DINNER",,,"SCHOLASTIC",,,2886,,,,,,,"LINDA WARD BEECH",,"E2/2886",,0,,,,,,,,
"ALL BY MYSELF",,,"BIGINNER BOOKS",,,2887,,,,,,,,,"E2/2887",,0,,,,,,,,
"KIDS COMPUTER CREATION",,,"WONDERFUL WORLD READING",,,2888,,,,,,,"CAROL SABBETH",,"E2/2888",,0,"RS. 100",,,,,,,
"CHRISTMAS",,,"SCHOLASTIC",,,2889,,,,,,,"NORMAN",,"E2/2889",,0,,,,,,,,
"ANNIES FAIR WEATHER FRIEND",,,"SIMON AND SCHUSTER SPOTLIGHT",,,2891,,,,,,,"WILLIAM J. BENNETT",,"E2/2891",,0,"RS. 40",,,,,,,
"JUST ME AND MY DAD",,,"GOLDEN BOOKS PUBLISHING CO.,",,,2892,,,,,,,"MERCER MAYER",,"E2/2892",,0,,,,,,,,
"THE WIZZARD OF OZ",,,"SCHOLASTIC",,,2893,,,,,,,"GAIL HERMAN",,"E2/2893",,0,,,,,,,,
"BELIEVE IT OR NOT",,,"Award Publications",,,2894,,,,,,,"RIPLEYS",,"E2/2894",,0,"RS. 100",,,,,,,
"TOULOUSE THE MOOSE",,,"STANDARD PUBLISHING COMPANY",,,2896,,,,,,,"MONIQUE F. REA",,"E2/2896",,0,,,,,,,,
"SLEEPY SAM",,,"LITTLE BROWN & COMPANY",,,2897,,,,,,,"MICHAEL CATCHPOOL",,"E2/2897",,0,,,,,,,,
"FANTASIA ANTARCTICA",,,"ELECTRONIC EDUCATION",,,2899,,,,,,,"RELATOS PARA MINOS",,"E2/2899",,0,,,,,,,,
"TIGERS",,,"AMEX COMPANY LIMITED",,,2900,,,,,,,"SALLY MORGAN",,"E2/2900",,0,"$8.95 ",,,,,,,
"THE TALE OF TOM KITTEN",,,"READER DIGEST",,,2901,,,,,,,"JUDITH ADAMS",,"E2/2901",,0,,,,,,,,
"THE DOUBLIDAY BESTIME STORIES",,,"DORLING KINDERSLEY",,,2903,,,,,,,"FIONA WATERS",,"E2/2903",,0,120,,,,,,,
"JUST IMAGINE",,,"LITTLE BROWN & COMPANY",,,2904,,,,,,,"MARY SHRODE",,"E2/2904",,0,,,,,,,,
"ZORRO AND QUWI",,,"A YEARLING BOOK",,,2905,,,,,,,"REBECCA HICKOX",,"E2/2905",,0,60,,,,,,,
"I LOVE YOU THE PURPLEST",,,"SCHOLASTIC",,,2906,,,,,,,"BARBARA M. JOOSSE",,"E2/2906",,0,"$3.99 ",,,,,,,
"HAIL, HOLY QUEEN",,,"STANDARD PUBLISHING COMPANY",,,2907,,,,,,,"PIERA PALTRO",,"E2/2907",,0,60,,,,,,,
"THE BERENSTAIN BEARS AND THE TRUTH",,,"A FRIST TIME BOOK",,,2908,,,,,,,"STAN &JAN BERENSTAIN",,"E2/2908",,0,"$2.50 ",,,,,,,
"DIGGING UP DINOSAURS ",,,"RAINBOW BRIDGE",,,2909,,,,,,,"ALIKI",,"E2/2909",,0,40,,,,,,,
"THE JUNGLE BOOK",,,"CHILDDREN S CHOICE BOOK CLUB",,,2910,,,,,,,"RUDYARD KIPLING",,"E2/2910",,0,,,,,,,,
"THE IMMORTAL CHARACTERS OF THE MAHABHARATA",,,"NAVNEET",,,2911,,,,,,,"SHRIKRISHNA KUNTI",,"E2/2911",,0,,,,,,,,
"THE IMMORTAL CHARACTERS OF THE MAHABHARATA",,,"NAVNEET",,,2912,,,,,,,"ARJUNA ABHIMANYU GANDHARI",,"E2/2912",,0,,,,,,,,
"THE IMMORTAL CHARACTERS OF THE MAHABHARATA",,,"NAVNEET",,,2913,,,,,,,"DRAUPADI BHEEMA",,"E2/2913",,0,,,,,,,,
"THE IMMORTAL CHARACTERS OF THE MAHABHARATA",,,"NAVNEET",,,2914,,,,,,,"DORNA KARNA BHISHMA EKALAVYA",,"E2/2914",,0,,,,,,,,
"NEW! LEARNING COMMUNICATE ALI BABA AND THE FOURTY THIEVES",,,,,,2915,,,,,,,"S.K.RAM ,J.A.MASON",,"E2/2915",,0,,,,,,,,
"ALI BABA AND THE FOURTY THIEVES",,,,,,2916,,,,,,,"LEARNERS PRESS P.L",,"E2/2916",,0,,,,,,,,
"THE HOUND OF THE BASKERVILLES",,,"SRIJAN PUBLISHING",,,2921,,,,,,,"CONAN DOYLE",,"E2/2921",,0,,,,,,,,
"THREE MEN IN BOAT",,,"SRIJAN PUBLISHING",,,2924,,,,,,,"JEROME K JEROME",,"E2/2924",,0,,,,,,,,
"GULLIVERS TRAVELLS",,,"SRIJAN PUBLISHING",,,2925,,,,,,,"JONATHAN SWIFT",,"E2/2925",,0,,,,,,,,
"THREE MEN IN BOAT",,,"ARYA PUBLISHING COMPNY",,,2928,,,,,,,"JEROME K JEROME",,"E2/2928",,0,,,,,,,,
"THE CANTERVILLE GHOST",,,"SRIJAN PUBLISHING",,,2929,,,,,,,"OSCAR WILD",,"E2/2929",,0,,,,,,,,
"GULLIVERS TRAVELLS",,,"SRIJAN PUBLISHING",,,2931,,,,,,,"JONATHAN SWIFT",,"E2/2931",,0,,,,,,,,
"THREE MEN IN BOAT",,,"SRIJAN PUBLISHING",,,2932,,,,,,,"JEROME K JEROME",,"E2/2932",,0,,,,,,,,
"THE CANTERVILLE GHOST",,,"ORANGE EDUCATION",,,2935,,,,,,,"OSCAR WILD",,"E2/2935",,0,,,,,,,,
"THE HOUND OF THE BASKERVILLES",,,"SRIJAN PUBLISHING",,,2940,,,,,,,"BOOKER T. WASHINGTON",,"E2/2940",,0,,,,,,,,
"LORD OF THE LIFE",,,"SRIJAN PUBLISHING",,,2942,,,,,,,"WILLIAM GOLDING",,"E2/2942",,0,,,,,,,,
"THE CANTERVILLE GHOST",,,"ARYA PUBLISHING COMPNY",,,2943,,,,,,,"R.K.JAIN",,"E2/2943",,0,,,,,,,,
"THE CANTERVILLE GHOST",,,"SUBHAS-BENCHMARK BOOKS",,,2945,,,,,,,"OSCAR WILD",,"E2/2945",,0,,,,,,,,
"UP FROM SLAVERY",,,"SRIJAN PUBLISHING",,,2946,,,,,,,"T.WASHINGTON",,"E2/2946",,0,,,,,,,,
"THE HOUND OF THE BASKERVILLES",,,"ORANGE EDUCATION",,,2950,,,,,,,"CONAN DOYLE",,"E2/2950",,0,,,,,,,,
"UP FROM SLAVERY ( AUTO BIOGRAPHY)",,,"P P PUBLICATION",,,2951,,,,,,,"BOOKER T. WASHINGTON",,"E2/2951",,0,,,,,,,,
"GULLIVERS TRAVELLS",,,"ARYA PUBLISHING COMPNY",,,2952,,,,,,,"JONATHAN SWIFT",,"E2/2952",,0,,,,,,,,
"THE CANTERVILLE GHOST",,,"OSCAR WILD",,,2953,,,,,,,"RADHA NAIR",,"E2/2953",,0,,,,,,,,
"THE HOUND OF THE BASKERVILLES",,,"P P PUBLICATION",,,2960,,,,,,,"CONAN DOYLE",,"E2/2960",,0,,,,,,,,
"TAMING OUR MONKEY MIND",,,"HOLYFAITH INTERNATIONAL",,,2965,,,,,,,"PHYLIS KRYSTAL",,"E2/2965",,0,,,,,,,,
"THE JUNGLE BOOK ",,,"PUBLICATIONS SCHOLASTIC",,,2537,,,,,,,"THE JUNGLE BOOK ",,"E2/2966",,0,"125/-",,,,,,,
"MISS FORTUNE",,,"SCHOLASTIC",,,2539,,,,,,,"MISS FORTUNE",,"E2/2968",,0,"150/-",,,,,,,
"WHO WAS ROALD DAHL",,,"SCHOLASTIC",,,2540,,,,,,,"WHO WAS ROALD DAHL",,"E2/2969",,0,"150/-",,,,,,,
"STEVE JOBS?",,,"SCHOLASTIC",,,2541,,,,,,,"STEVE JOBS?",,"E2/2970",,0,"199/-",,,,,,,
"J.K.ROWLING",,,"SCHOLASTIC",,,2542,,,,,,,"J.K.ROWLING",,"E2/2971",,0,"150/-",,,,,,,
"FUNNY YOU SHOULD ASK",,,,,,2545,,,,,,,"MARG MEIKLE",,"E2/2977",,0,"195/-",,,,,,,
"100 LOGIC & MATHS BRAIN TEASERS",,,,,,2547,,,,,,,"BAL PHONDKE",,"E2/2980",,0,"110/-",,,,,,,
"THE 3 MISTAKES OF MY LIFE KAI PO CHE",,,,,,2548,,,,,,,"CHETAN BHAGAT",,"E2/2981",,0,"140/-",,,,,,,
"SCIENTISTS AND THE MIND BLOWING EXPERIMENTS",,,,,,2556,,,,,,,"DR. MIKE GOLD SMITH",,"E2/2990",,0,195,,,,,,,
"SCIENCE FICTION STORIES ",,,,,,2561,,,,,,,,,"E2/2995",,0,195,,,,,,,
"ABRAHAM LINCOLN",,,,,,2562,,,,,,,"GEORGE SULLIVAN",,"E2/2996",,0,190,,,,,,,
"SAINA NEHWAL",,,,,,2563,,,,,,,,,"E2/2997",,0,199,,,,,,,
"MIND MASTER CA BRAINY QUIZ BOOK",,,,,,2565,,,,,,,"BAL PHONDKE ",,"E2/3000",,0,125,,,,,,,
"PANCHTANTRA-1",,,"BEST PHOTO OFF SET",,,2566,,,,,,,"AMIR KHAN",,"E2/3002",,0,,,,,,,,
"TENALIRAMA",,,"JUNIOR DIAMOND",,,2567,,,,,,,"AMIR KHAN",,"E2/3003",,0,,,,,,,,
"PANCHTANTRA-2",,,,,,2568,,,,,,,"AMIR KHAN",,"E2/3004",,0,,,,,,,,
"BABY SITTERS LITTLE SISTER ",,,"SCHOLASTIC",,"A1",2569,,,,,,,"ANN M. MARTIN",,"E2/3005",,0,,,,,,,,
"NOAHS ARK",,,"A GOLDEN BOOK",,,2570,,,,,,,"MARY PACKAD",,"E2/3006",,0,,,,,,,,
"KAZAAM",,,"SCHOLASTIC",,,2571,,,,,,,"PAUL M. GLASER",,"E2/3007",,0,"$4.99 ",,,,,,,
"JUNIE B. JONES SMELLS SOMETHING FISHY",,,,,,2572,,,,,,,"BARBARA PARK",,"E2/3008",,0,,,,,,,,
"MY FIRST BOOK",,,,,"A2",2573,,,,,,,"JANE BELK MONCURE",,"E2/3009",,0,50,,,,,,,
"GEORES FARM",,,"PETER HADDOCK",,"A2",2574,,,,,,,,,"E2/3010",,0,,,,,,,,
"MAISYS FAVORITE TOYS ",,,,,,2575,,,,,,,,,"E2/3011",,0,40,,,,,,,
"MY BRAND NEW SNEAKERS",,,"PARADIGE PREGS",,,2576,,,,,,,,,"E2/3012",,0,40,,,,,,,
"WHY NOHA CHOSE THE DOVE",,,"SCHOLASTIC",,"A9",2577,,,,,,,"ELIZABETH SHUB ",,"E2/3013",,0,,,,,,,,
"THE VOICE ON THE RADIO",,,"SCHOLASTIC",,,2579,,,,,,,"CAROLINE B. COONEY",,"E2/3015",,0,"$4.99 ",,,,,,,
"A HOUSE-MOUSE PARTY",,,"LITTLE BROWN & COMPANY",,,2580,,,,,,,"ELLEN JARECKIE",,"E2/3016",,0,"$0.99 ",,,,,,,
"SPOT AND FRIENDS DREES-UP",,,,,,2581,,,,,,,"ERIC-HILL",,"E2/3017",,0,"$7.95 ",,,,,,,
"THIS MEANS STOP ",,,,,,2582,,,,,,,"MYKA -LYNNE SOKOFH",,"E2/3018",,0,,,,,,,,
"MY OWN FIVE SENSES",,,"BARRONS",,,2583,,,,,,,,,"E2/3019",,0,,,,,,,,
"I AM GREAT !",,,"ABBEYPRESS",,"A9",2584,,,,,,,"TOM -TOZER",,"E2/3020",,0,"$7.50 ",,,,,,,
"SOMETIME I WONDER IF POODLES LIKE NOODLES",,,"SCHOLASTIC",,"A9",2585,,,,,,,"LAURA NUME ROFF",,"E2/3021",,0,60,,,,,,,
"THE SONS OF RAMA",,,"AMAR CHITRA KATHA LTD.",,"A9",2587,,,,,,,"ANANT PAI",,"E2/3023",,0,25.6,,,,,,,
"WHY DO VOLCANOES ERUPT?",,,"DISNEP BOOKS",,"A9",2588,,,,,,,"JOHN FARNDON ",,"E2/3024",,0,100,,,,,,,
"GOOD NIGHT MOON",,,"HARPER COLING",,"A9",2589,,,,,,,"MARGARET WISE BROWN",,"E2/3025",,0,"$12.95 ",,,,,,,
"FRIEND OR FOES !",,,"STERLING",,"A9",2590,,,,,,,,,"E2/3026",,0,175,,,,,,,
"THE BOO-DEE-ROO",,,"SHORTLAND PUBLISHER LTD.",,"A9",2591,,,,,,,"RON BACON",,"E2/3027",,0,,,,,,,,
"TO THE RESCUE",,,"NICK JR. DORA",,"A9",2592,,,,,,,,,"E2/3028",,0,,,,,,,,
"WHY RED BIRD IS RED",,,,,"A9",2593,,,,,,,"FLORENCE MAY EVANS",,"E2/3029",,0,,,,,,,,
"SOCCER GAMES ",,,"WORKMAN PUBLISTING",,"A9",2595,,,,,,,"COBI JONES",,"E2/3031",,0,90,,,,,,,
"PADDINGTON AT LARGE",,,"DELL PUBLISHING",,"A9",2596,,,,,,,"MICHAEL BOND",,"E2/3032",,0,50,,,,,,,
"THE RAINY DAY PICNIC",,,"DISNEP",,"A9",2597,,,,,,,"RUTH LERNER PERLE",,"E2/3033",,0,,,,,,,,
"CHIMPANZEE-FAMILY",,,"MADISON MARKETING LTD.",,"A9",2598,,,,,,,"JANE GOODALL",,"E2/3034",,0,,,,,,,,
"FISH & SEA FOOD",,,"WHITECAP BOOKS",,"A9",2599,,,,,,,"JILLIAN STEWART",,"E2/3035",,0,,,,,,,,
"BALLOON FARM",,,"MULBERRY BOOKS",,"A9",2600,,,,,,,,,"E2/3036",,0,60,,,,,,,
"I CAN BLINK",,,"KIDS CAN PRESS",,"A9",2601,,,,,,,"FRANK ASCH",,"E2/3037",,0,,,,,,,,
"THE SECRET OF THE OOZE",,,"RANDOM HOUSE",,"A9",2602,,,,,,,"TODD W. LANGEN",,"E2/3038",,0,"$9.50 ",,,,,,,
"FIERCE ANIMALS",,,,,"A9",2603,,,,,,,,,"E2/3039",,0,20,,,,,,,
"READ FOR JOY!",,,"BABY TALK PUBLCATION",,"A9",2604,,,,,,,"CLAUDIA QUIGG",,"E2/3040",,0,,,,,,,,
"FIRST BOOK OF AMERICA",,,,,"A9",2605,,,,,,,"LOUISA SOMERVILLE",,"E2/3041",,0,"$7.95 ",,,,,,,
"SCAMP",,,"GOLDEN BOOKS PUBLISHING CO.,",,"A9",2606,,,,,,,"WALF DISNEYS",,"E2/3042",,0,20,,,,,,,
"ALL YOU NEED FOR A SNOWMAN",,,"SCHOLASTIC",,"A9",2607,,,,,,,,,"E2/3043",,0,,,,,,,,
"BRIGHT,SHINY SKYLAR",,,"AMERICAN GIRL",,"A9",2608,,,,,,,"VALERIE TRIPP",,"E2/3044",,0,"$3.99 ",,,,,,,
"WHY ?",,,,,"A9",2609,,,,,,,"KATHIE BILLINGSLEA SMITH",,"E2/3045",,0,,,,,,,,
"MUMMIESW IN THE MORNING",,,"MAGIC TREE HOUSE",,"A9",2610,,,,,,,"MARY POPE OSBORNE",,"E2/3046",,0,"$3.59 ",,,,,,,
"WHEELS",,,"SCHOLASTIC",,"A9",2612,,,,,,,"SUSAN CANIZARES",,"E2/3048",,0,20,,,,,,,
"OUT OF THIS WORLD ",,,"DISNEP PRESS",,"A9",2613,,,,,,,,,"E2/3049",,0,,,,,,,,
"PINOCCHIO",,,"WALY DISNEPS",,"A9",2614,,,,,,,,,"E2/3050",,0,50,,,,,,,
"CHILDRENS SRI SAI BABA",,,"DONATED",,"A9",2615,,,,,,,"VICKS METHA",,"E2/3051",,0,80,,,,,,,
"THE ZOO BOOK",,,"GOLDEN BOOKS PUBLISHING CO.,",,"A9",2616,,,,,,,"JAN PFLOOG",,"E2/3052",,0,40,,,,,,,
"IF YOU DECIDE TO GO TO THE MOON",,,"SCHOLASTIC",,"A9",2617,,,,,,,"FAITH MCNUITY",,"E2/3053",,0,150,,,,,,,
"MY LITTLE BOOK OF SNAKES",,,"AGOLDEN BOOK",,"A9",2618,,,,,,,"GINA INGOGLIA",,"E2/3054",,0,,,,,,,,
"WHY MOSQUITOES BUZZ IN PEOPLES EARS",,,,,"A9",2619,,,,,,,"VERNA AARDEMA",,"E2/3055",,0,,,,,,,,
"MUCKS SLEEPOVER",,,"SIMON AND SCHUSTER SPOTLIGHT",,"A9",2620,,,,,,,,,"E2/3056",,0,"$3.50 ",,,,,,,
"NARMIA",,,"C.S.LEWISE",,"A9",2621,,,,,,,"E.J.KIRK",,"E2/3057",,0,"$19.99 ",,,,,,,
"DIARY OF A WIMPY VAMPIRE",,,"SCHOLASTIC",,"A9",2622,,,,,,,"TIM COLLINS",,"E2/3058",,0,225,,,,,,,
"MARTIN LUTHOR KING JR.A MAN OF PEACE",,,"SCHOLASTIC",,"A9",2623,,,,,,,"GARNET JACKSON ",,"E2/3059",,0,"$3.99 ",,,,,,,
"CAN BIRDS GET LOST?",,,"BOYDS MILLS PRESS",,"A9",2625,,,,,,,"JACK MYERS",,"E2/3061",,0,,,,,,,,
"CIFFORD LEARNS TO READ",,,"SCHOLASTIC",,"A9",2626,,,,,,,,,"E2/3062",,0,,,,,,,,
"DREAMER BALLERINA ",,,,,"A9",2627,,,,,,,"SARAH RUBIN",,"E2/3063",,0,250,,,,,,,
"LETS LEARNS TO READ",,,"SCHOLASTIC",,"A9",2628,,,,,,,,,"E2/3064",,0,,,,,,,,
"PUDDLES",,,"CANDLEWICK PRESS",,"A9",2629,,,,,,,"PHYLLIS ROOT",,"E2/3065",,0,,,,,,,,
"THE BIG FISH ",,,"CANDLEWICK PRESS",,"A9",2630,,,,,,,"PHYLLIS ROOT",,"E2/3066",,0,,,,,,,,
"THE LITTLEST ANGEL",,,"INDEALS CHILDRENS BOOKS",,"A9",2631,,,,,,,"CHARLES TAZEWELL",,"E2/3067",,0,"$39.95 ",,,,,,,
"FUN WITH MAGIC",,,"WATERMILL PRESS",,"A9",2632,,,,,,,"DAN NEVINS",,"E2/3068",,0,,,,,,,,
"MAGIC HANDBOOK",,,"POCKET BOOKS",,"A9",2633,,,,,,,,,"E2/3069",,0,,,,,,,,
"THOMS AND THE MAGIC RALL ROAD",,,"RANDOM HOUSE",,"A9",2634,,,,,,,"BRITT ALL CROFL",,"E2/3070",,0,"$2.92 ",,,,,,,
"MOIRAS BIRTHDAY",,,"ANNICK PRESS LTD.",,"A9",2635,,,,,,,"ROBERT MUNSCH",,"E2/3071",,0,,,,,,,,
"POOH GOES FAST AND SLOW",,,"DISNEP",,"A9",2636,,,,,,,,,"E2/3072",,0,"$7.99 ",,,,,,,
"THOMS AND THE SCHOOL TRIP",,,"BEGINNER BOOKS",,"A9",2637,,,,,,,"REV. W. AWDRY",,"E2/3073",,0,70,,,,,,,
"THE ARISTOCATS",,,"DALMATION PRESS",,"A9",2638,,,,,,,,,"E2/3074",,0,40,,,,,,,
"A FRIENO FOR E.T.",,,"SIMON SPOTLIGHT",,"A9",2639,,,,,,,"GAIL HERMAN",,"E2/3075",,0,"$3.50 ",,,,,,,
"HORTON HATCHES THE EGG.",,,"RANDOM HOUSE",,"A9",2640,,,,,,,"DR.SEVSS",,"E2/3076",,0,100,,,,,,,
"BUSY WITCH ",,,"GROSSET $ DUNLOP",,"A9",2641,,,,,,,"BENTTINA PATESON",,"E2/3077",,0,100,,,,,,,
"EARTHPY TREASURE ",,,,,"A9",2643,,,,,,,"JENNIE MAIZELS",,"E2/3079",,0,"$19.99 ",,,,,,,
"GO TO THE DOCOTER",,,"RANDOM HOUSE",,"A9",2644,,,,,,,"JAN BERENSTAIN",,"E2/3080",,0,100,,,,,,,
"YEAR BOOK 2013",,,"SCHOLASTIC",,"A9",2645,,,,,,,"LUBAINA BANDUKWALA",,"E2/3081",,0,275,,,,,,,
"A SPECIAL DAY",,,"SCOTT FORESMAN",,"A9",2646,,,,,,,"SUSAN BLACKABY",,"E2/3082",,0,,,,,,,,
"QUARTER BACK POWER",,,"SCHOLASTIC",,"A9",2647,,,,,,,"TIM POLZER",,"E2/3083",,0,"$3.99 ",,,,,,,
"ALL STATS BASEBALL",,,,,"A9",2648,,,,,,,"B.ALLISON",,"E2/3084",,0,10,,,,,,,
"THE MINI TREASURE CHEST OF GREAT PAIRY TALES",,,"TO RMONT INTER NATIONAL LTD.",,"A9",2649,,,,,,,,,"E2/3085",,0,,,,,,,,
"THE MINI TREASURE CHEST OF GREAT PAIRY TALES",,,"TO RMONT INTER NATIONAL LTD.",,"A9",2650,,,,,,,,,"E2/3086",,0,,,,,,,,
"PUSS IN BOOTS",,,"A GIANT FAIRY STORY",,"A9",2651,,,,,,,"CHARLES PERRAULLT",,"E2/3087",,0,,,,,,,,
"THE ANT AND THE PIGEON ",,,"ANKUR PRAKASHAN",,"A9",2652,,,,,,,"SOMABHAI PATEL",,"E2/3088",,0,25,,,,,,,
"MONKEY AND CROCODILE",,,"ANKUR PRAKASHAN",,"A9",2653,,,,,,,,,"E2/3089",,0,25,,,,,,,
"THE GREEDY DOG",,,"ANKUR PRAKASHAN",,"A9",2654,,,,,,,,,"E2/3090",,0,25,,,,,,,
"WENDY HELPS OUT ",,,"SIMON SPOTLIGHT",,"A9",2655,,,,,,,"ALISON INCHES",,"E2/3091",,0,"$5.50 ",,,,,,,
"WAYNES WORLD",,,"cader books",,"A9",2656,,,,,,,"MIKE MYERS",,"E2/3092",,0,"$1.00 ",,,,,,,
"DELWARA JAIN TEMPLES",,,"SETH KALYANJI",,,2657,,,,,,,"SHRI JAYANT VIJAYJI",,"E2/3093",,0,,,,,,,,
"M.K.GANDHI",,,"GBD BOOKS",,,2658,,,,,,,"MAHADEV DESAI",,"E2/3094",,0,,,,,,,,
"SWEETEN YOUR HEART ",,,"RATNATRAYEE TRUST ",,,2659,,,,,,,,,"E2/3095",,0,,,,,,,,
"WORD SEARCH ",,,"GBD BOOKS",,,2660,,,,,,,"MAHADEV DESAI ",,"E2/3096",,0,,,,,,,,
"WINGS OF FIRE ",,,"UNIVERSITIES PRESS",,,2661,,,,,,,"APJ ABDUL KALAM ",,"E2/3097",,0,,,,,,,,
"THE SAINT THE SURFER AND THE CEO ",,,"HAY HOUSE ",,,2662,,,,,,,"ROBIN SHARONA ",,"E2/3098",,0,,,,,,,,
"HENRY AND MUDGE AND THE SNEAKY CRACKERS ",,,"S",,,2663,,,,,,,"CYNTHIA RYLANT",,"E2/3099",,0,80,,,,,,,
"BUNNICULAS FRIGHT FULLY FABULOUS FACTOIDS ",,,"LITTLE BROWN & COMPANY",,,2664,,,,,,,"BABS BELL HAJCLUSIE WICZ ",,"E2/3100",,0,"$2.99 ",,,,,,,
"FRIENDSHIP STORIES YOU CAN SHARE ",,,"SCHOLASTIC",,,2665,,,,,,,,,"E2/3101",,0,80,,,,,,,
"TIME FOR BED ",,,"GULIVER BOOKS ",,,2666,,,,,,,"MEM FOX ",,"E2/3102",,0,"$2.99 ",,,,,,,
"BINKY BROTHERS DETECTIVES ",,,"HARPER COLING",,,2667,,,,,,,"JAMES LEA WAENCE ",,"E2/3103",,0,"$3.50 ",,,,,,,
"BUTTERFLY MEADOW DAZZIES NEW FRIEND ",,,"SCHOLASTIC",,,2668,,,,,,,"OLIVIA MASS ",,"E2/3104",,0,80,,,,,,,
